flux,flux_err,quality,timecorr,centroid_col,centroid_row,cadenceno,sap_flux,sap_flux_err,sap_bkg,sap_bkg_err,pdcsap_flux,pdcsap_flux_err,sap_quality,psf_centr1,psf_centr1_err,psf_centr2,psf_centr2_err,mom_centr1,mom_centr1_err,mom_centr2,mom_centr2_err,pos_corr1,pos_corr2
0.99961865,0.00012320552,0,0.001662094,645.8677243870223,888.8661392598392,1105,62153.668,7.584483,1740.9232,0.53433484,67910.984,8.3702,0,,,,,645.8677243870223,0.00013168671,888.8661392598392,0.00016520364,0.037573095,-0.0521501
0.99967295,0.00012324614,8320,0.0016630685,645.8672890287606,888.8665709032584,1106,62152.855,7.5846887,1739.0151,0.53409827,67914.67,8.372959,8320,,,,,645.8672890287606,0.0001316911,888.8665709032584,0.00016518703,0.037288707,-0.051763125
0.99984807,0.00012320334,128,0.001664043,645.8675936485665,888.8663423928722,1107,62162.742,7.585404,1740.0961,0.5342934,67926.57,8.370051,128,,,,,645.8675936485665,0.00013168322,888.8663423928722,0.00016521406,0.037156228,-0.05158234
0.99980736,0.00012322623,0,0.0016650175,645.867254201065,888.8666171984946,1108,62165.53,7.584904,1738.0745,0.5347078,67923.805,8.371607,0,,,,,645.867254201065,0.00013166701,888.8666171984946,0.00016517458,0.037179966,-0.051777095
0.9996226,0.00012321533,0,0.0016659917,645.8668435019649,888.8660180556202,1109,62145.164,7.584167,1741.0106,0.53417706,67911.25,8.370867,0,,,,,645.8668435019649,0.00013170282,888.8660180556202,0.00016521772,0.0367424,-0.051820062
0.9997894,0.00012319343,0,0.0016669659,645.8670983443233,888.8660080225613,1110,62158.113,7.584647,1742.351,0.5345627,67922.586,8.369378,0,,,,,645.8670983443233,0.00013167674,888.8660080225613,0.00016519763,0.03698654,-0.051863316
0.9997097,0.00012322726,0,0.0016679399,645.8672944282264,888.8663071417748,1111,62153.57,7.5844035,1739.8202,0.53441095,67917.17,8.371677,0,,,,,645.8672944282264,0.00013168894,888.8663071417748,0.00016521802,0.037037622,-0.05185687
0.99960554,0.0001231887,0,0.0016689139,645.8672464130578,888.8660490104719,1112,62143.35,7.583888,1737.7815,0.53451616,67910.09,8.369058,0,,,,,645.8672464130578,0.00013168725,888.8660490104719,0.00016520964,0.03700514,-0.051794056
1.0000572,0.00012326511,0,0.0016698877,645.8670900995775,888.8664456510069,1113,62171.684,7.585135,1738.7175,0.53431374,67940.78,8.3742485,0,,,,,645.8670900995775,0.00013165179,888.8664456510069,0.00016516281,0.036828045,-0.05170251
0.9998546,0.00012323864,0,0.0016708614,645.8669553562744,888.8661299302971,1114,62157.38,7.584458,1737.432,0.5344637,67927.016,8.37245,0,,,,,645.8669553562744,0.00013166587,888.8661299302971,0.00016517377,0.036907587,-0.05188147
0.99987715,0.00012324739,0,0.0016718351,645.8670158085413,888.8661689586208,1115,62162.19,7.584825,1739.3112,0.534289,67928.55,8.373044,0,,,,,645.8670158085413,0.00013167801,888.8661689586208,0.00016523594,0.03686359,-0.051889565
0.9998635,0.0001232349,0,0.0016728085,645.8669354938279,888.8662407446935,1116,62153.746,7.584415,1737.948,0.5344032,67927.62,8.372196,0,,,,,645.8669354938279,0.00013170105,888.8662407446935,0.00016523867,0.036381353,-0.051370785
0.99973035,0.00012320711,0,0.001673782,645.866357903942,888.8662645822641,1117,62148.8,7.5842624,1739.2886,0.5347209,67918.57,8.370308,0,,,,,645.866357903942,0.00013169562,888.8662645822641,0.00016520993,0.03625407,-0.05157404
1.0000266,0.0001232358,0,0.0016747552,645.8669088026725,888.8667511863022,1118,62168.582,7.585117,1739.2732,0.5346593,67938.695,8.372257,0,,,,,645.8669088026725,0.00013166452,888.8667511863022,0.00016519843,0.03649062,-0.05144983
0.99971056,0.00012326358,0,0.0016757285,645.8663479973002,888.8669277317313,1119,62143.434,7.5840993,1737.67,0.53466654,67917.23,8.374145,0,,,,,645.8663479973002,0.00013171694,888.8669277317313,0.00016526344,0.03607803,-0.050934125
0.99956095,0.00012317393,0,0.0016767016,645.8662267034846,888.8665378983761,1120,62137.883,7.5837746,1737.9023,0.53459924,67907.06,8.368053,0,,,,,645.8662267034846,0.00013170257,888.8665378983761,0.00016522712,0.036050014,-0.051173054
0.99973035,0.00012318214,0,0.0016776746,645.8660745635301,888.8667162321896,1121,62146.613,7.584123,1737.6628,0.5346994,67918.57,8.368611,0,,,,,645.8660745635301,0.00013171599,888.8667162321896,0.0001652422,0.0358791,-0.051483203
0.99982923,0.00012319403,0,0.0016786475,645.8663018754743,888.8664380211098,1122,62153.89,7.584555,1738.7855,0.5343265,67925.29,8.369419,0,,,,,645.8663018754743,0.00013170333,888.8664380211098,0.00016524628,0.0358062,-0.05123817
1.0000211,0.00012319046,8192,0.0016796202,645.8663543469982,888.8662050744892,1123,62163.695,7.584801,1739.8336,0.5344459,67938.32,8.369177,8192,,,,,645.8663543469982,0.00013167779,888.8662050744892,0.00016520613,0.03571397,-0.05137812
0.9997867,0.00012320917,0,0.0016805929,645.8660985184455,888.8665432045124,1124,62147.8,7.5842357,1738.6871,0.53434044,67922.4,8.370448,0,,,,,645.8660985184455,0.00013170937,888.8665432045124,0.00016522668,0.035589702,-0.051384386
0.9997968,0.00012320463,0,0.0016815655,645.8668304363497,888.8662825025949,1125,62154.58,7.584424,1736.8447,0.5347071,67923.086,8.37014,0,,,,,645.8668304363497,0.00013168814,888.8662825025949,0.00016523132,0.036318768,-0.05146032
0.99950564,0.00012316607,0,0.001682538,645.8661574888212,888.8666776241248,1126,62128.84,7.5834355,1738.0502,0.5345768,67903.305,8.36752,0,,,,,645.8661574888212,0.00013173299,888.8666776241248,0.00016527601,0.03555095,-0.05124337
0.99968195,0.00012324352,0,0.0016835103,645.8665179957258,888.8665530236142,1127,62142.16,7.58401,1739.0367,0.534426,67915.28,8.372782,0,,,,,645.8665179957258,0.00013172744,888.8665530236142,0.00016534427,0.03603084,-0.051283278
0.9995861,0.0001232213,0,0.0016844826,645.8666769219952,888.8666356603576,1128,62139.37,7.58388,1736.7473,0.5349101,67908.77,8.371272,0,,,,,645.8666769219952,0.00013171972,888.8666356603576,0.00016525025,0.03614929,-0.051231388
0.999825,0.00012324678,0,0.0016854547,645.8661278163414,888.8670924678919,1129,62150.56,7.5843983,1738.3857,0.5344798,67925.0,8.373003,0,,,,,645.8661278163414,0.0001317039,888.8670924678919,0.00016523644,0.035696927,-0.05114438
0.99965924,0.00012323388,0,0.0016864267,645.8665013391308,888.8665372441769,1130,62140.805,7.583834,1738.112,0.53433365,67913.74,8.372127,0,,,,,645.8665013391308,0.00013171807,888.8665372441769,0.00016531187,0.036025185,-0.05116973
0.9997732,0.00012317445,0,0.0016873986,645.8659430649737,888.8662551142394,1131,62144.406,7.5840354,1737.3357,0.5347388,67921.484,8.36809,0,,,,,645.8659430649737,0.00013171995,888.8662551142394,0.00016525012,0.03563207,-0.051356856
0.99983704,0.00012324647,0,0.0016883705,645.8667898621443,888.8660651517321,1132,62155.336,7.584417,1737.5491,0.53462386,67925.82,8.372982,0,,,,,645.8667898621443,0.00013167954,888.8660651517321,0.0001652496,0.036273774,-0.05152616
0.99980533,0.00012321066,0,0.0016893422,645.8660522314274,888.866705409468,1133,62146.324,7.5841465,1738.186,0.53419524,67923.664,8.370549,0,,,,,645.8660522314274,0.00013170074,888.866705409468,0.00016522079,0.03580543,-0.051399767
0.99956095,0.00012321446,0,0.0016903138,645.8659160957744,888.8666979227662,1134,62133.44,7.5836906,1737.38,0.53398234,67907.06,8.370807,0,,,,,645.8659160957744,0.00013175048,888.8666979227662,0.00016527293,0.035602525,-0.05114373
0.9998917,0.00012319276,0,0.0016912853,645.8666219716779,888.8660334435126,1135,62156.32,7.584536,1737.7207,0.5344824,67929.53,8.369333,0,,,,,645.8666219716779,0.0001316943,888.8660334435126,0.00016526031,0.035917595,-0.051634677
0.9997023,0.00012321338,0,0.0016922567,645.8661752629268,888.8664659002627,1136,62140.445,7.583835,1737.5118,0.53464115,67916.664,8.370734,0,,,,,645.8661752629268,0.0001317167,888.8664659002627,0.00016525242,0.0356957,-0.051244993
0.999865,0.00012313307,0,0.0016932279,645.8658352762915,888.8664749250989,1137,62153.383,7.5844264,1737.7822,0.53480697,67927.72,8.365278,0,,,,,645.8658352762915,0.000131688,888.8664749250989,0.00016521235,0.035574604,-0.05126619
0.9996367,0.0001232267,0,0.001694199,645.8655594080019,888.8670917569111,1138,62134.777,7.5836596,1737.4972,0.53459275,67912.21,8.371638,0,,,,,645.8655594080019,0.00013173025,888.8670917569111,0.00016527624,0.03524724,-0.050603535
0.9999036,0.00012317619,0,0.0016951702,645.8661281457643,888.8664900494654,1139,62158.535,7.5846734,1737.2217,0.53428346,67930.34,8.368207,0,,,,,645.8661281457643,0.0001316875,888.8664900494654,0.00016522918,0.035594266,-0.051239245
0.99943167,0.00012314443,0,0.0016961411,645.8656026646045,888.8664335934064,1140,62122.848,7.5833216,1737.9276,0.5343894,67898.28,8.36605,0,,,,,645.8656026646045,0.00013176526,888.8664335934064,0.00016529532,0.035317257,-0.051124483
0.9996541,0.00012317684,0,0.001697112,645.8657288799038,888.866591387807,1141,62136.25,7.583598,1735.6049,0.53469276,67913.39,8.368252,0,,,,,645.8657288799038,0.00013172845,888.866591387807,0.00016527966,0.035152927,-0.050828304
0.9996181,0.00012318249,0,0.0016980827,645.8662431371027,888.8660323710998,1142,62139.133,7.583909,1737.3027,0.53427607,67910.945,8.368635,0,,,,,645.8662431371027,0.00013171804,888.8660323710998,0.00016523506,0.035815768,-0.051571466
0.999704,0.00012323895,0,0.0016990533,645.8659698903612,888.8666595160346,1143,62140.508,7.5840497,1737.2258,0.534678,67916.78,8.372471,0,,,,,645.8659698903612,0.00013170885,888.8666595160346,0.00016526022,0.035471227,-0.050873343
0.99980223,0.00012325481,0,0.0017000239,645.8661310565168,888.8665403677435,1144,62149.508,7.5842276,1736.1927,0.5344773,67923.45,8.3735485,0,,,,,645.8661310565168,0.00013169338,888.8665403677435,0.000165227,0.03573368,-0.05136893
0.9999208,0.00012325925,8192,0.0017009942,645.8664552249206,888.8670735755178,1145,62152.04,7.584326,1735.6388,0.5344992,67931.51,8.37385,8192,,,,,645.8664552249206,0.00013169303,888.8670735755178,0.00016523094,0.035996255,-0.050795883
0.9996741,0.00012326377,0,0.0017019645,645.8665888017335,888.8665677253615,1146,62141.496,7.5839777,1735.6848,0.53481114,67914.75,8.374158,0,,,,,645.8665888017335,0.00013170844,888.8665677253615,0.00016525367,0.036279395,-0.05112595
0.9998698,0.00012319963,0,0.0017029347,645.8663919586336,888.8661377751306,1147,62151.64,7.5841837,1734.7761,0.5343348,67928.05,8.3698,0,,,,,645.8663919586336,0.00013169492,888.8661377751306,0.0001652439,0.035748906,-0.05130216
0.99972594,0.00012311304,0,0.0017039048,645.8660566425884,888.8667037072577,1148,62137.945,7.583797,1736.3273,0.53500646,67918.27,8.363917,0,,,,,645.8660566425884,0.00013173663,888.8667037072577,0.00016531708,0.035375774,-0.050960526
0.9998536,0.00012321582,0,0.0017048748,645.866069187164,888.8666189009047,1149,62155.0,7.5846915,1742.7084,0.53443885,67926.945,8.3709,0,,,,,645.866069187164,0.00013173049,888.8666189009047,0.0001652579,0.03562988,-0.05123382
0.9997561,0.00012316252,128,0.0017058447,645.8657924274657,888.8664398044176,1150,62143.01,7.584564,1735.5001,0.53433704,67920.32,8.367279,128,,,,,645.8657924274657,0.000131716,888.8664398044176,0.00016525337,0.035181284,-0.051097542
0.9993705,0.00012313975,0,0.0017068144,645.865885602326,888.8662065478063,1151,62119.555,7.5830746,1736.1678,0.53424954,67894.125,8.365731,0,,,,,645.865885602326,0.00013176282,888.8662065478063,0.00016527106,0.035382546,-0.05124268
0.99959165,0.00012315769,0,0.0017077841,645.8660933868287,888.8665511406227,1152,62132.91,7.583732,1737.984,0.5341576,67909.15,8.366951,0,,,,,645.8660933868287,0.00013173607,888.8665511406227,0.00016526582,0.035210453,-0.050946746
1.0001056,0.00012320008,128,0.0017087536,645.8660167197936,888.866083237501,1153,62166.273,7.585335,1738.4375,0.5346185,67944.06,8.36983,128,,,,,645.8660167197936,0.00013167904,888.866083237501,0.00016517875,0.03521559,-0.05094808
0.9996986,0.00012314477,0,0.001709723,645.8658283057575,888.8664872423745,1154,62141.05,7.583828,1735.7893,0.53449744,67916.414,8.366073,0,,,,,645.8658283057575,0.00013172315,888.8664872423745,0.00016524602,0.035182256,-0.05117611
0.99970007,0.00012318107,0,0.0017106923,645.8655590617205,888.8668185519665,1155,62134.36,7.5835967,1735.4878,0.5343103,67916.516,8.368539,0,,,,,645.8655590617205,0.00013174128,888.8668185519665,0.00016532866,0.034918565,-0.050372384
0.9996089,0.00012321328,0,0.0017116616,645.8659526508395,888.8665869875028,1156,62136.035,7.583634,1735.3969,0.53425676,67910.32,8.370727,0,,,,,645.8659526508395,0.00013172768,888.8665869875028,0.00016527323,0.035329778,-0.0510448
0.9996642,0.00012314746,0,0.0017126306,645.8659966839099,888.8667910364765,1157,62136.93,7.5836825,1735.7073,0.5342804,67914.08,8.366256,0,,,,,645.8659966839099,0.00013172248,888.8667910364765,0.00016527191,0.03523348,-0.050607104
0.9997107,0.00012322946,0,0.0017135997,645.8656339172118,888.8670614163074,1158,62137.7,7.583805,1736.4613,0.534576,67917.234,8.371826,0,,,,,645.8656339172118,0.00013171599,888.8670614163074,0.0001652765,0.03498218,-0.05038762
0.9996786,0.0001232314,0,0.0017145685,645.8659345823413,888.8668744860628,1159,62137.555,7.5837517,1735.4802,0.53424346,67915.055,8.371958,0,,,,,645.8659345823413,0.0001317257,888.8668744860628,0.00016526257,0.035467956,-0.05084891
0.99988765,0.00012325525,0,0.0017155373,645.8664596002733,888.8668939836012,1160,62148.082,7.584153,1734.387,0.53419924,67929.26,8.373578,0,,,,,645.8664596002733,0.00013170026,888.8668939836012,0.000165264,0.035743155,-0.050820693
0.99972147,0.00012323975,0,0.001716506,645.8659969697187,888.8663580283661,1161,62142.523,7.584057,1734.8945,0.5345955,67917.97,8.372525,0,,,,,645.8659969697187,0.00013171005,888.8663580283661,0.00016524487,0.03549673,-0.051180776
0.9997055,0.00012317576,0,0.0017174745,645.865558370654,888.8670870970587,1162,62134.16,7.583735,1735.913,0.5343452,67916.88,8.368178,0,,,,,645.865558370654,0.00013173987,888.8670870970587,0.00016528694,0.034953643,-0.050521266
0.9995905,0.00012320625,0,0.0017184429,645.8656469847722,888.8671040043109,1163,62128.004,7.5833116,1733.6465,0.534931,67909.07,8.37025,0,,,,,645.8656469847722,0.00013175054,888.8671040043109,0.00016530215,0.034975335,-0.050295036
0.99954736,0.00012321571,0,0.0017194112,645.8659462946816,888.8670572212731,1164,62131.535,7.5835443,1734.7571,0.5340721,67906.14,8.370893,0,,,,,645.8659462946816,0.00013173239,888.8670572212731,0.00016529614,0.035185732,-0.050583456
0.9998221,0.00012326354,0,0.0017203795,645.8655463003205,888.8671730184014,1165,62142.562,7.5839863,1734.1849,0.53439236,67924.805,8.374142,0,,,,,645.8655463003205,0.00013170006,888.8671730184014,0.00016526287,0.034793127,-0.049993135
0.9999041,0.00012324941,0,0.0017213476,645.8656238671415,888.8673167068496,1166,62150.664,7.5842752,1730.8942,0.5351584,67930.375,8.373181,0,,,,,645.8656238671415,0.0001316956,888.8673167068496,0.00016526923,0.034949664,-0.050196335
0.99967766,0.00012321418,0,0.0017223156,645.8651620217169,888.8674750153699,1167,62131.074,7.5834656,1736.3811,0.53435326,67914.99,8.370789,0,,,,,645.8651620217169,0.00013173827,888.8674750153699,0.00016530945,0.03453786,-0.049514733
0.9998291,0.00012318492,0,0.0017232834,645.8648423882122,888.8674453217992,1168,62147.957,7.5841646,1733.9252,0.5346969,67925.28,8.3688,0,,,,,645.8648423882122,0.0001317028,888.8674453217992,0.00016527153,0.03438274,-0.049962
0.99968356,0.00012321674,8192,0.0017242512,645.8648501715029,888.8675356761004,1169,62134.336,7.5836105,1734.2875,0.53424215,67915.39,8.370962,8192,,,,,645.8648501715029,0.00013175467,888.8675356761004,0.00016530867,0.03429802,-0.04969658
0.9997569,0.00012322917,0,0.0017252188,645.8646627052946,888.8676490694829,1170,62135.645,7.5841894,1745.2885,0.5341402,67920.375,8.371806,0,,,,,645.8646627052946,0.00013176959,888.8676490694829,0.00016535074,0.034021717,-0.049293004
0.9996988,0.0001231461,0,0.0017261864,645.8650996893828,888.8673123234629,1171,62139.77,7.583865,1736.0846,0.53438807,67916.43,8.366163,0,,,,,645.8650996893828,0.00013173393,888.8673123234629,0.0001652924,0.034262173,-0.049867768
0.9996602,0.0001231936,0,0.0017271538,645.8644491083799,888.8679358750915,1172,62130.293,7.583694,1734.6128,0.5346273,67913.805,8.3693905,0,,,,,645.8644491083799,0.0001317516,888.8679358750915,0.00016537934,0.03377625,-0.04915202
0.99999136,0.0001232389,0,0.0017281212,645.8649720501518,888.867694559664,1173,62155.35,7.584463,1731.9336,0.53447986,67936.305,8.372468,0,,,,,645.8649720501518,0.00013170461,888.867694559664,0.00016526814,0.034234334,-0.0493606
0.99972415,0.00012329435,0,0.0017290884,645.8648663852271,888.8681526707594,1174,62130.703,7.583523,1735.6589,0.534522,67918.15,8.376235,0,,,,,645.8648663852271,0.00013174766,888.8681526707594,0.00016535715,0.034032803,-0.04877472
0.99971116,0.00012322264,0,0.0017300554,645.8651900890989,888.8678324863583,1175,62138.51,7.5838943,1735.0077,0.53448087,67917.266,8.371363,0,,,,,645.8651900890989,0.00013174224,888.8678324863583,0.00016533295,0.034425687,-0.04939926
0.99976826,0.00012320765,0,0.0017310225,645.8654935621847,888.867913573289,1176,62138.223,7.5839624,1735.5599,0.53445095,67921.15,8.370344,0,,,,,645.8654935621847,0.00013174527,888.867913573289,0.00016529574,0.03438756,-0.04940405
0.99989694,0.00012326456,0,0.0017319893,645.865238533554,888.8681204977016,1177,62143.387,7.584121,1736.5887,0.5343695,67929.89,8.374211,0,,,,,645.865238533554,0.00013173246,888.8681204977016,0.00016530244,0.034174584,-0.04904683
0.9998858,0.00012326069,0,0.001732956,645.8650790379095,888.8676267801166,1178,62144.125,7.5840416,1734.3479,0.5343285,67929.13,8.373948,0,,,,,645.8650790379095,0.000131723,888.8676267801166,0.00016528527,0.03426818,-0.04930163
0.99979436,0.00012332301,0,0.0017339227,645.8658591397625,888.8674921482205,1179,62139.383,7.5837927,1734.5367,0.5345697,67922.92,8.378182,0,,,,,645.8658591397625,0.00013172749,888.8674921482205,0.00016529676,0.03470506,-0.049443696
1.0000029,0.00012328614,0,0.0017348892,645.8654299805032,888.8676958281892,1180,62154.652,7.5844684,1733.8624,0.5345362,67937.086,8.375677,0,,,,,645.8654299805032,0.00013169262,888.8676958281892,0.00016526922,0.03459336,-0.04928258
0.9996159,0.00012326037,0,0.0017358557,645.8656784191024,888.8678561746973,1181,62123.918,7.5833325,1735.4841,0.5343954,67910.8,8.373926,0,,,,,645.8656784191024,0.00013174643,888.8678561746973,0.00016534825,0.034785207,-0.04904336
0.9998365,0.00012331524,0,0.001736822,645.8659001691672,888.868021911605,1182,62139.7,7.5838337,1734.813,0.5343603,67925.78,8.377654,0,,,,,645.8659001691672,0.00013172296,888.868021911605,0.00016531358,0.03509732,-0.04927337
0.99993455,0.00012330785,0,0.0017377882,645.8657300021116,888.8678320207135,1183,62151.023,7.5843678,1733.8512,0.5346137,67932.445,8.377152,0,,,,,645.8657300021116,0.00013169546,888.8678320207135,0.00016527937,0.03522799,-0.049459126
0.99986833,0.0001232803,0,0.0017387543,645.8660000835745,888.8681731514826,1184,62137.973,7.5839105,1734.0902,0.5344309,67927.945,8.37528,0,,,,,645.8660000835745,0.00013172647,888.8681731514826,0.00016531406,0.035454836,-0.04856881
0.9998374,0.00012328452,0,0.0017397202,645.866083734337,888.8678979750022,1185,62142.902,7.583946,1735.2878,0.5342813,67925.84,8.375567,0,,,,,645.866083734337,0.00013171666,888.8678979750022,0.00016530335,0.035266824,-0.04941743
0.9998298,0.00012328388,8192,0.0017406861,645.8656399905574,888.8676408463577,1186,62134.156,7.5837564,1735.829,0.534734,67925.33,8.375524,8192,,,,,645.8656399905574,0.00013174361,888.8676408463577,0.0001653422,0.034660507,-0.04934496
0.9998374,0.00012332364,0,0.0017416519,645.8657364320098,888.8681277920898,1187,62140.613,7.5840235,1734.5577,0.53485787,67925.84,8.378224,0,,,,,645.8657364320098,0.0001317259,888.8681277920898,0.00016529553,0.035252076,-0.049186513
0.99989927,0.0001233117,0,0.0017426175,645.865876875617,888.8678887816558,1188,62143.195,7.584183,1736.3628,0.5344732,67930.05,8.377413,0,,,,,645.865876875617,0.00013172095,888.8678887816558,0.0001653312,0.035160463,-0.048683852
0.9994785,0.00012332476,0,0.001743583,645.8659739248378,888.8678749395398,1189,62112.48,7.5830903,1735.875,0.5344521,67901.46,8.378301,0,,,,,645.8659739248378,0.00013178341,888.8678749395398,0.00016537968,0.03523839,-0.048828498
0.9999374,0.00012333959,0,0.0017445484,645.8658535504743,888.868229425541,1190,62144.95,7.5841956,1735.6033,0.5340144,67932.64,8.379308,0,,,,,645.8658535504743,0.0001317169,888.868229425541,0.00016532553,0.035305947,-0.048809297
0.99987775,0.00012333962,0,0.0017455138,645.8656469959873,888.8682927429835,1191,62139.883,7.584038,1735.8435,0.53414804,67928.586,8.379311,0,,,,,645.8656469959873,0.00013173533,888.8682927429835,0.00016533922,0.035033554,-0.048662037
0.99966913,0.00012327005,0,0.001746479,645.8659647703655,888.8681627694327,1192,62130.836,7.583637,1735.0048,0.5343415,67914.414,8.374583,0,,,,,645.8659647703655,0.00013173925,888.8681627694327,0.00016533064,0.03540041,-0.04874429
0.9997195,0.00012332725,0,0.0017474439,645.8654610674243,888.8677772840198,1193,62128.547,7.5835295,1736.1351,0.53419375,67917.836,8.378469,0,,,,,645.8654610674243,0.00013174835,888.8677772840198,0.00016541364,0.034820028,-0.048787877
0.99962145,0.00012327835,0,0.0017484089,645.8653782348299,888.8680965433489,1194,62119.242,7.583039,1734.1385,0.534403,67911.17,8.375148,0,,,,,645.8653782348299,0.00013175263,888.8680965433489,0.00016535634,0.03495251,-0.04876176
1.0001606,0.00012330487,128,0.0017493737,645.8662146799038,888.8679247039307,1195,62160.023,7.585144,1733.033,0.53407323,67947.8,8.376949,128,,,,,645.8662146799038,0.0001316787,888.8679247039307,0.00016526812,0.035888676,-0.04904991
1.0000424,0.00012332031,0,0.0017503385,645.8661311161583,888.8685554679713,1196,62143.914,7.5851545,1734.4087,0.53465843,67939.77,8.377998,0,,,,,645.8661311161583,0.00013172015,888.8685554679713,0.00016531034,0.035850544,-0.04846226
0.99992603,0.0001232965,0,0.0017513031,645.8663536030274,888.8684345421475,1197,62140.53,7.584919,1733.8661,0.53439564,67931.87,8.376381,0,,,,,645.8663536030274,0.00013172264,888.8684345421475,0.0001653134,0.035980415,-0.04842796
0.9999671,0.00012332454,0,0.0017522676,645.8661348793149,888.8688518900118,1198,62136.688,7.585061,1736.4507,0.5345374,67934.66,8.378286,0,,,,,645.8661348793149,0.00013174451,888.8688518900118,0.0001653672,0.03536768,-0.047770344
1.0021098,0.00012369876,2176,0.001753232,645.8691331645019,888.8628114491935,1199,62275.97,7.6101356,1733.071,0.53439754,68080.22,8.403709,2176,,,,,645.8691331645019,0.00013197208,888.8628114491935,0.00016627129,0.035600167,-0.048436023
0.9999181,0.00012332572,0,0.0017541962,645.8659137739389,888.8686358976784,1200,62138.11,7.584019,1734.8142,0.5344803,67931.33,8.3783655,0,,,,,645.8659137739389,0.00013172915,888.8686358976784,0.0001653565,0.035163548,-0.048151687
0.9997665,0.00012331812,0,0.0017551604,645.866064329972,888.8688138857432,1201,62124.848,7.583894,1735.6154,0.53465533,67921.03,8.37785,0,,,,,645.866064329972,0.00013174977,888.8688138857432,0.00016538,0.035433713,-0.047767874
0.99994045,0.00012332301,0,0.0017561244,645.8657123998809,888.8685800529806,1202,62138.62,7.5839963,1733.0687,0.5343887,67932.84,8.378182,0,,,,,645.8657123998809,0.00013172497,888.8685800529806,0.0001653499,0.035102915,-0.047914952
0.9997957,0.00012334413,0,0.0017570884,645.8655061323464,888.8684700005839,1203,62128.992,7.583583,1733.8796,0.5348285,67923.01,8.379617,0,,,,,645.8655061323464,0.00013173344,888.8684700005839,0.0001653592,0.035081107,-0.048107583
0.99996436,0.00012330798,0,0.0017580522,645.8662700490491,888.868521785952,1204,62140.945,7.5840726,1733.7986,0.53460413,67934.47,8.377161,0,,,,,645.8662700490491,0.0001317107,888.868521785952,0.00016534036,0.035460304,-0.04821824
0.99966353,0.00012333502,0,0.0017590158,645.8655852800831,888.8690189575545,1205,62118.676,7.584287,1733.4637,0.53484374,67914.03,8.378998,0,,,,,645.8655852800831,0.00013176912,888.8690189575545,0.00016542504,0.03492089,-0.047568996
0.9998813,0.00012336567,0,0.0017599794,645.8660756959507,888.8690616791579,1206,62129.598,7.5846543,1733.6129,0.53469664,67928.83,8.38108,0,,,,,645.8660756959507,0.00013173903,888.8690616791579,0.00016538332,0.03518086,-0.04725466
0.999976,0.00012333832,0,0.0017609429,645.8661720106958,888.8688627757708,1207,62140.27,7.585096,1734.7145,0.53425336,67935.26,8.379222,0,,,,,645.8661720106958,0.00013174342,888.8688627757708,0.00016537729,0.035448126,-0.047675144
0.9997613,0.00012335768,0,0.0017619062,645.8659951766897,888.8688985210495,1208,62122.953,7.584444,1735.1453,0.53462356,67920.67,8.380537,0,,,,,645.8659951766897,0.00013176091,888.8688985210495,0.00016539663,0.035086773,-0.04767266
0.999789,0.00012335695,0,0.0017628694,645.8657418476171,888.8689345275304,1209,62129.06,7.5832644,1731.135,0.534305,67922.555,8.380487,0,,,,,645.8657418476171,0.00013170484,888.8689345275304,0.00016535657,0.035126723,-0.0478306
0.9996253,0.00012336244,0,0.0017638325,645.8651233533944,888.8687856470107,1210,62111.688,7.5841055,1734.3639,0.53471947,67911.44,8.38086,0,,,,,645.8651233533944,0.00013179886,888.8687856470107,0.00016544266,0.03452904,-0.047346856
0.99976945,0.00012332705,0,0.0017647955,645.8656023897435,888.8693180992683,1211,62123.047,7.584332,1732.4633,0.53436697,67921.23,8.378456,0,,,,,645.8656023897435,0.00013176314,888.8693180992683,0.00016540727,0.035132684,-0.047452886
0.999829,0.00012331778,0,0.0017657585,645.8660515230209,888.8692023098231,1212,62128.773,7.5846124,1734.0116,0.5341298,67925.27,8.377827,0,,,,,645.8660515230209,0.00013174111,888.8692023098231,0.00016537661,0.035443317,-0.047603864
0.99977255,0.0001233412,0,0.0017667213,645.8653100587221,888.869334210345,1213,62121.03,7.5838175,1733.4601,0.5340084,67921.44,8.379417,0,,,,,645.8653100587221,0.00013177279,888.869334210345,0.00016540421,0.034904316,-0.04747423
0.9996789,0.00012335402,0,0.0017676839,645.8655893912211,888.8690866242349,1214,62116.83,7.583044,1732.3042,0.53407496,67915.08,8.380289,0,,,,,645.8655893912211,0.00013175009,888.8690866242349,0.00016541385,0.034944113,-0.047481425
0.9997485,0.00012339532,0,0.0017686464,645.8654654771,888.8690870393526,1215,62115.957,7.5839868,1731.0206,0.53420633,67919.805,8.383095,0,,,,,645.8654654771,0.00013176606,888.8690870393526,0.00016540465,0.034781117,-0.04717436
0.9997253,0.00012332306,0,0.0017696088,645.8658767480135,888.86851170286,1216,62123.656,7.583234,1732.3749,0.53443915,67918.23,8.378185,0,,,,,645.8658767480135,0.0001317245,888.86851170286,0.00016535421,0.0355802,-0.048245706
0.99994195,0.00012335193,0,0.0017705711,645.86546043139,888.8692658341607,1217,62131.82,7.5847178,1729.1766,0.5345944,67932.945,8.380147,0,,,,,645.86546043139,0.00013175014,888.8692658341607,0.0001653717,0.034845944,-0.04738983
0.999721,0.000123338,0,0.0017715333,645.8653905525528,888.8687240178443,1218,62116.47,7.583979,1730.2151,0.5343117,67917.94,8.3792,0,,,,,645.8653905525528,0.00013176013,888.8687240178443,0.00016539468,0.03492433,-0.047528822
0.99996746,0.00012332325,0,0.0017724953,645.8655134097354,888.8691493402712,1219,62131.78,7.5834417,1728.9811,0.5341525,67934.68,8.378198,0,,,,,645.8655134097354,0.00013171505,888.8691493402712,0.00016536379,0.034778766,-0.0472831
0.9996863,0.00012331542,0,0.0017734573,645.8650836539501,888.8694409788251,1220,62114.98,7.5840626,1732.1191,0.53446734,67915.58,8.377666,0,,,,,645.8650836539501,0.00013178603,888.8694409788251,0.00016541366,0.0346317,-0.04731937
0.9997755,0.00012335123,0,0.0017744191,645.8652710689967,888.8693506198271,1221,62124.336,7.5832076,1731.0356,0.53428084,67921.64,8.380099,0,,,,,645.8652710689967,0.00013174777,888.8693506198271,0.00016538761,0.034717135,-0.047401004
0.9995347,0.00012337587,0,0.0017753809,645.8652585117186,888.8686390356044,1222,62102.844,7.583003,1729.7823,0.53427976,67905.28,8.381773,0,,,,,645.8652585117186,0.00013177891,888.8686390356044,0.00016549624,0.03437767,-0.047016602
0.9994913,0.00012332697,0,0.0017763425,645.8653772401733,888.8691792021442,1223,62101.707,7.5825677,1731.7578,0.53487396,67902.33,8.378451,0,,,,,645.8653772401733,0.00013178086,888.8691792021442,0.00016545624,0.034533586,-0.04703301
0.9997259,0.000123334,0,0.001777304,645.8653909869225,888.869254848204,1224,62115.258,7.5829453,1727.9943,0.5345706,67918.266,8.378928,0,,,,,645.8653909869225,0.0001317506,888.869254848204,0.00016541603,0.034542136,-0.047066066
0.9997171,0.00012333995,0,0.0017782653,645.8656355839344,888.8693421472486,1225,62115.758,7.583529,1730.5925,0.53425556,67917.67,8.379333,0,,,,,645.8656355839344,0.00013176307,888.8693421472486,0.0001654177,0.03480441,-0.046884038
0.9998758,0.00012328505,0,0.0017792266,645.8657962145335,888.8692348997403,1226,62127.848,7.5833907,1731.1476,0.5339582,67928.45,8.375603,0,,,,,645.8657962145335,0.0001317259,888.8692348997403,0.0001653773,0.035089206,-0.047139723
0.9998627,0.0001233635,0,0.0017801877,645.865512563316,888.8699541571779,1227,62119.98,7.5841327,1730.3741,0.5343407,67927.56,8.380933,0,,,,,645.865512563316,0.00013176948,888.8699541571779,0.00016542213,0.034670364,-0.04654609
0.9996994,0.0001233495,8192,0.0017811487,645.8653538600205,888.8694283197177,1228,62113.883,7.5839815,1728.705,0.53451324,67916.47,8.379981,8192,,,,,645.8653538600205,0.00013178172,888.8694283197177,0.00016543065,0.034712676,-0.046784192
0.9998885,0.00012332204,0,0.0017821096,645.8654753995415,888.8698433279201,1229,62123.63,7.583394,1728.876,0.5344185,67929.31,8.378116,0,,,,,645.8654753995415,0.00013175658,888.8698433279201,0.0001654225,0.03472412,-0.04674604
0.99973744,0.00012330896,0,0.0017830704,645.8653420354528,888.8691516862109,1230,62117.605,7.5835824,1730.8309,0.5345592,67919.055,8.377227,0,,,,,645.8653420354528,0.00013176027,888.8691516862109,0.00016541663,0.03470487,-0.04700403
1.0000358,0.00012338482,0,0.001784031,645.8653390016273,888.8696597648828,1231,62134.457,7.5848446,1730.9794,0.5339742,67939.32,8.3823805,0,,,,,645.8653390016273,0.00013173067,888.8696597648828,0.00016539016,0.034883395,-0.04684517
0.9998534,0.00012335986,0,0.0017849916,645.8651579792358,888.8697176473338,1232,62118.105,7.584114,1728.146,0.5344125,67926.93,8.380685,0,,,,,645.8651579792358,0.00013176282,888.8697176473338,0.00016540574,0.034350857,-0.046350006
0.99989504,0.00012336866,0,0.001785952,645.8650144143156,888.8692779112093,1233,62126.098,7.583349,1730.7448,0.5340183,67929.76,8.381284,0,,,,,645.8650144143156,0.00013173914,888.8692779112093,0.00016542824,0.034367908,-0.046715472
0.9996362,0.00012334462,0,0.0017869123,645.865166193423,888.8695902667359,1234,62108.47,7.58264,1729.2698,0.53438467,67912.17,8.37965,0,,,,,645.865166193423,0.00013176579,888.8695902667359,0.00016544116,0.034399796,-0.046567295
0.9997633,0.00012337064,0,0.0017878725,645.864620983018,888.8697868265137,1235,62118.195,7.583129,1729.0673,0.53423774,67920.81,8.381418,0,,,,,645.864620983018,0.0001317542,888.8697868265137,0.000165448,0.034117687,-0.046598755
0.99968123,0.0001233669,0,0.0017888326,645.8649984113227,888.869733651134,1236,62107.953,7.583855,1732.2726,0.5342456,67915.234,8.381164,0,,,,,645.8649984113227,0.00013179393,888.869733651134,0.00016549473,0.03435458,-0.046307653
0.9998298,0.00012339257,0,0.0017897926,645.8651964545373,888.8699215118777,1237,62115.668,7.5840054,1730.0358,0.5341413,67925.33,8.382908,0,,,,,645.8651964545373,0.0001317641,888.8699215118777,0.00016540909,0.03433039,-0.046285458
0.999964,0.00012332875,0,0.0017907524,645.8649040267557,888.8698860499933,1238,62129.668,7.584583,1728.3435,0.5347096,67934.445,8.3785715,0,,,,,645.8649040267557,0.0001317388,888.8698860499933,0.00016540245,0.03448846,-0.046431184
0.9999374,0.00012338688,128,0.0017917121,645.864773517276,888.8697742993922,1239,62123.145,7.584798,1728.98,0.5343274,67932.64,8.382522,128,,,,,645.864773517276,0.0001317773,888.8697742993922,0.00016551712,0.03396483,-0.046058502
0.9998411,0.00012337102,0,0.0017926717,645.8648615420091,888.8695487348433,1240,62121.883,7.5844126,1729.9359,0.53423864,67926.09,8.381444,0,,,,,645.8648615420091,0.00013176419,888.8695487348433,0.00016542932,0.034451343,-0.04628984
0.9995872,0.00012338907,0,0.0017936311,645.8648488121265,888.8698234635476,1241,62098.06,7.5823874,1729.52,0.5344071,67908.84,8.382669,0,,,,,645.8648488121265,0.0001317866,888.8698234635476,0.000165538,0.033817295,-0.045812316
0.99972504,0.00012331261,0,0.0017945905,645.8646074112993,888.8697896587886,1242,62108.62,7.583175,1730.672,0.5341249,67918.21,8.377475,0,,,,,645.8646074112993,0.0001317777,888.8697896587886,0.000165477,0.033979855,-0.045970224
0.9996601,0.00012335197,0,0.0017955498,645.8647592263402,888.8698701994242,1243,62106.91,7.5826945,1730.1436,0.53401995,67913.8,8.38015,0,,,,,645.8647592263402,0.00013177912,888.8698701994242,0.00016547707,0.033934668,-0.046193667
1.0000025,0.00012335616,0,0.0017965089,645.8647469682418,888.8704113768279,1244,62126.344,7.584387,1729.4141,0.53456914,67937.06,8.380434,0,,,,,645.8647469682418,0.00013175127,888.8704113768279,0.00016542942,0.034210633,-0.045796946
0.99983174,0.00012331698,0,0.0017974679,645.8651255100135,888.8695836050738,1245,62117.875,7.58422,1727.5049,0.53430176,67925.46,8.377771,0,,,,,645.8651255100135,0.00013177018,888.8695836050738,0.0001654417,0.03453239,-0.046161875
0.9996956,0.00012335482,0,0.0017993855,645.8647573878197,888.8698419839566,1247,62106.312,7.5826354,1726.971,0.53411216,67916.21,8.380343,0,,,,,645.8647573878197,0.00013177379,888.8698419839566,0.00016546622,0.03403423,-0.046045978
0.99986374,0.00012338308,0,0.0018003442,645.8646706056078,888.8702714527973,1248,62113.883,7.5838966,1727.086,0.5343941,67927.63,8.382263,0,,,,,645.8646706056078,0.0001317867,888.8702714527973,0.00016545442,0.03394229,-0.04565164
0.9997499,0.00012339186,0,0.0018013027,645.8644874238605,888.87041456938,1249,62108.6,7.583229,1727.1869,0.53394246,67919.9,8.382859,0,,,,,645.8644874238605,0.00013178487,888.87041456938,0.00016547843,0.03363952,-0.04558995
0.9997175,0.00012339804,0,0.0018022611,645.8639997927204,888.8706233899386,1250,62102.188,7.5831156,1729.284,0.5343253,67917.695,8.38328,0,,,,,645.8639997927204,0.00013180306,888.8706233899386,0.00016551344,0.03305016,-0.04522237
0.9998014,0.00012340673,0,0.0018032194,645.8638424342138,888.870563507029,1251,62104.68,7.583681,1727.8752,0.53449017,67923.4,8.383869,0,,,,,645.8638424342138,0.00013181273,888.870563507029,0.00016555678,0.032676876,-0.044702455
0.99973047,0.00012339941,0,0.0018041775,645.863283779145,888.8712531848691,1252,62102.527,7.582629,1726.4923,0.5345859,67918.58,8.383372,0,,,,,645.863283779145,0.00013180928,888.8712531848691,0.0001655128,0.032368183,-0.04456321
0.99970144,0.00012337064,0,0.0018051356,645.8640660147589,888.8712048767454,1253,62098.832,7.582947,1728.2429,0.53440756,67916.61,8.381418,0,,,,,645.8640660147589,0.00013180211,888.8712048767454,0.00016558834,0.03295681,-0.04395445
0.99971306,0.00012337368,0,0.0018060935,645.8634041304115,888.871284863213,1254,62102.387,7.5826955,1725.2856,0.5346892,67917.4,8.381624,0,,,,,645.8634041304115,0.00013181148,888.871284863213,0.00016556848,0.03235163,-0.043981526
0.99971986,0.00012343061,0,0.0018070514,645.8632036102158,888.8718967394674,1255,62095.363,7.583375,1726.2002,0.53428286,67917.86,8.385492,0,,,,,645.8632036102158,0.00013185116,888.8718967394674,0.00016563707,0.031964984,-0.04322891
0.99973446,0.00012341255,0,0.001808009,645.8628786444286,888.8719071938857,1256,62094.61,7.582312,1727.3545,0.53414106,67918.85,8.384265,0,,,,,645.8628786444286,0.00013182295,888.8719071938857,0.00016565123,0.031846426,-0.043004386
0.99972814,0.00012340567,0,0.0018089665,645.8626184754197,888.8714120147939,1257,62095.746,7.5822916,1727.8528,0.5342046,67918.42,8.383798,0,,,,,645.8626184754197,0.00013184559,888.8714120147939,0.00016562224,0.031162033,-0.04361369
0.99950933,0.00012337917,0,0.001809924,645.8629373996095,888.8711875563848,1258,62081.973,7.581755,1726.364,0.53444093,67903.555,8.381997,0,,,,,645.8629373996095,0.0001318511,888.8711875563848,0.00016565193,0.03138059,-0.043555036
0.99988514,0.00012341073,0,0.0018108813,645.8625306433051,888.8713049225975,1259,62103.855,7.5827045,1726.9972,0.5338726,67929.086,8.384142,0,,,,,645.8625306433051,0.00013183136,888.8713049225975,0.00016561031,0.03126871,-0.04380819
0.9997921,0.00012341572,0,0.0018118385,645.8626308887754,888.8718031855393,1260,62089.934,7.583163,1726.1461,0.53487253,67922.766,8.38448,0,,,,,645.8626308887754,0.00013186185,888.8718031855393,0.00016566105,0.030903596,-0.042807166
0.99969953,0.00012340953,0,0.0018127956,645.8623401135811,888.8714013349685,1261,62086.906,7.582146,1726.823,0.53400236,67916.48,8.384059,0,,,,,645.8623401135811,0.00013185323,888.8714013349685,0.00016566028,0.03101597,-0.043677475
0.9997034,0.00012342163,0,0.0018137526,645.8624310864094,888.8715384807983,1262,62084.594,7.582021,1727.7084,0.5344131,67916.74,8.384882,0,,,,,645.8624310864094,0.00013185608,888.8715384807983,0.00016565512,0.031040484,-0.04344409
0.9996082,0.00012340202,0,0.0018147094,645.8628150503052,888.8715776224054,1263,62080.113,7.581806,1727.3346,0.5340784,67910.27,8.38355,0,,,,,645.8628150503052,0.00013186551,888.8715776224054,0.00016568157,0.031457078,-0.04359301
0.9999087,0.00012342415,0,0.0018156661,645.8631433891534,888.8714414909126,1264,62099.777,7.5835867,1727.7843,0.5343152,67930.69,8.385053,0,,,,,645.8631433891534,0.00013183206,888.8714414909126,0.00016560966,0.03186183,-0.043607544
0.9997561,0.00012342089,0,0.0018166227,645.8627432111679,888.871760874729,1265,62093.133,7.582194,1726.6783,0.5343055,67920.32,8.384831,0,,,,,645.8627432111679,0.00013183548,888.871760874729,0.00016563993,0.03169328,-0.043735802
0.999819,0.00012338851,0,0.0018175791,645.8624040336106,888.8712656311818,1266,62105.547,7.582746,1727.0098,0.53478855,67924.59,8.382632,0,,,,,645.8624040336106,0.00013179854,888.8712656311818,0.00016557644,0.031739186,-0.044367034
0.9996638,0.0001234029,0,0.0018185355,645.8631094997227,888.8715904208955,1267,62087.758,7.5826144,1727.3333,0.5342243,67914.05,8.38361,0,,,,,645.8631094997227,0.00013184301,888.8715904208955,0.00016563309,0.032088473,-0.043808833
0.9998459,0.00012342808,0,0.0018194917,645.8633715425897,888.8713147149267,1268,62102.883,7.5837274,1728.2593,0.5344078,67926.42,8.38532,0,,,,,645.8633715425897,0.00013182378,888.8713147149267,0.00016560001,0.032304067,-0.043772776
0.9997869,0.00012342876,0,0.0018204479,645.8633879970051,888.8715344184776,1269,62093.84,7.5832596,1726.1538,0.5343952,67922.414,8.385366,0,,,,,645.8633879970051,0.00013181976,888.8715344184776,0.00016563147,0.032326974,-0.04325517
0.9995518,0.00012344198,0,0.0018214039,645.8631973415426,888.8717828284715,1270,62077.555,7.5826235,1726.2993,0.5342088,67906.44,8.386264,0,,,,,645.8631973415426,0.00013186518,888.8717828284715,0.00016568176,0.03211086,-0.043039013
0.9997914,0.0001234322,0,0.0018223597,645.8630323334236,888.8716310402176,1271,62094.2,7.5833697,1728.3776,0.53444517,67922.72,8.3856,0,,,,,645.8630323334236,0.00013182634,888.8716310402176,0.00016562258,0.032039132,-0.043480042
0.99964625,0.00012343751,0,0.0018233155,645.8637132866073,888.871599644536,1272,62083.01,7.5828857,1725.447,0.5342883,67912.86,8.385961,0,,,,,645.8637132866073,0.00013184725,888.871599644536,0.00016564707,0.032395445,-0.04297973
0.99962467,0.00012341567,0,0.001824271,645.8636535278474,888.871432111298,1273,62086.773,7.5829525,1727.115,0.53378296,67911.39,8.384477,0,,,,,645.8636535278474,0.0001318302,888.871432111298,0.00016563188,0.032553483,-0.043578237
0.99956024,0.0001234166,0,0.0018252266,645.8636431941579,888.8717625450101,1274,62074.395,7.582621,1726.91,0.5344631,67907.016,8.38454,0,,,,,645.8636431941579,0.00013186585,888.8717625450101,0.00016569722,0.032349914,-0.04318759
0.9995378,0.00012344327,0,0.001826182,645.8635655957384,888.8714927888261,1275,62074.53,7.582519,1725.5916,0.53465545,67905.49,8.386352,0,,,,,645.8635655957384,0.00013188206,888.8714927888261,0.00016573683,0.032224424,-0.043358143
0.99978864,0.0001234156,0,0.0018271372,645.863295631146,888.8713435763578,1276,62086.297,7.583007,1725.3684,0.53428304,67922.53,8.384472,0,,,,,645.863295631146,0.00013184067,888.8713435763578,0.00016569122,0.032007232,-0.04323605
0.9997178,0.0001234286,0,0.0018280924,645.8634015858149,888.8707635590871,1277,62082.8,7.582855,1726.0315,0.53465813,67917.72,8.385356,0,,,,,645.8634015858149,0.00013185853,888.8707635590871,0.00016564806,0.031990234,-0.04372518
0.9998917,0.00012344081,8192,0.0018290473,645.8631649937869,888.8715177910021,1278,62097.645,7.5835524,1724.074,0.53441864,67929.53,8.386185,8192,,,,,645.8631649937869,0.00013182894,888.8715177910021,0.000165555,0.031884667,-0.043848857
0.9996087,0.00012343064,0,0.0018300023,645.8628444535406,888.8712847371291,1279,62070.9,7.5823536,1725.7493,0.5343799,67910.305,8.385494,0,,,,,645.8628444535406,0.000131877,888.8712847371291,0.00016569468,0.031593796,-0.043245442
0.9994688,0.00012340734,0,0.001830957,645.8631658470574,888.8709955208261,1280,62065.63,7.581217,1725.1418,0.5344949,67900.805,8.383911,0,,,,,645.8631658470574,0.00013187231,888.8709955208261,0.0001656893,0.031815562,-0.04375392
0.9994737,0.00012341588,0,0.0018319116,645.8631062821446,888.8714855021507,1281,62058.56,7.581987,1723.4584,0.5342748,67901.13,8.384492,0,,,,,645.8631062821446,0.00013188933,888.8714855021507,0.00016572935,0.031693388,-0.042894684
0.9995591,0.00012342694,0,0.0018328661,645.863167483495,888.8711970342665,1282,62076.85,7.581908,1725.0236,0.5341177,67906.94,8.385242,0,,,,,645.863167483495,0.00013189329,888.8711970342665,0.00016564805,0.031864416,-0.043857045
0.9996296,0.00012340647,0,0.0018338206,645.8626210124862,888.8709472719197,1283,62088.67,7.582072,1723.4762,0.5344456,67911.73,8.383852,0,,,,,645.8626210124862,0.00013190547,888.8709472719197,0.00016555566,0.0317631,-0.044398863
0.99983543,0.00012344381,0,0.0018347749,645.8633082303189,888.8714592760917,1284,62092.906,7.5834007,1724.0333,0.53448045,67925.71,8.386389,0,,,,,645.8633082303189,0.0001318418,888.8714592760917,0.0001656332,0.03188739,-0.04345889
0.99972814,0.00012344461,0,0.001835729,645.8630507838068,888.8715849354116,1285,62087.926,7.5830307,1723.6387,0.53435385,67918.42,8.386443,0,,,,,645.8630507838068,0.00013183644,888.8715849354116,0.00016563693,0.03212475,-0.043433294
0.9993548,0.00012344023,0,0.001836683,645.8634062508971,888.8716315157931,1286,62056.246,7.581959,1725.1617,0.5343383,67893.055,8.386146,0,,,,,645.8634062508971,0.00013190939,888.8716315157931,0.00016574518,0.03203122,-0.04311286
0.9998764,0.0001234553,0,0.0018376369,645.8631545663163,888.8713185345003,1287,62093.75,7.5833025,1723.4019,0.5347005,67928.49,8.38717,0,,,,,645.8631545663163,0.00013182969,888.8713185345003,0.0001656145,0.03184779,-0.043474272
0.9995214,0.0001233943,0,0.0018385907,645.8635742474014,888.8715649449679,1288,62070.145,7.5823674,1725.217,0.5342462,67904.375,8.383025,0,,,,,645.8635742474014,0.00013186964,888.8715649449679,0.00016571702,0.032205157,-0.04335115
0.99957913,0.00012344804,0,0.0018395443,645.8633967345503,888.8718539427738,1289,62073.395,7.582518,1724.9313,0.534329,67908.3,8.386676,0,,,,,645.8633967345503,0.00013187407,888.8718539427738,0.00016568291,0.032239288,-0.043341026
0.99981207,0.00012342364,0,0.0018404978,645.8636290917835,888.8715398141038,1290,62087.48,7.583185,1723.9292,0.53421193,67924.125,8.385018,0,,,,,645.8636290917835,0.00013184121,888.8715398141038,0.00016564826,0.03238671,-0.0433419
0.9997945,0.00012343525,0,0.0018414513,645.8631177832926,888.8714820822553,1291,62080.562,7.582734,1722.7375,0.5344636,67922.93,8.385807,0,,,,,645.8631177832926,0.00013184281,888.8714820822553,0.00016568588,0.03172392,-0.042819336
0.99958956,0.0001234518,0,0.0018424045,645.8632141140034,888.8719634345338,1292,62072.83,7.5824533,1724.2487,0.5343451,67909.01,8.386931,0,,,,,645.8632141140034,0.00013187487,888.8719634345338,0.00016570713,0.031860523,-0.042718112
0.9997649,0.00012344845,0,0.0018433577,645.8630239089446,888.87146987271,1293,62082.2,7.582788,1724.9985,0.5339871,67920.92,8.3867035,0,,,,,645.8630239089446,0.00013186128,888.87146987271,0.00016567041,0.031666953,-0.043134887
0.9997587,0.00012341661,8192,0.0018443107,645.8635964454322,888.8717306818872,1294,62085.01,7.582998,1723.2424,0.5344401,67920.5,8.384541,8192,,,,,645.8635964454322,0.00013185838,888.8717306818872,0.00016567827,0.032186966,-0.042843886
0.99974346,0.00012341894,0,0.0018452636,645.8633293935534,888.8720123811097,1295,62077.47,7.582705,1723.9644,0.5343835,67919.46,8.384699,0,,,,,645.8633293935534,0.00013185189,888.8720123811097,0.000165692,0.032146525,-0.042405702
0.9995975,0.00012345097,0,0.0018462164,645.8630022307012,888.8719136391788,1296,62069.21,7.5824246,1724.0951,0.53405994,67909.55,8.386875,0,,,,,645.8630022307012,0.00013187462,888.8719136391788,0.0001657326,0.03178151,-0.042509988
0.9995521,0.00012344329,0,0.001847169,645.8629982024872,888.8719570714815,1297,62066.74,7.582319,1723.5564,0.5344657,67906.46,8.386353,0,,,,,645.8629982024872,0.00013187685,888.8719570714815,0.00016571947,0.031845942,-0.042478237
0.99973345,0.00012342872,0,0.0018481216,645.8631845356435,888.8724526149867,1298,62074.816,7.582705,1724.4121,0.5341817,67918.78,8.385364,0,,,,,645.8631845356435,0.0001318649,888.8724526149867,0.00016571183,0.031873148,-0.042117517
0.99981093,0.00012345695,0,0.001849074,645.8627852629949,888.8719760755697,1299,62085.95,7.5830874,1725.4304,0.5341444,67924.05,8.387281,0,,,,,645.8627852629949,0.00013185324,888.8719760755697,0.00016568626,0.031562947,-0.04247793
0.9996159,0.00012347926,0,0.0018500263,645.862763581425,888.872376786651,1300,62067.742,7.5840673,1723.722,0.5346535,67910.8,8.388797,0,,,,,645.862763581425,0.00013191433,888.872376786651,0.00016574605,0.030802758,-0.04168512
0.99986106,0.00012345401,0,0.0018509785,645.8630246053107,888.8723615860213,1301,62084.707,7.5846715,1722.7947,0.53422797,67927.45,8.387082,0,,,,,645.8630246053107,0.00013186171,888.8723615860213,0.00016573539,0.031528246,-0.04183812
0.9997691,0.00012345583,0,0.0018519305,645.862779520489,888.8724501909174,1302,62074.72,7.5842943,1723.7913,0.5344329,67921.2,8.387205,0,,,,,645.862779520489,0.00013186937,888.8724501909174,0.00016575094,0.031300265,-0.041370347
0.999652,0.00012347028,0,0.0018528823,645.8624631349561,888.8726949852937,1303,62065.543,7.583836,1722.6156,0.5342813,67913.25,8.388186,0,,,,,645.8624631349561,0.00013188778,888.8726949852937,0.00016575414,0.031009192,-0.0414026
0.99959487,0.00012340277,0,0.0018538341,645.8628870387253,888.8720881674514,1304,62070.516,7.582531,1723.0099,0.53415453,67909.37,8.383601,0,,,,,645.8628870387253,0.00013187743,888.8720881674514,0.00016571896,0.031679317,-0.04221084
0.9997691,0.0001234711,0,0.0018547858,645.8629224701767,888.8723869042858,1305,62073.66,7.5842767,1721.9141,0.5341099,67921.2,8.388243,0,,,,,645.8629224701767,0.00013187865,888.8723869042858,0.00016573914,0.031463128,-0.0417375
0.99988985,0.00012345878,0,0.0018557373,645.862743533042,888.8730211403936,1306,62086.848,7.584794,1722.782,0.5341787,67929.41,8.387406,0,,,,,645.862743533042,0.0001318535,888.8730211403936,0.00016571161,0.031409442,-0.041779656
0.9996374,0.00012345603,0,0.0018566888,645.862431906559,888.8722977311226,1307,62070.41,7.582488,1722.6552,0.5340137,67912.26,8.387219,0,,,,,645.862431906559,0.00013188939,888.8722977311226,0.00016572233,0.031165302,-0.04196357
0.9996671,0.0001234575,128,0.00185764,645.8627558471005,888.8721269215469,1308,62078.492,7.5831833,1718.7384,0.5343325,67914.27,8.387319,128,,,,,645.8627558471005,0.00013185329,888.8721269215469,0.00016568837,0.031733815,-0.04227659
0.9995959,0.00012345266,0,0.0018585912,645.8626063118045,888.8722412881463,1309,62069.42,7.5824647,1721.5331,0.5340056,67909.44,8.38699,0,,,,,645.8626063118045,0.00013190448,888.8722412881463,0.00016573198,0.03118386,-0.04200344
0.99940395,0.00012344721,0,0.0018595422,645.8629887144723,888.8721452654423,1310,62057.19,7.5819817,1720.8629,0.5342707,67896.4,8.38662,0,,,,,645.8629887144723,0.00013189136,888.8721452654423,0.00016577066,0.031433962,-0.042180914
0.9997843,0.00012347849,0,0.0018604931,645.8627504149679,888.872100514882,1311,62081.33,7.582868,1720.621,0.5345444,67922.234,8.388744,0,,,,,645.8627504149679,0.00013187272,888.872100514882,0.00016572283,0.031333897,-0.042289708
0.9996769,0.00012347648,0,0.0018614439,645.863098126694,888.8721427559816,1312,62068.656,7.5839267,1720.5856,0.5343829,67914.94,8.388608,0,,,,,645.863098126694,0.00013187528,888.8721427559816,0.0001657446,0.031495117,-0.04191766
0.9998748,0.00012344628,0,0.0018623945,645.8630352995239,888.8722567023972,1313,62084.3,7.582979,1721.144,0.5342526,67928.38,8.386557,0,,,,,645.8630352995239,0.00013185816,888.8722567023972,0.00016566715,0.031637594,-0.042118374
0.9998398,0.00012348652,0,0.001863345,645.8629579896332,888.8724583286831,1314,62073.723,7.584204,1720.3733,0.53425676,67926.01,8.38929,0,,,,,645.8629579896332,0.00013187362,888.8724583286831,0.00016573959,0.03125159,-0.04164442
0.999656,0.00012346786,0,0.0018642955,645.8630830584631,888.8726154999376,1315,62071.582,7.5841203,1720.6537,0.53452086,67913.52,8.388022,0,,,,,645.8630830584631,0.00013187274,888.8726154999376,0.00016573758,0.03155266,-0.041949898
0.9998994,0.00012344772,0,0.0018652458,645.862443049468,888.8721142919592,1316,62084.965,7.583033,1720.1873,0.5341501,67930.055,8.386655,0,,,,,645.862443049468,0.00013185959,888.8721142919592,0.00016570865,0.031180046,-0.041884508
0.99978817,0.00012346053,0,0.0018661958,645.8623982395264,888.8722675928889,1317,62075.766,7.583474,1719.8575,0.53429556,67922.5,8.387525,0,,,,,645.8623982395264,0.00013187219,888.8722675928889,0.00016573013,0.0309229,-0.04177145
0.9997468,0.00012346511,0,0.0018671459,645.8627477353879,888.8720113200613,1318,62074.742,7.5825806,1720.7788,0.5342608,67919.69,8.3878355,0,,,,,645.8627477353879,0.00013186368,888.8720113200613,0.00016571842,0.031066861,-0.0420322
0.9998135,0.00012353202,0,0.0018680958,645.8621918868905,888.8726910420418,1319,62071.28,7.585928,1720.1752,0.534526,67924.22,8.392382,0,,,,,645.8621918868905,0.00013190409,888.8726910420418,0.00016577539,0.030617993,-0.041567665
0.999652,0.00012346011,0,0.0018690455,645.8623452683862,888.8722129390495,1320,62066.188,7.582203,1719.8102,0.5340957,67913.25,8.387496,0,,,,,645.8623452683862,0.00013189044,888.8722129390495,0.00016572519,0.031085514,-0.04204561
0.9997774,0.00012348579,0,0.0018699951,645.8623796852128,888.8722528826754,1321,62071.055,7.5824847,1720.5015,0.534244,67921.766,8.389241,0,,,,,645.8623796852128,0.000131879,888.8722528826754,0.00016571568,0.030830001,-0.04185998
0.99974483,0.00012343463,0,0.0018709446,645.8625982093492,888.8719437618973,1322,62073.625,7.582656,1721.8739,0.5340398,67919.555,8.385765,0,,,,,645.8625982093492,0.00013188127,888.8719437618973,0.00016571318,0.031220624,-0.042153485
0.9995783,0.000123463,0,0.0018718941,645.8620267025798,888.8720872734203,1323,62059.73,7.581351,1718.4968,0.5338574,67908.24,8.387692,0,,,,,645.8620267025798,0.0001318811,888.8720872734203,0.00016573197,0.030828584,-0.041963518
0.99988705,0.00012351539,0,0.0018728434,645.8619602897087,888.8724551795849,1324,62077.195,7.584544,1719.8152,0.53424335,67929.22,8.391252,0,,,,,645.8619602897087,0.00013189692,888.8724551795849,0.00016571989,0.030409647,-0.041675713
0.9996526,0.00012350232,0,0.0018737924,645.8622233522689,888.8728587537764,1325,62065.164,7.5840993,1721.5791,0.5345379,67913.29,8.390364,0,,,,,645.8622233522689,0.0001318961,888.8728587537764,0.00016577226,0.030797968,-0.041603025
0.9995268,0.0001235371,0,0.0018747414,645.8616748202207,888.8727868109579,1326,62050.82,7.5853267,1719.5183,0.53417,67904.74,8.392727,0,,,,,645.8616748202207,0.00013194274,888.8727868109579,0.00016579771,0.030269487,-0.04130448
0.99985915,0.0001235115,0,0.0018756903,645.8622722052352,888.8720436639451,1327,62080.523,7.5844717,1717.9191,0.5342046,67927.32,8.390987,0,,,,,645.8622722052352,0.00013185512,888.8720436639451,0.00016572102,0.030699138,-0.04176448
0.99981046,0.00012349573,0,0.0018766391,645.8621810086536,888.8728932376596,1328,62072.367,7.584088,1717.6707,0.5340281,67924.016,8.389916,0,,,,,645.8621810086536,0.00013187029,888.8728932376596,0.00016575404,0.030788498,-0.0411405
0.9995905,0.00012347841,0,0.0018775876,645.8624878840496,888.8727983703083,1329,62059.977,7.5837464,1718.2307,0.5344405,67909.07,8.38874,0,,,,,645.8624878840496,0.00013189585,888.8727983703083,0.00016577974,0.030944189,-0.04120456
0.9997488,0.00012351638,0,0.0018785362,645.8623822078264,888.8727946605231,1330,62067.035,7.5858254,1718.849,0.53447133,67919.83,8.391318,0,,,,,645.8623822078264,0.00013191515,888.8727946605231,0.00016577418,0.030687716,-0.041171122
0.9998995,0.00012351102,0,0.0018794845,645.8620800876739,888.8731296291335,1331,62073.824,7.586047,1718.5266,0.5345,67930.06,8.390955,0,,,,,645.8620800876739,0.00013189405,888.8731296291335,0.00016577268,0.030045066,-0.040708065
0.9998391,0.00012353668,0,0.0018804327,645.861415692288,888.8730797735655,1332,62072.43,7.586052,1721.6876,0.5340458,67925.96,8.392698,0,,,,,645.861415692288,0.00013191879,888.8730797735655,0.00016578317,0.0297813,-0.04076756
0.99958086,0.00012348907,0,0.0018813808,645.8617145982384,888.8736489565827,1333,62056.48,7.585615,1721.4679,0.53457016,67908.414,8.389463,0,,,,,645.8617145982384,0.00013194417,888.8736489565827,0.00016584352,0.03007047,-0.04019455
0.99992305,0.00012350953,0,0.0018823289,645.8615070388755,888.873476382436,1334,62082.164,7.586574,1719.3984,0.5342839,67931.664,8.390853,0,,,,,645.8615070388755,0.00013189555,888.873476382436,0.00016576149,0.030033793,-0.04057136
0.9998404,0.00012352417,0,0.0018832766,645.8612889187201,888.8736338673828,1335,62067.97,7.586,1719.6967,0.5341659,67926.05,8.391848,0,,,,,645.8612889187201,0.00013192638,888.8736338673828,0.00016581846,0.02925992,-0.039881103
0.99973077,0.00012351746,0,0.0018842244,645.8610976294358,888.8736403698109,1336,62065.027,7.585961,1720.8578,0.5346036,67918.6,8.391392,0,,,,,645.8610976294358,0.00013192579,888.8736403698109,0.00016583165,0.02928146,-0.03995362
0.9996772,0.00012351845,0,0.001885172,645.8607281712947,888.8738250563365,1337,62056.47,7.5855227,1719.0494,0.5342691,67914.96,8.391459,0,,,,,645.8607281712947,0.00013194373,888.8738250563365,0.0001658512,0.028922059,-0.039574403
0.99914765,0.00012346874,128,0.0018861194,645.8603311470762,888.8739362793326,1338,62024.22,7.5825906,1720.6676,0.5346267,67878.984,8.3880825,128,,,,,645.8603311470762,0.0001320106,888.8739362793326,0.00016593175,0.028542008,-0.039315235
0.99983716,0.00012352376,0,0.0018870668,645.8605790182302,888.8741603676442,1339,62069.844,7.5855803,1720.423,0.534331,67925.83,8.39182,0,,,,,645.8605790182302,0.0001319202,888.8741603676442,0.00016582677,0.028930338,-0.039655324
0.99973553,0.00012343224,0,0.0018880139,645.8602399747836,888.874152697198,1340,62061.742,7.583287,1718.572,0.5342984,67918.92,8.385603,0,,,,,645.8602399747836,0.00013194147,888.874152697198,0.00016584323,0.028384343,-0.03943775
0.99989545,0.00012349528,8192,0.0018889611,645.8608527880948,888.873323264845,1341,62076.133,7.5863366,1717.0928,0.5339351,67929.79,8.389885,8192,,,,,645.8608527880948,0.00013192034,888.873323264845,0.0001658023,0.028927986,-0.040031914
0.99935186,0.00012346255,128,0.001889908,645.8606472443902,888.8739630417733,1342,62035.71,7.5836177,1718.4905,0.5341188,67892.86,8.387662,128,,,,,645.8606472443902,0.00013200073,888.8739630417733,0.00016593965,0.028504036,-0.03920011
0.9997817,0.0001234834,0,0.0018908548,645.8605204134651,888.8739939504327,1343,62065.344,7.58549,1720.7476,0.5344344,67922.06,8.389079,0,,,,,645.8605204134651,0.00013192475,888.8739939504327,0.00016584259,0.028552901,-0.03930416
0.99934703,0.00012346749,128,0.0018918015,645.8603530906773,888.8742809325815,1344,62033.336,7.582519,1717.642,0.53404975,67892.53,8.387997,128,,,,,645.8603530906773,0.00013197097,888.8742809325815,0.00016591167,0.028638465,-0.03907585
0.9997134,0.00012349835,0,0.001892748,645.8611233521773,888.8742675357948,1345,62059.484,7.585778,1719.339,0.53427505,67917.42,8.390094,0,,,,,645.8611233521773,0.00013194638,888.8742675357948,0.00016588008,0.029010355,-0.039394133
0.99962693,0.00012350468,0,0.0018936944,645.8614784160463,888.8737000561486,1346,62058.535,7.5854764,1721.2635,0.5335902,67911.55,8.390524,0,,,,,645.8614784160463,0.00013193383,888.8737000561486,0.00016586685,0.029620003,-0.039912436
0.9997483,0.00012349164,0,0.0018946407,645.8614086511973,888.8732515540208,1347,62060.05,7.585526,1718.7021,0.5339038,67919.79,8.389638,0,,,,,645.8614086511973,0.00013191754,888.8732515540208,0.0001658576,0.029345565,-0.039830297
0.9998885,0.00012353783,0,0.001895587,645.8615438106838,888.8734042597856,1348,62072.69,7.586051,1715.4331,0.5345734,67929.31,8.392776,0,,,,,645.8615438106838,0.00013190086,888.8734042597856,0.00016578955,0.029681295,-0.040547412
0.99974597,0.00012351015,0,0.001896533,645.8611985633655,888.8732698963737,1349,62056.19,7.585459,1717.6707,0.5342602,67919.63,8.390896,0,,,,,645.8611985633655,0.00013193193,888.8732698963737,0.00016584172,0.029225476,-0.040016104
0.99976206,0.00012352035,0,0.0018974788,645.8616417083152,888.8732690105808,1350,62061.89,7.585533,1715.9004,0.5341331,67920.73,8.391588,0,,,,,645.8616417083152,0.00013192112,888.8732690105808,0.00016581759,0.029663146,-0.040267978
0.9997514,0.00012351888,0,0.0018984246,645.8613276467426,888.8734797731024,1351,62056.78,7.5854774,1717.535,0.5339603,67920.0,8.391489,0,,,,,645.8613276467426,0.00013191902,888.8734797731024,0.0001658422,0.029628528,-0.039600253
0.9997713,0.00012352546,8192,0.0018993702,645.8616172167536,888.8734364811096,1352,62063.668,7.585818,1716.3683,0.5344174,67921.35,8.391935,8192,,,,,645.8616172167536,0.0001319268,888.8734364811096,0.00016582245,0.029804006,-0.040249445
0.9997342,0.00012350339,0,0.0019003158,645.8617659959809,888.8733018973376,1353,62062.504,7.5856576,1716.8373,0.53398174,67918.836,8.390436,0,,,,,645.8617659959809,0.00013191628,888.8733018973376,0.00016580807,0.029911466,-0.040260203
0.9996948,0.0001235128,0,0.0019012612,645.8612754241592,888.8737380819266,1354,62052.824,7.5852833,1716.371,0.53389907,67916.16,8.391075,0,,,,,645.8612754241592,0.00013193254,888.8737380819266,0.00016586001,0.029588314,-0.039788574
0.9998151,0.00012351104,0,0.0019022065,645.8616729972031,888.8736481029616,1355,62065.652,7.5858197,1717.4641,0.5342883,67924.33,8.390956,0,,,,,645.8616729972031,0.00013191055,888.8736481029616,0.0001658205,0.02979175,-0.039876975
0.99958694,0.00012351498,0,0.0019031515,645.8614246203637,888.8734441700043,1356,62044.137,7.585062,1714.8372,0.53409123,67908.83,8.391224,0,,,,,645.8614246203637,0.00013195063,888.8734441700043,0.00016591356,0.029260261,-0.03937731
0.99980026,0.00012350023,0,0.0019040966,645.8614067762979,888.8735025361282,1357,62061.664,7.585706,1712.5796,0.53417367,67923.32,8.390222,0,,,,,645.8614067762979,0.00013192433,888.8735025361282,0.00016584777,0.029537197,-0.039721716
0.9999624,0.00012349711,0,0.0019050414,645.8616910381188,888.8740439368994,1358,62070.758,7.586073,1714.1849,0.53438264,67934.336,8.39001,0,,,,,645.8616910381188,0.00013189952,888.8740439368994,0.00016582075,0.029653732,-0.039555166
0.9998404,0.00012345648,0,0.0019059861,645.8615467444312,888.8738538852425,1359,62065.57,7.585911,1714.9076,0.5341501,67926.05,8.38725,0,,,,,645.8615467444312,0.00013190175,888.8738538852425,0.00016583383,0.029800966,-0.039296407
0.9997452,0.0001234809,0,0.0019069307,645.8612967516947,888.8738773478884,1360,62061.598,7.585685,1714.5115,0.53438413,67919.58,8.388908,0,,,,,645.8612967516947,0.00013192979,888.8738773478884,0.00016585024,0.029604608,-0.039553497
0.9996911,0.00012350545,0,0.0019078752,645.8611269546873,888.8739203540139,1361,62051.168,7.585159,1715.1411,0.5340985,67915.91,8.390576,0,,,,,645.8611269546873,0.00013193212,888.8739203540139,0.00016586352,0.02927453,-0.039243847
1.0000031,0.00012352433,0,0.0019088195,645.8611115932497,888.8739418579061,1362,62074.715,7.586138,1716.6276,0.5337801,67937.1,8.391858,0,,,,,645.8611115932497,0.00013188957,888.8739418579061,0.0001657921,0.029380508,-0.039727163
0.9999271,0.00012349093,0,0.0019097637,645.8609900962379,888.8743952035366,1363,62061.465,7.5828223,1715.8151,0.533644,67931.94,8.389589,0,,,,,645.8609900962379,0.0001319329,888.8743952035366,0.000165883,0.029173499,-0.039037555
1.0002052,0.000123521,0,0.0019107078,645.8611273851292,888.8743479898212,1364,62083.766,7.5865374,1714.1643,0.53400016,67950.83,8.391632,0,,,,,645.8611273851292,0.00013185915,888.8743479898212,0.00016580355,0.029309494,-0.038886208
1.0002222,0.00012350721,0,0.0019116517,645.8612244479039,888.8745281463263,1365,62083.65,7.5864425,1713.0599,0.53396374,67951.984,8.390696,0,,,,,645.8612244479039,0.00013190339,888.8745281463263,0.00016582686,0.029456744,-0.038915984
0.9998857,0.00012349687,0,0.0019125955,645.861414215352,888.8738677845577,1366,62067.09,7.585889,1714.4879,0.53398454,67929.125,8.389993,0,,,,,645.861414215352,0.0001319003,888.8738677845577,0.00016582524,0.02984369,-0.039362133
0.999779,0.00012348576,0,0.0019135393,645.8614613098787,888.8741943094318,1367,62060.062,7.585683,1714.1044,0.534403,67921.875,8.389238,0,,,,,645.8614613098787,0.00013191657,888.8741943094318,0.00016585045,0.029656004,-0.03918129
0.9997249,0.00012350516,0,0.0019144828,645.8613456697761,888.8743477519911,1368,62052.492,7.5840163,1714.0857,0.5338106,67918.2,8.390556,0,,,,,645.8613456697761,0.0001319259,888.8743477519911,0.00016586916,0.029404119,-0.038830936
0.99990535,0.00012345583,0,0.0019154262,645.8616321550953,888.8742118601397,1369,62068.746,7.5860357,1714.4065,0.5339724,67930.46,8.387205,0,,,,,645.8616321550953,0.00013189839,888.8742118601397,0.00016583828,0.029742464,-0.03904558
0.9998139,0.00012344001,0,0.0019163694,645.8609005277897,888.8746076578352,1370,62055.453,7.5826054,1714.3237,0.53376585,67924.25,8.38613,0,,,,,645.8609005277897,0.0001319422,888.8746076578352,0.00016588566,0.028869914,-0.03831759
1.000003,0.00012346443,0,0.0019173126,645.8606822333138,888.8743111822038,1371,62070.875,7.58333,1713.805,0.53356546,67937.09,8.38779,0,,,,,645.8606822333138,0.0001319047,888.8743111822038,0.00016583897,0.029221267,-0.03892788
0.9998397,0.00012345909,0,0.0019182556,645.8606366398803,888.8746880562799,1372,62056.11,7.582714,1715.3826,0.5336908,67926.0,8.387426,0,,,,,645.8606366398803,0.00013193575,888.8746880562799,0.00016587194,0.028744422,-0.0384724
1.0000002,0.00012350635,0,0.0019191985,645.8611788552794,888.874249690781,1373,62073.375,7.5861998,1713.8276,0.53393084,67936.91,8.390637,0,,,,,645.8611788552794,0.00013190036,888.874249690781,0.00016583005,0.029397923,-0.03913926
0.9996087,0.00012343959,0,0.0019201413,645.8611371720484,888.8741752240786,1374,62048.42,7.5823965,1715.4376,0.5338167,67910.305,8.386102,0,,,,,645.8611371720484,0.00013194357,888.8741752240786,0.00016587407,0.029226135,-0.039078083
0.9998723,0.00012344356,128,0.0019210839,645.8610434052833,888.874522793351,1375,62060.84,7.5835567,1716.1746,0.5338713,67928.22,8.386372,128,,,,,645.8610434052833,0.00013194136,888.874522793351,0.00016588236,0.029064944,-0.038702484
0.99986845,0.00012345651,0,0.0019220264,645.8612447270601,888.874124460964,1376,62063.516,7.5843754,1716.3334,0.534528,67927.95,8.387252,0,,,,,645.8612447270601,0.00013192707,888.874124460964,0.00016584681,0.029203665,-0.038920928
0.9996003,0.00012341193,0,0.0019229687,645.8611644571668,888.8745528095046,1377,62040.008,7.5821114,1713.7307,0.53420055,67909.734,8.384223,0,,,,,645.8611644571668,0.00013195904,888.8745528095046,0.00016593093,0.029077917,-0.038108915
0.99974,0.00012345608,0,0.0019239109,645.86108254582,888.8746043408173,1378,62052.992,7.582591,1714.7782,0.5339869,67919.23,8.387222,0,,,,,645.86108254582,0.00013194235,888.8746043408173,0.0001658819,0.029266313,-0.038529817
0.99980336,0.00012343682,0,0.0019248531,645.8603599851598,888.8747255419925,1379,62050.934,7.5825167,1713.6465,0.53381807,67923.53,8.385914,0,,,,,645.8603599851598,0.00013194857,888.8747255419925,0.00016592279,0.02843525,-0.03822287
0.9996113,0.0001234186,0,0.001925795,645.86095340394,888.8744049143764,1380,62045.926,7.58227,1711.016,0.53429383,67910.484,8.384676,0,,,,,645.86095340394,0.00013194943,888.8744049143764,0.00016590072,0.029112445,-0.038439196
1.0002614,0.00012347393,128,0.0019267368,645.8617347693472,888.8741310962322,1381,62085.27,7.587765,1714.5212,0.53383625,67954.65,8.388435,128,,,,,645.8617347693472,0.0001318801,888.8741310962322,0.0001658154,0.029650435,-0.038825598
0.99976724,0.00012342559,0,0.0019276785,645.8609834026248,888.8745081330469,1382,62052.133,7.5825253,1712.2858,0.53407323,67921.08,8.385151,0,,,,,645.8609834026248,0.00013193625,888.8745081330469,0.00016588325,0.029222544,-0.038349606
0.99995494,0.00012347383,128,0.00192862,645.8606276780708,888.8749325478744,1383,62067.004,7.584567,1712.5297,0.5344574,67933.83,8.388428,128,,,,,645.8606276780708,0.0001319791,888.8749325478744,0.00016587113,0.029321024,-0.038789023
0.9998926,0.00012341641,0,0.0019295615,645.86131808797,888.874429201896,1384,62056.727,7.5828133,1713.1362,0.5343662,67929.59,8.384527,0,,,,,645.86131808797,0.00013194013,888.874429201896,0.00016590014,0.029306615,-0.038478088
0.99971974,0.00012341715,0,0.0019305027,645.8610648343671,888.8746914933317,1385,62050.098,7.5824523,1712.4315,0.53377986,67917.85,8.384578,0,,,,,645.8610648343671,0.00013192947,888.8746914933317,0.00016588971,0.02922906,-0.03827806
0.9998462,0.0001234383,0,0.0019314439,645.8610142990876,888.8752875570167,1386,62051.133,7.582593,1713.745,0.5340223,67926.445,8.386014,0,,,,,645.8610142990876,0.00013194939,888.8752875570167,0.00016592637,0.02898826,-0.03749138
0.9998666,0.0001233783,0,0.0019323849,645.8608310709648,888.8752673408893,1387,62055.58,7.5827665,1711.4203,0.5339386,67927.83,8.381938,0,,,,,645.8608310709648,0.00013193848,888.8752673408893,0.0001659351,0.029161623,-0.03770955
0.9996596,0.00012336514,0,0.0019333258,645.8608157416526,888.8750730173655,1388,62041.973,7.5821824,1713.3717,0.5341499,67913.766,8.381044,0,,,,,645.8608157416526,0.00013194916,888.8750730173655,0.00016591826,0.029180728,-0.03794858
0.9997842,0.00012342066,0,0.0019342665,645.8611961588362,888.8746069158569,1389,62052.723,7.5826807,1710.0933,0.5344114,67922.23,8.384816,0,,,,,645.8611961588362,0.0001319284,888.8746069158569,0.00016589343,0.029119624,-0.038297273
0.99974066,0.00012343732,0,0.0019352072,645.8611119478882,888.8747341159602,1390,62052.22,7.5825744,1712.4158,0.5341747,67919.27,8.385947,0,,,,,645.8611119478882,0.00013193372,888.8747341159602,0.00016590531,0.029205237,-0.03839107
0.9998503,0.00012344643,0,0.0019361477,645.8610290709786,888.8746123234837,1391,62053.594,7.58273,1712.703,0.5338447,67926.72,8.386566,0,,,,,645.8610290709786,0.00013194115,888.8746123234837,0.00016589079,0.028990792,-0.03815037
0.9998451,0.00012344359,0,0.0019380283,645.8614296061562,888.87477479531,1393,62049.395,7.582505,1711.5393,0.5346543,67926.37,8.3863735,0,,,,,645.8614296061562,0.00013193504,888.87477479531,0.0001659446,0.029193845,-0.03786897
0.9999886,0.00012345257,0,0.0019389683,645.8610233100459,888.8751890489859,1394,62061.34,7.583044,1713.3744,0.5341188,67936.12,8.386984,0,,,,,645.8610233100459,0.00013192571,888.8751890489859,0.00016591053,0.029050903,-0.03774031
0.99984455,0.000123377,0,0.0019399083,645.8611631251684,888.8753065427333,1395,62047.695,7.582518,1711.945,0.5341938,67926.33,8.38185,0,,,,,645.8611631251684,0.00013194168,888.8753065427333,0.00016591782,0.029036228,-0.037359204
0.9998995,0.00012331444,0,0.0019408481,645.8609850458781,888.8760519628421,1396,62049.92,7.582772,1713.4225,0.5341138,67930.06,8.3776,0,,,,,645.8609850458781,0.00013194066,888.8760519628421,0.00016597057,0.028954627,-0.03641218
0.99984443,0.000123327,0,0.0019417878,645.8613716322786,888.8753032552041,1397,62051.926,7.582645,1712.3479,0.5340302,67926.32,8.378453,0,,,,,645.8613716322786,0.00013192432,888.8753032552041,0.00016593272,0.029389216,-0.03720425
1.0000342,0.00012337304,0,0.0019427272,645.8612424942087,888.875251986276,1398,62058.277,7.582961,1714.3812,0.5340568,67939.21,8.381581,0,,,,,645.8612424942087,0.00013193543,888.875251986276,0.00016591883,0.029094119,-0.037108116
1.0001415,0.000123382,0,0.0019436667,645.8607797062866,888.875914373449,1399,62069.156,7.583407,1712.0961,0.5342101,67946.51,8.382189,0,,,,,645.8607797062866,0.00013191669,888.875914373449,0.00016590173,0.02880875,-0.03709743
0.99976325,0.00012335132,0,0.001944606,645.8606821691288,888.875524890269,1400,62043.992,7.5824256,1713.0931,0.53396934,67920.805,8.380105,0,,,,,645.8606821691288,0.00013194948,888.875524890269,0.00016593223,0.028625665,-0.036745705
0.9999533,0.00012336676,0,0.0019455451,645.8605050525156,888.8750543329038,1401,62064.562,7.5831537,1711.544,0.5345496,67933.72,8.381154,0,,,,,645.8605050525156,0.00013191032,888.8750543329038,0.00016588416,0.028652595,-0.03768491
0.99959165,0.0001234038,8192,0.0019464841,645.8607625862969,888.875480732486,1402,62030.85,7.581972,1714.6373,0.5338043,67909.15,8.383671,8192,,,,,645.8607625862969,0.0001319817,888.875480732486,0.00016598433,0.028479008,-0.03701894
1.0000281,0.00012336716,0,0.001947423,645.8605535198774,888.8757224376695,1403,62057.793,7.58297,1712.6409,0.5346271,67938.805,8.381182,0,,,,,645.8605535198774,0.00013193222,888.8757224376695,0.0001659308,0.028647112,-0.037099168
0.9999933,0.00012339649,0,0.0019483616,645.8606057367269,888.8756750189262,1404,62052.836,7.5827203,1712.2336,0.53387105,67936.44,8.383174,0,,,,,645.8606057367269,0.00013192373,888.8756750189262,0.00016594383,0.028536137,-0.036669232
0.9996671,0.00012339716,0,0.0019493003,645.8602776579988,888.8755802176305,1405,62030.35,7.5818477,1712.1414,0.53405917,67914.27,8.383219,0,,,,,645.8602776579988,0.00013196796,888.8755802176305,0.00016600982,0.028159227,-0.03629168
1.0000261,0.00012336175,0,0.0019502387,645.8605949359165,888.8761445970277,1406,62054.42,7.582946,1712.2266,0.53392535,67938.664,8.380814,0,,,,,645.8605949359165,0.00013193834,888.8761445970277,0.00016595656,0.028573995,-0.036255218
0.9999181,0.00012338856,0,0.001951177,645.8604143893521,888.8762357226261,1407,62045.48,7.5825768,1713.0831,0.53382117,67931.33,8.382635,0,,,,,645.8604143893521,0.0001319557,888.8762357226261,0.00016599557,0.028352829,-0.036004525
1.0000486,0.0001233798,0,0.0019521152,645.8601789964497,888.8760412427371,1408,62060.312,7.5830727,1712.5354,0.53413486,67940.195,8.38204,0,,,,,645.8601789964497,0.00013191883,888.8760412427371,0.00016595355,0.028399475,-0.036463283
1.0000734,0.00012335126,0,0.0019530533,645.86031496084,888.8763730794208,1409,62053.363,7.5828285,1712.939,0.53410715,67941.88,8.380101,0,,,,,645.86031496084,0.0001319392,888.8763730794208,0.00016597968,0.028048422,-0.035783608
0.99992573,0.00012335571,0,0.0019539911,645.860047487242,888.8765815950013,1410,62045.52,7.5824804,1713.0973,0.53433913,67931.84,8.3804035,0,,,,,645.860047487242,0.00013194447,888.8765815950013,0.00016599122,0.027952617,-0.03570126
0.9997717,0.0001233959,0,0.001954929,645.8599498008045,888.876125690067,1411,62040.438,7.582337,1712.0038,0.533979,67921.38,8.383134,0,,,,,645.8599498008045,0.00013196154,888.876125690067,0.0001659757,0.028097259,-0.0362913
0.9997482,0.0001233682,0,0.0019558666,645.8598982533384,888.8757142877207,1412,62041.18,7.582311,1714.5319,0.5339537,67919.78,8.381251,0,,,,,645.8598982533384,0.0001319694,888.8757142877207,0.00016597433,0.027850622,-0.03631228
0.99955636,0.00012338188,0,0.0019568042,645.859890670661,888.8760753963976,1413,62026.0,7.5817366,1711.2751,0.53376776,67906.75,8.382181,0,,,,,645.859890670661,0.00013198992,888.8760753963976,0.00016602188,0.027654974,-0.03615935
1.0000588,0.00012341922,0,0.0019577416,645.8591566671698,888.8768777983471,1414,62049.188,7.5825596,1710.1533,0.5342498,67940.88,8.384718,0,,,,,645.8591566671698,0.00013194823,888.8768777983471,0.00016598076,0.027244363,-0.03518826
0.9999978,0.00012336452,0,0.0019586787,645.859460229756,888.8764720316507,1415,62048.938,7.5826454,1712.5724,0.53398687,67936.74,8.381001,0,,,,,645.859460229756,0.00013196071,888.8764720316507,0.00016603677,0.027317766,-0.035461936
0.99995583,0.00012338388,0,0.0019596159,645.8593583880951,888.8765012568155,1416,62038.27,7.582279,1712.364,0.5342029,67933.89,8.382318,0,,,,,645.8593583880951,0.00013197304,888.8765012568155,0.00016604188,0.026808716,-0.035062626
0.9997493,0.00012339835,0,0.0019605528,645.8588581840919,888.8766158731503,1417,62029.49,7.5818844,1712.7178,0.5339055,67919.86,8.3833,0,,,,,645.8588581840919,0.00013199438,888.8766158731503,0.00016604248,0.026721548,-0.03533409
0.9999071,0.00012342697,0,0.0019614897,645.8590979849065,888.877208013711,1418,62036.188,7.5822406,1712.0023,0.5338252,67930.58,8.385244,0,,,,,645.8590979849065,0.00013199788,888.877208013711,0.00016608063,0.026541436,-0.034682892
1.0000082,0.00012332537,0,0.0019624264,645.8590837331042,888.8770012872466,1419,62047.46,7.582533,1710.3074,0.53390014,67937.45,8.378343,0,,,,,645.8590837331042,0.00013196164,888.8770012872466,0.00016601649,0.026855705,-0.03493224
1.000104,0.00012338057,0,0.0019633628,645.8591760509271,888.8772221366065,1420,62051.113,7.5828276,1712.8817,0.5339818,67943.95,8.382092,0,,,,,645.8591760509271,0.00013196828,888.8772221366065,0.00016601745,0.026684318,-0.034553833
0.9999165,0.00012339308,0,0.0019642992,645.8588012844159,888.8771304637688,1421,62034.312,7.5822515,1712.3866,0.5338791,67931.22,8.382942,0,,,,,645.8588012844159,0.00013199057,888.8771304637688,0.00016605837,0.026335487,-0.034315266
1.000004,0.0001233299,0,0.0019652355,645.8585169911669,888.8773451798512,1422,62047.65,7.582693,1711.3954,0.53421605,67937.164,8.37865,0,,,,,645.8585169911669,0.00013197173,888.8773451798512,0.00016603245,0.026305007,-0.034451615
0.9998577,0.00012334796,0,0.0019661717,645.8586724122974,888.8770324774955,1423,62038.977,7.582334,1711.438,0.53428346,67927.23,8.379877,0,,,,,645.8586724122974,0.00013199146,888.8770324774955,0.00016603972,0.026221344,-0.03459191
1.0001737,0.00012335189,0,0.0019671076,645.8588586900479,888.8771689531695,1424,62061.98,7.5832567,1709.9077,0.5342319,67948.69,8.380143,0,,,,,645.8588586900479,0.00013192648,888.8771689531695,0.00016595992,0.026882077,-0.034791477
0.9996942,0.00012329905,0,0.0019680434,645.858687000411,888.8774106997106,1425,62021.27,7.581605,1709.7865,0.53390795,67916.12,8.376554,0,,,,,645.858687000411,0.0001320233,888.8774106997106,0.00016612558,0.026436595,-0.034001403
1.0001957,0.0001233085,0,0.0019689791,645.8587152924774,888.8774501709842,1426,62053.11,7.5828247,1709.2448,0.5341318,67950.19,8.377196,0,,,,,645.8587152924774,0.00013194731,888.8774501709842,0.00016602823,0.026276909,-0.0340426
0.99989533,0.0001233091,0,0.0019699149,645.8583999570836,888.8778091624997,1427,62032.926,7.582314,1711.8811,0.53418976,67929.78,8.377237,0,,,,,645.8583999570836,0.00013200312,888.8778091624997,0.00016609178,0.026142942,-0.03368544
1.0002097,0.00012333262,0,0.0019708502,645.8584465040876,888.8778759533827,1428,62049.355,7.5828104,1710.9941,0.5337353,67951.13,8.378835,0,,,,,645.8584465040876,0.00013196297,888.8778759533827,0.00016606314,0.02632513,-0.03350377
0.99989444,0.00012330993,0,0.0019717854,645.858992735095,888.8775152773949,1429,62032.184,7.582044,1711.4797,0.533905,67929.72,8.377294,0,,,,,645.858992735095,0.00013198804,888.8775152773949,0.00016608056,0.026567189,-0.03396981
0.99998575,0.00012330616,0,0.0019727207,645.8594618378875,888.8779862686447,1430,62030.773,7.582053,1711.085,0.5341468,67935.92,8.377037,0,,,,,645.8594618378875,0.00013199062,888.8779862686447,0.00016609019,0.02676315,-0.03348975
1.0002558,0.00012325015,0,0.0019736558,645.8592495134774,888.8776541421031,1431,62053.727,7.5827575,1708.6266,0.5342989,67954.27,8.373232,0,,,,,645.8592495134774,0.0001319298,888.8776541421031,0.00016604007,0.026889166,-0.033768903
0.9997065,0.00012332432,0,0.0019745906,645.8592225667762,888.8773331732368,1432,62014.164,7.5813575,1709.3766,0.5341602,67916.95,8.378271,0,,,,,645.8592225667762,0.00013202064,888.8773331732368,0.00016612801,0.026972204,-0.03399806
1.0000519,0.00012318985,0,0.0019755254,645.8596203458329,888.8774167667232,1433,62044.33,7.5824594,1709.6444,0.5341884,67940.414,8.369135,0,,,,,645.8596203458329,0.00013195018,888.8774167667232,0.00016603981,0.027548,-0.03433248
1.0001848,0.00012325148,0,0.00197646,645.8594073427473,888.8776595462041,1434,62049.508,7.582787,1710.1888,0.5338846,67949.445,8.3733225,0,,,,,645.8594073427473,0.00013194034,888.8776595462041,0.00016603668,0.02703717,-0.033984188
0.9999364,0.00012335165,0,0.0019773946,645.8593472756403,888.8770272566937,1435,62040.836,7.582367,1708.6309,0.5340808,67932.57,8.380128,0,,,,,645.8593472756403,0.00013196863,888.8770272566937,0.00016602532,0.027329504,-0.034738857
1.0000335,0.00012333019,0,0.001978329,645.8592616096333,888.8768497443399,1436,62047.367,7.5826035,1709.627,0.53415436,67939.164,8.37867,0,,,,,645.8592616096333,0.00013194581,888.8768497443399,0.00016600784,0.027210299,-0.034626234
0.99984246,0.00012330608,0,0.001979263,645.8595108060103,888.8774821068075,1437,62027.285,7.5818458,1709.8448,0.534436,67926.19,8.377031,0,,,,,645.8595108060103,0.00013197966,888.8774821068075,0.00016606803,0.027571134,-0.03434637
0.99991596,0.00012334113,0,0.0019801972,645.8595395623839,888.8772358645947,1438,62033.19,7.5821404,1708.1907,0.53428316,67931.18,8.379413,0,,,,,645.8595395623839,0.00013197582,888.8772358645947,0.00016606614,0.027456636,-0.03440569
1.0000635,0.00012331037,0,0.001981131,645.859483184366,888.8779524310014,1439,62034.84,7.582214,1708.483,0.5342167,67941.21,8.377323,0,,,,,645.859483184366,0.00013197046,888.8779524310014,0.00016608463,0.02734753,-0.033744063
1.0000327,0.00012330293,0,0.0019820647,645.859651384808,888.8774594872398,1440,62037.83,7.5822563,1710.3878,0.5341371,67939.11,8.376818,0,,,,,645.859651384808,0.00013195928,888.8774594872398,0.00016604114,0.027566638,-0.03405315
1.0002195,0.00012334075,0,0.0019829983,645.8592177182761,888.8778019458214,1441,62043.016,7.5825343,1710.481,0.534094,67951.8,8.379387,0,,,,,645.8592177182761,0.00013195409,888.8778019458214,0.00016607194,0.027058594,-0.033230927
0.9999472,0.00012332996,8192,0.001983932,645.8591694013494,888.8780573564201,1442,62029.617,7.582116,1708.9062,0.5341319,67933.305,8.378654,8192,,,,,645.8591694013494,0.00013199146,888.8780573564201,0.0001660865,0.027166003,-0.03375708
1.0002015,0.00012333033,0,0.0019848652,645.8597673466676,888.8773095247236,1443,62040.812,7.5824175,1708.5786,0.5340979,67950.58,8.378679,0,,,,,645.8597673466676,0.00013196569,888.8773095247236,0.00016612085,0.027301323,-0.03376527
0.99997413,0.00012337687,0,0.0019857986,645.8591585802702,888.8779017518596,1444,62026.188,7.581785,1708.9009,0.5338416,67935.13,8.381841,0,,,,,645.8591585802702,0.00013198669,888.8779017518596,0.00016607612,0.026820593,-0.033672012
1.0000193,0.00012331225,0,0.0019867315,645.8593266926334,888.8776543626276,1445,62029.273,7.5818596,1710.1176,0.53417385,67938.2,8.377451,0,,,,,645.8593266926334,0.0001319742,888.8776543626276,0.00016608408,0.026821485,-0.033526037
0.9999486,0.00012339366,0,0.0019876645,645.8588399052599,888.8778390438742,1446,62020.598,7.5816946,1709.9354,0.53438616,67933.4,8.382982,0,,,,,645.8588399052599,0.00013199396,888.8778390438742,0.00016610301,0.026341679,-0.033103846
0.99998266,0.00012333482,0,0.0019885972,645.8590857396921,888.8778040823006,1447,62028.965,7.581888,1707.5352,0.5339656,67935.71,8.3789835,0,,,,,645.8590857396921,0.00013196775,888.8778040823006,0.00016610358,0.026849315,-0.033348657
0.99984795,0.00012338761,0,0.00198953,645.8585587227883,888.877827039154,1448,62021.51,7.5815964,1709.3077,0.53362745,67926.56,8.38257,0,,,,,645.8585587227883,0.00013200371,888.877827039154,0.0001660943,0.02634937,-0.033790585
1.0003648,0.00012343228,0,0.0019904624,645.8587223371205,888.8770861498978,1449,62060.773,7.583227,1707.7168,0.5341964,67961.67,8.385606,0,,,,,645.8587223371205,0.00013190923,888.8770861498978,0.00016599633,0.02690588,-0.034408614
0.99981683,0.00012334826,0,0.001991395,645.8590231093887,888.878056524009,1450,62016.66,7.5814595,1709.5885,0.5341176,67924.445,8.379897,0,,,,,645.8590231093887,0.00013199757,888.878056524009,0.00016612349,0.02661061,-0.033155974
1.0000967,0.00012332774,8192,0.0019923272,645.8586396016401,888.8782980167869,1451,62033.473,7.5822334,1708.6615,0.534232,67943.46,8.378504,8192,,,,,645.8586396016401,0.0001319804,888.8782980167869,0.00016610084,0.026467633,-0.03294705
1.0003623,0.0001233657,8192,0.0019932592,645.8585234792986,888.8778730704499,1452,62049.113,7.582783,1708.8436,0.53357184,67961.5,8.381082,8192,,,,,645.8585234792986,0.00013193247,888.8778730704499,0.0001660558,0.026260186,-0.03303279
1.0001619,0.00012333863,0,0.0019941912,645.8590696810061,888.8783123277581,1453,62033.348,7.582036,1708.1334,0.5338242,67947.89,8.379243,0,,,,,645.8590696810061,0.00013196481,888.8783123277581,0.00016609987,0.026521528,-0.032763477
0.99992603,0.00012334611,0,0.001995123,645.858930164145,888.8783613829421,1454,62023.184,7.5818124,1707.9353,0.5341504,67931.87,8.379751,0,,,,,645.858930164145,0.00013200026,888.8783613829421,0.0001661334,0.026559612,-0.03312782
0.9999931,0.00012337734,0,0.0019960548,645.8586521608636,888.8784914903671,1455,62020.47,7.5816975,1708.7472,0.5342508,67936.42,8.381872,0,,,,,645.8586521608636,0.00013203417,888.8784914903671,0.00016616922,0.026255867,-0.032390926
1.0001218,0.00012336498,128,0.0019969863,645.8585686127585,888.8779959449414,1456,62033.992,7.5823727,1709.0146,0.5341646,67945.164,8.381033,128,,,,,645.8585686127585,0.00013196898,888.8779959449414,0.00016611528,0.026238227,-0.03291966
0.99971217,0.00012330207,0,0.0019979177,645.8583577800016,888.8785632945633,1457,62002.836,7.581136,1712.7883,0.53410107,67917.336,8.37676,0,,,,,645.8583577800016,0.00013203251,888.8785632945633,0.00016621414,0.025996514,-0.032069854
0.9999073,0.000123295,0,0.001998849,645.8588494864829,888.8786456562576,1458,62018.094,7.581593,1709.5149,0.53394616,67930.59,8.376279,0,,,,,645.8588494864829,0.00013200428,888.8786456562576,0.00016613853,0.02645429,-0.03245036
1.0001162,0.00012333767,0,0.00199978,645.8586271897161,888.8783455857981,1459,62026.324,7.581938,1709.7416,0.53405267,67944.79,8.379178,0,,,,,645.8586271897161,0.00013199614,888.8783455857981,0.00016614431,0.026253212,-0.032306682
1.0001578,0.00012336537,0,0.002000711,645.8587145796421,888.8781342824257,1460,62028.344,7.5818987,1708.9988,0.53367734,67947.61,8.38106,0,,,,,645.8587145796421,0.00013197289,888.8781342824257,0.00016611986,0.026339317,-0.03238938
1.0001165,0.00012334822,0,0.0020016418,645.8587629276474,888.8781086642306,1461,62028.01,7.581882,1707.834,0.53392214,67944.805,8.379894,0,,,,,645.8587629276474,0.00013198065,888.8781086642306,0.00016609358,0.026325181,-0.03271941
1.000012,0.00012332681,0,0.0020025726,645.8587634080891,888.8787127845701,1462,62016.594,7.581503,1707.4412,0.53403676,67937.71,8.37844,0,,,,,645.8587634080891,0.0001319937,888.8787127845701,0.00016613462,0.026252974,-0.032240555
0.9999093,0.00012331063,0,0.002003503,645.8584593260945,888.8786393392437,1463,62017.336,7.581545,1708.0684,0.5342969,67930.73,8.377341,0,,,,,645.8584593260945,0.00013200457,888.8786393392437,0.00016615193,0.026100134,-0.03265658
0.99994224,0.00012339166,0,0.0020044334,645.8583177067892,888.8781684880394,1464,62022.69,7.5816193,1706.3053,0.5339841,67932.97,8.382846,0,,,,,645.8583177067892,0.00013198443,888.8781684880394,0.0001661043,0.026179587,-0.032874104
0.9998316,0.00012334369,0,0.0020053638,645.858925595639,888.8778833072477,1465,62020.176,7.5815034,1706.3145,0.53423417,67925.45,8.379587,0,,,,,645.858925595639,0.00013199214,888.8778833072477,0.00016610837,0.026625348,-0.033402286
1.0000834,0.00012332993,0,0.002006294,645.8585007655653,888.8783279467124,1466,62025.324,7.5816674,1707.2085,0.5342053,67942.56,8.378652,0,,,,,645.8585007655653,0.0001319761,888.8783279467124,0.00016611618,0.02607654,-0.03264456
1.0001975,0.0001233092,0,0.002007224,645.8584943732399,888.8784124076685,1467,62034.04,7.5821986,1708.0618,0.5341409,67950.31,8.377244,0,,,,,645.8584943732399,0.00013196889,888.8784124076685,0.000166104,0.026101831,-0.032479987
0.99992424,0.00012334496,0,0.0020081536,645.8585403579988,888.8784309062308,1468,62015.074,7.5814633,1708.1515,0.53457797,67931.74,8.379673,0,,,,,645.8585403579988,0.00013200201,888.8784309062308,0.00016615566,0.026069228,-0.032486115
1.0000528,0.0001233389,0,0.0020090835,645.8582899823539,888.8786827920272,1469,62021.305,7.5816007,1706.2926,0.5341623,67940.48,8.379262,0,,,,,645.8582899823539,0.0001319961,888.8786827920272,0.0001661325,0.025904253,-0.03229942
1.0001028,0.00012332611,0,0.002010013,645.8583774180884,888.8781223821211,1470,62028.54,7.5819564,1707.5736,0.5340159,67943.875,8.378392,0,,,,,645.8583774180884,0.00013198757,888.8781223821211,0.00016611592,0.025858495,-0.032722685
0.99991685,0.00012335707,0,0.0020109424,645.8584425766644,888.8785787564657,1471,62009.97,7.581201,1705.3595,0.5337961,67931.24,8.380495,0,,,,,645.8584425766644,0.00013201534,888.8785787564657,0.0001661685,0.025703708,-0.032154255
1.0001355,0.00012336991,0,0.0020118717,645.8584851971323,888.8782559034727,1472,62029.11,7.5820208,1707.1051,0.53401065,67946.1,8.381369,0,,,,,645.8584851971323,0.00013199818,888.8782559034727,0.00016611605,0.025897175,-0.03255858
1.0000485,0.00012339049,0,0.002012801,645.8578121825861,888.8784981463401,1473,62015.215,7.581547,1709.88,0.5342071,67940.19,8.382767,0,,,,,645.8578121825861,0.00013200917,888.8784981463401,0.00016617274,0.025274998,-0.031934004
1.0000072,0.00012337312,128,0.00201373,645.8577415471091,888.8783580438114,1474,62018.867,7.581992,1706.9891,0.53443223,67937.375,8.381586,128,,,,,645.8577415471091,0.0001320143,888.8783580438114,0.00016614198,0.025404152,-0.03234205
1.0002989,0.00012336677,0,0.0020146586,645.8582871447785,888.8785028566084,1475,62031.75,7.582081,1705.8508,0.53407943,67957.195,8.381155,0,,,,,645.8582871447785,0.00013197988,888.8785028566084,0.00016612624,0.025500061,-0.03218007
1.0002286,0.00012332956,0,0.0020155874,645.8579220140068,888.8784505998003,1476,62028.836,7.5818796,1705.9689,0.5338185,67952.42,8.378627,0,,,,,645.8579220140068,0.00013197858,888.8784505998003,0.00016612154,0.025073519,-0.032221407
0.99989223,0.0001233863,0,0.002016516,645.8577016249319,888.8789339531338,1477,62008.098,7.5811343,1708.2697,0.53413326,67929.57,8.382482,0,,,,,645.8577016249319,0.00013203615,888.8789339531338,0.00016620244,0.02503143,-0.032008145
1.0001502,0.00012341538,0,0.0020174442,645.8579064435085,888.8786787540058,1478,62020.47,7.5816464,1705.6986,0.53372097,67947.09,8.384457,0,,,,,645.8579064435085,0.00013200678,888.8786787540058,0.0001661641,0.024987862,-0.031892586
0.99999195,0.00012331274,0,0.0020183725,645.8581095437622,888.8787231200603,1479,62014.72,7.5814047,1706.884,0.5340429,67936.34,8.377484,0,,,,,645.8581095437622,0.00013200348,888.8787231200603,0.00016615647,0.025211146,-0.031834528
1.0001229,0.00012335627,0,0.0020193006,645.8573915908677,888.8790578308034,1480,62017.742,7.58161,1703.7104,0.53387016,67945.24,8.380441,0,,,,,645.8573915908677,0.00013200048,888.8790578308034,0.00016617974,0.024677487,-0.03160351
0.9999453,0.00012335909,0,0.0020202287,645.8578194004407,888.8786766491203,1481,62011.4,7.5812855,1705.3276,0.53378046,67933.17,8.380632,0,,,,,645.8578194004407,0.00013201743,888.8786766491203,0.00016618407,0.025071742,-0.031893395
1.000372,0.00012345688,128,0.0020211565,645.8575269284632,888.8782197953587,1482,62030.0,7.584551,1705.0669,0.5338051,67962.164,8.387277,128,,,,,645.8575269284632,0.00013200619,888.8782197953587,0.0001662376,0.024575246,-0.031464335
1.0000968,0.00012332587,0,0.0020220843,645.8576869648687,888.8789914861035,1483,62017.96,7.5815163,1707.3904,0.53382945,67943.47,8.378376,0,,,,,645.8576869648687,0.0001320116,888.8789914861035,0.00016618996,0.02514238,-0.031644043
1.0000578,0.00012338461,0,0.0020230117,645.857353670777,888.8789938673954,1484,62011.41,7.581388,1706.6592,0.53369904,67940.82,8.382367,0,,,,,645.857353670777,0.00013203462,888.8789938673954,0.0001661953,0.024542097,-0.031551488
1.0002253,0.0001233907,0,0.0020239393,645.8570605232457,888.8790048086076,1485,62023.29,7.5817175,1703.8021,0.53424484,67952.195,8.38278,0,,,,,645.8570605232457,0.00013200326,888.8790048086076,0.00016615406,0.02452955,-0.031503815
0.9999349,0.0001233018,0,0.0020248664,645.8572652509484,888.8792650744826,1486,62005.93,7.5810275,1706.2814,0.53383464,67932.47,8.37674,0,,,,,645.8572652509484,0.0001320189,888.8792650744826,0.00016622612,0.024762085,-0.03149931
0.99988365,0.00012338474,0,0.0020257935,645.8569236688803,888.8787003919095,1487,62000.258,7.580891,1705.8739,0.5338642,67928.984,8.382376,0,,,,,645.8569236688803,0.00013202497,888.8787003919095,0.00016620615,0.024272198,-0.031556286
0.9999702,0.00012339007,0,0.0020267207,645.8576271778102,888.8785273609216,1488,62009.926,7.5813837,1705.391,0.5340128,67934.87,8.382737,0,,,,,645.8576271778102,0.00013203254,888.8785273609216,0.00016624074,0.024651702,-0.03164525
0.999917,0.00012334634,0,0.0020276473,645.8575960356084,888.8790367488524,1489,62000.168,7.5808015,1705.093,0.53379375,67931.25,8.379766,0,,,,,645.8575960356084,0.00013204216,888.8790367488524,0.00016621852,0.024546431,-0.03126718
0.9998619,0.00012337386,0,0.002028574,645.8570431886101,888.8787993807583,1490,62002.457,7.580874,1705.7596,0.53374356,67927.51,8.381637,0,,,,,645.8570431886101,0.0001320385,888.8787993807583,0.00016620217,0.024447,-0.031722616
1.0001689,0.00012339368,0,0.0020295007,645.8570274469437,888.8790552257865,1491,62015.51,7.5814347,1705.1117,0.53381705,67948.37,8.382983,0,,,,,645.8570274469437,0.0001320171,888.8790552257865,0.00016617781,0.024072187,-0.031304672
1.0001174,0.00012332347,0,0.002030427,645.8567569231027,888.879083108526,1492,62015.832,7.581417,1706.8131,0.5341737,67944.87,8.378213,0,,,,,645.8567569231027,0.00013202257,888.879083108526,0.00016616812,0.023898391,-0.031406607
0.9998513,0.00012342783,0,0.0020313533,645.8566418281458,888.8790965238397,1493,61996.89,7.580652,1705.379,0.53407985,67926.79,8.3853035,0,,,,,645.8566418281458,0.00013203395,888.8790965238397,0.00016623312,0.023868965,-0.03106527
0.9999348,0.00012336203,0,0.0020322795,645.8569447424111,888.8793042517312,1494,62001.93,7.5809116,1704.8748,0.53417313,67932.46,8.380833,0,,,,,645.8569447424111,0.00013204514,888.8793042517312,0.00016620984,0.024047028,-0.031035332
0.9998252,0.00012332719,0,0.0020332055,645.8570470306773,888.8788805508323,1495,61996.184,7.5806203,1707.2245,0.53364563,67925.016,8.378466,0,,,,,645.8570470306773,0.00013204922,888.8788805508323,0.00016623213,0.02428467,-0.031510048
0.9999324,0.00012333153,0,0.0020341312,645.8564856966829,888.8792538575592,1496,61999.176,7.5807433,1704.968,0.5340651,67932.3,8.37876,0,,,,,645.8564856966829,0.00013204786,888.8792538575592,0.00016621925,0.02358238,-0.031026246
1.0000327,0.0001233618,0,0.002035057,645.85666868877,888.8790472393064,1497,62010.246,7.5812254,1707.2412,0.53396213,67939.11,8.380816,0,,,,,645.85666868877,0.0001320378,888.8790472393064,0.00016621414,0.023759717,-0.031205561
0.99998456,0.00012337026,0,0.0020359824,645.8560659722295,888.8794680470138,1498,62000.414,7.580872,1704.1324,0.53424126,67935.84,8.3813925,0,,,,,645.8560659722295,0.00013205367,888.8794680470138,0.00016622119,0.02317524,-0.030609135
0.9998734,0.00012333924,0,0.0020369077,645.8561003858463,888.8795024856346,1499,61999.895,7.58099,1704.64,0.534083,67928.29,8.379285,0,,,,,645.8561003858463,0.00013205504,888.8795024856346,0.00016623066,0.023204666,-0.030818133
0.99997634,0.00012332531,0,0.002037833,645.8556191762101,888.8799151059309,1500,61999.676,7.5808372,1705.407,0.53357327,67935.28,8.378338,0,,,,,645.8556191762101,0.0001320634,888.8799151059309,0.00016625006,0.022844732,-0.0303087
1.000051,0.00012330411,0,0.0020387582,645.8556475946659,888.8795239335238,1501,62008.332,7.5812035,1704.9581,0.53467625,67940.36,8.376898,0,,,,,645.8556475946659,0.00013204468,888.8795239335238,0.00016628891,0.022486983,-0.030355413
1.0000687,0.00012328697,0,0.002039683,645.8555220004712,888.8797724476461,1502,62008.324,7.581312,1705.2266,0.5343523,67941.555,8.375733,0,,,,,645.8555220004712,0.00013204875,888.8797724476461,0.00016623328,0.022523569,-0.030246805
1.0001146,0.00012325685,0,0.0020406079,645.8549905244156,888.879733327058,1503,62009.266,7.581142,1703.1283,0.533738,67944.67,8.373687,0,,,,,645.8549905244156,0.00013204478,888.879733327058,0.00016627238,0.022047546,-0.030199366
1.000155,0.0001232376,0,0.0020415327,645.8547916430733,888.8796675789447,1504,62013.273,7.5815015,1706.2065,0.53363055,67947.42,8.372379,0,,,,,645.8547916430733,0.00013206869,888.8796675789447,0.00016623785,0.021848483,-0.030454468
0.9998466,0.00012316497,0,0.002042457,645.8549386012293,888.8796418999481,1505,61991.113,7.58048,1705.9224,0.5341586,67926.47,8.367445,0,,,,,645.8549386012293,0.0001320993,888.8796418999481,0.0001663425,0.021643281,-0.030214556
1.0004367,0.00012323937,128,0.0020433816,645.856191851679,888.8777937009531,1506,62033.387,7.5845146,1704.7394,0.5343483,67966.555,8.372499,128,,,,,645.856191851679,0.00013213299,888.8777937009531,0.0001668172,0.021919176,-0.030331133
0.99988395,0.00012321062,0,0.0020443057,645.8546754640714,888.8802444992092,1507,61992.324,7.5805206,1703.199,0.5341742,67929.01,8.370546,0,,,,,645.8546754640714,0.00013208947,888.8802444992092,0.00016627593,0.021597397,-0.02994852
1.0002015,0.00012317025,0,0.0020452298,645.8552678580494,888.8795841239472,1508,62017.406,7.5815625,1704.1235,0.5343932,67950.58,8.367804,0,,,,,645.8552678580494,0.00013203756,888.8795841239472,0.00016622015,0.02207894,-0.030300299
1.0000962,0.00012326895,0,0.0020461536,645.8549154924267,888.8798030436627,1509,62006.254,7.580983,1702.3679,0.5342261,67943.43,8.37451,0,,,,,645.8549154924267,0.000132049,888.8798030436627,0.00016622958,0.021871254,-0.029850392
1.0004958,0.0001232423,0,0.0020470775,645.8548744382966,888.8795529589337,1510,62034.41,7.5823007,1704.8978,0.53423655,67970.57,8.372698,0,,,,,645.8548744382966,0.00013202913,888.8795529589337,0.00016618606,0.021929897,-0.030284017
1.0000385,0.00012314522,0,0.0020480012,645.855088640293,888.8796056054744,1511,62004.133,7.580946,1701.735,0.5344703,67939.51,8.366103,0,,,,,645.855088640293,0.00013206244,888.8796056054744,0.0001662329,0.02181818,-0.030565066
1.0000231,0.00012329359,0,0.0020489246,645.8552918831136,888.8794272886063,1512,62002.332,7.580864,1705.5673,0.5337047,67938.46,8.3761835,0,,,,,645.8552918831136,0.00013205312,888.8794272886063,0.00016622106,0.02226992,-0.030598978
0.9998244,0.0001233216,0,0.002049848,645.8555063175186,888.8792976919,1513,61993.99,7.580678,1704.8082,0.5340863,67924.96,8.378086,0,,,,,645.8555063175186,0.00013207766,888.8792976919,0.00016625943,0.022582745,-0.030694922
0.9996705,0.00012327346,0,0.0020507711,645.8554785152608,888.8792935204305,1514,61978.484,7.5798974,1703.3188,0.5341647,67914.51,8.374816,0,,,,,645.8554785152608,0.0001320882,888.8792935204305,0.00016627977,0.022563424,-0.030657243
1.0001107,0.00012334921,0,0.0020516943,645.8561978811276,888.8789546625538,1515,62010.88,7.581233,1703.2988,0.53391504,67944.414,8.379962,0,,,,,645.8561978811276,0.00013202277,888.8789546625538,0.0001662084,0.023034483,-0.030993702
1.0001568,0.00012329177,0,0.0020526173,645.8554587309153,888.8795996965035,1516,62008.375,7.5810843,1703.047,0.5338672,67947.54,8.37606,0,,,,,645.8554587309153,0.00013201871,888.8795996965035,0.00016621978,0.022734072,-0.030383505
1.0001458,0.00012329473,0,0.00205354,645.8557000226853,888.8796452315614,1517,62013.38,7.5813146,1704.0146,0.5338625,67946.8,8.37626,0,,,,,645.8557000226853,0.0001320355,888.8796452315614,0.00016622152,0.022870505,-0.030610308
1.0001104,0.00012336028,0,0.0020544624,645.8557096738741,888.8794938760846,1518,62004.76,7.581,1704.066,0.53375524,67944.39,8.380713,0,,,,,645.8557096738741,0.00013203254,888.8794938760846,0.00016621995,0.022909284,-0.030596556
1.0000288,0.00012326971,0,0.002055385,645.8554934753951,888.8793563180302,1519,62002.867,7.5810018,1703.2831,0.5344371,67938.85,8.37456,0,,,,,645.8554934753951,0.00013205368,888.8793563180302,0.00016623574,0.022543324,-0.030725222
1.000081,0.00012322397,0,0.0020563074,645.8559285401235,888.879280956319,1520,62005.75,7.5810933,1704.0558,0.5340384,67942.39,8.371453,0,,,,,645.8559285401235,0.00013204012,888.879280956319,0.00016622753,0.022826025,-0.030550051
1.000048,0.0001232804,0,0.0020572294,645.8557672796942,888.8797537520201,1521,62001.98,7.5810037,1704.7449,0.53374875,67940.16,8.375287,0,,,,,645.8557672796942,0.00013204827,888.8797537520201,0.0001662837,0.022817656,-0.030144408
1.0002468,0.00012331705,0,0.0020581516,645.8555749528705,888.8796531042727,1522,62016.277,7.581401,1703.3917,0.5334717,67953.66,8.377777,0,,,,,645.8555749528705,0.0001320154,888.8796531042727,0.00016621631,0.022907648,-0.030342808
1.0000241,0.00012331823,0,0.0020590734,645.8558202959493,888.8795106352133,1523,61999.23,7.5808268,1702.1849,0.5350263,67938.52,8.377857,0,,,,,645.8558202959493,0.00013205681,888.8795106352133,0.00016628501,0.022763534,-0.030290348
0.99998134,0.00012322028,0,0.0020599952,645.8551203004222,888.8798963380417,1524,62002.7,7.5808415,1703.2776,0.53364426,67935.625,8.371202,0,,,,,645.8551203004222,0.00013206336,888.8798963380417,0.00016623287,0.022326494,-0.030556139
1.000011,0.00012326482,0,0.0020609167,645.8555479953378,888.87916418208,1525,61997.65,7.580766,1704.732,0.53383553,67937.63,8.3742285,0,,,,,645.8555479953378,0.00013208286,888.87916418208,0.00016633338,0.022335358,-0.03040244
0.99999815,0.0001232579,0,0.002061838,645.8558913719407,888.8795093228539,1526,62001.434,7.580944,1703.3468,0.5339199,67936.766,8.373758,0,,,,,645.8558913719407,0.00013204859,888.8795093228539,0.00016624221,0.02281494,-0.030663146
1.0000724,0.00012317047,0,0.0020627594,645.8553576167943,888.8791685537522,1527,62001.74,7.58079,1702.242,0.53360707,67941.805,8.367819,0,,,,,645.8553576167943,0.00013203922,888.8791685537522,0.00016627248,0.022210803,-0.03027545
1.0000244,0.00012323208,0,0.0020636807,645.8553969112902,888.8794854792341,1528,62001.355,7.5808587,1704.0834,0.53358024,67938.55,8.3720045,0,,,,,645.8553969112902,0.00013205732,888.8794854792341,0.00016624537,0.022537692,-0.030252278
0.9998641,0.00012311264,0,0.0020646015,645.8551381154407,888.879784071623,1529,61990.19,7.580477,1703.5621,0.53430855,67927.66,8.36389,0,,,,,645.8551381154407,0.00013209008,888.879784071623,0.00016627091,0.021865083,-0.030330487
1.0000594,0.0001232465,0,0.0020655224,645.8553370623268,888.8797982545692,1530,62001.918,7.5810556,1703.7666,0.53428435,67940.92,8.372984,0,,,,,645.8553370623268,0.00013205367,888.8797982545692,0.00016624868,0.022207135,-0.030092822
1.0001348,0.00012325369,0,0.0020664432,645.8552731757959,888.8800792396188,1531,62008.4,7.581138,1702.0326,0.53413343,67946.05,8.373472,0,,,,,645.8552731757959,0.00013203682,888.8800792396188,0.00016624601,0.022053074,-0.029915195
1.0001944,0.00012322466,0,0.0020673636,645.8556550768187,888.8797359479678,1532,62008.39,7.5810366,1703.3291,0.53416777,67950.1,8.3715,0,,,,,645.8556550768187,0.0001320332,888.8797359479678,0.00016622996,0.022495683,-0.030174756
1.0000734,0.0001231433,0,0.002068284,645.8548395856707,888.8799505764065,1533,62003.98,7.5809813,1702.7109,0.53361887,67941.88,8.3659725,0,,,,,645.8548395856707,0.0001320334,888.8799505764065,0.00016624959,0.022041861,-0.029965347
1.000043,0.00012325666,0,0.0020692043,645.855223935489,888.879939520001,1534,61996.477,7.580706,1703.3142,0.5338322,67939.81,8.373674,0,,,,,645.855223935489,0.00013206022,888.879939520001,0.00016625857,0.02217151,-0.029816307
1.0000238,0.0001232234,0,0.0020701245,645.8551606346824,888.8801181763481,1535,62001.727,7.5807247,1700.939,0.53370786,67938.51,8.371415,0,,,,,645.8551606346824,0.00013204225,888.8801181763481,0.00016623226,0.02232074,-0.030093461
1.0000215,0.00012324011,0,0.0020710444,645.8549150617148,888.8803703057775,1536,61995.375,7.5806093,1701.1376,0.5337854,67938.35,8.37255,0,,,,,645.8549150617148,0.0001320484,888.8803703057775,0.00016627483,0.022057077,-0.029365337
1.0001607,0.00012329106,0,0.002071964,645.8553099516927,888.8801161583438,1537,62008.62,7.581163,1701.7273,0.5334545,67947.805,8.376011,0,,,,,645.8553099516927,0.0001320445,888.8801161583438,0.00016625212,0.02224335,-0.029492736
1.0002025,0.00012329486,8192,0.0020738032,645.855021861489,888.8804506094658,1539,62008.156,7.581244,1702.4052,0.53413534,67950.65,8.376269,8192,,,,,645.855021861489,0.00013205799,888.8804506094658,0.0001662847,0.02201859,-0.02923456
1.0001994,0.00012328065,0,0.0020747227,645.8552589454466,888.8805914654216,1540,62006.707,7.5810533,1700.836,0.5339315,67950.44,8.375304,0,,,,,645.8552589454466,0.00013203955,888.8805914654216,0.00016627072,0.022191606,-0.029040521
1.0001501,0.00012332172,0,0.0020756419,645.8548737126529,888.880476810238,1541,61999.258,7.5808334,1703.7892,0.5336623,67947.086,8.378094,0,,,,,645.8548737126529,0.00013207029,888.880476810238,0.0001662886,0.021619752,-0.029266477
1.0000416,0.00012328436,0,0.0020765609,645.8550256533068,888.8807812964591,1542,61997.91,7.580716,1701.5385,0.53372556,67939.72,8.375556,0,,,,,645.8550256533068,0.00013204457,888.8807812964591,0.00016627272,0.02191858,-0.029438497
1.0001006,0.00012311156,0,0.0020774798,645.8544075420317,888.8800141010804,1543,62004.047,7.5808983,1700.3047,0.5337855,67943.73,8.363816,0,,,,,645.8544075420317,0.00013203455,888.8800141010804,0.00016624463,0.021569552,-0.029692888
0.9999463,0.00012315577,0,0.0020783986,645.8548390926054,888.8796029731387,1544,62000.66,7.5806894,1700.0469,0.53415126,67933.24,8.36682,0,,,,,645.8548390926054,0.0001320418,888.8796029731387,0.00016622955,0.021972878,-0.030150324
1.0001227,0.00012327023,0,0.002079317,645.8550132286869,888.8809847701737,1545,61999.14,7.5806637,1701.1421,0.53406686,67945.23,8.374597,0,,,,,645.8550132286869,0.00013204025,888.8809847701737,0.00016629467,0.021951713,-0.02874165
0.9999808,0.00012327598,0,0.0020802356,645.8553029814328,888.8805631688723,1546,61993.816,7.580589,1701.8302,0.5338322,67935.586,8.374987,0,,,,,645.8553029814328,0.00013205732,888.8805631688723,0.0001663119,0.022187077,-0.028870504
1.0003002,0.00012330915,0,0.002081154,645.8548198329187,888.8808554074425,1547,62006.96,7.581068,1702.8561,0.53366125,67957.28,8.37724,0,,,,,645.8548198329187,0.00013203362,888.8808554074425,0.00016626103,0.021828443,-0.028559972
1.0000303,0.00012332023,0,0.0020820722,645.8548352671068,888.8807980776304,1548,61991.1,7.580561,1703.3682,0.5338469,67938.945,8.377994,0,,,,,645.8548352671068,0.00013207208,888.8807980776304,0.00016631639,0.02170998,-0.028783666
0.9999164,0.0001232498,0,0.0020829902,645.854688692224,888.8807239851499,1549,61983.16,7.5801344,1702.1342,0.53440416,67931.21,8.373208,0,,,,,645.854688692224,0.0001320799,888.8807239851499,0.00016632008,0.02139688,-0.028780311
1.0002643,0.00012325321,0,0.002083908,645.8540541547799,888.880921749369,1550,62002.098,7.5797663,1701.9398,0.5338842,67954.84,8.37344,0,,,,,645.8540541547799,0.00013205982,888.880921749369,0.0001663061,0.021257328,-0.028809307
1.0000724,0.00012319988,0,0.0020848257,645.8542089166625,888.8800783068035,1551,61994.58,7.5805044,1702.9385,0.5339021,67941.805,8.369817,0,,,,,645.8542089166625,0.00013206105,888.8800783068035,0.00016627584,0.02110035,-0.029466756
0.9999114,0.00012315984,0,0.0020857432,645.8543714034032,888.8798074297812,1552,61988.42,7.5802245,1703.4083,0.53339344,67930.875,8.367097,0,,,,,645.8543714034032,0.00013206775,888.8798074297812,0.00016628383,0.02125914,-0.029589156
0.9999504,0.00012319682,0,0.0020866606,645.8547927739568,888.8802720599214,1553,61997.305,7.580547,1701.3417,0.533774,67933.52,8.369609,0,,,,,645.8547927739568,0.00013206572,888.8802720599214,0.00016628944,0.021732168,-0.029679764
1.0000567,0.00012313365,0,0.002087578,645.8544157600519,888.8809805462438,1554,61989.387,7.5792522,1700.9635,0.5337987,67940.74,8.365317,0,,,,,645.8544157600519,0.00013209728,888.8809805462438,0.0001663123,0.021061968,-0.028786533
0.9998987,0.00012323778,0,0.002088495,645.8545272967264,888.8805435121678,1555,61983.676,7.580126,1702.5754,0.5338715,67930.01,8.372392,0,,,,,645.8545272967264,0.00013207296,888.8805435121678,0.0001663229,0.021330887,-0.028803905
0.999986,0.00012316185,8192,0.002089412,645.8540677946756,888.8811812497643,1556,61981.875,7.578959,1701.8907,0.533848,67935.94,8.367233,8192,,,,,645.8540677946756,0.00013210034,888.8811812497643,0.0001663347,0.020859962,-0.0282595
0.9999631,0.00012320791,0,0.0020903288,645.854306820546,888.8808985616661,1557,61982.26,7.579065,1703.164,0.5337507,67934.38,8.370362,0,,,,,645.854306820546,0.00013208528,888.8808985616661,0.00016633916,0.021213233,-0.028342882
1.0001608,0.00012327086,0,0.0020912455,645.8542951843688,888.8812138472111,1558,61990.867,7.579308,1701.3701,0.533893,67947.81,8.374639,0,,,,,645.8542951843688,0.00013206743,888.8812138472111,0.0001663276,0.021006301,-0.02801752
1.0000591,0.00012326382,0,0.002092162,645.8541526468301,888.8814010080192,1559,61983.887,7.5790305,1701.3408,0.5340079,67940.91,8.374161,0,,,,,645.8541526468301,0.00013208255,888.8814010080192,0.0001663511,0.02076151,-0.027761657
0.9997937,0.0001231473,0,0.0020930783,645.853840721098,888.881146990048,1560,61970.914,7.5786586,1702.3228,0.5338795,67922.875,8.366244,0,,,,,645.853840721098,0.00013212493,888.881146990048,0.00016637857,0.020741247,-0.02826736
1.0001608,0.00012307835,0,0.0020939945,645.8542910716407,888.8806521911649,1561,61997.234,7.5795684,1703.3286,0.5339734,67947.81,8.361561,0,,,,,645.8542910716407,0.00013206973,888.8806521911649,0.00016628689,0.020690542,-0.028670756
1.0001153,0.00012328925,0,0.0020949105,645.8543421578094,888.8805262699328,1562,62001.395,7.58077,1700.5975,0.5337785,67944.72,8.375889,0,,,,,645.8543421578094,0.0001320497,888.8805262699328,0.00016628872,0.021251353,-0.028729772
1.0001043,0.00012324018,0,0.0020958264,645.8544854184383,888.8812541696392,1563,61987.47,7.579258,1700.4586,0.53372514,67943.98,8.372555,0,,,,,645.8544854184383,0.00013207011,888.8812541696392,0.00016634965,0.020933202,-0.027575003
1.0001874,0.00012332997,0,0.0020967422,645.8546247673573,888.8820366019884,1564,61994.242,7.5801497,1702.1184,0.5336766,67949.625,8.3786545,0,,,,,645.8546247673573,0.00013205655,888.8820366019884,0.00016635838,0.021298768,-0.02748993
1.0000558,0.00012332095,0,0.0020976579,645.854250983746,888.882020965238,1565,61980.605,7.5791397,1700.0812,0.5341986,67940.68,8.378041,0,,,,,645.854250983746,0.00013208696,888.882020965238,0.00016640672,0.02111349,-0.027021473
1.0002509,0.00012330506,0,0.0020985731,645.8544488797829,888.8816348811923,1566,61994.18,7.5796275,1698.94,0.534176,67953.94,8.376963,0,,,,,645.8544488797829,0.0001320671,888.8816348811923,0.0001663453,0.02119251,-0.0273361
1.0000566,0.00012329326,0,0.0020994886,645.8540702306857,888.8820741085835,1567,61979.242,7.5788465,1699.6671,0.5342546,67940.734,8.376161,0,,,,,645.8540702306857,0.00013208487,888.8820741085835,0.00016637753,0.020826293,-0.026862241
1.0000669,0.00012338732,0,0.0021004037,645.8541461021831,888.8823119306796,1568,61978.582,7.5789294,1701.4626,0.5338097,67941.44,8.382551,0,,,,,645.8541461021831,0.0001320724,888.8823119306796,0.00016638079,0.020962683,-0.026813317
1.0000732,0.00012331852,0,0.0021013187,645.8542372613351,888.8824375956768,1569,61979.72,7.5789847,1701.1038,0.53342205,67941.86,8.377876,0,,,,,645.8542372613351,0.0001320868,888.8824375956768,0.00016639961,0.020982213,-0.026692208
1.0001066,0.00012329777,0,0.0021022335,645.8541282363443,888.8818261829841,1570,61984.414,7.5791187,1701.2838,0.5337013,67944.13,8.376467,0,,,,,645.8541282363443,0.00013208919,888.8818261829841,0.00016637251,0.020814244,-0.02731547
0.9998457,0.00012325021,0,0.0021031483,645.8535652101142,888.8814727049728,1571,61977.332,7.578961,1700.7943,0.533817,67926.41,8.373236,0,,,,,645.8535652101142,0.00013210902,888.8814727049728,0.00016637724,0.020765988,-0.02791198
0.9999239,0.00012328419,0,0.0021040626,645.854020234187,888.8816265813185,1572,61972.06,7.5785623,1699.3268,0.5337991,67931.72,8.375545,0,,,,,645.854020234187,0.00013211805,888.8816265813185,0.0001664073,0.02074679,-0.027198898
1.0002973,0.00012332031,0,0.0021049771,645.8545372116672,888.8815109556288,1573,61996.797,7.5796447,1699.573,0.5340932,67957.086,8.377998,0,,,,,645.8545372116672,0.00013204904,888.8815109556288,0.00016633375,0.021079818,-0.027385548
1.000072,0.00012328001,0,0.0021058912,645.8540582584126,888.882101429002,1574,61975.72,7.5787535,1700.3508,0.5339842,67941.78,8.37526,0,,,,,645.8540582584126,0.00013208954,888.882101429002,0.00016639766,0.020570915,-0.026788251
1.0002099,0.00012337492,0,0.0021068053,645.8541668186829,888.8822769867369,1575,61986.895,7.579264,1699.7258,0.53406334,67951.15,8.381708,0,,,,,645.8541668186829,0.00013206311,888.8822769867369,0.00016639137,0.020895395,-0.026404621
1.0001209,0.00012333231,0,0.0021077192,645.8539131499942,888.882811995476,1576,61975.062,7.578668,1703.3387,0.5336238,67945.1,8.378814,0,,,,,645.8539131499942,0.00013208995,888.882811995476,0.0001664194,0.020619567,-0.025928084
1.000305,0.00012335257,0,0.002108633,645.8543099730518,888.8823807897095,1577,61988.773,7.579176,1699.8348,0.53393817,67957.62,8.38019,0,,,,,645.8543099730518,0.00013205582,888.8823807897095,0.00016638289,0.020687219,-0.02617287
1.0000428,0.00012333857,0,0.0021095467,645.8540932895929,888.8823575580121,1578,61971.207,7.5785604,1698.0653,0.53390723,67939.8,8.379239,0,,,,,645.8540932895929,0.00013211215,888.8823575580121,0.00016643129,0.02053514,-0.026092555
1.0003022,0.00012331907,0,0.00211046,645.8538349909786,888.8822826038471,1579,61985.586,7.5790787,1700.7964,0.53362894,67957.42,8.377914,0,,,,,645.8538349909786,0.00013207887,888.8822826038471,0.00016639564,0.020421509,-0.026198877
1.0000327,0.00012324045,0,0.0021113735,645.8534548260027,888.8820166106066,1580,61979.414,7.5788155,1699.8574,0.53402275,67939.11,8.372573,0,,,,,645.8534548260027,0.00013209315,888.8820166106066,0.00016640895,0.020214563,-0.02662315
1.0000455,0.00012318566,0,0.0021122866,645.8532542273405,888.8820874070652,1581,61980.105,7.57884,1700.6638,0.5336878,67939.984,8.368851,0,,,,,645.8532542273405,0.00013208773,888.8820874070652,0.00016639341,0.01987724,-0.026771326
1.0000285,0.00012324912,0,0.0021131996,645.8529866597781,888.8823951248099,1582,61975.477,7.578649,1700.0273,0.53391904,67938.83,8.373162,0,,,,,645.8529866597781,0.00013210601,888.8823951248099,0.00016641367,0.019743208,-0.02634958
1.0001011,0.00012332742,0,0.0021141125,645.8531720466544,888.8832389814169,1583,61971.37,7.578552,1699.7097,0.53386706,67943.76,8.378482,0,,,,,645.8531720466544,0.0001320998,888.8832389814169,0.00016648021,0.019753454,-0.025079047
1.0012681,0.0001233776,2176,0.0021150252,645.8532295632953,888.8842018494963,1584,62047.516,7.585793,1698.4587,0.533868,68023.05,8.38189,2176,,,,,645.8532295632953,0.0001319988,888.8842018494963,0.00016635544,0.019684441,-0.025097003
1.0002252,0.00012326779,0,0.0021159376,645.8529757143762,888.8832460904517,1585,61975.39,7.5787406,1701.4354,0.5335792,67952.19,8.374431,0,,,,,645.8529757143762,0.00013209379,888.8832460904517,0.0001664604,0.01920681,-0.024559172
1.0000546,0.0001232777,0,0.00211685,645.8533712036085,888.8833404821023,1586,61969.24,7.5784917,1698.2151,0.533556,67940.6,8.375104,0,,,,,645.8533712036085,0.00013212308,888.8833404821023,0.00016645808,0.0196811,-0.024972316
1.0003467,0.00012332239,0,0.0021177623,645.8528468173132,888.8837422226696,1587,61981.184,7.5791435,1699.4691,0.53421915,67960.445,8.3781395,0,,,,,645.8528468173132,0.00013209967,888.8837422226696,0.00016646837,0.019292362,-0.024275139
1.0003471,0.00012328714,0,0.0021186743,645.8526672515222,888.884060516121,1588,61983.164,7.5790825,1698.7489,0.53395104,67960.48,8.375745,0,,,,,645.8526672515222,0.00013210124,888.884060516121,0.0001664565,0.019148562,-0.024442954
1.0000219,0.00012325216,0,0.0021195863,645.8527615099187,888.8839348175597,1589,61962.348,7.578202,1698.0748,0.5340099,67938.38,8.373368,0,,,,,645.8527615099187,0.00013211214,888.8839348175597,0.00016649342,0.01914672,-0.024310762
1.0000411,0.00012332985,0,0.002120498,645.8529034249112,888.8838194862035,1590,61966.055,7.5784597,1697.7987,0.53399915,67939.69,8.378647,0,,,,,645.8529034249112,0.00013211906,888.8838194862035,0.00016649273,0.019269656,-0.024224764
1.000234,0.00012327057,0,0.0021214096,645.8524792859968,888.8829622805555,1591,61987.46,7.579171,1697.9061,0.53422123,67952.79,8.3746195,0,,,,,645.8524792859968,0.00013207413,888.8829622805555,0.00016640138,0.019447023,-0.025279533
1.0001087,0.00012324878,0,0.0021223212,645.8524324598179,888.8839704630612,1592,61972.04,7.578551,1698.2122,0.5343742,67944.27,8.373139,0,,,,,645.8524324598179,0.0001321118,888.8839704630612,0.00016647397,0.019226734,-0.02449766
1.0002192,0.0001233096,0,0.0021232325,645.8528062120504,888.8835709808349,1593,61979.59,7.5788713,1698.9945,0.53403825,67951.78,8.377271,0,,,,,645.8528062120504,0.00013210063,888.8835709808349,0.00016644856,0.019503947,-0.024719534
1.0002929,0.00012334339,0,0.0021241435,645.8527656401722,888.8838681883484,1594,61976.03,7.5787005,1699.1991,0.5340109,67956.79,8.379566,0,,,,,645.8527656401722,0.00013210722,888.8838681883484,0.00016647154,0.01929229,-0.024215085
1.0003263,0.00012337104,0,0.0021250546,645.8532791898224,888.883496731768,1595,61982.746,7.5788646,1696.0905,0.53415436,67959.055,8.381445,0,,,,,645.8532791898224,0.00013207286,888.883496731768,0.00016642892,0.019852981,-0.024754122
1.0000281,0.00012332853,128,0.0021259654,645.8536115474736,888.8833378370167,1596,61957.46,7.578225,1697.309,0.53402555,67938.805,8.378557,128,,,,,645.8536115474736,0.00013211845,888.8833378370167,0.0001664699,0.019780481,-0.024363244
1.0000993,0.00012328633,0,0.0021268763,645.853580262822,888.883974882746,1597,61965.434,7.578202,1698.0178,0.5339276,67943.64,8.3756895,0,,,,,645.853580262822,0.00013209574,888.883974882746,0.00016648407,0.020253029,-0.024330536
1.0003133,0.00012331895,0,0.0021277866,645.853899933459,888.8839125018192,1598,61973.367,7.578679,1697.0128,0.53414935,67958.17,8.377906,0,,,,,645.853899933459,0.00013208286,888.8839125018192,0.00016647717,0.020257652,-0.023929982
1.0001055,0.00012328797,0,0.002128697,645.8539027993771,888.8843300140358,1599,61962.332,7.5781407,1698.3032,0.53424186,67944.055,8.375801,0,,,,,645.8539027993771,0.0001321054,888.8843300140358,0.0001664784,0.020473737,-0.024037331
1.0002564,0.00012332588,0,0.0021296074,645.854442936396,888.883405520623,1600,61969.766,7.578428,1697.1111,0.53402585,67954.31,8.378377,0,,,,,645.854442936396,0.00013220872,888.883405520623,0.00016651252,0.020200027,-0.02413646
1.0002606,0.00012336764,0,0.0021305173,645.8536547256315,888.8838994558362,1601,61971.094,7.578648,1698.0919,0.5341082,67954.59,8.381214,0,,,,,645.8536547256315,0.00013210395,888.8838994558362,0.00016648557,0.0200795,-0.024005283
1.0000343,0.00012334119,0,0.0021314272,645.853178220889,888.8832799256749,1602,61967.062,7.578333,1698.3805,0.5339606,67939.23,8.379416,0,,,,,645.853178220889,0.00013210495,888.8832799256749,0.0001664488,0.020375686,-0.025254058
1.0002064,0.00012336088,0,0.002132337,645.8537018455912,888.8835012235674,1603,61971.977,7.5784397,1696.764,0.5341775,67950.91,8.380754,0,,,,,645.8537018455912,0.00013208334,888.8835012235674,0.00016644463,0.020359283,-0.024724185
1.0001469,0.00012331494,0,0.0021332467,645.8538679383767,888.883525095112,1604,61968.84,7.5784864,1695.9967,0.53389585,67946.87,8.377633,0,,,,,645.8538679383767,0.00013209811,888.883525095112,0.00016646735,0.020444058,-0.024750065
1.0001673,0.00012334158,0,0.0021341562,645.8534091082598,888.8841905197867,1605,61961.297,7.5779686,1697.8381,0.53361285,67948.25,8.379443,0,,,,,645.8534091082598,0.00013210681,888.8841905197867,0.00016648576,0.02000646,-0.024111018
0.9999833,0.0001233305,0,0.0021350654,645.8536714659026,888.8837788531424,1606,61955.23,7.5777235,1697.8553,0.5337424,67935.76,8.378691,0,,,,,645.8536714659026,0.00013210697,888.8837788531424,0.00016650005,0.020217314,-0.024316544
1.000154,0.00012335513,0,0.0021359746,645.8532672584884,888.8839761099598,1607,61959.125,7.5780125,1696.9037,0.5346637,67947.35,8.380364,0,,,,,645.8532672584884,0.0001321101,888.8839761099598,0.0001664971,0.019883052,-0.023724787
1.0000945,0.00012335672,0,0.0021368836,645.8531216477753,888.8841705376329,1608,61958.9,7.578011,1694.407,0.5338539,67943.31,8.380472,0,,,,,645.8531216477753,0.00013210745,888.8841705376329,0.00016649837,0.01980551,-0.023856454
1.000162,0.00012331773,0,0.0021377923,645.853144450051,888.8844006782415,1609,61957.227,7.5777574,1697.0663,0.5334752,67947.9,8.377823,0,,,,,645.853144450051,0.00013211544,888.8844006782415,0.00016658295,0.019738391,-0.023483299
1.0002538,0.00012333196,0,0.002138701,645.8532805358251,888.8840549196703,1610,61964.875,7.578165,1695.2673,0.53369355,67954.13,8.37879,0,,,,,645.8532805358251,0.00013209741,888.8840549196703,0.00016649462,0.019735022,-0.02350671
1.0002924,0.00012337789,0,0.0021396095,645.8532699321789,888.8843584350518,1611,61965.72,7.5783486,1697.0835,0.5336702,67956.76,8.38191,0,,,,,645.8532699321789,0.0001321097,888.8843584350518,0.00016649038,0.019822676,-0.023561252
1.0002066,0.00012331962,0,0.0021405178,645.8533404430603,888.8841381435967,1612,61958.168,7.5779533,1698.0708,0.53402,67950.92,8.377952,0,,,,,645.8533404430603,0.00013210937,888.8841381435967,0.00016652938,0.019736009,-0.02305362
1.0004531,0.0001233064,0,0.002141426,645.8532884308141,888.8845569828841,1613,61974.586,7.57859,1696.4142,0.533853,67967.67,8.377053,0,,,,,645.8532884308141,0.00013210875,888.8845569828841,0.00016648533,0.02000183,-0.023119101
1.0002115,0.00012333396,0,0.0021423341,645.8529199214092,888.8839711981587,1614,61960.832,7.5780163,1696.4333,0.5339186,67951.26,8.378925,0,,,,,645.8529199214092,0.00013211135,888.8839711981587,0.00016650176,0.019425752,-0.023533799
0.99998677,0.00012335628,8192,0.002143242,645.8529467289853,888.8837906727547,1615,61958.65,7.5779333,1693.449,0.53373206,67935.99,8.380442,8192,,,,,645.8529467289853,0.0001321224,888.8837906727547,0.0001664945,0.019882556,-0.02451082
1.0001879,0.00012330453,0,0.0021441497,645.8533688418944,888.8843096767807,1616,61960.06,7.5779886,1694.683,0.5334663,67949.66,8.376926,0,,,,,645.8533688418944,0.00013209849,888.8843096767807,0.00016649344,0.019817134,-0.023418225
1.0000477,0.00012331217,0,0.0021450573,645.8536107334346,888.88461189153,1617,61955.688,7.5777407,1694.4493,0.5339379,67940.13,8.377445,0,,,,,645.8536107334346,0.00013211368,888.88461189153,0.00016652072,0.020222727,-0.023427194
1.0002738,0.00012332395,0,0.0021459647,645.8530038404294,888.8846779975192,1618,61960.434,7.577912,1696.6953,0.5338188,67955.49,8.378245,0,,,,,645.8530038404294,0.00013210246,888.8846779975192,0.00016653012,0.019480517,-0.022952633
1.0001884,0.00012331476,8192,0.002146872,645.8534408952968,888.8847740940379,1619,61959.125,7.5779862,1693.7578,0.53393745,67949.69,8.377622,8192,,,,,645.8534408952968,0.0001321182,888.8847740940379,0.00016653673,0.020074759,-0.023181139
1.0003803,0.00012332077,0,0.002147779,645.8535840838002,888.884641534356,1620,61965.453,7.578113,1694.7688,0.53372675,67962.73,8.37803,0,,,,,645.8535840838002,0.00013208955,888.884641534356,0.0001665201,0.019634984,-0.022760065
1.0001353,0.00012335247,0,0.002148686,645.852973589883,888.8843079988907,1621,61952.99,7.577684,1694.8947,0.5339691,67946.086,8.380183,0,,,,,645.852973589883,0.00013210384,888.8843079988907,0.00016654421,0.019500038,-0.02325497
1.0002003,0.00012330133,0,0.0021495929,645.8531941699885,888.8847822339058,1622,61953.87,7.577793,1696.3322,0.5340333,67950.5,8.376709,0,,,,,645.8531941699885,0.00013212883,888.8847822339058,0.00016655374,0.019516908,-0.022716979
1.0001377,0.00012329746,0,0.0021504995,645.8531044163624,888.8850681286028,1623,61948.87,7.5776286,1696.2363,0.533853,67946.24,8.376446,0,,,,,645.8531044163624,0.00013211943,888.8850681286028,0.00016656882,0.019720865,-0.022566
1.0001016,0.00012334037,0,0.002151406,645.8530106207112,888.8848874886355,1624,61947.574,7.5772724,1694.63,0.53381723,67943.79,8.379361,0,,,,,645.8530106207112,0.00013212497,888.8848874886355,0.00016663085,0.01918626,-0.022525204
1.0001783,0.00012331223,0,0.0021523123,645.8531271087284,888.8852042639693,1625,61947.535,7.5775595,1696.5002,0.5339093,67949.01,8.37745,0,,,,,645.8531271087284,0.00013213005,888.8852042639693,0.00016657976,0.019554568,-0.022386193
1.0000368,0.00012328765,0,0.0021532185,645.8532019967348,888.8850476528886,1626,61942.71,7.5773487,1695.6746,0.5337961,67939.39,8.37578,0,,,,,645.8532019967348,0.00013213285,888.8850476528886,0.00016656976,0.01973683,-0.02241686
1.0000199,0.00012326689,0,0.0021541244,645.8530456717448,888.8850254169705,1627,61937.117,7.577052,1695.2539,0.53383464,67938.24,8.374369,0,,,,,645.8530456717448,0.00013213427,888.8850254169705,0.00016660083,0.01946074,-0.022257969
1.0000414,0.00012332568,8192,0.0021550301,645.8528720105314,888.8851020216349,1628,61941.055,7.577171,1697.4358,0.53369266,67939.7,8.378363,8192,,,,,645.8528720105314,0.00013212734,888.8851020216349,0.00016657817,0.019331757,-0.022419209
1.0000842,0.00012330823,0,0.0021559359,645.8528465202075,888.8852959564515,1629,61937.94,7.577116,1696.862,0.53424495,67942.61,8.377177,0,,,,,645.8528465202075,0.00013214927,888.8852959564515,0.00016660469,0.019033767,-0.021888439
1.0000255,0.00012335349,0,0.0021568416,645.8527036327313,888.8845053438882,1630,61948.28,7.577578,1695.2911,0.53368765,67938.625,8.380252,0,,,,,645.8527036327313,0.00013213456,888.8845053438882,0.00016656006,0.019179398,-0.02313561
1.0003359,0.00012336006,0,0.0021577468,645.8526794301746,888.884912768491,1631,61966.277,7.57819,1696.4683,0.53389037,67959.71,8.380699,0,,,,,645.8526794301746,0.00013209783,888.884912768491,0.00016652145,0.019109001,-0.022626374
1.0001214,0.00012332626,0,0.002158652,645.8527920080334,888.8851937244127,1632,61951.477,7.577579,1697.2793,0.53321993,67945.13,8.378403,0,,,,,645.8527920080334,0.00013213226,888.8851937244127,0.00016654142,0.019245422,-0.022509204
1.000251,0.00012329897,0,0.002159557,645.8526364441258,888.8853078971924,1633,61953.42,7.5776696,1694.872,0.53400475,67953.945,8.376549,0,,,,,645.8526364441258,0.00013211137,888.8853078971924,0.00016655133,0.019094678,-0.022270013
1.0001099,0.0001232995,0,0.002160462,645.8526676866437,888.8854450774697,1634,61945.29,7.5772314,1696.7634,0.53359026,67944.36,8.376585,0,,,,,645.8526676866437,0.00013212737,888.8854450774697,0.0001665783,0.01906255,-0.022041135
1.0002675,0.00012332224,0,0.0021613666,645.8527549791969,888.8854680187718,1635,61953.71,7.577695,1699.3958,0.53370535,67955.06,8.37813,0,,,,,645.8527549791969,0.00013215054,888.8854680187718,0.00016655581,0.019105544,-0.022147741
1.0002737,0.00012330872,0,0.0021622714,645.8526642925008,888.8857215436167,1636,61951.688,7.577647,1696.1688,0.53368545,67955.484,8.377212,0,,,,,645.8526642925008,0.00013213167,888.8857215436167,0.0001666002,0.019077336,-0.021740204
1.000168,0.00012327317,0,0.0021631757,645.8528867409141,888.885356795784,1637,61948.01,7.5774703,1692.8813,0.5340652,67948.305,8.374796,0,,,,,645.8528867409141,0.00013211742,888.885356795784,0.00016657248,0.019333396,-0.021839524
1.0002363,0.00012331006,0,0.00216408,645.8523766591194,888.8855507379131,1638,61945.63,7.5773935,1696.1611,0.5339774,67952.945,8.377302,0,,,,,645.8523766591194,0.00013213367,888.8855507379131,0.00016659514,0.018603388,-0.02155554
1.0005846,0.000123315,0,0.0021649841,645.8523442988392,888.8856635123916,1639,61972.527,7.5784965,1696.5497,0.5339958,67976.61,8.377638,0,,,,,645.8523442988392,0.00013210649,888.8856635123916,0.00016654379,0.018803878,-0.02188565
1.000044,0.00012328672,0,0.002165888,645.8524455239801,888.8858863446073,1640,61932.336,7.5767937,1697.0228,0.5341079,67939.88,8.375716,0,,,,,645.8524455239801,0.00013215056,888.8858863446073,0.00016662478,0.018711243,-0.021213908
1.0002263,0.00012332745,0,0.0021667918,645.8524293808334,888.8856867342281,1641,61948.223,7.5774565,1696.0857,0.5335792,67952.266,8.378484,0,,,,,645.8524293808334,0.00013212883,888.8856867342281,0.00016658676,0.018829593,-0.021671867
1.0003823,0.00012330183,0,0.0021676954,645.8522462671824,888.8862526966705,1642,61950.86,7.5775137,1695.0005,0.5333578,67962.87,8.376742,0,,,,,645.8522462671824,0.00013213193,888.8862526966705,0.00016660051,0.018471155,-0.021022785
1.0002458,0.00012333051,0,0.0021685988,645.8521558074766,888.885603717059,1643,61947.81,7.577444,1693.123,0.53379095,67953.59,8.378692,0,,,,,645.8521558074766,0.00013212334,888.885603717059,0.00016658388,0.018514704,-0.021412985
1.0005594,0.00012332614,0,0.0021695022,645.8521181813212,888.8859934893941,1644,61960.95,7.577991,1693.3837,0.5341016,67974.9,8.378395,0,,,,,645.8521181813212,0.00013211212,888.8859934893941,0.00016657646,0.01825229,-0.02092157
1.0001519,0.00012330656,0,0.0021704054,645.8518293481079,888.8856978869522,1645,61939.14,7.577052,1695.0948,0.5338932,67947.21,8.377064,0,,,,,645.8518293481079,0.00013216291,888.8856978869522,0.00016661928,0.018081259,-0.021154447
1.0000962,0.0001233487,128,0.0021713083,645.8520805823754,888.885977457955,1646,61933.52,7.5774336,1693.7599,0.53409386,67943.43,8.379927,128,,,,,645.8520805823754,0.00013218104,888.885977457955,0.00016667398,0.018035907,-0.020970369
1.0000297,0.00012327841,0,0.0021722112,645.8518218621276,888.8865349595312,1647,61927.816,7.5742035,1696.0197,0.5344439,67938.91,8.375152,0,,,,,645.8518218621276,0.00013218327,888.8865349595312,0.00016667866,0.017999236,-0.020742284
1.0000566,0.00012329506,0,0.0021731139,645.8518582524395,888.8862354219496,1648,61929.9,7.576668,1693.3269,0.533669,67940.734,8.376283,0,,,,,645.8518582524395,0.00013214891,888.8862354219496,0.00016664524,0.018223675,-0.020883935
1.0001297,0.00012323417,0,0.0021740163,645.8518301304738,888.8864892873241,1649,61930.28,7.57397,1693.782,0.53352946,67945.7,8.372147,0,,,,,645.8518301304738,0.00013217094,888.8864892873241,0.0001666572,0.017966472,-0.020463156
1.0001601,0.00012327988,8192,0.0021749188,645.8513320988195,888.886219816022,1650,61937.95,7.574235,1695.0078,0.5338154,67947.766,8.375252,8192,,,,,645.8513320988195,0.00013215556,888.886219816022,0.00016663696,0.017797021,-0.021016832
1.0002843,0.00012324667,0,0.002175821,645.8514663273278,888.8862721058806,1651,61939.59,7.574328,1694.1821,0.5337181,67956.2,8.372995,0,,,,,645.8514663273278,0.00013215,888.8862721058806,0.00016661664,0.0175186,-0.020662738
1.0004194,0.0001233023,0,0.002176723,645.851619663768,888.8863728855919,1652,61951.79,7.5747557,1694.3484,0.5339191,67965.38,8.376776,0,,,,,645.851619663768,0.00013212602,888.8863728855919,0.00016660582,0.017728774,-0.021027878
1.0001872,0.00012329292,0,0.0021776247,645.8509815843735,888.8864251514588,1653,61931.46,7.5739746,1694.0204,0.5338667,67949.6,8.376138,0,,,,,645.8509815843735,0.00013217572,888.8864251514588,0.00016666169,0.017165642,-0.020557798
1.0002354,0.00012326805,0,0.0021785265,645.8515519516351,888.8863241052721,1654,61939.598,7.5742106,1693.2585,0.53364706,67952.88,8.374448,0,,,,,645.8515519516351,0.00013215115,888.8863241052721,0.0001666142,0.017764255,-0.02073906
1.0005026,0.00012329356,0,0.002179428,645.851403744619,888.8865248319818,1655,61949.26,7.5747004,1695.4951,0.5342209,67971.03,8.376182,0,,,,,645.851403744619,0.00013214759,888.8865248319818,0.00016660694,0.017169002,-0.020355327
1.0002296,0.00012328735,8192,0.0021803295,645.8512858753849,888.8862686290096,1656,61936.332,7.574127,1694.3931,0.533961,67952.49,8.375759,8192,,,,,645.8512858753849,0.00013216534,888.8862686290096,0.00016663644,0.017476637,-0.02049023
1.0002812,0.00012326863,0,0.0021812306,645.85108936462,888.8864248199274,1657,61936.473,7.574141,1693.9825,0.53415936,67955.99,8.374488,0,,,,,645.85108936462,0.00013215328,888.8864248199274,0.00016664677,0.017267011,-0.02034874
1.0001253,0.00012326366,0,0.0021821316,645.8511987494694,888.8863618645606,1658,61928.156,7.573725,1694.2455,0.5335916,67945.41,8.374149,0,,,,,645.8511987494694,0.00013217145,888.8863618645606,0.00016665611,0.017290775,-0.020499466
1.0001136,0.00012330092,0,0.0021830327,645.8508786056069,888.8863221878038,1659,61926.266,7.573661,1692.287,0.5339158,67944.61,8.376681,0,,,,,645.8508786056069,0.00013218772,888.8863221878038,0.00016666231,0.016838543,-0.020227075
1.0002235,0.00012326847,0,0.0021839333,645.8509285211957,888.8863777762317,1660,61931.17,7.573848,1692.6825,0.53404504,67952.08,8.374476,0,,,,,645.8509285211957,0.00013216553,888.8863777762317,0.00016664436,0.01704939,-0.020024942
1.0001239,0.00012330184,0,0.0021848339,645.8505317825773,888.8867974645668,1661,61926.6,7.573799,1694.8279,0.5338695,67945.305,8.376743,0,,,,,645.8505317825773,0.00013220155,888.8867974645668,0.00016670593,0.016580207,-0.020141486
1.0000836,0.00012325737,0,0.0021857345,645.8506570092129,888.88659949468,1662,61921.066,7.5734377,1696.6628,0.5335074,67942.57,8.373722,0,,,,,645.8506570092129,0.00013218587,888.88659949468,0.00016669634,0.016548425,-0.019843096
1.0000664,0.00012327878,0,0.0021866346,645.8502209590582,888.8863729059694,1663,61923.63,7.573718,1694.4109,0.5334021,67941.4,8.375176,0,,,,,645.8502209590582,0.00013219965,888.8863729059694,0.00016669977,0.016446766,-0.020170068
1.0002166,0.0001232295,0,0.0021875347,645.8503625175173,888.8869906073536,1664,61926.72,7.5736475,1694.1704,0.5337707,67951.61,8.371829,0,,,,,645.8503625175173,0.0001321871,888.8869906073536,0.00016667097,0.016230553,-0.019734016
1.0002896,0.00012331209,0,0.0021884346,645.8500562097253,888.8868560733787,1665,61937.344,7.574163,1694.0908,0.53354657,67956.56,8.3774395,0,,,,,645.8500562097253,0.00013217454,888.8868560733787,0.00016667739,0.015883612,-0.019776486
0.99992883,0.00012328466,0,0.0021893345,645.8496255618231,888.8871515531008,1666,61909.34,7.5738983,1693.6643,0.5341168,67932.055,8.375576,0,,,,,645.8496255618231,0.00013224137,888.8871515531008,0.0001667561,0.015643515,-0.019355055
1.0003053,0.00012327697,0,0.0021902341,645.8498990755985,888.8867540464771,1667,61937.484,7.574176,1691.8618,0.53426284,67957.63,8.375054,0,,,,,645.8498990755985,0.00013217986,888.8867540464771,0.00016675079,0.015529089,-0.019430708
0.9997132,0.00012321587,8192,0.0021911336,645.8483556444834,888.8872129395497,1668,61895.863,7.575188,1693.8611,0.5340794,67917.41,8.370903,8192,,,,,645.8483556444834,0.00013228905,888.8872129395497,0.000166829,0.01464016,-0.019111095
0.9999548,0.00012328601,0,0.0021920328,645.848730962335,888.8871118728334,1669,61913.125,7.574091,1691.7612,0.5338794,67933.82,8.375669,0,,,,,645.848730962335,0.00013225562,888.8871118728334,0.00016674495,0.015061798,-0.019506041
1.0000308,0.00012327447,8192,0.002192932,645.8487459772781,888.8875395733174,1670,61913.09,7.5748987,1693.3828,0.5337812,67938.98,8.374885,8192,,,,,645.8487459772781,0.00013222064,888.8875395733174,0.00016676514,0.0146576855,-0.018735057
1.0000266,0.0001233297,0,0.002193831,645.8490613994367,888.8875423344258,1671,61913.227,7.574866,1694.4133,0.53369886,67938.695,8.378636,0,,,,,645.8490613994367,0.0001322325,888.8875423344258,0.00016676498,0.014881184,-0.018737076
1.0000954,0.00012331695,0,0.0021947296,645.8489663159971,888.8877987867473,1672,61917.566,7.5750103,1695.2859,0.53382677,67943.37,8.377769,0,,,,,645.8489663159971,0.00013221687,888.8877987867473,0.00016674823,0.014864276,-0.018915942
1.0001956,0.00012332178,0,0.0021956284,645.8490229851241,888.8877348504973,1673,61921.89,7.5752697,1694.0575,0.534039,67950.18,8.3780985,0,,,,,645.8490229851241,0.00013220802,888.8877348504973,0.00016675117,0.014697552,-0.018585285
1.0003577,0.00012320871,0,0.0021965269,645.8486740564058,888.8872895000965,1674,61935.867,7.5758114,1694.0519,0.5341311,67961.195,8.370417,0,,,,,645.8486740564058,0.00013218887,888.8872895000965,0.00016670255,0.014624217,-0.01901175
1.0002339,0.00012326735,0,0.002197425,645.8490968454632,888.8874047832406,1675,61924.844,7.575298,1693.6726,0.53377223,67952.78,8.374401,0,,,,,645.8490968454632,0.00013220457,888.8874047832406,0.00016673023,0.014693169,-0.018535128
1.0002086,0.00012329602,0,0.0021983234,645.8494785423758,888.8872575280882,1676,61928.336,7.5753856,1692.3721,0.5342992,67951.06,8.3763485,0,,,,,645.8494785423758,0.00013219148,888.8872575280882,0.00016669625,0.015204432,-0.018987268
1.0001503,0.00012330431,0,0.0021992214,645.8491256463201,888.8877022948213,1677,61919.85,7.5751176,1693.8484,0.53360385,67947.1,8.376912,0,,,,,645.8491256463201,0.00013220939,888.8877022948213,0.00016674824,0.014923056,-0.018633418
1.0004781,0.0001233282,0,0.0022001192,645.8502222048462,888.8872259658394,1678,61945.652,7.5761213,1692.9935,0.53373104,67969.375,8.378534,0,,,,,645.8502222048462,0.00013216182,888.8872259658394,0.00016666943,0.015767278,-0.019361608
1.0001061,0.00012328122,0,0.0022010168,645.849580888169,888.8871977389166,1679,61916.93,7.5749636,1693.2789,0.5338674,67944.1,8.375343,0,,,,,645.849580888169,0.00013221,888.8871977389166,0.0001667559,0.015282938,-0.018997844
1.0003036,0.00012330266,0,0.0022019143,645.8503877768904,888.8871201145502,1680,61934.44,7.5756583,1694.5706,0.5338565,67957.516,8.376799,0,,,,,645.8503877768904,0.00013216575,888.8871201145502,0.00016670309,0.016277036,-0.019377029
1.0001773,0.0001232819,0,0.0022028117,645.8499097382845,888.887402674848,1681,61921.875,7.5750723,1692.1057,0.5339079,67948.93,8.375389,0,,,,,645.8499097382845,0.00013219031,888.887402674848,0.00016672166,0.015570026,-0.018681394
1.0001489,0.00012330241,0,0.0022037087,645.8501950676671,888.8869627013783,1682,61923.92,7.5752354,1692.7352,0.53393406,67947.01,8.376782,0,,,,,645.8501950676671,0.00013218599,888.8869627013783,0.00016671632,0.016053172,-0.01916543
1.000215,0.00012329646,0,0.0022046058,645.8503683194758,888.8870722757954,1683,61923.613,7.5751724,1693.6403,0.53389204,67951.5,8.376378,0,,,,,645.8503683194758,0.00013217711,888.8870722757954,0.00016671576,0.016046006,-0.01886024
1.000159,0.00012325039,0,0.0022063993,645.8499890763437,888.887327548926,1685,61918.656,7.575224,1693.6406,0.53410095,67947.695,8.373248,0,,,,,645.8499890763437,0.00013220488,888.887327548926,0.00016674628,0.0157422,-0.019060925
0.99992204,0.00012326852,0,0.002207296,645.849582435952,888.8873109107484,1686,61901.95,7.574285,1693.7546,0.5336769,67931.59,8.37448,0,,,,,645.849582435952,0.00013221579,888.8873109107484,0.0001667501,0.015673785,-0.01888129
1.000196,0.00012329445,0,0.0022081924,645.8497370154724,888.886892887664,1687,61925.133,7.5752873,1692.972,0.5339286,67950.2,8.376242,0,,,,,645.8497370154724,0.00013218945,888.886892887664,0.00016672285,0.015601718,-0.019333465
0.99997973,0.0001231908,128,0.0022090885,645.8495490103143,888.886614177353,1688,61914.1,7.5735035,1692.9384,0.5336088,67935.516,8.3692,128,,,,,645.8495490103143,0.00013221236,888.886614177353,0.00016669284,0.015408517,-0.019662326
0.99990225,0.00012328393,128,0.0022099845,645.8496384969925,888.8864525627605,1689,61912.598,7.573662,1693.3322,0.5335803,67930.25,8.375526,128,,,,,645.8496384969925,0.0001322196,888.8864525627605,0.00016672193,0.015694093,-0.01974891
1.0000885,0.0001232232,0,0.0022108804,645.8495787609959,888.8872990098914,1690,61913.402,7.5746593,1692.4923,0.53380114,67942.9,8.371401,0,,,,,645.8495787609959,0.00013221178,888.8872990098914,0.00016673528,0.015301537,-0.018977871
1.0001137,0.00012323701,0,0.002211776,645.8495455386488,888.8871844494993,1691,61919.438,7.5749373,1690.5408,0.53390515,67944.62,8.372339,0,,,,,645.8495455386488,0.00013220044,888.8871844494993,0.00016671841,0.015215783,-0.01925975
1.0002967,0.000123274,0,0.0022126716,645.8489290817622,888.8876437885153,1692,61922.57,7.5751767,1692.057,0.5338417,67957.05,8.374852,0,,,,,645.8489290817622,0.00013220121,888.8876437885153,0.00016673414,0.014824602,-0.018466447
1.0000514,0.0001232295,0,0.002213567,645.8488826546968,888.8876191492,1693,61911.188,7.574721,1694.043,0.5337207,67940.38,8.371829,0,,,,,645.8488826546968,0.00013223622,888.8876191492,0.00016676355,0.014731317,-0.018810814
1.00024,0.00012323399,0,0.0022144623,645.8485078998165,888.8874805652714,1694,61915.895,7.5748367,1694.0875,0.53349626,67953.195,8.372134,0,,,,,645.8485078998165,0.0001322188,888.8874805652714,0.00016676319,0.014307395,-0.018340938
1.0001657,0.0001232715,0,0.0022153573,645.8488424888735,888.8873484160207,1695,61919.94,7.5750675,1694.4855,0.53341085,67948.15,8.374682,0,,,,,645.8488424888735,0.00013220623,888.8873484160207,0.00016673846,0.014665306,-0.018910054
1.000015,0.00012320477,128,0.0022162523,645.8488729639113,888.8869228038244,1696,61914.414,7.57362,1694.4525,0.5335122,67937.914,8.370149,128,,,,,645.8488729639113,0.00013221864,888.8869228038244,0.00016670635,0.014566291,-0.019297708
1.0002592,0.0001233178,0,0.0022171468,645.849217757326,888.8876260677241,1697,61928.637,7.5754266,1693.888,0.5335894,67954.5,8.377829,0,,,,,645.849217757326,0.00013220082,888.8876260677241,0.00016671732,0.01512832,-0.018880751
1.0003271,0.00012325922,0,0.0022180416,645.8491640165049,888.887511871761,1698,61926.555,7.5754056,1695.1547,0.5336592,67959.12,8.373848,0,,,,,645.8491640165049,0.0001322007,888.887511871761,0.0001667193,0.014866649,-0.018446036
1.0000681,0.00012326908,0,0.0022189359,645.8490041875457,888.8874232163352,1699,61908.395,7.5745535,1693.4316,0.5334573,67941.516,8.374518,0,,,,,645.8490041875457,0.00013222039,888.8874232163352,0.00016677304,0.014705762,-0.018316507
1.0002527,0.00012325829,0,0.0022198302,645.8491866843926,888.8877579453234,1700,61920.215,7.5749807,1693.9962,0.5340254,67954.06,8.373785,0,,,,,645.8491866843926,0.00013220323,888.8877579453234,0.00016673632,0.014805113,-0.018120442
1.00014,0.00012327112,0,0.0022207242,645.8490127659134,888.8879523794596,1701,61908.062,7.574574,1695.2742,0.5334824,67946.4,8.374657,0,,,,,645.8490127659134,0.0001322297,888.8879523794596,0.0001667979,0.014546802,-0.017786471
1.0003998,0.00012322493,0,0.002221618,645.8487998792575,888.8878882645682,1702,61927.254,7.575421,1692.5311,0.5335667,67964.055,8.371519,0,,,,,645.8487998792575,0.0001322002,888.8878882645682,0.0001667568,0.014343227,-0.018002575
1.000297,0.00012318595,0,0.0022225117,645.8479877201804,888.8881611125169,1703,61918.543,7.5749435,1694.4034,0.5336083,67957.06,8.368871,0,,,,,645.8479877201804,0.00013221941,888.8881611125169,0.00016676715,0.013973409,-0.01788242
1.0001358,0.00012326687,0,0.0022234053,645.8485024498989,888.8877636730421,1704,61922.375,7.5750413,1691.7344,0.53356797,67946.12,8.374368,0,,,,,645.8485024498989,0.00013220699,888.8877636730421,0.00016673931,0.01446919,-0.018720515
1.0003408,0.0001232407,0,0.0022242987,645.8482337771353,888.8879986818267,1705,61927.04,7.5752077,1692.9856,0.5337651,67960.05,8.372589,0,,,,,645.8482337771353,0.00013219863,888.8879986818267,0.00016671952,0.014114859,-0.01831139
1.0003008,0.000123241,0,0.002225192,645.8486487862104,888.8877056711427,1706,61925.383,7.575249,1691.1094,0.5337092,67957.32,8.37261,0,,,,,645.8486487862104,0.00013217925,888.8877056711427,0.00016673587,0.014329407,-0.018119944
1.0002694,0.00012326722,0,0.0022260852,645.8483771032597,888.8882997826599,1707,61914.7,7.5748196,1694.9929,0.5337514,67955.195,8.374392,0,,,,,645.8483771032597,0.00013223062,888.8882997826599,0.00016677723,0.014080605,-0.017532084
0.99999046,0.0001232544,128,0.002226978,645.8485523457787,888.8878167262321,1708,61900.92,7.574578,1694.202,0.5337516,67936.24,8.373521,128,,,,,645.8485523457787,0.00013225016,888.8878167262321,0.00016678826,0.014256072,-0.017854428
1.0000383,0.0001232227,0,0.0022278707,645.8480244694798,888.8882049271039,1709,61896.195,7.574033,1692.5125,0.53372973,67939.49,8.3713665,0,,,,,645.8480244694798,0.0001322479,888.8882049271039,0.00016680948,0.0136321895,-0.017279357
1.0000061,0.00012324838,0,0.0022287632,645.8482085161465,888.8880510816884,1710,61895.453,7.574174,1692.9586,0.53427273,67937.305,8.373112,0,,,,,645.8482085161465,0.0001322587,888.8880510816884,0.00016684641,0.013789147,-0.017368205
1.0000143,0.00012321967,0,0.0022296556,645.8486851411093,888.8884605729645,1711,61894.9,7.574088,1694.5594,0.533622,67937.86,8.3711605,0,,,,,645.8486851411093,0.00013226319,888.8884605729645,0.00016682524,0.014087007,-0.017178701
1.0001221,0.00012330041,0,0.0022305478,645.8480962715273,888.8882213059687,1712,61909.645,7.574633,1692.8186,0.5342099,67945.19,8.376647,0,,,,,645.8480962715273,0.00013223499,888.8882213059687,0.00016678705,0.014143205,-0.017569147
1.0004056,0.000123246,0,0.00223144,645.8481671302118,888.8876648926365,1713,61931.23,7.575396,1691.9001,0.5335652,67964.445,8.372951,0,,,,,645.8481671302118,0.00013218287,888.8876648926365,0.0001667183,0.014069899,-0.018009504
1.0002941,0.00012326533,0,0.002232332,645.847903752778,888.8881451287813,1714,61914.3,7.574671,1692.8357,0.5339264,67956.87,8.374263,0,,,,,645.847903752778,0.00013220987,888.8881451287813,0.00016676728,0.013392574,-0.016984254
1.000253,0.00012325938,0,0.0022332238,645.8484324925402,888.8886691518911,1715,61911.58,7.574784,1692.4827,0.5335751,67954.08,8.373859,0,,,,,645.8484324925402,0.00013221924,888.8886691518911,0.00016680155,0.0140648,-0.017063878
0.9999732,0.00012321932,0,0.0022341153,645.8478243869228,888.8891447145702,1716,61888.285,7.5748334,1692.6305,0.53372747,67935.07,8.371138,0,,,,,645.8478243869228,0.00013227765,888.8891447145702,0.00016687532,0.013530156,-0.016470121
1.0001855,0.00012326296,0,0.0022350068,645.8482371919183,888.8888048926206,1717,61906.07,7.5756717,1691.3025,0.5336604,67949.49,8.374102,0,,,,,645.8482371919183,0.00013225633,888.8888048926206,0.00016683528,0.0137129305,-0.0168232
1.0002344,0.00012317553,8192,0.0022358978,645.848148708441,888.8886405326566,1718,61900.68,7.574241,1693.005,0.53329945,67952.81,8.368162,8192,,,,,645.848148708441,0.000132245,888.8886405326566,0.00016683465,0.013423531,-0.016546356
1.0002497,0.00012329707,8192,0.002236789,645.8478772574173,888.8889883816864,1719,61906.305,7.5755696,1691.4374,0.53395534,67953.86,8.376419,8192,,,,,645.8478772574173,0.00013224932,888.8889883816864,0.00016682959,0.013655069,-0.01660464
1.000178,0.00012320213,0,0.00223768,645.847813547201,888.8889495585565,1720,61899.96,7.575314,1693.67,0.5339874,67948.984,8.369969,0,,,,,645.847813547201,0.00013224682,888.8889495585565,0.00016683931,0.013328537,-0.01643644
1.0001645,0.00012320097,0,0.0022385707,645.847862047453,888.8882797855151,1721,61911.72,7.574543,1693.6089,0.533535,67948.07,8.36989,0,,,,,645.847862047453,0.00013222979,888.8882797855151,0.00016679139,0.013572132,-0.017529614
1.0001395,0.00012326727,0,0.0022394613,645.8477554401234,888.8889754278014,1722,61903.36,7.5755124,1693.266,0.53382885,67946.37,8.374394,0,,,,,645.8477554401234,0.0001322645,888.8889754278014,0.00016684359,0.0133843,-0.01673518
1.0002923,0.00012325049,0,0.0022403516,645.848126952302,888.8886555495254,1723,61910.695,7.57584,1695.1917,0.5337517,67956.75,8.373255,0,,,,,645.848126952302,0.00013223273,888.8886555495254,0.00016682093,0.01360681,-0.01678886
1.0002722,0.00012321454,0,0.002241242,645.847837175222,888.8891757638586,1724,61902.3,7.5753984,1695.1744,0.53375196,67955.38,8.370813,0,,,,,645.847837175222,0.00013225879,888.8891757638586,0.00016687281,0.013123317,-0.016180836
1.0001851,0.0001232365,0,0.002242132,645.847744985392,888.8889923621776,1725,61899.41,7.5752254,1693.507,0.53385276,67949.47,8.372305,0,,,,,645.847744985392,0.00013225326,888.8889923621776,0.00016686546,0.013084385,-0.016232038
1.00016,0.00012326676,0,0.002243022,645.8483148070402,888.8894605736332,1726,61893.64,7.575229,1693.3903,0.5342159,67947.76,8.37436,0,,,,,645.8483148070402,0.00013227895,888.8894605736332,0.00016689963,0.013468658,-0.015671626
1.0003725,0.00012327534,8192,0.0022439116,645.8476561040377,888.8894773431956,1727,61906.047,7.575681,1693.219,0.53384304,67962.2,8.374944,8192,,,,,645.8476561040377,0.00013225395,888.8894773431956,0.00016687669,0.01297498,-0.01579585
1.0000651,0.00012323994,0,0.0022448013,645.8476036212735,888.889527447566,1728,61886.11,7.5747156,1691.5879,0.5336286,67941.31,8.372539,0,,,,,645.8476036212735,0.00013228749,888.889527447566,0.00016693083,0.012708515,-0.015455652
1.0001687,0.00012328653,0,0.0022456907,645.8478433701441,888.8893664547968,1729,61894.215,7.5750813,1693.299,0.5336127,67948.35,8.375704,0,,,,,645.8478433701441,0.0001322711,888.8893664547968,0.00016689442,0.013158092,-0.01564529
1.0000862,0.0001233169,0,0.0022465799,645.8471905476248,888.8890517023374,1730,61900.01,7.5752044,1691.3746,0.5341099,67942.75,8.377767,0,,,,,645.8471905476248,0.00013226023,888.8890517023374,0.00016684574,0.012939502,-0.01632642
1.0001591,0.00012329775,0,0.002247469,645.8475000197418,888.8891018299082,1731,61900.016,7.575279,1690.9215,0.53386897,67947.7,8.376466,0,,,,,645.8475000197418,0.00013226144,888.8891018299082,0.0001668712,0.012766566,-0.015958048
1.0001547,0.00012326038,0,0.002248358,645.847499630057,888.8891858788146,1732,61896.457,7.5750937,1694.1532,0.53345335,67947.41,8.373927,0,,,,,645.847499630057,0.00013226594,888.8891858788146,0.00016688283,0.01298801,-0.015880406
0.99987394,0.00012325891,0,0.0022492467,645.8472798691325,888.889658407493,1733,61872.008,7.5742273,1691.9213,0.5339463,67928.33,8.373827,0,,,,,645.8472798691325,0.00013230981,888.889658407493,0.00016693577,0.012563778,-0.015431511
1.0000732,0.00012320663,0,0.0022501352,645.8470586295881,888.8897275218834,1734,61888.504,7.574967,1694.1636,0.53334534,67941.86,8.3702755,0,,,,,645.8470586295881,0.00013230459,888.8897275218834,0.00016691494,0.0124897435,-0.015515382
1.0003992,0.0001231755,0,0.0022510237,645.8474959550805,888.8897884542798,1735,61901.223,7.5753355,1692.9463,0.53380615,67964.016,8.36816,0,,,,,645.8474959550805,0.00013225318,888.8897884542798,0.00016688845,0.012802431,-0.015035478
1.0002294,0.00012325564,0,0.002251912,645.8476268913191,888.8901123487543,1736,61894.273,7.5749974,1692.0463,0.5331445,67952.48,8.373605,0,,,,,645.8476268913191,0.00013226917,888.8901123487543,0.00016691483,0.013132653,-0.015023997
1.0000851,0.00012322342,0,0.0022528,645.8473353730283,888.8899662392944,1737,61878.05,7.574425,1693.0922,0.5336744,67942.67,8.371416,0,,,,,645.8473353730283,0.00013227951,888.8899662392944,0.00016694637,0.0127619915,-0.014495417
0.9999347,0.00012323543,0,0.0022536877,645.8472968175207,888.890096628434,1738,61875.1,7.5742726,1692.86,0.53376967,67932.45,8.3722315,0,,,,,645.8472968175207,0.0001323091,888.890096628434,0.00016696597,0.012650533,-0.014920409
1.0003331,0.00012328636,0,0.0022545755,645.8463586187057,888.8897863470811,1739,61901.2,7.575267,1692.0682,0.5335316,67959.516,8.375691,0,,,,,645.8463586187057,0.00013226653,888.8897863470811,0.00016689162,0.011906291,-0.015179684
1.00054,0.0001232898,0,0.002255463,645.8475133272849,888.8894286249583,1740,61918.95,7.575942,1692.2372,0.533708,67973.58,8.375926,0,,,,,645.8475133272849,0.00013221394,888.8894286249583,0.0001668236,0.012926331,-0.015743883
1.0003914,0.0001232202,0,0.0022563504,645.8473329635934,888.8900716670711,1741,61898.94,7.5751762,1693.0625,0.5337104,67963.48,8.371198,0,,,,,645.8473329635934,0.00013225232,888.8900716670711,0.00016688487,0.0126659395,-0.014698238
1.0004263,0.00012326894,0,0.0022572377,645.8470525530075,888.8903029598578,1742,61902.098,7.575219,1691.6676,0.53390265,67965.85,8.374509,0,,,,,645.8470525530075,0.00013224877,888.8903029598578,0.00016690824,0.012333705,-0.014456656
1.0002584,0.00012320076,0,0.0022581248,645.84765026892,888.8906817176005,1743,61888.258,7.574742,1691.3998,0.53341866,67954.445,8.369877,0,,,,,645.84765026892,0.00013226988,888.8906817176005,0.00016694631,0.012804671,-0.014222312
1.0002859,0.00012325207,0,0.0022590116,645.8474842843013,888.8907098567149,1744,61890.82,7.5748053,1691.8132,0.5341606,67956.31,8.373363,0,,,,,645.8474842843013,0.0001322601,888.8907098567149,0.0001669338,0.012723768,-0.014094551
1.0004327,0.00012325293,0,0.0022598985,645.8475397328762,888.8909132150832,1745,61900.05,7.575116,1688.8584,0.5336908,67966.29,8.373421,0,,,,,645.8475397328762,0.00013224788,888.8909132150832,0.00016691856,0.012655458,-0.013724291
1.0003914,0.00012325219,0,0.0022607849,645.8472247515299,888.8909824009934,1746,61891.664,7.5748806,1690.6423,0.5338199,67963.48,8.37337,0,,,,,645.8472247515299,0.00013227861,888.8909824009934,0.00016695536,0.012137619,-0.013500201
1.0002484,0.00012322296,0,0.0022616712,645.8467774231971,888.8916443711812,1747,61885.42,7.5745215,1690.8827,0.5340105,67953.766,8.371385,0,,,,,645.8467774231971,0.0001322766,888.8916443711812,0.00016695877,0.012313793,-0.0133554125
1.0002782,0.00012328144,0,0.0022625574,645.8465680288637,888.8914101234301,1748,61885.156,7.5744643,1689.1912,0.5340849,67955.79,8.375358,0,,,,,645.8465680288637,0.00013228176,888.8914101234301,0.00016697885,0.011666038,-0.013105183
1.0003664,0.00012333064,0,0.0022634435,645.8466741804181,888.8905649580744,1749,61903.938,7.5752535,1689.864,0.53381777,67961.79,8.3787,0,,,,,645.8466741804181,0.00013225262,888.8905649580744,0.00016689677,0.011957208,-0.0144096995
1.0000473,0.00012326836,0,0.0022643295,645.8465412006634,888.890786464993,1750,61874.74,7.574161,1690.6628,0.5335155,67940.11,8.374469,0,,,,,645.8465412006634,0.0001323036,888.890786464993,0.00016697535,0.011591546,-0.013683419
1.0001647,0.00012331843,0,0.0022652152,645.8461528791696,888.8909768822106,1751,61883.883,7.574496,1689.9943,0.5334781,67948.086,8.377871,0,,,,,645.8461528791696,0.00013229364,888.8909768822106,0.00016697805,0.011589674,-0.013679982
1.0002285,0.00012321562,0,0.0022661006,645.8466664338216,888.8916398816771,1752,61877.855,7.574186,1691.1765,0.5334519,67952.414,8.370886,0,,,,,645.8466664338216,0.00013230152,888.8916398816771,0.00016700938,0.011805176,-0.012610433
1.0003185,0.0001232381,0,0.002266986,645.8462432413997,888.891675840814,1753,61888.594,7.574553,1691.0115,0.5334198,67958.53,8.372414,0,,,,,645.8462432413997,0.00013228627,888.891675840814,0.00016698195,0.0113335475,-0.012900999
1.0000854,0.00012327865,0,0.0022678713,645.8456699343525,888.8921329444961,1754,61866.29,7.5737677,1691.5435,0.53358734,67942.69,8.375168,0,,,,,645.8456699343525,0.00013233004,888.8921329444961,0.0001670515,0.010664266,-0.012132026
1.0003127,0.0001232059,8192,0.0022687563,645.8463890868594,888.8922515129063,1755,61885.094,7.5744815,1690.9707,0.5338663,67958.13,8.370226,8192,,,,,645.8463890868594,0.00013228273,888.8922515129063,0.0001669958,0.011597737,-0.012161698
1.0002999,0.00012327595,0,0.002269641,645.8464153575142,888.8924075111426,1756,61878.855,7.574267,1690.4551,0.53423315,67957.266,8.374985,0,,,,,645.8464153575142,0.00013229375,888.8924075111426,0.00016701569,0.011260862,-0.011886341
1.0001415,0.00012329398,0,0.0022705258,645.8458264399635,888.8924807490854,1757,61871.477,7.5739126,1689.5786,0.5338686,67946.51,8.37621,0,,,,,645.8458264399635,0.00013232225,888.8924807490854,0.0001670351,0.011094277,-0.011982562
1.0001765,0.00012324589,0,0.0022714103,645.845350643075,888.8920960250329,1758,61868.85,7.57374,1688.4955,0.5341279,67948.88,8.372943,0,,,,,645.845350643075,0.00013232246,888.8920960250329,0.00016704782,0.0104612885,-0.011899956
0.9999923,0.00012327307,0,0.0022722946,645.8461493841355,888.89207631295,1759,61865.363,7.5735736,1691.0387,0.5332617,67936.37,8.374789,0,,,,,645.8461493841355,0.00013231196,888.89207631295,0.00016702627,0.01129779,-0.012286907
1.0003545,0.00012330766,0,0.0022731787,645.846294311671,888.8915335318475,1760,61892.82,7.5747695,1688.2893,0.53367907,67960.98,8.377139,0,,,,,645.846294311671,0.00013226815,888.8915335318475,0.00016696594,0.011576513,-0.012963654
1.0002648,0.00012326395,0,0.0022740627,645.8461827358203,888.891607775293,1761,61883.28,7.574403,1689.1752,0.53377515,67954.875,8.374169,0,,,,,645.8461827358203,0.00013228646,888.891607775293,0.00016699379,0.011792982,-0.012852975
1.0001427,0.0001232159,0,0.0022749465,645.8468969342651,888.8918321957111,1762,61873.004,7.5739245,1691.1803,0.53353184,67946.586,8.370905,0,,,,,645.8468969342651,0.00013229622,888.8918321957111,0.00016700693,0.012015921,-0.01255258
1.0000236,0.00012318419,0,0.0022758304,645.8469448315743,888.8916925544597,1763,61861.016,7.5733747,1688.8582,0.53434664,67938.49,8.368751,0,,,,,645.8469448315743,0.00013230738,888.8916925544597,0.00016702959,0.01192393,-0.012556351
1.0000986,0.0001231323,0,0.0022767137,645.8470885683653,888.8915307133749,1764,61867.9,7.5737534,1690.2632,0.53377336,67943.586,8.365226,0,,,,,645.8470885683653,0.00013230825,888.8915307133749,0.00016700357,0.012368244,-0.012955191
1.0001762,0.00012310481,0,0.002277597,645.8467117430554,888.8918180233641,1765,61866.49,7.573657,1689.6841,0.5336872,67948.86,8.363358,0,,,,,645.8467117430554,0.00013230336,888.8918180233641,0.00016703007,0.011796725,-0.012360641
1.0000726,0.0001231739,0,0.0022784802,645.8464990833686,888.8918779429739,1766,61864.94,7.573465,1688.3069,0.53363776,67941.82,8.368052,0,,,,,645.8464990833686,0.00013230774,888.8918779429739,0.00016699902,0.011829555,-0.012723925
1.0000346,0.00012315037,0,0.002279363,645.8468385119952,888.8915379619993,1767,61856.598,7.5732265,1688.1823,0.53398824,67939.24,8.366453,0,,,,,645.8468385119952,0.00013230147,888.8915379619993,0.00016705207,0.011759505,-0.011953652
1.0002921,0.00012317799,0,0.002280246,645.8466873450457,888.8921172705661,1768,61878.383,7.574117,1691.2369,0.5335735,67956.734,8.36833,0,,,,,645.8466873450457,0.00013230953,888.8921172705661,0.00016700783,0.011751236,-0.0121866055
0.9999548,0.00012313314,0,0.0022811287,645.8464073011169,888.892483954197,1769,61850.86,7.5730925,1690.7878,0.5337438,67933.82,8.365283,0,,,,,645.8464073011169,0.00013233109,888.892483954197,0.00016708666,0.011596778,-0.011634374
0.99996674,0.00012308396,0,0.002282011,645.8469231670456,888.8920746819549,1770,61856.125,7.57336,1689.539,0.53361785,67934.63,8.361941,0,,,,,645.8469231670456,0.00013231424,888.8920746819549,0.00016706654,0.012140882,-0.012155208
1.0002898,0.00012313448,0,0.0022828933,645.8465812362246,888.8916644254244,1771,61874.94,7.5738497,1689.1614,0.53417546,67956.58,8.365374,0,,,,,645.8465812362246,0.00013228519,888.8916644254244,0.00016698646,0.011862492,-0.012489412
1.0001708,0.00012323864,0,0.0022837755,645.8464604487968,888.8913984032695,1772,61878.734,7.574041,1689.509,0.53369397,67948.5,8.37245,0,,,,,645.8464604487968,0.00013228631,888.8913984032695,0.00016699008,0.011896939,-0.013092836
1.0002787,0.00012320513,0,0.0022846574,645.8460180240858,888.892199447769,1773,61871.484,7.5738235,1690.3904,0.5331007,67955.83,8.370173,0,,,,,645.8460180240858,0.00013229939,888.892199447769,0.00016701693,0.011215547,-0.012077434
1.0002476,0.0001231571,0,0.0022855392,645.8463544696433,888.8923352824564,1774,61871.67,7.5737786,1690.4131,0.533552,67953.71,8.36691,0,,,,,645.8463544696433,0.00013229878,888.8923352824564,0.00016702656,0.011505929,-0.012046256
1.0004501,0.00012312437,0,0.002286421,645.8466167599189,888.8924715723917,1775,61879.797,7.5741425,1689.6058,0.5337809,67967.47,8.364687,0,,,,,645.8466167599189,0.0001322939,888.8924715723917,0.00016701935,0.011417947,-0.011889989
1.0002365,0.000123076,0,0.0022873022,645.8467989330246,888.8922269060732,1776,61870.12,7.57374,1689.0377,0.53372085,67952.96,8.361401,0,,,,,645.8467989330246,0.00013229577,888.8922269060732,0.00016702153,0.011878242,-0.01199006
1.0003469,0.00012309696,128,0.0022881834,645.846430029742,888.892203425986,1777,61873.418,7.574058,1688.8799,0.5335944,67960.46,8.362825,128,,,,,645.846430029742,0.00013229961,888.892203425986,0.00016703419,0.011635701,-0.0115945
1.0002143,0.00012307143,0,0.0022890647,645.8465424134056,888.8921545092971,1778,61866.34,7.573538,1688.6486,0.5336288,67951.45,8.36109,0,,,,,645.8465424134056,0.0001322993,888.8921545092971,0.00016705797,0.011476314,-0.01131666
1.0001293,0.00012310017,0,0.0022899455,645.846307620653,888.89258901902,1779,61859.75,7.573181,1689.6814,0.5332941,67945.68,8.363043,0,,,,,645.846307620653,0.0001323084,888.89258901902,0.00016705682,0.011598053,-0.011261882
1.0003661,0.00012313879,0,0.0022908263,645.8463402610993,888.8926849189863,1780,61872.188,7.573874,1690.394,0.53378564,67961.766,8.365666,0,,,,,645.8463402610993,0.00013229203,888.8926849189863,0.00016706224,0.011312898,-0.010918774
1.0001088,0.00012311565,0,0.0022917069,645.846256790158,888.8928130779785,1781,61857.906,7.5731626,1688.1913,0.53425205,67944.28,8.364095,0,,,,,645.846256790158,0.00013231549,888.8928130779785,0.00016707477,0.011448231,-0.01092246
1.0003437,0.00012308435,0,0.0022925872,645.8462526386121,888.8930244410643,1782,61866.004,7.5734973,1687.4435,0.53372127,67960.24,8.361968,0,,,,,645.8462526386121,0.0001323045,888.8930244410643,0.00016708474,0.011069582,-0.010741414
1.0002121,0.00012307819,8192,0.0022934675,645.8462382817356,888.8928832260258,1783,61861.207,7.5734954,1686.8622,0.5340688,67951.3,8.361549,8192,,,,,645.8462382817356,0.00013231018,888.8928832260258,0.0001670706,0.011377186,-0.011047762
1.0003194,0.00012300462,0,0.0022943474,645.8461895272527,888.8928130328709,1784,61862.625,7.573414,1689.2518,0.53334427,67958.586,8.356551,0,,,,,645.8461895272527,0.00013229629,888.8928130328709,0.00016705372,0.011231234,-0.010869791
1.0001172,0.00012322515,0,0.0022952273,645.845822227531,888.8922994594966,1785,61864.938,7.573324,1688.3326,0.5334895,67944.85,8.371533,0,,,,,645.845822227531,0.00013229744,888.8922994594966,0.0001670513,0.011126099,-0.011669945
1.0002491,0.00012312534,0,0.0022961071,645.8458198148694,888.8924393301094,1786,61867.84,7.5735273,1689.7894,0.53362554,67953.82,8.364753,0,,,,,645.8458198148694,0.0001323042,888.8924393301094,0.00016702512,0.011084955,-0.0116494205
1.0003393,0.00012315906,0,0.0022969865,645.8461788380623,888.8929822975957,1787,61873.492,7.5737815,1689.8689,0.5333486,67959.94,8.3670435,0,,,,,645.8461788380623,0.00013228942,888.8929822975957,0.00016704346,0.011214804,-0.011103612
1.0001374,0.0001230721,0,0.002297866,645.8457880113792,888.892824141471,1788,61851.324,7.57281,1687.8732,0.53347766,67946.23,8.3611355,0,,,,,645.8457880113792,0.00013233432,888.892824141471,0.0001670754,0.010886337,-0.010836213
1.0000689,0.00012314822,0,0.002298745,645.845913591177,888.893013422008,1789,61853.477,7.573003,1686.6187,0.5338274,67941.57,8.366307,0,,,,,645.845913591177,0.00013232352,888.893013422008,0.00016708381,0.010834015,-0.010780126
1.0002095,0.00012309875,0,0.0022996243,645.8451824497511,888.893522980445,1790,61855.094,7.5729976,1686.4451,0.53384,67951.12,8.3629465,0,,,,,645.8451824497511,0.00013232889,888.893522980445,0.00016708927,0.010598202,-0.01029334
1.0005509,0.00012307489,8192,0.002300503,645.8458151106909,888.8932268770196,1791,61880.39,7.574046,1687.684,0.5337054,67974.31,8.361325,8192,,,,,645.8458151106909,0.00013226851,888.8932268770196,0.00016703861,0.010999179,-0.010468762
1.0003557,0.00012305786,0,0.0023013817,645.8458670178157,888.8929683664891,1792,61863.047,7.5733953,1687.3331,0.5345477,67961.055,8.360168,0,,,,,645.8458670178157,0.00013230165,888.8929683664891,0.00016707867,0.010838439,-0.010184068
1.0003083,0.00012301705,0,0.0023022601,645.8459260457348,888.8930997358397,1793,61863.83,7.5733266,1688.3059,0.5340238,67957.836,8.357395,0,,,,,645.8459260457348,0.0001322929,888.8930997358397,0.0001670581,0.011225897,-0.010464364
0.9999635,0.00012308099,0,0.0023031386,645.8454701957577,888.893462176783,1794,61836.3,7.5722814,1689.5963,0.53366333,67934.414,8.361739,0,,,,,645.8454701957577,0.00013235888,888.893462176783,0.00016716466,0.010455808,-0.0099737225
1.0002744,0.00012310152,0,0.0023040166,645.8450319338783,888.8933642530847,1795,61858.598,7.5730934,1687.5667,0.5342723,67955.53,8.363134,0,,,,,645.8450319338783,0.00013231637,888.8933642530847,0.0001670794,0.0102384,-0.010424889
1.0001352,0.00012299078,0,0.0023048946,645.8458673559685,888.8933737150239,1796,61847.49,7.5726953,1688.7822,0.5335454,67946.08,8.355611,0,,,,,645.8458673559685,0.00013232714,888.8933737150239,0.00016712937,0.0109292,-0.00973865
1.000355,0.00012301291,0,0.0023057724,645.8455776677328,888.8935547229544,1797,61860.816,7.5731363,1687.1505,0.53406376,67961.01,8.357115,0,,,,,645.8455776677328,0.00013230542,888.8935547229544,0.0001670736,0.010706078,-0.009934458
1.0001526,0.0001231021,0,0.00230665,645.8454753852308,888.8933686671758,1798,61847.734,7.5726056,1688.4983,0.5334374,67947.26,8.363174,0,,,,,645.8454753852308,0.00013233427,888.8933686671758,0.00016713468,0.010397476,-0.009788572
1.0004331,0.00012310261,0,0.0023075275,645.845011145672,888.893731791274,1799,61863.805,7.573243,1686.3839,0.5340807,67966.31,8.363209,0,,,,,645.845011145672,0.00013231902,888.893731791274,0.00016712518,0.0099893855,-0.00936754
1.0002434,0.00012309465,0,0.0023084048,645.8447813206894,888.8941338074308,1800,61852.13,7.5727997,1688.841,0.53386873,67953.43,8.362668,0,,,,,645.8447813206894,0.00013233817,888.8941338074308,0.00016715458,0.009654713,-0.009306558
1.0001324,0.0001230704,0,0.0023092818,645.8444892521594,888.8943971335925,1801,61841.18,7.572253,1687.478,0.5334327,67945.89,8.36102,0,,,,,645.8444892521594,0.00013235254,888.8943971335925,0.00016715977,0.009599683,-0.009104567
1.0000972,0.000123151,0,0.0023101587,645.8445716739895,888.8943102156285,1802,61842.97,7.572293,1684.1965,0.5336075,67943.49,8.366496,0,,,,,645.8445716739895,0.00013234602,888.8943102156285,0.00016714624,0.009479079,-0.009006611
1.0002702,0.00012311582,0,0.0023110355,645.8442892496504,888.8942593378812,1803,61847.734,7.572429,1685.4598,0.5337864,67955.25,8.364106,0,,,,,645.8442892496504,0.0001323424,888.8942593378812,0.0001671481,0.009007367,-0.00878044
1.0004117,0.00012312846,0,0.0023119121,645.8445907381129,888.8944325233404,1804,61859.23,7.5730762,1688.2783,0.5334356,67964.87,8.3649645,0,,,,,645.8445907381129,0.00013233212,888.8944325233404,0.00016713019,0.009336344,-0.009046021
1.0002269,0.00012314279,0,0.0023127885,645.8437012338651,888.8945240612076,1805,61843.535,7.5722904,1685.7977,0.5332793,67952.305,8.365938,0,,,,,645.8437012338651,0.0001323516,888.8945240612076,0.0001671652,0.008719086,-0.0087094875
1.0002102,0.00012308355,0,0.0023136646,645.8444929964996,888.8943785238563,1806,61846.566,7.572399,1688.8075,0.5337247,67951.17,8.361914,0,,,,,645.8444929964996,0.0001323424,888.8943785238563,0.00016714937,0.009481641,-0.009060519
1.00017,0.0001231063,0,0.0023145408,645.8442273281934,888.8946335422104,1807,61837.344,7.5721045,1686.4487,0.5338538,67948.44,8.36346,0,,,,,645.8442273281934,0.00013235984,888.8946335422104,0.0001671902,0.008830048,-0.008414308
1.0002885,0.00012313057,0,0.0023154167,645.8440210944715,888.8941233070545,1808,61850.52,7.5727506,1686.569,0.5335472,67956.49,8.365108,0,,,,,645.8440210944715,0.00013234829,888.8941233070545,0.00016714599,0.008927083,-0.008829659
1.0005162,0.00012313818,0,0.0023162924,645.8437603551507,888.8944570243697,1809,61858.69,7.5738645,1685.678,0.53350896,67971.96,8.365624,0,,,,,645.8437603551507,0.00013233908,888.8944570243697,0.00016714617,0.008666631,-0.008344166
1.0001566,0.00012314957,0,0.0023171678,645.8440855887063,888.8944708136984,1810,61841.254,7.572197,1683.0736,0.53380376,67947.53,8.366399,0,,,,,645.8440855887063,0.00013236511,888.8944708136984,0.00016714515,0.008864481,-0.008752476
1.0002062,0.00012309712,0,0.0023180433,645.844189018416,888.8942976414584,1811,61838.332,7.572083,1682.421,0.5337915,67950.9,8.362836,0,,,,,645.844189018416,0.00013236019,888.8942976414584,0.000167188,0.0088989185,-0.008303024
1.0002118,0.0001231287,0,0.0023189185,645.8440518765276,888.8945581114566,1812,61843.2,7.5722537,1686.4167,0.5333825,67951.28,8.364981,0,,,,,645.8440518765276,0.00013236576,888.8945581114566,0.00016717229,0.0088299615,-0.008704897
1.0005236,0.00012317949,0,0.0023197934,645.8440104564813,888.8937137176353,1813,61857.24,7.573671,1684.8237,0.53302175,67972.46,8.368431,0,,,,,645.8440104564813,0.00013237851,888.8937137176353,0.00016714701,0.008516552,-0.008350583
1.0003577,0.00012314538,0,0.0023206682,645.8442377620693,888.8938232054375,1814,61851.47,7.572481,1685.0947,0.5333949,67961.195,8.366115,0,,,,,645.8442377620693,0.00013234284,888.8938232054375,0.00016716476,0.008607917,-0.008498886
1.0000842,0.00012308639,0,0.002321543,645.8440692372722,888.8942286452342,1815,61830.875,7.571844,1687.0608,0.53380835,67942.61,8.362106,0,,,,,645.8440692372722,0.00013237206,888.8942286452342,0.00016718663,0.00861372,-0.008527885
1.0002027,0.00012319771,0,0.0023224175,645.843448968048,888.8943626492809,1816,61839.94,7.5738845,1685.2811,0.53361255,67950.66,8.369669,0,,,,,645.843448968048,0.00013238235,888.8943626492809,0.00016717346,0.008129551,-0.008392694
1.000113,0.00012318385,0,0.0023232917,645.8433667192912,888.89479572434,1817,61831.535,7.5734434,1683.3793,0.53371805,67944.57,8.368728,0,,,,,645.8433667192912,0.00013239142,888.89479572434,0.00016719705,0.0081204465,-0.007981824
1.0000216,0.00012313886,0,0.0023241658,645.8436905573565,888.8945708938243,1818,61827.62,7.5724683,1685.4948,0.53328806,67938.36,8.365671,0,,,,,645.8436905573565,0.0001324014,888.8945708938243,0.00016719969,0.00832092,-0.008259369
1.000516,0.00012320299,128,0.0023250398,645.8436586763457,888.894933415393,1819,61859.344,7.5749097,1682.9851,0.53339696,67971.95,8.3700285,128,,,,,645.8436586763457,0.00013235188,888.894933415393,0.00016715414,0.0081803305,-0.0081191
1.0003057,0.00012316255,8192,0.0023259136,645.8434532134435,888.8949210589941,1820,61843.254,7.574015,1685.1284,0.5336653,67957.66,8.367281,8192,,,,,645.8434532134435,0.00013238183,888.8949210589941,0.00016719961,0.008143328,-0.0077728755
1.000183,0.00012315647,0,0.0023267872,645.8436461079021,888.8948752642654,1821,61836.043,7.5736065,1684.4216,0.5336229,67949.32,8.366867,0,,,,,645.8436461079021,0.00013237538,888.8948752642654,0.00016718685,0.008318162,-0.008090464
1.0000544,0.00012314344,0,0.0023276606,645.8430514384828,888.8947639324822,1822,61826.254,7.573272,1683.9857,0.5335601,67940.586,8.365983,0,,,,,645.8430514384828,0.00013242915,888.8947639324822,0.00016721523,0.007876827,-0.0081220735
1.0000504,0.00012321994,0,0.002328534,645.8429269218923,888.8947776543292,1823,61829.88,7.5734744,1683.104,0.53366816,67940.31,8.37118,0,,,,,645.8429269218923,0.00013240067,888.8947776543292,0.00016719257,0.0077067697,-0.008089875
1.0002073,0.00012320942,0,0.0023294068,645.8430361300334,888.8944814740172,1824,61833.84,7.573626,1684.8734,0.5338328,67950.98,8.370465,0,,,,,645.8430361300334,0.00013238554,888.8944814740172,0.00016718556,0.0076754265,-0.0079040155
1.0003759,0.00012327437,0,0.0023302797,645.8430058504972,888.8949886995086,1825,61849.652,7.574213,1685.9146,0.53371644,67962.43,8.374877,0,,,,,645.8430058504972,0.00013237128,888.8949886995086,0.00016716724,0.008113235,-0.008490317
1.0003246,0.00012317265,0,0.0023311526,645.8429259050401,888.8945315061751,1826,61841.2,7.5738297,1682.5614,0.53376025,67958.945,8.367967,0,,,,,645.8429259050401,0.00013237132,888.8945315061751,0.00016715376,0.0077462355,-0.007960374
1.000071,0.00012313497,0,0.002332025,645.8431234580254,888.8952160539196,1827,61830.35,7.573384,1682.7043,0.5336575,67941.72,8.365407,0,,,,,645.8431234580254,0.00013241431,888.8952160539196,0.00016720459,0.008066072,-0.00802835
1.0001286,0.00012315002,0,0.0023328974,645.8431232521299,888.8948381899526,1828,61829.305,7.5733566,1683.0144,0.5336331,67945.63,8.366429,0,,,,,645.8431232521299,0.00013239153,888.8948381899526,0.00016718738,0.00795633,-0.0077916975
1.0003856,0.00012325206,0,0.0023337696,645.8429975970299,888.8951432190534,1829,61850.496,7.5741863,1684.9287,0.5328624,67963.09,8.373362,0,,,,,645.8429975970299,0.00013236584,888.8951432190534,0.00016717553,0.0077106194,-0.007481296
1.0000302,0.00012322632,0,0.0023355135,645.8420054563048,888.8954544007595,1831,61826.86,7.5732236,1681.7131,0.5337371,67938.94,8.371613,0,,,,,645.8420054563048,0.00013240981,888.8954544007595,0.00016722802,0.0067889798,-0.0071667004
0.9998936,0.00012326858,0,0.002336385,645.8413580487861,888.8950504870309,1832,61819.965,7.5729833,1681.9869,0.5338485,67929.664,8.374484,0,,,,,645.8413580487861,0.00013245527,888.8950504870309,0.0001672375,0.0061211498,-0.0072861835
0.9999908,0.00012329427,0,0.0023372564,645.8420799232388,888.8945398123426,1833,61838.277,7.5736585,1685.1783,0.534084,67936.266,8.376229,0,,,,,645.8420799232388,0.00013240258,888.8945398123426,0.0001671796,0.0067243497,-0.008296824
0.9999725,0.00012316453,0,0.002338128,645.8417628341875,888.8945842143536,1834,61825.55,7.573097,1682.3815,0.5333361,67935.02,8.367415,0,,,,,645.8417628341875,0.00013242547,888.8945842143536,0.00016722528,0.0061901924,-0.007911058
1.0000684,0.00012329353,0,0.002338999,645.8419850662278,888.895517230732,1835,61832.043,7.5733585,1682.5068,0.5334435,67941.54,8.376179,0,,,,,645.8419850662278,0.00013242832,888.895517230732,0.00016724246,0.0063775857,-0.0072860126
1.0002266,0.00012326246,0,0.00233987,645.8417311308483,888.895459424392,1836,61835.664,7.5735946,1684.3331,0.5339906,67952.29,8.374068,0,,,,,645.8417311308483,0.00013241582,888.895459424392,0.0001672395,0.0060225828,-0.006800924
1.0001512,0.00012328698,0,0.0023407408,645.8419667308679,888.8953081384074,1837,61833.297,7.5735683,1683.448,0.5339332,67947.16,8.375734,0,,,,,645.8419667308679,0.000132414,888.8953081384074,0.0001672171,0.006563997,-0.007233074
1.0003307,0.00012321355,8192,0.0023416113,645.8417088379625,888.895885083868,1838,61838.246,7.573826,1683.2507,0.5337894,67959.36,8.370746,8192,,,,,645.8417088379625,0.0001324132,888.895885083868,0.00016725349,0.0061991788,-0.0064166584
0.9999954,0.00012330894,0,0.0023424816,645.8410714326983,888.8954218100397,1839,61826.945,7.5732274,1685.3544,0.5334922,67936.58,8.377226,0,,,,,645.8410714326983,0.00013244184,888.8954218100397,0.0001672766,0.0056553194,-0.0070426324
1.0000834,0.00012323936,0,0.002343352,645.8409092812542,888.8952980115296,1840,61835.71,7.573541,1682.4066,0.533696,67942.56,8.3724985,0,,,,,645.8409092812542,0.00013242122,888.8952980115296,0.00016721027,0.005519342,-0.0070577203
1.0000877,0.00012330576,0,0.002344222,645.8415450051456,888.8950963688083,1841,61836.977,7.5734897,1683.3375,0.5334571,67942.85,8.377009,0,,,,,645.8415450051456,0.00013241393,888.8950963688083,0.00016723335,0.005961673,-0.007337319
1.0001622,0.0001232737,0,0.002345092,645.841644761365,888.8953099707276,1842,61833.902,7.5733867,1682.9558,0.53364486,67947.914,8.374832,0,,,,,645.841644761365,0.00013239335,888.8953099707276,0.00016720043,0.00613061,-0.006975955
1.0001802,0.00012330327,0,0.0023459615,645.8410963370684,888.89560625623,1843,61832.273,7.5734086,1684.2174,0.53344494,67949.13,8.376841,0,,,,,645.8410963370684,0.0001324305,888.89560625623,0.000167242,0.0057304064,-0.00682902
1.0002825,0.00012325966,0,0.0023468311,645.8412104072474,888.8958189343427,1844,61836.734,7.573516,1685.6655,0.5333806,67956.086,8.373878,0,,,,,645.8412104072474,0.0001324153,888.8958189343427,0.00016720909,0.0058728177,-0.007000122
1.0002261,0.00012320332,8192,0.0023477003,645.8421604614578,888.8950881044314,1845,61830.46,7.5732307,1680.8585,0.5334319,67952.25,8.37005,8192,,,,,645.8421604614578,0.00013239053,888.8950881044314,0.00016723595,0.006518711,-0.007002701
1.0001353,0.0001232603,0,0.0023485695,645.8417975645345,888.894939432943,1846,61830.336,7.573291,1682.4175,0.5336879,67946.086,8.373921,0,,,,,645.8417975645345,0.00013241837,888.894939432943,0.00016722792,0.0063290396,-0.0074213734
0.99989086,0.00012325602,0,0.0023494386,645.8416493090264,888.8947600509334,1847,61818.137,7.572897,1686.2672,0.53392315,67929.48,8.373631,0,,,,,645.8416493090264,0.00013245374,888.8947600509334,0.00016723436,0.0062614875,-0.0074311206
1.0001839,0.00012320276,0,0.0023503073,645.841600253253,888.8948319078036,1848,61839.77,7.5737414,1684.1019,0.5338555,67949.39,8.370012,0,,,,,645.841600253253,0.00013241294,888.8948319078036,0.0001671952,0.0063195894,-0.007758301
0.99999195,0.00012322493,0,0.002351176,645.8414103296491,888.8951180908933,1849,61817.715,7.5728726,1683.6012,0.5337253,67936.34,8.371519,0,,,,,645.8414103296491,0.00013243945,888.8951180908933,0.00016725359,0.0059745708,-0.007102154
1.0000255,0.0001231973,0,0.0023520445,645.8410725195163,888.8948723614575,1850,61821.76,7.572884,1685.7379,0.5339066,67938.625,8.369641,0,,,,,645.8410725195163,0.00013242777,888.8948723614575,0.00016722304,0.0056335595,-0.007087418
1.0000486,0.00012318985,128,0.0023529127,645.8414711679238,888.8952654073537,1851,61817.41,7.57316,1684.5636,0.5338378,67940.195,8.369135,128,,,,,645.8414711679238,0.00013244581,888.8952654073537,0.00016731645,0.0058948193,-0.006810306
1.0001291,0.00012326827,0,0.0023537807,645.8416265765838,888.8949664402245,1852,61826.33,7.573376,1689.3578,0.5337076,67945.664,8.374463,0,,,,,645.8416265765838,0.00013244509,888.8949664402245,0.00016725382,0.0058069294,-0.007033162
1.000253,0.00012326424,0,0.0023546487,645.8410741301883,888.8955921530886,1853,61827.27,7.5732794,1686.1168,0.5338505,67954.08,8.374189,0,,,,,645.8410741301883,0.00013242659,888.8955921530886,0.00016724189,0.0054715904,-0.006342482
1.0000108,0.00012328064,0,0.0023555164,645.8410733471404,888.8955574330005,1854,61825.695,7.5731783,1684.4769,0.5334478,67937.625,8.375303,0,,,,,645.8410733471404,0.00013243497,888.8955574330005,0.00016725052,0.006094714,-0.00722882
1.0000145,0.00012320266,0,0.002356384,645.8412629790955,888.8954212601053,1855,61821.855,7.573008,1686.3369,0.5339635,67937.875,8.370006,0,,,,,645.8412629790955,0.00013243672,888.8954212601053,0.0001672414,0.0057709,-0.0071163955
1.0000933,0.00012325351,0,0.0023572512,645.8416861712384,888.8949954081853,1856,61828.023,7.573212,1685.727,0.5340335,67943.234,8.373461,0,,,,,645.8416861712384,0.00013242717,888.8949954081853,0.00016722895,0.006005119,-0.0071687023
1.0000474,0.00012311692,0,0.0023581185,645.8403568845739,888.8959386416976,1857,61813.47,7.572609,1685.2249,0.5338508,67940.12,8.364181,0,,,,,645.8403568845739,0.00013246712,888.8959386416976,0.0001672768,0.00483171,-0.006257734
1.0000838,0.00012320843,0,0.0023589856,645.8404852500516,888.8958324195141,1858,61821.234,7.5728645,1685.5348,0.53367233,67942.586,8.370398,0,,,,,645.8404852500516,0.00013244315,888.8958324195141,0.00016725849,0.005046789,-0.0064381673
1.0001415,0.00012321908,8192,0.0023598524,645.8408486720969,888.8958598739307,1859,61814.926,7.5727,1684.5033,0.5333263,67946.51,8.371121,8192,,,,,645.8408486720969,0.00013245946,888.8958598739307,0.00016731296,0.0051575075,-0.006069906
1.0002518,0.00012323755,0,0.002360719,645.8409773923867,888.8960730548185,1860,61827.53,7.573225,1685.2866,0.5337894,67953.99,8.372376,0,,,,,645.8409773923867,0.00013243931,888.8960730548185,0.00016730008,0.005029939,-0.006006156
0.9999892,0.00012316194,0,0.0023615854,645.8402361515765,888.8959640186206,1861,61810.355,7.5726466,1685.7212,0.5335983,67936.16,8.367239,0,,,,,645.8402361515765,0.00013248443,888.8959640186206,0.00016731703,0.0049682576,-0.006419992
1.0002164,0.0001232015,0,0.0023624517,645.8405618692682,888.8954972773134,1862,61835.72,7.5734863,1686.5428,0.53360456,67951.586,8.369927,0,,,,,645.8405618692682,0.00013244893,888.8954972773134,0.00016723218,0.0051443726,-0.0071155373
0.9999063,0.00012314461,0,0.0023633179,645.8399481578158,888.8959874899278,1863,61808.914,7.572533,1684.8478,0.533675,67930.52,8.366062,0,,,,,645.8399481578158,0.00013248496,888.8959874899278,0.00016731485,0.0044056154,-0.006250711
1.0001004,0.00012323985,0,0.0023641838,645.8405881247622,888.8960920878658,1864,61819.4,7.5729394,1684.9563,0.5334449,67943.71,8.372532,0,,,,,645.8405881247622,0.00013245302,888.8960920878658,0.00016730718,0.004911234,-0.006030784
1.0002197,0.00012325024,0,0.0023650497,645.8403826850919,888.8962207968667,1865,61819.016,7.572818,1686.8735,0.5337181,67951.81,8.373238,0,,,,,645.8403826850919,0.0001324587,888.8962207968667,0.00016732872,0.0047283424,-0.005460987
1.000388,0.00012324282,128,0.002365915,645.840870239111,888.8958657930489,1866,61830.773,7.5744314,1684.8945,0.5334581,67963.25,8.372734,128,,,,,645.840870239111,0.00013244084,888.8958657930489,0.00016728976,0.004829196,-0.0058434834
0.9997508,0.00012309213,128,0.0023667805,645.8403095230746,888.896293961372,1867,61785.984,7.569881,1686.8717,0.5335142,67919.96,8.362496,128,,,,,645.8403095230746,0.00013251655,888.896293961372,0.00016739371,0.004543899,-0.005180211
0.9998612,0.00012319445,0,0.0023676457,645.8405563398096,888.8967085429808,1868,61796.34,7.5719147,1686.1979,0.53342944,67927.46,8.369448,0,,,,,645.8405563398096,0.00013251271,888.8967085429808,0.00016738684,0.0048125167,-0.0053241816
1.0001166,0.00012320322,0,0.0023685107,645.8402964598577,888.8964758470637,1869,61818.977,7.572852,1685.2733,0.53354317,67944.81,8.370044,0,,,,,645.8402964598577,0.00013245767,888.8964758470637,0.00016730558,0.0047226255,-0.0059146746
0.99999404,0.00012323877,0,0.0023693757,645.8400834799704,888.8960466937075,1870,61815.867,7.572482,1683.7559,0.5334374,67936.484,8.372459,0,,,,,645.8400834799704,0.000132483,888.8960466937075,0.0001672671,0.0049218023,-0.0062786588
1.0001024,0.00012323003,0,0.0023702404,645.8405341444054,888.8963716081904,1871,61815.902,7.5726843,1684.4542,0.5335455,67943.84,8.371865,0,,,,,645.8405341444054,0.00013246555,888.8963716081904,0.00016732755,0.0048465016,-0.0057018423
1.0001842,0.00012317531,0,0.002371105,645.8405485564779,888.89630899106,1872,61816.598,7.572797,1687.511,0.53349817,67949.41,8.368148,0,,,,,645.8405485564779,0.00013247048,888.89630899106,0.00016734036,0.0048444485,-0.005428876
1.0001115,0.00012318147,0,0.0023719692,645.8403198668963,888.8962664687178,1873,61811.684,7.570978,1683.3416,0.5336267,67944.46,8.368566,0,,,,,645.8403198668963,0.00013246159,888.8962664687178,0.00016730846,0.004714074,-0.0054044
0.9999249,0.00012316278,0,0.0023728332,645.8401899456838,888.8969635557256,1874,61794.35,7.568987,1682.0658,0.5336879,67931.79,8.367296,0,,,,,645.8401899456838,0.00013249104,888.8969635557256,0.00016739032,0.004515407,-0.004851323
0.99999446,0.0001231061,0,0.0023736972,645.8401969307258,888.8969403138249,1875,61798.66,7.5691605,1683.3683,0.5333189,67936.516,8.363446,0,,,,,645.8401969307258,0.00013249351,888.8969403138249,0.00016736494,0.0042643137,-0.0047897403
1.0002525,0.0001231591,0,0.002374561,645.839787290527,888.8964568581384,1876,61812.61,7.5696735,1683.785,0.53342956,67954.05,8.367046,0,,,,,645.839787290527,0.00013246182,888.8964568581384,0.00016733944,0.0039882064,-0.0049427883
1.0001194,0.00012317357,0,0.0023754246,645.8395867711469,888.8962636227255,1877,61816.273,7.5698304,1682.9454,0.53371006,67945.01,8.368029,0,,,,,645.8395867711469,0.00013246165,888.8962636227255,0.00016730391,0.004017386,-0.005568284
1.0000085,0.000123162,0,0.002376288,645.8392578852017,888.8961012522619,1878,61807.383,7.5693436,1681.0338,0.53380895,67937.47,8.367243,0,,,,,645.8392578852017,0.00013256796,888.8961012522619,0.00016733861,0.0041497196,-0.0054458342
0.9999462,0.00012317936,0,0.002377151,645.8395244869901,888.8969171722102,1879,61800.562,7.569105,1680.9626,0.5334809,67933.234,8.3684225,0,,,,,645.8395244869901,0.0001324914,888.8969171722102,0.00016737048,0.0036087139,-0.0049113054
0.99990433,0.00012308652,0,0.0023780141,645.8390823647693,888.8973383551441,1880,61788.277,7.5687714,1681.4135,0.5335945,67930.39,8.362115,0,,,,,645.8390823647693,0.00013251275,888.8973383551441,0.00016742777,0.0031699392,-0.004139472
1.0003401,0.00012312467,0,0.002378877,645.839018122255,888.896956343816,1881,61819.406,7.5701013,1684.9448,0.53372675,67960.0,8.364707,0,,,,,645.839018122255,0.00013248308,888.896956343816,0.00016734317,0.0031375298,-0.0046452438
1.0000293,0.00012307879,0,0.0023797397,645.839279932643,888.8973849572942,1882,61793.426,7.56883,1681.5635,0.5340369,67938.88,8.36159,0,,,,,645.839279932643,0.00013249838,888.8973849572942,0.00016741335,0.0033427123,-0.004023625
1.000127,0.0001231842,0,0.0023806023,645.8391554314983,888.8976981686995,1883,61802.71,7.5692825,1680.0482,0.5335048,67945.516,8.368752,0,,,,,645.8391554314983,0.0001325022,888.8976981686995,0.00016739035,0.0029980796,-0.0037807156
1.0002133,0.00012308548,0,0.0023814645,645.8388990371789,888.8972127931149,1884,61802.8,7.569235,1681.0908,0.5335369,67951.38,8.362045,0,,,,,645.8388990371789,0.00013250088,888.8972127931149,0.00016738294,0.0029286342,-0.0040518725
1.0000494,0.00012314205,0,0.0023823266,645.8387957927223,888.8966034197423,1885,61805.504,7.5692797,1681.0337,0.53357685,67940.24,8.365888,0,,,,,645.8387957927223,0.00013249609,888.8966034197423,0.00016735081,0.0031113953,-0.005122154
0.9999984,0.00012305709,0,0.0023831886,645.8385728746904,888.8968432620264,1886,61794.957,7.5689497,1680.6235,0.5340353,67936.78,8.360116,0,,,,,645.8385728746904,0.00013251201,888.8968432620264,0.0001673791,0.0028334,-0.0045905695
0.99995124,0.0001231396,0,0.0023840503,645.8387445124073,888.8970465808336,1887,61792.61,7.568733,1682.0256,0.5333448,67933.58,8.365722,0,,,,,645.8387445124073,0.00013251524,888.8970465808336,0.00016740315,0.0029606347,-0.004338123
1.0001787,0.00012314852,0,0.002384912,645.8389854159325,888.896900686705,1888,61798.727,7.5689583,1681.0006,0.5336221,67949.03,8.366327,0,,,,,645.8389854159325,0.0001324988,888.896900686705,0.00016744681,0.0029328577,-0.0038944392
1.0000466,0.00012313515,0,0.0023857732,645.8387893496931,888.8974279430786,1889,61795.887,7.5689363,1682.5586,0.5336475,67940.055,8.365419,0,,,,,645.8387893496931,0.00013251147,888.8974279430786,0.00016738531,0.003096793,-0.004260897
0.99995977,0.00012308784,0,0.0023866345,645.8389139043645,888.8975156157635,1890,61780.18,7.5682583,1681.5028,0.53346246,67934.16,8.3622055,0,,,,,645.8389139043645,0.00013251914,888.8975156157635,0.00016742275,0.0028269049,-0.0034792256
0.99983096,0.00012312019,0,0.0023874955,645.8385503979287,888.897704063825,1891,61779.402,7.568291,1681.2316,0.5335914,67925.41,8.364403,0,,,,,645.8385503979287,0.00013253791,888.897704063825,0.00016745842,0.002667049,-0.003352137
1.0002016,0.00012313524,0,0.0023883565,645.8385132302141,888.8979672448253,1892,61797.39,7.5689445,1681.5808,0.53358436,67950.586,8.365425,0,,,,,645.8385132302141,0.00013250981,888.8979672448253,0.00016741679,0.0024381473,-0.0033677928
1.0001212,0.000123156,0,0.002389217,645.8386062224183,888.8972050631094,1893,61805.977,7.569195,1681.9973,0.53351176,67945.125,8.366836,0,,,,,645.8386062224183,0.00013248847,888.8972050631094,0.00016735648,0.0028488562,-0.0041500432
0.99990964,0.00012310004,0,0.0023900776,645.8386814099699,888.8969084063219,1894,61788.59,7.5686026,1680.2683,0.5338988,67930.75,8.363033,0,,,,,645.8386814099699,0.0001325015,888.8969084063219,0.00016739593,0.0029471877,-0.004034355
1.0003759,0.00012320561,0,0.0023909379,645.8388561130761,888.8975834239343,1895,61817.35,7.5696983,1680.7778,0.5337229,67962.43,8.370206,0,,,,,645.8388561130761,0.00013244741,888.8975834239343,0.0001673525,0.0030481587,-0.003228903
1.0001717,0.00012317282,0,0.002391798,645.838168925471,888.8984692155996,1896,61796.555,7.5688925,1681.3232,0.5336998,67948.555,8.367979,0,,,,,645.838168925471,0.00013251432,888.8984692155996,0.00016742466,0.0023098716,-0.0025218343
0.9999015,0.00012318426,0,0.002392658,645.8385174521444,888.8979035427977,1897,61782.832,7.568222,1681.0642,0.533342,67930.195,8.368755,0,,,,,645.8385174521444,0.0001325261,888.8979035427977,0.0001674289,0.0025558749,-0.0030207846
1.0000803,0.00012313688,0,0.0023935176,645.8383151247886,888.8983552354464,1898,61787.973,7.5684643,1679.5474,0.5338045,67942.35,8.365537,0,,,,,645.8383151247886,0.00013251179,888.8983552354464,0.00016744064,0.0024347117,-0.0026053402
1.0000948,0.00012313704,0,0.0023943773,645.8385063019648,888.8981163143645,1899,61792.18,7.5686426,1680.0867,0.53380316,67943.33,8.365547,0,,,,,645.8385063019648,0.00013250274,888.8981163143645,0.00016743634,0.0025475486,-0.0028079934
1.0002801,0.0001230995,0,0.0023952366,645.8382085321759,888.898596503827,1900,61797.242,7.5688744,1680.1588,0.5335819,67955.92,8.362997,0,,,,,645.8382085321759,0.00013251041,888.898596503827,0.00016743262,0.0023830251,-0.0026359297
1.0000639,0.00012317933,0,0.0023960958,645.8382279444982,888.8979098925771,1901,61794.13,7.568759,1679.0935,0.53360885,67941.234,8.368421,0,,,,,645.8382279444982,0.00013251051,888.8979098925771,0.00016741108,0.0024462715,-0.003268115
1.0001819,0.00012317672,0,0.002396955,645.8382079203943,888.8973191611145,1902,61801.703,7.5690355,1679.7612,0.53371876,67949.25,8.368243,0,,,,,645.8382079203943,0.00013249445,888.8973191611145,0.00016738761,0.0025187437,-0.003471439
1.0001245,0.00012316238,0,0.0023978136,645.8385020917343,888.8979119902273,1903,61795.625,7.568721,1680.4253,0.5336434,67945.34,8.367269,0,,,,,645.8385020917343,0.00013248278,888.8979119902273,0.00016740334,0.0028388975,-0.0032359005
1.0001026,0.00012313732,0,0.0023986723,645.8379418763853,888.8983420627156,1904,61786.184,7.568455,1679.7158,0.53360695,67943.87,8.365566,0,,,,,645.8379418763853,0.00013253152,888.8983420627156,0.00016747187,0.0019354253,-0.0021776508
1.0000147,0.00012312572,0,0.0023995307,645.8376815934641,888.8986425870255,1905,61782.25,7.5681963,1679.723,0.5333028,67937.88,8.3647785,0,,,,,645.8376815934641,0.00013252728,888.8986425870255,0.00016744074,0.0018722336,-0.0023960755
1.0001019,0.00012309212,0,0.0024003892,645.8378309258615,888.8985314649141,1906,61783.902,7.568186,1678.9816,0.5337452,67943.81,8.362495,0,,,,,645.8378309258615,0.0001325278,888.8985314649141,0.00016745365,0.001636964,-0.0022160318
0.9998843,0.000123123,0,0.0024021051,645.8375522070877,888.8987097963885,1908,61770.824,7.5677586,1679.8265,0.53367835,67929.03,8.3645935,0,,,,,645.8375522070877,0.00013255033,888.8987097963885,0.00016748629,0.0016413585,-0.0019331304
1.000147,0.00012315974,0,0.002402963,645.8371432745253,888.8990789259498,1909,61785.53,7.5683303,1680.7821,0.53340745,67946.875,8.36709,0,,,,,645.8371432745253,0.0001325313,888.8990789259498,0.00016749155,0.0012423992,-0.0014398396
0.9998062,0.00012306511,0,0.0024038204,645.8373805533604,888.8983120229312,1910,61772.72,7.5677276,1680.3014,0.53366065,67923.73,8.360661,0,,,,,645.8373805533604,0.00013254747,888.8983120229312,0.00016746305,0.0016719901,-0.0026663735
1.0000302,0.00012310772,0,0.0024046777,645.8371062398933,888.8980999622169,1911,61786.496,7.5683913,1680.6312,0.5337659,67938.94,8.363556,0,,,,,645.8371062398933,0.00013253845,888.8980999622169,0.00016745708,0.0010012509,-0.002414195
0.999963,0.00012307265,0,0.002405535,645.837467425187,888.898405255089,1912,61777.68,7.5679083,1678.8562,0.5337832,67934.375,8.361173,0,,,,,645.837467425187,0.00013252113,888.898405255089,0.00016750391,0.001373033,-0.002068443
1.0001026,0.00012311059,0,0.002406392,645.8371945675934,888.8988180064287,1913,61780.82,7.568195,1679.4447,0.5338647,67943.87,8.36375,0,,,,,645.8371945675934,0.00013253962,888.8988180064287,0.00016748061,0.0011680091,-0.0018845187
0.9999254,0.00012311655,8192,0.0024072488,645.8370885421342,888.8991236801268,1914,61772.168,7.567765,1678.8485,0.53324527,67931.82,8.364156,8192,,,,,645.8370885421342,0.00013257204,888.8991236801268,0.00016751986,0.0010460685,-0.0016457101
1.0000762,0.00012313656,0,0.0024081054,645.8365986763652,888.8994950878663,1915,61775.58,7.567883,1679.0509,0.53366643,67942.06,8.365515,0,,,,,645.8365986763652,0.00013258278,888.8994950878663,0.00016755617,7.714858e-05,-0.00060654094
1.0002143,0.00012315898,0,0.0024089618,645.8363017699372,888.8996619892897,1916,61787.094,7.5684342,1681.0912,0.5335178,67951.45,8.367039,0,,,,,645.8363017699372,0.00013254679,888.8996619892897,0.00016749815,0.00010874618,-0.0009999876
1.000055,0.00012313474,8192,0.0024098181,645.8362395508602,888.899773540251,1917,61772.52,7.567735,1679.2782,0.53366613,67940.625,8.365392,8192,,,,,645.8362395508602,0.00013258445,888.899773540251,0.00016754302,-0.00034448857,-0.0004631296
1.0003027,0.00012317007,0,0.002410674,645.8366407756364,888.8998469595643,1918,61793.637,7.5685387,1676.9072,0.5338997,67957.45,8.367792,0,,,,,645.8366407756364,0.00013253643,888.8998469595643,0.00016749077,2.8679924e-05,-0.0007449366
0.9999854,0.00012304056,0,0.00241153,645.8359004759029,888.8993087546509,1919,61774.94,7.5678945,1679.3776,0.5337118,67935.9,8.358994,0,,,,,645.8359004759029,0.00013257816,888.8993087546509,0.0001675203,-0.00041755204,-0.00093557005
0.9997476,0.00012303166,0,0.0024123858,645.8363641707069,888.89919430098,1920,61767.39,7.5675426,1678.7596,0.5335796,67919.74,8.358388,0,,,,,645.8363641707069,0.00013257815,888.89919430098,0.00016752658,0.0003554715,-0.0014443159
0.9999623,0.00012319598,0,0.0024132412,645.8366350555913,888.8997994777387,1921,61768.33,7.567524,1678.1476,0.5333512,67934.33,8.369552,0,,,,,645.8366350555913,0.00013256817,888.8997994777387,0.00016755253,0.00028556367,-0.00056095613
1.0001138,0.00012314321,0,0.0024140966,645.8365054290277,888.8995882421336,1922,61779.89,7.567972,1677.4276,0.5335841,67944.625,8.365967,0,,,,,645.8365054290277,0.00013253684,888.8995882421336,0.00016751428,0.00039136695,-0.0006245626
1.0001755,0.0001231372,0,0.0024149516,645.836335000482,888.8999488663701,1923,61776.805,7.56773,1676.968,0.5336276,67948.81,8.365559,0,,,,,645.836335000482,0.00013255277,888.8999488663701,0.00016753034,-0.00017463669,-7.031767e-05
0.99981046,0.00012314983,0,0.0024158065,645.8360267339253,888.9004031388811,1924,61757.48,7.5671363,1677.6965,0.5334941,67924.016,8.366417,0,,,,,645.8360267339253,0.00013260586,888.9004031388811,0.0001675977,0.0,0.0
0.9999927,0.00012312745,8192,0.0024166615,645.8361103490843,888.900467368878,1925,61762.754,7.567273,1677.5725,0.5334721,67936.4,8.364896,8192,,,,,645.8361103490843,0.00013259354,888.900467368878,0.00016758555,-0.00052463554,0.000653625
0.9999703,0.00012314059,0,0.002417516,645.8369198912878,888.8998906318253,1926,61765.816,7.5673976,1677.7498,0.53367794,67934.875,8.365788,0,,,,,645.8369198912878,0.00013257057,888.8998906318253,0.00016753646,0.00033756573,-0.00027633744
1.0001523,0.00012317473,0,0.0024183705,645.8363224591627,888.9002937003124,1927,61770.434,7.567689,1678.1147,0.5333161,67947.24,8.368108,0,,,,,645.8363224591627,0.00013256383,888.9002937003124,0.00016755817,3.166797e-06,0.0005330156
1.0002046,0.00012319844,0,0.0024192245,645.8367764452598,888.9001676187867,1928,61780.844,7.5679154,1679.2537,0.5330178,67950.79,8.369719,0,,,,,645.8367764452598,0.0001325393,888.9001676187867,0.0001675169,0.00044059154,-0.00012328195
0.9999126,0.00012314244,0,0.0024200785,645.8363803068854,888.8992741445632,1929,61764.11,7.567257,1676.7797,0.53359056,67930.95,8.365914,0,,,,,645.8363803068854,0.00013257907,888.8992741445632,0.00016761989,0.0002790939,-0.00035666185
1.0001955,0.00012315252,128,0.0024209325,645.8364167347002,888.8997014996934,1930,61788.06,7.568499,1677.6421,0.5334838,67950.17,8.3666,128,,,,,645.8364167347002,0.00013253583,888.8997014996934,0.00016750312,0.00054015015,-0.00061540323
0.99997634,0.00012319375,0,0.002421786,645.8360961419648,888.9006432929667,1931,61761.855,7.567064,1677.1873,0.5335829,67935.28,8.3694,0,,,,,645.8360961419648,0.00013260581,888.9006432929667,0.0001675943,-0.00022801472,0.0003541829
0.999978,0.00012318332,0,0.0024226396,645.8363670614375,888.9002734257558,1932,61766.094,7.567472,1678.0417,0.5334488,67935.4,8.368691,0,,,,,645.8363670614375,0.00013257506,888.9002734257558,0.00016757057,0.00027654367,0.00010379189
1.0001622,0.00012312726,0,0.002423493,645.8368092848096,888.9005027338488,1933,61768.21,7.567439,1676.0613,0.53367895,67947.914,8.364883,0,,,,,645.8368092848096,0.00013256082,888.9005027338488,0.00016755758,0.0001639971,0.0003632219
1.0000045,0.00012313727,0,0.002424346,645.8369210300153,888.9003258641749,1934,61763.504,7.567187,1677.6735,0.5332776,67937.195,8.365563,0,,,,,645.8369210300153,0.00013255616,888.9003258641749,0.00016756296,0.00057212653,0.000104568026
1.0001704,0.00012314692,0,0.002425199,645.8366727285462,888.9007050934862,1935,61765.13,7.5674644,1678.461,0.533462,67948.46,8.366219,0,,,,,645.8366727285462,0.00013259031,888.9007050934862,0.00016759096,0.00038011905,0.00062439375
1.0000044,0.00012313294,0,0.0024260515,645.8365781020424,888.9009413519792,1936,61760.95,7.5671844,1676.4109,0.5332692,67937.19,8.365269,0,,,,,645.8365781020424,0.00013258091,888.9009413519792,0.00016759799,0.00031303198,0.00061914395
0.99998206,0.00012316293,0,0.0024269042,645.835989270941,888.9008603100417,1937,61753.74,7.5668454,1676.842,0.5340086,67935.67,8.367307,0,,,,,645.835989270941,0.00013259065,888.9008603100417,0.00016761945,-0.00028209345,0.0011343656
1.0001646,0.00012312234,8192,0.0024277566,645.8364676979631,888.9009431009246,1938,61768.977,7.5673656,1678.6558,0.5334368,67948.08,8.364549,8192,,,,,645.8364676979631,0.00013257562,888.9009431009246,0.00016757502,0.0002315739,0.0005634523
1.0000484,0.00012313676,0,0.0024286087,645.8360771919155,888.9003788423138,1939,61761.17,7.567093,1677.6761,0.53332907,67940.18,8.365529,0,,,,,645.8360771919155,0.00013258755,888.9003788423138,0.00016758728,6.8029294e-05,0.00057747413
0.99995387,0.00012315823,0,0.0024294606,645.836524328262,888.8998621649503,1940,61767.992,7.5673227,1675.5383,0.5337692,67933.76,8.366987,0,,,,,645.836524328262,0.00013256058,888.8998621649503,0.00016753506,0.0004173964,-0.00036441116
0.9998853,0.0001231411,0,0.0024303123,645.8365035414324,888.9007128001517,1941,61752.25,7.566743,1676.1941,0.5339044,67929.1,8.365824,0,,,,,645.8365035414324,0.00013259597,888.9007128001517,0.00016761471,0.00014889684,0.0008104343
1.0000515,0.00012318899,0,0.002431164,645.8362954287303,888.9003949596605,1942,61765.74,7.5671873,1675.5475,0.5335214,67940.39,8.369077,0,,,,,645.8362954287303,0.00013255651,888.9003949596605,0.00016756073,0.00012403322,0.00045229626
1.0002439,0.00012319538,0,0.0024320153,645.8357112569494,888.901129635211,1943,61770.41,7.567654,1681.9479,0.5333794,67953.46,8.369511,0,,,,,645.8357112569494,0.00013256348,888.901129635211,0.00016758298,-0.0004808267,0.0014098621
1.0001007,0.00012315056,0,0.0024328665,645.8359050736091,888.9009246372873,1944,61764.51,7.5672817,1675.6522,0.5336323,67943.734,8.3664665,0,,,,,645.8359050736091,0.0001325735,888.9009246372873,0.0001675773,-0.00023523334,0.0007787691
1.0003299,0.0001231258,0,0.0024337177,645.8366774468955,888.9011072133527,1945,61773.727,7.5675535,1676.9701,0.53386235,67959.3,8.364784,0,,,,,645.8366774468955,0.00013257086,888.9011072133527,0.00016758786,0.00021637802,0.0014179075
1.0002792,0.00012318566,0,0.0024345685,645.8366325777903,888.9006948718206,1946,61774.203,7.567584,1677.2449,0.53384256,67955.86,8.368851,0,,,,,645.8366325777903,0.00013255289,888.9006948718206,0.00016755595,0.0003182846,0.00080074626
1.0001476,0.0001231726,0,0.0024354192,645.8355869846348,888.9011641748627,1947,61761.57,7.56715,1676.365,0.5337434,67946.914,8.367964,0,,,,,645.8355869846348,0.00013257907,888.9011641748627,0.00016761081,-0.0008114352,0.0016599336
1.0001693,0.00012308329,0,0.0024362695,645.8368679375722,888.9009167052152,1948,61765.227,7.567356,1676.439,0.53397626,67948.39,8.361896,0,,,,,645.8368679375722,0.00013255874,888.9009167052152,0.00016759634,0.00081763347,0.0012973964
1.0001273,0.00012309753,0,0.0024371198,645.8367120756135,888.9009762598635,1949,61758.266,7.5668144,1673.803,0.53336775,67945.54,8.362864,0,,,,,645.8367120756135,0.00013257122,888.9009762598635,0.00016759732,0.00030987823,0.0016956017
1.0001861,0.00012314144,0,0.00243797,645.8361712571007,888.9016185097823,1950,61762.992,7.567146,1677.7533,0.53366375,67949.53,8.365847,0,,,,,645.8361712571007,0.00013257033,888.9016185097823,0.0001676311,5.0805313e-05,0.0020480407
1.0000458,0.00012314496,0,0.00243882,645.8360982291102,888.9012697218349,1951,61752.316,7.566641,1676.8909,0.5335471,67940.0,8.366085,0,,,,,645.8360982291102,0.000132597,888.9012697218349,0.00016763614,-0.00036116672,0.0018899112
1.0001957,0.00012320527,0,0.0024396696,645.836010766329,888.9008400399185,1952,61772.457,7.5674915,1677.0297,0.5337252,67950.19,8.370183,0,,,,,645.836010766329,0.00013255762,888.9008400399185,0.00016759029,5.695913e-05,0.0010093173
0.9999586,0.00012318413,0,0.0024405192,645.8358304217148,888.9010964620006,1953,61755.652,7.5667944,1677.6769,0.5338271,67934.08,8.368747,0,,,,,645.8358304217148,0.00013259111,888.9010964620006,0.00016761603,-0.00046723193,0.0013187777
1.0002141,0.0001231576,0,0.0024413685,645.836299695667,888.901411589834,1954,61767.73,7.5673056,1677.8132,0.533363,67951.44,8.366944,0,,,,,645.836299695667,0.00013256604,888.901411589834,0.00016760142,6.507657e-05,0.0015118578
1.0003498,0.00012314743,0,0.0024422177,645.8361562871083,888.9014964460564,1955,61773.5,7.5677013,1676.8931,0.5335373,67960.66,8.366254,0,,,,,645.8361562871083,0.00013255575,888.9014964460564,0.00016759525,-0.00030335007,0.0019389502
1.0001415,0.00012311588,0,0.0024430666,645.8365375573254,888.9010654435862,1956,61759.223,7.5668674,1676.311,0.53394264,67946.5,8.36411,0,,,,,645.8365375573254,0.0001325615,888.9010654435862,0.00016760083,0.00020224729,0.0015722895
1.0001138,0.00012312093,0,0.0024439155,645.8360519482721,888.9012967021865,1957,61757.54,7.566851,1678.4974,0.533333,67944.625,8.364453,0,,,,,645.8360519482721,0.00013257288,888.9012967021865,0.00016760573,-0.0002923274,0.0018208715
1.0001007,0.00012312838,0,0.002444764,645.8358143955635,888.9019955199251,1958,61755.477,7.5668154,1677.1002,0.5334197,67943.734,8.36496,0,,,,,645.8358143955635,0.00013258935,888.9019955199251,0.00016765142,-0.00040569354,0.0023680895
0.99993217,0.00012310235,0,0.0024456123,645.8356918248921,888.9016233264246,1959,61740.133,7.566135,1676.1995,0.53359044,67932.28,8.363191,0,,,,,645.8356918248921,0.00013261696,888.9016233264246,0.00016767622,-0.0007816562,0.0025471433
1.0000039,0.00012313608,0,0.0024464605,645.8355216212079,888.902004991242,1960,61744.914,7.5664773,1678.9221,0.5334945,67937.16,8.365482,0,,,,,645.8355216212079,0.00013260469,888.902004991242,0.000167676,-0.00075286865,0.0026140413
1.0001725,0.00012312448,0,0.0024473085,645.8350597811944,888.9018730046652,1961,61752.395,7.566561,1677.7917,0.53307956,67948.61,8.364695,0,,,,,645.8350597811944,0.00013258767,888.9018730046652,0.00016767146,-0.0015536178,0.002999889
1.0000608,0.00012314881,0,0.0024481565,645.8350906149984,888.902166966261,1962,61745.52,7.566309,1676.1016,0.53357774,67941.02,8.366347,0,,,,,645.8350906149984,0.00013262035,888.902166966261,0.00016768012,-0.001391708,0.002857916
0.99998873,0.00012307755,0,0.002449004,645.8351757072289,888.9014871306223,1963,61739.492,7.56612,1677.8104,0.5328293,67936.125,8.361506,0,,,,,645.8351757072289,0.00013262231,888.9014871306223,0.000167701,-0.0013171756,0.0028361264
1.0001317,0.00012313189,0,0.0024498515,645.8341862823266,888.9026704385673,1964,61747.637,7.566461,1677.8104,0.5334382,67945.836,8.365198,0,,,,,645.8341862823266,0.00013261834,888.9026704385673,0.00016767668,-0.0019378765,0.0034912163
0.9999187,0.00012310472,0,0.0024506988,645.8351583469844,888.9023569182297,1965,61734.66,7.5660114,1675.6793,0.53392464,67931.37,8.363352,0,,,,,645.8351583469844,0.00013261994,888.9023569182297,0.00016771488,-0.0012735383,0.0031666167
1.0001483,0.00012308978,0,0.0024515458,645.8355856608246,888.9025595746551,1966,61747.625,7.566353,1677.3828,0.53307,67946.97,8.362336,0,,,,,645.8355856608246,0.00013260664,888.9025595746551,0.00016769719,-0.0010312543,0.003251266
1.000208,0.00012313777,0,0.0024523928,645.834991618246,888.9020088887366,1967,61758.01,7.5669365,1674.8984,0.53374976,67951.02,8.365597,0,,,,,645.834991618246,0.00013259804,888.9020088887366,0.00016767239,-0.0016350484,0.0029559382
0.9998466,0.00012314056,0,0.0024532394,645.8347767123513,888.9017804185127,1968,61741.45,7.5661955,1676.108,0.5334436,67926.47,8.365787,0,,,,,645.8347767123513,0.00013261543,888.9017804185127,0.00016768959,-0.0016533823,0.00261465
0.9999526,0.00012313118,0,0.002454086,645.8350828361863,888.9020659488071,1969,61746.824,7.5664473,1677.0831,0.53360426,67933.67,8.3651495,0,,,,,645.8350828361863,0.00013262381,888.9020659488071,0.00016768003,-0.0011708641,0.0025452473
1.0000734,0.00012310396,0,0.0024549323,645.8349430109758,888.9019732009413,1970,61747.977,7.5663953,1676.7979,0.53327996,67941.88,8.3633,0,,,,,645.8349430109758,0.00013259177,888.9019732009413,0.00016766056,-0.0013744609,0.002981363
1.0001391,0.00012316636,0,0.0024557784,645.8345298738961,888.9023024069902,1971,61752.125,7.5666237,1676.2438,0.5335036,67946.34,8.367539,0,,,,,645.8345298738961,0.00013261584,888.9023024069902,0.00016767217,-0.0018962662,0.0031956723
1.000331,0.0001232091,0,0.0024566243,645.8351470213742,888.9022680453445,1972,61761.84,7.567137,1676.9061,0.53371346,67959.38,8.370443,0,,,,,645.8351470213742,0.00013259154,888.9022680453445,0.00016764544,-0.0017340952,0.0031551302
1.0001224,0.00012309819,0,0.0024574702,645.8348376800814,888.9025225768546,1973,61750.08,7.566601,1674.6819,0.5334386,67945.21,8.362908,0,,,,,645.8348376800814,0.00013260602,888.9025225768546,0.0001677013,-0.0015536102,0.003414795
1.0002118,0.00012312607,0,0.0024583156,645.8349527063676,888.9026985544625,1974,61753.21,7.566727,1677.0709,0.53365034,67951.28,8.364802,0,,,,,645.8349527063676,0.0001326004,888.9026985544625,0.00016767815,-0.0015157181,0.003598639
1.0001204,0.00012314692,0,0.002459161,645.8343353503168,888.9029971066035,1975,61750.086,7.5667267,1676.6439,0.53378665,67945.07,8.366219,0,,,,,645.8343353503168,0.0001326239,888.9029971066035,0.00016771574,-0.001977515,0.003639515
1.0002627,0.00012310394,0,0.002460851,645.834342074863,888.9028030787634,1977,61753.77,7.566664,1674.456,0.53331715,67954.74,8.363298,0,,,,,645.834342074863,0.00013260287,888.9028030787634,0.00016767993,-0.0020717096,0.0038741285
1.0002367,0.00012316614,0,0.002461696,645.834365352904,888.9028583415319,1978,61747.543,7.5672445,1677.7969,0.53362775,67952.98,8.367525,0,,,,,645.834365352904,0.00013262016,888.9028583415319,0.0001677244,-0.0022731575,0.0040073036
1.0002551,0.00012310481,0,0.0024625405,645.8344659281983,888.9026246877213,1979,61760.19,7.5668325,1675.5095,0.53302246,67954.22,8.363358,0,,,,,645.8344659281983,0.00013258573,888.9026246877213,0.00016766762,-0.0020523635,0.0034837388
1.0001769,0.00012315511,8192,0.002463385,645.8338356994436,888.9024621897084,1980,61754.25,7.56666,1675.6935,0.5332742,67948.91,8.3667755,8192,,,,,645.8338356994436,0.00013262079,888.9024621897084,0.00016769106,-0.0025146548,0.0036583312
0.9999563,0.00012312601,0,0.0024642292,645.8350286416464,888.9027612297152,1981,61737.938,7.5660944,1675.6569,0.53345025,67933.92,8.364799,0,,,,,645.8350286416464,0.00013262985,888.9027612297152,0.00016771766,-0.0016626352,0.003759105
1.0002201,0.00012311892,0,0.0024650733,645.8347100759528,888.9025965456063,1982,61746.703,7.566342,1676.2552,0.53350955,67951.84,8.364317,0,,,,,645.8347100759528,0.0001326094,888.9025965456063,0.0001677042,-0.0016452075,0.0038939347
1.0001357,0.00012315661,0,0.002465917,645.8345349097291,888.9027927625734,1983,61743.18,7.5679054,1675.4137,0.53376204,67946.11,8.366878,0,,,,,645.8345349097291,0.0001326195,888.9027927625734,0.00016774154,-0.0018772789,0.0040083076
1.0001578,0.0001230608,0,0.0024667608,645.8346571570999,888.9031319600947,1984,61738.65,7.567878,1679.0669,0.533457,67947.62,8.360369,0,,,,,645.8346571570999,0.00013262924,888.9031319600947,0.00016774714,-0.0019548186,0.0046951505
1.0000857,0.00012313377,0,0.0024676041,645.8349242357435,888.9029074329375,1985,61742.93,7.566258,1675.8817,0.53336924,67942.71,8.365325,0,,,,,645.8349242357435,0.00013261866,888.9029074329375,0.00016770796,-0.0014246969,0.0037643744
0.99989146,0.00012311937,0,0.0024684474,645.8346549428663,888.9024271999176,1986,61733.188,7.5658464,1675.7781,0.5337685,67929.516,8.364347,0,,,,,645.8346549428663,0.00013263844,888.9024271999176,0.00016773418,-0.0015825698,0.0035850834
1.0000745,0.00012314327,0,0.0024692905,645.8347452881612,888.9021664246226,1987,61748.027,7.5663476,1675.6469,0.53369963,67941.95,8.365971,0,,,,,645.8347452881612,0.00013260334,888.9021664246226,0.00016766024,-0.001675988,0.0031503995
1.0001128,0.00012308819,0,0.0024701334,645.8342333980978,888.9031490479018,1988,61738.13,7.5676494,1674.1278,0.53387743,67944.555,8.362229,0,,,,,645.8342333980978,0.000132633,888.9031490479018,0.0001677412,-0.0022617523,0.0042861756
1.0003482,0.00012314314,0,0.0024709762,645.8343305727815,888.9027740383776,1989,61756.41,7.5683775,1673.6965,0.5337783,67960.55,8.365962,0,,,,,645.8343305727815,0.00013260209,888.9027740383776,0.00016770186,-0.0021345816,0.004134886
0.9999422,0.00012314222,0,0.0024718186,645.8346361235042,888.903284163474,1990,61724.266,7.567133,1674.2495,0.5335831,67932.96,8.3659,0,,,,,645.8346361235042,0.00013264806,888.903284163474,0.00016777792,-0.0021824287,0.004524759
1.0003833,0.00012312354,0,0.002472661,645.8345602161381,888.9034648527061,1991,61753.3,7.56822,1675.3137,0.5331518,67962.93,8.36463,0,,,,,645.8345602161381,0.00013259443,888.9034648527061,0.00016773773,-0.002172044,0.004685631
0.9998805,0.00012310274,0,0.0024735031,645.8337373562812,888.9032968577643,1992,61723.176,7.567145,1674.7242,0.533646,67928.77,8.363217,0,,,,,645.8337373562812,0.00013266406,888.9032968577643,0.00016779409,-0.003024731,0.0049118586
1.0001729,0.00012314574,0,0.002474345,645.8340282529689,888.9031355620992,1993,61749.37,7.566392,1674.4928,0.53327394,67948.63,8.366138,0,,,,,645.8340282529689,0.00013261904,888.9031355620992,0.0001677071,-0.0024680449,0.0041823452
1.000335,0.00012313161,0,0.0024751867,645.8340830144771,888.9034309319017,1994,61752.676,7.5682054,1674.4346,0.53330535,67959.65,8.365179,0,,,,,645.8340830144771,0.00013259618,888.9034309319017,0.00016772172,-0.0023332136,0.004638308
1.0001798,0.00012313618,8192,0.0024760282,645.8334438301384,888.9040484993665,1995,61741.125,7.5677133,1674.235,0.53346074,67949.1,8.365489,8192,,,,,645.8334438301384,0.0001326425,888.9040484993665,0.00016778136,-0.003429663,0.0058939634
0.99994445,0.00012310063,0,0.0024768696,645.8330508845108,888.9045829585691,1996,61719.227,7.5669465,1675.2675,0.53359437,67933.12,8.363074,0,,,,,645.8330508845108,0.00013267742,888.9045829585691,0.00016785998,-0.0037222623,0.006528641
1.0003918,0.00012311438,0,0.0024777106,645.8329457937422,888.9050594702951,1997,61750.312,7.568183,1674.3296,0.53353876,67963.51,8.364008,0,,,,,645.8329457937422,0.00013262087,888.9050594702951,0.00016779968,-0.0037292484,0.006444137
1.0001427,0.000123112,0,0.0024785516,645.8324181983543,888.9052913465216,1998,61728.434,7.567175,1673.8291,0.533644,67946.586,8.363846,0,,,,,645.8324181983543,0.00013266662,888.9052913465216,0.00016786871,-0.0044865385,0.007065836
1.0000744,0.0001231358,0,0.0024793926,645.8326336470715,888.9043962184654,1999,61737.727,7.5676236,1675.2761,0.5334258,67941.945,8.365463,0,,,,,645.8326336470715,0.00013266278,888.9043962184654,0.00016781258,-0.004128218,0.0058868094
1.0001094,0.00012309596,0,0.002480233,645.8324379407135,888.904302240386,2000,61740.094,7.5678024,1675.4609,0.5339187,67944.33,8.362757,0,,,,,645.8324379407135,0.00013266213,888.904302240386,0.00016780464,-0.004298089,0.0058247694
1.0003024,0.00012311533,0,0.0024810734,645.8323404011844,888.9045865249587,2001,61751.58,7.568199,1674.0598,0.5332316,67957.44,8.364073,0,,,,,645.8323404011844,0.0001326355,888.9045865249587,0.00016778079,-0.0043820958,0.005960344
1.0001187,0.00012313519,8192,0.0024819137,645.832615522757,888.9045463161451,2002,61730.63,7.567525,1675.3857,0.53315574,67944.95,8.365422,8192,,,,,645.832615522757,0.00013266908,888.9045463161451,0.00016785125,-0.0040995968,0.006382895
1.0002751,0.00012308828,0,0.0024827537,645.8329348846949,888.9048452378913,2003,61743.01,7.5678515,1674.3657,0.5330983,67955.586,8.362235,0,,,,,645.8329348846949,0.00013264711,888.9048452378913,0.00016779738,-0.00386477,0.00645255
1.0001498,0.00012312755,0,0.0024835935,645.8323191884283,888.9048153493136,2004,61727.164,7.5672817,1674.3567,0.5331719,67947.07,8.364903,0,,,,,645.8323191884283,0.00013266558,888.9048153493136,0.00016785557,-0.0045216545,0.007076945
1.0003415,0.00012310175,0,0.0024844331,645.8326283545811,888.9050515920696,2005,61741.594,7.567994,1675.688,0.5330862,67960.09,8.363151,0,,,,,645.8326283545811,0.00013264742,888.9050515920696,0.0001678298,-0.0041507566,0.0067758258
1.0001186,0.0001231442,0,0.0024852725,645.8324175743512,888.9044542171822,2006,61728.824,7.5672493,1677.8905,0.53327173,67944.945,8.3660345,0,,,,,645.8324175743512,0.00013265824,888.9044542171822,0.00016784442,-0.0045660106,0.0066497154
1.0000764,0.0001231291,0,0.0024861116,645.8325988820494,888.9046552060653,2007,61736.36,7.5676556,1676.7942,0.53354263,67942.086,8.365007,0,,,,,645.8325988820494,0.0001326503,888.9046552060653,0.00016780404,-0.00395848,0.006151853
1.0002584,0.00012308199,0,0.0024869507,645.8324307469572,888.9050050779075,2008,61740.473,7.5677667,1674.5781,0.5337062,67954.445,8.361808,0,,,,,645.8324307469572,0.00013263708,888.9050050779075,0.00016780416,-0.0045157475,0.0066606146
1.0001917,0.00012318116,0,0.0024877896,645.83262014396,888.9052081673466,2009,61737.258,7.567552,1676.285,0.5336863,67949.914,8.368546,0,,,,,645.83262014396,0.0001326519,888.9052081673466,0.00016782324,-0.0043531526,0.0066898386
0.9999019,0.00012311002,0,0.0024886283,645.8321079623701,888.9053765660531,2010,61710.13,7.5665026,1675.5754,0.53315705,67930.23,8.363711,0,,,,,645.8321079623701,0.0001326835,888.9053765660531,0.00016789467,-0.0045069233,0.007368941
0.9999732,0.00012307598,0,0.0024894667,645.8324630643032,888.9050253289972,2011,61717.383,7.5668335,1675.6511,0.5336243,67935.07,8.3614,0,,,,,645.8324630643032,0.00013266737,888.9050253289972,0.00016786218,-0.0040762536,0.0067362017
1.0003068,0.00012308515,0,0.0024903049,645.8330541304831,888.9051106973891,2012,61730.918,7.567328,1673.4945,0.5336983,67957.734,8.362022,0,,,,,645.8330541304831,0.00013265412,888.9051106973891,0.0001678483,-0.003961843,0.007139457
1.0001258,0.0001230592,0,0.002491143,645.8327237114847,888.904213239323,2013,61731.004,7.5673656,1676.0734,0.5334769,67945.44,8.36026,0,,,,,645.8327237114847,0.00013265335,888.904213239323,0.00016780093,-0.0038684816,0.006159025
0.99993306,0.00012314324,0,0.0024919808,645.8326872479192,888.9046171968548,2014,61716.695,7.566715,1676.5134,0.53328806,67932.34,8.365969,0,,,,,645.8326872479192,0.00013268384,888.9046171968548,0.00016788006,-0.0041356334,0.0067272163
1.0002147,0.00012312982,0,0.0024928185,645.8330070034197,888.9044026225971,2015,61736.3,7.567513,1676.144,0.5333748,67951.48,8.365057,0,,,,,645.8330070034197,0.00013263625,888.9044026225971,0.00016783926,-0.0037222907,0.0065971725
1.0000006,0.00012305896,0,0.002493656,645.8320471184045,888.9056921421787,2016,61711.945,7.5665836,1674.6897,0.5332143,67936.93,8.360243,0,,,,,645.8320471184045,0.00013268762,888.9056921421787,0.00016791931,-0.004689847,0.007888371
1.0003443,0.00012310431,0,0.0024944933,645.8323678482147,888.9053718951476,2017,61737.812,7.5675745,1675.715,0.5334554,67960.28,8.363324,0,,,,,645.8323678482147,0.00013271396,888.9053718951476,0.0001678344,-0.0042485246,0.007369653
1.0003557,0.00012307584,0,0.0024953305,645.8323002087755,888.9054168682637,2018,61731.973,7.567402,1675.6067,0.53361547,67961.055,8.361389,0,,,,,645.8323002087755,0.00013265,888.9054168682637,0.00016786766,-0.0044332636,0.0076684337
1.0000651,0.00012306342,0,0.0024961673,645.8319547758688,888.9055111241858,2019,61717.582,7.56673,1674.3844,0.5334408,67941.31,8.360546,0,,,,,645.8319547758688,0.00013269477,888.9055111241858,0.00016787741,-0.0045958674,0.007475096
1.0001523,0.00012311192,0,0.002497004,645.8323316978023,888.9049154792802,2020,61722.11,7.566909,1675.2755,0.5331414,67947.24,8.363841,0,,,,,645.8323316978023,0.00013267195,888.9049154792802,0.00016786353,-0.0046798685,0.007480504
1.000206,0.00012310364,0,0.0024978407,645.8321161399003,888.9052151176304,2021,61733.71,7.5673633,1674.4888,0.5331609,67950.88,8.363278,0,,,,,645.8321161399003,0.00013265529,888.9052151176304,0.00016785105,-0.0045324885,0.0072460026
1.0001657,0.00012313224,0,0.0024986768,645.8317125300415,888.9056398110738,2022,61723.95,7.5669785,1673.2109,0.5333236,67948.15,8.365221,0,,,,,645.8317125300415,0.00013266725,888.9056398110738,0.0001678798,-0.005129047,0.007684354
1.0001774,0.00012310703,0,0.002499513,645.8315004475855,888.906130533437,2023,61722.53,7.566884,1674.9034,0.5334733,67948.945,8.363509,0,,,,,645.8315004475855,0.00013267735,888.906130533437,0.00016790631,-0.005334412,0.008095869
1.0000707,0.00012304763,0,0.002500349,645.8316445984148,888.9064928927266,2024,61710.56,7.566583,1676.4459,0.53366435,67941.695,8.359473,0,,,,,645.8316445984148,0.00013270936,888.9064928927266,0.00016793396,-0.005200241,0.008346205
1.0002651,0.00012303659,0,0.0025011846,645.8316753734567,888.9060896381485,2025,61723.242,7.5670257,1676.1028,0.5338089,67954.9,8.358724,0,,,,,645.8316753734567,0.00013266384,888.9060896381485,0.00016789883,-0.005352569,0.0086817555
1.0001884,0.000123079,0,0.0025020202,645.8312418268631,888.9064619866075,2026,61712.98,7.566588,1676.333,0.53395456,67949.69,8.361604,0,,,,,645.8312418268631,0.00013269256,888.9064619866075,0.00016795745,-0.005759353,0.009353555
1.0001602,0.0001230761,0,0.0025028556,645.8320743486665,888.9056831526269,2027,61719.7,7.566775,1674.0315,0.53348905,67947.77,8.361407,0,,,,,645.8320743486665,0.00013268137,888.9056831526269,0.00016789696,-0.0050067883,0.008205559
1.0002725,0.00012313474,0,0.0025036908,645.8314221736986,888.9058989470461,2028,61728.797,7.567159,1673.6936,0.5335883,67955.41,8.365392,0,,,,,645.8314221736986,0.00013266441,888.9058989470461,0.00016788185,-0.0054017343,0.008426399
1.0000831,0.00012300834,0,0.0025045257,645.8316981146754,888.9060909978283,2029,61720.508,7.566766,1673.0706,0.53313136,67942.54,8.356805,0,,,,,645.8316981146754,0.00013266437,888.9060909978283,0.00016788472,-0.0049792374,0.008105162
1.0002581,0.00012309682,0,0.0025053604,645.8309020299479,888.9062116543942,2030,61721.69,7.566969,1674.8588,0.5334215,67954.42,8.362815,0,,,,,645.8309020299479,0.00013268103,888.9062116543942,0.00016792012,-0.0060480535,0.009197046
1.0001261,0.00012298641,0,0.002506195,645.831604108892,888.9062498015716,2031,61715.785,7.5665116,1674.9232,0.5332916,67945.46,8.355314,0,,,,,645.831604108892,0.00013270901,888.9062498015716,0.00016794137,-0.0056959675,0.0090801325
1.0001,0.00012304487,0,0.0025070293,645.8310715078426,888.9062765585301,2032,61707.613,7.5662584,1674.1167,0.53342885,67943.69,8.359285,0,,,,,645.8310715078426,0.00013270472,888.9062765585301,0.00016796902,-0.0057907472,0.009324883
1.0000366,0.0001230036,0,0.0025078636,645.8312842886588,888.9060710398081,2033,61706.438,7.56598,1673.3104,0.53354305,67939.375,8.3564825,0,,,,,645.8312842886588,0.0001327121,888.9060710398081,0.00016803869,-0.0059114224,0.008938226
1.0000885,0.00012304404,0,0.0025086976,645.8308019535395,888.9069116992587,2034,61702.082,7.5660057,1671.5282,0.5332431,67942.9,8.359229,0,,,,,645.8308019535395,0.00013269873,888.9069116992587,0.00016797695,-0.006424904,0.009814907
1.000206,0.00012309855,0,0.0025095313,645.83063514124,888.9061991460335,2035,61719.992,7.5667543,1671.4423,0.5339177,67950.88,8.362933,0,,,,,645.83063514124,0.00013268489,888.9061991460335,0.00016791087,-0.006364178,0.009026196
1.0000409,0.00012308855,0,0.0025103649,645.8303361909927,888.9063400183281,2036,61710.797,7.5663557,1672.3715,0.5334922,67939.67,8.362253,0,,,,,645.8303361909927,0.00013272035,888.9063400183281,0.00016794907,-0.006274529,0.008720434
1.0001737,0.0001230706,0,0.0025111982,645.8308773170022,888.9063302704008,2037,61718.516,7.566559,1671.7701,0.53362507,67948.69,8.361033,0,,,,,645.8308773170022,0.00013266737,888.9063302704008,0.00016791564,-0.0059384713,0.008986912
1.0001991,0.00012310327,0,0.0025120315,645.8307374958982,888.9065058943744,2038,61711.645,7.5663815,1672.4811,0.5332977,67950.414,8.363253,0,,,,,645.8307374958982,0.00013268225,888.9065058943744,0.00016793939,-0.006342283,0.009611421
1.0001463,0.00012307084,0,0.0025128645,645.8309045613055,888.9064894886245,2039,61712.773,7.566381,1670.9165,0.53371876,67946.83,8.361051,0,,,,,645.8309045613055,0.000132684,888.9064894886245,0.00016792792,-0.006077153,0.009155875
1.0002009,0.00012308944,0,0.0025136974,645.8305143025149,888.9066818211489,2040,61709.47,7.566291,1671.8569,0.5332064,67950.54,8.362314,0,,,,,645.8305143025149,0.0001327024,888.9066818211489,0.00016795502,-0.006772473,0.009489266
1.0003875,0.0001231005,128,0.00251453,645.8306449370083,888.9067410754631,2041,61722.617,7.5674596,1671.3512,0.5336072,67963.22,8.363065,128,,,,,645.8306449370083,0.00013268871,888.9067410754631,0.00016790668,-0.0066878707,0.0096043
1.0003088,0.00012309375,0,0.0025153623,645.8302705091816,888.9064454173259,2042,61715.484,7.5663815,1671.0828,0.5334785,67957.87,8.362607,0,,,,,645.8302705091816,0.00013268698,888.9064454173259,0.00016793497,-0.0072288904,0.009592001
1.0002898,0.00012305053,0,0.0025161945,645.8298988172811,888.9062955397748,2043,61722.38,7.5667424,1670.7378,0.53338563,67956.58,8.359671,0,,,,,645.8298988172811,0.00013269449,888.9062955397748,0.0001679357,-0.0070661777,0.009193117
0.9999354,0.00012299042,0,0.0025170266,645.8297125826764,888.906132586776,2044,61700.84,7.565879,1668.3336,0.53335303,67932.5,8.355586,0,,,,,645.8297125826764,0.00013272482,888.906132586776,0.00016794534,-0.0072910544,0.0090706935
1.0000906,0.00012305456,0,0.0025178583,645.829834600136,888.9069038433756,2045,61706.082,7.5660686,1671.1145,0.5334887,67943.05,8.359944,0,,,,,645.829834600136,0.00013270922,888.9069038433756,0.0001679692,-0.00738369,0.009790079
0.9998749,0.00012310881,0,0.00251869,645.8294299254594,888.9070948390932,2046,61686.754,7.5653486,1670.6729,0.53336185,67928.39,8.363629,0,,,,,645.8294299254594,0.00013275769,888.9070948390932,0.00016801617,-0.0077949245,0.010023896
1.0001092,0.00012296345,0,0.0025195214,645.8298397084916,888.9072843413962,2047,61702.844,7.5661054,1671.3696,0.5336511,67944.31,8.353755,0,,,,,645.8298397084916,0.00013272409,888.9072843413962,0.00016799531,-0.007480078,0.010237191
1.0001261,0.00012308307,0,0.0025203526,645.8295701849344,888.9068004388652,2048,61700.117,7.565843,1670.8551,0.5336804,67945.46,8.361881,0,,,,,645.8295701849344,0.00013271986,888.9068004388652,0.00016797661,-0.007681691,0.010187214
1.0000951,0.00012306386,0,0.0025211836,645.8296777995852,888.9073899837374,2049,61696.953,7.5657573,1670.6472,0.5332213,67943.35,8.360576,0,,,,,645.8296777995852,0.00013274276,888.9073899837374,0.00016802036,-0.0076456675,0.010499491
0.99996275,0.00012304296,0,0.0025220145,645.8294102237629,888.9068005579826,2050,61693.21,7.565469,1670.1913,0.53364235,67934.36,8.359157,0,,,,,645.8294102237629,0.00013274157,888.9068005579826,0.00016801775,-0.007923311,0.010064508
1.0002689,0.000123072,128,0.002522845,645.8298268937431,888.9064316826925,2051,61716.598,7.566714,1671.4542,0.53325486,67955.164,8.361129,128,,,,,645.8298268937431,0.00013272026,888.9064316826925,0.00016793898,-0.0075178063,0.009406628
1.0002754,0.00012309491,0,0.0025236756,645.8298191068185,888.9066773236731,2052,61714.48,7.5663314,1669.7046,0.5336766,67955.6,8.362685,0,,,,,645.8298191068185,0.00013272831,888.9066773236731,0.0001679472,-0.0074905218,0.009729814
1.0000778,0.00012310043,0,0.0025245058,645.8291394754235,888.9072350378759,2053,61698.293,7.5656714,1670.9703,0.5333113,67942.18,8.36306,0,,,,,645.8291394754235,0.00013273359,888.9072350378759,0.00016799357,-0.007801539,0.010172487
1.0001179,0.00012309529,0,0.0025253359,645.8297007739584,888.9071838964595,2054,61697.69,7.5656705,1671.3378,0.5335851,67944.9,8.362711,0,,,,,645.8297007739584,0.00013272658,888.9071838964595,0.0001679909,-0.0074314633,0.010054882
1.0003834,0.00012307995,128,0.0025261657,645.8292161125786,888.9075658909338,2055,61712.31,7.566592,1670.3624,0.53368443,67962.94,8.36167,128,,,,,645.8292161125786,0.00013271169,888.9075658909338,0.00016798144,-0.008035992,0.010273914
0.99995184,0.00012303857,128,0.0025269955,645.8293154617845,888.9074909888968,2056,61683.21,7.563439,1671.7623,0.533573,67933.62,8.358858,128,,,,,645.8293154617845,0.0001327675,888.9074909888968,0.00016806011,-0.008411258,0.010835377
1.0002728,0.00012304485,0,0.0025278248,645.8291671887335,888.9072519072942,2057,61702.16,7.563316,1671.5167,0.5330639,67955.42,8.359284,0,,,,,645.8291671887335,0.0001327119,888.9072519072942,0.00016798444,-0.008130673,0.010505412
1.0000979,0.00012308148,0,0.0025286542,645.8287889337747,888.9070348084124,2058,61697.28,7.564341,1669.1083,0.5334212,67943.54,8.3617735,0,,,,,645.8287889337747,0.00013272931,888.9070348084124,0.00016799736,-0.008164889,0.010317556
1.0002068,0.00012298909,0,0.002529483,645.8286947983646,888.907102764556,2059,61707.61,7.5647926,1670.6569,0.5338509,67950.945,8.355496,0,,,,,645.8286947983646,0.00013272578,888.907102764556,0.00016799722,-0.0083633,0.010359988
1.0002819,0.00012302933,8192,0.002530312,645.8291377229215,888.9077837377879,2060,61709.527,7.5634375,1668.0449,0.5333353,67956.05,8.35823,8192,,,,,645.8291377229215,0.00013270734,888.9077837377879,0.00016797606,-0.008245896,0.010741005
1.0001823,0.00012307301,0,0.0025311406,645.8285599114266,888.9076515536315,2061,61697.465,7.5630317,1669.2125,0.5335045,67949.27,8.361197,0,,,,,645.8285599114266,0.00013273927,888.9076515536315,0.00016802074,-0.008633944,0.010837397
1.000247,0.00012304474,0,0.0025319692,645.8283351478301,888.9077343620227,2062,61701.574,7.563078,1671.7684,0.5334779,67953.67,8.359277,0,,,,,645.8283351478301,0.00013274171,888.9077343620227,0.00016800401,-0.009071127,0.0108729685
1.0003654,0.00012303166,0,0.0025327974,645.8285416572486,888.9077743849648,2063,61706.535,7.563363,1668.2351,0.5335796,67961.71,8.358388,0,,,,,645.8285416572486,0.0001327261,888.9077743849648,0.00016800528,-0.008940324,0.011127956
1.0000764,0.00012296537,0,0.0025336256,645.8282964936157,888.9078589282005,2064,61689.57,7.5627065,1670.4346,0.5337104,67942.08,8.353885,0,,,,,645.8282964936157,0.00013275337,888.9078589282005,0.0001680596,-0.009256005,0.01124844
1.0000831,0.00012301363,0,0.0025344533,645.8280243420776,888.9082735705972,2065,61686.848,7.562515,1669.1628,0.53319603,67942.54,8.357163,0,,,,,645.8280243420776,0.00013276844,888.9082735705972,0.00016806075,-0.009451957,0.011660152
1.0001272,0.00012303302,0,0.002535281,645.828385005962,888.9077480196837,2066,61693.805,7.5629063,1671.165,0.53335154,67945.53,8.358481,0,,,,,645.828385005962,0.00013274948,888.9077480196837,0.00016803059,-0.009058381,0.011028295
1.0002427,0.00012302575,0,0.0025361085,645.8278639638463,888.9072564447798,2067,61703.188,7.5632143,1669.268,0.5334634,67953.38,8.357986,0,,,,,645.8278639638463,0.00013272942,888.9072564447798,0.00016799469,-0.009499711,0.010984116
1.000521,0.00012305375,0,0.0025369357,645.8280819878347,888.9078881575864,2068,61722.992,7.5640426,1668.9464,0.53372204,67972.28,8.359889,0,,,,,645.8280819878347,0.00013269119,888.9078881575864,0.00016795335,-0.009295106,0.011084645
1.0000376,0.00012306328,0,0.002537763,645.8285134217348,888.9077670312674,2069,61684.73,7.5624785,1670.4486,0.53344446,67939.445,8.360537,0,,,,,645.8285134217348,0.00013274571,888.9077670312674,0.00016804153,-0.008897073,0.011379336
1.0003041,0.00012304257,0,0.0025385898,645.8283578001721,888.908243315678,2070,61703.22,7.563166,1669.4781,0.5329889,67957.55,8.35913,0,,,,,645.8283578001721,0.00013272665,888.908243315678,0.00016800009,-0.009049365,0.011400919
1.0003829,0.00012308366,0,0.0025394165,645.828069039137,888.908241360348,2071,61701.805,7.56328,1670.2281,0.53358173,67962.91,8.361921,0,,,,,645.828069039137,0.00013274363,888.908241360348,0.00016802836,-0.009602835,0.012057572
1.0002798,0.00012306112,0,0.0025402429,645.8279506978704,888.9086870174566,2072,61695.793,7.5629687,1669.461,0.53350246,67955.9,8.36039,0,,,,,645.8279506978704,0.00013276524,888.9086870174566,0.00016806395,-0.009709006,0.012274571
1.0003433,0.0001229714,0,0.0025410692,645.8277088141008,888.9086252347313,2073,61695.82,7.5628705,1668.789,0.5338663,67960.22,8.354294,0,,,,,645.8277088141008,0.00013273834,888.9086252347313,0.00016805553,-0.010108084,0.0124955755
1.0003433,0.00012305037,0,0.0025418953,645.8277411756548,888.9089242019825,2074,61699.562,7.5630183,1669.241,0.5335005,67960.22,8.359659,0,,,,,645.8277411756548,0.00013275008,888.9089242019825,0.00016803973,-0.009959268,0.012388277
1.00022,0.00012302973,0,0.002542721,645.827697112806,888.9085475998679,2075,61691.27,7.562681,1669.0612,0.5335013,67951.836,8.358257,0,,,,,645.827697112806,0.00013275977,888.9085475998679,0.00016805182,-0.009908407,0.01220821
1.0001041,0.00012303617,0,0.002543547,645.8271976328714,888.9080580187672,2076,61692.246,7.562656,1669.2413,0.53340197,67943.96,8.358695,0,,,,,645.8271976328714,0.00013276572,888.9080580187672,0.00016805103,-0.01015554,0.011862247
1.0000191,0.00012301626,0,0.0025443723,645.8273915177898,888.9088140509707,2077,61679.242,7.5621243,1669.2977,0.533122,67938.19,8.357342,0,,,,,645.8273915177898,0.00013276962,888.9088140509707,0.00016809769,-0.010189768,0.01263118
1.0002825,0.00012301336,0,0.0025451977,645.8270616702177,888.9087024604584,2078,61696.973,7.5628724,1668.259,0.53328377,67956.086,8.357145,0,,,,,645.8270616702177,0.00013275213,888.9087024604584,0.00016806083,-0.010545611,0.012632633
1.0000838,0.00012303314,0,0.0025460226,645.8267345759039,888.9096068038263,2079,61677.324,7.562051,1667.3728,0.5333006,67942.586,8.358489,0,,,,,645.8267345759039,0.00013278835,888.9096068038263,0.00016813386,-0.011006934,0.01345817
1.0000745,0.00012295002,0,0.0025468476,645.8266230104588,888.9094075177611,2080,61683.688,7.5623927,1667.5614,0.53373295,67941.95,8.352842,0,,,,,645.8266230104588,0.0001327913,888.9094075177611,0.00016811474,-0.011154487,0.013198129
1.0002335,0.00012299037,0,0.0025476723,645.8262060693122,888.9096869453474,2081,61684.516,7.5623307,1669.0552,0.5334271,67952.76,8.355583,0,,,,,645.8262060693122,0.00013277604,888.9096869453474,0.00016812942,-0.011482553,0.013999923
1.0003217,0.00012304442,0,0.0025484967,645.8264552981012,888.9097269583746,2082,61697.387,7.563351,1678.557,0.5338455,67958.75,8.359255,0,,,,,645.8264552981012,0.00013277296,888.9097269583746,0.00016810247,-0.011188441,0.013451961
0.99988675,0.00012290888,0,0.0025493212,645.8264595246213,888.909866387527,2083,61661.336,7.561369,1665.3594,0.5337443,67929.195,8.350047,0,,,,,645.8264595246213,0.00013281372,888.909866387527,0.00016816858,-0.0114616705,0.013955943
1.0002233,0.00012300529,8192,0.0025501451,645.8266239789946,888.9095045534257,2084,61687.445,7.5623665,1666.8336,0.53337646,67952.06,8.356597,8192,,,,,645.8266239789946,0.0001327727,888.9095045534257,0.00016810774,-0.011215798,0.013811963
1.0000209,0.00012287675,0,0.0025509691,645.8255403321666,888.9095196845268,2085,61675.902,7.5620513,1668.5208,0.5333226,67938.305,8.347864,0,,,,,645.8255403321666,0.0001328055,888.9095196845268,0.00016813073,-0.011899431,0.013489713
1.0000653,0.00012282438,0,0.0025517927,645.825620287883,888.9096303281086,2086,61687.74,7.562466,1667.905,0.53348327,67941.33,8.344306,0,,,,,645.825620287883,0.00013278222,888.9096303281086,0.00016810338,-0.011859136,0.013322542
1.0002915,0.00012299414,0,0.0025526162,645.8261403602354,888.9101814334011,2087,61687.28,7.5623746,1668.7262,0.53331524,67956.695,8.35584,0,,,,,645.8261403602354,0.00013277993,888.9101814334011,0.00016811525,-0.011634305,0.014034217
1.0001318,0.00012298702,0,0.0025534395,645.826720315221,888.9094160896668,2088,61681.79,7.562208,1669.5592,0.53324085,67945.85,8.355356,0,,,,,645.826720315221,0.0001327735,888.9094160896668,0.00016812976,-0.011203822,0.013772179
1.000167,0.00012302717,8192,0.0025542625,645.8261645004153,888.9102190126965,2089,61675.28,7.56194,1666.5999,0.53319657,67948.234,8.358084,8192,,,,,645.8261645004153,0.00013280664,888.9102190126965,0.00016814163,-0.011527326,0.014311053
0.9999781,0.00012295932,0,0.0025550856,645.8262990125093,888.9099220297179,2090,61669.492,7.561687,1666.3965,0.53341556,67935.41,8.353474,0,,,,,645.8262990125093,0.00013280782,888.9099220297179,0.00016816061,-0.011306033,0.013989128
0.9999948,0.00012299654,0,0.0025567308,645.8270241368112,888.9097721172338,2092,61669.074,7.5616927,1667.9781,0.5332556,67936.54,8.356003,0,,,,,645.8270241368112,0.00013279043,888.9097721172338,0.00016814379,-0.010608653,0.013657225
1.0000998,0.00012306191,0,0.002557553,645.8271895363747,888.909692288098,2093,61666.484,7.5615244,1665.3575,0.5332951,67943.67,8.360443,0,,,,,645.8271895363747,0.00013278834,888.909692288098,0.00016815818,-0.010955556,0.014172883
1.0001938,0.00012302808,0,0.002558375,645.8267371933653,888.9097542271842,2094,61680.41,7.562191,1667.7081,0.53338873,67950.06,8.358145,0,,,,,645.8267371933653,0.00013277553,888.9097542271842,0.00016812813,-0.0108489795,0.013659173
1.0001035,0.00012299744,0,0.002559197,645.8266726569167,888.909813070665,2095,61674.09,7.5618405,1668.3915,0.5333114,67943.92,8.356064,0,,,,,645.8266726569167,0.00013279392,888.909813070665,0.00016814313,-0.010988945,0.013854241
1.000195,0.0001228959,0,0.0025600186,645.8263757825074,888.909060739539,2096,61691.176,7.562623,1668.6808,0.5332438,67950.14,8.349165,0,,,,,645.8263757825074,0.0001327646,888.909060739539,0.00016808955,-0.010988634,0.013066619
1.0000117,0.00012298221,0,0.00256084,645.8262357093125,888.9094545652964,2097,61667.496,7.561643,1668.5278,0.5332292,67937.69,8.355029,0,,,,,645.8262357093125,0.00013280477,888.9094545652964,0.0001681548,-0.011516938,0.013952895
1.0000091,0.000122997,0,0.0025616614,645.8266188180306,888.909515837732,2098,61672.24,7.5618267,1667.2185,0.5333652,67937.51,8.356033,0,,,,,645.8266188180306,0.00013278384,888.909515837732,0.0001681428,-0.011019021,0.01378426
1.0002979,0.00012304966,0,0.0025624824,645.8268979034196,888.9098575644445,2099,61682.473,7.5620823,1665.1149,0.53337944,67957.13,8.359611,0,,,,,645.8268979034196,0.00013276562,888.9098575644445,0.00016811656,-0.01094956,0.014252285
1.0000988,0.00012294702,0,0.0025633033,645.8267192396962,888.9100750266089,2100,61676.31,7.561901,1666.9935,0.5337578,67943.6,8.352638,0,,,,,645.8267192396962,0.00013278303,888.9100750266089,0.00016813606,-0.010960853,0.014167309
1.000171,0.00012302962,8192,0.002564124,645.8269363752648,888.9101634078282,2101,61672.59,7.561754,1663.8319,0.5333065,67948.51,8.35825,8192,,,,,645.8269363752648,0.00013277549,888.9101634078282,0.00016815407,-0.010893818,0.014559048
1.0000507,0.00012294896,0,0.0025649443,645.8267360381321,888.9097588141505,2102,61669.03,7.561686,1666.5138,0.53344357,67940.336,8.35277,0,,,,,645.8267360381321,0.00013294932,888.9097588141505,0.00016839226,-0.011431254,0.014559638
1.0001419,0.000122997,0,0.0025657648,645.8263753845167,888.9106416636816,2103,61668.07,7.5615354,1667.0347,0.53319204,67946.53,8.356033,0,,,,,645.8263753845167,0.00013279587,888.9106416636816,0.00016819805,-0.011465925,0.015031841
1.0001457,0.00012299953,0,0.0025665849,645.8266623890673,888.9103440310955,2104,61671.62,7.56181,1667.3925,0.5332535,67946.79,8.356205,0,,,,,645.8266623890673,0.00013278643,888.9103440310955,0.0001681799,-0.010866569,0.014704977
1.0000138,0.0001230001,0,0.0025674046,645.8260667902937,888.9107784672478,2105,61658.21,7.5611105,1663.8309,0.5337337,67937.83,8.356245,0,,,,,645.8260667902937,0.00013281236,888.9107784672478,0.00016819341,-0.011735756,0.015218933
1.0001425,0.00012301779,0,0.0025682242,645.8262535669325,888.9107048016691,2106,61669.23,7.5616617,1668.4335,0.5328195,67946.57,8.357446,0,,,,,645.8262535669325,0.00013279665,888.9107048016691,0.00016818741,-0.0112604825,0.015094969
1.0000862,0.00012295303,0,0.0025690438,645.8261570958847,888.910335588214,2107,61670.043,7.5617914,1665.1853,0.5332955,67942.74,8.353046,0,,,,,645.8261570958847,0.00013280625,888.910335588214,0.00016817632,-0.011473729,0.014738234
1.0000515,0.00012294369,0,0.002569863,645.8270918747313,888.9099662998401,2108,61673.105,7.5617194,1664.6993,0.53301454,67940.39,8.352412,0,,,,,645.8270918747313,0.0001327831,888.9099662998401,0.00016815466,-0.010446569,0.0141651
1.0000985,0.00012300508,0,0.0025706822,645.826697365772,888.9105961262615,2109,61666.613,7.5614715,1666.4904,0.533522,67943.58,8.356583,0,,,,,645.826697365772,0.00013275912,888.9105961262615,0.0001681683,-0.011088593,0.015205922
0.999928,0.0001229087,0,0.002571501,645.8265178796917,888.9108574345155,2110,61658.777,7.56139,1667.4325,0.5337272,67932.0,8.350036,0,,,,,645.8265178796917,0.00013281778,888.9108574345155,0.00016821356,-0.010918518,0.014913078
1.0003566,0.0001230129,0,0.0025723197,645.8267361421217,888.9103311314079,2111,61681.375,7.5620737,1664.8932,0.5334277,67961.12,8.357114,0,,,,,645.8267361421217,0.00013275245,888.9103311314079,0.00016814319,-0.010973906,0.015082018
1.0000004,0.00012305455,0,0.002573138,645.8265227132993,888.9106139300419,2112,61658.777,7.5613103,1666.717,0.5330998,67936.914,8.359943,0,,,,,645.8265227132993,0.0001328073,888.9106139300419,0.0001682349,-0.011024309,0.015067097
1.000167,0.00012307953,0,0.0025739563,645.8263627671965,888.9107213294913,2113,61667.547,7.561638,1665.2435,0.53332704,67948.234,8.361641,0,,,,,645.8263627671965,0.00013280453,888.9107213294913,0.0001682098,-0.011463715,0.015332415
1.0000676,0.0001230644,0,0.0025747744,645.82623534494,888.9108262157494,2114,61660.605,7.5612335,1664.8274,0.5332146,67941.484,8.360613,0,,,,,645.82623534494,0.00013279637,888.9108262157494,0.00016820652,-0.011508118,0.015576056
1.0000763,0.00012303691,0,0.0025755921,645.8264481935443,888.9110414919388,2115,61658.68,7.5611687,1665.0273,0.5337232,67942.07,8.358745,0,,,,,645.8264481935443,0.00013279449,888.9110414919388,0.00016820597,-0.011144215,0.015637392
1.0002457,0.00012303558,0,0.0025764098,645.8263893434911,888.9111200104993,2116,61668.05,7.5616584,1667.4429,0.5335989,67953.58,8.358655,0,,,,,645.8263893434911,0.00013278346,888.9111200104993,0.00016819102,-0.01137816,0.015812516
0.9999729,0.00012299954,0,0.0025772273,645.8263490343572,888.9110033633555,2117,61650.49,7.5610194,1664.8,0.53383034,67935.05,8.356206,0,,,,,645.8263490343572,0.00013280421,888.9110033633555,0.00016822403,-0.011350838,0.015695516
1.0000485,0.00012295606,0,0.0025780445,645.8263981719183,888.9116098742165,2118,61653.035,7.560927,1666.3396,0.5336156,67940.19,8.353252,0,,,,,645.8263981719183,0.00013279814,888.9116098742165,0.00016823447,-0.011221681,0.016319754
1.000059,0.00012292441,0,0.0025788615,645.8265392707366,888.9114199450119,2119,61654.87,7.56106,1665.4824,0.5332346,67940.9,8.351102,0,,,,,645.8265392707366,0.00013279937,888.9114199450119,0.00016824181,-0.011380767,0.016339969
1.0000812,0.00012303835,0,0.0025796783,645.8262590157117,888.911040460031,2120,61652.965,7.5608487,1665.9036,0.53299356,67942.41,8.358843,0,,,,,645.8262590157117,0.00013279855,888.911040460031,0.00016821935,-0.011529824,0.01591643
1.000123,0.00012305035,0,0.002580495,645.8258675800827,888.9117450957713,2121,61656.215,7.5611362,1665.9089,0.5332851,67945.25,8.359658,0,,,,,645.8258675800827,0.00013281433,888.9117450957713,0.00016823925,-0.011768243,0.01642005
1.0002615,0.00012297684,8192,0.0025821277,645.8262068689545,888.9111434646089,2123,61677.816,7.561884,1665.3362,0.533114,67954.66,8.354664,8192,,,,,645.8262068689545,0.00013275837,888.9111434646089,0.00016815992,-0.011358801,0.015365386
1.0000131,0.00012291991,0,0.0025829438,645.8262294466657,888.9111751267347,2124,61656.914,7.561048,1664.8323,0.5334102,67937.78,8.350797,0,,,,,645.8262294466657,0.00013280097,888.9111751267347,0.000168217,-0.011424913,0.015965413
1.0002059,0.0001229552,0,0.0025837594,645.8265082322494,888.9112858598584,2125,61665.82,7.561464,1663.2274,0.53369194,67950.875,8.353194,0,,,,,645.8265082322494,0.00013278252,888.9112858598584,0.00016821694,-0.011241986,0.016183242
0.9999003,0.00012293344,0,0.0025845752,645.8261798244196,888.9116978013449,2126,61639.266,7.560348,1665.2651,0.53331536,67930.12,8.351716,0,,,,,645.8261798244196,0.00013283615,888.9116978013449,0.00016829597,-0.01153579,0.01666508
1.000172,0.00012287879,0,0.0025853906,645.8269108704379,888.9117840692107,2127,61661.48,7.561233,1662.9829,0.53364444,67948.58,8.348002,0,,,,,645.8269108704379,0.00013278327,888.9117840692107,0.000168229,-0.0110430885,0.016544139
1.0000393,0.00012294653,0,0.0025862057,645.826199242643,888.9122541175884,2128,61650.41,7.560845,1664.2014,0.5332143,67939.56,8.352605,0,,,,,645.826199242643,0.0001328047,888.9122541175884,0.00016825648,-0.011565794,0.016875038
1.0005296,0.00012302432,0,0.0025870206,645.8267097130263,888.9110705483146,2129,61691.99,7.5625424,1666.2306,0.53302234,67972.875,8.35789,0,,,,,645.8267097130263,0.00013275004,888.9110705483146,0.0001681439,-0.01114314,0.015890125
1.0001055,0.00012302405,0,0.0025878355,645.8260843804351,888.9114904333952,2130,61661.2,7.5612445,1665.2653,0.53302205,67944.055,8.357871,0,,,,,645.8260843804351,0.00013279468,888.9114904333952,0.00016821227,-0.011727897,0.016281977
1.0001209,0.00012292527,0,0.00258865,645.8263524976342,888.9117231372823,2131,61663.605,7.5612326,1664.6869,0.5334124,67945.1,8.35116,0,,,,,645.8263524976342,0.0001327894,888.9117231372823,0.00016822564,-0.011479329,0.016543739
1.0001177,0.00012294349,0,0.0025894644,645.8257090296064,888.9123529727806,2132,61652.85,7.5609555,1665.9382,0.53317535,67944.88,8.352398,0,,,,,645.8257090296064,0.00013283092,888.9123529727806,0.00016828043,-0.011943108,0.017154722
1.000261,0.00012280417,8192,0.0025902786,645.826197316755,888.9121818808941,2133,61666.05,7.5615034,1666.1337,0.53291976,67954.62,8.342933,8192,,,,,645.826197316755,0.00013278364,888.9121818808941,0.00016825704,-0.011538388,0.017168134
1.0001729,0.0001229889,0,0.0025910926,645.8255906404772,888.9124255221399,2134,61651.035,7.5620966,1664.9696,0.53343534,67948.63,8.355484,0,,,,,645.8255906404772,0.00013282952,888.9124255221399,0.00016831052,-0.012223259,0.017567925
1.000138,0.00012289791,0,0.0025919063,645.8258665278569,888.9115914937252,2135,61664.395,7.5614033,1663.7552,0.5331354,67946.266,8.349302,0,,,,,645.8258665278569,0.00013279844,888.9115914937252,0.00016822663,-0.011840071,0.016443096
0.99998564,0.0001229952,0,0.00259272,645.8258044049463,888.9118322862391,2136,61649.164,7.5607305,1662.5272,0.53319275,67935.914,8.355911,0,,,,,645.8258044049463,0.00013282185,888.9118322862391,0.00016825867,-0.011933898,0.016789924
1.0003237,0.00012299382,8192,0.0025935334,645.825706364826,888.912002869708,2137,61675.67,7.561866,1665.0216,0.5337539,67958.875,8.355818,8192,,,,,645.825706364826,0.00013276968,888.912002869708,0.00016820301,-0.011749742,0.016727906
1.0003144,0.00012294162,0,0.0025943464,645.8258738437712,888.9125440392528,2138,61661.66,7.5625505,1664.1884,0.5329494,67958.25,8.352272,0,,,,,645.8258738437712,0.00013280584,888.9125440392528,0.00016827806,-0.011996939,0.017745074
1.0002457,0.00012290801,0,0.0025951595,645.8262740624781,888.9125011306061,2139,61660.598,7.561113,1661.0172,0.5334413,67953.586,8.349988,0,,,,,645.8262740624781,0.00013278345,888.9125011306061,0.00016825832,-0.011951559,0.017722625
1.0002801,0.00012292837,0,0.0025967848,645.8260770991158,888.9126548846642,2141,61663.72,7.5626955,1664.2552,0.53357047,67955.92,8.351371,0,,,,,645.8260770991158,0.00013281105,888.9126548846642,0.00016827627,-0.012043395,0.017704202
1.000011,0.00012296367,0,0.002597597,645.8254139070034,888.9119277891567,2142,61645.11,7.561828,1664.3197,0.5329514,67937.63,8.353769,0,,,,,645.8254139070034,0.00013284646,888.9119277891567,0.00016831946,-0.012458529,0.017571159
1.0002418,0.0001230179,16,0.0025984093,645.825234282043,888.9122004512949,2143,61666.543,7.562647,1665.3696,0.53318465,67953.31,8.357454,16,,,,,645.825234282043,0.00013279702,888.9122004512949,0.00016825472,-0.012433101,0.017133838
1.0001737,0.00012292514,16,0.0025992212,645.825626189341,888.9128917030791,2144,61651.344,7.562114,1662.7208,0.53414774,67948.69,8.351151,16,,,,,645.825626189341,0.00013282207,888.9128917030791,0.00016831352,-0.01206526,0.01835485
1.0000175,0.00012299465,16,0.0026000328,645.8258197344277,888.9132358356026,2145,61645.816,7.561932,1664.3154,0.5336917,67938.08,8.355874,16,,,,,645.8258197344277,0.00013284199,888.9132358356026,0.00016834664,-0.012170908,0.018732198
0.99994,0.00012295885,16,0.0026008445,645.8259149377926,888.913196223808,2146,61635.754,7.562011,1673.1589,0.53365827,67932.81,8.353442,16,,,,,645.8259149377926,0.00013287556,888.913196223808,0.00016840214,-0.012244316,0.01888874
1.0001552,0.00012290692,16,0.0026016557,645.8256066707488,888.9132986229749,2147,61650.543,7.5620594,1664.4319,0.53319067,67947.44,8.349914,16,,,,,645.8256066707488,0.00013288429,888.9132986229749,0.00016833296,-0.012393815,0.018760288
1.0001324,0.00012283828,16,0.0026024668,645.8259268068829,888.9132347011988,2148,61649.63,7.56201,1663.9161,0.53345996,67945.89,8.34525,16,,,,,645.8259268068829,0.00013282389,888.9132347011988,0.00016832718,-0.012099309,0.0187011
1.0000342,0.00012303481,144,0.0026032778,645.8244916835381,888.9126376620825,2149,61634.66,7.5620394,1663.1523,0.5335841,67939.21,8.358603,144,,,,,645.8244916835381,0.00013285856,888.9126376620825,0.0001683323,-0.012830004,0.017842487
1.0001575,0.00012295951,0,0.0026040885,645.8248293476594,888.9126019539362,2150,61647.652,7.5619426,1665.4386,0.5331739,67947.586,8.353487,0,,,,,645.8248293476594,0.00013284147,888.9126019539362,0.0001683107,-0.013038695,0.018018333
0.99999267,0.0001228423,0,0.002604899,645.8253712530166,888.9131614978187,2151,61631.81,7.5612974,1664.4354,0.53297687,67936.39,8.345525,0,,,,,645.8253712530166,0.00013286131,888.9131614978187,0.00016836208,-0.012530877,0.018463971
1.000296,0.0001229043,0,0.0026057092,645.8254655486564,888.9134265347232,2152,61648.67,7.562001,1661.4094,0.53366476,67957.0,8.349736,0,,,,,645.8254655486564,0.00013282183,888.9134265347232,0.00016833772,-0.012640525,0.01901728
1.0000204,0.00012298669,16,0.0026065193,645.8253336938118,888.9129567823458,2153,61632.258,7.561337,1663.638,0.5332095,67938.27,8.355333,16,,,,,645.8253336938118,0.00013283931,888.9129567823458,0.00016836204,-0.012750056,0.018727148
1.0004015,0.00012295807,16,0.002607329,645.825375175591,888.9132293420663,2154,61658.84,7.562334,1661.4314,0.5334942,67964.164,8.353389,16,,,,,645.825375175591,0.00013280104,888.9132293420663,0.00016830572,-0.012642793,0.018944442
1.0000533,0.00012297626,16,0.0026081388,645.8248883828037,888.9132213656569,2155,61643.766,7.5618596,1665.2256,0.5332226,67940.51,8.354625,16,,,,,645.8248883828037,0.00013284494,888.9132213656569,0.00016835214,-0.012842648,0.018633183
1.000092,0.00012302866,16,0.0026089482,645.8253255753374,888.9129576981362,2156,61651.133,7.562155,1666.3063,0.5335683,67943.14,8.358185,16,,,,,645.8253255753374,0.00013282782,888.9129576981362,0.00016832016,-0.012766223,0.018619927
1.0001872,0.00012301994,16,0.0026097575,645.8248753185103,888.9136980511819,2157,61646.79,7.5619445,1666.0151,0.5334739,67949.61,8.357593,16,,,,,645.8248753185103,0.00013283169,888.9136980511819,0.00016836512,-0.013123835,0.0192939
1.0003439,0.00012281092,144,0.0026105666,645.8251741053056,888.9135015854987,2158,61656.67,7.5627985,1663.5613,0.5334475,67960.26,8.343392,144,,,,,645.8251741053056,0.00013283084,888.9135015854987,0.00016836444,-0.012861125,0.019482693
1.0003097,0.00012291061,16,0.0026113754,645.8249221498459,888.91358784951,2159,61647.633,7.562012,1667.8307,0.533036,67957.93,8.350164,16,,,,,645.8249221498459,0.0001328261,888.91358784951,0.00016837902,-0.013257908,0.020001678
1.0001595,0.00012288167,16,0.002612184,645.8244183327827,888.9143493678082,2160,61640.27,7.5617394,1666.187,0.5333307,67947.73,8.348199,16,,,,,645.8244183327827,0.00013285647,888.9143493678082,0.00016841995,-0.013731565,0.020399695
0.9999733,0.00012304574,16,0.0026129924,645.8233524297011,888.9140646615263,2161,61624.746,7.561271,1667.5771,0.5337269,67935.08,8.359345,16,,,,,645.8233524297011,0.00013289803,888.9140646615263,0.00016845118,-0.01446843,0.020155165
1.0002029,0.00012302994,16,0.0026138006,645.8231547483855,888.9134009433127,2162,61651.26,7.562189,1667.6113,0.53309435,67950.67,8.358272,16,,,,,645.8231547483855,0.00013286645,888.9134009433127,0.000168382,-0.0147513235,0.01902658
0.9999847,0.00012306012,0,0.0026146087,645.8232203991445,888.9143986951332,2163,61629.566,7.561393,1667.4427,0.5331983,67935.85,8.360322,0,,,,,645.8232203991445,0.0001329122,888.9143986951332,0.00016843564,-0.014875994,0.019970853
1.0003929,0.00012304717,0,0.0026154164,645.8230408160299,888.9146541770897,2164,61657.4,7.56248,1668.7151,0.53339154,67963.586,8.359442,0,,,,,645.8230408160299,0.00013286495,888.9146541770897,0.00016838522,-0.014975014,0.020165943
1.0001814,0.0001230856,0,0.002616224,645.8231809850452,888.9147162714248,2165,61633.64,7.561559,1668.5336,0.53371483,67949.22,8.362053,0,,,,,645.8231809850452,0.00013288173,888.9147162714248,0.00016842691,-0.015258138,0.020832855
1.0001512,0.00012302857,0,0.0026170316,645.8231139595784,888.9146509488016,2166,61638.617,7.561773,1668.1763,0.5333933,67947.16,8.358178,0,,,,,645.8231139595784,0.00013289413,888.9146509488016,0.00016842414,-0.015151464,0.020419072
0.99996114,0.00012300446,0,0.0026178386,645.8229910288162,888.914813955029,2167,61615.754,7.5609093,1666.9441,0.53337634,67934.25,8.356541,0,,,,,645.8229910288162,0.00013291473,888.914813955029,0.00016849121,-0.015333191,0.021081973
1.0000899,0.00012299264,0,0.0026186456,645.823014594566,888.9144548059461,2168,61635.066,7.561583,1667.6208,0.5332559,67943.0,8.355738,0,,,,,645.823014594566,0.00013288819,888.9144548059461,0.00016842016,-0.015195211,0.020147065
0.99992764,0.00012298384,0,0.0026194523,645.8224482722019,888.9145433281778,2169,61619.504,7.560962,1667.7898,0.5336169,67931.98,8.35514,0,,,,,645.8224482722019,0.00013291177,888.9145433281778,0.00016846525,-0.015624365,0.020616379
1.0000334,0.00012297997,0,0.002620259,645.8223467014224,888.9149368573204,2170,61628.81,7.5612855,1666.7345,0.5334899,67939.16,8.3548765,0,,,,,645.8223467014224,0.00013291575,888.9149368573204,0.00016845524,-0.015779564,0.020684045
1.000162,0.00012306863,0,0.0026210654,645.8217573180461,888.9149601590095,2171,61626.195,7.5630665,1665.638,0.5334436,67947.9,8.3609,0,,,,,645.8217573180461,0.00013293607,888.9149601590095,0.0001684583,-0.01645299,0.02130919
0.9999604,0.00012301652,0,0.0026218714,645.8223957213349,888.9147800109157,2172,61618.766,7.5608115,1665.6898,0.5331818,67934.2,8.35736,0,,,,,645.8223957213349,0.00013291214,888.9147800109157,0.00016845638,-0.01587824,0.021017496
1.0000674,0.00012304101,0,0.0026226775,645.8223970590124,888.9151559152286,2173,61616.383,7.560771,1667.7607,0.53333694,67941.47,8.359024,0,,,,,645.8223970590124,0.00013293014,888.9151559152286,0.00016850467,-0.015849868,0.021584157
1.0000999,0.00012299044,8192,0.002623483,645.8229991029016,888.9149169295038,2174,61629.168,7.561351,1667.2174,0.5335746,67943.68,8.355588,8192,,,,,645.8229991029016,0.00013288211,888.9149169295038,0.0001684361,-0.015304208,0.02084584
0.9998052,0.0001229771,0,0.0026242887,645.8230496892137,888.9146412615264,2175,61612.21,7.560696,1667.7208,0.5334196,67923.66,8.354682,0,,,,,645.8230496892137,0.00013292386,888.9146412615264,0.00016848058,-0.0152497,0.020761019
1.0000032,0.00012302038,0,0.002625094,645.8234196171965,888.9142095677579,2176,61631.855,7.561575,1665.9479,0.5337472,67937.11,8.357622,0,,,,,645.8234196171965,0.00013289638,888.9142095677579,0.00016842168,-0.014649674,0.01996061
1.0000638,0.00012301317,0,0.0026258992,645.8234133709848,888.9145328966368,2177,61625.004,7.5612674,1665.0435,0.53338236,67941.23,8.357133,0,,,,,645.8234133709848,0.0001329096,888.9145328966368,0.0001684435,-0.014584131,0.02076789
1.0001411,0.00012304704,0,0.002626704,645.8238660897231,888.9143355862024,2178,61632.41,7.5614944,1667.2192,0.5333831,67946.48,8.359433,0,,,,,645.8238660897231,0.00013287511,888.9143355862024,0.0001684219,-0.0143514285,0.020442847
1.000073,0.00012300136,0,0.0026275087,645.8235923917053,888.9149614150316,2179,61624.137,7.561158,1665.3273,0.53349805,67941.84,8.35633,0,,,,,645.8235923917053,0.00013289013,888.9149614150316,0.00016845111,-0.014771052,0.020983666
0.9999516,0.00012305345,0,0.0026283131,645.823330348807,888.9145470789633,2180,61614.242,7.560729,1665.8325,0.53361034,67933.6,8.359869,0,,,,,645.823330348807,0.00013289978,888.9145470789633,0.00016847694,-0.014851289,0.021102663
1.0000046,0.00012305693,128,0.0026291173,645.8230574093618,888.9146075758817,2181,61619.363,7.5611997,1664.9069,0.5337324,67937.2,8.3601055,128,,,,,645.8230574093618,0.00013290274,888.9146075758817,0.00016846963,-0.015180294,0.020944381
1.0000459,0.00012306642,0,0.0026299215,645.8230895074564,888.9143077599376,2182,61627.586,7.561241,1663.8079,0.53339994,67940.01,8.36075,0,,,,,645.8230895074564,0.0001328946,888.9143077599376,0.00016842657,-0.015200957,0.020510789
1.000317,0.00012305948,0,0.0026307253,645.823028817538,888.9147528993321,2183,61642.4,7.5617085,1664.4895,0.53325456,67958.42,8.360278,0,,,,,645.823028817538,0.00013286146,888.9147528993321,0.00016840252,-0.015089253,0.020793753
0.9998313,0.00012306315,0,0.002631529,645.8228735958527,888.914920521738,2184,61604.6,7.5603366,1666.3926,0.5335513,67925.43,8.360527,0,,,,,645.8228735958527,0.00013293496,888.914920521738,0.0001684914,-0.015472645,0.021303011
1.0000719,0.00012298525,0,0.0026323325,645.8228579893545,888.9151197977677,2185,61618.324,7.560842,1664.0302,0.5330821,67941.77,8.355235,0,,,,,645.8228579893545,0.00013290725,888.9151197977677,0.00016848282,-0.015425993,0.021639047
0.99997354,0.00012306414,0,0.0026331358,645.8226220723797,888.9153320817032,2186,61606.89,7.5603576,1664.856,0.53325754,67935.09,8.360595,0,,,,,645.8226220723797,0.00013292147,888.9153320817032,0.00016851684,-0.015680281,0.02182628
1.0001538,0.00012304394,0,0.0026339388,645.8227931183601,888.9151070346766,2187,61620.516,7.560893,1663.207,0.53337586,67947.336,8.359222,0,,,,,645.8227931183601,0.0001328858,888.9151070346766,0.00016846157,-0.015685592,0.021612978
0.9998978,0.00012307751,0,0.0026347416,645.822294033878,888.9149455679157,2188,61607.215,7.5603914,1666.4878,0.533123,67929.945,8.361504,0,,,,,645.822294033878,0.00013294147,888.9149455679157,0.00016851192,-0.01603792,0.021493917
1.0001203,0.00012299835,0,0.0026355442,645.822318816331,888.9144740919453,2189,61632.223,7.5614076,1664.3242,0.5334521,67945.06,8.356125,0,,,,,645.822318816331,0.00013288602,888.9144740919453,0.00016841613,-0.015900625,0.020667946
1.0002434,0.00012308959,0,0.0026363465,645.8222424272951,888.9148293198118,2190,61630.34,7.5612864,1665.1812,0.5331036,67953.43,8.362324,0,,,,,645.8222424272951,0.00013288962,888.9148293198118,0.00016843811,-0.016043756,0.021258598
0.99992305,0.00012310015,0,0.0026371488,645.8224987311617,888.9148100115654,2191,61610.996,7.5606,1665.5935,0.5329819,67931.664,8.363042,0,,,,,645.8224987311617,0.00013292048,888.9148100115654,0.00016848028,-0.015698854,0.021070944
0.9999328,0.00012307035,0,0.0026379507,645.8218483311849,888.9155893920755,2192,61601.426,7.5602026,1664.6934,0.53343767,67932.33,8.361017,0,,,,,645.8218483311849,0.00013293084,888.9155893920755,0.00016852537,-0.016316494,0.022049261
0.99996597,0.00012307116,0,0.0026387526,645.822282796812,888.9150824547993,2193,61608.035,7.5604496,1663.5448,0.53336304,67934.58,8.361073,0,,,,,645.822282796812,0.00013292792,888.9150824547993,0.00016849917,-0.01635946,0.021715503
0.9998254,0.00012308636,0,0.002639554,645.8217964617131,888.9151960160619,2194,61590.62,7.5615635,1663.7793,0.53313524,67925.03,8.362104,0,,,,,645.8217964617131,0.00013297662,888.9151960160619,0.00016853884,-0.01683101,0.022185212
1.0001276,0.00012309344,0,0.0026403554,645.8215917661254,888.9146156367962,2195,61623.15,7.5629005,1663.5636,0.5334189,67945.555,8.362586,0,,,,,645.8215917661254,0.0001329257,888.9146156367962,0.00016846272,-0.01644638,0.02131489
1.0001304,0.00012309842,0,0.0026411565,645.82146732173,888.9148305178097,2196,61620.863,7.5627365,1663.6671,0.53374845,67945.75,8.362924,0,,,,,645.82146732173,0.00013293096,888.9148305178097,0.00016847039,-0.016776286,0.021473933
0.9997324,0.00012307284,0,0.0026419575,645.8219005725762,888.9148809495238,2197,61600.094,7.5600653,1664.4259,0.5333819,67918.71,8.361186,0,,,,,645.8219005725762,0.00013294398,888.9148809495238,0.00016850652,-0.016343927,0.021068754
0.99972665,0.0001231102,0,0.0026427582,645.8218947921753,888.9152520590691,2198,61587.4,7.561527,1664.1171,0.5336032,67918.32,8.363725,0,,,,,645.8218947921753,0.00013297175,888.9152520590691,0.00016853663,-0.016411316,0.021933246
0.9999266,0.00012307173,0,0.0026435587,645.8222952715282,888.9152944306041,2199,61600.066,7.5602303,1663.0574,0.5337375,67931.91,8.361111,0,,,,,645.8222952715282,0.00013294631,888.9152944306041,0.00016853397,-0.016317949,0.021959012
1.0001608,0.00012312268,0,0.002644359,645.8215017505652,888.9156867131038,2200,61607.645,7.56236,1664.8215,0.53320795,67947.81,8.364572,0,,,,,645.8215017505652,0.00013295331,888.9156867131038,0.00016851966,-0.016850155,0.02244353
0.9998061,0.00012312204,0,0.0026451591,645.821794215859,888.9155475899403,2201,61590.43,7.561616,1664.729,0.53363174,67923.72,8.364529,0,,,,,645.821794215859,0.00013297526,888.9155475899403,0.00016855981,-0.016601024,0.022137582
0.99995214,0.00012312256,0,0.002645959,645.8216084280212,888.9151365248455,2202,61600.58,7.562094,1663.5671,0.5334206,67933.64,8.364564,0,,,,,645.8216084280212,0.00013295394,888.9151365248455,0.00016853689,-0.016897663,0.022231579
0.9998536,0.00012308924,0,0.0026467587,645.8213650952412,888.9149097362108,2203,61603.18,7.562144,1664.4681,0.53347373,67926.945,8.3623,0,,,,,645.8213650952412,0.00013297309,888.9149097362108,0.00016851658,-0.01689783,0.021477215
0.99991846,0.00012307639,0,0.002647558,645.8211923210218,888.9149943707378,2204,61603.312,7.5621386,1663.9872,0.5335274,67931.35,8.361427,0,,,,,645.8211923210218,0.00013296488,888.9149943707378,0.00016852054,-0.017304411,0.021863597
0.99991846,0.00012308132,0,0.0026483573,645.8212249007105,888.915658133048,2205,61600.957,7.5619764,1663.2809,0.5332043,67931.35,8.361762,0,,,,,645.8212249007105,0.0001329661,888.915658133048,0.00016853164,-0.01727686,0.022180997
0.9999004,0.00012309781,0,0.0026491564,645.8211085668706,888.9159015379606,2206,61596.14,7.5619373,1664.8718,0.53361094,67930.125,8.362883,0,,,,,645.8211085668706,0.00013297817,888.9159015379606,0.0001685451,-0.017407512,0.022588586
0.9998583,0.00012311537,0,0.0026499552,645.8211865683985,888.9158857355286,2207,61591.58,7.5618434,1665.1898,0.5330817,67927.266,8.364076,0,,,,,645.8211865683985,0.00013299692,888.9158857355286,0.00016859188,-0.017502772,0.022823479
1.0000277,0.00012312806,0,0.0026507538,645.8209503370065,888.9160638361693,2208,61599.582,7.5620966,1665.8363,0.5334995,67938.77,8.364938,0,,,,,645.8209503370065,0.0001329697,888.9160638361693,0.00016855427,-0.017585032,0.022798011
0.9999223,0.00012306467,0,0.0026515522,645.8209875263391,888.9159014688042,2209,61593.31,7.5618424,1665.3818,0.533444,67931.61,8.360631,0,,,,,645.8209875263391,0.0001329942,888.9159014688042,0.00016859593,-0.017628023,0.022846924
1.0000165,0.00012300469,0,0.0026523503,645.8205430161473,888.915237458455,2210,61610.582,7.5624857,1666.704,0.5334603,67938.01,8.356556,0,,,,,645.8205430161473,0.00013296341,888.915237458455,0.00016851474,-0.017751854,0.022072254
0.9998515,0.00012305948,0,0.0026531485,645.8201489874859,888.9155652069281,2211,61595.145,7.561936,1665.1959,0.5340756,67926.805,8.360278,0,,,,,645.8201489874859,0.000132992,888.9155652069281,0.00016854685,-0.017994575,0.022265328
1.0002491,0.00012312781,0,0.0026539462,645.8207745714631,888.9156055831963,2212,61616.63,7.562663,1664.8969,0.533226,67953.82,8.364921,0,,,,,645.8207745714631,0.00013294077,888.9156055831963,0.00016850198,-0.017835168,0.022584653
0.99984443,0.00012310634,0,0.0026547436,645.8206267648366,888.9158528415827,2213,61583.633,7.5614114,1664.4987,0.5334015,67926.32,8.3634615,0,,,,,645.8206267648366,0.00013300382,888.9158528415827,0.00016857003,-0.018182162,0.023176197
0.99982166,0.00012309778,0,0.002655541,645.8206033425524,888.9160657513997,2214,61585.51,7.5614424,1664.728,0.53330857,67924.77,8.362881,0,,,,,645.8206033425524,0.00013300001,888.9160657513997,0.00016858964,-0.018041039,0.022963852
0.999988,0.00012311157,0,0.0026563383,645.8198932794751,888.916689786531,2215,61587.55,7.561567,1663.4357,0.5334959,67936.08,8.363817,0,,,,,645.8198932794751,0.00013301102,888.916689786531,0.00016861362,-0.018823948,0.023845494
1.0000486,0.00012310612,0,0.002657135,645.8198974253863,888.9161345809392,2216,61598.203,7.5619736,1665.0925,0.5331815,67940.195,8.363447,0,,,,,645.8198974253863,0.0001329742,888.9161345809392,0.00016857074,-0.01860729,0.023251966
0.9996749,0.0001230183,0,0.0026579318,645.8195910411616,888.9163347644236,2217,61575.594,7.5610547,1665.3529,0.533371,67914.805,8.357481,0,,,,,645.8195910411616,0.00013303642,888.9163347644236,0.00016863404,-0.018786341,0.02338824
0.99986994,0.00012299183,0,0.0026587283,645.8202874674047,888.9156249722503,2218,61599.184,7.562004,1665.8889,0.53355074,67928.055,8.355682,0,,,,,645.8202874674047,0.00013298757,888.9156249722503,0.0001685563,-0.018372746,0.022515694
0.99998134,0.00012299976,128,0.0026595246,645.8199378761569,888.9158666847806,2219,61592.76,7.5619535,1665.5094,0.5336092,67935.625,8.356221,128,,,,,645.8199378761569,0.00013306174,888.9158666847806,0.00016857688,-0.018876355,0.02329317
1.0000538,0.00012306093,0,0.0026603206,645.8198242711501,888.9163395604546,2220,61600.57,7.562187,1666.0297,0.533373,67940.55,8.360377,0,,,,,645.8198242711501,0.00013299596,888.9163395604546,0.00016856352,-0.018787669,0.023272937
1.0001242,0.00012310929,0,0.0026611167,645.8198048350616,888.9166508104212,2221,61596.188,7.5618687,1665.5096,0.533492,67945.33,8.363663,0,,,,,645.8198048350616,0.00013298751,888.9166508104212,0.0001686048,-0.018894847,0.023985866
0.99992365,0.00012309576,0,0.0026619122,645.8197361334048,888.9166026787962,2222,61587.676,7.5615993,1664.4995,0.5335237,67931.7,8.362743,0,,,,,645.8197361334048,0.00013300753,888.9166026787962,0.00016861438,-0.018980877,0.023684185
1.0001254,0.00012310743,0,0.0026627076,645.8194700814704,888.9169636776057,2223,61593.316,7.5618544,1665.1617,0.5334291,67945.414,8.363536,0,,,,,645.8194700814704,0.00013300397,888.9169636776057,0.00016861825,-0.019310683,0.024222834
1.000046,0.00012306383,0,0.002663503,645.819591969788,888.9163415498975,2224,61596.28,7.5619254,1665.25,0.5335722,67940.016,8.360574,0,,,,,645.819591969788,0.0001330053,888.9163415498975,0.00016857205,-0.01923506,0.023549844
0.999849,0.00012304279,0,0.002664298,645.8190314391545,888.9162158855544,2225,61586.324,7.5615497,1663.2157,0.53387696,67926.63,8.359144,0,,,,,645.8190314391545,0.00013301555,888.9162158855544,0.0001686227,-0.019313075,0.023542618
0.99978703,0.00012300359,0,0.0026650927,645.8189884765618,888.9161489176785,2226,61588.004,7.5615716,1664.5098,0.53362685,67922.42,8.356482,0,,,,,645.8189884765618,0.00013302227,888.9161489176785,0.00016858913,-0.0192513,0.02310304
1.0001132,0.0001230029,0,0.0026658874,645.8188221322531,888.9165511899713,2227,61599.766,7.56206,1664.3258,0.5336626,67944.586,8.356435,0,,,,,645.8188221322531,0.00013299398,888.9165511899713,0.00016858883,-0.019815985,0.024012394
0.9999546,0.00012305095,0,0.0026666818,645.8191503893436,888.9166494906503,2228,61586.617,7.561449,1663.9474,0.5334558,67933.805,8.359699,0,,,,,645.8191503893436,0.00013301247,888.9166494906503,0.00016862094,-0.019701833,0.02404437
0.9999747,0.00012306322,0,0.002667476,645.8190133050335,888.9167390832756,2229,61586.156,7.5616484,1662.2583,0.5337168,67935.17,8.360533,0,,,,,645.8190133050335,0.00013303137,888.9167390832756,0.0001686263,-0.01979619,0.024196675
1.0000285,0.00012302572,0,0.00266827,645.8187092784623,888.9172090192786,2230,61586.297,7.5614886,1663.0428,0.5335141,67938.83,8.357985,0,,,,,645.8187092784623,0.00013301712,888.9172090192786,0.00016862618,-0.019943686,0.024578677
1.0004044,0.00012310327,128,0.0026690636,645.8229015448779,888.8960431457959,2231,61610.113,7.564825,1662.8876,0.5337777,67964.36,8.363253,128,,,,,645.8229015448779,0.00013449078,888.8960431457959,0.00017659586,-0.020043906,0.024621861
0.999934,0.00012297466,0,0.0026698571,645.8185673662827,888.9167330808881,2232,61580.207,7.561216,1662.8584,0.53295857,67932.41,8.354516,0,,,,,645.8185673662827,0.0001330236,888.9167330808881,0.00016863801,-0.020199068,0.024353137
0.9999764,0.00012294356,8192,0.0026706504,645.8188342461148,888.9165213331481,2233,61594.934,7.5618587,1662.7379,0.53340346,67935.29,8.352403,8192,,,,,645.8188342461148,0.00013299607,888.9165213331481,0.0001685909,-0.019722188,0.023688864
0.9997405,0.00012296172,0,0.0026714436,645.8184454224887,888.9169214487724,2234,61575.113,7.5611362,1665.2406,0.5331432,67919.26,8.353637,0,,,,,645.8184454224887,0.000133048,888.9169214487724,0.00016867425,-0.020052463,0.024079897
1.0000257,0.00012303995,128,0.0026722364,645.8192788515506,888.9164893660515,2235,61593.53,7.562894,1663.3176,0.5333871,67938.64,8.358952,128,,,,,645.8192788515506,0.00013312208,888.9164893660515,0.00016863499,-0.019843593,0.024045149
0.9997576,0.00012296208,0,0.0026730292,645.8183372258067,888.9172772308406,2236,61566.875,7.5613136,1671.7429,0.53360575,67920.42,8.353662,0,,,,,645.8183372258067,0.00013307905,888.9172772308406,0.00016870828,-0.020381777,0.02484919
0.99980474,0.00012300652,0,0.0026738215,645.8184018457292,888.916663377327,2237,61575.17,7.561061,1662.73,0.53315914,67923.625,8.356681,0,,,,,645.8184018457292,0.00013304513,888.916663377327,0.00016867279,-0.020182066,0.024332343
1.0001545,0.0001230235,0,0.0026746138,645.8184808578573,888.9172689119376,2238,61587.34,7.561545,1660.2756,0.53334194,67947.38,8.357835,0,,,,,645.8184808578573,0.00013302128,888.9172689119376,0.00016864206,-0.020533508,0.025062226
0.99980026,0.00012305663,0,0.002675406,645.8185178265095,888.9173046664564,2239,61570.094,7.5608754,1660.8964,0.5332827,67923.32,8.360085,0,,,,,645.8185178265095,0.0001330402,888.9173046664564,0.00016869332,-0.020206286,0.024852376
1.0001781,0.00012305098,0,0.0026761978,645.8185062066797,888.9173873155869,2240,61586.355,7.561619,1661.7323,0.5337663,67948.99,8.359701,0,,,,,645.8185062066797,0.00013301976,888.9173873155869,0.00016866646,-0.02066054,0.025589358
0.9997807,0.00012292128,0,0.0026769894,645.8176874050646,888.9171391863093,2241,61576.516,7.561193,1662.2375,0.5333765,67921.99,8.350889,0,,,,,645.8176874050646,0.00013304588,888.9171391863093,0.00016867243,-0.020714562,0.0243209
0.9998391,0.0001229206,0,0.0026777808,645.8179934927052,888.9173963463612,2242,61577.0,7.561168,1663.3024,0.533033,67925.96,8.350843,0,,,,,645.8179934927052,0.00013312676,888.9173963463612,0.0001687209,-0.020669056,0.02468881
0.9997877,0.0001229885,0,0.002678572,645.8180901152118,888.9174343619903,2243,61571.74,7.560842,1662.5387,0.5333966,67922.47,8.355456,0,,,,,645.8180901152118,0.00013304931,888.9174343619903,0.00016868715,-0.020770272,0.025125021
0.99987715,0.0001229254,0,0.002679363,645.8173790000615,888.9180934683881,2244,61570.32,7.5583344,1661.0828,0.53336465,67928.55,8.35117,0,,,,,645.8173790000615,0.0001330633,888.9180934683881,0.00016871156,-0.021588648,0.025845189
0.9997562,0.00012285338,0,0.0026801536,645.8173792490991,888.917951694433,2245,61565.29,7.5580735,1661.5596,0.5334653,67920.33,8.346276,0,,,,,645.8173792490991,0.00013307169,888.917951694433,0.000168712,-0.021693466,0.025847748
0.9998213,0.00012288957,0,0.0026809443,645.8167290929995,888.9181946294138,2246,61563.477,7.558118,1661.3264,0.53328496,67924.75,8.348735,0,,,,,645.8167290929995,0.00013307734,888.9181946294138,0.000168753,-0.022389079,0.026477836
0.99991214,0.0001228385,0,0.0026817345,645.8161650286394,888.9185076438297,2247,61570.625,7.5582204,1660.8215,0.53349555,67930.92,8.345265,0,,,,,645.8161650286394,0.00013307785,888.9185076438297,0.00016871338,-0.022748929,0.026657712
0.99996585,0.00012281442,0,0.0026825247,645.8164451920397,888.9186199991465,2248,61571.56,7.5584254,1663.0674,0.53320366,67934.57,8.34363,0,,,,,645.8164451920397,0.00013307265,888.9186199991465,0.00016873583,-0.022529515,0.026535828
0.99973047,0.00012277126,0,0.0026833145,645.8163237414499,888.9184090602798,2249,61558.4,7.557959,1662.681,0.5338357,67918.58,8.340698,0,,,,,645.8163237414499,0.00013310561,888.9184090602798,0.00016876675,-0.022743352,0.026542837
0.9997952,0.00012272832,0,0.0026841043,645.8160507455384,888.91791343686,2250,61571.465,7.558357,1661.1945,0.5334524,67922.98,8.337781,0,,,,,645.8160507455384,0.00013306136,888.91791343686,0.00016868812,-0.022794116,0.025994923
1.0000578,0.0001226908,0,0.0026848938,645.8163408300269,888.9182128776664,2251,61585.168,7.5589075,1662.0122,0.5332706,67940.82,8.335232,0,,,,,645.8163408300269,0.00013305391,888.9182128776664,0.00016870319,-0.022743588,0.026104951
1.0000101,0.00012277324,0,0.002685683,645.8166648321336,888.9179607075532,2252,61578.676,7.5586777,1661.2815,0.5333161,67937.58,8.340833,0,,,,,645.8166648321336,0.00013306191,888.9179607075532,0.0001687095,-0.022680314,0.026282484
0.99977964,0.00012269088,0,0.0026864721,645.8156137767173,888.9187483215159,2253,61558.555,7.557836,1659.5187,0.53341675,67921.92,8.335237,0,,,,,645.8156137767173,0.00013310005,888.9187483215159,0.00016876096,-0.023479693,0.026774053
0.9995773,0.00012272617,0,0.002687261,645.8158079757628,888.9184838383196,2254,61550.793,7.557648,1662.0823,0.53336495,67908.17,8.337634,0,,,,,645.8158079757628,0.0001331282,888.9184838383196,0.00016877473,-0.022945901,0.026305584
0.999839,0.00012273698,0,0.0026880496,645.815948902211,888.9186206783735,2255,61557.1,7.5577755,1659.2261,0.5337193,67925.95,8.338368,0,,,,,645.815948902211,0.00013310097,888.9186206783735,0.00016876035,-0.02329196,0.027022716
0.9999578,0.00012273359,0,0.002688838,645.8162581316805,888.918350296698,2256,61572.79,7.5583754,1661.5021,0.5334754,67934.02,8.338139,0,,,,,645.8162581316805,0.00013306797,888.918350296698,0.00016872004,-0.022498546,0.02634542
0.99998206,0.00012283992,0,0.002689626,645.8161330441412,888.9183223079515,2257,61564.2,7.558146,1659.461,0.53335106,67935.67,8.345362,0,,,,,645.8161330441412,0.00013308327,888.9183223079515,0.00016874756,-0.022980744,0.027003665
0.99972206,0.00012284903,0,0.002690414,645.8168552417361,888.9183148841009,2258,61554.79,7.557698,1662.5599,0.5336047,67918.01,8.345981,0,,,,,645.8168552417361,0.00013308288,888.9183148841009,0.00016874429,-0.02194713,0.026439775
0.9997723,0.0001227612,0,0.0026912019,645.816542089091,888.9183166491939,2259,61558.87,7.557783,1659.8693,0.53312415,67921.42,8.3400135,0,,,,,645.816542089091,0.00013307174,888.9183166491939,0.00016872385,-0.022300825,0.02627545
0.99999297,0.00012270927,0,0.0026919893,645.8165184722245,888.9174642995763,2260,61583.21,7.558828,1660.4253,0.53365296,67936.414,8.336487,0,,,,,645.8165184722245,0.00013303835,888.9174642995763,0.00016866208,-0.02216223,0.025489599
0.9999209,0.00012282052,0,0.0026927767,645.8168564808639,888.9184276769006,2261,61565.94,7.5580688,1658.3495,0.53376424,67931.516,8.344045,0,,,,,645.8168564808639,0.00013307796,888.9184276769006,0.00016872032,-0.022143947,0.02638385
0.9995966,0.0001228501,0,0.002693564,645.8166033207166,888.9183569245246,2262,61548.754,7.557651,1661.6168,0.53325766,67909.484,8.346054,0,,,,,645.8166033207166,0.00013310852,888.9183569245246,0.00016877931,-0.022008324,0.026269559
0.9998313,0.0001229138,0,0.0026943507,645.8167713182897,888.9183798583007,2263,61557.39,7.5578065,1660.4039,0.53331184,67925.43,8.350381,0,,,,,645.8167713182897,0.000133063,888.9183798583007,0.00016874209,-0.022129014,0.026715903
0.9997583,0.00012283685,0,0.0026951374,645.816792866264,888.9178779350514,2264,61556.47,7.5578494,1660.0056,0.53359944,67920.47,8.345154,0,,,,,645.816792866264,0.00013307607,888.9178779350514,0.00016874164,-0.022275396,0.026472934
0.999889,0.00012289263,0,0.002695924,645.8168174477725,888.9185798950652,2265,61557.094,7.557852,1659.5717,0.5337008,67929.35,8.348943,0,,,,,645.8168174477725,0.00013308883,888.9185798950652,0.00016876505,-0.022235226,0.027085409
1.0001258,0.00012285566,0,0.0026967102,645.8167527973321,888.9187037869958,2266,61573.824,7.558587,1660.473,0.53325117,67945.44,8.346432,0,,,,,645.8167527973321,0.00013306802,888.9187037869958,0.00016873611,-0.02262945,0.027043555
0.9998176,0.00012298599,0,0.0026974962,645.8171055165922,888.9184645466224,2267,61553.24,7.557662,1657.1888,0.5331972,67924.5,8.355286,0,,,,,645.8171055165922,0.00013308498,888.9184645466224,0.00016877965,-0.02192689,0.02703574
0.9996142,0.0001229031,0,0.0026990676,645.8170999459686,888.9184497510428,2269,61550.562,7.5577283,1660.0931,0.5336552,67910.68,8.349655,0,,,,,645.8170999459686,0.00013309065,888.9184497510428,0.00016877365,-0.02184472,0.026538897
0.9998399,0.00012284977,0,0.002699853,645.8165790610507,888.9184048233395,2270,61561.68,7.557952,1656.955,0.5333381,67926.016,8.346031,0,,,,,645.8165790610507,0.00013306685,888.9184048233395,0.00016873241,-0.0219488,0.026618525
0.9998918,0.00012274434,0,0.002700638,645.8161611647369,888.9181314825356,2271,61570.055,7.5583587,1656.8856,0.53324306,67929.54,8.338869,0,,,,,645.8161611647369,0.00013305592,888.9181314825356,0.00016870387,-0.022365483,0.026223542
0.99991894,0.00012287377,0,0.0027014231,645.8161487167785,888.9184954547056,2272,61558.65,7.557716,1656.4004,0.5334186,67931.38,8.347662,0,,,,,645.8161487167785,0.00013306769,888.9184954547056,0.00016874084,-0.022701768,0.02747576
1.0000321,0.0001229216,0,0.0027022078,645.8165209321003,888.9189442890414,2273,61568.105,7.5582204,1659.5078,0.53317845,67939.07,8.350911,0,,,,,645.8165209321003,0.0001330592,888.9189442890414,0.00016875073,-0.02243215,0.027259683
0.99979746,0.00012293264,0,0.0027029924,645.8163931473324,888.9190851028411,2274,61543.71,7.557252,1658.2543,0.53315204,67923.13,8.351662,0,,,,,645.8163931473324,0.00013310419,888.9190851028411,0.0001688,-0.02275617,0.027925467
0.9999095,0.00012294679,0,0.0027037766,645.8165728160635,888.9188746817183,2275,61562.207,7.557975,1657.2325,0.5328425,67930.74,8.352623,0,,,,,645.8165728160635,0.00013307518,888.9188746817183,0.00016875398,-0.02231662,0.027216293
0.9997415,0.00012292224,0,0.0027045608,645.8162587856953,888.9190548001651,2276,61551.504,7.5576067,1658.0988,0.5335602,67919.33,8.350955,0,,,,,645.8162587856953,0.00013308713,888.9190548001651,0.00016877858,-0.02258039,0.027474137
0.99994653,0.0001228785,0,0.0027053447,645.8165258548216,888.918660479226,2277,61572.69,7.5584326,1658.4978,0.53313816,67933.26,8.347983,0,,,,,645.8165258548216,0.00013305848,888.918660479226,0.00016874418,-0.022218162,0.026884912
0.999734,0.00012293531,0,0.0027061282,645.8165511487308,888.9194204344008,2278,61545.496,7.5572925,1657.5167,0.5328349,67918.82,8.351843,0,,,,,645.8165511487308,0.00013310538,888.9194204344008,0.00016882457,-0.022601899,0.027873958
0.9998545,0.00012302422,0,0.0027069116,645.816872379073,888.9192822391259,2279,61554.766,7.557747,1659.9052,0.5329198,67927.01,8.3578825,0,,,,,645.816872379073,0.00013308182,888.9192822391259,0.00016880652,-0.022081578,0.027905783
0.9998266,0.0001230005,0,0.002707695,645.8165174881642,888.9201002278828,2280,61546.367,7.5573907,1657.2098,0.5333581,67925.11,8.356272,0,,,,,645.8165174881642,0.00013307993,888.9201002278828,0.00016882495,-0.022337299,0.02852131
1.0000075,0.00012294446,0,0.002708478,645.8170671912071,888.9193914135905,2281,61562.523,7.557954,1657.6377,0.5331939,67937.4,8.352465,0,,,,,645.8170671912071,0.00013306373,888.9193914135905,0.00016877703,-0.022382578,0.027964603
0.99973655,0.00012284487,0,0.0027100432,645.8162809854327,888.9190394265281,2283,61556.562,7.5578957,1657.7986,0.53314805,67918.99,8.345698,0,,,,,645.8162809854327,0.00013308291,888.9190394265281,0.00016878318,-0.022485444,0.027304778
1.0000461,0.00012297665,0,0.0027108258,645.8167258067559,888.919205333377,2284,61567.75,7.558253,1657.4376,0.5333234,67940.02,8.354651,0,,,,,645.8167258067559,0.00013304745,888.919205333377,0.00016877151,-0.022292398,0.028056543
1.0000783,0.0001229615,0,0.0027116078,645.8165741560224,888.9195015710533,2285,61564.312,7.55812,1659.0221,0.5329111,67942.21,8.353622,0,,,,,645.8165741560224,0.00013306206,888.9195015710533,0.0001688008,-0.022387046,0.028437583
0.99971145,0.00012297217,0,0.0027123897,645.8166316382832,888.9198955930087,2286,61540.324,7.55728,1657.4681,0.53335387,67917.29,8.354346,0,,,,,645.8166316382832,0.00013311517,888.9198955930087,0.0001688675,-0.022601321,0.02863158
0.9998092,0.00012300952,0,0.0027131715,645.8163076702975,888.9204125169367,2287,61541.71,7.557344,1657.3855,0.5333146,67923.93,8.356884,0,,,,,645.8163076702975,0.00013313202,888.9204125169367,0.00016885965,-0.022481596,0.029014679
1.0000066,0.00012300289,0,0.002713953,645.8167594409172,888.9198382297798,2288,61566.2,7.5581803,1653.9883,0.5335432,67937.336,8.356434,0,,,,,645.8167594409172,0.00013304083,888.9198382297798,0.00016880386,-0.022228543,0.028338386
0.9997807,0.0001229418,0,0.0027147343,645.8167233370785,888.9195666754114,2289,61550.297,7.557502,1655.7255,0.5330664,67921.99,8.3522835,0,,,,,645.8167233370785,0.00013308594,888.9195666754114,0.00016882173,-0.02254385,0.028505526
1.0000665,0.00012296789,0,0.0027155152,645.8167721087098,888.919287158035,2290,61572.598,7.5585046,1656.0009,0.53306645,67941.41,8.354056,0,,,,,645.8167721087098,0.00013303997,888.919287158035,0.00016877873,-0.022225773,0.028018009
0.9998206,0.00012302761,0,0.0027162961,645.8167255202509,888.91997576148,2291,61542.766,7.5590563,1655.7986,0.53322256,67924.7,8.358113,0,,,,,645.8167255202509,0.00013309967,888.91997576148,0.00016888915,-0.022480816,0.029299524
1.0000962,0.00012295641,0,0.0027170768,645.8165249713104,888.9200561442607,2292,61565.16,7.5580945,1656.3811,0.5333197,67943.43,8.353276,0,,,,,645.8165249713104,0.00013304016,888.9200561442607,0.00016879241,-0.022212936,0.02888594
1.0001774,0.00012305166,0,0.002717857,645.8169260291038,888.9203395198696,2293,61559.453,7.55973,1657.6188,0.5332876,67948.945,8.359748,0,,,,,645.8169260291038,0.00013305018,888.9203395198696,0.00016885038,-0.022635514,0.029738247
0.99990225,0.00012300782,0,0.0027186372,645.8167659132489,888.920198555268,2294,61553.367,7.5586705,1658.0715,0.5334803,67930.25,8.356769,0,,,,,645.8167659132489,0.00013308688,888.920198555268,0.00016885843,-0.022226188,0.02907777
1.0000051,0.00012302128,0,0.0027194172,645.8161847523689,888.9200403813451,2295,61557.934,7.557931,1657.1027,0.5329775,67937.24,8.357683,0,,,,,645.8161847523689,0.00013307575,888.9200403813451,0.00016883429,-0.022723945,0.029083105
1.000026,0.00012303975,0,0.002720197,645.8163983501909,888.9202126275309,2296,61567.1,7.558329,1656.5785,0.5335228,67938.66,8.358938,0,,,,,645.8163983501909,0.0001330685,888.9202126275309,0.00016880373,-0.022378638,0.028809277
0.9997242,0.00012305441,0,0.0027209765,645.8166750166281,888.9205842393948,2297,61535.777,7.558809,1656.9164,0.53288066,67918.16,8.359934,0,,,,,645.8166750166281,0.00013310746,888.9205842393948,0.00016891271,-0.022501107,0.02968324
0.9999468,0.00012301645,0,0.0027217558,645.8164180638312,888.9208563454339,2298,61550.984,7.559435,1655.9071,0.5331354,67933.27,8.357355,0,,,,,645.8164180638312,0.00013309189,888.9208563454339,0.0001688745,-0.022704171,0.029610135
1.0001732,0.00012305728,0,0.0027225348,645.8161012739112,888.9201764389577,2299,61560.125,7.559823,1656.789,0.5330106,67948.66,8.360129,0,,,,,645.8161012739112,0.00013306228,888.9201764389577,0.00016910849,-0.022741271,0.030077217
1.000087,0.00012302876,0,0.0027233139,645.816054647945,888.9208809727165,2300,61554.223,7.5597177,1656.5602,0.53349924,67942.805,8.3581915,0,,,,,645.816054647945,0.00013307267,888.9208809727165,0.00016888542,-0.022868171,0.03009462
0.9999632,0.00012304606,0,0.0027240925,645.8167577567807,888.9204324080041,2301,61554.07,7.5594397,1657.513,0.5328189,67934.39,8.359366,0,,,,,645.8167577567807,0.00013306273,888.9204324080041,0.00016886006,-0.022357738,0.029589104
1.0000054,0.00012300877,0,0.0027248708,645.8162611054813,888.9205623765072,2302,61558.46,7.559809,1656.062,0.53321457,67937.26,8.356833,0,,,,,645.8162611054813,0.00013307112,888.9205623765072,0.00016884525,-0.022671549,0.029348765
0.9999931,0.00012303678,0,0.0027256492,645.8159927150026,888.9206060069955,2303,61556.88,7.559721,1656.0851,0.5332223,67936.42,8.358736,0,,,,,645.8159927150026,0.00013309401,888.9206060069955,0.0001688723,-0.02287466,0.029509999
0.99972284,0.00012300375,0,0.002726427,645.815824233385,888.9208985213434,2304,61529.406,7.5586433,1657.2069,0.5333257,67918.06,8.356492,0,,,,,645.815824233385,0.00013312495,888.9208985213434,0.00016896267,-0.023179788,0.03026733
1.0002545,0.00012308314,0,0.002727205,645.8164696147562,888.9209746877773,2305,61567.082,7.560197,1657.0806,0.5333979,67954.18,8.361886,0,,,,,645.8164696147562,0.00013305405,888.9209746877773,0.00016885846,-0.022860978,0.030152354
0.9997268,0.00012302367,0,0.0027279824,645.8159415608674,888.9213266406779,2306,61524.23,7.5583277,1656.0142,0.5331456,67918.33,8.357845,0,,,,,645.8159415608674,0.00013312674,888.9213266406779,0.00016896271,-0.023301862,0.0308681
0.9999585,0.00012303064,0,0.0027287598,645.816014377124,888.9208158911397,2307,61548.734,7.559481,1656.5745,0.5334245,67934.07,8.358319,0,,,,,645.816014377124,0.00013308619,888.9208158911397,0.00016891466,-0.02302944,0.030113306
1.0000277,0.00012299504,0,0.002729537,645.8159170733825,888.9211153273492,2308,61551.363,7.5595274,1658.0927,0.5334219,67938.766,8.355901,0,,,,,645.8159170733825,0.0001330897,888.9211153273492,0.00016890214,-0.023310345,0.030262318
1.0000015,0.00012303698,8192,0.0027303137,645.8160346708206,888.9206003261412,2309,61558.117,7.5597515,1657.6454,0.53302073,67936.99,8.35875,8192,,,,,645.8160346708206,0.00013306929,888.9206003261412,0.00016885171,-0.02304856,0.029708413
0.9998525,0.00012302923,0,0.0027310904,645.8153901815074,888.9215218939252,2310,61534.336,7.5589266,1656.9396,0.53364086,67926.87,8.358223,0,,,,,645.8153901815074,0.00013312859,888.9215218939252,0.0001689676,-0.023638798,0.031030605
0.99984014,0.00012301408,0,0.002731867,645.8159056870859,888.9214538255742,2311,61535.457,7.558828,1655.4282,0.53357947,67926.03,8.357194,0,,,,,645.8159056870859,0.0001331086,888.9214538255742,0.00016896511,-0.023380589,0.031096652
0.9999195,0.00012296601,0,0.0027326432,645.8155875892243,888.9221241728364,2312,61533.21,7.558766,1659.6232,0.5328708,67931.42,8.353929,0,,,,,645.8155875892243,0.00013312501,888.9221241728364,0.00016897309,-0.023536757,0.03157983
1.0000457,0.00012296763,0,0.0027334192,645.8157721700383,888.9213965614497,2313,61543.38,7.55923,1656.207,0.53297013,67939.99,8.354038,0,,,,,645.8157721700383,0.00013311507,888.9213965614497,0.0001690303,-0.023642207,0.031117173
0.9997519,0.00012300345,0,0.002734195,645.8158313385966,888.9210869116934,2314,61531.375,7.5587554,1656.7175,0.5331379,67920.04,8.356472,0,,,,,645.8158313385966,0.00013311634,888.9210869116934,0.00016895635,-0.023425631,0.03078599
0.99981874,0.00012299945,0,0.0027349705,645.8153871688102,888.9213573390745,2315,61539.527,7.558964,1655.2601,0.53363186,67924.58,8.3562,0,,,,,645.8153871688102,0.00013309768,888.9213573390745,0.00016893532,-0.023624208,0.030800296
0.99993575,0.00012295503,0,0.0027357459,645.8156601922162,888.9216013854933,2316,61542.008,7.559255,1656.7191,0.53316456,67932.52,8.353182,0,,,,,645.8156601922162,0.00013311114,888.9216013854933,0.00016895052,-0.023576986,0.030991266
0.9999625,0.00012296125,0,0.002736521,645.8157832472716,888.9218582973294,2317,61535.08,7.55889,1656.6777,0.5333546,67934.34,8.353605,0,,,,,645.8157832472716,0.00013311737,888.9218582973294,0.00016897227,-0.023729734,0.03163752
0.99996686,0.00012297738,0,0.002737296,645.8152665380334,888.9218705777954,2318,61539.63,7.5590706,1657.7662,0.5331435,67934.64,8.354701,0,,,,,645.8152665380334,0.00013310976,888.9218705777954,0.00016894737,-0.023902973,0.031415373
0.99998516,0.00012297493,0,0.0027380707,645.8151835965225,888.9222120550083,2319,61531.1,7.5587378,1656.7886,0.5333018,67935.88,8.354534,0,,,,,645.8151835965225,0.00013311848,888.9222120550083,0.000168999,-0.024081858,0.03230927
1.0000552,0.00012297236,0,0.002738845,645.8150601181882,888.9217870650954,2320,61545.707,7.559394,1655.7527,0.5333615,67940.64,8.35436,0,,,,,645.8150601181882,0.0001331127,888.9217870650954,0.00016893975,-0.023955114,0.031365927
0.9998421,0.00012298298,0,0.0027396195,645.8151158935283,888.9218016594905,2321,61531.254,7.5587087,1656.7458,0.53324443,67926.164,8.355082,0,,,,,645.8151158935283,0.00013312849,888.9218016594905,0.00016898313,-0.024187759,0.03160538
0.99996,0.00012296776,0,0.0027403934,645.8148702510333,888.9215424423082,2322,61546.59,7.5593147,1656.5302,0.53302723,67934.17,8.354047,0,,,,,645.8148702510333,0.00013309783,888.9215424423082,0.00016891168,-0.024063831,0.0309218
0.999829,0.00012298374,0,0.0027411673,645.8150562258747,888.9223880842924,2323,61523.69,7.5584445,1657.1022,0.5327729,67925.27,8.355133,0,,,,,645.8150562258747,0.00013315401,888.9223880842924,0.00016899643,-0.02433787,0.032119785
0.9999577,0.00012300359,0,0.002741941,645.8152036888434,888.9223726064396,2324,61534.875,7.558965,1655.9271,0.5329857,67934.016,8.356482,0,,,,,645.8152036888434,0.00013312245,888.9223726064396,0.00016900229,-0.024064641,0.032139853
0.99985623,0.00012293537,0,0.0027427142,645.814213163256,888.9228635980725,2325,61520.332,7.5583677,1657.5349,0.5331329,67927.125,8.351847,0,,,,,645.814213163256,0.00013316116,888.9228635980725,0.00016905191,-0.025084719,0.032877203
1.0002102,0.0001229411,8192,0.0027434875,645.8141635586921,888.9227598619766,2326,61546.31,7.559364,1654.6512,0.53293014,67951.17,8.352236,8192,,,,,645.8141635586921,0.00013311059,888.9227598619766,0.00016897995,-0.0250917,0.032734707
0.9999083,0.00012294648,0,0.0027442605,645.8136974992763,888.9225194368051,2327,61529.883,7.558737,1656.7506,0.53353596,67930.664,8.352602,0,,,,,645.8136974992763,0.00013315772,888.9225194368051,0.00016905065,-0.025557594,0.032662522
1.0000045,0.00012296016,0,0.0027450332,645.8136891799288,888.9224278140567,2328,61542.12,7.55931,1656.5143,0.5328637,67937.195,8.353531,0,,,,,645.8136891799288,0.000133146,888.9224278140567,0.00016899357,-0.025809642,0.032277647
0.99999267,0.00012298819,0,0.0027458055,645.8136747729461,888.9230245525421,2329,61536.902,7.559064,1654.2474,0.5332089,67936.39,8.355435,0,,,,,645.8136747729461,0.0001331351,888.9230245525421,0.00016901181,-0.025613422,0.032906435
0.99999136,0.00012299047,128,0.0027465778,645.8136484459204,888.922987991974,2330,61530.69,7.5590625,1656.5151,0.5333995,67936.305,8.355591,128,,,,,645.8136484459204,0.00013317826,888.922987991974,0.00016903873,-0.026097707,0.03339913
0.9999495,0.00012298742,0,0.00274735,645.8133765907171,888.9232631901751,2331,61526.758,7.5587745,1656.216,0.533135,67933.46,8.355383,0,,,,,645.8133765907171,0.00013317805,888.9232631901751,0.0001690658,-0.026208851,0.03345309
1.0000533,0.00012293986,0,0.0027481217,645.8133075525955,888.9239182217071,2332,61527.223,7.5587134,1656.5308,0.5331679,67940.51,8.352152,0,,,,,645.8133075525955,0.00013316094,888.9239182217071,0.000169076,-0.026342914,0.034085147
0.99998194,0.00012296985,0,0.0027488933,645.8130588758285,888.9239632529437,2333,61528.88,7.5588155,1656.0233,0.53321636,67935.664,8.35419,0,,,,,645.8130588758285,0.0001331726,888.9239632529437,0.00016905136,-0.02614398,0.03368492
0.99997425,0.00012292241,0,0.0027496647,645.8129840339359,888.923216167523,2334,61529.39,7.5588365,1655.5974,0.53352267,67935.14,8.350966,0,,,,,645.8129840339359,0.00013320566,888.923216167523,0.00016904381,-0.026562745,0.03371089
0.9998505,0.00012292703,8192,0.002750436,645.813009195804,888.9229920662234,2335,61532.047,7.5589314,1655.2089,0.5329211,67926.734,8.35128,8192,,,,,645.813009195804,0.00013315251,888.9229920662234,0.00016902573,-0.026148474,0.033173226
1.0000104,0.00012296863,0,0.002751207,645.8132263261122,888.9238535225451,2336,61528.168,7.5587997,1657.3772,0.5331007,67937.59,8.354107,0,,,,,645.8132263261122,0.00013317035,888.9238535225451,0.00016907716,-0.026172167,0.034197982
0.9998045,0.00012294984,0,0.0027519776,645.8130994979176,888.9237960637643,2337,61519.168,7.55837,1655.5192,0.5332514,67923.61,8.35283,0,,,,,645.8130994979176,0.00013316439,888.9237960637643,0.0001690691,-0.026185902,0.033799227
0.9998889,0.00012294477,0,0.002752748,645.8127871938093,888.9241732855569,2338,61516.152,7.558268,1654.9487,0.5332449,67929.34,8.352485,0,,,,,645.8127871938093,0.00013319144,888.9241732855569,0.00016910107,-0.02651044,0.03432142
1.0000747,0.00012300455,0,0.0027535185,645.8134334968736,888.9240745831192,2339,61532.51,7.5588713,1654.9974,0.53334004,67941.97,8.356546,0,,,,,645.8134334968736,0.0001331476,888.9240745831192,0.00016907461,-0.025941992,0.03400457
0.99982184,0.0001229148,0,0.0027542885,645.813438533975,888.9238807611827,2340,61512.79,7.558176,1656.8252,0.5329444,67924.79,8.35045,0,,,,,645.813438533975,0.00013317914,888.9238807611827,0.00016911472,-0.025999598,0.03413154
1.0002948,0.00012297815,0,0.0027550585,645.813706173953,888.9234773534208,2341,61553.07,7.559838,1654.4698,0.53319037,67956.92,8.3547535,0,,,,,645.813706173953,0.00013310643,888.9234773534208,0.00016898953,-0.025317442,0.03326907
0.9998873,0.00012295769,0,0.002755828,645.8140627123812,888.9230172269205,2342,61527.605,7.5588384,1654.8408,0.5335398,67929.234,8.353363,0,,,,,645.8140627123812,0.00013314562,888.9230172269205,0.00016905011,-0.025252368,0.0330306
1.0000265,0.00012290737,0,0.0027565975,645.8141834495406,888.9235676828248,2343,61529.99,7.5588684,1655.6157,0.5330817,67938.69,8.349944,0,,,,,645.8141834495406,0.00013314335,888.9235676828248,0.00016905983,-0.025094703,0.03372887
0.9999723,0.00012293455,0,0.0027573665,645.8138850894857,888.9237108278408,2344,61525.086,7.5587645,1656.9244,0.5333323,67935.01,8.351791,0,,,,,645.8138850894857,0.00013316394,888.9237108278408,0.00016907156,-0.02526833,0.033835333
0.999948,0.00012284347,0,0.0027581356,645.8143268884696,888.9240080540717,2345,61518.516,7.5583515,1655.0116,0.53374,67933.36,8.345603,0,,,,,645.8143268884696,0.00013314275,888.9240080540717,0.00016908179,-0.02527982,0.034351733
1.0000627,0.00012285163,0,0.0027589044,645.813884646753,888.9236987893255,2346,61525.543,7.5587273,1655.8423,0.53328055,67941.15,8.346158,0,,,,,645.813884646753,0.00013315034,888.9236987893255,0.00016908291,-0.025516836,0.034175694
1.0000006,0.00012285118,0,0.0027596727,645.8133669980357,888.9240740701341,2347,61519.49,7.5583396,1653.9127,0.53374535,67936.93,8.3461275,0,,,,,645.8133669980357,0.00013315698,888.9240740701341,0.00016908004,-0.025815153,0.03431547
0.9999328,0.00012298177,0,0.002760441,645.8132315777864,888.9231334006216,2348,61529.188,7.558895,1654.0054,0.5334319,67932.33,8.355,0,,,,,645.8132315777864,0.00013316241,888.9231334006216,0.00016904486,-0.025760312,0.03335277
0.9997686,0.00012299839,0,0.0027612092,645.8137144778124,888.9230917017759,2349,61513.543,7.5581946,1654.6864,0.53328025,67921.17,8.356128,0,,,,,645.8137144778124,0.00013316152,888.9230917017759,0.00016908767,-0.025538012,0.033880346
0.99995136,0.00012286102,0,0.002761977,645.813934705633,888.9233813665828,2350,61522.508,7.558701,1656.1439,0.5330503,67933.586,8.346796,0,,,,,645.813934705633,0.00013315347,888.9233813665828,0.00016908396,-0.025378522,0.033937413
1.000385,0.0001230095,0,0.0027627447,645.8136355481928,888.9241585317374,2351,61540.97,7.5592785,1653.2764,0.5334748,67963.05,8.356882,0,,,,,645.8136355481928,0.00013312865,888.9241585317374,0.00016904113,-0.026032219,0.03476259
0.9997745,0.00012289957,8320,0.002763512,645.8140256726748,888.9237041925788,2352,61506.98,7.5580735,1655.5234,0.53294563,67921.57,8.349415,8320,,,,,645.8140256726748,0.00013317229,888.9237041925788,0.0001691353,-0.025570173,0.034364216
1.0001891,0.00012295114,0,0.0027642793,645.813301055053,888.9241547714437,2353,61523.7,7.5585485,1653.3984,0.5332091,67949.734,8.352919,0,,,,,645.813301055053,0.000133145,888.9241547714437,0.00016909183,-0.026052807,0.035023224
0.99997973,0.00012292663,0,0.0027650462,645.8130668527218,888.9237634604157,2354,61517.145,7.5582848,1655.5657,0.5332524,67935.516,8.3512535,0,,,,,645.8130668527218,0.00013316481,888.9237634604157,0.0001690957,-0.026368596,0.03455531
0.9999211,0.00012287896,0,0.002765813,645.8130069344422,888.9238049517601,2355,61518.73,7.5583606,1654.7031,0.5330229,67931.53,8.348015,0,,,,,645.8130069344422,0.0001331699,888.9238049517601,0.00016909197,-0.026201613,0.034181703
0.9998681,0.00012296572,0,0.0027665794,645.8131901215888,888.9236472909374,2356,61520.492,7.5586615,1653.9784,0.53326815,67927.93,8.353909,0,,,,,645.8131901215888,0.00013316322,888.9236472909374,0.00016908723,-0.026004162,0.033933282
1.0000525,0.00012293695,0,0.0027673456,645.8134178072767,888.9239406739375,2357,61522.633,7.558627,1654.4626,0.53362924,67940.45,8.351954,0,,,,,645.8134178072767,0.00013316044,888.9239406739375,0.00016911041,-0.026082292,0.0345346
1.0002733,0.00012293883,128,0.0027681116,645.8133264414219,888.9244093805662,2358,61532.035,7.5593395,1652.5184,0.53341925,67955.46,8.352081,128,,,,,645.8133264414219,0.00013314091,888.9244093805662,0.00016908374,-0.026282566,0.035046097
0.99983853,0.00012290222,0,0.0027688774,645.813356269419,888.9242481241331,2359,61506.707,7.55792,1653.6481,0.5330845,67925.92,8.349594,0,,,,,645.813356269419,0.00013317753,888.9242481241331,0.00016913461,-0.026016256,0.035112135
0.99981934,0.00012291003,0,0.0027696432,645.8130592822409,888.9243873014476,2360,61498.367,7.5575705,1654.7894,0.5330365,67924.62,8.350125,0,,,,,645.8130592822409,0.00013318853,888.9243873014476,0.00016916652,-0.02647106,0.03544393
1.0000641,0.00012295469,0,0.0027704085,645.8133161017707,888.9243684405741,2361,61518.61,7.558379,1653.1088,0.5331078,67941.25,8.353159,0,,,,,645.8133161017707,0.00013315618,888.9243684405741,0.0001691113,-0.026323369,0.03514212
0.9999672,0.00012289196,0,0.0027711736,645.812891612629,888.9238039018786,2362,61513.92,7.5580673,1653.4565,0.53327847,67934.664,8.348897,0,,,,,645.812891612629,0.0001331612,888.9238039018786,0.00016910366,-0.02684347,0.034991793
0.999879,0.00012294698,0,0.0027719387,645.8131834728749,888.9235628264049,2363,61518.58,7.5584545,1652.3712,0.5330989,67928.67,8.352635,0,,,,,645.8131834728749,0.00013317181,888.9235628264049,0.000169094,-0.026246326,0.0341876
0.99996835,0.00012290514,0,0.0027727033,645.8129829900004,888.9249588127318,2364,61510.88,7.5581326,1652.1182,0.5334359,67934.74,8.349793,0,,,,,645.8129829900004,0.00013318135,888.9249588127318,0.00016914253,-0.026670223,0.03553941
1.0000916,0.00012291384,0,0.002773468,645.8136128968914,888.9249895028859,2365,61521.77,7.5585394,1652.1069,0.5333365,67943.11,8.350385,0,,,,,645.8136128968914,0.00013315139,888.9249895028859,0.00016912253,-0.026078656,0.03527529
1.0001893,0.00012292257,0,0.002774232,645.8128907241114,888.9250562220634,2366,61519.9,7.558404,1651.0709,0.5331077,67949.75,8.350978,0,,,,,645.8128907241114,0.00013315432,888.9250562220634,0.00016911779,-0.026784783,0.035840254
1.0001462,0.00012285692,0,0.0027749962,645.8131398772338,888.9245648017404,2367,61520.504,7.5587606,1656.9563,0.5338092,67946.82,8.346517,0,,,,,645.8131398772338,0.00013318732,888.9245648017404,0.00016916971,-0.026294807,0.035532802
1.000156,0.00012284174,0,0.00277576,645.8131565143806,888.9250789547785,2368,61515.332,7.5583367,1651.4966,0.53333634,67947.49,8.345486,0,,,,,645.8131565143806,0.00013316906,888.9250789547785,0.00016916389,-0.026698502,0.036135986
0.9999056,0.00012296056,0,0.0027765236,645.8128760100323,888.9244996093358,2369,61506.83,7.5579615,1652.036,0.5331075,67930.48,8.353558,0,,,,,645.8128760100323,0.00013318281,888.9244996093358,0.0001691607,-0.026648706,0.03550568
0.9998527,0.00012294356,0,0.002777287,645.8127019022673,888.923997609135,2370,61510.36,7.5580735,1652.5256,0.53327966,67926.88,8.352403,0,,,,,645.8127019022673,0.00013317447,888.923997609135,0.000169132,-0.026756262,0.035094574
0.9998582,0.00012290436,0,0.0027780503,645.8125472224331,888.9244871575335,2371,61509.094,7.5580235,1650.5658,0.5333579,67927.26,8.34974,0,,,,,645.8125472224331,0.00013318565,888.9244871575335,0.00016912275,-0.026863644,0.035174318
0.99986523,0.0001229264,8192,0.002778813,645.8126016897941,888.9243334503456,2372,61505.145,7.557922,1652.3943,0.5331947,67927.734,8.351237,8192,,,,,645.8126016897941,0.00013318293,888.9243334503456,0.00016915625,-0.027022308,0.035622377
1.0000433,0.00012294375,0,0.0027795758,645.8121954559246,888.9249687755532,2373,61507.6,7.557916,1652.7753,0.5328539,67939.83,8.352416,0,,,,,645.8121954559246,0.0001331914,888.9249687755532,0.00016915683,-0.027396878,0.03614215
1.0000038,0.00012289126,0,0.0027803383,645.812519239132,888.9248611885707,2374,61509.97,7.558093,1651.8363,0.53315574,67937.15,8.34885,0,,,,,645.812519239132,0.00013316351,888.9248611885707,0.00016914493,-0.027113397,0.035831943
0.99976367,0.00012289463,0,0.0027811006,645.8123679071447,888.9254010995222,2375,61485.57,7.557025,1651.0825,0.5332867,67920.836,8.349079,0,,,,,645.8123679071447,0.00013322111,888.9254010995222,0.00016922494,-0.02762701,0.036810227
1.0000242,0.00012292097,0,0.0027818626,645.8121547225387,888.925097583282,2376,61507.766,7.55789,1649.6042,0.533267,67938.53,8.350869,0,,,,,645.8121547225387,0.00013317665,888.925097583282,0.00016916328,-0.0274574,0.036305893
0.9999162,0.00012292145,0,0.0027826244,645.811728516645,888.9252351417979,2377,61501.477,7.557728,1649.8556,0.5332519,67931.195,8.350902,0,,,,,645.811728516645,0.00013320505,888.9252351417979,0.000169162,-0.027983641,0.036107153
0.99976206,0.00012291163,0,0.002783386,645.8119802162447,888.924810525459,2378,61503.13,7.5577602,1650.7527,0.53315145,67920.73,8.350234,0,,,,,645.8119802162447,0.00013320993,888.924810525459,0.00016915484,-0.027618842,0.03538212
0.999841,0.00012292912,0,0.0027841474,645.8115281181836,888.9248429035594,2379,61498.15,7.557539,1651.4216,0.5336505,67926.086,8.351422,0,,,,,645.8115281181836,0.00013322066,888.9248429035594,0.00016920567,-0.027935704,0.03636674
0.9998338,0.00012297755,0,0.0027849085,645.8119461007103,888.925416962141,2380,61497.55,7.5576215,1652.108,0.5331154,67925.6,8.3547125,0,,,,,645.8119461007103,0.00013323448,888.925416962141,0.0001692017,-0.027670152,0.036186382
0.9997929,0.00012284389,0,0.0027856694,645.811609634134,888.9254907126915,2381,61488.38,7.5572934,1652.9264,0.53370523,67922.82,8.345633,0,,,,,645.811609634134,0.00013323114,888.9254907126915,0.0001692477,-0.028036617,0.036981303
0.99976724,0.00012287442,0,0.00278643,645.8118157862419,888.925640913162,2382,61488.117,7.5572076,1650.6812,0.533826,67921.08,8.347706,0,,,,,645.8118157862419,0.00013322881,888.925640913162,0.00016923508,-0.02796598,0.03691305
0.9995485,0.00012292503,0,0.0027871905,645.8116244517996,888.9255164066872,2383,61473.77,7.5567946,1650.1135,0.5337031,67906.22,8.351145,0,,,,,645.8116244517996,0.00013325174,888.9255164066872,0.00016925846,-0.02820127,0.036903888
0.99972284,0.0001228724,8192,0.0027879507,645.8113815314234,888.9255517389505,2384,61481.074,7.5569944,1650.6221,0.5330607,67918.06,8.3475685,8192,,,,,645.8113815314234,0.0001332316,888.9255517389505,0.00016924932,-0.028532863,0.03722013
1.0001354,0.00012296386,0,0.0027887106,645.8114043738593,888.9253779502503,2385,61518.81,7.5583453,1650.8533,0.5333532,67946.09,8.353782,0,,,,,645.8114043738593,0.00013317357,888.9253779502503,0.00016915037,-0.028309427,0.036387436
0.99996376,0.00012296929,0,0.0027894704,645.8114317991799,888.9249467489373,2386,61509.26,7.5579824,1649.1411,0.53340584,67934.43,8.354151,0,,,,,645.8114317991799,0.00013318106,888.9249467489373,0.00016916082,-0.028293401,0.03641593
0.99996424,0.00012294203,0,0.00279023,645.8115165367218,888.9255367357142,2387,61507.195,7.5580587,1650.3253,0.5332476,67934.46,8.3523,0,,,,,645.8115165367218,0.00013320366,888.9255367357142,0.00016918607,-0.0279196,0.03652735
0.9998212,0.00012289427,0,0.0027909894,645.811306697592,888.9259421449708,2388,61487.105,7.5573454,1650.8181,0.53331405,67924.74,8.349054,0,,,,,645.811306697592,0.00013323163,888.9259421449708,0.00016925466,-0.02861736,0.037528746
0.9997514,0.0001229567,0,0.0027917484,645.8116515774711,888.9256448582044,2389,61487.777,7.5571632,1648.9221,0.5337455,67920.0,8.353296,0,,,,,645.8116515774711,0.00013322469,888.9256448582044,0.00016921721,-0.028218819,0.036993444
1.0000056,0.00012292707,8192,0.0027925074,645.811344082072,888.9262644419277,2390,61494.715,7.5573645,1649.8599,0.53316075,67937.27,8.351283,8192,,,,,645.811344082072,0.00013321618,888.9262644419277,0.00016923733,-0.02876926,0.03764433
0.99993575,0.00012290404,0,0.002793266,645.811405722945,888.9259065890644,2391,61496.24,7.557513,1648.2567,0.5334595,67932.52,8.349718,0,,,,,645.811405722945,0.00013319262,888.9259065890644,0.00016923177,-0.028269416,0.037357245
0.9997875,0.00012291313,0,0.0027940243,645.8111187445129,888.926260153339,2392,61480.645,7.5568357,1649.7161,0.53297263,67922.45,8.350336,0,,,,,645.8111187445129,0.00013323325,888.926260153339,0.00016927761,-0.028748104,0.037954155
0.9998321,0.00012290415,0,0.0027947826,645.8114103380759,888.9262253806663,2393,61489.348,7.5571713,1650.7852,0.5327244,67925.484,8.349726,0,,,,,645.8114103380759,0.00013322245,888.9262253806663,0.00016924752,-0.028654112,0.037688904
0.9998183,0.00012294232,0,0.0027955405,645.8108154043247,888.9260008791239,2394,61494.86,7.5575213,1650.9175,0.5333591,67924.55,8.352319,0,,,,,645.8108154043247,0.00013321258,888.9260008791239,0.00016922473,-0.028607316,0.037034255
1.000096,0.00012292028,0,0.0027962984,645.8109805370785,888.925616664727,2395,61512.83,7.558204,1649.525,0.53318995,67943.41,8.3508215,0,,,,,645.8109805370785,0.00013317307,888.925616664727,0.00016917282,-0.02837459,0.03693099
1.0000757,0.00012294434,0,0.0027970558,645.8112746269979,888.9260869095032,2396,61506.94,7.558015,1650.9315,0.5335095,67942.03,8.352456,0,,,,,645.8112746269979,0.0001331906,888.9260869095032,0.00016920801,-0.02837123,0.03731352
0.9999196,0.00012289085,0,0.0027978132,645.8105989233948,888.9258548579938,2397,61489.63,7.557187,1648.8428,0.5330805,67931.43,8.348823,0,,,,,645.8105989233948,0.00013321867,888.9258548579938,0.00016925011,-0.029260667,0.037855383
0.9998014,0.00012287384,0,0.00279857,645.8105518481256,888.926221718961,2398,61486.023,7.5571756,1650.5054,0.5334035,67923.4,8.347667,0,,,,,645.8105518481256,0.00013324645,888.926221718961,0.0001692685,-0.029032804,0.037662406
1.0000018,0.00012290984,0,0.002799327,645.8107321448649,888.9263774525889,2399,61490.094,7.5572076,1650.4855,0.5332557,67937.016,8.350113,0,,,,,645.8107321448649,0.00013322415,888.9263774525889,0.00016925708,-0.029492222,0.038212795
0.9997515,0.00012291782,0,0.0028000837,645.8108811122139,888.9261234433068,2400,61480.395,7.556889,1650.6476,0.5328256,67920.01,8.350655,0,,,,,645.8108811122139,0.00013323825,888.9261234433068,0.00016926242,-0.029120103,0.037893727
0.9999688,0.00012293432,0,0.00280084,645.8104539095605,888.9269017092138,2401,61485.977,7.5572405,1648.7451,0.5330288,67934.77,8.351775,0,,,,,645.8104539095605,0.00013323089,888.9269017092138,0.00016928396,-0.02945007,0.038803585
1.0000032,0.00012295737,8192,0.0028015962,645.8107515761856,888.9265673294258,2402,61496.473,7.5575304,1647.8893,0.53339505,67937.11,8.353341,8192,,,,,645.8107515761856,0.00013320852,888.9265673294258,0.0001692274,-0.029097404,0.03813065
0.9998175,0.00012299471,0,0.0028023522,645.8103980103299,888.9262047178779,2403,61488.516,7.557088,1647.8112,0.5335821,67924.49,8.355878,0,,,,,645.8103980103299,0.0001332046,888.9262047178779,0.00016925736,-0.029287469,0.037987586
0.99992937,0.00012296077,0,0.0028031077,645.8104184735655,888.9263870441388,2404,61502.88,7.557839,1649.515,0.5330781,67932.09,8.353573,0,,,,,645.8104184735655,0.00013320656,888.9263870441388,0.00016921123,-0.028953316,0.03750012
1.0000014,0.00012301911,0,0.0028038633,645.8103186284893,888.9269425251608,2405,61494.56,7.557529,1648.1349,0.5332437,67936.984,8.357536,0,,,,,645.8103186284893,0.00013323144,888.9269425251608,0.00016925902,-0.029338941,0.038509823
1.000094,0.00012302093,0,0.0028046186,645.8103820377105,888.9269356334217,2406,61501.82,7.557766,1649.8362,0.5330149,67943.28,8.357659,0,,,,,645.8103820377105,0.00013322117,888.9269356334217,0.00016926283,-0.029694807,0.038616054
0.9998082,0.00012286719,0,0.0028053736,645.8102511557599,888.9268181141279,2407,61481.254,7.5568476,1648.8579,0.53276795,67923.86,8.347215,0,,,,,645.8102511557599,0.00013324532,888.9268181141279,0.0001693175,-0.029491145,0.038707566
1.0000985,0.00012295372,0,0.0028061285,645.8100465789659,888.9272817449391,2408,61495.61,7.557553,1648.9965,0.5332093,67943.58,8.353093,0,,,,,645.8100465789659,0.00013322046,888.9272817449391,0.00016928364,-0.02984105,0.03909973
1.0002537,0.00012294725,0,0.0028068828,645.8100077565923,888.926954222294,2409,61507.25,7.5579047,1647.4281,0.5330157,67954.125,8.352654,0,,,,,645.8100077565923,0.00013319652,888.926954222294,0.00016925254,-0.030164922,0.039195612
0.99995434,0.00012295906,0,0.0028076372,645.809179383132,888.9278788128287,2410,61482.12,7.557026,1649.6855,0.5332291,67933.79,8.353456,0,,,,,645.809179383132,0.00013326174,888.9278788128287,0.00016931871,-0.03079463,0.03985421
0.9999449,0.00012299146,0,0.0028083913,645.8094762647082,888.9270655300052,2411,61489.18,7.5572033,1647.3746,0.5332519,67933.15,8.355658,0,,,,,645.8094762647082,0.0001332506,888.9270655300052,0.00016930237,-0.03083647,0.039468843
0.99992627,0.00012295303,0,0.0028091453,645.8086256108418,888.9280264525271,2412,61480.215,7.556932,1647.613,0.5329324,67931.88,8.353046,0,,,,,645.8086256108418,0.00013327945,888.9280264525271,0.00016937632,-0.031674076,0.040315595
0.99973744,0.00012291508,0,0.002809899,645.8081759782046,888.9269601703606,2413,61485.32,7.5571313,1646.8661,0.5333347,67919.055,8.350469,0,,,,,645.8081759782046,0.00013325957,888.9269601703606,0.00016927556,-0.031473633,0.038939577
1.0000228,0.00012298507,128,0.0028114056,645.8088136212942,888.927785635794,2415,61493.88,7.5577884,1650.2263,0.53315485,67938.44,8.355224,128,,,,,645.8088136212942,0.00013324873,888.927785635794,0.00016930535,-0.031128542,0.039608076
0.99983853,0.00012290463,0,0.0028121585,645.8084926589626,888.9279270138558,2416,61474.25,7.5566573,1649.241,0.5329729,67925.92,8.349758,0,,,,,645.8084926589626,0.00013326408,888.9279270138558,0.0001693563,-0.03160208,0.040139996
1.0000213,0.00012297736,0,0.0028129113,645.8086936775154,888.9278184115207,2417,61486.523,7.5571966,1647.561,0.5332153,67938.34,8.3547,0,,,,,645.8086936775154,0.00013325995,888.9278184115207,0.00016941312,-0.031507757,0.04002329
1.0000309,0.00012294682,0,0.0028136638,645.8087263541121,888.9274680384465,2418,61492.414,7.5574427,1647.7715,0.5332475,67938.984,8.352625,0,,,,,645.8087263541121,0.00013324356,888.9274680384465,0.00016930253,-0.03142896,0.039720967
0.99985385,0.00012294827,0,0.002814416,645.8085662660947,888.9273490881033,2419,61487.26,7.5570717,1647.8625,0.5334174,67926.96,8.352723,0,,,,,645.8085662660947,0.00013325822,888.9273490881033,0.00016930161,-0.031424396,0.039412737
0.9997607,0.00012292559,0,0.0028151681,645.8086359812556,888.9271636359111,2420,61486.695,7.557233,1647.5907,0.5336315,67920.63,8.351182,0,,,,,645.8086359812556,0.0001332713,888.9271636359111,0.0001693031,-0.03130747,0.0392792
0.9998229,0.00012291642,0,0.00281592,645.80824645802,888.9278054538753,2421,61478.062,7.556893,1651.9998,0.5333529,67924.86,8.350559,0,,,,,645.80824645802,0.00013327984,888.9278054538753,0.00016932658,-0.03161468,0.039922338
1.000051,0.00012292931,0,0.0028166715,645.8087885943111,888.9278610976846,2422,61493.52,7.5576143,1647.5541,0.5330545,67940.36,8.351436,0,,,,,645.8087885943111,0.00013323435,888.9278610976846,0.00016929969,-0.030975297,0.039629083
0.99994063,0.00012294835,0,0.002817423,645.8088774224395,888.927990753094,2423,61476.52,7.5567827,1647.6027,0.53326577,67932.86,8.352728,0,,,,,645.8088774224395,0.00013326974,888.927990753094,0.00016934912,-0.03124471,0.04037054
0.9999569,0.00012297656,0,0.0028181742,645.8090745657173,888.9273728290451,2424,61488.316,7.5574255,1647.7107,0.5331052,67933.96,8.354645,0,,,,,645.8090745657173,0.00013324655,888.9273728290451,0.00016931044,-0.03066815,0.039437834
0.9999678,0.0001229698,0,0.002818925,645.8094390710012,888.9272641473598,2425,61489.203,7.5572314,1645.9044,0.5332528,67934.7,8.354185,0,,,,,645.8094390710012,0.00013323808,888.9272641473598,0.00016930298,-0.030665735,0.039335363
0.9998422,0.00012292685,0,0.0028196757,645.8093162742599,888.9268112409364,2426,61491.01,7.557388,1647.1412,0.5330354,67926.17,8.351268,0,,,,,645.8093162742599,0.00013324722,888.9268112409364,0.00016929093,-0.030418811,0.038761992
0.9999563,0.00012300251,0,0.0028204261,645.8093781972341,888.9276770139171,2427,61487.234,7.5573134,1646.2858,0.53350407,67933.92,8.356408,0,,,,,645.8093781972341,0.00013324792,888.9276770139171,0.00016932475,-0.030834997,0.03958342
0.999961,0.00012296313,0,0.0028211765,645.809442104052,888.9279096977018,2428,61486.38,7.55719,1645.8962,0.5333648,67934.24,8.353733,0,,,,,645.809442104052,0.00013322319,888.9279096977018,0.0001693127,-0.030684719,0.039747123
1.0000037,0.0001229454,0,0.0028219265,645.8092901306395,888.9282374574021,2429,61482.8,7.5569806,1645.6394,0.5332277,67937.14,8.352529,0,,,,,645.8092901306395,0.00013324471,888.9282374574021,0.00016933016,-0.03088656,0.0402662
0.99999446,0.00012298588,0,0.0028226762,645.809361966289,888.9280312049264,2430,61484.863,7.5571713,1647.0668,0.5334172,67936.516,8.355278,0,,,,,645.809361966289,0.00013326114,888.9280312049264,0.00016933927,-0.030843273,0.040422235
0.9999713,0.0001229689,0,0.0028234257,645.8090325236253,888.9275109745143,2431,61489.805,7.557303,1646.4868,0.5332453,67934.94,8.354124,0,,,,,645.8090325236253,0.00013323982,888.9275109745143,0.00016929985,-0.030868124,0.039706644
0.9998301,0.00012297371,0,0.0028241752,645.8092243345476,888.9277050736116,2432,61482.14,7.556997,1647.7904,0.5332373,67925.35,8.354451,0,,,,,645.8092243345476,0.00013326356,888.9277050736116,0.00016932495,-0.030778598,0.039669238
1.00005,0.00012292934,0,0.0028249242,645.8096379430839,888.9272850602599,2433,61496.45,7.5576577,1647.0052,0.5335093,67940.28,8.351438,0,,,,,645.8096379430839,0.00013322767,888.9272850602599,0.00016928912,-0.030303914,0.039497443
0.9997916,0.00012295079,0,0.002825673,645.8088124718927,888.928137367393,2434,61467.68,7.5563707,1646.6577,0.53321815,67922.734,8.352895,0,,,,,645.8088124718927,0.00013326792,888.928137367393,0.00016938405,-0.031243375,0.040731654
1.0002192,0.00012299517,0,0.0028264218,645.8092139298587,888.9280829734512,2435,61498.49,7.557612,1646.616,0.5334812,67951.78,8.355909,0,,,,,645.8092139298587,0.00013325443,888.9280829734512,0.00016931357,-0.03113412,0.040393904
0.9998499,0.00012292495,0,0.00282717,645.8086687195141,888.9283074420322,2436,61468.305,7.5564413,1645.5303,0.5331865,67926.695,8.351139,0,,,,,645.8086687195141,0.0001332621,888.9283074420322,0.0001693588,-0.031409007,0.040685005
0.99983186,0.00012294925,0,0.0028279182,645.809064426192,888.9274946721694,2437,61482.684,7.557131,1648.9652,0.53292155,67925.47,8.35279,0,,,,,645.809064426192,0.00013327872,888.9274946721694,0.00016944841,-0.03082685,0.039849173
0.9996649,0.00012295111,0,0.0028286662,645.8084944796663,888.9280651852731,2438,61468.324,7.5564275,1645.8668,0.53315383,67914.125,8.352916,0,,,,,645.8084944796663,0.00013327539,888.9280651852731,0.00016935631,-0.0313587,0.040150665
0.99985546,0.00012298011,0,0.0028294139,645.8086363137023,888.927588811549,2439,61484.504,7.557069,1646.113,0.5334185,67927.07,8.354886,0,,,,,645.8086363137023,0.00013324844,888.927588811549,0.00016933378,-0.031265553,0.03988634
1.0000935,0.00012295516,0,0.0028301615,645.8084955184669,888.92853052204,2440,61487.63,7.557255,1646.329,0.53343374,67943.24,8.353191,0,,,,,645.8084955184669,0.00013325052,888.92853052204,0.00016933624,-0.03151071,0.040788624
1.000029,0.00012298812,0,0.0028309086,645.8088615216664,888.9281584277044,2441,61480.195,7.556927,1645.4751,0.53290886,67938.86,8.355431,0,,,,,645.8088615216664,0.00013325443,888.9281584277044,0.00016936909,-0.031573765,0.04090609
0.99986213,0.00012296093,0,0.0028316556,645.808587283306,888.9282304420868,2442,61469.875,7.5564737,1646.4723,0.533297,67927.52,8.353583,0,,,,,645.808587283306,0.00013327047,888.9282304420868,0.00016939279,-0.031568795,0.040915288
1.0000184,0.00012299775,0,0.0028324025,645.8084933541825,888.9284336343796,2443,61484.79,7.5572834,1646.481,0.5331796,67938.14,8.356085,0,,,,,645.8084933541825,0.00013326245,888.9284336343796,0.00016937556,-0.03165906,0.040877603
0.9997884,0.00012298323,0,0.002833149,645.8086706847745,888.9276918481056,2444,61478.906,7.5568976,1645.0507,0.53323025,67922.516,8.355098,0,,,,,645.8086706847745,0.00013325979,888.9276918481056,0.00016936456,-0.031266753,0.040311567
1.0002137,0.00012300805,128,0.0028338954,645.808083947024,888.92799256132,2445,61497.484,7.5587687,1646.9177,0.5336488,67951.414,8.356785,128,,,,,645.808083947024,0.00013323635,888.92799256132,0.0001694155,-0.031778414,0.040967472
0.99983406,0.00012295054,0,0.0028346414,645.8088154449892,888.9288281165067,2446,61471.723,7.5565653,1645.6198,0.5330655,67925.62,8.352878,0,,,,,645.8088154449892,0.00013326193,888.9288281165067,0.00016937962,-0.03139956,0.04124609
0.9999886,0.00012292826,0,0.0028353874,645.808445446545,888.9289645870914,2447,61470.457,7.556755,1646.6016,0.5335369,67936.12,8.351364,0,,,,,645.808445446545,0.00013326819,888.9289645870914,0.00016941424,-0.03181297,0.04188671
1.0001024,0.00012294031,0,0.002836133,645.8090731696452,888.9288858704025,2448,61482.51,7.5571756,1648.4454,0.5335946,67943.84,8.352182,0,,,,,645.8090731696452,0.00013325771,888.9288858704025,0.00016936564,-0.031342898,0.04164724
1.0002905,0.0001230201,8192,0.0028368784,645.8082313684362,888.9288187462023,2449,61492.93,7.55767,1646.8224,0.5328002,67956.625,8.357603,8192,,,,,645.8082313684362,0.00013324028,888.9288187462023,0.00016937197,-0.03195346,0.04167567
0.9998076,0.00012299823,0,0.0028376235,645.8080274771734,888.92807760269,2450,61472.285,7.55665,1643.9305,0.53315514,67923.82,8.356117,0,,,,,645.8080274771734,0.0001332616,888.92807760269,0.00016940916,-0.031834237,0.04109225
1.000078,0.00012296901,0,0.0028383685,645.8083345246222,888.9285075742005,2451,61487.65,7.5573535,1648.2529,0.5336356,67942.19,8.354133,0,,,,,645.8083345246222,0.00013324268,888.9285075742005,0.00016935788,-0.03168859,0.041087307
0.9998035,0.00012293782,0,0.0028391131,645.8081359815308,888.9289094367545,2452,61463.74,7.556359,1647.3694,0.5332213,67923.54,8.352014,0,,,,,645.8081359815308,0.00013328255,888.9289094367545,0.00016942252,-0.03178216,0.041695043
1.0001742,0.00012291354,0,0.0028398577,645.8084443592298,888.9293514454284,2453,61485.188,7.557332,1646.5887,0.5332636,67948.73,8.350364,0,,,,,645.8084443592298,0.00013325164,888.9293514454284,0.00016939951,-0.031802353,0.042064723
0.9995957,0.00012293989,128,0.002840602,645.8077309049905,888.9290602687687,2454,61443.21,7.5537906,1647.3682,0.53348243,67909.42,8.352154,128,,,,,645.8077309049905,0.00013331807,888.9290602687687,0.00016950085,-0.032298412,0.042378474
0.9999531,0.00012294471,0,0.002841346,645.8083944348203,888.9291053140598,2455,61473.133,7.5567565,1646.9146,0.53332025,67933.7,8.352481,0,,,,,645.8083944348203,0.00013326768,888.9291053140598,0.00016941519,-0.032055285,0.04194044
0.9999478,0.00012296009,0,0.0028420899,645.8076145213225,888.9290270777673,2456,61472.02,7.55669,1646.0457,0.5331534,67933.34,8.353526,0,,,,,645.8076145213225,0.00013328408,888.9290270777673,0.00016941746,-0.032394186,0.04195511
0.9998968,0.00012297691,0,0.0028428333,645.8079976227957,888.9285691122952,2457,61479.984,7.557136,1647.4014,0.5331905,67929.88,8.354669,0,,,,,645.8079976227957,0.00013326216,888.9285691122952,0.00016936325,-0.031510327,0.041100305
1.000065,0.00012298388,0,0.0028435767,645.8081537836704,888.9296147793583,2458,61474.953,7.5568333,1645.6434,0.5333149,67941.305,8.355143,0,,,,,645.8081537836704,0.00013326174,888.9296147793583,0.0001694256,-0.032085583,0.042397674
1.0001806,0.00012298097,0,0.0028443197,645.808062083796,888.9294435110838,2459,61483.176,7.5558796,1646.4866,0.5332637,67949.164,8.354945,0,,,,,645.808062083796,0.00013325264,888.9294435110838,0.00016944583,-0.03207604,0.04259168
1.0001049,0.00012291492,0,0.0028450626,645.8076234915223,888.9303066087259,2460,61470.273,7.554106,1647.2222,0.5331555,67944.016,8.350457,0,,,,,645.8076234915223,0.00013327714,888.9303066087259,0.0001694413,-0.032667868,0.042930167
1.000007,0.00012291822,0,0.0028458054,645.8075163549555,888.9293910266805,2461,61470.305,7.554102,1647.4324,0.5335423,67937.37,8.350682,0,,,,,645.8075163549555,0.00013326676,888.9293910266805,0.00016943121,-0.03256673,0.0426657
0.99989533,0.00012297578,0,0.0028465476,645.8071675272249,888.9296626836299,2462,61468.133,7.5541205,1646.759,0.5332423,67929.78,8.354592,0,,,,,645.8071675272249,0.00013329565,888.9296626836299,0.0001694368,-0.032807402,0.042526856
0.9999892,0.00012297128,0,0.00284729,645.8075420420131,888.9290359402837,2463,61478.406,7.556961,1647.4713,0.5331494,67936.16,8.354286,0,,,,,645.8075420420131,0.0001332688,888.9290359402837,0.0001693988,-0.032664385,0.04200792
1.0005331,0.00012300535,0,0.002848032,645.8088476298046,888.9287024511335,2464,61508.715,7.558184,1646.3091,0.5330011,67973.11,8.356601,0,,,,,645.8088476298046,0.00013345468,888.9287024511335,0.00016976427,-0.03219502,0.04246691
0.9999455,0.000122923,0,0.0028487735,645.8073730503004,888.9299647891447,2465,61458.883,7.5537047,1646.4558,0.5331078,67933.19,8.3510065,0,,,,,645.8073730503004,0.00013328968,888.9299647891447,0.00016948138,-0.032804646,0.04324575
1.0003752,0.00012288989,0,0.002849515,645.8075480276569,888.9297168117314,2466,61489.613,7.554801,1646.1316,0.5329031,67962.375,8.348757,0,,,,,645.8075480276569,0.00013323639,888.9297168117314,0.00016939036,-0.032646533,0.042958114
1.000057,0.00012293793,0,0.0028502562,645.8070277401273,888.9301165149104,2467,61462.637,7.553848,1645.2761,0.5336214,67940.766,8.35202,0,,,,,645.8070277401273,0.0001332803,888.9301165149104,0.0001694843,-0.033375733,0.04357679
0.9997123,0.00012296932,8192,0.0028509973,645.8071459383407,888.9296686431549,2468,61455.74,7.5535173,1645.5072,0.5330885,67917.34,8.354153,8192,,,,,645.8071459383407,0.00013330582,888.9296686431549,0.00016946856,-0.032894477,0.042676654
0.9999266,0.00012297343,0,0.0028517381,645.8071076892747,888.929507193695,2469,61466.26,7.553943,1645.1472,0.53308326,67931.91,8.354433,0,,,,,645.8071076892747,0.00013329079,888.929507193695,0.00016946775,-0.03329725,0.04292412
1.0001982,0.00012298644,0,0.0028524785,645.8071805467904,888.9296363516281,2470,61486.305,7.5547323,1645.7823,0.53301126,67950.36,8.355316,0,,,,,645.8071805467904,0.0001332469,888.9296363516281,0.00016939452,-0.032945342,0.042890064
0.99990606,0.00012294058,0,0.002853219,645.8071323121671,888.930702194195,2471,61456.1,7.553667,1647.2289,0.53363144,67930.51,8.3522005,0,,,,,645.8071323121671,0.00013332351,888.930702194195,0.00016953424,-0.033305515,0.04380016
0.9999854,0.00012295869,0,0.002853959,645.8070438670362,888.9303748816961,2472,61460.625,7.553777,1645.7445,0.53337157,67935.9,8.353432,0,,,,,645.8070438670362,0.00013328284,888.9303748816961,0.00016950627,-0.03320178,0.043982517
1.0000141,0.00012295086,0,0.0028546988,645.807279640445,888.9305340733084,2473,61461.316,7.5536895,1646.4158,0.53298044,67937.84,8.3529,0,,,,,645.807279640445,0.00013328796,888.9305340733084,0.00016948806,-0.03321558,0.043994237
1.0000863,0.00012295143,0,0.0028554385,645.8068155704152,888.9303004876936,2474,61471.332,7.5542645,1645.7062,0.53364265,67942.76,8.352938,0,,,,,645.8068155704152,0.00013327932,888.9303004876936,0.00016944797,-0.033372536,0.043449722
1.0000131,0.00012297339,0,0.002856178,645.8068910459335,888.9297807746843,2475,61472.527,7.5542154,1645.6013,0.53289753,67937.78,8.354429,0,,,,,645.8068910459335,0.00013327376,888.9297807746843,0.00016945777,-0.033150572,0.043036643
1.000062,0.00012294685,0,0.002856917,645.8066410863407,888.9305460773659,2476,61469.508,7.554177,1647.5251,0.5329894,67941.1,8.352627,0,,,,,645.8066410863407,0.00013329799,888.9305460773659,0.00016950227,-0.033681042,0.043736756
1.0000288,0.00012293174,0,0.002857656,645.8069697011128,888.9306808427532,2477,61465.902,7.553998,1647.4197,0.5332622,67938.85,8.351601,0,,,,,645.8069697011128,0.00013328767,888.9306808427532,0.00016949163,-0.03317052,0.04400858
1.0000045,0.0001228765,0,0.0028583948,645.8071898326019,888.930841392736,2478,61453.383,7.553489,1644.1489,0.5328765,67937.195,8.347848,0,,,,,645.8071898326019,0.00013330378,888.930841392736,0.00016953655,-0.033379696,0.04450267
0.9999946,0.00012288465,0,0.002859133,645.807003852371,888.9310457728584,2479,61457.855,7.5536075,1644.738,0.53349876,67936.52,8.348401,0,,,,,645.807003852371,0.00013329709,888.9310457728584,0.00016951737,-0.033524554,0.04455548
1.0000595,0.0001228948,0,0.0028598714,645.8068084082014,888.9306561768421,2480,61458.594,7.553712,1645.9735,0.53340936,67940.93,8.349091,0,,,,,645.8068084082014,0.00013330604,888.9306561768421,0.00016949682,-0.033630036,0.044479523
0.99982923,0.00012295823,0,0.0028606094,645.8073466289263,888.9301992910905,2481,61458.234,7.553689,1644.3563,0.5333283,67925.29,8.353399,0,,,,,645.8073466289263,0.00013329257,888.9301992910905,0.00016948686,-0.033025686,0.04346957
1.0003054,0.00012293344,0,0.002861347,645.8070301975205,888.929992559184,2482,61485.617,7.5547543,1644.5934,0.5325783,67957.64,8.351716,0,,,,,645.8070301975205,0.00013324236,888.929992559184,0.00016942284,-0.033276238,0.04378105
1.0004541,0.00012295539,128,0.0028620847,645.8066132301348,888.9308990531878,2483,61487.85,7.555299,1646.0012,0.53324544,67967.74,8.353207,128,,,,,645.8066132301348,0.00013325921,888.9308990531878,0.00016947066,-0.033694774,0.044447858
1.0000178,0.00012292057,0,0.0028628218,645.806769367213,888.9312119135818,2484,61459.64,7.55355,1643.6849,0.53323114,67938.09,8.3508415,0,,,,,645.806769367213,0.00013327716,888.9312119135818,0.00016950746,-0.033814568,0.04465851
1.000065,0.00012289354,0,0.002863559,645.8064465700674,888.9311462428828,2485,61455.258,7.553591,1645.1873,0.5333829,67941.305,8.349005,0,,,,,645.8064465700674,0.00013331426,888.9311462428828,0.00016954052,-0.03403326,0.04496485
0.9999307,0.0001229454,0,0.0028642958,645.8067277572407,888.9309707239079,2486,61452.465,7.553516,1646.5463,0.53294915,67932.18,8.352529,0,,,,,645.8067277572407,0.0001333137,888.9309707239079,0.00016955961,-0.0337327,0.044747714
0.99978393,0.00012295178,8192,0.0028650323,645.8066008136775,888.9314644194795,2487,61445.59,7.5531125,1643.8652,0.5334503,67922.21,8.352962,8192,,,,,645.8066008136775,0.00013329722,888.9314644194795,0.00016953495,-0.033833805,0.04482763
1.0001427,0.00012297893,0,0.0028657687,645.8067765773926,888.9307555776728,2488,61477.676,7.5545096,1645.2406,0.5334388,67946.586,8.354806,0,,,,,645.8067765773926,0.00013326686,888.9307555776728,0.00016947405,-0.03345202,0.044193596
1.0001708,0.00012296374,0,0.002866505,645.8064340478539,888.9315328402137,2489,61469.062,7.554099,1644.1559,0.5337531,67948.5,8.353774,0,,,,,645.8064340478539,0.00013329026,888.9315328402137,0.0001695177,-0.03391971,0.045106363
0.99987143,0.00012286869,0,0.0028672407,645.8063428218027,888.9317912487073,2490,61446.31,7.5533004,1644.9983,0.533361,67928.16,8.347317,0,,,,,645.8063428218027,0.0001333232,888.9317912487073,0.00016956823,-0.033935513,0.04551816
1.0000316,0.00012289143,0,0.0028679764,645.8059419210034,888.9320234293814,2491,61449.88,7.5532875,1645.8264,0.53282183,67939.04,8.348862,0,,,,,645.8059419210034,0.00013332284,888.9320234293814,0.00016959432,-0.034825593,0.046077594
0.999902,0.00012290194,0,0.0028687117,645.8057277014962,888.9321839712251,2492,61441.543,7.5529337,1645.7222,0.532937,67930.234,8.349576,0,,,,,645.8057277014962,0.00013332682,888.9321839712251,0.00016960992,-0.034837194,0.046219207
1.0000402,0.00012298384,0,0.002869447,645.8052236975219,888.9318549346324,2493,61455.684,7.5535817,1644.4736,0.5333348,67939.62,8.35514,0,,,,,645.8052236975219,0.00013332625,888.9318549346324,0.00016957666,-0.035234794,0.04584759
1.0003029,0.00012297547,0,0.002870182,645.8046464291045,888.93186158868,2494,61474.76,7.5543065,1645.9291,0.53348583,67957.47,8.354571,0,,,,,645.8046464291045,0.00013328671,888.93186158868,0.0001695133,-0.03570325,0.045904364
1.0001541,0.00012298787,0,0.0028709166,645.8051417362223,888.9319675726191,2495,61468.812,7.5541263,1645.4587,0.53297985,67947.36,8.355413,0,,,,,645.8051417362223,0.00013329425,888.9319675726191,0.00016953344,-0.03524583,0.045652065
1.0000197,0.00012288753,0,0.0028716512,645.8049985915919,888.9324322477864,2496,61444.09,7.553141,1646.4215,0.5332166,67938.23,8.348597,0,,,,,645.8049985915919,0.0001333581,888.9324322477864,0.00016964485,-0.035833634,0.047050122
1.0002147,0.0001229281,8192,0.0028723853,645.8047398555991,888.9326030617603,2497,61458.957,7.5537696,1642.8346,0.5333208,67951.48,8.351353,8192,,,,,645.8047398555991,0.00013332674,888.9326030617603,0.00016959093,-0.03595623,0.046767373
1.0001028,0.00012290892,0,0.0028731194,645.804546009672,888.9327687511988,2498,61443.32,7.552926,1645.0441,0.5335033,67943.875,8.35005,0,,,,,645.804546009672,0.00013333364,888.9327687511988,0.00016962345,-0.03641319,0.04732323
1.0001082,0.00012297067,0,0.0028738533,645.804452719445,888.932452414596,2499,61452.07,7.5534754,1643.2279,0.5335179,67944.24,8.354245,0,,,,,645.804452719445,0.00013333082,888.932452414596,0.00016962676,-0.036146346,0.04671564
1.0000993,0.00012296658,0,0.0028745867,645.8044107865207,888.932413018999,2500,61456.113,7.553619,1643.8232,0.5332047,67943.63,8.353967,0,,,,,645.8044107865207,0.00013333748,888.932413018999,0.0001695814,-0.036246218,0.046329595
1.0000099,0.00012297338,0,0.0028753201,645.8047293302135,888.9319330366031,2501,61459.83,7.553672,1643.6111,0.53291506,67937.56,8.354428,0,,,,,645.8047293302135,0.00013331909,888.9319330366031,0.00016956577,-0.035827857,0.04610925
0.999924,0.00012296345,0,0.002876053,645.8045681943292,888.9325121472042,2502,61446.473,7.553121,1643.0697,0.5330772,67931.73,8.353754,0,,,,,645.8045681943292,0.00013335048,888.9325121472042,0.00016961977,-0.036187273,0.046777748
1.0000654,0.00012296216,0,0.002876786,645.804153284416,888.932477165694,2503,61447.016,7.5531344,1643.9585,0.53274727,67941.336,8.353666,0,,,,,645.804153284416,0.00013333958,888.932477165694,0.00016961544,-0.036489993,0.047152407
1.0000728,0.00012294158,0,0.0028775185,645.8052018728184,888.9328279818706,2504,61449.83,7.553257,1644.0918,0.5332485,67941.836,8.352268,0,,,,,645.8052018728184,0.00013333798,888.9328279818706,0.00016963283,-0.035895165,0.04715235
1.0001469,0.0001229147,0,0.002878251,645.8048046261916,888.9327832380429,2505,61445.586,7.553169,1644.2294,0.53283644,67946.87,8.350443,0,,,,,645.8048046261916,0.00013333117,888.9327832380429,0.00016963256,-0.03585844,0.04768879
1.0000722,0.00012292195,0,0.002878983,645.805374601811,888.9325059695216,2506,61453.77,7.553425,1643.9286,0.53288597,67941.8,8.350935,0,,,,,645.805374601811,0.00013330845,888.9325059695216,0.00016961146,-0.03515209,0.046697017
1.0000523,0.00012292851,0,0.002879715,645.8055888201499,888.932435836976,2507,61451.84,7.5534043,1645.9778,0.5331001,67940.445,8.351381,0,,,,,645.8055888201499,0.00013332775,888.932435836976,0.00016960008,-0.034868963,0.04650235
1.0001414,0.00012294749,0,0.0028804466,645.8058305178691,888.9321836896942,2508,61464.266,7.5539937,1644.8416,0.53368056,67946.49,8.35267,0,,,,,645.8058305178691,0.00013328982,888.9321836896942,0.00016954915,-0.03452489,0.04600488
1.0002584,0.00012285089,0,0.0028811782,645.805926700544,888.9329876351768,2509,61456.457,7.5536294,1644.1409,0.5328306,67954.445,8.3461075,0,,,,,645.805926700544,0.00013330347,888.9329876351768,0.00016961149,-0.034759473,0.04739948
1.0004535,0.00012293605,0,0.0028819093,645.805719579841,888.9325872224996,2510,61470.855,7.554096,1643.1272,0.5339655,67967.695,8.351893,0,,,,,645.805719579841,0.00013326861,888.9325872224996,0.0001695684,-0.03499749,0.04688599
1.0000795,0.00012282953,0,0.0028826403,645.8054093605655,888.9330253331404,2511,61443.562,7.553,1642.8948,0.5329967,67942.29,8.344656,0,,,,,645.8054093605655,0.00013331365,888.9330253331404,0.0001696201,-0.03507262,0.047370367
1.0003271,0.00012286974,0,0.002883371,645.8054034942232,888.9332758946852,2512,61456.62,7.5537877,1644.494,0.53389204,67959.12,8.347388,0,,,,,645.8054034942232,0.00013332402,888.9332758946852,0.00016962516,-0.035313345,0.047580775
1.0002459,0.00012292476,0,0.0028841016,645.8058520300311,888.9323331838291,2513,61465.203,7.553999,1643.1117,0.53348136,67953.6,8.351126,0,,,,,645.8058520300311,0.00013327188,888.9323331838291,0.00016956439,-0.03473215,0.04670714
1.0000794,0.00012294593,0,0.0028848317,645.8056738774826,888.9324346369402,2514,61452.63,7.5534616,1643.009,0.5330957,67942.28,8.352564,0,,,,,645.8056738774826,0.00013330951,888.9324346369402,0.000169614,-0.034865893,0.046791315
0.9999801,0.0001229426,0,0.002885562,645.8053322662001,888.9327698147679,2515,61448.887,7.5532722,1641.3185,0.53331345,67935.54,8.352338,0,,,,,645.8053322662001,0.00013332066,888.9327698147679,0.00016961948,-0.03515896,0.046751928
1.0002252,0.00012283522,8192,0.0028862916,645.8056195942902,888.9333074177254,2516,61450.3,7.5533586,1643.4576,0.533386,67952.19,8.345043,8192,,,,,645.8056195942902,0.00013331597,888.9333074177254,0.00016963834,-0.035134893,0.04781948
1.0000322,0.00012285283,0,0.002887021,645.8059281558061,888.9330190249265,2517,61441.98,7.553012,1644.3273,0.5331286,67939.08,8.346239,0,,,,,645.8059281558061,0.00013332212,888.9330190249265,0.00016964803,-0.034927495,0.047482315
1.0002326,0.00012284786,0,0.0028877505,645.8052563521891,888.9333940207605,2518,61447.348,7.5532136,1644.2495,0.5335616,67952.69,8.3459015,0,,,,,645.8052563521891,0.00013331449,888.9333940207605,0.00016964556,-0.035627976,0.04819145
1.0002748,0.0001228964,0,0.0028884795,645.805639713089,888.9330610683451,2519,61455.92,7.5535793,1643.7428,0.5332746,67955.555,8.349199,0,,,,,645.805639713089,0.00013329992,888.9330610683451,0.00016959713,-0.035214283,0.047545128
1.0001198,0.00012294906,0,0.0028892085,645.8050288780058,888.9327728622754,2520,61453.13,7.553448,1642.7605,0.5332968,67945.03,8.352777,0,,,,,645.8050288780058,0.00013332395,888.9327728622754,0.00016961619,-0.03543748,0.04725685
1.0001872,0.00012289992,0,0.002889937,645.8054475059873,888.9328918423672,2521,61459.457,7.5537667,1644.3226,0.53310144,67949.61,8.349439,0,,,,,645.8054475059873,0.0001332943,888.9328918423672,0.00016960419,-0.035123874,0.047220543
1.0001029,0.00012286531,0,0.0028906653,645.8053295070033,888.9333043893134,2522,61448.695,7.553294,1642.9692,0.5331457,67943.88,8.347087,0,,,,,645.8053295070033,0.00013332164,888.9333043893134,0.0001696354,-0.03530564,0.04760283
1.0003705,0.00012287877,0,0.0028913934,645.8050391834715,888.9334286916613,2523,61456.023,7.5535107,1641.203,0.5335062,67962.06,8.3480015,0,,,,,645.8050391834715,0.00013329345,888.9334286916613,0.00016962895,-0.03566056,0.048232887
1.0001848,0.00012286613,0,0.0028921214,645.8051030373379,888.9332793381808,2524,61449.918,7.5532413,1642.5789,0.53318036,67949.445,8.347142,0,,,,,645.8051030373379,0.00013331567,888.9332793381808,0.00016963822,-0.035504058,0.04786626
1.0001901,0.00012290293,0,0.002892849,645.80513581991,888.9333551424985,2525,61439.043,7.5528555,1642.3494,0.5331906,67949.805,8.349643,0,,,,,645.80513581991,0.00013332117,888.9333551424985,0.00016966558,-0.035732225,0.04845196
0.99992824,0.0001228598,0,0.0028935764,645.8050927900541,888.9333461238616,2526,61433.566,7.552573,1643.3743,0.5328424,67932.016,8.346713,0,,,,,645.8050927900541,0.00013334682,888.9333461238616,0.00016967936,-0.03556706,0.047900196
1.0001861,0.00012292093,0,0.0028943038,645.8045971652449,888.9333641533759,2527,61450.996,7.553365,1643.4269,0.53339565,67949.53,8.350865,0,,,,,645.8045971652449,0.00013331587,888.9333641533759,0.00016964627,-0.035938155,0.048023257
0.9997945,0.0001229447,0,0.0028950307,645.8049287234419,888.9330507427006,2528,61433.395,7.552695,1642.3268,0.5331333,67922.93,8.35248,0,,,,,645.8049287234419,0.00013335615,888.9330507427006,0.00016969218,-0.03555598,0.047492906
0.9999634,0.00012290593,0,0.0028957573,645.8046827833618,888.9337012417408,2529,61432.355,7.552568,1643.9203,0.5329778,67934.41,8.349847,0,,,,,645.8046827833618,0.00013334899,888.9337012417408,0.00016969313,-0.035960533,0.04851595
1.0003806,0.00012287189,128,0.0028964838,645.804611756527,888.9337179068083,2530,61455.08,7.55379,1643.3751,0.53318495,67962.75,8.347534,128,,,,,645.804611756527,0.00013332967,888.9337179068083,0.00016965976,-0.036103774,0.048852358
1.0002003,0.00012285756,0,0.00289721,645.8047076257047,888.9336325837111,2531,61443.805,7.552928,1641.9513,0.53347766,67950.5,8.3465605,0,,,,,645.8047076257047,0.00013331772,888.9336325837111,0.00016967174,-0.036051005,0.04873643
1.0004727,0.00012278851,0,0.002897936,645.8043202441096,888.934715532962,2532,61452.113,7.5546823,1644.1985,0.53325003,67969.0,8.341869,0,,,,,645.8043202441096,0.00013331058,888.934715532962,0.00016970122,-0.03635633,0.049790006
0.9999194,0.00012284973,0,0.002898662,645.8047532422244,888.9338336973041,2533,61431.246,7.5526814,1642.207,0.53324294,67931.414,8.346028,0,,,,,645.8047532422244,0.0001333565,888.9338336973041,0.00016971484,-0.036180202,0.04876261
0.99997836,0.0001229382,0,0.0028993874,645.8041625254652,888.9337974651222,2534,61434.043,7.553978,1643.1768,0.5329526,67935.42,8.352039,0,,,,,645.8041625254652,0.00013336692,888.9337974651222,0.00016971433,-0.036526702,0.048672177
1.0001408,0.00012292626,0,0.0029001127,645.8046807822788,888.9331695830626,2535,61453.875,7.5533843,1642.0695,0.53286666,67946.45,8.351228,0,,,,,645.8046807822788,0.00013330393,888.9331695830626,0.00016964437,-0.035778344,0.047823
1.00018,0.00012293748,0,0.0029008377,645.8041648766942,888.9342630749701,2536,61440.36,7.5542226,1643.3195,0.5331005,67949.12,8.35199,0,,,,,645.8041648766942,0.00013335746,888.9342630749701,0.00016971865,-0.036638636,0.049148835
1.0001125,0.00012294705,0,0.0029015625,645.8041853296257,888.9343291849897,2537,61437.85,7.5540843,1642.7423,0.53301615,67944.54,8.35264,0,,,,,645.8041853296257,0.00013336544,888.9343291849897,0.00016970097,-0.036501735,0.048894145
0.9999937,0.00012293816,0,0.002902287,645.8041925615431,888.9341247562726,2538,61425.926,7.5537834,1644.6545,0.5329349,67936.46,8.352036,0,,,,,645.8041925615431,0.00013339384,888.9341247562726,0.00016974384,-0.03677054,0.04915727
1.0000741,0.00012292447,0,0.0029030114,645.8041280856658,888.9344152955376,2539,61429.723,7.553851,1641.5049,0.5331624,67941.93,8.351106,0,,,,,645.8041280856658,0.0001333636,888.9344152955376,0.00016974269,-0.0367923,0.049404033
0.9999892,0.00012290671,0,0.0029037355,645.8041216037224,888.9342157431827,2540,61428.63,7.553758,1643.3342,0.53330886,67936.16,8.3499,0,,,,,645.8041216037224,0.00013336507,888.9342157431827,0.00016972926,-0.036866568,0.04934979
1.0000417,0.00012294235,0,0.0029044594,645.8038887362922,888.9345104310119,2541,61434.273,7.5539756,1643.5262,0.53348446,67939.73,8.352321,0,,,,,645.8038887362922,0.00013337182,888.9345104310119,0.00016974636,-0.03681164,0.049144525
0.9999162,0.00012292789,0,0.002905183,645.8042285434715,888.9337197732294,2542,61436.242,7.5527616,1644.0345,0.5332498,67931.195,8.351338,0,,,,,645.8042285434715,0.0001333571,888.9337197732294,0.00016967572,-0.036548387,0.0484187
1.0001497,0.00012294992,0,0.0029059064,645.8039128885042,888.9343414950314,2543,61436.082,7.553941,1640.7555,0.532991,67947.06,8.352835,0,,,,,645.8039128885042,0.00013335873,888.9343414950314,0.00016972181,-0.036997925,0.049416866
1.0002071,0.00012297298,0,0.0029066296,645.8035179129303,888.934343342131,2544,61442.32,7.554453,1642.4067,0.53325963,67950.96,8.354403,0,,,,,645.8035179129303,0.00013335567,888.934343342131,0.0001697101,-0.036981963,0.049104664
1.000051,0.0001229652,0,0.0029073525,645.803578900243,888.934176028725,2545,61426.598,7.55368,1641.8939,0.5334037,67940.36,8.353873,0,,,,,645.803578900243,0.0001333777,888.934176028725,0.0001697542,-0.037371993,0.04951225
0.99999976,0.00012293356,0,0.0029080752,645.8038606752649,888.9345671762185,2546,61425.066,7.5537786,1641.9584,0.53350264,67936.875,8.351724,0,,,,,645.8038606752649,0.00013337328,888.9345671762185,0.00016976312,-0.03696307,0.049584392
0.9999342,0.00012290715,0,0.0029087975,645.8039850000451,888.9347177384639,2547,61417.16,7.553343,1644.053,0.53338116,67932.42,8.34993,0,,,,,645.8039850000451,0.00013338366,888.9347177384639,0.00016977018,-0.037082367,0.049783297
1.0000111,0.0001229533,0,0.0029095197,645.8038524701757,888.9343291872407,2548,61430.184,7.553745,1641.1758,0.5334056,67937.64,8.353065,0,,,,,645.8038524701757,0.00013337297,888.9343291872407,0.00016971564,-0.03699626,0.04931062
1.0002321,0.00012295242,0,0.0029102417,645.8040028187986,888.9338438531399,2549,61452.79,7.554606,1640.1597,0.53277326,67952.66,8.353005,0,,,,,645.8040028187986,0.0001333298,888.9338438531399,0.00016966094,-0.03658072,0.048733495
1.0001191,0.00012291875,0,0.0029109635,645.8036925072379,888.9346125617184,2550,61434.88,7.5541162,1642.1555,0.5332182,67944.984,8.350718,0,,,,,645.8036925072379,0.00013335858,888.9346125617184,0.00016974915,-0.03719527,0.049872313
1.0001442,0.00012293301,0,0.0029116848,645.8036130934377,888.9341987327931,2551,61436.69,7.554169,1643.047,0.5332914,67946.69,8.3516865,0,,,,,645.8036130934377,0.00013335576,888.9341987327931,0.00016974071,-0.037101366,0.049656555
0.99999595,0.00012293176,0,0.002912406,645.8031655422513,888.9348308938598,2552,61418.58,7.553386,1642.472,0.5332827,67936.62,8.351602,0,,,,,645.8031655422513,0.00013337842,888.9348308938598,0.00016977044,-0.03772939,0.05041573
1.0001341,0.00012291524,0,0.0029131272,645.8036171336513,888.9346853975326,2553,61431.453,7.5537643,1642.1395,0.5333878,67946.0,8.350479,0,,,,,645.8036171336513,0.0001333632,888.9346853975326,0.00016975649,-0.0374096,0.05007559
1.0003395,0.00012294603,0,0.002913848,645.8032547281077,888.9350841948499,2554,61437.832,7.554076,1642.4264,0.5331654,67959.95,8.3525715,0,,,,,645.8032547281077,0.00013334933,888.9350841948499,0.00016971567,-0.037699044,0.05027927
1.0002661,0.00012282832,0,0.0029145684,645.8034292875935,888.9349790337395,2555,61434.645,7.554016,1639.0057,0.5330889,67954.97,8.344574,0,,,,,645.8034292875935,0.00013336321,888.9349790337395,0.00016976714,-0.037597023,0.050593946
0.9999079,0.00012297905,0,0.0029152888,645.8024921979936,888.9348959928476,2556,61422.438,7.5534687,1641.3151,0.5332154,67930.63,8.354815,0,,,,,645.8024921979936,0.00013339825,888.9348959928476,0.0001697662,-0.037996717,0.049994107
1.0000764,0.00012294496,0,0.0029160087,645.8031231659843,888.9344898666787,2557,61434.367,7.5539436,1641.8832,0.53288084,67942.08,8.352498,0,,,,,645.8031231659843,0.00013335572,888.9344898666787,0.00016972436,-0.037547745,0.049719892
0.999988,0.00012293957,0,0.0029167286,645.8033147528162,888.9345699519739,2558,61426.453,7.5537605,1640.593,0.53346986,67936.08,8.352132,0,,,,,645.8033147528162,0.00013338783,888.9345699519739,0.00016976947,-0.03750349,0.049841855
1.0000564,0.00012293973,0,0.0029174483,645.8030032944644,888.9353074496923,2559,61420.43,7.5540905,1655.9307,0.53404063,67940.72,8.352143,0,,,,,645.8030032944644,0.0001334296,888.9353074496923,0.00016983638,-0.038275905,0.050770905
0.9998298,0.00012289765,0,0.0029188867,645.8031245713167,888.9350929114398,2561,61400.496,7.552612,1643.657,0.5330509,67925.33,8.349284,0,,,,,645.8031245713167,0.0001334174,888.9350929114398,0.00016984627,-0.037925057,0.05100122
0.9998895,0.00012292218,0,0.0029196055,645.8029274549406,888.9349441590662,2562,61415.52,7.553217,1641.2811,0.5330765,67929.38,8.350951,0,,,,,645.8029274549406,0.00013339377,888.9349441590662,0.00016977052,-0.037774164,0.05027905
1.0000961,0.00012296237,0,0.002920324,645.8028751138977,888.9347562682752,2563,61431.387,7.553864,1641.0509,0.5332337,67943.42,8.353682,0,,,,,645.8028751138977,0.00013337607,888.9347562682752,0.00016976272,-0.038060263,0.05010084
0.99997675,0.0001229303,0,0.0029210425,645.8030527154493,888.9345329882565,2564,61428.984,7.553723,1640.3743,0.53354555,67935.31,8.351502,0,,,,,645.8030527154493,0.0001333771,888.9345329882565,0.00016975372,-0.03752701,0.049801696
0.9997836,0.00012295376,0,0.0029217605,645.8032186114636,888.9344090827299,2565,61412.164,7.553041,1641.1705,0.5338189,67922.19,8.353096,0,,,,,645.8032186114636,0.00013346605,888.9344090827299,0.0001698441,-0.03789792,0.05012477
0.99993914,0.00012292688,0,0.0029224786,645.8026312132421,888.9350977132228,2566,61410.477,7.552891,1639.8495,0.53305995,67932.76,8.35127,0,,,,,645.8026312132421,0.00013341132,888.9350977132228,0.00016982168,-0.038306426,0.05082536
1.0002003,0.00012293867,8192,0.0029231962,645.8028308316143,888.9352742688587,2567,61433.406,7.5539136,1640.2183,0.53367627,67950.5,8.352071,8192,,,,,645.8028308316143,0.00013335697,888.9352742688587,0.00016975177,-0.038021043,0.050822116
0.99975586,0.00012289459,0,0.0029239135,645.8029248941087,888.9358352195114,2568,61398.727,7.552406,1639.6635,0.5333097,67920.305,8.349076,0,,,,,645.8029248941087,0.000133427,888.9358352195114,0.00016984761,-0.038171187,0.05129042
1.0000681,0.00012292381,0,0.0029246307,645.8027337848077,888.9348965640377,2569,61428.9,7.5537443,1642.1987,0.5334862,67941.516,8.351062,0,,,,,645.8027337848077,0.00013337797,888.9348965640377,0.00016975218,-0.038101025,0.05015187
0.99993926,0.00012289721,0,0.0029253478,645.8021670122212,888.9352906494269,2570,61415.074,7.5532775,1640.4375,0.53331906,67932.766,8.349255,0,,,,,645.8021670122212,0.00013340283,888.9352906494269,0.00016979853,-0.038427323,0.050533466
1.0000956,0.00012293892,0,0.0029260644,645.8026730259082,888.9351595554172,2571,61435.387,7.554,1641.4327,0.53275204,67943.38,8.352088,0,,,,,645.8026730259082,0.00013336474,888.9351595554172,0.0001697614,-0.038058568,0.050514415
0.9999764,0.00012293855,0,0.0029267808,645.8027350934553,888.9357598339312,2572,61419.758,7.5533314,1640.5459,0.53293353,67935.29,8.352063,0,,,,,645.8027350934553,0.00013339426,888.9357598339312,0.0001698289,-0.038209647,0.051300645
0.999856,0.00012294251,0,0.002927497,645.8022114380854,888.9358008747981,2573,61407.016,7.552901,1641.1173,0.53326833,67927.11,8.352332,0,,,,,645.8022114380854,0.00013341231,888.9358008747981,0.00016984194,-0.03886521,0.051651865
0.99995226,0.00012292988,0,0.002928213,645.8018734152313,888.9355875818907,2574,61413.0,7.552968,1640.6288,0.53310716,67933.65,8.351474,0,,,,,645.8018734152313,0.00013341574,888.9355875818907,0.00016981011,-0.039334316,0.051271707
1.0001526,0.00012295795,0,0.0029289287,645.8012050503197,888.935592687853,2575,61426.105,7.5535297,1640.8992,0.53304756,67947.26,8.353381,0,,,,,645.8012050503197,0.00013339565,888.935592687853,0.00016978288,-0.039714314,0.0512484
0.9999157,0.00012293705,0,0.0029296442,645.8016193821493,888.935415580378,2576,61421.93,7.5534883,1642.4077,0.53319836,67931.164,8.351961,0,,,,,645.8016193821493,0.00013340969,888.935415580378,0.00016979901,-0.03907846,0.05077891
0.9997309,0.00012291157,0,0.0029303594,645.8011971955913,888.9360309197054,2577,61402.92,7.5526204,1643.049,0.53312624,67918.61,8.35023,0,,,,,645.8011971955913,0.00013345129,888.9360309197054,0.00016986654,-0.040142983,0.051687714
0.9999608,0.00012286773,0,0.0029310745,645.8015008323766,888.93611142835,2578,61415.836,7.553044,1640.79,0.5335904,67934.23,8.347252,0,,,,,645.8015008323766,0.0001334057,888.93611142835,0.00016983901,-0.039798256,0.051938206
1.0000408,0.00012293493,16,0.0029317893,645.8006805640938,888.9360731105846,2579,61409.38,7.55276,1639.6642,0.5332548,67939.664,8.351817,16,,,,,645.8006805640938,0.00013342858,888.9360731105846,0.00016985662,-0.04090621,0.05244411
0.999865,0.00012286467,16,0.0029325038,645.8007816366861,888.9368401648486,2580,61398.395,7.5522904,1639.534,0.53350127,67927.72,8.347044,16,,,,,645.8007816366861,0.00013343472,888.9368401648486,0.00016988875,-0.040327273,0.053020943
0.999961,0.00012289561,8208,0.0029332181,645.800562929851,888.9364635366298,2581,61414.09,7.55304,1638.7411,0.5335927,67934.24,8.349146,8208,,,,,645.800562929851,0.00013343082,888.9364635366298,0.000169849,-0.040348552,0.052254736
0.99970055,0.00012290578,16,0.0029339322,645.8006304058629,888.9362262527071,2582,61399.71,7.552457,1639.6008,0.53331405,67916.55,8.349836,16,,,,,645.8006304058629,0.00013345781,888.9362262527071,0.00016988571,-0.04050646,0.052251887
0.9999149,0.00012289466,16,0.0029346459,645.8005241601384,888.9360578529776,2583,61418.586,7.5532312,1640.9365,0.5328146,67931.11,8.349081,16,,,,,645.8005241601384,0.00013343789,888.9360578529776,0.00016983428,-0.04041571,0.051572338
1.0000492,0.00012293283,16,0.0029353595,645.8005379076492,888.9367006584625,2584,61413.996,7.552982,1638.733,0.53364253,67940.234,8.351674,16,,,,,645.8005379076492,0.00013341955,888.9367006584625,0.00016985975,-0.04064852,0.05267641
1.0001574,0.00012294254,16,0.0029360729,645.8009401597736,888.9364705695842,2585,61418.195,7.5531173,1640.4287,0.53321946,67947.58,8.352334,16,,,,,645.8009401597736,0.00013340899,888.9364705695842,0.00016986541,-0.04052653,0.052663375
0.99992836,0.00012293116,16,0.002936786,645.8010469339847,888.9364698209951,2586,61392.047,7.552094,1641.0394,0.5334061,67932.02,8.351561,16,,,,,645.8010469339847,0.00013344415,888.9364698209951,0.00016991935,-0.040519856,0.053042557
0.9997654,0.00012289712,16,0.0029374987,645.8007809638058,888.9362033572895,2587,61399.883,7.552475,1640.163,0.5335611,67920.95,8.349249,16,,,,,645.8007809638058,0.00013344634,888.9362033572895,0.0001698673,-0.04026612,0.052061893
1.000036,0.00012292844,16,0.0029382114,645.800681390684,888.9361165921576,2588,61419.734,7.5532546,1640.2692,0.5336945,67939.336,8.351376,16,,,,,645.800681390684,0.00013341551,888.9361165921576,0.00016981461,-0.04029902,0.05224913
0.9998889,0.00012293276,16,0.002938924,645.8012647322184,888.9356993710923,2589,61417.383,7.553197,1640.5695,0.5331965,67929.34,8.351669,16,,,,,645.8012647322184,0.00013341906,888.9356993710923,0.00016981852,-0.04005708,0.051659066
0.9997477,0.00012291939,16,0.002939636,645.8010192542139,888.9364654931118,2590,61398.453,7.552471,1638.4607,0.5334938,67919.75,8.350761,16,,,,,645.8010192542139,0.00013344006,888.9364654931118,0.00016986844,-0.03985762,0.052218724
0.9997805,0.00012290508,16,0.002940348,645.8007987975305,888.9367438112162,2591,61375.41,7.551484,1639.578,0.53323764,67921.98,8.34979,16,,,,,645.8007987975305,0.00013347065,888.9367438112162,0.00016992973,-0.04005185,0.052865036
0.9999974,0.0001228018,144,0.0029410594,645.8002055545467,888.9361886797166,2592,61368.566,7.5517764,1638.8068,0.53343153,67936.71,8.3427725,144,,,,,645.8002055545467,0.00013350388,888.9361886797166,0.00016994006,-0.04073421,0.052302543
0.99981415,0.00012290136,16,0.0029417707,645.800465027514,888.9363163192806,2593,61385.207,7.5518756,1640.88,0.5329983,67924.266,8.349536,16,,,,,645.800465027514,0.00013347165,888.9363163192806,0.00016991471,-0.040851876,0.05261257
0.99988854,0.00012292674,0,0.002942482,645.8007008319723,888.9358951962118,2594,61410.484,7.5528917,1641.5679,0.5330755,67929.32,8.35126,0,,,,,645.8007008319723,0.00013344646,888.9358951962118,0.00016984965,-0.040442746,0.05171757
0.99987394,0.00012291358,0,0.0029431928,645.800274429117,888.9359099899477,2595,61408.473,7.552712,1639.8586,0.53345734,67928.33,8.350367,0,,,,,645.800274429117,0.0001334311,888.9359099899477,0.00016984268,-0.04102494,0.052112926
0.9998926,0.00012291837,0,0.0029439034,645.8001851603598,888.9362815208336,2596,61406.176,7.552665,1641.2266,0.5334467,67929.59,8.350692,0,,,,,645.8001851603598,0.00013343072,888.9362815208336,0.00016984747,-0.040897656,0.05227176
0.99991894,0.00012292872,0,0.002944614,645.8002955726269,888.9366657400054,2597,61396.395,7.552167,1639.4225,0.5327409,67931.38,8.351395,0,,,,,645.8002955726269,0.00013344373,888.9366657400054,0.00016989638,-0.04096997,0.05304899
0.9999955,0.00012290377,8192,0.0029453242,645.7999181586648,888.936800372839,2598,61396.547,7.552266,1639.5604,0.53334147,67936.586,8.3497,8192,,,,,645.7999181586648,0.0001334532,888.936800372839,0.00016991771,-0.041267302,0.053311665
0.99991375,0.00012290757,0,0.002946034,645.8006324636054,888.9367297374887,2599,61399.062,7.552305,1639.0402,0.5333386,67931.03,8.349958,0,,,,,645.8006324636054,0.000133443,888.9367297374887,0.00016988239,-0.041094456,0.052831512
0.99999446,0.00012284766,128,0.0029467437,645.8000062696435,888.9362315525142,2600,61403.84,7.5527205,1640.1432,0.5332658,67936.516,8.345888,128,,,,,645.8000062696435,0.0001334358,888.9362315525142,0.00016988149,-0.041158866,0.05263576
0.99998033,0.00012284283,0,0.0029474532,645.8002822205682,888.9360755741218,2601,61414.152,7.552986,1639.9845,0.5336155,67935.555,8.34556,0,,,,,645.8002822205682,0.00013341718,888.9360755741218,0.00016983536,-0.04074373,0.052054267
0.9998729,0.0001228674,0,0.0029481626,645.7999617090413,888.9367565167739,2602,61395.492,7.5521955,1638.6409,0.5332148,67928.26,8.347229,0,,,,,645.7999617090413,0.00013345925,888.9367565167739,0.00016989623,-0.041335706,0.05291789
0.99982405,0.00012290484,0,0.0029488713,645.8002083787565,888.9367652240736,2603,61389.56,7.551875,1638.2444,0.53329784,67924.94,8.349772,0,,,,,645.8002083787565,0.00013344735,888.9367652240736,0.00016990185,-0.04108282,0.05305534
1.0001336,0.00012291707,0,0.00294958,645.7998229886603,888.9371168510119,2604,61399.58,7.552324,1638.7953,0.5329816,67945.97,8.350604,0,,,,,645.7998229886603,0.00013345803,888.9371168510119,0.0001698994,-0.041720264,0.05394208
0.99999136,0.0001228918,0,0.0029502886,645.7996325220804,888.9369302033848,2605,61395.79,7.552134,1638.2428,0.53377575,67936.305,8.3488865,0,,,,,645.7996325220804,0.00013344384,888.9369302033848,0.00016989146,-0.041634113,0.053572632
0.99967384,0.00012287962,0,0.0029509969,645.7995573493255,888.936820197193,2606,61385.97,7.5518036,1639.8478,0.5332283,67914.734,8.348059,0,,,,,645.7995573493255,0.00013347997,888.936820197193,0.00016992299,-0.041384608,0.052988186
0.9998044,0.00012287329,0,0.002951705,645.7992892377383,888.9370280687494,2607,61391.797,7.5520463,1638.4393,0.53327215,67923.6,8.34763,0,,,,,645.7992892377383,0.00013345869,888.9370280687494,0.0001699025,-0.041542213,0.05309323
0.9998964,0.0001228545,0,0.0029524127,645.7995886010137,888.9365252861845,2608,61399.938,7.552306,1639.4497,0.5332542,67929.85,8.346353,0,,,,,645.7995886010137,0.00013345182,888.9365252861845,0.00016989252,-0.04165489,0.052771892
0.99998933,0.00012286306,0,0.0029531203,645.7990442400002,888.9374047410461,2609,61389.69,7.551919,1638.443,0.5333312,67936.164,8.346934,0,,,,,645.7990442400002,0.00013346775,888.9374047410461,0.00016991782,-0.042499807,0.054096457
0.99984384,0.00012289119,0,0.0029538274,645.7990580527378,888.9370887879621,2610,61383.566,7.551662,1639.4858,0.5332888,67926.28,8.3488455,0,,,,,645.7990580527378,0.00013347513,888.9370887879621,0.00016994558,-0.042334992,0.053845275
0.99964154,0.00012285476,0,0.0029545345,645.7984448043563,888.9378015250176,2611,61366.41,7.5509024,1638.1658,0.533298,67912.54,8.346371,0,,,,,645.7984448043563,0.00013350294,888.9378015250176,0.00016998447,-0.0428557,0.054373827
0.9996128,0.0001227567,0,0.0029552414,645.7981743279558,888.9371632711444,2612,61376.98,7.55126,1638.5309,0.53307474,67910.586,8.339708,0,,,,,645.7981743279558,0.00013349,888.9371632711444,0.00016993597,-0.042770218,0.053736255
0.9999308,0.00012278644,0,0.0029559478,645.7984701491426,888.9369832517485,2613,61398.5,7.55231,1639.974,0.5333888,67932.19,8.341729,0,,,,,645.7984701491426,0.00013346091,888.9369832517485,0.00016989767,-0.042586617,0.053451963
0.9996381,0.00012279625,0,0.0029566542,645.7987168199858,888.9369600630018,2614,61376.18,7.5514035,1637.8025,0.53342044,67912.305,8.342396,0,,,,,645.7987168199858,0.00013348185,888.9369600630018,0.00016993779,-0.042553417,0.053652115
1.0000411,0.00012283858,0,0.0029573601,645.7986279692558,888.937286223265,2615,61395.992,7.5520806,1638.7534,0.533128,67939.69,8.345271,0,,,,,645.7986279692558,0.00013346114,888.937286223265,0.00016992238,-0.042762067,0.05410149
0.9996618,0.00012276323,0,0.002958066,645.7984601739533,888.9372671198618,2616,61361.7,7.5506787,1637.9949,0.5334796,67913.914,8.340152,0,,,,,645.7984601739533,0.00013350109,888.9372671198618,0.00016998833,-0.043208096,0.05465391
0.99998724,0.00012274926,0,0.0029587715,645.7982782093902,888.9375585094432,2617,61388.535,7.5518765,1637.7838,0.5336076,67936.02,8.339203,0,,,,,645.7982782093902,0.00013346937,888.9375585094432,0.0001699153,-0.043110065,0.05420253
0.99993885,0.00012272233,0,0.002959477,645.7978397978532,888.9374632344964,2618,61385.92,7.551685,1637.7787,0.533247,67932.734,8.337373,0,,,,,645.7978397978532,0.00013348869,888.9374632344964,0.00016994076,-0.043290164,0.05425654
0.9997446,0.00012274968,0,0.002960182,645.7985835818431,888.9369259261999,2619,61383.2,7.5515428,1638.5107,0.5331606,67919.54,8.3392315,0,,,,,645.7985835818431,0.00013347261,888.9369259261999,0.00016989831,-0.042524554,0.053476416
0.99968815,0.00012270459,0,0.0029608868,645.798091782821,888.9374935596003,2620,61376.58,7.551265,1638.1584,0.5332623,67915.7,8.336168,0,,,,,645.798091782821,0.00013349518,888.9374935596003,0.00016995262,-0.043035142,0.05408162
0.99978656,0.0001227311,0,0.0029615914,645.7980492211697,888.937803694822,2621,61372.504,7.5510635,1638.9778,0.53315985,67922.39,8.33797,0,,,,,645.7980492211697,0.00013351016,888.937803694822,0.0001699729,-0.043691844,0.054828666
0.9998869,0.00012278232,0,0.002962296,645.7975338660643,888.9383603960948,2622,61378.875,7.5514016,1638.8933,0.5334172,67929.2,8.34145,0,,,,,645.7975338660643,0.00013350585,888.9383603960948,0.00016997546,-0.043836556,0.05519274
0.9996272,0.0001228171,128,0.002963,645.7977327981921,888.9387585253206,2623,61352.94,7.550578,1638.5088,0.5333026,67911.56,8.343812,128,,,,,645.7977327981921,0.00013353866,888.9387585253206,0.00017003971,-0.04379454,0.055724923
0.9997025,0.00012272003,0,0.0029637038,645.7978230918171,888.9380184938041,2624,61372.34,7.551196,1639.0995,0.5341243,67916.68,8.337217,0,,,,,645.7978230918171,0.00013351851,888.9380184938041,0.00016999178,-0.043611143,0.054827366
0.9996504,0.0001227242,0,0.0029644074,645.7973610500858,888.937733832055,2625,61367.15,7.55085,1638.5703,0.53345966,67913.14,8.337501,0,,,,,645.7973610500858,0.00013351768,888.937733832055,0.00016999038,-0.04395717,0.054748062
0.9997525,0.00012275485,0,0.0029651108,645.7976244064453,888.9374970826383,2626,61380.78,7.5514526,1637.648,0.5337578,67920.08,8.339582,0,,,,,645.7976244064453,0.00013349013,888.9374970826383,0.00016996254,-0.043494776,0.05424894
0.9997858,0.00012275156,0,0.002965814,645.7975206984275,888.9388380186616,2627,61368.8,7.5512843,1640.3876,0.53334695,67922.336,8.339359,0,,,,,645.7975206984275,0.00013357306,888.9388380186616,0.00017001833,-0.04414515,0.05551624
0.99954414,0.00012273894,16,0.002966517,645.7976358953287,888.9386932463076,2628,61351.63,7.5502853,1639.6796,0.53353614,67905.92,8.338502,16,,,,,645.7976358953287,0.00013353727,888.9386932463076,0.00017004626,-0.04375955,0.05571161
0.9996586,0.0001227242,16,0.0029672193,645.7976044286817,888.9381073551833,2629,61357.1,7.550569,1639.0631,0.5336059,67913.695,8.337501,16,,,,,645.7976044286817,0.00013352129,888.9381073551833,0.00017002587,-0.043908536,0.05542704
0.99977577,0.00012277397,16,0.0029679218,645.7974036754467,888.9387153787529,2630,61366.4,7.5507746,1639.3663,0.5332192,67921.66,8.340881,16,,,,,645.7974036754467,0.00013351828,888.9387153787529,0.0001700206,-0.04390821,0.0555512
0.9998161,0.00012276146,16,0.002968624,645.7973164198113,888.9380462793856,2631,61380.91,7.55149,1640.5862,0.5330146,67924.4,8.340032,16,,,,,645.7973164198113,0.00013349061,888.9380462793856,0.0001699338,-0.0436655,0.054728948
0.99965775,0.00012274305,16,0.002969326,645.7978746256365,888.9406165806455,2632,61366.22,7.550918,1640.509,0.5333117,67913.64,8.338781,16,,,,,645.7978746256365,0.00013338058,888.9406165806455,0.00017089145,-0.04390015,0.055210534
0.9996743,0.00012282895,16,0.0029700275,645.7978865885507,888.9382448041599,2633,61364.383,7.55079,1637.5856,0.5331981,67914.766,8.344617,16,,,,,645.7978865885507,0.0001335278,888.9382448041599,0.00017002189,-0.043570004,0.055376973
0.999843,0.00012280702,16,0.002970729,645.7979201358133,888.9387106168499,2634,61364.344,7.5508075,1637.5775,0.5335077,67926.23,8.343127,16,,,,,645.7979201358133,0.00013351174,888.9387106168499,0.00017002538,-0.043784454,0.05595161
0.99992603,0.00012287938,16,0.00297143,645.798087238177,888.9387745381283,2635,61369.633,7.552884,1637.9807,0.5335503,67931.87,8.348043,16,,,,,645.798087238177,0.00013347718,888.9387745381283,0.00017003078,-0.043467846,0.056097053
0.999534,0.00012279174,16,0.0029721311,645.7980061431732,888.9382647245061,2636,61350.52,7.5502763,1640.6453,0.53315395,67905.234,8.342089,16,,,,,645.7980061431732,0.00013354652,888.9382647245061,0.00017006295,-0.043739274,0.055628456
0.99978244,0.000122813,16,0.0029728317,645.7977129110092,888.9382459583445,2637,61368.5,7.550925,1638.4276,0.5330788,67922.11,8.3435335,16,,,,,645.7977129110092,0.00013350771,888.9382459583445,0.00017001193,-0.043683402,0.055518825
0.99983037,0.00012278842,16,0.0029735323,645.797680836404,888.9382817235544,2638,61380.7,7.5515723,1638.4678,0.5330711,67925.37,8.341864,16,,,,,645.797680836404,0.00013350186,888.9382817235544,0.00016999568,-0.043537237,0.05518579
1.0002996,0.0001228566,144,0.0029742324,645.7974437147898,888.9388810608508,2639,61394.047,7.5552187,1637.6945,0.53339666,67957.24,8.346496,144,,,,,645.7974437147898,0.00013354952,888.9388810608508,0.00016998147,-0.0439063,0.05632592
0.9998234,0.000122812,16,0.0029749323,645.7977015565511,888.9389746083419,2640,61366.64,7.5526953,1638.2195,0.53321654,67924.89,8.343465,16,,,,,645.7977015565511,0.0001335002,888.9389746083419,0.00017005776,-0.043809295,0.056084894
0.99978566,0.00012274444,8208,0.002975632,645.797535683287,888.9385361447285,2641,61355.543,7.5504107,1637.1294,0.53361934,67922.33,8.338876,8208,,,,,645.797535683287,0.00013351557,888.9385361447285,0.00017003849,-0.044355847,0.056102555
0.9999662,0.00012272404,16,0.0029763316,645.7969867008551,888.9386664856056,2642,61369.973,7.5518975,1637.244,0.5339661,67934.59,8.33749,16,,,,,645.7969867008551,0.00013351449,888.9386664856056,0.00017003859,-0.044544403,0.05620766
0.99955565,0.00012263331,16,0.0029770308,645.7967177006825,888.9382550792232,2643,61354.258,7.550207,1636.1492,0.53328526,67906.7,8.331326,16,,,,,645.7967177006825,0.00013353681,888.9382550792232,0.00017001825,-0.04462763,0.05536757
0.99953485,0.00012272467,16,0.0029777298,645.7969724104795,888.9384687855791,2644,61352.637,7.550213,1638.7213,0.5334339,67905.29,8.337532,16,,,,,645.7969724104795,0.00013354042,888.9384687855791,0.00017005479,-0.044364788,0.05573587
0.9998834,0.00012281016,16,0.0029784285,645.7971753468531,888.9388356710366,2645,61372.926,7.5510683,1638.8467,0.53282607,67928.97,8.343341,16,,,,,645.7971753468531,0.00013351087,888.9388356710366,0.00017001784,-0.044191167,0.05606231
0.99998736,0.00012284216,16,0.002979127,645.7970561847148,888.939526487048,2646,61366.426,7.5524936,1635.4506,0.5338102,67936.03,8.345514,16,,,,,645.7970561847148,0.00013349282,888.939526487048,0.00017004853,-0.04462484,0.057079453
0.9997862,0.00012283048,16,0.0029798253,645.797148320547,888.9391872577834,2647,61357.855,7.5522285,1638.619,0.53311545,67922.37,8.344721,16,,,,,645.797148320547,0.00013351627,888.9391872577834,0.00017007932,-0.044450402,0.056521285
0.99975115,0.00012276192,16,0.002980523,645.796262771312,888.9393506147378,2648,61348.93,7.5526395,1637.453,0.533722,67919.984,8.340063,16,,,,,645.796262771312,0.0001335764,888.9393506147378,0.0001700995,-0.04534747,0.057075623
0.9994183,0.00012272393,8208,0.0029812208,645.7967192165361,888.9390482722902,2649,61342.16,7.5517,1637.3359,0.5334787,67897.375,8.337482,8208,,,,,645.7967192165361,0.00013356838,888.9390482722902,0.00017011001,-0.044797868,0.056407075
0.9999162,0.00012281685,16,0.0029819184,645.7974349027387,888.939476686603,2650,61377.164,7.5530744,1637.2318,0.53346944,67931.195,8.343795,16,,,,,645.7974349027387,0.000133914,888.939476686603,0.00017004964,-0.044412248,0.0565581
0.99980175,0.00012278004,16,0.0029826155,645.7970897159857,888.9392077525508,2651,61367.023,7.5525937,1638.0697,0.5331589,67923.42,8.341294,16,,,,,645.7970897159857,0.00013351406,888.9392077525508,0.00017008252,-0.044496056,0.05661558
1.000005,0.00012281227,16,0.0029833126,645.7969526341997,888.9397221363195,2652,61375.484,7.5530586,1639.6628,0.53359765,67937.234,8.343484,16,,,,,645.7969526341997,0.00013349742,888.9397221363195,0.00017003667,-0.04429143,0.0570957
0.9995459,0.00012270146,16,0.0029840095,645.7965890680601,888.9394430362223,2653,61336.816,7.5488577,1635.7853,0.53336287,67906.04,8.335956,16,,,,,645.7965890680601,0.00013354965,888.9394430362223,0.00017011297,-0.045019265,0.057420645
0.9997243,0.0001227714,16,0.0029847058,645.7971160385347,888.9393775692354,2654,61352.84,7.551889,1636.3605,0.53337896,67918.164,8.340707,16,,,,,645.7971160385347,0.00013352404,888.9393775692354,0.00017009248,-0.044578068,0.057069674
0.99944586,0.00012276073,144,0.0029854022,645.7965713266118,888.9402121317486,2655,61333.363,7.549285,1636.574,0.53336024,67899.24,8.339982,144,,,,,645.7965713266118,0.00013356752,888.9402121317486,0.00017015844,-0.04511547,0.05785887
0.9998145,0.00012277071,144,0.0029860982,645.7959607453325,888.9401900299675,2656,61364.008,7.5515165,1636.6818,0.5335932,67924.29,8.34066,144,,,,,645.7959607453325,0.00013352183,888.9401900299675,0.00017010565,-0.045405727,0.057702333
0.99936074,0.00012267433,16,0.0029867939,645.7957638802029,888.9394647299528,2657,61337.73,7.5509048,1638.8668,0.533093,67893.46,8.334113,16,,,,,645.7957638802029,0.00013358847,888.9394647299528,0.00017014772,-0.045453694,0.057230506
0.9995707,0.00012270246,16,0.0029874893,645.7952904539762,888.9402672496788,2658,61340.49,7.5509515,1637.6433,0.53312016,67907.73,8.336023,16,,,,,645.7952904539762,0.00013358965,888.9402672496788,0.00017016071,-0.04643767,0.058250736
0.9995069,0.0001226303,16,0.0029881848,645.7948920224309,888.940559568482,2659,61336.57,7.550741,1636.2385,0.5331125,67903.39,8.331121,16,,,,,645.7948920224309,0.0001336006,888.940559568482,0.0001701924,-0.046901155,0.058432423
0.9995883,0.00012269744,16,0.0029888798,645.7942906792953,888.9411938667864,2660,61328.94,7.550421,1637.3481,0.53343296,67908.92,8.335683,16,,,,,645.7942906792953,0.00013362475,888.9411938667864,0.00017020013,-0.047534946,0.05922372
0.9995584,0.00012270115,16,0.0029895746,645.7948833450343,888.9408413833863,2661,61336.484,7.550644,1638.1106,0.5335896,67906.89,8.335935,16,,,,,645.7948833450343,0.00013359662,888.9408413833863,0.00017017311,-0.046807073,0.05872162
0.9992715,0.00012267595,16,0.002990269,645.7944831655026,888.9408733310131,2662,61319.062,7.55,1637.4342,0.53335214,67887.4,8.334223,16,,,,,645.7944831655026,0.00013363229,888.9408733310131,0.0001702257,-0.04719671,0.058922954
0.99948967,0.00012266389,16,0.0029909634,645.7945540971178,888.9406506050308,2663,61341.48,7.5508723,1636.3646,0.5334357,67902.22,8.333403,16,,,,,645.7945540971178,0.00013359038,888.9406506050308,0.0001701664,-0.046859596,0.058601163
0.99984556,0.00012269829,16,0.0029916575,645.7950530833713,888.9412118856475,2664,61357.25,7.551538,1634.6366,0.5329823,67926.4,8.33574,16,,,,,645.7950530833713,0.00013355802,888.9412118856475,0.0001701487,-0.046896327,0.05943494
0.9996117,0.00012270761,16,0.002992351,645.7946959341243,888.941489004979,2665,61334.17,7.5506825,1635.9631,0.533398,67910.51,8.336373,16,,,,,645.7946959341243,0.00013360717,888.941489004979,0.00017022745,-0.04724358,0.059894677
0.9995621,0.00012267173,16,0.0029930447,645.7948091397284,888.9413284853389,2666,61333.188,7.5505066,1636.0476,0.533634,67907.14,8.333936,16,,,,,645.7948091397284,0.00013358916,888.9413284853389,0.00017019305,-0.047120206,0.059669044
0.9996144,0.00012266682,16,0.002993738,645.7936419016354,888.9417560285674,2667,61325.45,7.550179,1635.0789,0.53349566,67910.695,8.333603,16,,,,,645.7936419016354,0.0001336208,888.9417560285674,0.00017023979,-0.048105802,0.0601815
0.9995308,0.00012267918,16,0.0029944312,645.7944989115347,888.9403136516476,2668,61334.09,7.550511,1635.0427,0.53310806,67905.016,8.334442,16,,,,,645.7944989115347,0.00013359945,888.9403136516476,0.00017016011,-0.047494486,0.058904927
0.99966156,0.00012266995,16,0.0029951239,645.7940722167974,888.9409306295411,2669,61341.406,7.5508323,1634.2212,0.53377265,67913.9,8.333816,16,,,,,645.7940722167974,0.00013360125,888.9409306295411,0.000170164,-0.04754472,0.058830157
0.9996374,0.00012264392,16,0.0029958165,645.794847837849,888.9407874009022,2670,61345.113,7.5509267,1635.2438,0.5334945,67912.26,8.3320465,16,,,,,645.794847837849,0.00013357509,888.9407874009022,0.00017015479,-0.04691425,0.058742754
0.9998609,0.0001226422,16,0.0029965087,645.7948833688569,888.9406897136229,2671,61351.074,7.5511193,1636.7815,0.533376,67927.44,8.33193,16,,,,,645.7948833688569,0.00013356082,888.9406897136229,0.00017013874,-0.04702484,0.05893761
0.99970734,0.00012269312,16,0.0029972007,645.7947536721306,888.9411830312832,2672,61336.777,7.5506406,1636.1976,0.5334173,67917.01,8.335389,16,,,,,645.7947536721306,0.0001335857,888.9411830312832,0.00017020869,-0.047200266,0.05967722
0.99987364,0.000122745,144,0.0029978927,645.7956353555138,888.9413283167576,2673,61355.195,7.551873,1636.4918,0.5332227,67928.305,8.338914,144,,,,,645.7956353555138,0.00013355729,888.9413283167576,0.00017015469,-0.04622626,0.059473697
0.99987775,0.00012269517,16,0.0029985842,645.795610901413,888.9415189810771,2674,61346.742,7.55114,1635.7755,0.5334193,67928.586,8.335528,16,,,,,645.795610901413,0.00013356082,888.9415189810771,0.00017018535,-0.046704087,0.060173962
0.99972516,0.00012266077,16,0.0029992755,645.7954183700247,888.9402867157474,2675,61347.3,7.5509453,1636.6066,0.5337757,67918.22,8.333191,16,,,,,645.7954183700247,0.00013355169,888.9402867157474,0.0001701239,-0.046487913,0.05860175
0.9996434,0.00012271204,16,0.0029999665,645.7953768292607,888.9410496697781,2676,61334.99,7.5505834,1635.6329,0.53348875,67912.664,8.336675,16,,,,,645.7953768292607,0.00013356928,888.9410496697781,0.0001701806,-0.04626112,0.05920668
0.9995554,0.00012269714,16,0.0030006573,645.7951592101135,888.9407574858243,2677,61332.46,7.5505996,1635.6909,0.5333264,67906.69,8.335662,16,,,,,645.7951592101135,0.00013358783,888.9407574858243,0.00017018123,-0.04645521,0.059129287
0.99966836,0.00012269539,16,0.0030013479,645.7952267423306,888.9413473841229,2678,61336.45,7.5506644,1635.675,0.53347003,67914.36,8.335544,16,,,,,645.7952267423306,0.0001335712,888.9413473841229,0.00017019488,-0.046265844,0.05963777
0.99937373,0.00012264466,16,0.0030020382,645.79484069937,888.9414694329885,2679,61309.555,7.5495763,1638.1787,0.5335011,67894.34,8.332097,16,,,,,645.79484069937,0.0001336203,888.9414694329885,0.00017024444,-0.046866555,0.059882358
0.99963224,0.00012270945,16,0.0030027283,645.795202429023,888.940640351338,2680,61327.207,7.550195,1636.4303,0.5333529,67911.91,8.336498,16,,,,,645.795202429023,0.0001335902,888.940640351338,0.00017020332,-0.046603926,0.059204344
0.99980396,0.00012263877,16,0.0030034182,645.7945244945035,888.9409313054814,2681,61333.793,7.550444,1635.4375,0.5335931,67923.57,8.3316965,16,,,,,645.7945244945035,0.0001335927,888.9409313054814,0.00017019683,-0.047252696,0.05943032
0.99995583,0.00012272794,16,0.0030041079,645.7950653487247,888.9405816145041,2682,61355.65,7.5514374,1635.2039,0.5334312,67933.89,8.337755,16,,,,,645.7950653487247,0.00013354699,888.9405816145041,0.00017012602,-0.046477605,0.05830182
0.99965674,0.00012272543,16,0.003004797,645.7946537153354,888.9412266056001,2683,61331.668,7.550453,1636.0216,0.5330854,67913.57,8.337584,16,,,,,645.7946537153354,0.00013359883,888.9412266056001,0.00017018795,-0.046600737,0.05926442
0.9995972,0.00012271352,16,0.0030054862,645.7951405227476,888.9413533357866,2684,61325.414,7.5502067,1636.4415,0.5335205,67909.52,8.336775,16,,,,,645.7951405227476,0.000133591,888.9413533357866,0.0001702268,-0.04658428,0.059834514
0.9999087,0.0001226483,16,0.0030061752,645.7954698066876,888.9420127392282,2685,61340.46,7.5507884,1637.2455,0.5331004,67930.69,8.332344,16,,,,,645.7954698066876,0.00013357378,888.9420127392282,0.00017020328,-0.046340913,0.06007168
0.99978244,0.00012266084,16,0.0030068636,645.7958681965035,888.9418833134091,2686,61329.18,7.550315,1636.471,0.53379005,67922.11,8.333197,16,,,,,645.7958681965035,0.00013356064,888.9418833134091,0.00017022237,-0.046305936,0.060589768
0.9997034,0.00012270009,144,0.003007552,645.795479374292,888.9418406925274,2687,61328.688,7.5506406,1636.2338,0.53303766,67916.74,8.335862,144,,,,,645.795479374292,0.00013358213,888.9418406925274,0.00017021621,-0.046743024,0.060252544
0.99938905,0.00012264826,16,0.0030082401,645.794911158087,888.9415171483533,2688,61310.008,7.5495715,1635.3944,0.5331995,67895.38,8.332341,16,,,,,645.794911158087,0.00013361756,888.9415171483533,0.00017025945,-0.046924274,0.060250945
0.9997268,0.00012272011,16,0.003008928,645.7953993780287,888.9412142140112,2689,61341.16,7.55074,1634.8525,0.53315663,67918.33,8.337223,16,,,,,645.7953993780287,0.00013354688,888.9412142140112,0.00017017194,-0.04613841,0.059397902
0.99973667,0.00012268966,16,0.0030096155,645.7946781455573,888.9419835653679,2690,61331.465,7.550373,1636.7498,0.5333964,67919.0,8.335154,16,,,,,645.7946781455573,0.00013357242,888.9419835653679,0.00017021538,-0.04713896,0.06069001
0.9998221,0.00012263404,16,0.0030103028,645.7943891673817,888.9420819423998,2691,61332.387,7.55023,1634.7788,0.53321296,67924.805,8.331375,16,,,,,645.7943891673817,0.00013366125,888.9420819423998,0.00017022413,-0.04731549,0.06095227
0.9996365,0.00012263193,16,0.0030109899,645.7946925013765,888.9418771444783,2692,61318.57,7.5497537,1634.845,0.53350234,67912.195,8.331232,16,,,,,645.7946925013765,0.00013359939,888.9418771444783,0.00017025376,-0.047402076,0.06092423
0.99953574,0.00012258634,8208,0.0030116767,645.7944185171006,888.9426808179184,2693,61306.22,7.5492544,1634.1641,0.53364515,67905.35,8.328135,8208,,,,,645.7944185171006,0.00013361171,888.9426808179184,0.00017030902,-0.047740437,0.06174094
0.9996613,0.00012266925,16,0.0030123633,645.7944874354313,888.9422157405426,2694,61322.137,7.549809,1633.7834,0.5334535,67913.88,8.333768,16,,,,,645.7944874354313,0.00013358629,888.9422157405426,0.00017025211,-0.047536545,0.061065488
0.9997346,0.0001226481,16,0.0030130497,645.794139817937,888.9422246456571,2695,61325.85,7.5500426,1636.4186,0.53313863,67918.86,8.332331,16,,,,,645.794139817937,0.00013358919,888.9422246456571,0.00017025133,-0.047629636,0.060954865
0.9997353,0.0001226933,16,0.0030137359,645.7947273359815,888.9421228388437,2696,61335.902,7.55041,1634.4061,0.5333193,67918.91,8.335401,16,,,,,645.7947273359815,0.00013356109,888.9421228388437,0.000170203,-0.047008794,0.060344696
0.9995576,0.00012263536,16,0.0030144216,645.7946823760968,888.9424715422593,2697,61314.52,7.5495696,1634.1086,0.533233,67906.836,8.331466,16,,,,,645.7946823760968,0.00013359534,888.9424715422593,0.00017031436,-0.047214087,0.061383184
0.9996362,0.00012258095,16,0.0030151072,645.7950244390682,888.9428392454234,2698,61318.246,7.5496883,1632.8488,0.53341556,67912.17,8.327769,16,,,,,645.7950244390682,0.00013358516,888.9428392454234,0.00017027406,-0.047163505,0.061770845
0.99979657,0.0001226361,16,0.0030157927,645.7951965223094,888.9429863487924,2699,61328.973,7.5502214,1633.7129,0.5340558,67923.07,8.331515,16,,,,,645.7951965223094,0.00013355925,888.9429863487924,0.0001702404,-0.046961166,0.061500706
0.99964994,0.00012262541,16,0.0030164777,645.7942818795252,888.9427234607928,2700,61311.84,7.549375,1634.7334,0.53346133,67913.11,8.330789,16,,,,,645.7942818795252,0.00013359456,888.9427234607928,0.00017028706,-0.047680546,0.062055267
0.99978703,0.00012266218,16,0.0030171624,645.7947047447345,888.9427702474167,2701,61328.617,7.550163,1634.1886,0.53356606,67922.42,8.333287,16,,,,,645.7947047447345,0.00013358233,888.9427702474167,0.00017024885,-0.04727614,0.06159866
0.9996528,0.00012264433,16,0.0030178472,645.7941066910157,888.94241006695,2702,61320.516,7.549777,1635.3539,0.5328964,67913.305,8.332074,16,,,,,645.7941066910157,0.00013360154,888.94241006695,0.00017027467,-0.047889512,0.061360862
0.9999572,0.00012269724,16,0.0030185315,645.7946535088718,888.9423242478247,2703,61347.832,7.5508885,1634.1487,0.5331862,67933.984,8.335669,16,,,,,645.7946535088718,0.00013354304,888.9423242478247,0.0001701909,-0.04689068,0.060873117
0.99982834,0.00012253787,16,0.0030192155,645.7947584167781,888.9431633007215,2704,61328.016,7.550074,1634.1475,0.533442,67925.23,8.3248415,16,,,,,645.7947584167781,0.00013356424,888.9431633007215,0.00017026675,-0.047141608,0.062310036
0.99976486,0.00012257208,16,0.0030198994,645.7947115754838,888.9430973440114,2705,61322.754,7.5499115,1634.0239,0.53343093,67920.914,8.327166,16,,,,,645.7947115754838,0.0001335931,888.9430973440114,0.00017028429,-0.047421157,0.06225513
0.99973273,0.00012252184,0,0.0030212663,645.7951124380387,888.9432496597067,2707,61312.62,7.549453,1635.8707,0.5329283,67918.734,8.323753,0,,,,,645.7951124380387,0.0001335863,888.9432496597067,0.00017030879,-0.047169298,0.06271801
0.9994425,0.0001226,0,0.0030219494,645.7954452022417,888.9425115569502,2708,61310.1,7.5494194,1634.0952,0.53328687,67899.016,8.329063,0,,,,,645.7954452022417,0.00013359354,888.9425115569502,0.00017028359,-0.046419542,0.061406873
0.99973905,0.00012256236,0,0.0030226323,645.795199533765,888.9433144786766,2709,61325.28,7.549929,1634.4255,0.5333357,67919.164,8.326506,0,,,,,645.795199533765,0.00013357509,888.9433144786766,0.00017027398,-0.0465419,0.062202804
0.9998312,0.00012259629,0,0.003023315,645.795299744181,888.942779158492,2710,61339.832,7.550553,1634.9431,0.53351414,67925.42,8.328811,0,,,,,645.795299744181,0.00013353962,888.942779158492,0.00017026355,-0.046538338,0.061738815
0.9998948,0.00012256805,0,0.0030239972,645.7952084991804,888.9432944621881,2711,61338.06,7.550423,1634.674,0.5338315,67929.74,8.326892,0,,,,,645.7952084991804,0.0001335445,888.9432944621881,0.00017025358,-0.046659704,0.062405728
0.99963456,0.00012254437,0,0.0030246794,645.7944365193862,888.9440236396023,2712,61310.816,7.5494423,1635.04,0.5335659,67912.06,8.325283,0,,,,,645.7944365193862,0.00013359664,888.9440236396023,0.00017034168,-0.047398735,0.06291757
0.9999614,0.00012250565,0,0.003025361,645.7947071034421,888.9433957106634,2713,61333.477,7.550318,1636.3629,0.5332904,67934.266,8.322653,0,,,,,645.7947071034421,0.00013356087,888.9433957106634,0.0001703299,-0.04744964,0.06293595
0.9995712,0.00012257976,0,0.0030260428,645.7937613456232,888.943687142708,2714,61307.01,7.549282,1635.2532,0.53349024,67907.76,8.327688,0,,,,,645.7937613456232,0.00013361778,888.943687142708,0.00017034366,-0.047865998,0.062958494
0.9996374,0.0001225815,0,0.003026724,645.794633009769,888.9430845904684,2715,61322.023,7.549837,1634.5232,0.53330684,67912.26,8.327806,0,,,,,645.794633009769,0.00013357295,888.9430845904684,0.00017028784,-0.047259144,0.062259726
1.0001125,0.00012255994,128,0.0030274051,645.7945189135166,888.9432976983351,2716,61348.355,7.551269,1633.9465,0.533377,67944.54,8.326342,128,,,,,645.7945189135166,0.000133539,888.9432976983351,0.00017024804,-0.04748552,0.062585324
0.9998651,0.00012257656,0,0.0030280862,645.7943870199423,888.943445331612,2717,61334.863,7.550376,1636.1305,0.53315765,67927.73,8.327471,0,,,,,645.7943870199423,0.00013357577,888.943445331612,0.0001702744,-0.04731458,0.06259398
0.9996607,0.0001225134,0,0.0030287667,645.7940142872197,888.9441245760615,2718,61312.438,7.5493755,1634.3406,0.53363615,67913.836,8.32318,0,,,,,645.7940142872197,0.0001335891,888.9441245760615,0.00017030198,-0.047607087,0.063161254
0.99970007,0.00012246736,0,0.003029447,645.7940302083865,888.9444794343783,2719,61307.945,7.549259,1633.989,0.53353804,67916.516,8.320052,0,,,,,645.7940302083865,0.00013360698,888.9444794343783,0.0001703478,-0.047937214,0.06391939
0.9997383,0.00012260705,0,0.0030301271,645.7935357636667,888.9433251038645,2720,61318.55,7.549555,1633.9946,0.5334357,67919.11,8.329541,0,,,,,645.7935357636667,0.00013356993,888.9433251038645,0.00017029452,-0.048156567,0.06308564
0.9997439,0.00012257065,0,0.003030807,645.7932251440093,888.9438453755965,2721,61318.473,7.549557,1633.9307,0.53343135,67919.49,8.327069,0,,,,,645.7932251440093,0.00013359555,888.9438453755965,0.00017029593,-0.048703887,0.06306864
0.99958867,0.00012258592,0,0.0030314864,645.7937841645705,888.9437044924647,2722,61316.848,7.549555,1635.6802,0.5330948,67908.945,8.328106,0,,,,,645.7937841645705,0.00013359322,888.9437044924647,0.00017032708,-0.04802739,0.062959075
0.99947137,0.0001226417,0,0.0030321658,645.7931945359071,888.9436569016042,2723,61305.453,7.549162,1635.5323,0.53343076,67900.98,8.331895,0,,,,,645.7931945359071,0.00013362747,888.9436569016042,0.00017032669,-0.0484806,0.0628367
0.9998901,0.00012260671,128,0.003032845,645.7936001472152,888.9441807701145,2724,61323.207,7.5502324,1633.4442,0.53330475,67929.42,8.329518,128,,,,,645.7936001472152,0.00013359456,888.9441807701145,0.00017030671,-0.04863742,0.063523
0.99963695,0.00012252622,0,0.0030335237,645.7933598080795,888.9441278350818,2725,61306.43,7.548975,1631.5753,0.53387207,67912.23,8.324051,0,,,,,645.7933598080795,0.00013360578,888.9441278350818,0.00017034505,-0.048728455,0.06367475
1.0000737,0.00012251492,8192,0.0030342024,645.7929732886219,888.9444109984381,2726,61326.89,7.549888,1633.7861,0.53355014,67941.9,8.323282,8192,,,,,645.7929732886219,0.00013357088,888.9444109984381,0.00017031611,-0.049210396,0.064252675
0.9997247,0.00012254635,0,0.0030348806,645.7934419473504,888.9439092969166,2727,61319.582,7.549662,1632.0884,0.5333019,67918.19,8.3254175,0,,,,,645.7934419473504,0.00013358645,888.9439092969166,0.00017030547,-0.048280753,0.06348509
0.9997238,0.00012256495,0,0.0030355589,645.7932219641375,888.9444576154792,2728,61314.652,7.549382,1631.9993,0.53332084,67918.125,8.326681,0,,,,,645.7932219641375,0.00013372426,888.9444576154792,0.00017036521,-0.04897961,0.0639676
0.99954957,0.00012255737,0,0.0030362366,645.7930463886998,888.9437954980623,2729,61310.78,7.5492344,1633.5958,0.53327733,67906.29,8.326166,0,,,,,645.7930463886998,0.00013360691,888.9437954980623,0.00017030817,-0.04854121,0.06304546
0.99958843,0.0001225431,8192,0.0030369142,645.7929989981957,888.9443915566904,2730,61301.926,7.548971,1634.0194,0.53296155,67908.93,8.325197,8192,,,,,645.7929989981957,0.00013363276,888.9443915566904,0.00017036441,-0.048981916,0.06398311
0.99971527,0.00012244855,0,0.0030375915,645.7935208681895,888.9443444729102,2731,61302.23,7.54894,1635.8993,0.5335845,67917.55,8.318773,0,,,,,645.7935208681895,0.00013362803,888.9443444729102,0.00017048667,-0.048867233,0.064485095
0.9996597,0.00012248447,0,0.0030382685,645.7934787065791,888.9446149146884,2732,61303.055,7.5488305,1632.3364,0.5333084,67913.77,8.321215,0,,,,,645.7934787065791,0.00013361819,888.9446149146884,0.00017035376,-0.04873821,0.06411102
0.9996942,0.00012252266,0,0.0030389454,645.7927869885724,888.944708901066,2733,61304.54,7.5489197,1634.2504,0.5333594,67916.12,8.323809,0,,,,,645.7927869885724,0.0001336224,888.944708901066,0.00017037067,-0.04943161,0.06424158
0.99958694,0.00012256048,0,0.003039622,645.7927001153566,888.9441454344087,2734,61308.72,7.549002,1633.716,0.53332657,67908.83,8.326378,0,,,,,645.7927001153566,0.00013360866,888.9441454344087,0.00017033574,-0.049099986,0.063790254
0.99974215,0.00012253405,0,0.0030402981,645.7927961337087,888.9445824859782,2735,61313.75,7.549243,1635.6908,0.5335062,67919.375,8.324582,0,,,,,645.7927961337087,0.00013361902,888.9445824859782,0.00017035595,-0.049303256,0.06404831
0.99954313,0.00012247715,0,0.0030409743,645.7925988417668,888.9442474516799,2736,61297.426,7.548598,1633.0222,0.53362197,67905.85,8.320717,0,,,,,645.7925988417668,0.00013363035,888.9442474516799,0.00017037748,-0.049552172,0.06421988
0.9993272,0.00012244223,8192,0.0030416502,645.792467768288,888.9447027813521,2737,61277.156,7.5477076,1633.6746,0.5337408,67891.18,8.318344,8192,,,,,645.792467768288,0.00013365906,888.9447027813521,0.00017044207,-0.049782615,0.06481623
0.99956936,0.00012237788,0,0.0030423256,645.7923802249115,888.9456245964382,2738,61284.457,7.548055,1633.8112,0.5335366,67907.63,8.313972,0,,,,,645.7923802249115,0.00013365678,888.9456245964382,0.00017043989,-0.05011614,0.06555227
0.999731,0.00012250048,0,0.003043001,645.7920288904687,888.944848876813,2739,61310.477,7.5491586,1634.2185,0.5330602,67918.62,8.322302,0,,,,,645.7920288904687,0.0001336186,888.944848876813,0.00017036885,-0.05022001,0.064518146
0.9996457,0.00012238091,0,0.003043676,645.7915790748068,888.9455468984138,2740,61298.297,7.548599,1633.9891,0.53376067,67912.82,8.314178,0,,,,,645.7915790748068,0.0001336339,888.9455468984138,0.00017041138,-0.05062017,0.065518156
0.9994005,0.00012248928,0,0.0030443508,645.7913220141443,888.9447608380882,2741,61290.95,7.548345,1632.1328,0.5327662,67896.164,8.321541,0,,,,,645.7913220141443,0.00013366953,888.9447608380882,0.00017040754,-0.050678283,0.06453301
0.99964315,0.00012239972,0,0.0030450253,645.7908196013017,888.9450695537275,2742,61298.332,7.548569,1633.8352,0.5331734,67912.65,8.315456,0,,,,,645.7908196013017,0.00013365886,888.9450695537275,0.0001703987,-0.051397,0.06515517
0.9995983,0.00012243194,0,0.0030456996,645.7911763834915,888.9457571291275,2743,61289.57,7.5480437,1633.226,0.5332261,67909.6,8.317645,0,,,,,645.7911763834915,0.00013364009,888.9457571291275,0.00017043589,-0.051323958,0.066133805
