flux,flux_err,quality,timecorr,centroid_col,centroid_row,cadenceno,sap_flux,sap_flux_err,sap_bkg,sap_bkg_err,pdcsap_flux,pdcsap_flux_err,sap_quality,psf_centr1,psf_centr1_err,psf_centr2,psf_centr2_err,mom_centr1,mom_centr1_err,mom_centr2,mom_centr2_err,pos_corr1,pos_corr2
1.0002556,2.7502123e-05,0,0.0013233066,66.13931783489916,398.51849804759865,568,830320.1,23.284788,3225.2598,1.3085606,842387.1,23.161514,0,,,,,66.13931783489916,2.5464837e-05,398.51849804759865,2.9423107e-05,-0.0050632954,0.006501745
1.000164,2.760163e-05,0,0.0013241066,66.13908409171457,398.5179888187795,569,830276.1,23.284,3231.3325,1.3100508,842310.0,23.245317,0,,,,,66.13908409171457,2.5463949e-05,398.5179888187795,2.9422261e-05,-0.005216335,0.0061150095
1.0003959,2.7584512e-05,0,0.0013249066,66.13975537162233,398.5177615841719,570,830458.3,23.28681,3227.1633,1.3109436,842505.3,23.2309,0,,,,,66.13975537162233,2.5465059e-05,398.5177615841719,2.9420795e-05,-0.004634699,0.005917178
1.0005236,2.757571e-05,0,0.0013257065,66.13968806421225,398.51674595431757,571,830544.0,23.287523,3226.5374,1.3112657,842612.8,23.223488,0,,,,,66.13968806421225,2.5462257e-05,398.51674595431757,2.9422812e-05,-0.0045989123,0.0051433616
1.0006623,2.7572554e-05,0,0.0013265063,66.14050472466211,398.51637191151036,572,830658.75,23.289059,3229.1545,1.3097764,842729.6,23.220829,0,,,,,66.14050472466211,2.5467112e-05,398.51637191151036,2.9419716e-05,-0.0039994596,0.0048785005
1.0008277,2.7595352e-05,0,0.001327306,66.14085638872218,398.515833870578,573,830803.06,23.290512,3226.9302,1.3108574,842868.9,23.240028,0,,,,,66.14085638872218,2.5462194e-05,398.515833870578,2.9419687e-05,-0.0036008316,0.004444902
1.0006918,2.7590006e-05,0,0.0013281057,66.14075576630312,398.51552325800924,574,830705.7,23.289274,3225.823,1.311538,842754.44,23.235527,0,,,,,66.14075576630312,2.546549e-05,398.51552325800924,2.9418792e-05,-0.0037013704,0.004225538
1.0007944,2.7591967e-05,0,0.0013289053,66.14094596605486,398.51556949507847,575,830813.1,23.2907,3225.1646,1.312065,842840.9,23.237179,0,,,,,66.14094596605486,2.546431e-05,398.51556949507847,2.941763e-05,-0.0035779064,0.004219433
1.0007111,2.7563807e-05,8192,0.0013297049,66.14090065816988,398.51548548321625,576,830749.9,23.289762,3224.1667,1.3109268,842770.75,23.213463,8192,,,,,66.14090065816988,2.5465915e-05,398.51548548321625,2.941791e-05,-0.003632337,0.0041684834
1.0008615,2.7637874e-05,0,0.0013305044,66.14141195012952,398.5152590618701,577,830882.5,23.291634,3228.3337,1.312189,842897.44,23.27584,0,,,,,66.14141195012952,2.5464342e-05,398.5152590618701,2.9417748e-05,-0.0031253477,0.003987252
1.0007005,2.7604774e-05,0,0.0013313039,66.1408539251272,398.515278985079,578,830751.44,23.289827,3223.089,1.3102691,842761.8,23.247965,0,,,,,66.1408539251272,2.5467725e-05,398.515278985079,2.9416033e-05,-0.0037297464,0.004010386
1.0007346,2.7576445e-05,0,0.0013321032,66.1410616269982,398.5152677842771,579,830787.2,23.290241,3225.9565,1.3102821,842790.5,23.224106,0,,,,,66.1410616269982,2.5465266e-05,398.5152677842771,2.9418343e-05,-0.00349611,0.0039827777
1.0007654,2.765473e-05,0,0.0013329025,66.14113270976092,398.51548976561355,580,830817.2,23.290771,3222.5237,1.3104779,842816.5,23.290037,0,,,,,66.14113270976092,2.5467723e-05,398.51548976561355,2.9413808e-05,-0.0034995805,0.0041721696
1.0007087,2.766126e-05,0,0.0013337017,66.14087535725949,398.5153097969818,581,830776.75,23.290112,3226.5613,1.3087333,842768.75,23.295536,0,,,,,66.14087535725949,2.5466717e-05,398.5153097969818,2.9415647e-05,-0.0036347252,0.00403775
1.0007497,2.76519e-05,0,0.0013345008,66.14125125101899,398.5154114288861,582,830816.8,23.29085,3223.003,1.310352,842803.25,23.287653,0,,,,,66.14125125101899,2.5467498e-05,398.5154114288861,2.9415216e-05,-0.0032599051,0.0040173843
1.0006809,2.7628057e-05,0,0.0013352999,66.1410813811028,398.5157002302589,583,830765.3,23.290344,3222.5366,1.3100792,842745.4,23.267572,0,,,,,66.1410813811028,2.5469772e-05,398.5157002302589,2.9414718e-05,-0.0035959906,0.0042473194
1.0006015,2.770581e-05,0,0.001336099,66.14060178193672,398.5153067624409,584,830705.0,23.289217,3223.4548,1.3112998,842678.44,23.333054,0,,,,,66.14060178193672,2.5466717e-05,398.5153067624409,2.9415636e-05,-0.003866427,0.0040101097
1.0007586,2.7728582e-05,0,0.001336898,66.14131068423825,398.515221223247,585,830845.25,23.2915,3228.2659,1.311181,842810.75,23.352232,0,,,,,66.14131068423825,2.5472504e-05,398.515221223247,2.9414894e-05,-0.0033646503,0.0038591372
1.0006847,2.767328e-05,0,0.0013376969,66.1409126955434,398.5150542073899,586,830793.06,23.291449,3280.8064,1.3118626,842748.5,23.305658,0,,,,,66.1409126955434,2.5478153e-05,398.5150542073899,2.9422978e-05,-0.0036116333,0.003778835
1.0006554,2.7690581e-05,0,0.0013384958,66.14112084691439,398.5145787043448,587,830782.7,23.290222,3228.9712,1.3095605,842723.8,23.320229,0,,,,,66.14112084691439,2.5469919e-05,398.5145787043448,2.9415782e-05,-0.0034225378,0.0034464244
1.0006273,2.7739628e-05,0,0.0013392945,66.14117401596828,398.51471292754854,588,830765.94,23.290028,3229.4292,1.309819,842700.2,23.361534,0,,,,,66.14117401596828,2.5473104e-05,398.51471292754854,2.9415618e-05,-0.0034883376,0.003579419
1.0005331,2.7730715e-05,0,0.0013400932,66.1402732976775,398.51476578511983,589,830695.06,23.289165,3229.2856,1.3116788,842620.9,23.354029,0,,,,,66.1402732976775,2.547198e-05,398.51476578511983,2.9413932e-05,-0.004298535,0.0035409527
1.000379,2.7742462e-05,0,0.0013408918,66.13986057768054,398.51474646639264,590,830579.25,23.287876,3226.8845,1.3110381,842491.0,23.363922,0,,,,,66.13986057768054,2.547313e-05,398.51474646639264,2.9415205e-05,-0.004659727,0.003495203
1.0003489,2.773279e-05,128,0.0013416904,66.13995409007727,398.5145550970224,591,830558.2,23.287388,3223.6865,1.3097225,842465.7,23.355776,128,,,,,66.13995409007727,2.547512e-05,398.5145550970224,2.9417432e-05,-0.004623849,0.0033492171
1.0005194,2.7714124e-05,0,0.0013424889,66.14022833989817,398.51408629479306,592,830709.3,23.289324,3228.8777,1.3105006,842609.3,23.340055,0,,,,,66.14022833989817,2.547026e-05,398.51408629479306,2.9415354e-05,-0.0042839414,0.002996881
1.0004368,2.7713437e-05,0,0.0013432874,66.14004740770446,398.5137807353804,593,830647.75,23.28856,3223.2842,1.3123112,842539.7,23.339478,0,,,,,66.14004740770446,2.5475118e-05,398.5137807353804,2.9413415e-05,-0.004591535,0.0028370072
1.0005811,2.7760527e-05,0,0.0013440858,66.14055954423887,398.51412668182843,594,830771.75,23.290007,3226.3706,1.3094516,842661.25,23.379135,0,,,,,66.14055954423887,2.547172e-05,398.51412668182843,2.9414421e-05,-0.00408144,0.0029668815
1.0005434,2.7803819e-05,0,0.001344884,66.1404966531186,398.51388651543203,595,830753.25,23.289843,3227.3975,1.3101596,842629.44,23.415594,0,,,,,66.1404966531186,2.547137e-05,398.51388651543203,2.9414714e-05,-0.004093717,0.0028457248
1.0005606,2.7741145e-05,0,0.0013456823,66.14056334612073,398.5137206628828,596,830770.25,23.290066,3227.5857,1.3094554,842644.06,23.362812,0,,,,,66.14056334612073,2.5473817e-05,398.5137206628828,2.9415143e-05,-0.0040783808,0.0027583335
1.0004765,2.7788654e-05,8192,0.0013464805,66.14027098595948,398.5137612869166,597,830712.6,23.28957,3230.5925,1.3120873,842573.2,23.402822,8192,,,,,66.14027098595948,2.5475241e-05,398.5137612869166,2.9415518e-05,-0.0043107457,0.0027344823
1.0005274,2.7805972e-05,0,0.0013472786,66.14045368605474,398.5139671519547,598,830758.3,23.289982,3228.5889,1.310926,842616.06,23.417408,0,,,,,66.14045368605474,2.5472122e-05,398.5139671519547,2.9415734e-05,-0.004136401,0.0028721238
1.0004234,2.7796848e-05,0,0.0013480766,66.14019920759965,398.51429689658363,599,830679.56,23.289074,3227.6663,1.310608,842528.5,23.409723,0,,,,,66.14019920759965,2.5477186e-05,398.51429689658363,2.9413804e-05,-0.004511876,0.003117115
1.0004297,2.7809678e-05,0,0.0013488745,66.14016588473979,398.51430009672526,600,830695.1,23.289251,3226.1816,1.313871,842533.75,23.420528,0,,,,,66.14016588473979,2.5470998e-05,398.51430009672526,2.9415392e-05,-0.004403807,0.0031311226
1.0003325,2.7833867e-05,0,0.0013496724,66.14047143985927,398.5150201455343,601,830614.7,23.288565,3227.315,1.3119345,842451.9,23.440899,0,,,,,66.14047143985927,2.5476715e-05,398.5150201455343,2.9416118e-05,-0.0042248536,0.0036895098
1.0004407,2.7849248e-05,0,0.0013504704,66.1407108839682,398.5151567007848,602,830714.94,23.289597,3221.1826,1.3109747,842543.06,23.453854,0,,,,,66.1407108839682,2.5473211e-05,398.5151567007848,2.9414407e-05,-0.004001493,0.0037723468
1.0004463,2.7858137e-05,0,0.0013512681,66.14075300052212,398.51518194225184,603,830724.44,23.289957,3222.884,1.3124865,842547.75,23.46134,0,,,,,66.14075300052212,2.5473639e-05,398.51518194225184,2.9414727e-05,-0.003961807,0.0038661235
1.0003558,2.7864857e-05,0,0.0013520658,66.14068318088266,398.5155129530433,604,830660.0,23.289034,3223.9624,1.3106117,842471.56,23.467,0,,,,,66.14068318088266,2.5475249e-05,398.5155129530433,2.9414072e-05,-0.004022746,0.0040570553
1.0002793,2.7888076e-05,0,0.0013528634,66.14042142122867,398.515678610364,605,830602.2,23.288334,3222.8652,1.3115396,842407.06,23.486553,0,,,,,66.14042142122867,2.5475512e-05,398.515678610364,2.9414703e-05,-0.0042641517,0.004159831
1.00038,2.786835e-05,0,0.0013536611,66.14060474953894,398.515622247346,606,830696.0,23.28952,3222.9873,1.3114738,842491.94,23.46994,0,,,,,66.14060474953894,2.547078e-05,398.515622247346,2.9414961e-05,-0.004002212,0.0041450644
1.0003204,2.7844939e-05,0,0.0013544585,66.14080823468716,398.51556211406773,607,830655.44,23.289217,3222.42,1.310355,842441.75,23.450224,0,,,,,66.14080823468716,2.5482537e-05,398.51556211406773,2.9412457e-05,-0.0040808176,0.0040343795
1.0004247,2.7870972e-05,0,0.001355256,66.14082587309115,398.51552601204753,608,830747.25,23.290096,3224.1973,1.3105026,842529.56,23.472149,0,,,,,66.14082587309115,2.5471294e-05,398.51552601204753,2.941608e-05,-0.0037814074,0.0040240632
1.0002147,2.7878736e-05,8192,0.0013560533,66.14061611132294,398.51566980852624,609,830577.06,23.288017,3223.1084,1.3117105,842352.7,23.478687,8192,,,,,66.14061611132294,2.5477924e-05,398.51566980852624,2.9414414e-05,-0.004172174,0.0040877378
1.0001967,2.7893202e-05,0,0.0013568506,66.14038899442497,398.51564385776965,610,830571.0,23.287794,3227.4204,1.310506,842337.5,23.49087,0,,,,,66.14038899442497,2.547502e-05,398.51564385776965,2.9415247e-05,-0.0042803003,0.0040741507
1.000288,2.7889011e-05,8320,0.0013576478,66.14085703727237,398.51575024271756,611,830653.0,23.289042,3221.1194,1.3113755,842414.44,23.48734,8320,,,,,66.14085703727237,2.5474847e-05,398.51575024271756,2.941691e-05,-0.0038462286,0.0041756066
1.0003449,2.7873868e-05,0,0.001358445,66.14088283212449,398.51540177761484,612,830707.9,23.289616,3228.8303,1.3100591,842462.3,23.474588,0,,,,,66.14088283212449,2.5474874e-05,398.51540177761484,2.9416127e-05,-0.0038409107,0.003952595
1.000339,2.7903383e-05,0,0.0013592421,66.1410756919951,398.51566936581884,613,830732.06,23.289865,3224.366,1.3086733,842457.4,23.499445,0,,,,,66.1410756919951,2.547437e-05,398.51566936581884,2.9414232e-05,-0.0036818553,0.0040940563
1.0003114,2.7877193e-05,0,0.0013600391,66.14091790789172,398.51566850921165,614,830675.75,23.289165,3225.3296,1.3093209,842434.1,23.477388,0,,,,,66.14091790789172,2.5473451e-05,398.51566850921165,2.9416467e-05,-0.003730799,0.0040926104
1.0002638,2.7893588e-05,0,0.0013608361,66.14105882951917,398.51570155124375,615,830675.4,23.289473,3222.9746,1.3096392,842394.0,23.491196,0,,,,,66.14105882951917,2.5480136e-05,398.51570155124375,2.9413983e-05,-0.003684344,0.004100468
1.0003096,2.7899137e-05,0,0.001361633,66.14102582710596,398.5157939059349,616,830714.44,23.289743,3223.6345,1.3119149,842432.56,23.495869,0,,,,,66.14102582710596,2.5472873e-05,398.5157939059349,2.9416478e-05,-0.003630907,0.00422539
1.0002563,2.7884436e-05,0,0.0013624298,66.14096848590945,398.5157905179977,617,830666.25,23.28913,3222.6218,1.3117303,842387.75,23.483488,0,,,,,66.14096848590945,2.5475416e-05,398.5157905179977,2.9414086e-05,-0.0038039854,0.00421305
1.0002481,2.7887383e-05,0,0.0013632266,66.14102617864886,398.5158304901945,618,830667.75,23.289288,3219.216,1.3117454,842380.75,23.48597,0,,,,,66.14102617864886,2.5475923e-05,398.5158304901945,2.9416062e-05,-0.0036935438,0.0042079026
1.0002642,2.7838993e-05,0,0.0013640232,66.14107665562888,398.51590684646334,619,830695.1,23.290018,3248.5396,1.3126975,842394.3,23.445217,0,,,,,66.14107665562888,2.5478505e-05,398.51590684646334,2.9420047e-05,-0.0036474343,0.004263915
1.0003028,2.778117e-05,0,0.0013648198,66.14131316906553,398.51566810753116,620,830735.9,23.290236,3220.458,1.3101306,842426.9,23.39652,0,,,,,66.14131316906553,2.548014e-05,398.51566810753116,2.9415023e-05,-0.0034663165,0.0041084867
1.000342,2.7859016e-05,0,0.0013656163,66.14112885080796,398.5160854071335,621,830766.75,23.290451,3219.7944,1.3107282,842459.94,23.46208,0,,,,,66.14112885080796,2.5474008e-05,398.5160854071335,2.9413994e-05,-0.0036060929,0.004426091
1.0001011,2.786228e-05,0,0.0013664128,66.14060300960374,398.5162947299587,622,830573.1,23.287876,3219.8757,1.311063,842257.0,23.464828,0,,,,,66.14060300960374,2.5475236e-05,398.5162947299587,2.9415552e-05,-0.004105369,0.004559001
1.0001494,2.7833483e-05,0,0.0013672092,66.14091304016361,398.51629744767024,623,830620.44,23.288807,3216.7114,1.3111497,842297.7,23.440577,0,,,,,66.14091304016361,2.5479085e-05,398.51629744767024,2.9414326e-05,-0.0038798694,0.004527602
1.0000991,2.7848693e-05,8192,0.0013680055,66.14087118695318,398.51627807771223,624,830590.7,23.28839,3215.939,1.3117615,842255.3,23.453386,8192,,,,,66.14087118695318,2.5479801e-05,398.51627807771223,2.9416473e-05,-0.003832047,0.004562726
1.0001063,2.7841985e-05,0,0.0013688018,66.14078507436271,398.5161247669336,625,830606.3,23.288122,3213.6335,1.3102411,842261.44,23.447737,0,,,,,66.14078507436271,2.5474414e-05,398.5161247669336,2.9413963e-05,-0.003956288,0.0043892544
1.0000473,2.7740087e-05,128,0.0013695981,66.14039767584862,398.5165612440233,626,830559.9,23.287832,3215.2236,1.3118054,842211.7,23.361921,128,,,,,66.14039767584862,2.5476784e-05,398.5165612440233,2.9414463e-05,-0.0044135805,0.0047066775
0.999998,2.7813032e-05,0,0.0013703941,66.14083570467749,398.5164841580353,627,830532.4,23.287218,3215.5696,1.3108497,842170.2,23.423353,0,,,,,66.14083570467749,2.5475441e-05,398.5164841580353,2.9416107e-05,-0.0038675668,0.0046618786
1.000078,2.7829718e-05,0,0.0013711902,66.14088688303526,398.5163709605656,628,830600.9,23.288422,3211.8794,1.3119489,842237.5,23.437405,0,,,,,66.14088688303526,2.5478468e-05,398.5163709605656,2.9415583e-05,-0.0039910283,0.0045543243
1.0000701,2.78384e-05,0,0.0013719862,66.14104899451455,398.5166465933199,629,830602.0,23.288158,3213.8,1.3099735,842230.94,23.444717,0,,,,,66.14104899451455,2.5473097e-05,398.5166465933199,2.941638e-05,-0.0036884127,0.0047974386
1.0000771,2.7808954e-05,0,0.0013727822,66.14105707674736,398.51668200993976,630,830618.8,23.288626,3214.1135,1.3111278,842236.8,23.419918,0,,,,,66.14105707674736,2.547729e-05,398.51668200993976,2.9415605e-05,-0.0037098047,0.0048362617
1.0001086,2.779955e-05,0,0.001373578,66.14105832232805,398.5165655924833,631,830649.25,23.289013,3210.7908,1.3111469,842263.3,23.411999,0,,,,,66.14105832232805,2.5476731e-05,398.5165655924833,2.9412797e-05,-0.0037300843,0.004750066
1.0001363,2.7783393e-05,0,0.0013743738,66.14116251110305,398.51618282951347,632,830681.8,23.289364,3211.8223,1.3106921,842286.6,23.398392,0,,,,,66.14116251110305,2.54752e-05,398.51618282951347,2.9414015e-05,-0.0035901635,0.004497445
1.0002156,2.7861928e-05,0,0.0013751695,66.1419605711279,398.5160881157813,633,830756.75,23.291887,3216.1533,1.3107488,842353.5,23.464533,0,,,,,66.1419605711279,2.5476027e-05,398.5160881157813,2.9418254e-05,-0.002771914,0.0043998193
1.0001721,2.7836008e-05,0,0.0013759651,66.14143003291619,398.51620460973584,634,830725.94,23.290707,3210.0256,1.309968,842316.9,23.442703,0,,,,,66.14143003291619,2.54779e-05,398.51620460973584,2.9414156e-05,-0.003366527,0.004415354
1.0002009,2.7824875e-05,0,0.0013767607,66.14131816744252,398.51640527511177,635,830757.4,23.290802,3212.207,1.3111664,842341.06,23.433327,0,,,,,66.14131816744252,2.5471081e-05,398.51640527511177,2.9415778e-05,-0.003378625,0.0045919702
1.0000654,2.7830463e-05,0,0.0013775562,66.14153805753058,398.5165409027731,636,830653.94,23.290474,3211.1707,1.3101739,842227.0,23.438034,0,,,,,66.14153805753058,2.5479736e-05,398.5165409027731,2.9413995e-05,-0.0033585932,0.0046610064
1.0001165,2.7859247e-05,0,0.0013783516,66.14160468594356,398.5162829746442,637,830698.6,23.29102,3209.9817,1.3096229,842269.94,23.462275,0,,,,,66.14160468594356,2.5477335e-05,398.5162829746442,2.9417364e-05,-0.0031743112,0.004533175
0.99996483,2.785095e-05,0,0.0013791469,66.14121885263518,398.51605179560863,638,830583.9,23.288034,3209.0474,1.3104936,842142.25,23.455288,0,,,,,66.14121885263518,2.5478532e-05,398.51605179560863,2.9415469e-05,-0.0035730554,0.0042649372
1.0000249,2.7826098e-05,0,0.0013799423,66.14118733061517,398.51604044127055,639,830636.94,23.288708,3211.8354,1.3094999,842192.8,23.434357,0,,,,,66.14118733061517,2.547806e-05,398.51604044127055,2.941459e-05,-0.0036209056,0.0042952094
1.0000576,2.7831496e-05,0,0.0013807374,66.14128061966623,398.5164236596922,640,830673.94,23.289213,3208.9172,1.3104522,842220.4,23.438904,0,,,,,66.14128061966623,2.5475885e-05,398.5164236596922,2.9414461e-05,-0.0034635891,0.004563429
0.99981683,2.7834454e-05,0,0.0013815326,66.14017624295464,398.51630985677474,641,830480.0,23.286537,3212.9346,1.3111998,842017.6,23.441395,0,,,,,66.14017624295464,2.5474974e-05,398.51630985677474,2.9414685e-05,-0.0045004888,0.0045371563
0.99989337,2.7844728e-05,0,0.0013823276,66.14066313399998,398.5163714693091,642,830550.3,23.28745,3211.0356,1.3099378,842082.06,23.450047,0,,,,,66.14066313399998,2.547564e-05,398.5163714693091,2.9415078e-05,-0.004093291,0.0046221865
0.99987257,2.7803533e-05,0,0.0013831226,66.14049361304754,398.51640668774775,643,830541.25,23.287342,3212.3506,1.3119745,842064.56,23.415354,0,,,,,66.14049361304754,2.5472888e-05,398.51640668774775,2.9415538e-05,-0.004106816,0.0046000713
0.99985105,2.7856491e-05,0,0.0013839176,66.14062438599015,398.51646748159874,644,830529.06,23.287142,3208.1313,1.3097935,842046.44,23.459953,0,,,,,66.14062438599015,2.5477222e-05,398.51646748159874,2.941282e-05,-0.0041528177,0.0045913304
0.99987227,2.7842168e-05,0,0.0013847125,66.14058208130169,398.5162800408357,645,830545.56,23.287245,3209.3547,1.310761,842064.3,23.447891,0,,,,,66.14058208130169,2.5474685e-05,398.5162800408357,2.9413817e-05,-0.0041615767,0.0045380937
1.0000768,2.7871554e-05,8192,0.0013855073,66.14121452678793,398.5158237562648,646,830726.75,23.289957,3211.4827,1.3102734,842236.5,23.47264,8192,,,,,66.14121452678793,2.5476334e-05,398.5158237562648,2.9413699e-05,-0.0035383366,0.004117261
1.0000128,2.7874241e-05,0,0.001386302,66.14134816097376,398.5159575905705,647,830683.0,23.289616,3223.737,1.3105667,842182.6,23.474901,0,,,,,66.14134816097376,2.5481311e-05,398.5159575905705,2.9416811e-05,-0.003471272,0.0042001125
0.99989575,2.7898028e-05,0,0.0013870966,66.14092148859291,398.5158939932631,648,830588.5,23.288006,3213.6858,1.3095654,842084.06,23.494934,0,,,,,66.14092148859291,2.5475889e-05,398.5158939932631,2.9418314e-05,-0.003789631,0.004114246
0.9999588,2.7883638e-05,0,0.0013878912,66.1408342856639,398.51587252936554,649,830651.06,23.288874,3214.4866,1.3092452,842137.2,23.482815,0,,,,,66.1408342856639,2.5479198e-05,398.51587252936554,2.941262e-05,-0.0039833235,0.0040991437
1.0000422,2.7867756e-05,0,0.0013886858,66.1412153025372,398.51564917145697,650,830729.0,23.289993,3207.3435,1.3120443,842207.44,23.46944,0,,,,,66.1412153025372,2.5477393e-05,398.51564917145697,2.941293e-05,-0.0035741483,0.0038943023
1.0000553,2.7886907e-05,0,0.0013894802,66.14121791111211,398.5155986911874,651,830741.4,23.290058,3211.5276,1.3097675,842218.5,23.485569,0,,,,,66.14121791111211,2.5475434e-05,398.5155986911874,2.9415276e-05,-0.00352529,0.003915235
1.0000453,2.7907345e-05,0,0.0013902745,66.14138186410469,398.5156932233102,652,830742.25,23.29009,3207.3823,1.3094847,842210.06,23.50278,0,,,,,66.14138186410469,2.5477246e-05,398.5156932233102,2.9412022e-05,-0.003423084,0.0040059397
0.99995106,2.7861868e-05,0,0.0013910688,66.14109614009506,398.5162381802727,653,830674.9,23.28905,3207.3943,1.3120745,842130.7,23.464481,0,,,,,66.14109614009506,2.5473862e-05,398.5162381802727,2.9413435e-05,-0.0036689017,0.0044024163
0.9999945,2.7848024e-05,0,0.001391863,66.14124011144447,398.5158937151494,654,830716.25,23.289677,3208.3762,1.3108209,842167.25,23.452822,0,,,,,66.14124011144447,2.5474006e-05,398.5158937151494,2.9415009e-05,-0.003463406,0.004144186
0.9998575,2.7896465e-05,0,0.0013926572,66.1410092508742,398.5160874147818,655,830610.0,23.288496,3209.3428,1.3121933,842051.9,23.493618,0,,,,,66.1410092508742,2.5478703e-05,398.5160874147818,2.9413255e-05,-0.003823232,0.0042771115
0.9999683,2.7922084e-05,0,0.0013934512,66.14087783593757,398.5161097676887,656,830702.0,23.289223,3208.0793,1.3093265,842145.2,23.515194,0,,,,,66.14087783593757,2.547097e-05,398.5161097676887,2.941517e-05,-0.003752489,0.004238737
0.9999227,2.7863032e-05,0,0.0013942453,66.1411096753493,398.51629630928073,657,830675.4,23.289223,3207.1094,1.3099709,842106.75,23.465462,0,,,,,66.1411096753493,2.547674e-05,398.51629630928073,2.9412706e-05,-0.0036156194,0.004463072
0.9998549,2.7887674e-05,0,0.0013950391,66.14083541300523,398.51605415987075,658,830623.6,23.288218,3205.363,1.309839,842049.7,23.486216,0,,,,,66.14083541300523,2.547347e-05,398.51605415987075,2.9411976e-05,-0.003880491,0.0042245486
0.9997227,2.788589e-05,8192,0.001395833,66.14040723624454,398.5162221756847,659,830520.25,23.28698,3204.7385,1.3105738,841938.4,23.484713,8192,,,,,66.14040723624454,2.5474772e-05,398.5162221756847,2.9412084e-05,-0.0042952066,0.0043268674
0.99978876,2.7866918e-05,0,0.0013966268,66.14062523546171,398.51639935226757,660,830581.06,23.287766,3203.7007,1.312104,841994.0,23.468735,0,,,,,66.14062523546171,2.5472951e-05,398.51639935226757,2.9412675e-05,-0.0040833857,0.004495843
0.9997735,2.7881597e-05,0,0.0013974205,66.14042381612943,398.5161014366361,661,830573.0,23.28761,3204.9004,1.3110265,841981.1,23.481096,0,,,,,66.14042381612943,2.5474377e-05,398.5161014366361,2.9412211e-05,-0.0042859213,0.0042443383
0.99972457,2.7848375e-05,0,0.0013982141,66.140421509915,398.51585506202184,662,830543.4,23.287228,3207.4443,1.3115673,841939.94,23.453117,0,,,,,66.140421509915,2.5473755e-05,398.51585506202184,2.941194e-05,-0.0042179925,0.0040822574
0.99982864,2.7873912e-05,0,0.0013990077,66.14087874030803,398.51616391129784,663,830635.2,23.288597,3209.183,1.3103795,842027.56,23.474625,0,,,,,66.14087874030803,2.5475967e-05,398.51616391129784,2.9412782e-05,-0.0038482598,0.004226422
0.9999385,2.7878476e-05,0,0.0013998012,66.14095409248574,398.5153821127202,664,830734.44,23.289606,3203.0002,1.3097172,842120.06,23.478468,0,,,,,66.14095409248574,2.547205e-05,398.5153821127202,2.9413042e-05,-0.0037105572,0.0036732268
0.9998495,2.7884365e-05,0,0.0014005946,66.1409671648457,398.51575775058876,665,830668.4,23.28914,3204.3457,1.3113586,842045.1,23.483429,0,,,,,66.1409671648457,2.5478657e-05,398.51575775058876,2.941154e-05,-0.0038048546,0.0039811307
0.9998943,2.7866776e-05,0,0.001401388,66.1410795495223,398.51578053490323,666,830711.1,23.289389,3204.8044,1.3108066,842082.9,23.468615,0,,,,,66.1410795495223,2.5472322e-05,398.51578053490323,2.9411778e-05,-0.0036200657,0.003952891
0.9998628,2.783919e-05,0,0.0014021813,66.14097475636471,398.5155872215665,667,830693.3,23.289064,3200.5234,1.3097918,842056.3,23.445383,0,,,,,66.14097475636471,2.5470792e-05,398.5155872215665,2.9412777e-05,-0.0036765758,0.0038574738
0.9998641,2.7891929e-05,0,0.0014029745,66.14103138143525,398.51559589639754,668,830695.25,23.289188,3201.0715,1.3090839,842057.44,23.489798,0,,,,,66.14103138143525,2.5476267e-05,398.51559589639754,2.9410641e-05,-0.0037534519,0.0038125098
0.99990183,2.7872273e-05,0,0.0014037676,66.14108419928132,398.5154260304031,669,830737.56,23.289856,3206.4338,1.3095131,842089.2,23.473244,0,,,,,66.14108419928132,2.5471758e-05,398.5154260304031,2.9413812e-05,-0.003548169,0.0037312745
0.9998093,2.7861666e-05,0,0.0014045606,66.14102182037793,398.51532483480884,670,830666.0,23.289068,3201.9038,1.3110809,842011.3,23.464312,0,,,,,66.14102182037793,2.5476565e-05,398.51532483480884,2.9412551e-05,-0.0037052736,0.0036177542
0.9997643,2.791241e-05,0,0.0014053537,66.14068220286958,398.51482326223345,671,830634.56,23.288624,3197.146,1.3101226,841973.4,23.507048,0,,,,,66.14068220286958,2.547801e-05,398.51482326223345,2.941256e-05,-0.0040947446,0.003241835
0.99979955,2.7911748e-05,0,0.0014061466,66.14052934675438,398.51452038935065,672,830670.0,23.288681,3198.9465,1.3092184,842003.06,23.506489,0,,,,,66.14052934675438,2.547328e-05,398.51452038935065,2.9412586e-05,-0.0041038035,0.0030244668
0.99971807,2.7847957e-05,0,0.0014069394,66.14030056250095,398.514354512707,673,830612.6,23.288137,3205.193,1.312186,841934.44,23.452766,0,,,,,66.14030056250095,2.5475925e-05,398.514354512707,2.9411136e-05,-0.004395958,0.0028757488
0.9996262,2.7879018e-05,0,0.0014077321,66.13981313954973,398.5142965182423,674,830538.9,23.286884,3202.5046,1.3109869,841857.06,23.478924,0,,,,,66.13981313954973,2.5473999e-05,398.5142965182423,2.9411305e-05,-0.0047965315,0.0028405006
0.99983245,2.7892607e-05,0,0.0014085248,66.1406382327902,398.51412402841277,675,830716.0,23.289045,3194.5886,1.3117678,842030.75,23.49037,0,,,,,66.1406382327902,2.54714e-05,398.51412402841277,2.9412015e-05,-0.00402583,0.0027457462
0.99977773,2.7903456e-05,0,0.0014093175,66.14048854094077,398.513910786872,676,830679.2,23.288958,3199.3542,1.3113902,841984.7,23.499506,0,,,,,66.14048854094077,2.5476933e-05,398.513910786872,2.9410972e-05,-0.004272319,0.002463613
0.9998399,2.7878454e-05,0,0.00141011,66.14049507349755,398.514016517041,677,830737.4,23.289703,3199.04,1.3119047,842037.06,23.478449,0,,,,,66.14049507349755,2.5477457e-05,398.514016517041,2.9418496e-05,-0.0041285767,0.002621775
0.99975926,2.7907112e-05,0,0.0014109025,66.140767480519,398.5143308506852,678,830675.25,23.289263,3199.624,1.3122456,841969.1,23.502584,0,,,,,66.140767480519,2.5478652e-05,398.5143308506852,2.9411212e-05,-0.0039894287,0.002829795
0.99959147,2.7858305e-05,0,0.0014116949,66.14021799215612,398.51487281122763,679,830540.56,23.287043,3198.7202,1.3110036,841827.8,23.461481,0,,,,,66.14021799215612,2.5474592e-05,398.51487281122763,2.9412442e-05,-0.0043369904,0.0032467027
0.9997294,2.7897946e-05,0,0.0014124872,66.14073360112796,398.5145935905065,680,830661.8,23.288635,3201.3464,1.3101574,841944.0,23.494865,0,,,,,66.14073360112796,2.547387e-05,398.5145935905065,2.9413195e-05,-0.003967783,0.0030414024
0.9998046,2.7855223e-05,0,0.0014132794,66.14094134190422,398.5142930907435,681,830734.7,23.289799,3199.7878,1.3088379,842007.3,23.458885,0,,,,,66.14094134190422,2.5477088e-05,398.5142930907435,2.941189e-05,-0.0037004552,0.0028543593
0.99976164,2.7870938e-05,0,0.0014140717,66.14097265613476,398.51474946432364,682,830706.4,23.289246,3197.2673,1.3100418,841971.1,23.47212,0,,,,,66.14097265613476,2.5474457e-05,398.51474946432364,2.941333e-05,-0.003737953,0.0031313219
0.9997245,2.7869959e-05,0,0.0014148637,66.14086221422428,398.51522490284975,683,830675.25,23.288824,3196.8206,1.3107015,841939.9,23.471296,0,,,,,66.14086221422428,2.5473373e-05,398.51522490284975,2.9411489e-05,-0.0038652697,0.0034907614
0.9996987,2.7855938e-05,0,0.0014156557,66.14060337446142,398.5151463550726,684,830661.8,23.288609,3198.9773,1.309207,841918.1,23.459488,0,,,,,66.14060337446142,2.5474095e-05,398.5151463550726,2.9408922e-05,-0.004051226,0.003405602
0.99970204,2.7887154e-05,0,0.0014164477,66.14073291788135,398.5151680751973,685,830665.7,23.288677,3196.4895,1.3103169,841920.94,23.485777,0,,,,,66.14073291788135,2.54715e-05,398.5151680751973,2.9410243e-05,-0.0038255046,0.0035050667
0.99973804,2.7854609e-05,0,0.0014172395,66.14096735180011,398.51554564210306,686,830708.2,23.289207,3195.765,1.3100038,841951.25,23.458368,0,,,,,66.14096735180011,2.5471267e-05,398.51554564210306,2.9412022e-05,-0.0036766909,0.0037608028
0.99973524,2.7809381e-05,0,0.0014180313,66.14109821917079,398.51565129172644,687,830712.6,23.289236,3194.4998,1.3099198,841948.9,23.420279,0,,,,,66.14109821917079,2.5472793e-05,398.51565129172644,2.9410241e-05,-0.0036408992,0.003849112
0.9997515,2.7861915e-05,0,0.001418823,66.14111119175693,398.51555207377197,688,830730.9,23.289492,3197.9006,1.3101077,841962.6,23.464521,0,,,,,66.14111119175693,2.5470037e-05,398.51555207377197,2.9411129e-05,-0.0035090013,0.0037476844
0.9996532,2.7849683e-05,0,0.0014196147,66.14112444323493,398.5159671624828,689,830655.06,23.288465,3198.02,1.3083457,841879.8,23.45422,0,,,,,66.14112444323493,2.5474701e-05,398.5159671624828,2.940881e-05,-0.0036280109,0.0040050633
0.99958056,2.7845017e-05,0,0.0014204063,66.14046251108621,398.5161011795769,690,830596.7,23.288155,3199.4993,1.3095421,841818.6,23.45029,0,,,,,66.14046251108621,2.5471432e-05,398.5161011795769,2.9411205e-05,-0.0041010436,0.004157456
0.99963564,2.7858208e-05,0,0.0014211978,66.14093490465147,398.51598170124373,691,830654.75,23.288584,3194.1375,1.3094891,841865.0,23.4614,0,,,,,66.14093490465147,2.5473042e-05,398.51598170124373,2.9409408e-05,-0.0037849525,0.004040701
0.9997795,2.7888338e-05,0,0.0014219892,66.14153543747892,398.51531327445525,692,830778.94,23.290113,3196.0884,1.3100123,841986.2,23.486774,0,,,,,66.14153543747892,2.5472435e-05,398.51531327445525,2.9410041e-05,-0.0031969787,0.0035416554
0.9998083,2.7878368e-05,128,0.0014227806,66.14127784399044,398.5153023580064,693,830810.75,23.290646,3194.822,1.3098407,842010.44,23.478378,128,,,,,66.14127784399044,2.54708e-05,398.5153023580064,2.9414427e-05,-0.0033993886,0.003534923
0.9997608,2.7909651e-05,0,0.0014235718,66.1411820936539,398.51530254072776,694,830772.25,23.290129,3193.2625,1.311724,841970.44,23.504723,0,,,,,66.1411820936539,2.5471147e-05,398.51530254072776,2.9409084e-05,-0.0034695182,0.0035311908
0.99971485,2.7869719e-05,0,0.001424363,66.14100545007653,398.5156627556572,695,830745.94,23.289705,3191.953,1.3115135,841931.75,23.471094,0,,,,,66.14100545007653,2.5471096e-05,398.5156627556572,2.9407378e-05,-0.0036543887,0.0037562225
0.999604,2.7827164e-05,0,0.0014251542,66.14096226806448,398.515819711591,696,830662.9,23.28855,3194.7168,1.3088218,841838.4,23.435255,0,,,,,66.14096226806448,2.546928e-05,398.515819711591,2.9409715e-05,-0.003587079,0.003973448
0.9995818,2.7854867e-05,8192,0.0014259452,66.14078467175716,398.5158977412667,697,830644.4,23.288755,3190.412,1.3098712,841819.7,23.458586,8192,,,,,66.14078467175716,2.547324e-05,398.5158977412667,2.9407454e-05,-0.003855698,0.0039328975
0.99956447,2.7840655e-05,0,0.0014267361,66.14061810015004,398.51581969672895,698,830645.1,23.28882,3194.6904,1.3105308,841805.06,23.446617,0,,,,,66.14061810015004,2.547048e-05,398.51581969672895,2.9410136e-05,-0.003912804,0.0039209207
0.9995298,2.78776e-05,0,0.001427527,66.14071589855322,398.5155310758924,699,830620.44,23.28829,3194.2795,1.3102838,841775.9,23.477732,0,,,,,66.14071589855322,2.5474756e-05,398.5155310758924,2.9409875e-05,-0.003947647,0.0036661369
0.99954164,2.7846907e-05,0,0.0014283179,66.14073781004369,398.5159072781973,700,830635.0,23.28858,3190.9797,1.309766,841785.9,23.451881,0,,,,,66.14073781004369,2.5473513e-05,398.5159072781973,2.9407525e-05,-0.003927696,0.00390463
0.9996802,2.784379e-05,0,0.0014291086,66.14105616750692,398.5153567979863,701,830754.7,23.289768,3192.7158,1.3103843,841902.56,23.449257,0,,,,,66.14105616750692,2.546847e-05,398.5153567979863,2.9409892e-05,-0.0034858622,0.0035316788
0.99959725,2.7855873e-05,0,0.0014298992,66.14143012660614,398.5152385507166,702,830688.2,23.288862,3197.0476,1.3082559,841832.7,23.459433,0,,,,,66.14143012660614,2.547485e-05,398.5152385507166,2.9406783e-05,-0.0032674982,0.0034634606
0.999718,2.7906484e-05,0,0.0014314804,66.14168310875036,398.51549142227714,704,830800.06,23.291847,3192.7278,1.3104675,841934.4,23.502056,0,,,,,66.14168310875036,2.5472833e-05,398.51549142227714,2.9408116e-05,-0.0029535717,0.0036675255
0.99965477,2.781643e-05,128,0.0014322709,66.14145943848007,398.5151225596923,705,830754.3,23.290577,3187.774,1.31283,841881.1,23.426214,128,,,,,66.14145943848007,2.547167e-05,398.5151225596923,2.940982e-05,-0.0031532554,0.0033665767
0.99975514,2.7865797e-05,0,0.0014330612,66.14182153300399,398.5156214780889,706,830847.4,23.292301,3190.503,1.3087351,841965.7,23.46779,0,,,,,66.14182153300399,2.5471945e-05,398.5156214780889,2.9407911e-05,-0.002816117,0.0036929292
0.9995748,2.7871452e-05,0,0.0014338514,66.1416167363853,398.51533363879383,707,830704.5,23.290577,3193.1902,1.309988,841813.75,23.472553,0,,,,,66.1416167363853,2.5475318e-05,398.51533363879383,2.940897e-05,-0.0030390373,0.0035427802
0.9996149,2.7849754e-05,0,0.0014346417,66.14131482191372,398.5155271176013,708,830737.4,23.290148,3191.5903,1.3085439,841847.56,23.454279,0,,,,,66.14131482191372,2.547247e-05,398.5155271176013,2.9406661e-05,-0.0034008797,0.0036202187
0.9994739,2.7855098e-05,0,0.0014354318,66.14137941276422,398.5155051313571,709,830634.2,23.287985,3193.7522,1.3093107,841728.8,23.45878,0,,,,,66.14137941276422,2.547157e-05,398.5155051313571,2.9409293e-05,-0.0031716912,0.0035972751
0.9995358,2.7772572e-05,0,0.0014362219,66.14169354222525,398.515498202133,710,830685.0,23.290241,3190.6191,1.3087132,841780.94,23.389278,0,,,,,66.14169354222525,2.5475449e-05,398.515498202133,2.9407922e-05,-0.003031628,0.0036199142
0.99970436,2.78273e-05,0,0.0014370119,66.14187570723935,398.5154623318928,711,830831.9,23.292147,3187.9326,1.3089514,841922.9,23.43537,0,,,,,66.14187570723935,2.5471554e-05,398.5154623318928,2.940756e-05,-0.0027480144,0.003556112
0.9996899,2.782672e-05,0,0.0014378018,66.14196676718056,398.5153430698071,712,830823.75,23.292017,3189.2092,1.3080772,841910.7,23.434881,0,,,,,66.14196676718056,2.5470928e-05,398.5153430698071,2.940791e-05,-0.002692005,0.0035730465
0.99963653,2.7845128e-05,0,0.0014385915,66.14208227801568,398.5153610460962,713,830787.2,23.291777,3190.69,1.310995,841865.75,23.450384,0,,,,,66.14208227801568,2.5474817e-05,398.5153610460962,2.9407285e-05,-0.002640902,0.0034623784
0.9998913,2.7916365e-05,0,0.0014393813,66.14262147467923,398.5148049354123,714,831010.4,23.29584,3188.8176,1.3080686,842080.3,23.510378,0,,,,,66.14262147467923,2.5470168e-05,398.5148049354123,2.9408873e-05,-0.0019916003,0.0030730353
0.9997529,2.7839362e-05,0,0.0014401709,66.14231875704955,398.5149967521201,715,830903.1,23.29318,3190.0254,1.3103708,841963.75,23.445528,0,,,,,66.14231875704955,2.54731e-05,398.5149967521201,2.9404862e-05,-0.0023937786,0.0032566795
0.9999068,2.7842963e-05,0,0.0014409606,66.1424756090794,398.514655049861,716,831031.56,23.296055,3188.4902,1.3102206,842093.4,23.44856,0,,,,,66.1424756090794,2.5470043e-05,398.514655049861,2.9408231e-05,-0.0021042388,0.002964191
0.99999154,2.7868693e-05,0,0.0014417501,66.14300709613767,398.51456992038925,717,831106.0,23.297253,3189.6729,1.3103843,842164.75,23.47023,0,,,,,66.14300709613767,2.5469071e-05,398.51456992038925,2.9405748e-05,-0.001711157,0.002888228
0.9999109,2.7862303e-05,0,0.0014425395,66.14290468566918,398.51510967169247,718,831044.2,23.296387,3188.896,1.3091506,842096.8,23.464848,0,,,,,66.14290468566918,2.5470568e-05,398.51510967169247,2.9405188e-05,-0.0017482047,0.0032647033
0.9999194,2.7847882e-05,0,0.0014433288,66.1429278270149,398.5148591764746,719,831056.56,23.29657,3186.8325,1.3104657,842104.0,23.452703,0,,,,,66.1429278270149,2.5469522e-05,398.5148591764746,2.9405634e-05,-0.001679464,0.00308665
0.9998413,2.7866094e-05,8192,0.0014441181,66.14265111685333,398.51486554025416,720,831003.9,23.295826,3184.9539,1.31005,842038.2,23.46804,8192,,,,,66.14265111685333,2.5471638e-05,398.51486554025416,2.940514e-05,-0.002021254,0.0031045154
0.9997593,2.7833325e-05,0,0.0014449074,66.14226811332766,398.5147546347585,721,830937.75,23.294712,3189.6099,1.3091724,841969.2,23.440443,0,,,,,66.14226811332766,2.547104e-05,398.5147546347585,2.9405448e-05,-0.0023632825,0.0029502353
0.9999536,2.7881393e-05,8192,0.0014456965,66.14291980268277,398.51461336502274,722,831108.25,23.297123,3186.577,1.3087683,842132.8,23.480925,8192,,,,,66.14291980268277,2.5467953e-05,398.51461336502274,2.940556e-05,-0.0016936245,0.0028900101
0.9999409,2.7861963e-05,0,0.0014464855,66.14274691031996,398.51467173463703,723,831101.8,23.297176,3188.227,1.3113341,842122.06,23.464561,0,,,,,66.14274691031996,2.5470035e-05,398.51467173463703,2.9403798e-05,-0.0018495842,0.0029615767
1.0000856,2.7824457e-05,8192,0.0014472745,66.14334246045438,398.51474923158156,724,831227.5,23.298807,3187.9639,1.3101288,842244.0,23.432976,8192,,,,,66.14334246045438,2.546554e-05,398.51474923158156,2.9404564e-05,-0.0012602437,0.0029697095
1.0,2.787966e-05,128,0.0014480634,66.14308838486546,398.5142489946862,725,831166.06,23.297642,3186.4834,1.3091644,842171.9,23.479465,128,,,,,66.14308838486546,2.5465159e-05,398.5142489946862,2.9404297e-05,-0.0015132449,0.0026664473
0.9998822,2.7843547e-05,0,0.0014488522,66.14281754334797,398.51423464290826,726,831072.75,23.296356,3180.6985,1.3105546,842072.7,23.449053,0,,,,,66.14281754334797,2.5470328e-05,398.51423464290826,2.9402861e-05,-0.0018872158,0.0025963793
1.0000385,2.7889377e-05,0,0.001449641,66.1429269110127,398.5145143339061,727,831212.0,23.298294,3185.7031,1.3123,842204.3,23.487648,0,,,,,66.1429269110127,2.5461102e-05,398.5145143339061,2.9403021e-05,-0.0015753917,0.002862407
0.99989563,2.7920243e-05,8192,0.0014504296,66.14301628728232,398.51469865070305,728,831098.56,23.297142,3187.334,1.3111215,842084.0,23.513643,8192,,,,,66.14301628728232,2.547333e-05,398.51469865070305,2.940223e-05,-0.0017039484,0.0028951464
0.9999569,2.7858505e-05,0,0.0014512182,66.14309902482961,398.51478437146534,729,831156.6,23.2978,3186.5476,1.3123796,842135.56,23.461649,0,,,,,66.14309902482961,2.5466761e-05,398.51478437146534,2.9404911e-05,-0.0014440768,0.0030261832
0.99983126,2.7870221e-05,0,0.0014520066,66.1426756350865,398.51448021244033,730,831057.5,23.296116,3186.2004,1.3099632,842029.75,23.471516,0,,,,,66.1426756350865,2.5468567e-05,398.51448021244033,2.9403982e-05,-0.0019411986,0.0027306904
0.9999086,2.7818322e-05,0,0.0014527951,66.14267784297184,398.51380997903556,731,831124.56,23.296982,3186.4148,1.3090321,842094.94,23.427809,0,,,,,66.14267784297184,2.5467125e-05,398.51380997903556,2.94028e-05,-0.0019462168,0.002247054
0.99999374,2.7892467e-05,0,0.0014535835,66.14284323269352,398.51377660674825,732,831203.6,23.297983,3182.8489,1.3096416,842166.6,23.490252,0,,,,,66.14284323269352,2.5465853e-05,398.51377660674825,2.9402989e-05,-0.0017321316,0.0021808757
1.0000432,2.7877913e-05,0,0.0014543717,66.14305678396433,398.5138399096431,733,831249.7,23.298635,3186.8066,1.3092922,842208.25,23.477995,0,,,,,66.14305678396433,2.546431e-05,398.5138399096431,2.9402623e-05,-0.001513671,0.0023051102
0.99994403,2.7880687e-05,0,0.0014551599,66.1429259928299,398.5139309973896,734,831174.44,23.297623,3185.1956,1.308471,842124.75,23.480331,0,,,,,66.1429259928299,2.5467296e-05,398.5139309973896,2.9403649e-05,-0.0016533434,0.0023363102
0.999898,2.789688e-05,0,0.001455948,66.14279122311571,398.5140425379265,735,831144.06,23.297304,3184.0806,1.3104292,842086.0,23.493967,0,,,,,66.14279122311571,2.5464378e-05,398.5140425379265,2.9403996e-05,-0.0016982127,0.002448995
0.99993724,2.7914886e-05,0,0.001456736,66.14291141233717,398.5138254944043,736,831185.25,23.297817,3189.688,1.3093166,842119.0,23.509132,0,,,,,66.14291141233717,2.5466541e-05,398.5138254944043,2.9402536e-05,-0.0016494727,0.0022648186
0.9998764,2.7872384e-05,0,0.001457524,66.14274673867853,398.51370100667936,737,831135.7,23.297197,3184.373,1.3099098,842067.75,23.473337,0,,,,,66.14274673867853,2.5467192e-05,398.51370100667936,2.9403638e-05,-0.0018861595,0.002174122
1.0000008,2.7885028e-05,8192,0.0014583118,66.14329220487963,398.51344304095676,738,831250.8,23.298681,3185.2866,1.3097811,842172.6,23.483986,8192,,,,,66.14329220487963,2.5465635e-05,398.51344304095676,2.9403029e-05,-0.0011841987,0.0019414257
1.000048,2.791764e-05,0,0.0014590997,66.14362043250091,398.51347464614133,739,831293.56,23.299198,3185.573,1.3090812,842212.4,23.511452,0,,,,,66.14362043250091,2.5467376e-05,398.51347464614133,2.94018e-05,-0.0010355614,0.001978661
1.0001543,2.7894683e-05,0,0.0014598874,66.14352900806905,398.51316291677153,740,831388.7,23.300436,3180.961,1.309436,842301.8,23.492117,0,,,,,66.14352900806905,2.5461492e-05,398.51316291677153,2.9405406e-05,-0.00096972607,0.0017323092
1.0000892,2.7894117e-05,0,0.001460675,66.14378336238173,398.51329396520543,741,831339.3,23.299917,3183.2212,1.3116258,842247.0,23.49164,0,,,,,66.14378336238173,2.546832e-05,398.51329396520543,2.9402263e-05,-0.00092682516,0.0018348404
1.0000079,2.7874392e-05,0,0.0014614626,66.14337163903014,398.5136297543153,742,831279.56,23.299068,3181.6702,1.3109187,842178.5,23.475029,0,,,,,66.14337163903014,2.5462645e-05,398.5136297543153,2.9402494e-05,-0.0011782671,0.0021095448
1.0001096,2.7865593e-05,0,0.00146225,66.14345668634176,398.51326645901946,743,831365.9,23.300158,3184.0608,1.3100882,842264.1,23.467619,0,,,,,66.14345668634176,2.546377e-05,398.51326645901946,2.9402627e-05,-0.0010172045,0.0017790082
0.9999029,2.7880964e-05,0,0.0014630374,66.14325011378094,398.51361232983004,744,831203.2,23.29802,3180.0566,1.309958,842090.1,23.480564,0,,,,,66.14325011378094,2.5467138e-05,398.51361232983004,2.940208e-05,-0.0014255744,0.0020037885
0.9999485,2.7909255e-05,0,0.0014638248,66.14325942324437,398.51306284182294,745,831248.7,23.298729,3181.0786,1.3118211,842128.5,23.504389,0,,,,,66.14325942324437,2.5466146e-05,398.51306284182294,2.9403891e-05,-0.0013198286,0.0016248764
1.0000563,2.7840188e-05,0,0.001464612,66.14365909117566,398.51347133009864,746,831338.5,23.299856,3183.4255,1.3110975,842219.25,23.446222,0,,,,,66.14365909117566,2.5466798e-05,398.51347133009864,2.9402268e-05,-0.0010264883,0.0019484026
0.99991745,2.7833721e-05,0,0.001465399,66.14310056208791,398.5132353518383,747,831232.9,23.298506,3185.8345,1.3109075,842102.4,23.440777,0,,,,,66.14310056208791,2.5466108e-05,398.5132353518383,2.94024e-05,-0.0013997537,0.0017232039
1.0000061,2.788429e-05,0,0.0014661861,66.14372347427857,398.5135088725986,748,831315.3,23.299623,3185.9875,1.3113027,842177.0,23.483366,0,,,,,66.14372347427857,2.5467569e-05,398.5135088725986,2.9404051e-05,-0.0008862347,0.0019296914
0.9999999,2.7906548e-05,0,0.0014669732,66.14350501041065,398.5135997453709,749,831314.75,23.299568,3179.8562,1.3121929,842171.75,23.50211,0,,,,,66.14350501041065,2.54646e-05,398.5135997453709,2.9401002e-05,-0.0010627997,0.0020872853
0.9997292,2.7871065e-05,0,0.0014677601,66.14278671678811,398.5137424899453,750,831092.75,23.296694,3184.5667,1.3112177,841943.8,23.472227,0,,,,,66.14278671678811,2.5469e-05,398.5137424899453,2.9402801e-05,-0.0017810251,0.0021460264
0.99979925,2.783494e-05,0,0.0014685469,66.14285097507975,398.51338386553846,751,831157.56,23.297333,3179.0195,1.3094069,842002.8,23.441803,0,,,,,66.14285097507975,2.5464102e-05,398.51338386553846,2.9403662e-05,-0.0016134119,0.0018422445
0.9997519,2.7868591e-05,0,0.0014693337,66.1427190821677,398.5136236876877,752,831125.0,23.297031,3180.1936,1.3107418,841962.94,23.470144,0,,,,,66.1427190821677,2.5467138e-05,398.5136236876877,2.9401852e-05,-0.0018334275,0.0019934294
0.9999563,2.7842132e-05,0,0.0014701204,66.14325321741428,398.51297239652297,753,831305.6,23.299246,3181.8083,1.308426,842135.06,23.44786,0,,,,,66.14325321741428,2.5463405e-05,398.51297239652297,2.940507e-05,-0.0012489918,0.0015137106
1.0000293,2.7879527e-05,0,0.0014709069,66.14361574848634,398.51241350866434,754,831370.7,23.300278,3184.5417,1.3097023,842196.56,23.479353,0,,,,,66.14361574848634,2.546584e-05,398.51241350866434,2.9402217e-05,-0.00097552175,0.0011064103
0.9999612,2.7848957e-05,0,0.0014716934,66.14308851002603,398.51232748311304,755,831318.1,23.299519,3183.2961,1.3078737,842139.2,23.453608,0,,,,,66.14308851002603,2.5467369e-05,398.51232748311304,2.9402972e-05,-0.0014527006,0.0009472338
0.9999134,2.7818824e-05,0,0.0014724799,66.14285781435457,398.51191180497887,756,831286.5,23.29912,3185.2358,1.3092759,842098.94,23.42823,0,,,,,66.14285781435457,2.5467883e-05,398.51191180497887,2.9405657e-05,-0.0016904471,0.0006686521
0.99986446,2.7842416e-05,0,0.0014732663,66.14254105431102,398.5117459736089,757,831252.5,23.295761,3184.1885,1.310332,842057.75,23.4481,0,,,,,66.14254105431102,2.5467702e-05,398.5117459736089,2.9398587e-05,-0.0020248548,0.00055349735
0.9997799,2.7868553e-05,8192,0.0014740526,66.14226418434446,398.51166992188024,758,831191.94,23.29644,3186.5796,1.308927,841986.5,23.470112,8192,,,,,66.14226418434446,2.5464846e-05,398.51166992188024,2.9406681e-05,-0.0021330907,0.00051310495
0.9998042,2.7846965e-05,0,0.0014748387,66.14273767734291,398.51190410459975,759,831217.9,23.296885,3187.2227,1.3128134,842007.0,23.451931,0,,,,,66.14273767734291,2.5469932e-05,398.51190410459975,2.939941e-05,-0.0018391045,0.00065899413
0.99997944,2.7827171e-05,0,0.0014756247,66.14292407183267,398.5116512840048,760,831371.3,23.298632,3186.8198,1.308878,842154.56,23.43526,0,,,,,66.14292407183267,2.5466124e-05,398.5116512840048,2.9399062e-05,-0.0015587382,0.0005200012
0.99992913,2.7883052e-05,0,0.0014764108,66.14276968267168,398.511758221852,761,831330.44,23.298994,3189.7627,1.3094565,842112.2,23.482323,0,,,,,66.14276968267168,2.5465592e-05,398.511758221852,2.9401084e-05,-0.0017025868,0.0005393632
0.99989516,2.7827655e-05,0,0.0014771968,66.14307465541839,398.511709999098,762,831310.8,23.297888,3182.7349,1.3095232,842083.56,23.435669,0,,,,,66.14307465541839,2.546868e-05,398.511709999098,2.94005e-05,-0.0014517386,0.00051872805
0.999841,2.778445e-05,0,0.0014779826,66.14265423024466,398.5118922635364,763,831274.8,23.299074,3181.2556,1.3101479,842037.94,23.399282,0,,,,,66.14265423024466,2.5467225e-05,398.5118922635364,2.9402288e-05,-0.001804279,0.0006758324
0.9998598,2.785951e-05,0,0.0014787684,66.14268644720629,398.5120394815941,764,831291.9,23.299185,3183.113,1.3089583,842053.8,23.462496,0,,,,,66.14268644720629,2.5466547e-05,398.5120394815941,2.940193e-05,-0.0018090865,0.0007269154
0.99979794,2.7930315e-05,0,0.0014795541,66.14285949622816,398.51227996783814,765,831247.44,23.298866,3185.3064,1.3131558,842001.7,23.522125,0,,,,,66.14285949622816,2.5467845e-05,398.51227996783814,2.9402874e-05,-0.0016614225,0.0009199207
0.9998522,2.7898273e-05,0,0.0014803397,66.14282432847628,398.5120015354127,766,831300.75,23.29941,3190.061,1.309829,842047.4,23.495142,0,,,,,66.14282432847628,2.5466545e-05,398.5120015354127,2.9403784e-05,-0.0016881652,0.00072545424
0.9999074,2.7877073e-05,0,0.0014811252,66.1432626917033,398.51217896414073,767,831354.75,23.300081,3187.577,1.3101152,842093.9,23.477287,0,,,,,66.1432626917033,2.5466388e-05,398.51217896414073,2.9401515e-05,-0.0012988327,0.00086365006
0.9999161,2.7847722e-05,128,0.0014819107,66.14358762113238,398.512435411928,768,831363.5,23.30025,3184.2869,1.3101939,842101.2,23.452568,128,,,,,66.14358762113238,2.5470164e-05,398.512435411928,2.9404799e-05,-0.0010186386,0.0010231471
0.99996114,2.790556e-05,8192,0.001482696,66.1437489542779,398.5125425732367,769,831408.3,23.300768,3184.4917,1.3085651,842139.1,23.501278,8192,,,,,66.1437489542779,2.5463258e-05,398.5125425732367,2.9405142e-05,-0.00073574664,0.0011280413
0.99997014,2.788161e-05,0,0.0014834814,66.14386116927449,398.5125091609643,770,831421.2,23.300852,3186.0576,1.3088503,842146.75,23.481108,0,,,,,66.14386116927449,2.5465917e-05,398.5125091609643,2.9400017e-05,-0.0007756291,0.0010777721
0.9998764,2.789828e-05,0,0.0014842666,66.14350615071433,398.5129475645751,771,831344.4,23.299953,3187.4414,1.3105645,842067.75,23.495148,0,,,,,66.14350615071433,2.5463602e-05,398.5129475645751,2.940293e-05,-0.00096609344,0.0014323408
0.9999966,2.7900025e-05,0,0.0014850517,66.14378984597182,398.51256196086644,772,831451.5,23.301224,3188.3752,1.3077272,842169.0,23.496616,0,,,,,66.14378984597182,2.5463682e-05,398.51256196086644,2.9400075e-05,-0.0007311169,0.001145359
1.0000008,2.7933116e-05,0,0.0014858368,66.14363060615234,398.5126251574975,773,831459.8,23.301374,3183.7139,1.3093432,842172.6,23.524485,0,,,,,66.14363060615234,2.5463336e-05,398.5126251574975,2.940149e-05,-0.000895461,0.0011685705
1.0000389,2.793669e-05,0,0.0014866217,66.14375124651824,398.5122939681941,774,831495.7,23.301884,3181.6167,1.3115395,842204.56,23.527494,0,,,,,66.14375124651824,2.5460355e-05,398.5122939681941,2.9402185e-05,-0.0006889746,0.0008501172
0.9999466,2.788694e-05,0,0.0014874067,66.14384386942154,398.5125729044047,775,831424.9,23.300943,3183.3804,1.3095998,842126.9,23.485596,0,,,,,66.14384386942154,2.5466315e-05,398.5125729044047,2.940038e-05,-0.00078997714,0.0010447082
0.9999612,2.7875018e-05,0,0.0014881914,66.14366953709433,398.5123124164849,776,831444.9,23.301188,3180.7686,1.3093066,842139.2,23.475555,0,,,,,66.14366953709433,2.5468167e-05,398.5123124164849,2.9403329e-05,-0.00082196854,0.0008796886
0.999945,2.7901979e-05,0,0.0014889762,66.14371959829765,398.5126523864844,777,831438.56,23.301212,3186.919,1.30966,842125.56,23.498262,0,,,,,66.14371959829765,2.5465071e-05,398.5126523864844,2.9401153e-05,-0.0008369705,0.0011668245
0.99996287,2.7886445e-05,0,0.0014897607,66.14401025615734,398.5127178657187,778,831457.6,23.301426,3184.9443,1.3095627,842140.6,23.48518,0,,,,,66.14401025615734,2.5463924e-05,398.5127178657187,2.9401372e-05,-0.0004954202,0.0011619218
0.99998695,2.7907128e-05,0,0.0014905453,66.14394859655185,398.51254264572646,779,831486.1,23.301731,3185.0889,1.3097196,842160.9,23.502598,0,,,,,66.14394859655185,2.546363e-05,398.51254264572646,2.9401863e-05,-0.00060213247,0.0010269822
0.99998647,2.7907106e-05,0,0.0014913297,66.14416759413999,398.51254761491145,780,831492.4,23.301735,3185.111,1.3085682,842160.5,23.50258,0,,,,,66.14416759413999,2.5464196e-05,398.51254761491145,2.940112e-05,-0.00038784955,0.001102125
0.9999144,2.7890994e-05,0,0.0014921142,66.1436443556765,398.51215412327963,781,831439.56,23.301075,3182.0876,1.3087898,842099.8,23.48901,0,,,,,66.1436443556765,2.5464413e-05,398.51215412327963,2.9402287e-05,-0.00083887,0.00077668
0.9999236,2.792044e-05,128,0.0014928984,66.14370466791553,398.5126052848154,782,831450.9,23.301329,3180.7908,1.309758,842107.5,23.51381,128,,,,,66.14370466791553,2.5463009e-05,398.5126052848154,2.9402445e-05,-0.00079513487,0.001092848
0.999902,2.7905977e-05,0,0.0014936826,66.14368404887415,398.51251264072226,783,831437.9,23.301153,3183.1687,1.3101794,842089.4,23.501629,0,,,,,66.14368404887415,2.5464053e-05,398.51251264072226,2.9400375e-05,-0.0008000957,0.000970151
0.99998146,2.7932356e-05,0,0.0014944668,66.1439374333883,398.51254826476963,784,831511.1,23.302073,3177.529,1.3107945,842156.25,23.523844,0,,,,,66.1439374333883,2.5464342e-05,398.51254826476963,2.9399731e-05,-0.00063065486,0.0010783653
1.0000167,2.7916696e-05,0,0.0014952508,66.14389518944891,398.5119792201504,785,831549.3,23.30243,3181.9436,1.3083405,842185.94,23.510656,0,,,,,66.14389518944891,2.5461699e-05,398.5119792201504,2.9399185e-05,-0.0005702661,0.00063664705
0.9999802,2.7936683e-05,0,0.0014960348,66.14444784457356,398.51211392072673,786,831523.0,23.300674,3177.315,1.311132,842155.2,23.527489,0,,,,,66.14444784457356,2.5465471e-05,398.51211392072673,2.939649e-05,-0.00018507785,0.0007022766
0.9999152,2.7923494e-05,0,0.0014968187,66.14374198731517,398.51210987005504,787,831469.94,23.3014,3179.9648,1.3093971,842100.44,23.51638,0,,,,,66.14374198731517,2.546129e-05,398.51210987005504,2.9401745e-05,-0.0006939116,0.0007392956
0.9999982,2.7920838e-05,0,0.0014976026,66.14429352511877,398.51229337747856,788,831546.3,23.302456,3182.2673,1.3093417,842170.4,23.514145,0,,,,,66.14429352511877,2.5464782e-05,398.51229337747856,2.9398254e-05,-0.00032577553,0.0008505049
0.99988776,2.7929285e-05,0,0.0014983863,66.14393171568793,398.5121008229067,789,831461.0,23.301424,3175.5352,1.3111879,842077.4,23.52126,0,,,,,66.14393171568793,2.5462847e-05,398.5121008229067,2.940214e-05,-0.00048429667,0.000716872
1.0000201,2.7921373e-05,0,0.0014999534,66.14456699000841,398.5121876126539,791,831581.44,23.30146,3176.177,1.3102963,842188.9,23.514595,0,,,,,66.14456699000841,2.5464074e-05,398.5121876126539,2.9395604e-05,-2.6183186e-05,0.00075501594
0.999983,2.7898794e-05,0,0.0015007369,66.14422199504166,398.51153766452114,792,831553.94,23.301054,3177.2888,1.3115755,842157.56,23.495579,0,,,,,66.14422199504166,2.546055e-05,398.51153766452114,2.939828e-05,-0.00026300474,0.00030653123
0.9997728,2.792155e-05,0,0.0015015203,66.14373180200725,398.51200008827755,793,831385.9,23.29886,3175.5466,1.3105301,841980.5,23.514744,0,,,,,66.14373180200725,2.5467116e-05,398.51200008827755,2.9395287e-05,-0.0008669176,0.00061485195
0.99986696,2.7946273e-05,0,0.0015023035,66.14370204259865,398.5117651205271,794,831473.7,23.300018,3174.2239,1.3123007,842059.8,23.535564,0,,,,,66.14370204259865,2.5463432e-05,398.5117651205271,2.9396046e-05,-0.0007900824,0.00040112488
1.000028,2.7877513e-05,0,0.0015030868,66.14436135702142,398.51170307317653,795,831610.25,23.30177,3174.3545,1.3105606,842195.44,23.477657,0,,,,,66.14436135702142,2.5460833e-05,398.51170307317653,2.9396813e-05,-0.0001478451,0.00037267758
1.0000359,2.781218e-05,0,0.0015038699,66.1443471062212,398.5115523576638,796,831626.0,23.301981,3176.6064,1.3108094,842202.06,23.422636,0,,,,,66.1443471062212,2.5462807e-05,398.5115523576638,2.939681e-05,-0.00019667066,0.00024499398
0.9999384,2.7934764e-05,0,0.001504653,66.14434392959194,398.51178520655014,797,831554.44,23.301079,3176.4036,1.3094635,842120.0,23.525873,0,,,,,66.14434392959194,2.5462363e-05,398.51178520655014,2.9398208e-05,-0.00011943164,0.00036975718
0.9999521,2.7962158e-05,0,0.0015054359,66.14441264500634,398.51197484832477,798,831567.8,23.301228,3174.14,1.3113129,842131.5,23.548943,0,,,,,66.14441264500634,2.5464975e-05,398.51197484832477,2.9395207e-05,-0.00025934965,0.00054310856
0.99995345,2.7952014e-05,0,0.0015062188,66.14399288722112,398.5116559927353,799,831571.9,23.3012,3173.4478,1.3105048,842132.7,23.5404,0,,,,,66.14399288722112,2.5460888e-05,398.5116559927353,2.9395585e-05,-0.0004703024,0.0002619922
0.9997543,2.7922582e-05,0,0.0015070016,66.14398747465874,398.5115635233119,800,831415.25,23.299059,3175.736,1.3078269,841964.94,23.515614,0,,,,,66.14398747465874,2.5464067e-05,398.5115635233119,2.9397512e-05,-0.00049795496,0.00023634745
0.9999557,2.7916587e-05,0,0.0015077844,66.1441583073098,398.51171930404985,801,831584.5,23.301516,3176.33,1.3115667,842134.56,23.510565,0,,,,,66.1441583073098,2.5463092e-05,398.51171930404985,2.9396753e-05,-0.00038934825,0.00032019187
0.9998849,2.7945878e-05,0,0.0015085669,66.14406622723799,398.51146734231884,802,831533.3,23.300562,3171.5515,1.3078471,842074.94,23.535233,0,,,,,66.14406622723799,2.5461957e-05,398.51146734231884,2.9396511e-05,-0.00032811574,0.00013847556
0.9998632,2.7924418e-05,0,0.0015093494,66.14390113727526,398.5113769139971,803,831520.06,23.300581,3169.5898,1.3118557,842056.7,23.517159,0,,,,,66.14390113727526,2.5464291e-05,398.5113769139971,2.9395953e-05,-0.0006426961,8.454568e-05
0.9999518,2.7931601e-05,0,0.0015101319,66.1443137514372,398.5116432219638,804,831604.9,23.301563,3169.3745,1.3097392,842131.25,23.523209,0,,,,,66.1443137514372,2.5462554e-05,398.5116432219638,2.9394454e-05,-0.0002166364,0.00024620225
0.99998975,2.7935475e-05,0,0.0015109143,66.1445318351588,398.5112528221151,805,831640.8,23.302044,3171.387,1.3097224,842163.25,23.526472,0,,,,,66.1445318351588,2.5461492e-05,398.5112528221151,2.9395322e-05,0.0,0.0
0.99999946,2.792199e-05,0,0.0015116966,66.14455443906655,398.5114281594984,806,831656.6,23.302315,3177.3516,1.3085026,842171.44,23.515114,0,,,,,66.14455443906655,2.5461499e-05,398.5114281594984,2.9397894e-05,8.983091e-05,8.820026e-05
0.99994963,2.78862e-05,0,0.0015124788,66.14450965335526,398.5114006458374,807,831616.3,23.301783,3175.1553,1.3102602,842129.44,23.484974,0,,,,,66.14450965335526,2.5461813e-05,398.5114006458374,2.9395567e-05,4.513505e-05,8.869623e-05
0.99998057,2.7930988e-05,0,0.0015132609,66.14455431912657,398.51156132107116,808,831649.6,23.302145,3174.942,1.308552,842155.5,23.522692,0,,,,,66.14455431912657,2.5460944e-05,398.51156132107116,2.939489e-05,3.577859e-05,0.00025780126
1.0000288,2.7887347e-05,0,0.001514043,66.14461558970501,398.5114084922943,809,831691.4,23.30277,3172.9854,1.3102555,842196.1,23.485939,0,,,,,66.14461558970501,2.5462052e-05,398.5114084922943,2.9394225e-05,8.600951e-05,3.8078648e-05
1.0000402,2.7883176e-05,0,0.0015148249,66.1444718028077,398.5111044856778,810,831710.2,23.302933,3169.67,1.308946,842205.7,23.482426,0,,,,,66.1444718028077,2.5459656e-05,398.5111044856778,2.9394705e-05,5.111122e-05,-0.00019131387
0.99990004,2.7892469e-05,8192,0.0015156068,66.14436755446887,398.51124851464186,811,831603.7,23.301676,3168.5908,1.3113431,842087.7,23.490253,8192,,,,,66.14436755446887,2.5462477e-05,398.51124851464186,2.9396133e-05,-0.000100518584,-2.4534147e-05
0.99988496,2.789837e-05,0,0.0015163885,66.14411582106251,398.5109050447444,812,831595.4,23.301434,3167.0813,1.3098454,842075.0,23.495222,0,,,,,66.14411582106251,2.5461753e-05,398.5109050447444,2.9395345e-05,-0.00031250028,-0.00031764785
1.0001035,2.784521e-05,0,0.0015171702,66.14485679555327,398.51121727883486,813,831781.44,23.303942,3171.891,1.3112587,842259.06,23.450453,0,,,,,66.14485679555327,2.5480558e-05,398.51121727883486,2.9397555e-05,0.0003811649,-8.631531e-05
0.99999064,2.7843369e-05,0,0.0015179518,66.1447601801536,398.5108798525046,814,831696.25,23.302755,3169.4485,1.3095661,842164.0,23.448902,0,,,,,66.1447601801536,2.546268e-05,398.5108798525046,2.9393512e-05,0.00022889374,-0.00038111355
1.0000904,2.7859764e-05,0,0.0015187333,66.14468922926025,398.51089798004017,815,831788.25,23.304003,3169.7856,1.3107215,842247.94,23.46271,0,,,,,66.14468922926025,2.5456931e-05,398.51089798004017,2.9394481e-05,0.0003489456,-0.00031783571
1.0000608,2.7931803e-05,0,0.0015195147,66.14501623948792,398.51102546482565,816,831765.1,23.303642,3169.6243,1.308962,842223.06,23.523378,0,,,,,66.14501623948792,2.5461679e-05,398.51102546482565,2.9392715e-05,0.00045351143,-0.0002553448
1.0001336,2.7830829e-05,0,0.0015202961,66.14490765332526,398.5108131089974,817,831824.9,23.304365,3171.969,1.3090079,842284.4,23.438341,0,,,,,66.14490765332526,2.5458336e-05,398.5108131089974,2.9394121e-05,0.00050084514,-0.00037850026
1.0001621,2.7879816e-05,8192,0.0015210774,66.14532755238412,398.5109914913186,818,831857.1,23.305004,3174.7024,1.3111079,842308.44,23.479597,8192,,,,,66.14532755238412,2.5457242e-05,398.5109914913186,2.9396138e-05,0.00093895907,-0.0003142259
1.0000325,2.787334e-05,0,0.0015218585,66.14522601406392,398.51130137003133,819,831751.94,23.303608,3168.0386,1.3112166,842199.25,23.474144,0,,,,,66.14522601406392,2.5462714e-05,398.51130137003133,2.9392577e-05,0.0006804325,-1.6938508e-05
0.9999258,2.7863793e-05,0,0.0015226396,66.14469754188099,398.5119325085088,820,831676.3,23.302467,3169.5144,1.3094646,842109.4,23.466103,0,,,,,66.14469754188099,2.5459422e-05,398.5119325085088,2.9393514e-05,0.00034938764,0.00041190267
0.99995255,2.7942486e-05,0,0.0015234207,66.14475791792225,398.5117186551787,821,831697.5,23.302835,3170.5925,1.3101492,842131.94,23.532375,0,,,,,66.14475791792225,2.5460924e-05,398.5117186551787,2.9392073e-05,0.0002690376,0.000293862
1.0000334,2.7879169e-05,0,0.0015242015,66.14535765525935,398.5120237117706,822,831770.9,23.303783,3167.4229,1.3096101,842200.0,23.479052,0,,,,,66.14535765525935,2.545926e-05,398.5120237117706,2.9393574e-05,0.00087353704,0.00051806326
1.0000503,2.7943792e-05,0,0.0015249824,66.14529049327203,398.5120089925171,823,831790.56,23.303963,3170.4136,1.3088372,842214.25,23.533476,0,,,,,66.14529049327203,2.545726e-05,398.5120089925171,2.9393215e-05,0.0008553508,0.00052343245
0.9999945,2.7897058e-05,0,0.0015257631,66.14524202449381,398.51166466156786,824,831750.75,23.303528,3167.069,1.3105445,842167.25,23.494118,0,,,,,66.14524202449381,2.5461282e-05,398.51166466156786,2.9391998e-05,0.00072829396,0.00023616581
1.000008,2.7906852e-05,0,0.0015265438,66.14532500071438,398.51164533188523,825,831767.6,23.303747,3173.5981,1.3097916,842178.56,23.502365,0,,,,,66.14532500071438,2.5457599e-05,398.51164533188523,2.9394432e-05,0.00093920616,0.00022447688
0.9999809,2.7890159e-05,0,0.0015273243,66.14533069182329,398.51148823463836,826,831751.8,23.30352,3168.1895,1.3109967,842155.8,23.488308,0,,,,,66.14533069182329,2.5460768e-05,398.51148823463836,2.9392868e-05,0.0008586342,6.9347996e-05
1.0001488,2.78901e-05,0,0.0015281048,66.14554222144514,398.5116310818567,827,831893.8,23.305252,3165.8508,1.3079001,842297.1,23.488258,0,,,,,66.14554222144514,2.54711e-05,398.5116310818567,2.9397e-05,0.001082151,0.00019983035
1.0001017,2.7933786e-05,0,0.0015288852,66.14587854684267,398.51178597578007,828,831861.44,23.304892,3166.7744,1.3100139,842257.5,23.52505,0,,,,,66.14587854684267,2.5457311e-05,398.51178597578007,2.9393042e-05,0.0013957773,0.0003107757
1.000024,2.7905975e-05,0,0.0015296655,66.14564060472925,398.5115391356105,829,831804.6,23.304205,3166.1853,1.3107245,842192.06,23.501627,0,,,,,66.14564060472925,2.5460728e-05,398.5115391356105,2.939183e-05,0.0010299033,4.4745113e-05
0.9999751,2.7918795e-05,0,0.0015304458,66.14516410290783,398.5115227665166,830,831766.94,23.303608,3164.694,1.308794,842150.9,23.512424,0,,,,,66.14516410290783,2.5458261e-05,398.5115227665166,2.9392624e-05,0.00071566843,7.7849174e-05
1.0000259,2.786069e-05,0,0.0015312259,66.14543901086732,398.51130950113924,831,831814.44,23.304232,3167.6086,1.3087062,842193.6,23.46349,0,,,,,66.14543901086732,2.54641e-05,398.51130950113924,2.9391495e-05,0.0009021944,-6.391733e-05
1.0001938,2.7872065e-05,0,0.0015320058,66.14578426212174,398.51142088357966,832,831961.5,23.306185,3163.1125,1.3100822,842335.1,23.47307,0,,,,,66.14578426212174,2.5456417e-05,398.51142088357966,2.9391162e-05,0.0013041366,3.315767e-05
1.000124,2.7940205e-05,8192,0.0015327858,66.14540583047487,398.51094325918734,833,831916.4,23.30551,3167.1946,1.3073349,842276.25,23.530455,8192,,,,,66.14540583047487,2.5455349e-05,398.51094325918734,2.9392184e-05,0.001010418,-0.0003393271
1.0000592,2.7904205e-05,0,0.0015335657,66.14534997782242,398.51084601367756,834,831865.25,23.304966,3170.0598,1.3088,842221.8,23.500137,0,,,,,66.14534997782242,2.5460167e-05,398.51084601367756,2.9390223e-05,0.00083563064,-0.0005269697
1.0000589,2.791235e-05,0,0.0015343456,66.14512482183859,398.51058515577415,835,831870.6,23.304995,3163.719,1.3085278,842221.5,23.506996,0,,,,,66.14512482183859,2.5457462e-05,398.51058515577415,2.9392306e-05,0.0007666311,-0.00065324514
1.0000131,2.787234e-05,0,0.0015351252,66.14539742830858,398.5106753376475,836,831837.5,23.304693,3162.314,1.3123187,842182.94,23.4733,0,,,,,66.14539742830858,2.5459087e-05,398.5106753376475,2.939109e-05,0.00096184964,-0.00056383316
0.99990404,2.788161e-05,0,0.0015359048,66.144867023774,398.510250878712,837,831747.2,23.30351,3165.355,1.3107708,842091.06,23.481108,0,,,,,66.144867023774,2.545984e-05,398.510250878712,2.9401232e-05,0.0005094981,-0.00087952905
0.99988866,2.7905717e-05,0,0.0015366843,66.14457665369217,398.50990877441984,838,831744.6,23.303423,3169.1272,1.3111094,842078.1,23.50141,0,,,,,66.14457665369217,2.5460122e-05,398.50990877441984,2.939202e-05,0.00023637556,-0.0011300707
0.99994045,2.7868567e-05,128,0.0015374637,66.14470690392407,398.50990678987205,839,831790.9,23.304075,3165.7903,1.3092606,842121.75,23.470123,128,,,,,66.14470690392407,2.546162e-05,398.50990678987205,2.9391666e-05,0.00028751063,-0.0012286409
0.9999975,2.7904887e-05,0,0.0015382431,66.14475793451619,398.5093434251712,840,831846.44,23.304705,3164.1038,1.3095206,842169.75,23.500711,0,,,,,66.14475793451619,2.5459834e-05,398.5093434251712,2.9392453e-05,0.0003519653,-0.0016574945
0.99992883,2.7872959e-05,0,0.0015390223,66.14499735902885,398.50965535119076,841,831790.5,23.303984,3166.0386,1.3112034,842111.94,23.473822,0,,,,,66.14499735902885,2.5460513e-05,398.50965535119076,2.9391815e-05,0.0006128103,-0.0013590959
0.9998828,2.7931383e-05,0,0.0015398015,66.14468004190094,398.509768559128,842,831748.6,23.303408,3168.4036,1.3090395,842073.2,23.523026,0,,,,,66.14468004190094,2.5461966e-05,398.509768559128,2.9393334e-05,0.00030785802,-0.0013884883
0.9999914,2.7903992e-05,0,0.0015405806,66.14441775287928,398.5090503893498,843,831819.3,23.304178,3159.652,1.3078686,842164.6,23.499958,0,,,,,66.14441775287928,2.5458887e-05,398.5090503893498,2.9391027e-05,0.00010172585,-0.0018766389
1.0000194,2.7856457e-05,8192,0.0015413596,66.14468614062844,398.50926853776633,844,831860.44,23.304842,3167.9392,1.3088478,842188.25,23.459925,8192,,,,,66.14468614062844,2.5460695e-05,398.50926853776633,2.9389867e-05,0.00026802768,-0.0017575583
1.000006,2.7875392e-05,0,0.0015421385,66.14504959498227,398.50920250212107,845,831913.1,23.305586,3164.4797,1.3106765,842176.94,23.475872,0,,,,,66.14504959498227,2.5459412e-05,398.50920250212107,2.9391762e-05,0.00066604547,-0.001727375
0.9999751,2.7854594e-05,0,0.0015429173,66.14506133741135,398.50909807727317,846,831908.7,23.30548,3166.132,1.3103716,842150.9,23.458355,0,,,,,66.14506133741135,2.5460207e-05,398.50909807727317,2.9390581e-05,0.0006608445,-0.0018414658
0.9999997,2.7909773e-05,0,0.001543696,66.14493803223911,398.5091821268789,847,831885.3,23.305145,3159.221,1.3104098,842171.6,23.504826,0,,,,,66.14493803223911,2.5459449e-05,398.5091821268789,2.9390196e-05,0.00062094687,-0.0017482915
0.99987805,2.7964918e-05,0,0.0015452532,66.1449271605535,398.5102192737034,849,831721.6,23.303211,3167.551,1.3116599,842069.2,23.551268,0,,,,,66.1449271605535,2.5462416e-05,398.5102192737034,2.9390094e-05,0.0005413002,-0.0009881014
0.9998108,2.7968066e-05,0,0.0015460317,66.14491270543522,398.51037673770503,850,831741.2,23.30328,3164.257,1.3094751,842012.56,23.553919,0,,,,,66.14491270543522,2.5460971e-05,398.51037673770503,2.9391857e-05,0.00056874566,-0.00083396496
0.9999173,2.7963399e-05,0,0.00154681,66.14544877793246,398.51084095428087,851,831895.56,23.305336,3166.5938,1.3094214,842102.25,23.549988,0,,,,,66.14544877793246,2.5458867e-05,398.51084095428087,2.9389526e-05,0.001046947,-0.00050886394
1.0000219,2.7978902e-05,0,0.0015475883,66.14594412606725,398.5107872807792,852,831962.25,23.306252,3167.0276,1.3104774,842190.3,23.563044,0,,,,,66.14594412606725,2.545732e-05,398.5107872807792,2.9390882e-05,0.0015662058,-0.00056680467
0.99985105,2.7939306e-05,0,0.0015483665,66.14517182225573,398.5108602586356,853,831799.94,23.304052,3165.4639,1.3089848,842046.44,23.529697,0,,,,,66.14517182225573,2.5459509e-05,398.5108602586356,2.9389299e-05,0.0008331993,-0.00051121716
0.99986035,2.7933283e-05,0,0.0015491446,66.14520811839469,398.51096248592654,854,831797.8,23.304058,3164.669,1.3096156,842054.25,23.524626,0,,,,,66.14520811839469,2.5460427e-05,398.51096248592654,2.9387904e-05,0.00083636673,-0.00047598558
0.99969125,2.7947606e-05,0,0.0015499226,66.14485107292198,398.5107872534138,855,831660.94,23.302303,3168.3823,1.3100661,841911.9,23.536688,0,,,,,66.14485107292198,2.5462457e-05,398.5107872534138,2.9390038e-05,0.0005193806,-0.00058799767
0.99995244,2.7957745e-05,128,0.0015507005,66.14537857336049,398.51061951084114,856,831886.44,23.305298,3167.7375,1.3098527,842131.8,23.545227,128,,,,,66.14537857336049,2.5458065e-05,398.51061951084114,2.9390387e-05,0.0010504685,-0.00066745357
1.0000044,2.7891887e-05,0,0.0015514784,66.14566341141402,398.51041253327185,857,831933.6,23.306,3170.5806,1.311577,842175.56,23.489763,0,,,,,66.14566341141402,2.5458505e-05,398.51041253327185,2.9389294e-05,0.001295752,-0.00092030317
0.9998653,2.7919978e-05,0,0.0015522562,66.14535784802743,398.5103756619445,858,831825.2,23.304539,3167.2192,1.3105679,842058.44,23.51342,0,,,,,66.14535784802743,2.5461812e-05,398.5103756619445,2.938917e-05,0.001017662,-0.0009581586
0.99999887,2.7900776e-05,0,0.0015530338,66.14575168131961,398.5104511839642,859,831940.1,23.306026,3169.6494,1.3100153,842170.94,23.49725,0,,,,,66.14575168131961,2.545854e-05,398.5104511839642,2.938862e-05,0.0014240029,-0.0008618607
0.9999781,2.7889977e-05,0,0.0015538114,66.14554896144894,398.5104325082497,860,831921.56,23.305862,3180.835,1.3086802,842153.44,23.488153,0,,,,,66.14554896144894,2.546134e-05,398.5104325082497,2.9388691e-05,0.0011807573,-0.00089735107
1.0001283,2.7935002e-05,0,0.0015545888,66.14611981130587,398.5098295259519,861,832056.75,23.307545,3168.8345,1.3098683,842279.94,23.526073,0,,,,,66.14611981130587,2.5457917e-05,398.5098295259519,2.9389177e-05,0.0017753912,-0.0013181176
1.0001203,2.7845104e-05,0,0.0015553662,66.1460347270228,398.5098773085712,862,832055.56,23.307512,3173.739,1.3085243,842273.2,23.450363,0,,,,,66.1460347270228,2.5458563e-05,398.5098773085712,2.9388588e-05,0.0017182411,-0.0013708362
1.0001204,2.7910286e-05,0,0.0015561435,66.14611589521132,398.5100626099545,863,832061.9,23.307669,3168.2688,1.3110219,842273.3,23.505259,0,,,,,66.14611589521132,2.5457746e-05,398.5100626099545,2.938759e-05,0.00179378,-0.0011198672
1.0000607,2.7832995e-05,8192,0.0015569207,66.14591184132092,398.50997649354645,864,832013.25,23.306938,3170.2554,1.309069,842222.94,23.440166,8192,,,,,66.14591184132092,2.545763e-05,398.50997649354645,2.938917e-05,0.0016165781,-0.0012367106
1.000112,2.7898865e-05,0,0.0015576979,66.1461813920914,398.51020162737206,865,832060.2,23.307638,3172.3042,1.3090434,842266.25,23.49564,0,,,,,66.1461813920914,2.5459614e-05,398.51020162737206,2.9387711e-05,0.0018286887,-0.0010841637
0.99998397,2.784677e-05,0,0.0015584748,66.14589370166325,398.51016319603247,866,831958.25,23.306162,3173.9827,1.3074425,842158.4,23.451767,0,,,,,66.14589370166325,2.5458918e-05,398.51016319603247,2.9388559e-05,0.001633082,-0.0010572884
0.99996644,2.7824573e-05,0,0.0015592518,66.14585816451024,398.5099873711346,867,831946.06,23.306288,3169.5454,1.309073,842143.6,23.433073,0,,,,,66.14585816451024,2.5460062e-05,398.5099873711346,2.938851e-05,0.0015778766,-0.0012694142
0.99983805,2.7771874e-05,0,0.0015600286,66.14495475949866,398.5104568496057,868,831846.06,23.305363,3170.1643,1.3121005,842035.5,23.38869,0,,,,,66.14495475949866,2.5460226e-05,398.5104568496057,2.9387573e-05,0.0006970546,-0.00087407546
0.99992985,2.785808e-05,0,0.0015608054,66.14529301100885,398.51027937833703,869,831931.56,23.306347,3167.067,1.3099518,842112.8,23.46129,0,,,,,66.14529301100885,2.545885e-05,398.51027937833703,2.9388095e-05,0.0010926548,-0.0010106153
1.000012,2.7855736e-05,0,0.0015615821,66.14596412892448,398.509967144491,870,832004.25,23.30708,3169.8564,1.3092036,842182.06,23.459318,0,,,,,66.14596412892448,2.5459503e-05,398.509967144491,2.9388084e-05,0.0016066214,-0.0012567097
1.000087,2.7888702e-05,0,0.0015623587,66.1461862549008,398.5104788930419,871,832073.3,23.307968,3169.1172,1.3117833,842245.2,23.48708,0,,,,,66.1461862549008,2.5457708e-05,398.5104788930419,2.938702e-05,0.001870238,-0.0008274147
0.9999589,2.7917844e-05,0,0.0015631352,66.14602227650659,398.51007416542404,872,831973.94,23.30648,3170.5938,1.3097662,842137.25,23.511623,0,,,,,66.14602227650659,2.545881e-05,398.51007416542404,2.9388637e-05,0.0017813821,-0.0011867643
0.99990106,2.7893646e-05,0,0.0015639116,66.14584379072114,398.5103333094846,873,831925.94,23.306215,3168.8303,1.3094695,842088.56,23.491243,0,,,,,66.14584379072114,2.5460296e-05,398.5103333094846,2.9388384e-05,0.0015449625,-0.0010059412
0.9998504,2.7838225e-05,0,0.0015646878,66.14543648674639,398.5103664467396,874,831888.06,23.305714,3169.3076,1.3093367,842045.9,23.44457,0,,,,,66.14543648674639,2.5458628e-05,398.5103664467396,2.9389019e-05,0.0011914361,-0.0009827786
0.99991,2.7848015e-05,0,0.0015654641,66.14577818357012,398.51030267099014,875,831946.6,23.306538,3164.769,1.3094778,842096.06,23.452814,0,,,,,66.14577818357012,2.5460318e-05,398.51030267099014,2.9386872e-05,0.0014768876,-0.0010419561
0.9999921,2.7922197e-05,0,0.0015662402,66.14605245988923,398.5105057323407,876,832018.56,23.307598,3171.4407,1.3112255,842165.2,23.51529,0,,,,,66.14605245988923,2.5457915e-05,398.5105057323407,2.9387129e-05,0.0017904321,-0.00088899146
0.99991554,2.7806473e-05,8192,0.0015670162,66.14577811448092,398.5102162235056,877,831953.06,23.306572,3171.155,1.3082258,842100.75,23.41783,8192,,,,,66.14577811448092,2.5458661e-05,398.5102162235056,2.9387656e-05,0.0016052366,-0.001115918
0.99989164,2.7899363e-05,0,0.0015677921,66.14591626695507,398.5104175611185,878,831940.56,23.30668,3168.1245,1.3113223,842080.6,23.49606,0,,,,,66.14591626695507,2.5460547e-05,398.5104175611185,2.938656e-05,0.0016266787,-0.0009872665
0.9999949,2.7826358e-05,0,0.001568568,66.14580945395356,398.51021109058837,879,832034.6,23.307545,3167.7117,1.3079299,842167.56,23.434576,0,,,,,66.14580945395356,2.5456486e-05,398.51021109058837,2.9387096e-05,0.0016283514,-0.0011340172
0.999953,2.7869224e-05,0,0.0015693437,66.14619419914794,398.5102854906224,880,832006.06,23.307402,3171.0762,1.310427,842132.25,23.470676,0,,,,,66.14619419914794,2.5460662e-05,398.5102854906224,2.9387162e-05,0.0018572859,-0.0011217808
0.999851,2.7919847e-05,0,0.0015701194,66.14588892408806,398.5103643638739,881,831926.1,23.306414,3164.1482,1.3119044,842046.4,23.51331,0,,,,,66.14588892408806,2.5459864e-05,398.5103643638739,2.938736e-05,0.0016248762,-0.001037853
0.9998734,2.7894159e-05,0,0.001570895,66.14577261742964,398.5106032297952,882,831947.44,23.30651,3167.3496,1.3096164,842065.25,23.491676,0,,,,,66.14577261742964,2.5458565e-05,398.5106032297952,2.938697e-05,0.0015922171,-0.00087072677
0.9998241,2.7897753e-05,0,0.0015716705,66.14580859425583,398.51029856228416,883,831912.6,23.306175,3168.7654,1.3107185,842023.75,23.494703,0,,,,,66.14580859425583,2.54618e-05,398.51029856228416,2.9387924e-05,0.0015111036,-0.0010574746
0.99987847,2.7875029e-05,0,0.0015724458,66.14584865319088,398.5098836235719,884,831964.6,23.306879,3166.7573,1.311227,842069.5,23.475565,0,,,,,66.14584865319088,2.5459167e-05,398.5098836235719,2.9387957e-05,0.001683131,-0.0014362964
0.9999219,2.785702e-05,0,0.0015732212,66.14630497163954,398.51014907327436,885,832000.6,23.307238,3170.0186,1.3096607,842106.1,23.4604,0,,,,,66.14630497163954,2.5461135e-05,398.51014907327436,2.9388018e-05,0.001976003,-0.0012838427
0.99987334,2.7880953e-05,0,0.0015739964,66.1457782312023,398.5095577051972,886,831968.6,23.30681,3167.0596,1.3096981,842065.2,23.480555,0,,,,,66.1457782312023,2.5460375e-05,398.5095577051972,2.9386854e-05,0.0015292239,-0.001638642
1.0000763,2.7859433e-05,0,0.0015747715,66.14652156024562,398.50972312576664,887,832141.56,23.308788,3169.7095,1.3124822,842236.1,23.462431,0,,,,,66.14652156024562,2.5456022e-05,398.50972312576664,2.938519e-05,0.0022692464,-0.0014923682
0.99995667,2.7915514e-05,0,0.0015755466,66.14619346607542,398.50974294374913,888,832048.9,23.307522,3168.717,1.309809,842135.4,23.50966,0,,,,,66.14619346607542,2.545957e-05,398.50974294374913,2.9385688e-05,0.0018417605,-0.0015314665
0.9999655,2.7917706e-05,0,0.0015763214,66.14621032279372,398.5102482150904,889,832058.9,23.307934,3168.2466,1.3086712,842142.8,23.511507,0,,,,,66.14621032279372,2.5458043e-05,398.5102482150904,2.9386807e-05,0.00201904,-0.0011124173
0.99999374,2.7867165e-05,0,0.0015770963,66.14623851555618,398.5099672184995,890,832088.5,23.308384,3168.787,1.3097308,842166.6,23.468943,0,,,,,66.14623851555618,2.545777e-05,398.5099672184995,2.9385947e-05,0.0019847616,-0.0013592351
1.0001078,2.792712e-05,128,0.001577871,66.14649312069889,398.510142977493,891,832180.9,23.309843,3168.7834,1.3116715,842262.6,23.519436,128,,,,,66.14649312069889,2.5458425e-05,398.510142977493,2.9385443e-05,0.0023168367,-0.0012743643
0.9999913,2.7844984e-05,0,0.0015786457,66.14648942488432,398.51013059127695,892,832096.75,23.308903,3170.254,1.3153237,842164.56,23.450262,0,,,,,66.14648942488432,2.5457079e-05,398.51013059127695,2.9387347e-05,0.0022544768,-0.0012263148
1.000045,2.7914184e-05,0,0.0015794203,66.1465136736636,398.51007910088885,893,832138.94,23.30862,3168.4248,1.3091786,842209.7,23.508541,0,,,,,66.1465136736636,2.5457255e-05,398.51007910088885,2.9384262e-05,0.0022049535,-0.0012738366
1.0000137,2.7917557e-05,0,0.0015801947,66.14649089934818,398.5104830220453,894,832118.75,23.308853,3173.3083,1.3106048,842183.44,23.511381,0,,,,,66.14649089934818,2.545691e-05,398.5104830220453,2.938557e-05,0.0022037758,-0.000942491
0.9998399,2.7827142e-05,0,0.0015809691,66.14611855085522,398.51075337090174,895,831965.5,23.306812,3169.0564,1.30934,842037.06,23.435236,0,,,,,66.14611855085522,2.5459667e-05,398.51075337090174,2.9385841e-05,0.001827077,-0.0007757615
0.9999109,2.7862994e-05,0,0.0015817434,66.1463068370534,398.5107527845025,896,832030.4,23.307663,3167.713,1.3097858,842096.8,23.46543,0,,,,,66.1463068370534,2.5459898e-05,398.5107527845025,2.9385561e-05,0.0019536223,-0.00078376004
0.9998486,2.7832593e-05,0,0.0015825175,66.14615927749053,398.5105764245858,897,831977.6,23.307053,3166.8506,1.3113611,842044.4,23.439827,0,,,,,66.14615927749053,2.5457788e-05,398.5105764245858,2.9386976e-05,0.0019254809,-0.00089903775
0.9997305,2.7847675e-05,0,0.0015832917,66.1456489824343,398.51041423549884,898,831879.5,23.305746,3170.401,1.309926,841944.94,23.452528,0,,,,,66.1456489824343,2.5461413e-05,398.51041423549884,2.9387047e-05,0.0014231991,-0.001066125
0.9998629,2.7880858e-05,0,0.0015840657,66.14599160074913,398.5099471783256,899,832000.94,23.307392,3173.157,1.310984,842056.44,23.480474,0,,,,,66.14599160074913,2.5459207e-05,398.5099471783256,2.93879e-05,0.0018014453,-0.001411608
0.9998392,2.7862126e-05,0,0.0015848395,66.14610955585229,398.509882476174,900,831989.44,23.307245,3172.134,1.3114542,842036.44,23.464699,0,,,,,66.14610955585229,2.546015e-05,398.509882476174,2.9387958e-05,0.0019026682,-0.0014559142
0.999831,2.7901115e-05,0,0.0015856135,66.14599563540234,398.5101617103093,901,831997.3,23.30769,3199.1096,1.3111827,842029.56,23.497534,0,,,,,66.14599563540234,2.546476e-05,398.5101617103093,2.939121e-05,0.0017057253,-0.0012762431
0.9999101,2.784387e-05,0,0.0015863872,66.14626660169664,398.5100742905654,902,832077.75,23.308403,3172.2817,1.3117049,842096.2,23.449324,0,,,,,66.14626660169664,2.5457313e-05,398.5100742905654,2.9386785e-05,0.002090908,-0.0013509112
0.9999815,2.7924405e-05,0,0.0015871607,66.14645389118247,398.5100287166923,903,832136.3,23.309015,3169.8142,1.3093373,842156.3,23.517149,0,,,,,66.14645389118247,2.545769e-05,398.5100287166923,2.9384739e-05,0.0021890255,-0.0013533537
1.0000187,2.7927148e-05,0,0.0015879343,66.14666609689007,398.50986588538194,904,832177.2,23.309025,3172.2542,1.3075736,842187.6,23.519459,0,,,,,66.14666609689007,2.5456173e-05,398.50986588538194,2.938519e-05,0.0023990201,-0.0014444838
0.99991894,2.788233e-05,0,0.0015887078,66.14651765087504,398.5101218721488,905,832093.8,23.30842,3167.6406,1.3086429,842103.6,23.481714,0,,,,,66.14651765087504,2.5458243e-05,398.5101218721488,2.938622e-05,0.0022725621,-0.0013023678
0.99983126,2.789191e-05,8192,0.0015894811,66.146174435229,398.51044584261473,906,832028.44,23.307629,3171.325,1.3092089,842029.75,23.489782,8192,,,,,66.146174435229,2.5458343e-05,398.51044584261473,2.9385528e-05,0.001987395,-0.0010543853
0.999823,2.788426e-05,0,0.0015902544,66.14588943190654,398.51010584825326,907,832024.5,23.307558,3167.6038,1.3100117,842022.8,23.48334,0,,,,,66.14588943190654,2.54577e-05,398.51010584825326,2.9389661e-05,0.0017144998,-0.0013737017
0.9996684,2.7905053e-05,0,0.0015910276,66.14583999702015,398.5102978157623,908,831897.4,23.305983,3172.2134,1.3101921,841892.6,23.50085,0,,,,,66.14583999702015,2.546254e-05,398.5102978157623,2.9389099e-05,0.0015522102,-0.0011859686
0.999954,2.790241e-05,0,0.0015918006,66.1463738188683,398.5100152040318,909,832141.1,23.309036,3170.0786,1.3085543,842133.1,23.498625,0,,,,,66.1463738188683,2.5456631e-05,398.5100152040318,2.9386214e-05,0.0021583487,-0.0014056591
0.99990654,2.7902732e-05,0,0.0015925736,66.14628439603001,398.5100223436632,910,832108.06,23.3087,3168.0276,1.3104252,842093.2,23.498896,0,,,,,66.14628439603001,2.5457035e-05,398.5100223436632,2.9386372e-05,0.0020546922,-0.0013981414
0.9998977,2.7908194e-05,0,0.0015933465,66.14654074865534,398.5099973081414,911,832104.75,23.30862,3167.8892,1.3100421,842085.75,23.503496,0,,,,,66.14654074865534,2.54585e-05,398.5099973081414,2.9386025e-05,0.002297797,-0.001455325
0.99995065,2.7903068e-05,0,0.0015941192,66.14671169714302,398.509683209051,912,832157.3,23.308754,3167.204,1.3098712,842130.3,23.49918,0,,,,,66.14671169714302,2.5455243e-05,398.509683209051,2.9385996e-05,0.0024667666,-0.0016777201
0.99988985,2.7904629e-05,0,0.001594892,66.1465046025032,398.50975873412324,913,832105.8,23.308132,3169.7214,1.30894,842079.1,23.500494,0,,,,,66.1465046025032,2.545752e-05,398.50975873412324,2.9384897e-05,0.002222423,-0.0015957854
0.99993855,2.7901568e-05,0,0.0015972095,66.14702972789604,398.5097112112356,916,832164.4,23.308966,3167.9421,1.3098725,842120.1,23.497915,0,,,,,66.14702972789604,2.5457837e-05,398.5097112112356,2.9386081e-05,0.0027583137,-0.0017410822
0.9999831,2.79137e-05,0,0.0015979818,66.14714448675474,398.50932014315754,917,832210.1,23.311007,3164.6794,1.3104792,842157.6,23.508133,0,,,,,66.14714448675474,2.5456962e-05,398.50932014315754,2.9386265e-05,0.0028492592,-0.0019973242
0.9999858,2.7901579e-05,0,0.0015987541,66.1469087433902,398.5092884806096,918,832211.6,23.309551,3164.3694,1.310285,842159.94,23.497925,0,,,,,66.1469087433902,2.5456977e-05,398.5092884806096,2.9384735e-05,0.0026419815,-0.0020368248
0.9999383,2.7892816e-05,0,0.0015995261,66.14669141237312,398.50941858506013,919,832179.3,23.309122,3161.6814,1.3105346,842119.94,23.490545,0,,,,,66.14669141237312,2.5456424e-05,398.50941858506013,2.9384984e-05,0.0024404775,-0.00196042
1.0000389,2.7919064e-05,0,0.0016002982,66.14714077596808,398.50928659271347,920,832269.0,23.31172,3163.7427,1.3105835,842204.56,23.512651,0,,,,,66.14714077596808,2.545675e-05,398.50928659271347,2.9384364e-05,0.0029231294,-0.0020217698
0.9999042,2.792281e-05,0,0.0016010702,66.14662324241323,398.50885068804297,921,832158.06,23.308826,3163.7178,1.309306,842091.2,23.515804,0,,,,,66.14662324241323,2.5457402e-05,398.50885068804297,2.9385112e-05,0.0023900345,-0.0023025244
0.9998914,2.7946264e-05,8192,0.001601842,66.14659678203667,398.5086408592394,922,832153.94,23.308838,3161.4287,1.310804,842080.44,23.535557,8192,,,,,66.14659678203667,2.5458363e-05,398.5086408592394,2.9385417e-05,0.0023648879,-0.002501335
1.0000607,2.7966782e-05,0,0.0016026137,66.14690405531226,398.5084039716754,923,832297.4,23.312222,3170.4172,1.3112704,842223.0,23.552837,0,,,,,66.14690405531226,2.5459438e-05,398.5084039716754,2.9384992e-05,0.0026638398,-0.002705386
0.99995357,2.792583e-05,8192,0.0016033854,66.14658272437127,398.5083868283855,924,832218.7,23.311123,3172.887,1.3094785,842132.75,23.518349,8192,,,,,66.14658272437127,2.5459376e-05,398.5083868283855,2.9385797e-05,0.0023843367,-0.002758727
0.9999006,2.78978e-05,0,0.0016041569,66.14673287064723,398.50842841452675,925,832179.06,23.310696,3170.4893,1.3108943,842088.1,23.494743,0,,,,,66.14673287064723,2.5461903e-05,398.50842841452675,2.9386472e-05,0.0024535256,-0.0027011114
0.99993736,2.7899543e-05,0,0.0016049284,66.14654795547966,398.5081443169085,926,832216.0,23.311214,3171.8596,1.3110578,842119.1,23.49621,0,,,,,66.14654795547966,2.5460567e-05,398.5081443169085,2.9386161e-05,0.0022574365,-0.0028957073
0.99981934,2.7900509e-05,128,0.0016056998,66.1462363839396,398.508393909713,927,832121.9,23.309036,3168.7808,1.3111827,842019.75,23.497025,128,,,,,66.1462363839396,2.5461983e-05,398.508393909713,2.9387507e-05,0.0019937796,-0.002769893
0.9999942,2.7898745e-05,8192,0.001606471,66.1463310024116,398.5075233462574,928,832271.1,23.311815,3174.4722,1.3092458,842167.0,23.495539,8192,,,,,66.1463310024116,2.5459747e-05,398.5075233462574,2.9385961e-05,0.0021634083,-0.0033764162
1.0000163,2.7889102e-05,0,0.0016072423,66.14653276412746,398.507565835904,929,832292.06,23.312119,3172.1216,1.3099108,842185.6,23.487417,0,,,,,66.14653276412746,2.5458741e-05,398.507565835904,2.9386212e-05,0.0023250142,-0.003380217
0.9999298,2.788266e-05,0,0.0016080133,66.14651477393058,398.50835395100097,930,832222.94,23.311129,3170.9136,1.3091402,842112.75,23.48199,0,,,,,66.14651477393058,2.5460877e-05,398.50835395100097,2.938537e-05,0.0022451142,-0.0028539286
1.0000317,2.787294e-05,0,0.0016087843,66.14668197848557,398.50820707456757,931,832312.06,23.312292,3168.7117,1.308983,842198.56,23.473806,0,,,,,66.14668197848557,2.5457755e-05,398.50820707456757,2.9385108e-05,0.0025232711,-0.002914025
0.9999101,2.7888234e-05,0,0.0016095552,66.14658233405729,398.5082790417168,932,832214.56,23.31101,3170.7065,1.3093264,842096.2,23.486687,0,,,,,66.14658233405729,2.5458858e-05,398.5082790417168,2.9385696e-05,0.0024182084,-0.0028279577
0.99985534,2.785757e-05,0,0.001610326,66.14618838144708,398.5081454576096,933,832174.56,23.30919,3170.0554,1.3113532,842050.06,23.460861,0,,,,,66.14618838144708,2.5458898e-05,398.5081454576096,2.9384159e-05,0.0020102572,-0.0029260966
0.9998985,2.7821392e-05,0,0.0016110967,66.14634023977284,398.508727289924,934,832212.25,23.31002,3167.7556,1.310437,842086.4,23.430393,0,,,,,66.14634023977284,2.545697e-05,398.508727289924,2.9386876e-05,0.0022241643,-0.0025071413
0.99980253,2.785029e-05,0,0.0016118673,66.14635025863427,398.5085871298956,935,832135.44,23.308613,3165.0212,1.3105069,842005.56,23.454731,0,,,,,66.14635025863427,2.54597e-05,398.5085871298956,2.9383235e-05,0.0021619871,-0.00262741
0.9998719,2.790176e-05,0,0.0016126378,66.14638733445607,398.5084341647064,936,832193.06,23.311201,3167.0186,1.3105743,842064.0,23.498077,0,,,,,66.14638733445607,2.5460156e-05,398.5084341647064,2.9386e-05,0.00224718,-0.002704931
0.9999262,2.782185e-05,0,0.0016134082,66.14673620910176,398.50826223092616,937,832250.56,23.311573,3163.9258,1.3121144,842109.75,23.43078,0,,,,,66.14673620910176,2.545776e-05,398.50826223092616,2.9385268e-05,0.002567086,-0.0029238942
1.0000492,2.787032e-05,0,0.0016141785,66.14700144681966,398.50813591577327,938,832356.2,23.31284,3160.3943,1.3104959,842213.3,23.4716,0,,,,,66.14700144681966,2.5457563e-05,398.50813591577327,2.938176e-05,0.0027138926,-0.0030135917
1.0000819,2.7902815e-05,0,0.0016149487,66.14692493178127,398.5075998771566,939,832384.1,23.313156,3160.8062,1.3093412,842240.8,23.498966,0,,,,,66.14692493178127,2.5455442e-05,398.5075998771566,2.9384913e-05,0.0027839367,-0.0034165722
1.0000262,2.7913316e-05,0,0.0016157189,66.14722816839647,398.5079703971235,940,832338.9,23.312563,3162.088,1.3094987,842194.0,23.50781,0,,,,,66.14722816839647,2.5457935e-05,398.5079703971235,2.9382954e-05,0.0029403432,-0.0030880899
0.99992824,2.7867854e-05,0,0.0016164889,66.1471245812825,398.5082795298847,941,832268.3,23.311695,3160.4612,1.3106356,842111.44,23.469522,0,,,,,66.1471245812825,2.546016e-05,398.5082795298847,2.9383747e-05,0.0029199596,-0.0028964872
1.0000309,2.7864484e-05,0,0.0016172589,66.14714086837758,398.50821050406046,942,832357.3,23.31283,3163.9553,1.3098257,842197.9,23.466684,0,,,,,66.14714086837758,2.545573e-05,398.50821050406046,2.9383922e-05,0.003026798,-0.0028914171
1.0000226,2.7867718e-05,0,0.0016180287,66.14754783159306,398.5082268543238,943,832349.3,23.3127,3160.5854,1.3092158,842191.0,23.469408,0,,,,,66.14754783159306,2.545913e-05,398.5082268543238,2.9382296e-05,0.003326839,-0.0029048836
1.0001303,2.786103e-05,0,0.0016187985,66.1476253125867,398.50820401262257,944,832447.56,23.314032,3159.759,1.3116235,842281.6,23.463776,0,,,,,66.1476253125867,2.5453546e-05,398.50820401262257,2.938279e-05,0.0034549735,-0.0029559794
1.0001284,2.7904178e-05,0,0.0016195681,66.1475344159167,398.50830909526843,945,832445.75,23.31394,3156.9897,1.3092506,842280.0,23.500114,0,,,,,66.1475344159167,2.5455576e-05,398.50830909526843,2.9381828e-05,0.003306638,-0.0028776168
0.99998397,2.7863642e-05,0,0.0016203376,66.14695239753063,398.50791121989386,946,832331.06,23.312351,3158.7056,1.3077762,842158.4,23.465975,0,,,,,66.14695239753063,2.5468711e-05,398.50791121989386,2.9387958e-05,0.0027683284,-0.0031813853
1.0000309,2.793928e-05,128,0.0016211071,66.14655476627878,398.50803932933724,947,832366.2,23.313974,3158.202,1.3091614,842197.9,23.529676,128,,,,,66.14655476627878,2.5454257e-05,398.50803932933724,2.9385441e-05,0.00250071,-0.0030258428
1.0000423,2.7844071e-05,128,0.0016218764,66.1472655770056,398.50848470350627,948,832382.44,23.313284,3158.311,1.3098863,842207.56,23.449493,128,,,,,66.1472655770056,2.5462272e-05,398.50848470350627,2.9379971e-05,0.0029295806,-0.002801214
0.99984235,2.7886528e-05,0,0.0016226457,66.14650175454598,398.5081817888619,949,832218.2,23.311127,3160.2756,1.3091583,842039.1,23.48525,0,,,,,66.14650175454598,2.5457146e-05,398.5081817888619,2.9383587e-05,0.0023840447,-0.0030273271
1.0001177,2.7875527e-05,0,0.0016241838,66.14763832039371,398.5080718390739,951,832452.06,23.314075,3155.7026,1.3102056,842270.94,23.475985,0,,,,,66.14763832039371,2.5457566e-05,398.5080718390739,2.9380863e-05,0.0033965283,-0.0031377475
1.0001074,2.7876917e-05,0,0.0016249529,66.14798696033925,398.50824363055114,952,832454.7,23.314014,3160.2612,1.3087784,842262.3,23.477156,0,,,,,66.14798696033925,2.5454883e-05,398.50824363055114,2.9382749e-05,0.0038013107,-0.002911119
1.0000097,2.783921e-05,0,0.0016257217,66.14743860964651,398.50810322808877,953,832375.56,23.31309,3160.0222,1.3105285,842180.0,23.4454,0,,,,,66.14743860964651,2.5457326e-05,398.50810322808877,2.9381314e-05,0.0032172822,-0.003064584
0.99992704,2.7858503e-05,0,0.0016264905,66.14716346797714,398.50827207964835,954,832309.0,23.312126,3151.7493,1.3105725,842110.44,23.461647,0,,,,,66.14716346797714,2.5457517e-05,398.50827207964835,2.9381845e-05,0.0029468979,-0.002942983
1.0001241,2.7870763e-05,0,0.0016272592,66.14803864061628,398.50829810788076,955,832477.7,23.31439,3151.1345,1.311126,842276.4,23.471973,0,,,,,66.14803864061628,2.545443e-05,398.50829810788076,2.9382349e-05,0.003852718,-0.0029212558
1.0001708,2.7872986e-05,0,0.0016280278,66.14801063004491,398.507935769242,956,832519.6,23.315058,3150.831,1.3134265,842315.75,23.473845,0,,,,,66.14801063004491,2.5456193e-05,398.507935769242,2.9380693e-05,0.0037572791,-0.0032224779
1.0001556,2.7863478e-05,0,0.0016287962,66.14803869959445,398.5079486251614,957,832509.8,23.314629,3152.6228,1.3087136,842302.9,23.465837,0,,,,,66.14803869959445,2.5453986e-05,398.5079486251614,2.9380983e-05,0.003870004,-0.0032607361
1.0001762,2.7928783e-05,0,0.0016295646,66.14773104062242,398.50742241360473,958,832530.7,23.315386,3178.8582,1.3097498,842320.25,23.520836,0,,,,,66.14773104062242,2.5458938e-05,398.50742241360473,2.93842e-05,0.0035730822,-0.0036253007
1.0004067,2.7929585e-05,0,0.0016303329,66.14856038313405,398.5072462900133,959,832727.4,23.31761,3156.8313,1.3097655,842514.4,23.521511,0,,,,,66.14856038313405,2.545052e-05,398.5072462900133,2.9379918e-05,0.004344987,-0.0037461622
1.000104,2.7949844e-05,8192,0.001631101,66.14821085286356,398.5077402283828,960,832476.94,23.314356,3158.1218,1.3086337,842259.44,23.538572,8192,,,,,66.14821085286356,2.545733e-05,398.5077402283828,2.9381474e-05,0.004030512,-0.0033461812
1.000166,2.793488e-05,0,0.0016318691,66.14805133636173,398.507487357988,961,832533.75,23.315014,3150.9282,1.3096018,842311.75,23.52597,0,,,,,66.14805133636173,2.5454521e-05,398.507487357988,2.9381128e-05,0.003884429,-0.0035504124
1.0002611,2.7914475e-05,0,0.0016326371,66.14798559844698,398.5074058778537,962,832612.75,23.316141,3153.228,1.3109903,842391.75,23.508785,0,,,,,66.14798559844698,2.5452828e-05,398.5074058778537,2.9378414e-05,0.0038386933,-0.0035969221
1.0002627,2.7918926e-05,0,0.001633405,66.14806106616555,398.50728980769435,963,832616.8,23.316126,3151.3567,1.3100575,842393.1,23.512535,0,,,,,66.14806106616555,2.5455845e-05,398.50728980769435,2.937724e-05,0.0038138193,-0.0037628307
1.0001625,2.7911594e-05,0,0.0016341727,66.14781254817134,398.5071087592036,964,832539.6,23.314972,3153.242,1.3077589,842308.7,23.50636,0,,,,,66.14781254817134,2.5453422e-05,398.5071087592036,2.9381685e-05,0.0036924528,-0.0038688893
1.0002319,2.7920802e-05,0,0.0016349405,66.14820306484002,398.5071726103829,965,832599.44,23.315962,3152.3606,1.310598,842367.1,23.514114,0,,,,,66.14820306484002,2.5453706e-05,398.5071726103829,2.937683e-05,0.0039829933,-0.0038574326
1.0004036,2.7889175e-05,0,0.001635708,66.1485541671223,398.5074282362662,966,832748.06,23.317766,3151.478,1.3090241,842511.8,23.487478,0,,,,,66.1485541671223,2.5448895e-05,398.5074282362662,2.9377527e-05,0.0044296123,-0.0036250877
1.0004339,2.7930317e-05,128,0.0016364756,66.14849989487665,398.5070691180328,967,832776.5,23.318449,3151.221,1.3104084,842537.3,23.522127,128,,,,,66.14849989487665,2.5451995e-05,398.5070691180328,2.9378052e-05,0.004278491,-0.003890258
1.0003523,2.7954557e-05,0,0.001637243,66.14862591830851,398.50697571532316,968,832710.25,23.317255,3149.842,1.3085717,842468.56,23.542542,0,,,,,66.14862591830851,2.5453175e-05,398.50697571532316,2.9375611e-05,0.0043249116,-0.0039953566
1.0003012,2.7912876e-05,0,0.0016380103,66.14878612285938,398.50697830036756,969,832672.94,23.316868,3153.1006,1.3110735,842425.56,23.507439,0,,,,,66.14878612285938,2.5450516e-05,398.50697830036756,2.9381252e-05,0.00467517,-0.003997684
1.0004476,2.7925515e-05,0,0.0016387774,66.14895568940779,398.50636403535617,970,832796.2,23.318432,3151.6377,1.3096137,842548.8,23.518084,0,,,,,66.14895568940779,2.5452347e-05,398.50636403535617,2.937797e-05,0.004705575,-0.0044822902
1.0004002,2.7933896e-05,0,0.0016395445,66.14885595037887,398.50658365501727,971,832759.06,23.31801,3151.7354,1.3104281,842508.9,23.525143,0,,,,,66.14885595037887,2.5451685e-05,398.50658365501727,2.9378998e-05,0.004656801,-0.004296757
1.0003551,2.791492e-05,0,0.0016410784,66.14855856753867,398.5065675642576,973,832729.8,23.317749,3167.1768,1.3090415,842470.94,23.509161,0,,,,,66.14855856753867,2.5454916e-05,398.5065675642576,2.9378343e-05,0.0043332526,-0.004319894
1.0005497,2.7918886e-05,0,0.0016418452,66.14935091014497,398.50643367147956,974,832892.0,23.31989,3147.5295,1.3091996,842634.75,23.5125,0,,,,,66.14935091014497,2.5449144e-05,398.50643367147956,2.9377896e-05,0.005187473,-0.004364656
1.0006231,2.792582e-05,0,0.0016426119,66.14990676712306,398.50661277728557,975,832957.0,23.321129,3150.7202,1.3103024,842696.6,23.518341,0,,,,,66.14990676712306,2.5450146e-05,398.50661277728557,2.9378789e-05,0.005601049,-0.0042809807
1.0006351,2.7813512e-05,0,0.0016433785,66.14976496715711,398.50646856029874,976,832973.3,23.32121,3148.8816,1.3076742,842706.75,23.423758,0,,,,,66.14976496715711,2.5450012e-05,398.50646856029874,2.937907e-05,0.00552491,-0.0043384363
1.0004444,2.781063e-05,0,0.001644145,66.14933658524987,398.50669909863467,977,832817.6,23.318598,3149.29,1.30769,842546.2,23.421331,0,,,,,66.14933658524987,2.5448855e-05,398.50669909863467,2.9378994e-05,0.0051789465,-0.004220935
1.0003791,2.7880527e-05,0,0.0016449114,66.14891654725508,398.5064680729129,978,832770.56,23.318064,3156.9316,1.3082181,842491.1,23.480196,0,,,,,66.14891654725508,2.5452948e-05,398.5064680729129,2.937942e-05,0.0047012563,-0.004475819
1.0004759,2.786295e-05,0,0.0016456777,66.14895175706111,398.5062662504608,979,832850.75,23.319584,3154.7686,1.3071271,842572.7,23.465393,0,,,,,66.14895175706111,2.5450365e-05,398.5062662504608,2.937847e-05,0.004730488,-0.0045044306
1.0003968,2.7870328e-05,0,0.001646444,66.14843914470522,398.5057583491902,980,832784.75,23.318947,3147.411,1.3123962,842506.1,23.471607,0,,,,,66.14843914470522,2.5449643e-05,398.5057583491902,2.93775e-05,0.004332385,-0.00501345
1.0003803,2.791504e-05,0,0.00164721,66.14877804377872,398.5060721782615,981,832769.8,23.318064,3148.2078,1.3090926,842492.1,23.509262,0,,,,,66.14877804377872,2.5452528e-05,398.5060721782615,2.9377545e-05,0.004627276,-0.0047578807
1.0003765,2.7869315e-05,0,0.001647976,66.14864515251,398.5060940376161,982,832773.75,23.318415,3149.3323,1.3090129,842488.9,23.470753,0,,,,,66.14864515251,2.5452062e-05,398.5060940376161,2.9380803e-05,0.004502327,-0.0046852306
1.0004505,2.7850954e-05,0,0.0016487419,66.14903240440235,398.50587486079326,983,832840.75,23.319483,3144.902,1.3102472,842551.3,23.45529,0,,,,,66.14903240440235,2.5451545e-05,398.50587486079326,2.9378189e-05,0.004853494,-0.004889767
1.000406,2.7913924e-05,0,0.0016495078,66.14888320256303,398.5060912873247,984,832803.75,23.318996,3149.3323,1.3086994,842513.8,23.508322,0,,,,,66.14888320256303,2.5450523e-05,398.5060912873247,2.9379724e-05,0.004819809,-0.004716564
1.0002848,2.7883843e-05,0,0.0016502735,66.14890773380836,398.5063019071645,985,832706.94,23.317951,3148.5884,1.3117503,842411.75,23.482988,0,,,,,66.14890773380836,2.5459645e-05,398.5063019071645,2.9378522e-05,0.004683202,-0.004615481
1.0002714,2.7919743e-05,128,0.001651039,66.14839871317106,398.5061940807382,986,832699.6,23.31725,3149.7583,1.309024,842400.44,23.513222,128,,,,,66.14839871317106,2.545218e-05,398.5061940807382,2.9376468e-05,0.004302977,-0.004670482
1.0003235,2.791254e-05,0,0.0016518045,66.1484194629271,398.50608957347265,987,832746.25,23.318422,3150.4053,1.3110781,842444.4,23.507156,0,,,,,66.1484194629271,2.5450678e-05,398.50608957347265,2.9378305e-05,0.004410034,-0.0047318516
1.0002111,2.787743e-05,0,0.00165257,66.14881988103636,398.5060368263894,988,832658.6,23.31705,3149.2358,1.307639,842349.6,23.477587,0,,,,,66.14881988103636,2.545818e-05,398.5060368263894,2.9378576e-05,0.004578911,-0.0047957706
1.0003796,2.7854581e-05,0,0.0016533353,66.14891787773404,398.50623782970246,989,832807.4,23.319038,3153.538,1.3088909,842491.56,23.458345,0,,,,,66.14891787773404,2.5449026e-05,398.50623782970246,2.9379004e-05,0.0049243127,-0.0046396065
1.0002306,2.7897495e-05,0,0.0016541005,66.14850502574576,398.5060461529494,990,832679.56,23.31736,3148.6194,1.3080523,842366.0,23.494486,0,,,,,66.14850502574576,2.54547e-05,398.5060461529494,2.937701e-05,0.004365322,-0.00485751
1.0002455,2.7869237e-05,0,0.0016548656,66.14841304889671,398.50525736508934,991,832699.25,23.317682,3147.882,1.3100795,842378.56,23.470688,0,,,,,66.14841304889671,2.5453055e-05,398.50525736508934,2.9378967e-05,0.004405189,-0.005401926
1.0003668,2.7898217e-05,0,0.0016556305,66.14862914047104,398.5055356483945,992,832804.5,23.319027,3144.009,1.3103966,842480.75,23.495094,0,,,,,66.14862914047104,2.545008e-05,398.5055356483945,2.9379122e-05,0.004561825,-0.0051698084
1.0004314,2.7889922e-05,128,0.0016563954,66.1489356097432,398.5053296855182,993,832861.56,23.319935,3147.4204,1.3102705,842535.2,23.488108,128,,,,,66.1489356097432,2.5454736e-05,398.5053296855182,2.9377225e-05,0.0047912984,-0.0054133176
1.0003847,2.7909959e-05,0,0.0016571602,66.14873430703601,398.50538443599567,994,832821.56,23.31928,3146.0784,1.3100892,842495.8,23.504982,0,,,,,66.14873430703601,2.5450412e-05,398.50538443599567,2.937973e-05,0.004693882,-0.0053407797
1.0003898,2.7909284e-05,0,0.001657925,66.14881647998139,398.50553317178776,995,832824.06,23.319199,3147.8936,1.3073777,842500.2,23.504414,0,,,,,66.14881647998139,2.5452699e-05,398.50553317178776,2.9378001e-05,0.0047194334,-0.005212983
1.0004909,2.790206e-05,0,0.0016586896,66.14900935564411,398.5055083793244,996,832909.44,23.320408,3145.4514,1.3101366,842585.3,23.498331,0,,,,,66.14900935564411,2.5451314e-05,398.5055083793244,2.937625e-05,0.004826977,-0.005292113
1.0004373,2.79109e-05,0,0.0016594541,66.1489290807428,398.50543437340593,997,832868.2,23.319807,3149.0273,1.3090333,842540.1,23.505775,0,,,,,66.1489290807428,2.544859e-05,398.50543437340593,2.9379988e-05,0.004852715,-0.005325144
1.0004553,2.7909402e-05,0,0.0016602185,66.14893253341691,398.5054518923811,998,832881.8,23.320057,3145.3113,1.3083018,842555.3,23.504513,0,,,,,66.14893253341691,2.5450829e-05,398.5054518923811,2.9376135e-05,0.004747026,-0.005306285
1.000445,2.7911175e-05,0,0.0016609827,66.14897412253231,398.50555912455246,999,832875.8,23.319902,3148.6418,1.308157,842546.7,23.506006,0,,,,,66.14897412253231,2.5450396e-05,398.50555912455246,2.9379795e-05,0.004820742,-0.00519958
1.000449,2.7920543e-05,0,0.0016617469,66.14899386542164,398.5051219260168,1000,832885.25,23.320105,3148.5608,1.3083956,842550.0,23.513897,0,,,,,66.14899386542164,2.5450396e-05,398.5051219260168,2.9377936e-05,0.004951626,-0.005557989
1.0004641,2.7878661e-05,0,0.001662511,66.14899874360576,398.5047700019543,1001,832901.4,23.320318,3144.2288,1.310025,842562.7,23.478624,0,,,,,66.14899874360576,2.5450654e-05,398.5047700019543,2.9376832e-05,0.0048634354,-0.0058614267
1.000479,2.7872025e-05,0,0.001663275,66.14881585595914,398.5043306392671,1002,832916.44,23.318983,3143.3396,1.3106072,842575.25,23.473036,0,,,,,66.14881585595914,2.5451203e-05,398.5043306392671,2.9373898e-05,0.004682198,-0.0062161516
1.0004423,2.7875873e-05,0,0.0016640389,66.14847288788494,398.5045223807142,1003,832889.7,23.320122,3148.1597,1.3087176,842544.3,23.476276,0,,,,,66.14847288788494,2.5451207e-05,398.5045223807142,2.937756e-05,0.0043858616,-0.0060374998
1.0004153,2.7823255e-05,0,0.0016648027,66.14835117939482,398.5038361032077,1004,832875.2,23.318375,3144.5723,1.3091105,842521.7,23.431963,0,,,,,66.14835117939482,2.545138e-05,398.5038361032077,2.9374078e-05,0.0043293918,-0.006532656
1.0004348,2.7820444e-05,0,0.0016655663,66.14848531287335,398.5038691061372,1005,832884.6,23.318449,3150.2449,1.308504,842538.06,23.429596,0,,,,,66.14848531287335,2.5456742e-05,398.5038691061372,2.9373394e-05,0.0043597175,-0.0065168324
1.0004743,2.7849617e-05,128,0.0016663299,66.14835603257384,398.503767892687,1006,832914.06,23.319557,3144.036,1.3081173,842571.3,23.454165,128,,,,,66.14835603257384,2.5452844e-05,398.503767892687,2.9377938e-05,0.0042826068,-0.0066898568
1.0004253,2.788646e-05,0,0.0016670934,66.14876371774155,398.504259532592,1007,832872.94,23.31841,3147.1797,1.3081025,842530.06,23.485193,0,,,,,66.14876371774155,2.5452802e-05,398.504259532592,2.9375024e-05,0.004683102,-0.006225043
1.0005213,2.789751e-05,0,0.0016678567,66.14891721612176,398.5043755848658,1008,832958.75,23.320179,3143.7578,1.3080935,842610.9,23.494497,0,,,,,66.14891721612176,2.5450483e-05,398.5043755848658,2.9376039e-05,0.004770575,-0.0061330074
1.0004401,2.7874736e-05,0,0.00166862,66.14848777318706,398.50419435534263,1009,832896.4,23.318665,3143.57,1.3094039,842542.56,23.475319,0,,,,,66.14848777318706,2.544995e-05,398.50419435534263,2.9374452e-05,0.004539829,-0.0063326443
1.0003493,2.7895672e-05,0,0.0016693833,66.14823288089771,398.50421353522034,1010,832823.25,23.31777,3144.8997,1.3089118,842466.06,23.49295,0,,,,,66.14823288089771,2.5453935e-05,398.50421353522034,2.9372324e-05,0.0041103535,-0.0062641166
1.0004592,2.7868535e-05,0,0.0016701462,66.14863164927222,398.5042361618583,1011,832924.94,23.318996,3143.3657,1.3088801,842558.56,23.470097,0,,,,,66.14863164927222,2.5450738e-05,398.5042361618583,2.9372877e-05,0.0045633316,-0.006278997
1.000371,2.7853255e-05,0,0.0016709092,66.14882693891643,398.50435288482817,1012,832852.56,23.318115,3143.82,1.3089068,842484.3,23.457228,0,,,,,66.14882693891643,2.5450941e-05,398.50435288482817,2.9375957e-05,0.0048113586,-0.006232881
1.0003728,2.7883623e-05,0,0.0016716721,66.14894542886317,398.5047029922705,1013,832856.9,23.319656,3146.5166,1.307833,842485.8,23.482803,0,,,,,66.14894542886317,2.5453799e-05,398.5047029922705,2.9376813e-05,0.0047890428,-0.00597872
1.0003675,2.7866756e-05,0,0.0016724349,66.14859452291778,398.5044773850373,1014,832853.2,23.319723,3142.084,1.3110074,842481.4,23.468597,0,,,,,66.14859452291778,2.5450438e-05,398.5044773850373,2.937717e-05,0.004578335,-0.006069181
1.0002797,2.7893946e-05,0,0.0016731975,66.14868271125262,398.505096044273,1015,832790.1,23.318735,3141.341,1.308306,842407.44,23.491497,0,,,,,66.14868271125262,2.5452267e-05,398.505096044273,2.9375273e-05,0.004644574,-0.0056477487
1.0002999,2.7877895e-05,0,0.0016739601,66.14895199766794,398.50503219237726,1016,832815.6,23.319185,3142.436,1.3097413,842424.44,23.47798,0,,,,,66.14895199766794,2.5453082e-05,398.50503219237726,2.9376328e-05,0.0049184277,-0.0057154545
1.000303,2.784167e-05,0,0.0016747225,66.14895055704348,398.5055352505518,1017,832827.44,23.319252,3139.253,1.3090318,842427.06,23.447472,0,,,,,66.14895055704348,2.5451629e-05,398.5055352505518,2.937604e-05,0.0048758355,-0.005330018
1.0004059,2.7848331e-05,0,0.0016754849,66.1492336258588,398.50585044681054,1018,832930.3,23.320585,3139.6309,1.3093098,842513.7,23.453081,0,,,,,66.1492336258588,2.5448768e-05,398.50585044681054,2.9375748e-05,0.0052063065,-0.005080223
1.0004083,2.7861766e-05,0,0.0016762471,66.14922770580098,398.50542490439733,1019,832944.5,23.32075,3143.2693,1.3091648,842515.75,23.464396,0,,,,,66.14922770580098,2.5448455e-05,398.50542490439733,2.9375766e-05,0.005170198,-0.0054545463
1.0002515,2.7841197e-05,0,0.0016770093,66.14922303179426,398.50567468917484,1020,832808.9,23.318983,3142.67,1.3087184,842383.7,23.447073,0,,,,,66.14922303179426,2.5452378e-05,398.50567468917484,2.9376852e-05,0.0051414147,-0.0052120774
1.0002009,2.7797405e-05,0,0.0016777713,66.14857935486175,398.5055772618201,1021,832762.5,23.318367,3142.0525,1.3082976,842341.0,23.410192,0,,,,,66.14857935486175,2.5450936e-05,398.5055772618201,2.9377714e-05,0.0045933407,-0.0053200605
1.0002171,2.7811504e-05,0,0.0016785333,66.14847314055923,398.50565550028733,1022,832760.56,23.31838,3142.322,1.3092157,842354.7,23.422066,0,,,,,66.14847314055923,2.5453432e-05,398.50565550028733,2.9373976e-05,0.0044064675,-0.0052319346
1.0002756,2.7814189e-05,0,0.0016792951,66.14852676954591,398.505605033446,1023,832784.6,23.3186,3143.5488,1.307044,842404.0,23.424328,0,,,,,66.14852676954591,2.545247e-05,398.505605033446,2.937682e-05,0.0045331134,-0.0052676555
1.000133,2.775885e-05,8192,0.0016800568,66.14791406001434,398.50558132717094,1024,832660.44,23.31709,3142.6748,1.3096416,842283.94,23.377722,8192,,,,,66.14791406001434,2.54508e-05,398.50558132717094,2.9377707e-05,0.004038711,-0.0053066243
1.0001067,2.7794724e-05,0,0.0016808185,66.14843542401937,398.5062262442323,1025,832662.44,23.317137,3142.0632,1.3096133,842261.7,23.407934,0,,,,,66.14843542401937,2.5453855e-05,398.5062262442323,2.9375307e-05,0.0043159984,-0.0048502074
1.0003041,2.7710044e-05,0,0.00168158,66.14910597412813,398.50642108133076,1026,832878.25,23.319912,3141.9692,1.3089672,842428.0,23.33662,0,,,,,66.14910597412813,2.5447982e-05,398.50642108133076,2.9375266e-05,0.005133739,-0.0047117528
1.000255,2.7716767e-05,0,0.0016823414,66.14854731875342,398.50584236263313,1027,832769.25,23.318512,3141.78,1.309116,842386.6,23.342281,0,,,,,66.14854731875342,2.5450609e-05,398.50584236263313,2.9375367e-05,0.004565371,-0.0050695017
1.0002236,2.7741113e-05,128,0.0016831028,66.14838787334759,398.5056957903986,1028,832773.8,23.318964,3140.4258,1.308573,842360.25,23.362785,128,,,,,66.14838787334759,2.5456025e-05,398.5056957903986,2.9375704e-05,0.0042581744,-0.0052837445
1.0002536,2.7766691e-05,0,0.0016838639,66.14892054240764,398.5057792003414,1029,832801.94,23.318966,3140.7795,1.3098927,842385.4,23.384327,0,,,,,66.14892054240764,2.5450427e-05,398.5057792003414,2.937771e-05,0.0049107284,-0.005163947
1.0000252,2.7741657e-05,0,0.001684625,66.14817371622951,398.5059175111584,1030,832608.75,23.316578,3141.9036,1.3085487,842193.06,23.363243,0,,,,,66.14817371622951,2.5454e-05,398.5059175111584,2.9376026e-05,0.004159104,-0.0050882325
1.0002254,2.773307e-05,0,0.001685386,66.14843574700835,398.505640289032,1031,832777.25,23.31864,3138.6125,1.3105547,842361.75,23.35601,0,,,,,66.14843574700835,2.545067e-05,398.505640289032,2.9375473e-05,0.004452236,-0.0053687925
1.0003338,2.7718786e-05,0,0.001686147,66.14901857015408,398.5059833694104,1032,832871.94,23.31986,3138.5183,1.3098781,842452.94,23.343983,0,,,,,66.14901857015408,2.5449703e-05,398.5059833694104,2.9373878e-05,0.005001697,-0.005061833
1.000244,2.7620852e-05,0,0.0016869078,66.14873080644878,398.5058953723074,1033,832789.6,23.318808,3143.7903,1.3099784,842377.4,23.261505,0,,,,,66.14873080644878,2.5450356e-05,398.5058953723074,2.9375991e-05,0.004805092,-0.0051900563
1.0002608,2.758984e-05,0,0.0016876685,66.14899213093916,398.50563016569043,1034,832806.9,23.318995,3140.1323,1.3090174,842391.56,23.235388,0,,,,,66.14899213093916,2.5450203e-05,398.50563016569043,2.9375336e-05,0.004978801,-0.0053271046
1.000146,2.7640684e-05,0,0.001688429,66.1487540324222,398.50578135328794,1035,832721.1,23.317844,3141.539,1.3093029,842294.9,23.278208,0,,,,,66.1487540324222,2.545215e-05,398.50578135328794,2.9374634e-05,0.004772629,-0.0052096955
1.0002286,2.7613183e-05,0,0.0016891896,66.14887585507817,398.50623201563275,1036,832795.8,23.318754,3139.2214,1.3093016,842364.44,23.255047,0,,,,,66.14887585507817,2.5448177e-05,398.50623201563275,2.937698e-05,0.004930833,-0.0048200362
1.0002339,2.7607675e-05,8192,0.00168995,66.14971851524582,398.5065432087991,1037,832823.9,23.31926,3142.861,1.3086504,842368.9,23.250408,8192,,,,,66.14971851524582,2.5453202e-05,398.5065432087991,2.9374592e-05,0.005562815,-0.0045926324
1.000255,2.7541877e-05,128,0.0016907102,66.14950163194038,398.5064752155844,1038,832867.0,23.32004,3135.9478,1.3112289,842386.6,23.194994,128,,,,,66.14950163194038,2.5448586e-05,398.5064752155844,2.937723e-05,0.005440369,-0.004665762
1.0002489,2.7511021e-05,0,0.0016914704,66.14947940261548,398.50637845609873,1039,832880.0,23.320068,3138.9485,1.3110397,842381.5,23.169008,0,,,,,66.14947940261548,2.5448728e-05,398.50637845609873,2.937437e-05,0.0054947245,-0.004722739
1.0002183,2.740915e-05,0,0.0016922305,66.14959528083276,398.5068544501596,1040,832873.4,23.319988,3139.1106,1.3112286,842355.7,23.083216,0,,,,,66.14959528083276,2.5451813e-05,398.5068544501596,2.9373425e-05,0.005486833,-0.0045397724
1.0002793,2.7570755e-05,128,0.0016929904,66.14968689252129,398.5064039989026,1041,832945.44,23.321386,3139.9521,1.3071946,842407.1,23.219315,128,,,,,66.14968689252129,2.5448657e-05,398.5064039989026,2.9376153e-05,0.0057630185,-0.004779969
1.0001247,2.746051e-05,0,0.0016937503,66.14923600811251,398.50641047786576,1042,832823.1,23.319237,3139.1528,1.3102671,842276.94,23.126469,0,,,,,66.14923600811251,2.5450297e-05,398.50641047786576,2.9374572e-05,0.0051631625,-0.004762472
1.0001704,2.7502987e-05,0,0.0016945101,66.14898392883764,398.5064659997937,1043,832756.9,23.318316,3137.001,1.3099954,842315.3,23.162243,0,,,,,66.14898392883764,2.5452026e-05,398.5064659997937,2.9374156e-05,0.004907872,-0.0047725
