flux,flux_err,quality,timecorr,centroid_col,centroid_row,cadenceno,sap_flux,sap_flux_err,sap_bkg,sap_bkg_err,pdcsap_flux,pdcsap_flux_err,sap_quality,psf_centr1,psf_centr1_err,psf_centr2,psf_centr2_err,mom_centr1,mom_centr1_err,mom_centr2,mom_centr2_err,pos_corr1,pos_corr2
1.0010833,0.0003392911,0,0.00083444745,286.01173041700105,271.1464665050876,1105,11830.301,3.9714644,1008.61615,0.31550363,13782.323,4.6711593,0,,,,,286.01173041700105,0.0005461532,271.1464665050876,0.0005277472,-0.003674174,-0.01792898
0.9999701,0.00033926696,0,0.0008353114,286.01222249162976,271.14639756095465,1106,11816.452,3.9704483,1009.7291,0.31559727,13766.997,4.670827,0,,,,,286.01222249162976,0.00054656644,271.14639756095465,0.0005281359,-0.0037480681,-0.017866319
1.0016612,0.00033931108,0,0.0008361754,286.0129106139611,271.146030548499,1107,11835.992,3.9719534,1009.59534,0.31585452,13790.279,4.6714344,0,,,,,286.0129106139611,0.00054622995,271.146030548499,0.0005275944,-0.003657597,-0.01801334
1.0007955,0.0003390509,0,0.0008370393,286.01391817526076,271.1461904061454,1108,11825.804,3.9711573,1010.61273,0.31584054,13778.361,4.6678524,0,,,,,286.01391817526076,0.000546789,271.1461904061454,0.000528227,-0.003389583,-0.018135464
1.0007131,0.00033925442,0,0.00083790324,286.0131985320406,271.1464670736517,1109,11825.071,3.9710472,1010.1095,0.3158856,13777.228,4.6706543,0,,,,,286.0131985320406,0.0005463137,271.1464670736517,0.00052785943,-0.0040831855,-0.018031746
1.0006391,0.00033944886,0,0.00083876716,286.0121616795481,271.1466553037592,1110,11824.849,3.9709518,1009.9258,0.31602263,13776.208,4.6733313,0,,,,,286.0121616795481,0.0005466835,271.1466553037592,0.00052821974,-0.0039271656,-0.017946586
0.9997033,0.0003392381,0,0.0008396311,286.0122390478771,271.14604583969077,1111,11813.5,3.9701188,1010.4932,0.31583223,13763.324,4.6704297,0,,,,,286.0122390478771,0.00054707966,271.14604583969077,0.00052862184,-0.003903023,-0.01790851
1.000459,0.00033946347,0,0.000840495,286.0113568909535,271.14759842550296,1112,11822.312,3.9707391,1009.98145,0.31549063,13773.729,4.6735325,0,,,,,286.0113568909535,0.0005463549,271.14759842550296,0.00052789634,-0.0041329856,-0.017700303
1.0006977,0.00033933285,0,0.00084135885,286.0125101646957,271.14726711265536,1113,11824.716,3.9709158,1010.1195,0.31559256,13777.016,4.6717343,0,,,,,286.0125101646957,0.0005465293,271.14726711265536,0.0005281525,-0.004069695,-0.017832033
1.0012299,0.00033954525,0,0.0008422227,286.0118245659944,271.1469788551902,1114,11831.459,3.9713893,1009.48956,0.3155457,13784.342,4.6746583,0,,,,,286.0118245659944,0.00054615387,271.1469788551902,0.000527742,-0.004335483,-0.017721035
1.0006126,0.0003392854,0,0.0008430866,286.01175330041525,271.1467867585656,1115,11824.187,3.9708745,1009.16284,0.3155761,13775.843,4.671081,0,,,,,286.01175330041525,0.0005466728,271.1467867585656,0.0005281851,-0.0039757052,-0.017919734
1.0000924,0.00033940337,0,0.00084395043,286.0122848482188,271.1465708927051,1116,11818.001,3.9703994,1010.0044,0.31565604,13768.682,4.672705,0,,,,,286.0122848482188,0.00054681225,271.1465708927051,0.0005283053,-0.0041287565,-0.017920086
1.0003577,0.00033917557,0,0.0008448143,286.01160909880616,271.1473438763779,1117,11820.488,3.9704988,1009.6185,0.3159384,13772.335,4.669569,0,,,,,286.01160909880616,0.0005466771,271.1473438763779,0.0005282975,-0.004054375,-0.018223787
1.0002644,0.00033927674,0,0.0008456781,286.0120297550976,271.1460878507189,1118,11819.966,3.9706573,1010.23755,0.3161743,13771.05,4.670962,0,,,,,286.0120297550976,0.00054636813,271.1460878507189,0.0005278692,-0.0038410947,-0.018104672
1.0009123,0.00033927013,0,0.0008465419,286.0123302774654,271.1466140562909,1119,11826.283,3.971066,1009.89465,0.31563386,13779.97,4.670871,0,,,,,286.0123302774654,0.00054640765,271.1466140562909,0.0005279648,-0.003837294,-0.018187566
1.0010862,0.00033940666,0,0.0008474057,286.0116780775963,271.147489437123,1120,11829.1875,3.9713829,1008.5286,0.3158341,13782.363,4.6727505,0,,,,,286.0116780775963,0.0005459952,271.147489437123,0.0005275347,-0.0038732146,-0.018304782
1.0009755,0.00033924344,0,0.0008482695,286.0128868706709,271.14629683164975,1121,11827.407,3.971086,1009.5174,0.31590483,13780.84,4.670503,0,,,,,286.0128868706709,0.00054624054,271.14629683164975,0.00052779185,-0.0040772683,-0.018413622
1.0007869,0.00033914112,0,0.00084913324,286.012362642957,271.1468769134589,1122,11825.164,3.9710546,1009.447,0.31551236,13778.243,4.6690946,0,,,,,286.012362642957,0.0005466246,271.1468769134589,0.0005281468,-0.003746539,-0.018522216
1.0011605,0.00033925424,0,0.000849997,286.0116270520317,271.14573562893617,1123,11830.038,3.971279,1008.4765,0.31582278,13783.387,4.670652,0,,,,,286.0116270520317,0.000546185,271.14573562893617,0.000527621,-0.004221774,-0.018407289
1.0011817,0.00033947255,0,0.0008508607,286.012951712536,271.1469415338561,1124,11830.126,3.9713995,1009.1585,0.31582293,13783.678,4.6736574,0,,,,,286.012951712536,0.00054623396,271.1469415338561,0.00052776525,-0.004162913,-0.01848932
1.0012181,0.00033943998,0,0.0008517245,286.0126715700073,271.146633366321,1125,11830.655,3.9715118,1008.5461,0.3161016,13784.18,4.673209,0,,,,,286.0126715700073,0.0005463304,271.146633366321,0.00052792474,-0.0039378037,-0.01808308
1.0009904,0.00033925424,0,0.0008525882,286.0126373222078,271.14625384830447,1126,11827.394,3.9711814,1009.3968,0.31531116,13781.044,4.670652,0,,,,,286.0126373222078,0.00054642814,271.14625384830447,0.0005280179,-0.004258267,-0.01838619
1.0009832,0.0003393053,0,0.0008534519,286.01195475971025,271.14631457658504,1127,11827.465,3.971136,1008.00635,0.3160541,13780.946,4.671355,0,,,,,286.01195475971025,0.00054612756,271.14631457658504,0.00052761834,-0.0042146007,-0.018111823
1.0009531,0.0003395077,0,0.0008543156,286.01207925407107,271.1466001828064,1128,11827.763,3.971184,1009.41876,0.31584492,13780.531,4.6741414,0,,,,,286.01207925407107,0.00054611097,271.1466001828064,0.0005276457,-0.004124286,-0.018002829
1.0011821,0.00033922988,8192,0.00085517927,286.01139236082247,271.1465530376212,1129,11829.747,3.9712877,1008.4061,0.31579494,13783.684,4.6703167,8192,,,,,286.01139236082247,0.0005459585,271.1465530376212,0.0005275686,-0.0040538907,-0.018344847
1.0009336,0.00033935488,0,0.0008560429,286.0122437418375,271.1466694674983,1130,11826.65,3.971162,1010.1289,0.31574947,13780.264,4.6720376,0,,,,,286.0122437418375,0.0005465754,271.1466694674983,0.00052816496,-0.004169576,-0.017961053
1.0006605,0.00033934342,0,0.0008569066,286.01089994143837,271.1466192776097,1131,11823.222,3.9708512,1008.8345,0.31579164,13776.503,4.67188,0,,,,,286.01089994143837,0.00054640754,271.1466192776097,0.0005280254,-0.00453309,-0.018188553
1.0007557,0.0003394993,0,0.0008577702,286.0126885268426,271.1467178493657,1132,11825.63,3.9708889,1007.8498,0.31550187,13777.8125,4.6740255,0,,,,,286.0126885268426,0.0005460085,271.1467178493657,0.00052765646,-0.0042986027,-0.01793605
1.0013086,0.00033947435,0,0.00085863384,286.0116631606561,271.1462731027633,1133,11831.079,3.9714735,1008.99005,0.31546116,13785.425,4.673682,0,,,,,286.0116631606561,0.0005465459,271.1462731027633,0.00052809186,-0.00472749,-0.017938882
1.0006157,0.00033931312,0,0.00085949746,286.0113477609141,271.14633619520504,1134,11822.637,3.9708326,1009.379,0.31632805,13775.886,4.6714625,0,,,,,286.0113477609141,0.0005463845,271.14633619520504,0.00052779994,-0.004329344,-0.018228348
0.9998484,0.00033938818,0,0.00086036103,286.0112832038926,271.1462498166163,1135,11814.807,3.9699562,1008.9073,0.31575307,13765.322,4.672496,0,,,,,286.0112832038926,0.0005467675,271.1462498166163,0.00052833953,-0.0045130462,-0.018031754
1.0013478,0.00033940948,8192,0.0008612246,286.0120156234056,271.14649835790067,1136,11831.771,3.9714441,1008.57446,0.31560016,13785.964,4.672789,8192,,,,,286.0120156234056,0.00054622785,271.14649835790067,0.00052776403,-0.004509432,-0.018100694
1.0005614,0.00033935078,0,0.00086208817,286.0123719398404,271.14658329367563,1137,11822.922,3.9706986,1008.7338,0.3155904,13775.138,4.671981,0,,,,,286.0123719398404,0.0005462645,271.14658329367563,0.00052781496,-0.004245134,-0.018351497
1.0007669,0.00033932607,0,0.00086295174,286.0128948050978,271.1457408400189,1138,11824.314,3.9707422,1009.1471,0.31532815,13777.967,4.671641,0,,,,,286.0128948050978,0.0005463167,271.1457408400189,0.000527854,-0.003918268,-0.018457426
1.000838,0.0003394213,0,0.00086381525,286.0131594598274,271.14744437206537,1139,11825.855,3.9710095,1008.54193,0.31555724,13778.947,4.6729517,0,,,,,286.0131594598274,0.00054673845,271.14744437206537,0.00052832125,-0.003956306,-0.018450053
1.0009012,0.00033944877,0,0.00086467876,286.012729081956,271.1463090733168,1140,11826.312,3.9711063,1008.9454,0.315707,13779.816,4.6733303,0,,,,,286.012729081956,0.0005464695,271.1463090733168,0.000528022,-0.004350651,-0.018288035
1.0012106,0.00033934118,0,0.0008655423,286.0115736459483,271.1464167511674,1141,11829.296,3.9712312,1008.0807,0.31581068,13784.075,4.671849,0,,,,,286.0115736459483,0.00054628705,271.1464167511674,0.00052776694,-0.00428033,-0.018369807
1.0009974,0.00033945477,0,0.0008664058,286.0103095438603,271.1472194808375,1142,11828.013,3.9711673,1009.36566,0.31596822,13781.142,4.673413,0,,,,,286.0103095438603,0.0005458036,271.1472194808375,0.00052746513,-0.0044238376,-0.018040769
1.0011208,0.0003394954,0,0.00086726923,286.0123245957444,271.14684741796714,1143,11829.092,3.9711294,1007.4735,0.31559893,13782.84,4.673972,0,,,,,286.0123245957444,0.00054621964,271.14684741796714,0.00052782294,-0.004168435,-0.018162915
1.0004814,0.00033942974,0,0.0008681327,286.0117872087843,271.1468579536214,1144,11822.3125,3.970744,1009.3574,0.3157985,13774.036,4.673068,0,,,,,286.0117872087843,0.00054630847,271.1468579536214,0.00052788557,-0.004548918,-0.018018791
1.0009115,0.0003395524,0,0.00086899614,286.012187347195,271.14633223038265,1145,11826.453,3.9708645,1007.2718,0.31551674,13779.958,4.674757,0,,,,,286.012187347195,0.000545874,271.14633223038265,0.0005273963,-0.0045684166,-0.017513372
1.0012982,0.00033950878,0,0.0008698596,286.0112081113674,271.1475664893178,1146,11831.023,3.9714289,1009.18695,0.31549442,13785.281,4.674156,0,,,,,286.0112081113674,0.0005463815,271.1475664893178,0.00052796275,-0.0046260124,-0.017445283
1.0008174,0.00033951117,0,0.000870723,286.01217648579353,271.14689970616615,1147,11825.812,3.9709513,1008.04443,0.31565452,13778.662,4.674189,0,,,,,286.01217648579353,0.00054626085,271.14689970616615,0.00052776915,-0.0047923513,-0.017812114
1.000376,0.00033950113,0,0.0008715864,286.01312527493604,271.14614281812794,1148,11820.414,3.9705691,1009.2063,0.31566077,13772.586,4.674051,0,,,,,286.01312527493604,0.00054648507,271.14614281812794,0.00052801345,-0.004808993,-0.017963877
1.0004756,0.00033942278,8192,0.0008724498,286.0112538614933,271.14577658941624,1149,11821.901,3.9709616,1010.4307,0.3163261,13773.958,4.672972,8192,,,,,286.0112538614933,0.00054682564,271.14577658941624,0.0005283519,-0.004270898,-0.018143091
1.0008512,0.00033946824,0,0.0008733131,286.01120604365644,271.1468816414342,1150,11826.377,3.9711678,1007.7126,0.3159812,13779.128,4.6735983,0,,,,,286.01120604365644,0.0005464547,271.1468816414342,0.0005280684,-0.0047186455,-0.018210007
1.0002865,0.00033947045,0,0.0008741765,286.01287994943556,271.1475015918185,1151,11819.67,3.9703622,1007.6465,0.3156566,13771.353,4.673629,0,,,,,286.01287994943556,0.0005461797,271.1475015918185,0.00052788825,-0.004820734,-0.01797368
1.0006032,0.0003394705,0,0.00087503984,286.01170191960813,271.1463180353982,1152,11822.853,3.9707253,1008.0468,0.31607217,13775.714,4.6736293,0,,,,,286.01170191960813,0.0005464426,271.1463180353982,0.00052788004,-0.004630613,-0.018093947
1.0006399,0.00033954714,0,0.0008759031,286.0108654813048,271.14569963810226,1153,11823.486,3.9707346,1008.3029,0.3155101,13776.22,4.6746845,0,,,,,286.0108654813048,0.00054629607,271.14569963810226,0.00052790093,-0.004487722,-0.018269457
1.0004041,0.00033933556,0,0.00087676645,286.0123333439937,271.1460564144473,1154,11820.603,3.9705887,1008.47974,0.315566,13772.974,4.6717715,0,,,,,286.0123333439937,0.0005463103,271.1460564144473,0.0005278922,-0.004584257,-0.018264102
1.0006278,0.00033940922,0,0.00087762973,286.01161595284395,271.14517269414927,1155,11822.523,3.9705641,1008.8802,0.31572214,13776.052,4.6727858,0,,,,,286.01161595284395,0.00054657855,271.14517269414927,0.00052800233,-0.004537726,-0.018266303
1.0006305,0.00033949403,0,0.000878493,286.0126428795058,271.14627631432535,1156,11823.204,3.9706085,1008.86975,0.31527478,13776.089,4.673953,0,,,,,286.0126428795058,0.00054665055,271.14627631432535,0.00052817154,-0.0045507434,-0.018172963
1.0006123,0.00033934216,0,0.00087935623,286.0116653661102,271.1467893359446,1157,11822.357,3.9705822,1006.9136,0.31593996,13775.838,4.6718626,0,,,,,286.0116653661102,0.00054636435,271.1467893359446,0.00052795035,-0.0044749468,-0.018084133
1.0001677,0.00033931382,8192,0.0008802195,286.0127233234428,271.1465112435307,1158,11817.267,3.9702904,1008.06244,0.31575364,13769.718,4.671472,8192,,,,,286.0127233234428,0.00054660003,271.1465112435307,0.00052813446,-0.0044580637,-0.018217972
1.0005692,0.00033945453,0,0.0008810827,286.0127161911421,271.14697550390434,1159,11822.284,3.970563,1007.99194,0.31565526,13775.246,4.6734095,0,,,,,286.0127161911421,0.0005463664,271.14697550390434,0.0005279653,-0.0048632454,-0.01778914
1.0006008,0.0003394924,0,0.00088194595,286.0133839924699,271.14663849939944,1160,11822.552,3.9705389,1006.8407,0.31589094,13775.681,4.6739306,0,,,,,286.0133839924699,0.0005460797,271.14663849939944,0.00052756304,-0.005064329,-0.01740932
1.000332,0.00033941882,0,0.0008828091,286.0107722514989,271.1454220860452,1161,11819.357,3.9704676,1007.4631,0.31539878,13771.9795,4.672918,0,,,,,286.0107722514989,0.0005467151,271.1454220860452,0.00052825833,-0.0048828153,-0.01779446
1.000801,0.00033939825,0,0.00088367227,286.0124057503201,271.14661887848007,1162,11824.491,3.9707394,1006.15576,0.31573325,13778.437,4.6726346,0,,,,,286.0124057503201,0.00054644886,271.14661887848007,0.000528043,-0.0048514507,-0.018068694
1.0004019,0.0003394333,0,0.00088453543,286.0112332144738,271.14656367346413,1163,11820.073,3.9704325,1007.02545,0.31580544,13772.942,4.673117,0,,,,,286.0112332144738,0.00054641115,271.14656367346413,0.0005279754,-0.0046024565,-0.017961103
1.0000716,0.0003394675,0,0.0008853986,286.01189377154367,271.14645338402477,1164,11816.174,3.97009,1007.6205,0.31577381,13768.3955,4.673588,0,,,,,286.01189377154367,0.00054636825,271.14645338402477,0.0005280399,-0.00436734,-0.01812295
1.0007219,0.00033932045,0,0.0008862617,286.0123445251768,271.1455805635357,1165,11823.696,3.9707284,1008.07764,0.31578642,13777.348,4.6715636,0,,,,,286.0123445251768,0.0005462032,271.1455805635357,0.00052781095,-0.0043787984,-0.018187094
1.0013392,0.00033950008,0,0.0008871248,286.01319708479224,271.14523840918866,1166,11830.773,3.9712262,1007.63666,0.31554696,13785.846,4.6740365,0,,,,,286.01319708479224,0.0005456916,271.14523840918866,0.00052724476,-0.0043459213,-0.018150456
1.0003616,0.0003394394,0,0.0008879879,286.0126403493333,271.1469776711484,1167,11819.07,3.9703994,1006.9991,0.3154241,13772.388,4.673201,0,,,,,286.0126403493333,0.00054671406,271.1469776711484,0.000528193,-0.004101656,-0.018313568
1.0006791,0.00033940916,0,0.00088885095,286.01347839786354,271.145589015204,1168,11823.239,3.9705653,1007.6945,0.3156576,13776.76,4.672785,0,,,,,286.01347839786354,0.00054639805,271.145589015204,0.0005278921,-0.0037966624,-0.018782921
1.0011505,0.0003392392,0,0.000889714,286.01223531996453,271.14728076922347,1169,11828.089,3.9709373,1007.0816,0.3158705,13783.248,4.670445,0,,,,,286.01223531996453,0.0005460294,271.14728076922347,0.00052758976,-0.0040371297,-0.018620541
1.0008649,0.00033934027,0,0.00089057704,286.0127274550343,271.14635071100145,1170,11824.449,3.9712656,1013.4881,0.31567004,13779.316,4.6718364,0,,,,,286.0127274550343,0.0005468349,271.14635071100145,0.00052829046,-0.003892516,-0.018664962
1.0010484,0.0003391977,0,0.00089144,286.0129202557057,271.14589852290334,1171,11827.045,3.9707172,1006.05914,0.31568405,13781.844,4.669873,0,,,,,286.0129202557057,0.0005461236,271.14589852290334,0.000527646,-0.0038069445,-0.018696398
1.0011091,0.00033927092,0,0.000892303,286.0114366339286,271.14682088424917,1172,11827.34,3.9708822,1007.0067,0.31554577,13782.68,4.6708817,0,,,,,286.0114366339286,0.00054637267,271.14682088424917,0.00052779826,-0.0036507521,-0.018925363
1.0006238,0.00033919743,0,0.000893166,286.01413249024574,271.14696596019064,1173,11822.618,3.9705985,1007.4225,0.31550282,13775.997,4.66987,0,,,,,286.01413249024574,0.0005466297,271.14696596019064,0.0005280723,-0.003495189,-0.018748865
1.0005751,0.00033936484,0,0.000894029,286.0118656555028,271.1456260783141,1174,11820.954,3.9704313,1006.6934,0.31560376,13775.326,4.6721745,0,,,,,286.0118656555028,0.00054615975,271.1456260783141,0.0005276028,-0.0037920626,-0.018370224
1.0007317,0.0003393648,0,0.0008948919,286.0130536004741,271.14603463283555,1175,11823.343,3.9706974,1007.1679,0.31528184,13777.483,4.672174,0,,,,,286.0130536004741,0.0005465139,271.14603463283555,0.0005280201,-0.003686873,-0.018431053
1.0006357,0.00033924796,0,0.00089575484,286.0128548875719,271.1441586557978,1176,11821.705,3.970582,1007.62286,0.31609604,13776.162,4.6705656,0,,,,,286.0128548875719,0.0005465123,271.1441586557978,0.0005289668,-0.0039749118,-0.018309833
1.0003321,0.00033928102,0,0.00089661777,286.01253876136053,271.14621252748157,1177,11817.73,3.9702957,1007.24927,0.3156641,13771.981,4.6710205,0,,,,,286.01253876136053,0.00054651056,271.14621252748157,0.0005279998,-0.003938197,-0.018421756
1.0010052,0.00033929947,0,0.00089748064,286.01286856334957,271.1462117352901,1178,11825.785,3.970901,1008.72595,0.31598002,13781.247,4.6712747,0,,,,,286.01286856334957,0.00054641813,271.1462117352901,0.00052796194,-0.004011135,-0.01822679
1.0008913,0.00033949822,0,0.0008983435,286.01246298111175,271.14740727779946,1179,11824.88,3.9707496,1006.3712,0.31571555,13779.681,4.6740108,0,,,,,286.01246298111175,0.00054638844,271.14740727779946,0.000527891,-0.004223267,-0.017892182
1.0009508,0.00033938873,0,0.0008992064,286.01195047938427,271.14703208117703,1180,11825.384,3.9708526,1008.00165,0.31548786,13780.499,4.6725035,0,,,,,286.01195047938427,0.0005465823,271.14703208117703,0.0005282177,-0.0039708545,-0.018106181
1.0001234,0.00033938486,0,0.0009000692,286.01189387134616,271.1478311803472,1181,11815.242,3.9700735,1007.0513,0.31581938,13769.108,4.67245,0,,,,,286.01189387134616,0.00054670736,271.1478311803472,0.00052831136,-0.0042651906,-0.017513704
1.001858,0.0003395885,0,0.000900932,286.0129035960015,271.14618152730935,1182,11835.919,3.9715254,1007.3877,0.31557643,13792.989,4.675254,0,,,,,286.0129035960015,0.00054581265,271.14618152730935,0.00052740873,-0.0046082768,-0.017357986
1.0006154,0.00033946495,0,0.0009017948,286.01176177844394,271.1470605561002,1183,11821.825,3.970537,1007.2212,0.31607494,13775.881,4.673553,0,,,,,286.01176177844394,0.00054657046,271.1470605561002,0.0005278733,-0.004225718,-0.017384106
1.000806,0.00033953207,0,0.0009026576,286.01251710088394,271.14783071531804,1184,11823.377,3.9706116,1007.612,0.31506866,13778.505,4.674477,0,,,,,286.01251710088394,0.0005461377,271.14783071531804,0.0005278131,-0.0043428945,-0.016878163
1.0004536,0.0003395369,0,0.0009035203,286.01271289986414,271.1476526339746,1185,11819.827,3.970374,1008.4957,0.31608206,13773.654,4.6745434,0,,,,,286.01271289986414,0.00054666266,271.1476526339746,0.000528221,-0.00454883,-0.017264053
1.0010873,0.0003395768,0,0.0009043831,286.011526164815,271.14701535328663,1186,11826.947,3.9709039,1007.78656,0.31589386,13782.379,4.6750927,0,,,,,286.011526164815,0.0005460555,271.14701535328663,0.0005276767,-0.0050129076,-0.017403552
1.0004556,0.00033949452,0,0.0009052458,286.01176027236335,271.14752842210487,1187,11819.116,3.9703567,1008.024,0.31560454,13773.683,4.67396,0,,,,,286.01176027236335,0.0005468704,271.14752842210487,0.0005284861,-0.004518726,-0.01721824
1.0012999,0.00033951376,0,0.0009061085,286.012940560718,271.1475682574356,1188,11828.685,3.9711268,1007.0366,0.3153013,13785.306,4.674225,0,,,,,286.012940560718,0.0005460305,271.1475682574356,0.0005280748,-0.004191789,-0.017199507
1.0010177,0.00033958684,0,0.00090697117,286.01194727783854,271.14767620294214,1189,11825.88,3.9708977,1007.93744,0.3155542,13781.421,4.675231,0,,,,,286.01194727783854,0.00054627063,271.14767620294214,0.0005279281,-0.004732727,-0.016954023
1.0004364,0.00033955634,0,0.0009078338,286.0126670736583,271.1474527262597,1190,11819.047,3.9703374,1007.3646,0.31605414,13773.418,4.674811,0,,,,,286.0126670736583,0.0005461003,271.1474527262597,0.00052766653,-0.004454823,-0.016832978
1.0007713,0.00033951548,8192,0.00090869644,286.01239025954305,271.1475176033197,1191,11822.279,3.97068,1007.80963,0.3159161,13778.028,4.6742487,8192,,,,,286.01239025954305,0.00054651324,271.1475176033197,0.00052819744,-0.004381988,-0.017083721
1.0010537,0.00033941743,0,0.0009095591,286.01265707649435,271.1471677241413,1192,11826.059,3.9708838,1008.1142,0.3159064,13781.915,4.672899,0,,,,,286.01265707649435,0.00054657937,271.1471677241413,0.000528111,-0.0041783135,-0.017017467
1.000812,0.00033953655,0,0.0009104217,286.01172297464785,271.1463995669457,1193,11822.894,3.9705994,1006.5462,0.3160707,13778.59,4.6745386,0,,,,,286.01172297464785,0.0005460888,271.1463995669457,0.00052768755,-0.004671665,-0.017038645
1.0009087,0.0003396769,0,0.00091128424,286.01305116713877,271.1471536923702,1194,11824.65,3.970715,1007.1064,0.3161659,13779.92,4.6764708,0,,,,,286.01305116713877,0.0005458382,271.1471536923702,0.00052757753,-0.0048818407,-0.01683872
1.0007666,0.00033966854,0,0.0009121468,286.01205280042893,271.14807910234634,1195,11823.169,3.970562,1007.1315,0.31563422,13777.964,4.676356,0,,,,,286.01205280042893,0.0005463345,271.14807910234634,0.0005279941,-0.004751875,-0.016259417
1.0004367,0.00033955288,0,0.0009130094,286.0134425200011,271.1474129970239,1196,11817.855,3.970234,1007.06464,0.3157432,13773.421,4.674763,0,,,,,286.0134425200011,0.0005464799,271.1474129970239,0.0005280745,-0.0049066073,-0.015954392
1.0005518,0.0003395541,0,0.0009138719,286.01258265916323,271.1485814803249,1197,11819.809,3.97035,1007.13446,0.3158669,13775.006,4.6747804,0,,,,,286.01258265916323,0.0005462981,271.1485814803249,0.0005280703,-0.0046557807,-0.01592619
1.000846,0.00033958277,0,0.0009147344,286.01170264306506,271.14755207241046,1198,11822.296,3.9706342,1008.31964,0.31573483,13779.057,4.6751747,0,,,,,286.01170264306506,0.00054635043,271.14755207241046,0.00052800536,-0.0045358357,-0.016135613
1.0003986,0.00033950666,0,0.00091559684,286.01216096751546,271.1483261171688,1199,11817.924,3.9701836,1005.70087,0.31587863,13772.897,4.674127,0,,,,,286.01216096751546,0.0005465791,271.1483261171688,0.0005283309,-0.004537971,-0.016263565
1.0002656,0.00033946536,0,0.0009164593,286.01302216253225,271.1484492803404,1200,11815.248,3.96995,1007.404,0.31544402,13771.066,4.6735587,0,,,,,286.01302216253225,0.00054669176,271.1484492803404,0.0005282534,-0.004351141,-0.016500993
1.000948,0.0003395854,0,0.00091732177,286.0120509724389,271.14804918934726,1201,11823.777,3.9705136,1007.05975,0.31568947,13780.46,4.675211,0,,,,,286.0120509724389,0.0005463131,271.14804918934726,0.00052796263,-0.0045431005,-0.016072784
1.0015804,0.00033956347,0,0.0009181842,286.01368671577336,271.1495357619309,1202,11831.093,3.9713147,1006.5531,0.31590953,13789.166,4.674909,0,,,,,286.01368671577336,0.00054560206,271.1495357619309,0.00052722456,-0.004333604,-0.016430616
1.0011902,0.00033964045,0,0.0009190466,286.01172045911494,271.14756968627654,1203,11826.555,3.9708352,1006.2537,0.3156791,13783.795,4.675969,0,,,,,286.01172045911494,0.0005461668,271.14756968627654,0.0005281729,-0.0045110984,-0.016405582
1.0014728,0.0003396354,0,0.000919909,286.0130377842748,271.1473360181174,1204,11830.064,3.9708984,1006.3365,0.31562075,13787.686,4.6758995,0,,,,,286.0130377842748,0.0005457594,271.1473360181174,0.00052739686,-0.0045545967,-0.016137356
0.99999714,0.00033950672,0,0.00092077133,286.0135004234158,271.1483969995038,1205,11812.702,3.9697313,1005.30994,0.31592423,13767.37,4.674128,0,,,,,286.0135004234158,0.00054675783,271.1483969995038,0.0005283405,-0.0043442845,-0.016396875
1.0002977,0.00033942846,0,0.0009216337,286.0117303050906,271.1486148909563,1206,11814.794,3.969844,1004.9738,0.31557143,13771.508,4.6730504,0,,,,,286.0117303050906,0.00054648827,271.1486148909563,0.0005281178,-0.004455339,-0.016063241
1.0002986,0.0003395974,0,0.00092249596,286.01405870339613,271.1477749027487,1207,11816.322,3.969977,1005.4329,0.31577355,13771.5205,4.6753764,0,,,,,286.01405870339613,0.0005466534,271.1477749027487,0.0005282705,-0.0042781145,-0.01598706
1.0009067,0.0003395384,0,0.00092335825,286.0122720751671,271.14772467510926,1208,11822.448,3.970478,1005.23376,0.3155334,13779.893,4.6745644,0,,,,,286.0122720751671,0.0005462711,271.14772467510926,0.000527927,-0.004616559,-0.016162895
1.0006032,0.00033952307,0,0.00092422054,286.0125244237389,271.1483343976426,1209,11819.203,3.9703603,1004.731,0.31555676,13775.713,4.674353,0,,,,,286.0125244237389,0.000546525,271.1483343976426,0.00052819576,-0.004565434,-0.016212538
1.0005414,0.00033958792,0,0.0009250828,286.01203122009446,271.14729025338744,1210,11818.459,3.9701278,1004.2168,0.31567076,13774.863,4.675246,0,,,,,286.01203122009446,0.00054639176,271.14729025338744,0.0005280752,-0.004605668,-0.016370595
1.0008271,0.00033955855,0,0.000925945,286.0129744962668,271.1483249015599,1211,11821.214,3.9702113,1004.33856,0.31561747,13778.796,4.6748414,0,,,,,286.0129744962668,0.00054620986,271.1483249015599,0.00052784727,-0.0045089093,-0.015957464
1.0012852,0.00033963798,0,0.00092680723,286.0129702890773,271.14827243810595,1212,11826.557,3.9705865,1004.34845,0.31543145,13785.103,4.675935,0,,,,,286.0129702890773,0.0005456268,271.14827243810595,0.0005272793,-0.0046303812,-0.015713966
1.0001974,0.00033964403,0,0.0009276694,286.01261520043954,271.1483566425857,1213,11814.794,3.9697857,1005.33875,0.3155726,13770.127,4.676018,0,,,,,286.01261520043954,0.00054658303,271.1483566425857,0.0005282043,-0.0048026354,-0.016057638
1.0008279,0.00033951923,0,0.0009285316,286.01255670423035,271.14769283501676,1214,11820.711,3.9701416,1005.59766,0.3152644,13778.808,4.6743,0,,,,,286.01255670423035,0.00054580084,271.14769283501676,0.0005275079,-0.0045913113,-0.016060937
1.0008119,0.0003395332,0,0.0009293937,286.01144410599755,271.1487785976189,1215,11820.734,3.9700806,1004.8034,0.3157122,13778.587,4.6744924,0,,,,,286.01144410599755,0.00054602,271.1487785976189,0.00052775803,-0.0048758686,-0.0159015
1.0002891,0.00033956545,0,0.0009302558,286.0116841037053,271.14871359811656,1216,11815.504,3.969873,1004.88074,0.31564516,13771.39,4.6749363,0,,,,,286.0116841037053,0.0005465028,271.14871359811656,0.000528205,-0.005207703,-0.015500394
1.000564,0.00033958704,0,0.0009311179,286.01263685617937,271.1495382051387,1217,11817.874,3.9699838,1003.7067,0.31562263,13775.174,4.675234,0,,,,,286.01263685617937,0.0005463246,271.1495382051387,0.00052806106,-0.004767491,-0.015955424
1.0009117,0.00033957712,0,0.00093198,286.01115540339373,271.148522113892,1218,11822.202,3.970127,1004.8281,0.31542078,13779.962,4.675097,0,,,,,286.01115540339373,0.0005455036,271.148522113892,0.0005272522,-0.005101234,-0.01575817
1.0005738,0.00033959482,0,0.000932842,286.0135105852629,271.14744820023793,1219,11817.957,3.9699237,1004.8837,0.31523558,13775.308,4.6753407,0,,,,,286.0135105852629,0.00054624124,271.14744820023793,0.0005279281,-0.004745776,-0.015828
1.0007547,0.00033965905,0,0.0009337041,286.01348454200854,271.1476731048621,1220,11820.145,3.9702606,1004.5819,0.31569254,13777.8,4.676225,0,,,,,286.01348454200854,0.0005463509,271.1476731048621,0.00052797445,-0.00474386,-0.015955774
1.0008826,0.0003396532,0,0.0009345661,286.01418882879756,271.1480651844687,1221,11822.135,3.970158,1004.5078,0.3157107,13779.561,4.6761446,0,,,,,286.01418882879756,0.00054637215,271.1480651844687,0.0005280555,-0.004474298,-0.016143266
1.0010422,0.00033961653,0,0.0009354281,286.0126063875535,271.1492847188717,1222,11822.695,3.9703,1004.9961,0.3150919,13781.758,4.6756396,0,,,,,286.0126063875535,0.00054613256,271.1492847188717,0.0005278305,-0.0047535594,-0.016038988
1.0007578,0.00033955186,0,0.00093629,286.01144791511126,271.14850699528546,1223,11819.728,3.9701252,1004.4878,0.3159086,13777.843,4.6747494,0,,,,,286.01144791511126,0.000546009,271.14850699528546,0.0005276505,-0.004648699,-0.015987273
1.0010724,0.00033959455,0,0.00093715196,286.0124436493715,271.14867994237864,1224,11822.817,3.9702828,1004.1633,0.31557024,13782.174,4.6753373,0,,,,,286.0124436493715,0.0005461826,271.14867994237864,0.00052790396,-0.0047485363,-0.01586122
1.0007439,0.0003395732,0,0.0009380139,286.0126120494107,271.1493866274049,1225,11819.745,3.9701138,1004.0947,0.3157513,13777.65,4.675043,0,,,,,286.0126120494107,0.00054627407,271.1493866274049,0.00052800024,-0.0045419037,-0.015737258
1.000173,0.0003395897,0,0.0009388758,286.0127106820153,271.1485788299838,1226,11813.225,3.9695668,1004.9833,0.31586862,13769.79,4.67527,0,,,,,286.0127106820153,0.00054648117,271.1485788299838,0.00052815885,-0.0046653077,-0.015477152
1.0003486,0.00033947328,0,0.00093973766,286.01301935278644,271.1496918567474,1227,11814.409,3.969847,1004.7264,0.3152544,13772.208,4.6736674,0,,,,,286.01301935278644,0.0005464826,271.1496918567474,0.00052817183,-0.004771565,-0.015536558
1.0012954,0.00033968323,0,0.0009405995,286.0119681322089,271.1482237505861,1228,11825.888,3.970604,1004.1439,0.31543174,13785.244,4.676558,0,,,,,286.0119681322089,0.00054604333,271.1482237505861,0.0005278451,-0.0046208566,-0.015607512
1.0007341,0.00033956577,0,0.0009414613,286.01321601641655,271.148059993136,1229,11819.542,3.970064,1003.6236,0.3156927,13777.516,4.674941,0,,,,,286.01321601641655,0.0005461275,271.148059993136,0.0005278038,-0.004577589,-0.015566453
1.0013609,0.00033965864,0,0.0009423231,286.0138839317575,271.1494905494877,1230,11826.681,3.9708104,1005.8971,0.3157627,13786.145,4.6762195,0,,,,,286.0138839317575,0.00054608425,271.1494905494877,0.0005276739,-0.004754265,-0.01562481
1.0004526,0.00033960494,8192,0.0009431849,286.01214318603655,271.14857812404495,1231,11816.354,3.969786,1003.70844,0.31614748,13773.642,4.6754804,8192,,,,,286.01214318603655,0.0005462485,271.14857812404495,0.00052789715,-0.0047923448,-0.015367021
1.0008978,0.0003396035,0,0.00094404665,286.01168548311534,271.1493914700798,1232,11820.617,3.9702575,1003.19275,0.31587768,13779.77,4.6754603,0,,,,,286.01168548311534,0.0005461201,271.1493914700798,0.0005277628,-0.0047742873,-0.015645767
1.0007561,0.0003395768,0,0.00094490836,286.0123213000956,271.148103643894,1233,11819.007,3.969925,1003.2713,0.31541732,13777.819,4.6750927,0,,,,,286.0123213000956,0.0005460098,271.148103643894,0.00052773365,-0.004537531,-0.015739031
1.0001823,0.000339618,0,0.00094577007,286.0128431613675,271.1475163800487,1234,11812.979,3.9695678,1003.5029,0.31594554,13769.918,4.67566,0,,,,,286.0128431613675,0.0005463959,271.1475163800487,0.00052810344,-0.0045500104,-0.015687516
1.0003949,0.00033960878,0,0.0009466318,286.0134515725867,271.1493587308607,1235,11815.148,3.9697773,1003.8919,0.31593236,13772.847,4.6755333,0,,,,,286.0134515725867,0.00054663717,271.1493587308607,0.00052833586,-0.004313192,-0.015959347
1.0010403,0.0003395992,0,0.0009474934,286.0121908158314,271.14912460782534,1236,11822.392,3.9702523,1003.3113,0.31576982,13781.732,4.675401,0,,,,,286.0121908158314,0.0005461884,271.14912460782534,0.00052785355,-0.004646692,-0.0154574495
1.0005977,0.00033962718,0,0.00094835507,286.0132083141912,271.14912674209944,1237,11816.506,3.9697804,1003.84485,0.31558347,13775.638,4.6757865,0,,,,,286.0132083141912,0.00054624805,271.14912674209944,0.0005279296,-0.0047276104,-0.015379016
1.000509,0.00033958154,0,0.00094921666,286.01276201286686,271.1493215852026,1238,11815.795,3.9698515,1004.10504,0.31537294,13774.417,4.675158,0,,,,,286.01276201286686,0.00054645503,271.1493215852026,0.0005282063,-0.0044780993,-0.015367428
1.0004953,0.00033952322,0,0.00095007825,286.0125628248756,271.1483828856132,1239,11814.982,3.969757,1004.31836,0.31567064,13774.229,4.674355,0,,,,,286.0125628248756,0.0005465146,271.1483828856132,0.0005282457,-0.0043186713,-0.01578272
1.000748,0.00033958646,0,0.00095093984,286.0120792704269,271.14875647964146,1240,11818.267,3.969955,1003.32587,0.31592548,13777.707,4.6752257,0,,,,,286.0120792704269,0.00054764753,271.14875647964146,0.00052817626,-0.0043129968,-0.015358808
1.0002978,0.00033954368,0,0.00095180137,286.012631726638,271.14899152580557,1241,11812.683,3.969414,1003.0251,0.3160125,13771.509,4.674637,0,,,,,286.012631726638,0.00054620206,271.14899152580557,0.000527948,-0.0045108725,-0.015587856
0.9999385,0.0003395747,0,0.00095266284,286.0133378524941,271.1493134471282,1242,11808.531,3.9691126,1004.5351,0.31534204,13766.5625,4.675064,0,,,,,286.0133378524941,0.0005468393,271.1493134471282,0.00052857114,-0.0045029945,-0.015559653
1.0010446,0.0003396672,0,0.0009535244,286.01251001966057,271.1487711307633,1243,11821.788,3.9702492,1002.45746,0.31595695,13781.791,4.6763372,0,,,,,286.01251001966057,0.0005459263,271.1487711307633,0.0005276143,-0.0044116573,-0.01560743
1.0003912,0.00033946603,0,0.00095438585,286.01298370477906,271.14831261533493,1244,11813.168,3.9694622,1004.0716,0.31521446,13772.795,4.673568,0,,,,,286.01298370477906,0.0005463508,271.14831261533493,0.00052827055,-0.004285195,-0.015304531
1.0010668,0.0003396078,0,0.00095524726,286.01264305827823,271.1493224554246,1245,11821.604,3.970158,1003.6021,0.3155655,13782.097,4.6755195,0,,,,,286.01264305827823,0.0005464065,271.1493224554246,0.0005279196,-0.004656147,-0.01491389
1.0002998,0.0003395898,0,0.00095697003,286.01343487060774,271.1499053457696,1247,11812.291,3.9694192,1002.2375,0.31562984,13771.537,4.675272,0,,,,,286.01343487060774,0.00054630934,271.1499053457696,0.0005280699,-0.004775978,-0.015142962
1.0010419,0.00033960273,0,0.0009578314,286.01293319767746,271.1488620028879,1248,11821.006,3.9700558,1002.77655,0.31550872,13781.754,4.67545,0,,,,,286.01293319767746,0.00054620625,271.1488620028879,0.0005279855,-0.0045862985,-0.015214738
1.0004388,0.00033959796,0,0.00095869275,286.01272595388076,271.14902083972714,1249,11814.258,3.9696636,1002.1778,0.31616893,13773.451,4.675384,0,,,,,286.01272595388076,0.00054639,271.14902083972714,0.0005280915,-0.004338786,-0.01549588
1.0003335,0.0003395446,0,0.00095955405,286.0133616842853,271.14790557507587,1250,11812.286,3.9693563,1002.50616,0.3159787,13772.001,4.6746497,0,,,,,286.0133616842853,0.000546279,271.14790557507587,0.0005278959,-0.0042478913,-0.015804954
1.0009096,0.00033955975,0,0.00096041535,286.01301338955295,271.1482421433275,1251,11818.054,3.9698648,1002.67334,0.31578904,13779.932,4.674858,0,,,,,286.01301338955295,0.00054626225,271.1482421433275,0.0005278687,-0.0040808315,-0.015960025
1.0007354,0.0003394956,0,0.00096127664,286.01399710119347,271.1482134681151,1252,11816.444,3.9696589,1003.16907,0.31533343,13777.533,4.673975,0,,,,,286.01399710119347,0.00054652325,271.1482134681151,0.0005281159,-0.0036047394,-0.01626724
1.0005186,0.00033935226,0,0.0009621379,286.01213256158235,271.15293383767175,1253,11812.75,3.9693203,1002.8944,0.3156664,13774.549,4.6720014,0,,,,,286.01213256158235,0.00054711965,271.15293383767175,0.00053301535,-0.0033965062,-0.015667535
1.0005907,0.00033947875,0,0.00096299907,286.01493091504557,271.14776245248436,1254,11814.6045,3.969653,1003.2294,0.31537402,13775.541,4.673743,0,,,,,286.01493091504557,0.0005470861,271.14776245248436,0.00052861706,-0.0030352888,-0.016306425
1.0003988,0.0003394775,0,0.00096386025,286.0143054735121,271.1483798243433,1255,11811.224,3.9693477,1003.4512,0.31532344,13772.899,4.6737256,0,,,,,286.0143054735121,0.0005468804,271.1483798243433,0.0005284602,-0.0028979632,-0.016254695
1.000887,0.00033936923,8192,0.00096472143,286.01467470911075,271.1490896186192,1256,11816.796,3.969667,1002.55054,0.31546506,13779.622,4.672235,8192,,,,,286.01467470911075,0.0005466082,271.1490896186192,0.00052824983,-0.002747622,-0.016343758
1.0008768,0.00033935852,0,0.00096558256,286.013539810906,271.1483968923939,1257,11817.183,3.96983,1003.2397,0.31591392,13779.4795,4.6720877,0,,,,,286.013539810906,0.00054632075,271.1483968923939,0.00052792364,-0.0030575825,-0.01681915
1.000191,0.0003394379,0,0.0009664437,286.01380381869996,271.1490314332715,1258,11809.739,3.9691784,1002.5092,0.31565532,13770.039,4.67318,0,,,,,286.01380381869996,0.0005466788,271.1490314332715,0.0005283655,-0.003099761,-0.0166457
1.0004106,0.0003393015,0,0.00096730475,286.01430207420634,271.1482725082478,1259,11811.835,3.9692602,1001.24695,0.31595626,13773.062,4.671303,0,,,,,286.01430207420634,0.00054621056,271.1482725082478,0.0005278072,-0.0031097257,-0.016746663
1.0009458,0.00033937872,0,0.0009681658,286.01474451490157,271.14842326403266,1260,11816.866,3.969908,1002.52576,0.31589445,13780.431,4.6723657,0,,,,,286.01474451490157,0.0005464738,271.14842326403266,0.00052809843,-0.0029732024,-0.016709408
1.0011449,0.00033949167,0,0.0009690268,286.0142130219636,271.14868454728844,1261,11820.183,3.9699082,1002.5124,0.3157434,13783.171,4.6739206,0,,,,,286.0142130219636,0.0005462858,271.14868454728844,0.00052787876,-0.0034499993,-0.016593635
1.0003525,0.0003394039,0,0.0009698878,286.01298972665023,271.1486216707069,1262,11809.801,3.9691994,1003.38385,0.31541383,13772.262,4.6727123,0,,,,,286.01298972665023,0.00054671266,271.1486216707069,0.00052835443,-0.0035932397,-0.016405677
1.0005363,0.00033939513,8192,0.00097074884,286.01384318469997,271.148474921631,1263,11812.553,3.9693708,1001.64716,0.31579533,13774.793,4.6725917,8192,,,,,286.01384318469997,0.0005466816,271.148474921631,0.00052837277,-0.0035093706,-0.016079737
1.0008596,0.00033959156,0,0.0009716097,286.0147676375974,271.1492871364974,1264,11816.5625,3.9697235,1003.46814,0.3156199,13779.243,4.675296,0,,,,,286.0147676375974,0.0005468996,271.1492871364974,0.00052858965,-0.0038251085,-0.015604094
1.0010521,0.00033962852,0,0.0009724707,286.01265700076607,271.1486827408327,1265,11817.661,3.9696991,1002.0389,0.31577504,13781.895,4.6758046,0,,,,,286.01265700076607,0.00054619997,271.1486827408327,0.00052808056,-0.0037955006,-0.015380198
1.0000372,0.0003395255,0,0.00097333157,286.0144030883681,271.1501524856024,1266,11806.107,3.968917,1002.64465,0.31608927,13767.922,4.6743865,0,,,,,286.0144030883681,0.00054713443,271.1501524856024,0.0005288966,-0.0036478145,-0.015569258
1.0005168,0.0003395988,0,0.00097419246,286.01412459644695,271.1492457644758,1267,11812.082,3.9692383,1002.1501,0.31536573,13774.523,4.6753955,0,,,,,286.01412459644695,0.00054638536,271.1492457644758,0.000528126,-0.003959269,-0.015216314
1.0007617,0.00033947325,0,0.0009750533,286.01403668968874,271.1498206382312,1268,11814.611,3.9695857,1002.1804,0.3156548,13777.896,4.673667,0,,,,,286.01403668968874,0.0005467263,271.1498206382312,0.0005285317,-0.0037372513,-0.015218263
0.9999888,0.00033962697,0,0.0009759141,286.0139458069797,271.149746046269,1269,11806.087,3.968768,1001.9119,0.3155324,13767.255,4.6757836,0,,,,,286.0139458069797,0.00054675405,271.149746046269,0.00052839314,-0.0038276187,-0.01490068
1.0011432,0.00033965704,0,0.0009767748,286.0141977855347,271.149253627786,1270,11818.914,3.9698007,1001.9342,0.3157531,13783.148,4.6761975,0,,,,,286.0141977855347,0.000546081,271.149253627786,0.00052774994,-0.0038436214,-0.015046266
1.0012628,0.00033969607,0,0.0009776356,286.01350612252526,271.14879152306906,1271,11820.273,3.9702883,1006.30804,0.3157722,13784.795,4.676735,0,,,,,286.01350612252526,0.0005465155,271.14879152306906,0.0005283227,-0.004153598,-0.014971366
1.0004427,0.00033947427,0,0.0009784964,286.0144886262303,271.15056190993846,1272,11809.733,3.9691575,1001.603,0.31555304,13773.504,4.6736813,0,,,,,286.0144886262303,0.00054638786,271.15056190993846,0.00052815495,-0.004131595,-0.0145941675
1.0006332,0.00033965614,0,0.000979357,286.01422953234925,271.14879946699335,1273,11813.084,3.9693615,1001.6424,0.31538913,13776.127,4.676185,0,,,,,286.01422953234925,0.00054612337,271.14879946699335,0.00052793993,-0.004047804,-0.0146594765
1.0000892,0.00033963,0,0.0009802178,286.01346237064604,271.1500901441746,1274,11806.113,3.9688191,1002.72485,0.31516925,13768.637,4.675825,0,,,,,286.01346237064604,0.00054632843,271.1500901441746,0.0005281369,-0.004451457,-0.01446114
1.0002087,0.00033966827,0,0.0009810784,286.0130063109755,271.1501657660191,1275,11808.448,3.9688811,1002.26843,0.31531286,13770.282,4.676352,0,,,,,286.0130063109755,0.00054614234,271.1501657660191,0.0005279664,-0.0044360943,-0.01464681
1.0009474,0.00033966862,0,0.000981939,286.01376053671186,271.1498706426773,1276,11816.026,3.969575,1002.5961,0.31586406,13780.452,4.676357,0,,,,,286.01376053671186,0.00054622977,271.1498706426773,0.0005279421,-0.0045713233,-0.014603437
1.0004596,0.00033963934,0,0.0009827997,286.0120521050092,271.15020697345267,1277,11810.4375,3.9693766,1003.1481,0.31586584,13773.735,4.675954,0,,,,,286.0120521050092,0.00054643484,271.15020697345267,0.00052824424,-0.0048361737,-0.014668051
1.0010636,0.00033971886,0,0.0009836602,286.01410025206434,271.1493775688055,1278,11818.832,3.9697745,1001.89594,0.315878,13782.052,4.6770487,0,,,,,286.01410025206434,0.0005462335,271.1493775688055,0.00052799186,-0.0045298585,-0.014943319
1.0004551,0.00033960727,0,0.0009845208,286.0132524432503,271.14980582971475,1279,11810.509,3.9690993,1001.8248,0.31575188,13773.676,4.6755123,0,,,,,286.0132524432503,0.0005465157,271.14980582971475,0.0005282404,-0.0046694707,-0.014849405
1.0007823,0.0003396969,0,0.0009853813,286.01165501527487,271.1497602204679,1280,11815.416,3.9694328,1001.47437,0.3157829,13778.179,4.6767464,0,,,,,286.01165501527487,0.000546404,271.1497602204679,0.0005282652,-0.004817656,-0.014693266
1.0008311,0.00033963015,0,0.0009862417,286.0133196292783,271.1503169630771,1281,11813.878,3.9695065,1002.19183,0.31537884,13778.852,4.675827,0,,,,,286.0133196292783,0.00054657273,271.1503169630771,0.0005284051,-0.004725177,-0.0144969
1.0006373,0.0003396774,0,0.0009871022,286.0123694893856,271.14931230171396,1282,11812.61,3.9692686,1001.68005,0.3157988,13776.184,4.676478,0,,,,,286.0123694893856,0.00054620707,271.14931230171396,0.0005279196,-0.004462336,-0.014443247
1.0007422,0.00033952238,0,0.0009879626,286.0136012510423,271.1491304276004,1283,11813.472,3.9691782,1001.1946,0.31565544,13777.627,4.6743436,0,,,,,286.0136012510423,0.00054616504,271.1491304276004,0.000527937,-0.0044026477,-0.014681811
0.9999981,0.00033961385,0,0.000988823,286.01377743835843,271.14972003526736,1284,11805.341,3.9687185,1001.84265,0.31541944,13767.383,4.675603,0,,,,,286.01377743835843,0.00054658577,271.14972003526736,0.0005284375,-0.0044853617,-0.014569065
1.0010116,0.0003397073,0,0.0009896834,286.01363699531373,271.14960702394563,1285,11816.989,3.969632,1001.32794,0.31573886,13781.337,4.6768894,0,,,,,286.01363699531373,0.000546274,271.14960702394563,0.000527996,-0.00445173,-0.014450333
1.0003688,0.00033963236,0,0.0009905437,286.0127395974426,271.14956766747827,1286,11809.142,3.9690716,1001.5498,0.31526724,13772.486,4.6758575,0,,,,,286.0127395974426,0.00054631784,271.14956766747827,0.0005282144,-0.004960564,-0.014117479
1.0008445,0.00033966042,0,0.000991404,286.01388340572095,271.15050033717387,1287,11815.035,3.9694116,1001.56274,0.31581703,13779.035,4.676244,0,,,,,286.01388340572095,0.0005461235,271.15050033717387,0.00052797544,-0.0047636563,-0.014448919
1.0013989,0.00033984566,128,0.0009922644,286.012203171811,271.1502807194946,1288,11821.161,3.9710348,1001.5783,0.31559423,13786.669,4.6787944,128,,,,,286.012203171811,0.0005454116,271.1502807194946,0.00052733155,-0.004749591,-0.014134358
1.0010505,0.0003397064,0,0.0009931246,286.01342519752995,271.14985759430186,1289,11817.377,3.9696214,1002.7118,0.31523535,13781.872,4.676877,0,,,,,286.01342519752995,0.00054625026,271.14985759430186,0.00052813865,-0.004809051,-0.014056159
1.0010494,0.00033969348,0,0.0009939848,286.01305424254315,271.14993505318785,1290,11817.376,3.9696531,1000.3597,0.3155309,13781.856,4.676699,0,,,,,286.01305424254315,0.00054590276,271.14993505318785,0.0005277204,-0.0050514746,-0.013829199
1.0007619,0.00033966888,0,0.0009948451,286.012857455531,271.15034028817104,1291,11813.303,3.9693065,1001.4564,0.31540722,13777.897,4.6763606,0,,,,,286.012857455531,0.0005464,271.15034028817104,0.00052819966,-0.0048243534,-0.014227985
0.9997556,0.00033965433,0,0.0009957051,286.013077420782,271.1501029813285,1292,11801.969,3.9685178,1001.32916,0.31574282,13764.045,4.6761603,0,,,,,286.013077420782,0.00054649543,271.1501029813285,0.00052835175,-0.0045625223,-0.014232859
1.0006716,0.0003396155,0,0.0009965653,286.012842264068,271.1500866934828,1293,11812.518,3.969167,1000.4789,0.3155805,13776.656,4.675626,0,,,,,286.012842264068,0.0005457986,271.1500866934828,0.0005277156,-0.005017388,-0.014274508
1.0008888,0.00033966682,0,0.0009974254,286.0120986095223,271.15019900515796,1294,11815.124,3.9693096,1001.8735,0.31541127,13779.646,4.676332,0,,,,,286.0120986095223,0.0005464391,271.15019900515796,0.00052827975,-0.0045784675,-0.01402791
0.99997646,0.00033964388,0,0.0009982855,286.01358202458823,271.1515123249176,1295,11804.141,3.968685,1000.5075,0.31568578,13767.085,4.6760163,0,,,,,286.01358202458823,0.00054677075,271.1515123249176,0.0005286234,-0.0046634255,-0.01376669
1.000386,0.0003396532,0,0.0009991456,286.01287676571405,271.1511522901665,1296,11808.739,3.9689822,1002.34357,0.3155489,13772.724,4.6761446,0,,,,,286.01287676571405,0.0005466002,271.1511522901665,0.0005285307,-0.004797797,-0.014038256
1.0008174,0.00033970873,0,0.0010000055,286.01336755954435,271.1513578114917,1297,11813.991,3.9693577,1001.29834,0.31596285,13778.663,4.676909,0,,,,,286.01336755954435,0.000546024,271.1513578114917,0.00052795914,-0.0047961324,-0.013873088
1.0005804,0.00033968894,0,0.0010008656,286.0122625620232,271.14992824293444,1298,11810.428,3.9691055,1001.018,0.31579086,13775.4,4.6766367,0,,,,,286.0122625620232,0.00054662506,271.14992824293444,0.00052849646,-0.0046948977,-0.013726498
1.000962,0.0003397062,0,0.0010017256,286.01488766368163,271.1517476617442,1299,11816.094,3.969578,1001.70276,0.31595662,13780.654,4.676874,0,,,,,286.01488766368163,0.000546117,271.1517476617442,0.0005279391,-0.004193605,-0.014406
1.0004032,0.00033956498,0,0.0010025854,286.0135379393345,271.14980450265966,1300,11807.797,3.9689271,1000.07855,0.31565803,13772.959,4.67493,0,,,,,286.0135379393345,0.00054657686,271.14980450265966,0.0005283014,-0.0040466404,-0.014707771
1.0004015,0.0003396236,0,0.0010034454,286.0136764416578,271.1508705851596,1301,11808.045,3.968842,1001.0917,0.31538844,13772.937,4.675737,0,,,,,286.0136764416578,0.0005463782,271.1508705851596,0.0005281396,-0.004184933,-0.014121731
1.0002035,0.00033963335,0,0.0010043052,286.01259880943496,271.15097490100277,1302,11804.984,3.9688208,1001.22296,0.31538427,13770.211,4.6758714,0,,,,,286.01259880943496,0.0005467373,271.15097490100277,0.0005285798,-0.0041908002,-0.014059326
1.0003654,0.00033960675,0,0.001005165,286.0140074651201,271.15052268319585,1303,11807.312,3.9687438,1000.0255,0.31558323,13772.439,4.675505,0,,,,,286.0140074651201,0.0005463677,271.15052268319585,0.0005282036,-0.004230891,-0.0142862415
1.000693,0.00033966082,0,0.0010060249,286.0136161101089,271.1504732245437,1304,11811.623,3.9691007,1000.77264,0.31509426,13776.95,4.6762495,0,,,,,286.0136161101089,0.0005461382,271.1504732245437,0.0005280299,-0.0044161933,-0.013910794
0.9999083,0.0003396453,0,0.0010068846,286.0143208937672,271.15083848108065,1305,11802.051,3.9684203,1000.8541,0.31542137,13766.147,4.676036,0,,,,,286.0143208937672,0.00054699375,271.15083848108065,0.00052875926,-0.0045650196,-0.013868585
1.0001255,0.00033962366,0,0.0010077443,286.0139661488653,271.1508931992436,1306,11804.784,3.968464,1001.17413,0.3153184,13769.138,4.675738,0,,,,,286.0139661488653,0.00054686965,271.1508931992436,0.0005286947,-0.0042689773,-0.0139990235
1.0003942,0.0003396333,0,0.0010086041,286.0133147876691,271.15044823206483,1307,11806.659,3.9687765,1000.9906,0.31551042,13772.836,4.6758704,0,,,,,286.0133147876691,0.0005468683,271.15044823206483,0.0005287183,-0.0043820143,-0.013823907
0.99950963,0.00033960343,0,0.0010094638,286.013332791784,271.15071700120296,1308,11796.405,3.9679387,1001.1261,0.31535578,13760.658,4.6754594,0,,,,,286.013332791784,0.0005469674,271.15071700120296,0.0005287923,-0.0042625633,-0.01354065
1.0003066,0.0003396656,0,0.0010103234,286.0132437901817,271.15000095346255,1309,11806.496,3.968691,1000.7223,0.31517905,13771.63,4.6763153,0,,,,,286.0132437901817,0.00054663175,271.15000095346255,0.0005282517,-0.0043339133,-0.014110006
1.0007573,0.00033969685,0,0.001011183,286.014346240646,271.15037132354564,1310,11812.607,3.9691484,1000.2881,0.31496373,13777.835,4.6767454,0,,,,,286.014346240646,0.00054618187,271.15037132354564,0.0005280664,-0.0045550643,-0.014012985
1.0009091,0.00033973384,0,0.0010120426,286.01428750746896,271.15034816733464,1311,11814.65,3.9692624,1000.90234,0.31562585,13779.926,4.6772547,0,,,,,286.01428750746896,0.0005461824,271.15034816733464,0.0005280417,-0.004554285,-0.014048451
1.0011064,0.00033973466,0,0.0010129022,286.0128232931169,271.15119137585026,1312,11816.046,3.9695137,1000.4725,0.31527776,13782.642,4.677266,0,,,,,286.0128232931169,0.0005460287,271.15119137585026,0.0005279581,-0.004969125,-0.013573659
0.9995669,0.00033962942,0,0.0010137617,286.01285316831354,271.1499335141415,1313,11798.978,3.9680583,999.73816,0.31592724,13761.446,4.675817,0,,,,,286.01285316831354,0.00054689415,271.1499335141415,0.0005287179,-0.004938115,-0.01365232
1.0007447,0.0003396308,0,0.0010146212,286.0127535623077,271.1508371269864,1314,11811.42,3.969016,999.3157,0.31552634,13777.661,4.675836,0,,,,,286.0127535623077,0.00054582505,271.1508371269864,0.0005277736,-0.0050019887,-0.013583511
1.0005991,0.00033967468,0,0.0010154807,286.01287285621254,271.1507265707654,1315,11810.542,3.9689157,999.00195,0.31556588,13775.657,4.6764402,0,,,,,286.01287285621254,0.00054649083,271.1507265707654,0.0005283685,-0.0046848888,-0.013619945
1.000519,0.00033976577,128,0.0010163402,286.01359623446956,271.1499579056997,1316,11809.577,3.9698215,998.82306,0.31541082,13774.555,4.6776943,128,,,,,286.01359623446956,0.00054585177,271.1499579056997,0.00052756176,-0.004696008,-0.014000482
1.0007373,0.00033965113,0,0.0010171996,286.0135859000988,271.1510363282397,1317,11811.604,3.969104,1000.0158,0.31563357,13777.56,4.676116,0,,,,,286.0135859000988,0.00054645754,271.1510363282397,0.00052835414,-0.004801149,-0.014087076
1.0003203,0.00033967494,0,0.001018059,286.0131434385524,271.1507686883834,1318,11807.208,3.968647,1000.1015,0.31547284,13771.818,4.676444,0,,,,,286.0131434385524,0.00054666237,271.1507686883834,0.0005285475,-0.004925047,-0.013919326
1.001082,0.00033970657,0,0.0010189184,286.0115700848505,271.14972090060934,1319,11816.1045,3.9694116,1000.554,0.3157019,13782.305,4.6768794,0,,,,,286.0115700848505,0.00054592284,271.14972090060934,0.0005277625,-0.0050721196,-0.013999727
1.0002869,0.00033970317,0,0.0010197776,286.012530391838,271.1514811448183,1320,11807.168,3.9686384,999.804,0.31574264,13771.36,4.6768327,0,,,,,286.012530391838,0.0005462116,271.1514811448183,0.00052807794,-0.0052167433,-0.013674377
1.0003653,0.00033966178,0,0.0010206369,286.01296823015923,271.15134535560736,1321,11807.428,3.968649,999.2361,0.3149151,13772.438,4.676263,0,,,,,286.01296823015923,0.0005465405,271.15134535560736,0.0005284954,-0.005169115,-0.013797661
1.0002824,0.0003396371,0,0.0010214961,286.0125670384005,271.15086539448623,1322,11806.795,3.9686654,998.92975,0.31553322,13771.298,4.675923,0,,,,,286.0125670384005,0.0005462455,271.15086539448623,0.00052817905,-0.005144719,-0.0136059215
1.0000927,0.00033968393,0,0.0010223554,286.01129088641915,271.1507467670826,1323,11804.587,3.968471,999.3745,0.31536087,13768.687,4.6765676,0,,,,,286.01129088641915,0.0005467574,271.1507467670826,0.0005287318,-0.005331626,-0.013808859
1.0006775,0.00033969825,0,0.0010232145,286.0120042363254,271.15142610444053,1324,11811.182,3.9690804,1000.0484,0.31570527,13776.735,4.676765,0,,,,,286.0120042363254,0.0005461897,271.15142610444053,0.000528081,-0.0051941555,-0.014073663
1.0001512,0.00033967735,0,0.0010240737,286.0128488479051,271.1507164424191,1325,11805.102,3.9684956,999.34906,0.3161558,13769.49,4.676477,0,,,,,286.0128488479051,0.00054620614,271.1507164424191,0.00052814075,-0.0050418465,-0.013716145
1.0005991,0.00033963853,0,0.0010249328,286.01379757040615,271.15105012008803,1326,11809.756,3.9688227,999.1252,0.31585112,13775.657,4.6759424,0,,,,,286.01379757040615,0.0005460474,271.15105012008803,0.00052796805,-0.0052749366,-0.013896619
1.0004991,0.00033966408,0,0.0010257919,286.0133488748168,271.15058555506744,1327,11809.219,3.96878,1000.32294,0.31546292,13774.28,4.6762943,0,,,,,286.0133488748168,0.000546409,271.15058555506744,0.0005282484,-0.0048813755,-0.0139150545
1.0005538,0.0003397213,8192,0.0010266509,286.0129566510986,271.15092216926314,1328,11809.283,3.968958,1000.2355,0.31608307,13775.034,4.677082,8192,,,,,286.0129566510986,0.0005465357,271.15092216926314,0.00052848575,-0.0048756944,-0.013521641
1.0004905,0.0003396923,0,0.0010275099,286.01318451956865,271.15094147491476,1329,11808.407,3.968825,1000.34436,0.3154705,13774.163,4.676683,0,,,,,286.01318451956865,0.0005464585,271.15094147491476,0.0005282853,-0.004860414,-0.013451515
0.99989074,0.0003396395,0,0.001028369,286.01305350302,271.15063560258255,1330,11801.407,3.968232,1000.46155,0.3156684,13765.905,4.675956,0,,,,,286.01305350302,0.00054651586,271.15063560258255,0.0005284171,-0.0051052,-0.013443839
1.0002675,0.00033964086,0,0.0010292279,286.0148353031017,271.1512409951081,1331,11805.296,3.968486,999.7069,0.31526577,13771.092,4.675975,0,,,,,286.0148353031017,0.00054690155,271.1512409951081,0.0005287472,-0.00472126,-0.013946335
0.9996865,0.00033961213,8192,0.0010300868,286.01389915159035,271.1496061175545,1332,11798.682,3.9680693,999.40454,0.3154684,13763.093,4.675579,8192,,,,,286.01389915159035,0.0005467183,271.1496061175545,0.0005285354,-0.0045280196,-0.014226568
1.000822,0.00033963862,0,0.0010309457,286.01250881844834,271.15110311130553,1333,11811.174,3.968989,998.87604,0.3156525,13778.726,4.675944,0,,,,,286.01250881844834,0.00054633536,271.15110311130553,0.000528219,-0.0041501652,-0.013981026
1.0009239,0.00033970128,8320,0.0010318046,286.01354396413086,271.1502864406482,1334,11812.589,3.969867,999.4893,0.31527025,13780.129,4.6768064,8320,,,,,286.01354396413086,0.0005463745,271.1502864406482,0.00052830926,-0.0038623717,-0.01412018
1.0003965,0.00033961338,0,0.0010326634,286.01363372031045,271.150282298489,1335,11806.392,3.968524,998.7222,0.31575894,13772.867,4.675596,0,,,,,286.01363372031045,0.0005468066,271.150282298489,0.0005285722,-0.0038810903,-0.014484976
1.0007308,0.00033958728,0,0.0010335222,286.0134850381509,271.1509835575799,1336,11809.818,3.9686964,998.6988,0.31515503,13777.47,4.675237,0,,,,,286.0134850381509,0.0005464262,271.1509835575799,0.0005282941,-0.003769369,-0.0145813385
1.0007474,0.0003396301,0,0.0010343809,286.0147402161829,271.14967447554955,1337,11809.762,3.968784,999.3096,0.3154186,13777.7,4.6758265,0,,,,,286.0147402161829,0.0005461615,271.14967447554955,0.00052805885,-0.0036602493,-0.014640766
1.0009669,0.0003396177,0,0.0010352397,286.0152994482596,271.1491077204913,1338,11812.445,3.9690728,998.3788,0.3157073,13780.722,4.675656,0,,,,,286.0152994482596,0.0005465053,271.1491077204913,0.0005281236,-0.0034183555,-0.014926729
1.0013573,0.0003396462,0,0.0010360983,286.01441388447233,271.1507394941041,1339,11816.562,3.969357,998.80695,0.31568825,13786.096,4.6760483,0,,,,,286.01441388447233,0.00054633716,271.1507394941041,0.000528184,-0.0032429995,-0.014713426
1.0003558,0.00033941,0,0.0010369569,286.0139907415048,271.15083969137834,1340,11804.92,3.9683588,998.71545,0.31560946,13772.308,4.6727962,0,,,,,286.0139907415048,0.00054690294,271.15083969137834,0.0005286456,-0.003268425,-0.015103314
1.0000281,0.0003395408,0,0.0010378156,286.0140624890994,271.1513812682228,1341,11801.689,3.9682186,997.8195,0.3151974,13767.797,4.6745973,0,,,,,286.0140624890994,0.0005468486,271.1513812682228,0.00052872,-0.0036517282,-0.014701758
1.0007538,0.0003396121,0,0.0010386741,286.014022650002,271.1499479707698,1342,11809.21,3.9687529,997.94867,0.3151425,13777.787,4.6755786,0,,,,,286.014022650002,0.0005467048,271.1499479707698,0.00052847766,-0.003484254,-0.014760474
1.0008787,0.0003396513,0,0.0010395327,286.0143954160234,271.15033801535003,1343,11810.932,3.968839,998.9073,0.3153546,13779.506,4.6761184,0,,,,,286.0143954160234,0.0005464194,271.15033801535003,0.000528188,-0.0033847934,-0.014831731
1.0008583,0.0003395797,0,0.0010403913,286.0140328628283,271.15034308291456,1344,11810.142,3.968688,998.37994,0.3151079,13779.227,4.6751328,0,,,,,286.0140328628283,0.0005463056,271.15034308291456,0.0005281664,-0.0036404498,-0.0145260915
1.0005847,0.00033952505,0,0.0010412497,286.01445455997856,271.15054702672217,1345,11807.085,3.9685452,998.7185,0.31504294,13775.46,4.6743803,0,,,,,286.01445455997856,0.00054658705,271.15054702672217,0.00052840594,-0.0037400413,-0.014280849
1.0004795,0.0003396242,0,0.0010421082,286.01423320010355,271.1504619384751,1346,11807.128,3.9685593,997.9741,0.3157594,13774.01,4.6757455,0,,,,,286.01423320010355,0.000546451,271.1504619384751,0.0005282994,-0.003950978,-0.01391653
1.0013022,0.00033971094,0,0.0010429666,286.01381424330424,271.15181312317196,1347,11816.137,3.9693294,998.69464,0.31541032,13785.338,4.6769395,0,,,,,286.01381424330424,0.0005458249,271.15181312317196,0.00052780646,-0.0044870377,-0.0138242515
1.0004393,0.0003396658,0,0.001043825,286.01199836887406,271.15075285995755,1348,11806.4375,3.9684443,997.08734,0.31563634,13773.457,4.676318,0,,,,,286.01199836887406,0.00054630014,271.15075285995755,0.0005283212,-0.0048859236,-0.013595094
1.000205,0.00033966033,0,0.0010446833,286.013249553078,271.1513685290775,1349,11802.533,3.9682348,997.1087,0.31569436,13770.231,4.676243,0,,,,,286.013249553078,0.0005466413,271.1513685290775,0.0005285976,-0.0049494407,-0.013635205
0.99981964,0.00033961964,0,0.0010455416,286.01318466722876,271.1517084678149,1350,11798.906,3.9678314,997.99335,0.3154654,13764.926,4.6756825,0,,,,,286.01318466722876,0.00054674613,271.1517084678149,0.00052863575,-0.004992943,-0.013350035
1.0003022,0.0003396736,8192,0.0010463999,286.0135476446937,271.15207716917536,1351,11804.579,3.9682806,996.77216,0.31553414,13771.57,4.6764255,8192,,,,,286.0135476446937,0.0005461575,271.15207716917536,0.0005280556,-0.004735677,-0.0132336505
0.99997663,0.0003396462,0,0.0010472581,286.0133067372642,271.15201158528913,1352,11800.931,3.967987,996.7642,0.31547338,13767.088,4.6760483,0,,,,,286.0133067372642,0.0005465907,271.15201158528913,0.0005285577,-0.0048422436,-0.01334166
0.99961853,0.0003395931,0,0.0010481164,286.01272594536204,271.15178018113636,1353,11797.217,3.967676,997.0336,0.31549236,13762.157,4.6753173,0,,,,,286.01272594536204,0.0005465331,271.15178018113636,0.0005284648,-0.0048367777,-0.013254021
0.9998664,0.0003396455,0,0.0010489745,286.0144007413441,271.1506022356751,1354,11799.22,3.9679105,997.701,0.315389,13765.57,4.6760387,0,,,,,286.0144007413441,0.0005469614,271.1506022356751,0.0005288207,-0.004935304,-0.013320628
0.99985653,0.00033960651,0,0.0010498327,286.01365118800936,271.1513401416829,1355,11799.143,3.967915,996.3438,0.31566435,13765.434,4.675502,0,,,,,286.01365118800936,0.0005468148,271.1513401416829,0.0005287417,-0.004736188,-0.013264607
1.0009189,0.0003396798,8192,0.0010506908,286.0139165182475,271.15133450565713,1356,11810.873,3.968787,997.0697,0.31567895,13780.06,4.676511,8192,,,,,286.0139165182475,0.0005464008,271.15133450565713,0.0005284327,-0.004795737,-0.013374326
1.0005902,0.0003396945,0,0.0010515488,286.0134172895895,271.1510373417526,1357,11807.249,3.9685655,997.5027,0.31516773,13775.534,4.676713,0,,,,,286.0134172895895,0.00054664357,271.1510373417526,0.0005286176,-0.004870956,-0.013259833
1.0006305,0.00033969307,0,0.0010524068,286.01250925168523,271.15085523258523,1358,11807.903,3.9684541,997.45483,0.3152563,13776.089,4.6766934,0,,,,,286.01250925168523,0.0005465434,271.15085523258523,0.0005279084,-0.004764224,-0.013052934
1.0007377,0.00033969068,0,0.0010532648,286.0134727677106,271.1517218362727,1359,11808.925,3.968514,996.8285,0.31595242,13777.564,4.6766605,0,,,,,286.0134727677106,0.0005459537,271.1517218362727,0.0005278866,-0.004435578,-0.0131529765
1.000862,0.00033967107,0,0.0010541228,286.0135059916814,271.1514088827408,1360,11810.266,3.968651,997.23474,0.31522596,13779.277,4.6763906,0,,,,,286.0135059916814,0.0005459617,271.1514088827408,0.0005279267,-0.0044511645,-0.013216722
1.0006266,0.00033960905,0,0.0010549807,286.01424541147117,271.15055972684667,1361,11807.135,3.968356,996.902,0.31555226,13776.035,4.6755366,0,,,,,286.01424541147117,0.0005462055,271.15055972684667,0.0005280669,-0.0046486733,-0.0132803125
1.000648,0.00033972322,128,0.0010558385,286.0134636910667,271.1519334048108,1362,11807.69,3.968884,996.47144,0.31581843,13776.331,4.677109,128,,,,,286.0134636910667,0.0005466593,271.1519334048108,0.00052859006,-0.0046825716,-0.013314285
1.0003564,0.00033962962,0,0.0010566964,286.01362907575697,271.1512706123643,1363,11803.246,3.9681628,997.30835,0.3154644,13772.316,4.67582,0,,,,,286.01362907575697,0.0005467263,271.1512706123643,0.00052873074,-0.0046844,-0.013131463
1.000939,0.00033969074,0,0.0010575543,286.0141600484653,271.1510313023096,1364,11810.463,3.9686632,996.6507,0.3157317,13780.337,4.6766615,0,,,,,286.0141600484653,0.0005458513,271.1510313023096,0.0005277485,-0.004329086,-0.013238647
1.0002692,0.00033963635,0,0.001058412,286.0130054106089,271.1517371369052,1365,11802.666,3.9679353,995.4043,0.3157093,13771.115,4.6759124,0,,,,,286.0130054106089,0.00054634677,271.1517371369052,0.00052824966,-0.0045445836,-0.012932209
1.0005616,0.00033966158,0,0.0010592698,286.014023722788,271.15138830572704,1366,11806.355,3.9683175,995.31104,0.31585327,13775.141,4.67626,0,,,,,286.014023722788,0.0005466308,271.15138830572704,0.00052847725,-0.0046292217,-0.012768122
1.0005522,0.0003396805,0,0.0010601275,286.01388063336776,271.15218401530154,1367,11806.275,3.968334,996.97614,0.31542844,13775.011,4.6765203,0,,,,,286.01388063336776,0.0005463378,271.15218401530154,0.0005283424,-0.0045254836,-0.012931848
1.0003635,0.00033962322,0,0.0010609851,286.0126340335781,271.15162466294424,1368,11803.882,3.9681242,996.39435,0.31565836,13772.413,4.6757317,0,,,,,286.0126340335781,0.0005460778,271.15162466294424,0.00052808516,-0.004581584,-0.012887898
0.99991715,0.0003395998,0,0.0010618428,286.01392649818524,271.1517103143731,1369,11798.695,3.967598,996.5388,0.31527862,13766.269,4.6754093,0,,,,,286.01392649818524,0.00054672227,271.1517103143731,0.0005286533,-0.004504005,-0.0127195865
1.000167,0.00033960267,0,0.0010627004,286.0138446206178,271.151436830539,1370,11800.823,3.9678936,997.0356,0.31528938,13769.708,4.675449,0,,,,,286.0138446206178,0.00054708694,271.151436830539,0.00052908977,-0.0043057776,-0.013249259
1.0002712,0.00033964857,0,0.0010635579,286.012550383973,271.1513209468025,1371,11802.631,3.9679468,995.3889,0.31541753,13771.144,4.6760807,0,,,,,286.012550383973,0.00054630695,271.1513209468025,0.0005283917,-0.0045452267,-0.012976004
1.000354,0.00033967468,0,0.0010644154,286.0139121071808,271.1515025281782,1372,11803.815,3.9681468,995.51227,0.3157821,13772.284,4.6764402,0,,,,,286.0139121071808,0.00054638804,271.1515025281782,0.000528211,-0.0044834395,-0.013231169
1.0008198,0.0003396346,0,0.001065273,286.0130085843615,271.15120519690277,1373,11808.814,3.9685485,995.2152,0.31631997,13778.696,4.6758885,0,,,,,286.0130085843615,0.0005461086,271.15120519690277,0.00052813924,-0.0044819796,-0.0128542185
1.0011289,0.0003396993,0,0.0010661304,286.0131868530292,271.15241618929974,1374,11812.563,3.9686644,996.8508,0.31574294,13782.951,4.6767793,0,,,,,286.0131868530292,0.00054584234,271.15241618929974,0.00052784395,-0.004582046,-0.012944835
1.0009185,0.00033969287,0,0.0010669878,286.01395417286295,271.1520042408621,1375,11809.739,3.9686048,995.8046,0.315576,13780.055,4.6766906,0,,,,,286.01395417286295,0.00054656435,271.1520042408621,0.00052850775,-0.0047495286,-0.012953509
1.0003111,0.00033965174,0,0.0010678452,286.01281512187074,271.1519541216769,1376,11802.64,3.9680345,995.4038,0.3158931,13771.692,4.6761246,0,,,,,286.01281512187074,0.00054643344,271.1519541216769,0.0005283949,-0.004593656,-0.012876577
1.0002978,0.00033961685,0,0.0010687024,286.01390615410253,271.15263379521974,1377,11801.746,3.9679134,995.9575,0.31571367,13771.509,4.675644,0,,,,,286.01390615410253,0.0005462892,271.15263379521974,0.000528319,-0.004556635,-0.012669513
1.0003253,0.0003396685,0,0.0010695598,286.0140712317968,271.1520249402314,1378,11802.1875,3.9681017,996.5171,0.3158778,13771.888,4.6763554,0,,,,,286.0140712317968,0.0005466106,271.1520249402314,0.00052855356,-0.004578473,-0.012660652
1.0006084,0.00033965154,0,0.001070417,286.01462626967924,271.15188755894144,1379,11805.025,3.9680543,996.6914,0.3153403,13775.785,4.6761217,0,,,,,286.01462626967924,0.0005463631,271.15188755894144,0.0005282794,-0.0045626657,-0.01310486
1.0004555,0.00033966117,0,0.0010712743,286.013855618679,271.1519429944742,1380,11803.761,3.9681623,996.34735,0.31536385,13773.68,4.6762543,0,,,,,286.013855618679,0.0005462898,271.1519429944742,0.0005283116,-0.0044562276,-0.012782343
1.0001533,0.00033957642,0,0.0010721314,286.0128625011716,271.15218196877817,1381,11801.187,3.9680805,996.1792,0.31550622,13769.5205,4.6750875,0,,,,,286.0128625011716,0.0005462393,271.15218196877817,0.0005281841,-0.004747944,-0.012221374
1.0002003,0.0003395996,0,0.0010729886,286.01452065750703,271.15186298117476,1382,11801.655,3.9677458,995.403,0.31540674,13770.167,4.6754065,0,,,,,286.01452065750703,0.0005463799,271.15186298117476,0.0005282136,-0.004677067,-0.01251517
1.0006353,0.00033967645,0,0.0010738458,286.0134828310873,271.1512199052113,1383,11806.281,3.968268,996.50116,0.3156559,13776.155,4.6764646,0,,,,,286.0134828310873,0.00054610084,271.1512199052113,0.00052817713,-0.0048080045,-0.012456063
0.99954665,0.00033958268,0,0.0010747028,286.01180464477187,271.1527487204665,1384,11793.046,3.9673724,996.9376,0.31578317,13761.168,4.6751738,0,,,,,286.01180464477187,0.00054678496,271.1527487204665,0.0005288745,-0.0051352824,-0.012118899
1.0006608,0.000339657,0,0.0010755599,286.01349903923284,271.1508359897748,1385,11805.518,3.9682586,995.4458,0.3157683,13776.506,4.676197,0,,,,,286.01349903923284,0.00054612727,271.1508359897748,0.0005281581,-0.004596515,-0.012400479
0.9998721,0.0003396033,0,0.0010764168,286.01334543995836,271.1532894113273,1386,11796.168,3.9675074,995.63776,0.3150915,13765.648,4.675458,0,,,,,286.01334543995836,0.00054666295,271.1532894113273,0.0005286537,-0.004471795,-0.012289852
0.9994607,0.00033960337,0,0.0010772737,286.0142193231846,271.1527784572287,1387,11792.305,3.96723,996.3508,0.3154356,13759.984,4.6754584,0,,,,,286.0142193231846,0.0005470031,271.1527784572287,0.0005289932,-0.004390358,-0.012186086
1.0001959,0.00033966982,0,0.0010781307,286.01322921810237,271.153024024452,1388,11800.231,3.9679575,996.6894,0.31567594,13770.106,4.6763735,0,,,,,286.01322921810237,0.00054680416,271.153024024452,0.00052879617,-0.004714595,-0.012042494
1.0008194,0.00033970617,0,0.0010789876,286.01381398447484,271.15164095369875,1389,11808.423,3.9685082,995.38257,0.31567404,13778.691,4.6768737,0,,,,,286.01381398447484,0.00054614566,271.15164095369875,0.000528235,-0.004653169,-0.0122881625
1.0001001,0.00033965398,0,0.0010798444,286.0145159095131,271.15213670907497,1390,11799.666,3.9676557,995.8182,0.31547016,13768.788,4.6761556,0,,,,,286.0145159095131,0.0005465408,271.15213670907497,0.0005285512,-0.0046845064,-0.012181102
0.9996114,0.00033961414,0,0.0010807012,286.01284845332685,271.1529016681332,1391,11793.622,3.9674048,997.06555,0.31549156,13762.059,4.6756067,0,,,,,286.01284845332685,0.0005466921,271.1529016681332,0.00052871474,-0.004895672,-0.012137761
1.0001992,0.00033956475,0,0.0010824148,286.013586756535,271.1525517823208,1393,11800.61,3.9678683,996.6055,0.31607363,13770.151,4.6749268,0,,,,,286.013586756535,0.00054673245,271.1525517823208,0.0005286584,-0.0051931953,-0.011660014
0.9999478,0.00033961583,0,0.0010832715,286.01464223106103,271.1527876526598,1394,11796.874,3.9675584,994.8977,0.31598875,13766.69,4.67563,0,,,,,286.01464223106103,0.00054674724,271.1527876526598,0.0005287629,-0.004768882,-0.011920903
1.000248,0.00033964028,0,0.001084128,286.0145978963945,271.1523472297601,1395,11800.141,3.9678645,995.92645,0.31541628,13770.822,4.6759667,0,,,,,286.0145978963945,0.0005467607,271.1523472297601,0.00052871427,-0.004913135,-0.011643536
1.0001569,0.00033956548,0,0.0010849846,286.014327159964,271.1532478602105,1396,11798.121,3.9676228,994.9279,0.31551218,13769.569,4.674937,0,,,,,286.014327159964,0.00054662145,271.1532478602105,0.00052873295,-0.004120978,-0.011721472
1.0005088,0.00033965506,0,0.0010858412,286.01364198393594,271.1527904569798,1397,11802.561,3.9678605,995.69226,0.3152388,13774.413,4.6761703,0,,,,,286.01364198393594,0.00054637337,271.1527904569798,0.0005284087,-0.004575743,-0.01139329
0.9999949,0.00033960614,0,0.0010866978,286.0129516702219,271.15260691564157,1398,11796.91,3.967444,995.1775,0.315764,13767.339,4.6754966,0,,,,,286.0129516702219,0.0005463635,271.15260691564157,0.00052851083,-0.0047118748,-0.01157872
1.0004151,0.0003396619,0,0.0010875543,286.0138764837134,271.15253164415714,1399,11801.902,3.967925,996.10425,0.31552303,13773.123,4.6762643,0,,,,,286.0138764837134,0.00054641266,271.15253164415714,0.00052848214,-0.004315828,-0.011919085
1.0005009,0.0003396394,0,0.0010884107,286.0150310951647,271.1525869632601,1400,11801.019,3.9678626,995.4043,0.31525496,13774.306,4.675955,0,,,,,286.0150310951647,0.00054637063,271.1525869632601,0.0005282939,-0.0039955317,-0.011651088
1.000565,0.00033964388,0,0.0010892672,286.0134769947608,271.15242559527684,1401,11802.964,3.967966,995.8068,0.31604692,13775.188,4.6760163,0,,,,,286.0134769947608,0.0005468211,271.15242559527684,0.00052884367,-0.0042266124,-0.011802392
1.0003376,0.0003395655,0,0.0010901236,286.01328533477346,271.15259586555743,1402,11800.21,3.9676635,996.2836,0.31561974,13772.058,4.6749372,0,,,,,286.01328533477346,0.0005461916,271.15259586555743,0.0005282552,-0.0046294658,-0.011740259
1.0000496,0.00033956356,0,0.0010909799,286.0130980740994,271.15301950650064,1403,11797.35,3.9675028,995.3495,0.31534514,13768.092,4.6749105,0,,,,,286.0130980740994,0.0005467473,271.15301950650064,0.0005288292,-0.0048258565,-0.011572199
1.0001882,0.0003395988,8192,0.0010918361,286.0138309363942,271.15396568520237,1404,11798.4375,3.9676187,994.132,0.3159867,13770.0,4.6753955,8192,,,,,286.0138309363942,0.0005465262,271.15396568520237,0.0005285738,-0.004558679,-0.011574252
1.0001498,0.00033963044,0,0.0010926924,286.0138156527637,271.1530489561374,1405,11798.1455,3.9675496,995.5798,0.31586528,13769.472,4.6758313,0,,,,,286.0138156527637,0.0005463696,271.1530489561374,0.0005284239,-0.0044826875,-0.011745613
0.9995907,0.00033958344,0,0.0010935486,286.01391887637317,271.15299841021186,1406,11790.665,3.967099,995.2233,0.31567207,13761.774,4.6751842,0,,,,,286.01391887637317,0.00054683664,271.15299841021186,0.0005288834,-0.0043022935,-0.011439513
1.0000241,0.00033960285,0,0.0010944048,286.01400983951794,271.15295750282854,1407,11796.001,3.9674327,996.16187,0.31518874,13767.74,4.6754513,0,,,,,286.01400983951794,0.0005467745,271.15295750282854,0.000528826,-0.0041428604,-0.011595464
1.0003309,0.00033961088,0,0.001095261,286.01321042817614,271.15286775678555,1408,11799.81,3.9677627,995.78827,0.3156182,13771.965,4.675562,0,,,,,286.01321042817614,0.0005469404,271.15286775678555,0.0005290408,-0.0040526087,-0.011733018
0.9998219,0.0003395414,0,0.001096117,286.0144336671058,271.1540937800582,1409,11793.139,3.9670477,994.9889,0.3156159,13764.957,4.6746054,0,,,,,286.0144336671058,0.00054702663,271.1540937800582,0.0005289995,-0.004179288,-0.011692568
1.0001445,0.0003396485,0,0.0010969731,286.01466512100285,271.1524517733368,1410,11797.01,3.967471,995.09125,0.31510535,13769.398,4.67608,0,,,,,286.01466512100285,0.00054688647,271.1524517733368,0.000528832,-0.003916448,-0.0118003525
1.0001894,0.0003396381,8192,0.0010978291,286.0143096676177,271.15334871961363,1411,11796.495,3.9673538,993.9689,0.3155051,13770.017,4.6759367,8192,,,,,286.0143096676177,0.0005466868,271.15334871961363,0.000528687,-0.0040801526,-0.011256999
1.000022,0.00033960125,0,0.0010986851,286.0131995719844,271.15436734947394,1412,11794.486,3.9672313,994.5033,0.31526276,13767.713,4.6754293,0,,,,,286.0131995719844,0.00054659933,271.15436734947394,0.000528669,-0.0039013599,-0.011586365
1.0008103,0.00033964284,0,0.001099541,286.0139717319316,271.15351486580204,1413,11804.492,3.968012,994.8464,0.31544834,13778.564,4.676002,0,,,,,286.0139717319316,0.00054633286,271.15351486580204,0.00052838266,-0.004034128,-0.011843432
0.9995712,0.0003395655,0,0.0011003969,286.0139338868154,271.15307465822343,1414,11789.254,3.9667752,993.802,0.31538138,13761.506,4.6749372,0,,,,,286.0139338868154,0.0005469221,271.15307465822343,0.0005289445,-0.0037506141,-0.011981702
1.0004764,0.00033967858,0,0.0011012527,286.01492600190505,271.15204380234314,1415,11800.262,3.9678614,994.6999,0.31519058,13773.968,4.676494,0,,,,,286.01492600190505,0.0005462365,271.15204380234314,0.00052818365,-0.0036786357,-0.012022634
1.0009823,0.0003396688,0,0.0011021085,286.01268215759796,271.15223128199005,1416,11804.95,3.9680388,992.9999,0.31551692,13780.933,4.676359,0,,,,,286.01268215759796,0.0005462087,271.15223128199005,0.00052818656,-0.0038769692,-0.012131193
0.9999382,0.00033960067,0,0.0011029643,286.0155543208716,271.15093639172017,1417,11793.353,3.9672267,994.4015,0.31570876,13766.559,4.675421,0,,,,,286.0155543208716,0.00054698606,271.15093639172017,0.0005289847,-0.0037287283,-0.012275478
0.99979836,0.0003395805,0,0.00110382,286.01426381054597,271.15284714362366,1418,11791.672,3.9668784,993.5013,0.31551358,13764.633,4.6751437,0,,,,,286.01426381054597,0.000546866,271.15284714362366,0.000528779,-0.0034969845,-0.012264981
1.0004246,0.00033961158,0,0.0011046757,286.0144077958642,271.15344987426334,1419,11798.425,3.967572,994.6293,0.3152258,13773.255,4.6755714,0,,,,,286.0144077958642,0.000547089,271.15344987426334,0.0005290647,-0.0032938025,-0.012206074
1.0002348,0.0003396197,0,0.0011055314,286.01582579505015,271.1526972707909,1420,11796.492,3.9673913,994.3382,0.3156151,13770.643,4.6756835,0,,,,,286.01582579505015,0.0005466118,271.1526972707909,0.00052865845,-0.0031533698,-0.01231255
1.0000973,0.00033962633,128,0.001106387,286.013881339139,271.1517318747141,1421,11794.497,3.9677515,993.8192,0.31537163,13768.748,4.6757746,128,,,,,286.013881339139,0.0005466441,271.1517318747141,0.00052856514,-0.003297401,-0.0123773115
1.0003203,0.00033953253,0,0.0011072425,286.0158817927223,271.1523886480321,1422,11796.554,3.967265,993.98395,0.31541306,13771.818,4.6744833,0,,,,,286.0158817927223,0.0005470027,271.1523886480321,0.00052897516,-0.0028261663,-0.01246584
1.0004575,0.00033950465,0,0.0011080981,286.0153224920786,271.15349561660423,1423,11797.784,3.9674315,994.32556,0.31549424,13773.708,4.6740994,0,,,,,286.0153224920786,0.0005468342,271.15349561660423,0.0005289033,-0.0029160983,-0.012259732
1.0007133,0.0003396278,0,0.0011089535,286.01535236710214,271.15296681044396,1424,11801.3545,3.9676034,993.3827,0.3160204,13777.23,4.6757946,0,,,,,286.01535236710214,0.00054665003,271.15296681044396,0.0005286328,-0.0029841738,-0.011920182
1.0002384,0.0003395956,0,0.0011098089,286.01465812583484,271.15317404078036,1425,11795.145,3.9672961,994.84467,0.31587404,13770.692,4.6753516,0,,,,,286.01465812583484,0.000546821,271.15317404078036,0.0005288228,-0.003141973,-0.01200878
1.0001392,0.00033955296,0,0.0011106643,286.0150708476069,271.1519681576279,1426,11794.613,3.9670937,993.9864,0.3151627,13769.326,4.6747646,0,,,,,286.0150708476069,0.00054647017,271.1519681576279,0.00052845286,-0.0029565156,-0.012264355
1.0003644,0.00033955488,0,0.0011115198,286.0146125924538,271.1531597131285,1427,11796.594,3.9673185,993.60614,0.31545112,13772.426,4.674791,0,,,,,286.0146125924538,0.00054700807,271.1531597131285,0.0005290905,-0.0029281834,-0.012190341
1.000694,0.00033957683,0,0.0011123751,286.0145801880643,271.15323016814784,1428,11801.069,3.967453,992.3187,0.31593916,13776.964,4.675093,0,,,,,286.0145801880643,0.00054648734,271.15323016814784,0.0005284178,-0.0030306694,-0.011910932
0.9995912,0.00033956175,0,0.0011132302,286.01435447496215,271.1540537372323,1429,11787.466,3.9666204,994.16406,0.31549296,13761.78,4.6748857,0,,,,,286.01435447496215,0.00054724945,271.1540537372323,0.00052927784,-0.0034016692,-0.011664581
1.0001541,0.00033957968,0,0.0011140855,286.01471536818656,271.1539984138506,1430,11793.911,3.9671886,994.34644,0.31569842,13769.531,4.6751323,0,,,,,286.01471536818656,0.0005470439,271.1539984138506,0.0005290717,-0.003564052,-0.011218957
1.0000833,0.0003395767,0,0.0011149407,286.01524391263797,271.15453595154736,1431,11792.823,3.9670699,992.90094,0.31578004,13768.557,4.6750917,0,,,,,286.01524391263797,0.0005468634,271.15453595154736,0.0005289102,-0.0034246373,-0.0112437
1.0004112,0.00033962668,0,0.0011157958,286.01415062291363,271.1538056587192,1432,11797.1,3.9672897,992.8476,0.31582075,13773.07,4.6757793,0,,,,,286.01415062291363,0.0005466126,271.1538056587192,0.000528664,-0.004136234,-0.010942728
0.9999938,0.00033960014,0,0.001116651,286.01427914112713,271.1534463451653,1433,11792.948,3.9670756,993.5436,0.31568176,13767.324,4.675414,0,,,,,286.01427914112713,0.00054657896,271.1534463451653,0.00052872003,-0.0038327144,-0.010797247
0.99964094,0.00033958437,0,0.001117506,286.01473205266564,271.15375723821273,1434,11787.673,3.9665797,992.8802,0.31565395,13762.466,4.675197,0,,,,,286.01473205266564,0.0005472715,271.15375723821273,0.00052925193,-0.0036668982,-0.010892089
0.99953866,0.00033954528,0,0.001118361,286.01567529348677,271.1547102020293,1435,11786.463,3.9663954,992.5651,0.31537846,13761.058,4.674659,0,,,,,286.01567529348677,0.000547042,271.1547102020293,0.0005290729,-0.0037611322,-0.010646541
0.99993384,0.0003395529,0,0.001119216,286.01368560259067,271.1539165915667,1436,11791.293,3.966816,993.3626,0.3152198,13766.498,4.6747637,0,,,,,286.01368560259067,0.0005469042,271.1539165915667,0.00052905333,-0.0037166893,-0.010771245
1.0001589,0.0003395958,8192,0.0011200709,286.0146660910409,271.15478959656195,1437,11794.823,3.9671419,992.6566,0.31569976,13769.597,4.6753545,8192,,,,,286.0146660910409,0.0005469689,271.15478959656195,0.00052899274,-0.0044909064,-0.010283791
1.0000243,0.00033955576,0,0.0011209258,286.01483379778153,271.15358138781426,1438,11792.9,3.9670024,992.8038,0.31568325,13767.744,4.6748033,0,,,,,286.01483379778153,0.0005470704,271.15358138781426,0.00052911404,-0.0042461883,-0.010450396
1.0000061,0.00033956493,0,0.0011217806,286.01372735873366,271.15391012821794,1439,11791.879,3.9668386,992.77716,0.31581557,13767.493,4.674929,0,,,,,286.01372735873366,0.00054685096,271.15391012821794,0.0005289435,-0.0043754005,-0.01025972
1.0003916,0.00033961274,0,0.0011226354,286.01493597358024,271.15405691866414,1440,11796.46,3.967229,993.8679,0.31509557,13772.8,4.6755877,0,,,,,286.01493597358024,0.00054645294,271.15405691866414,0.0005285852,-0.0043149646,-0.010183466
0.9994992,0.00033948783,0,0.0011234902,286.01470848350095,271.1542756106671,1441,11785.259,3.9662635,992.2191,0.31505665,13760.515,4.6738677,0,,,,,286.01470848350095,0.00054722663,271.1542756106671,0.0005292931,-0.0040299008,-0.010378259
0.99983287,0.00033954403,0,0.0011243449,286.0127225582424,271.15486955663874,1442,11789.755,3.966692,992.0604,0.3160127,13765.108,4.6746416,0,,,,,286.0127225582424,0.0005468365,271.15486955663874,0.00052894367,-0.004284191,-0.010327407
1.0005836,0.00033946,8192,0.0011251996,286.01430012787716,271.1546049429819,1443,11798.719,3.9674246,991.99005,0.3159824,13775.445,4.673485,8192,,,,,286.01430012787716,0.00054639665,271.1546049429819,0.0005286446,-0.0046841092,-0.009977561
0.99947196,0.00033946827,0,0.0011260542,286.01361180779685,271.1538785468569,1444,11785.439,3.9664125,992.04004,0.31580922,13760.14,4.673599,0,,,,,286.01361180779685,0.0005470123,271.1538785468569,0.0005291204,-0.0045991344,-0.010362808
1.000244,0.00033959333,0,0.0011269088,286.0148172139,271.15555368042897,1445,11794.155,3.9670591,993.39233,0.3154571,13770.77,4.67532,0,,,,,286.0148172139,0.00054671103,271.15555368042897,0.0005288336,-0.0042936956,-0.01038081
0.9998372,0.00033956912,0,0.0011277633,286.01429896565116,271.1539241024748,1446,11789.312,3.9665742,992.38367,0.315705,13765.168,4.674987,0,,,,,286.01429896565116,0.0005463291,271.1539241024748,0.0005284836,-0.0042912876,-0.010562548
1.0002726,0.0003395606,0,0.0011286178,286.01498422163394,271.15503530010295,1447,11794.456,3.9671118,992.99884,0.31569892,13771.162,4.6748695,0,,,,,286.01498422163394,0.00054667017,271.15503530010295,0.00052882585,-0.0040940135,-0.010225993
0.99947923,0.00033954656,0,0.0011294723,286.0145190944158,271.15446239877144,1448,11784.795,3.9664538,992.27216,0.3157779,13760.239,4.6746764,0,,,,,286.0145190944158,0.0005472014,271.15446239877144,0.0005293811,-0.0042771855,-0.010285725
0.9990968,0.00033953917,0,0.0011303267,286.01476572142343,271.15367539321994,1449,11780.022,3.9659011,992.3153,0.31537417,13754.975,4.674575,0,,,,,286.01476572142343,0.0005465293,271.15367539321994,0.00052868616,-0.004467254,-0.010089323
1.0000943,0.0003395507,0,0.001131181,286.01447530686187,271.154011307438,1450,11791.714,3.9667811,991.6708,0.31543112,13768.708,4.674733,0,,,,,286.01447530686187,0.0005464996,271.154011307438,0.0005286621,-0.0042268094,-0.010195141
1.000326,0.00033960908,0,0.0011320354,286.0151083981144,271.15416222453985,1451,11793.724,3.9669354,991.91223,0.31503996,13771.897,4.675537,0,,,,,286.0151083981144,0.00054666254,271.15416222453985,0.0005288492,-0.0038448933,-0.010361328
1.0012649,0.0003396421,0,0.0011328897,286.0137729890659,271.1544576191021,1452,11805.087,3.967846,993.6418,0.3154278,13784.823,4.675992,0,,,,,286.0137729890659,0.00054628274,271.1544576191021,0.00052849425,-0.0040797563,-0.010429405
0.99962723,0.00033950157,0,0.0011337439,286.01382410060756,271.15388416098,1453,11786.489,3.9663146,992.50934,0.3152782,13762.277,4.674057,0,,,,,286.01382410060756,0.00054680556,271.15388416098,0.0005289569,-0.0042138333,-0.010085893
0.99974763,0.00033945675,0,0.001134598,286.0149105641265,271.15411964699905,1454,11787.559,3.9664228,991.8815,0.3155451,13763.935,4.67344,0,,,,,286.0149105641265,0.0005469743,271.15411964699905,0.0005290591,-0.0042121103,-0.01009553
0.9998627,0.0003395665,0,0.0011354522,286.0136714776537,271.15452071881106,1455,11788.698,3.9665802,993.6622,0.31532982,13765.519,4.674951,0,,,,,286.0136714776537,0.0005469074,271.15452071881106,0.00052901683,-0.0040823845,-0.010136363
0.9999934,0.00033955878,0,0.0011363063,286.0144940121606,271.15306179372146,1456,11790.528,3.966646,992.58185,0.31540242,13767.318,4.6748447,0,,,,,286.0144940121606,0.0005464945,271.15306179372146,0.0005286506,-0.0040593627,-0.010303808
0.9997621,0.00033952933,0,0.0011371603,286.0144755556699,271.15501579083053,1457,11787.066,3.9665132,993.91156,0.3161034,13764.134,4.6744394,0,,,,,286.0144755556699,0.0005469746,271.15501579083053,0.00052907947,-0.0039273878,-0.010257645
1.000205,0.00033958186,0,0.0011380144,286.01485335421415,271.15441956462087,1458,11792.184,3.9669173,991.8917,0.3157489,13770.231,4.6751623,0,,,,,286.01485335421415,0.00054666237,271.15441956462087,0.00052882975,-0.004051176,-0.009887003
0.9997551,0.0003395591,0,0.0011388683,286.01416563390785,271.15570625753696,1459,11786.937,3.9665391,992.52594,0.31572846,13764.037,4.674849,0,,,,,286.01416563390785,0.0005472361,271.15570625753696,0.00052938366,-0.0042992793,-0.00991919
0.99995595,0.00033949307,0,0.0011397222,286.01438984457775,271.15549018780774,1460,11789.227,3.9666612,993.1939,0.3155655,13766.803,4.67394,0,,,,,286.01438984457775,0.00054716703,271.15549018780774,0.0005293797,-0.004404909,-0.009798423
0.99997985,0.0003395038,0,0.0011405761,286.0139719178234,271.15323598954114,1461,11789.698,3.9665911,992.27026,0.31532645,13767.132,4.674088,0,,,,,286.0139719178234,0.0005464118,271.15323598954114,0.00052858033,-0.0045575774,-0.009702383
0.99922043,0.00033936324,0,0.0011414299,286.01318966003885,271.1556587242985,1462,11780.513,3.9659133,993.1235,0.3155227,13756.677,4.6721525,0,,,,,286.01318966003885,0.0005469301,271.1556587242985,0.00052918826,-0.004590361,-0.009671085
1.0005963,0.00033960963,0,0.0011422837,286.013017525578,271.1543291330788,1463,11796.026,3.967143,992.30145,0.3152348,13775.618,4.6755447,0,,,,,286.013017525578,0.00054650276,271.1543291330788,0.00052867434,-0.0043342034,-0.009878108
0.99955297,0.0003393705,0,0.0011431375,286.01503721182155,271.15449086804944,1464,11782.897,3.9659204,993.07623,0.3150574,13761.255,4.6722527,0,,,,,286.01503721182155,0.0005470531,271.15449086804944,0.0005292518,-0.0042944876,-0.009585468
1.0000035,0.00033954112,0,0.0011439911,286.0141929616958,271.15463871994285,1465,11789.88,3.966725,992.62976,0.31547198,13767.457,4.6746016,0,,,,,286.0141929616958,0.000546636,271.15463871994285,0.0005287995,-0.0045467345,-0.009523265
0.99956995,0.00033939982,0,0.0011448447,286.01445153524566,271.1548305612065,1466,11784.6455,3.966299,991.9066,0.3151667,13761.488,4.672656,0,,,,,286.01445153524566,0.00054700725,271.1548305612065,0.0005292237,-0.004680536,-0.00976629
0.9999275,0.0003395034,0,0.0011456984,286.014626562306,271.1550772465886,1467,11788.677,3.9665487,992.187,0.3155893,13766.411,4.6740823,0,,,,,286.014626562306,0.0005469836,271.1550772465886,0.0005291739,-0.004343952,-0.009885137
1.0001764,0.00033949697,0,0.0011465519,286.0144247744571,271.1552691516279,1468,11791.602,3.9668577,993.0512,0.3159233,13769.838,4.6739936,0,,,,,286.0144247744571,0.0005466465,271.1552691516279,0.00052887015,-0.004545216,-0.009735764
0.99964017,0.00033944365,0,0.0011474054,286.0135662881303,271.1554667336444,1469,11785.166,3.9662323,990.6372,0.3156298,13762.455,4.6732597,0,,,,,286.0135662881303,0.0005467497,271.1554667336444,0.0005290747,-0.0044826935,-0.009811821
1.0005347,0.0003395216,0,0.0011482588,286.01386960317177,271.1552743570216,1470,11795.697,3.9669623,992.86633,0.3154076,13774.77,4.6743326,0,,,,,286.01386960317177,0.0005465402,271.1552743570216,0.00052876037,-0.0046599284,-0.00985757
0.99961704,0.00033950715,0,0.0011491122,286.0147389469528,271.1547051275071,1471,11784.539,3.9663255,991.7935,0.3155782,13762.137,4.674134,0,,,,,286.0147389469528,0.0005473153,271.1547051275071,0.00052945164,-0.0046542725,-0.009819204
1.0000468,0.00033958582,0,0.0011499657,286.01319992770556,271.1544681798272,1472,11789.968,3.9666293,991.83496,0.3153965,13768.055,4.675217,0,,,,,286.01319992770556,0.0005469005,271.1544681798272,0.0005290626,-0.004619362,-0.009797785
1.0004665,0.00033954348,0,0.001150819,286.01350494220134,271.15481185519,1473,11794.229,3.9670599,992.3987,0.3157347,13773.831,4.674634,0,,,,,286.01350494220134,0.0005465167,271.15481185519,0.00052873726,-0.0045775888,-0.010003204
0.99997497,0.00033951,0,0.0011516722,286.01398976257417,271.1551236424436,1474,11789.227,3.966477,991.3061,0.31563047,13767.064,4.6741734,0,,,,,286.01398976257417,0.00054674305,271.1551236424436,0.00052895845,-0.004615826,-0.0100775855
1.000397,0.00033953178,0,0.0011525254,286.01306809611305,271.1548497937689,1475,11793.688,3.966827,991.3529,0.31520692,13772.875,4.674473,0,,,,,286.01306809611305,0.000546882,271.1548497937689,0.0005290671,-0.0049265088,-0.009733837
0.9997391,0.00033953213,0,0.0011533786,286.01493235885465,271.1549714315547,1476,11786.141,3.966247,991.6111,0.31545937,13763.817,4.6744776,0,,,,,286.01493235885465,0.00054688804,271.1549714315547,0.0005292233,-0.004631377,-0.010160084
0.99997354,0.00033947514,0,0.0011542318,286.014024069471,271.1542747530282,1477,11788.671,3.9665172,991.5346,0.31547573,13767.045,4.673693,0,,,,,286.014024069471,0.00054676895,271.1542747530282,0.00052899856,-0.0045052688,-0.0101197865
1.0004439,0.00033950363,0,0.0011550848,286.0148807216715,271.15443998845734,1478,11794.766,3.9668238,990.1197,0.31542152,13773.5205,4.6740856,0,,,,,286.0148807216715,0.00054650195,271.15443998845734,0.0005286881,-0.0046627265,-0.010007049
0.9998776,0.00033953035,0,0.0011559379,286.0141230348309,271.15460127026506,1479,11787.526,3.9663556,991.6901,0.31586075,13765.724,4.6744533,0,,,,,286.0141230348309,0.0005469559,271.15460127026506,0.000529084,-0.00437937,-0.009959831
0.9996559,0.0003395251,0,0.0011567909,286.01487974629765,271.15587455244486,1480,11783.964,3.966149,991.9952,0.31577513,13762.672,4.6743813,0,,,,,286.01487974629765,0.0005471941,271.15587455244486,0.0005293776,-0.004560026,-0.010193349
0.99986815,0.00033943326,0,0.0011576439,286.01364469277866,271.15561128820724,1481,11787.377,3.9664114,990.93207,0.31543598,13765.594,4.6731167,0,,,,,286.01364469277866,0.00054683717,271.15561128820724,0.00052907044,-0.004462932,-0.010048362
0.99980474,0.00033955424,0,0.0011584967,286.0130179373875,271.15429765463546,1482,11785.912,3.966263,992.05615,0.3154534,13764.721,4.6747823,0,,,,,286.0130179373875,0.0005468446,271.15429765463546,0.000529133,-0.0045340396,-0.010150948
1.0002586,0.00033956335,0,0.0011593496,286.0135720655877,271.15519846228625,1483,11791.917,3.9665966,991.0583,0.31547278,13770.97,4.6749077,0,,,,,286.0135720655877,0.0005465808,271.15519846228625,0.0005288383,-0.0045326035,-0.009784139
0.999754,0.0003395329,0,0.0011602024,286.0135128268839,271.15476168595205,1484,11785.894,3.9664152,991.5541,0.31560937,13764.022,4.6744885,0,,,,,286.0135128268839,0.00054733123,271.15476168595205,0.0005295102,-0.004608154,-0.01008875
0.9999816,0.00033956516,0,0.0011610552,286.0118920704828,271.1548260224164,1485,11787.703,3.9664571,991.75934,0.31559432,13767.155,4.6749325,0,,,,,286.0118920704828,0.0005467494,271.1548260224164,0.00052901515,-0.004482503,-0.010124901
1.00054,0.000339571,0,0.0011619079,286.01460653998123,271.1546725645683,1486,11794.525,3.9669569,991.81744,0.3151813,13774.844,4.675013,0,,,,,286.01460653998123,0.0005465961,271.1546725645683,0.0005287906,-0.0045375945,-0.009824186
0.9998504,0.00033949537,0,0.0011627605,286.01434183265815,271.1537642992863,1487,11786.486,3.966397,990.9108,0.3155826,13765.35,4.6739717,0,,,,,286.01434183265815,0.00054704887,271.1537642992863,0.00052923476,-0.004779788,-0.010082201
0.99990976,0.00033944708,0,0.0011636132,286.01478853424857,271.15420288225,1488,11787.355,3.9664226,990.84357,0.31563193,13766.167,4.673307,0,,,,,286.01478853424857,0.0005466877,271.15420288225,0.00052894966,-0.004571961,-0.009873122
0.9997403,0.00033949307,0,0.0011644657,286.0138971649853,271.15487814989825,1489,11784.826,3.9662626,991.1137,0.3158107,13763.834,4.67394,0,,,,,286.0138971649853,0.00054710323,271.15487814989825,0.00052928756,-0.0048862603,-0.009718112
1.0003259,0.00033956493,0,0.0011653183,286.0141099407308,271.15452981089976,1490,11792.072,3.9667864,991.2037,0.31570598,13771.8955,4.674929,0,,,,,286.0141099407308,0.0005466805,271.15452981089976,0.00052893814,-0.004723183,-0.009913741
1.0000942,0.00033955456,0,0.0011661707,286.0142700560493,271.15463895622355,1491,11788.765,3.9663193,990.3303,0.3158809,13768.706,4.6747866,0,,,,,286.0142700560493,0.00054688647,271.15463895622355,0.0005291184,-0.004841412,-0.009942526
1.0000416,0.00033946766,0,0.0011670231,286.0137473709059,271.1550760900738,1492,11788.431,3.9665105,991.32446,0.31549937,13767.982,4.67359,0,,,,,286.0137473709059,0.00054723775,271.1550760900738,0.0005293678,-0.004573905,-0.010301415
0.99979883,0.0003394857,0,0.0011678755,286.0137533074447,271.15429390838307,1493,11785.992,3.9662921,990.7965,0.31522903,13764.64,4.6738386,0,,,,,286.0137533074447,0.00054729043,271.15429390838307,0.0005295211,-0.004502196,-0.010167438
0.9994723,0.00033950811,0,0.0011687279,286.01351371691226,271.1571838981202,1494,11781.394,3.9659803,991.8136,0.315664,13760.145,4.674147,0,,,,,286.01351371691226,0.0005467189,271.1571838981202,0.0005290437,-0.004551917,-0.0099814
0.9999336,0.0003395323,0,0.0011695802,286.0145087063028,271.1552696323799,1495,11787.668,3.9662886,990.211,0.31506622,13766.495,4.67448,0,,,,,286.0145087063028,0.00054688053,271.1552696323799,0.0005291086,-0.0048474735,-0.009632828
1.0005192,0.00033958792,0,0.0011704323,286.0143613797719,271.1551246909113,1496,11793.869,3.9668708,990.7013,0.31585196,13774.557,4.675246,0,,,,,286.0143613797719,0.0005468676,271.1551246909113,0.000529127,-0.0046201115,-0.010122694
1.0004885,0.00033962296,0,0.0011712846,286.0145004004722,271.155189141285,1497,11793.322,3.96676,991.3474,0.31538263,13774.135,4.6757283,0,,,,,286.0145004004722,0.00054674194,271.155189141285,0.00052901526,-0.0043458217,-0.010158102
1.000273,0.0003395952,0,0.0011721366,286.01451994704604,271.1544589298618,1498,11790.074,3.9666772,990.3343,0.31583628,13771.168,4.675346,0,,,,,286.01451994704604,0.0005467158,271.1544589298618,0.0005288879,-0.0043546576,-0.010404136
1.0006245,0.00033961283,0,0.0011729888,286.01441744450676,271.1551752374567,1499,11794.598,3.9667997,989.80585,0.31541973,13776.008,4.6755886,0,,,,,286.01441744450676,0.000546509,271.1551752374567,0.0005286046,-0.004034576,-0.010590382
0.9995548,0.00033955075,0,0.0011738408,286.01500314141407,271.1544495607077,1500,11781.265,3.9658961,990.70404,0.31510738,13761.28,4.674734,0,,,,,286.01500314141407,0.0005472087,271.1544495607077,0.0005293176,-0.003983849,-0.010647407
1.0007057,0.00033963175,0,0.0011746928,286.0148854899479,271.1541149789874,1501,11795.378,3.9668863,990.8267,0.31510445,13777.125,4.6758494,0,,,,,286.0148854899479,0.00054682145,271.1541149789874,0.00052900804,-0.0036066999,-0.011107897
0.99907374,0.0003395068,0,0.0011755447,286.01560661953937,271.154453726467,1502,11776.438,3.9654016,990.0114,0.31581885,13754.657,4.674129,0,,,,,286.01560661953937,0.0005474128,271.154453726467,0.0005295339,-0.0037034263,-0.010890259
0.9997367,0.00033955276,0,0.0011763966,286.01498028484446,271.15437515684005,1503,11784.407,3.9659839,991.1338,0.3151914,13763.784,4.674762,0,,,,,286.01498028484446,0.00054698734,271.15437515684005,0.0005290604,-0.0036806432,-0.011322744
1.00053,0.0003395859,0,0.0011772484,286.01493737345226,271.1542362372803,1504,11793.086,3.966585,990.67334,0.315727,13774.706,4.675218,0,,,,,286.01493737345226,0.0005465469,271.1542362372803,0.00052863004,-0.0035315505,-0.011492558
0.9998731,0.00033957348,0,0.0011781002,286.01522710407227,271.1531004060643,1505,11785.26,3.9661663,990.3908,0.315493,13765.662,4.675047,0,,,,,286.01522710407227,0.0005468832,271.1531004060643,0.00052895804,-0.0037397633,-0.011512895
1.0001124,0.0003395823,0,0.0011789519,286.01499749054585,271.1536433682683,1506,11788.467,3.9663339,990.8342,0.31536877,13768.956,4.6751685,0,,,,,286.01499749054585,0.0005469679,271.1536433682683,0.00052909675,-0.0035211192,-0.011483499
1.0003484,0.00033957005,0,0.0011798036,286.013918518326,271.15328564527795,1507,11789.893,3.9663293,989.16284,0.3150629,13772.207,4.6749997,0,,,,,286.013918518326,0.0005465599,271.15328564527795,0.0005286514,-0.0036208339,-0.011463318
0.99999875,0.00033953824,0,0.0011806553,286.01480963061204,271.15466527368164,1508,11785.876,3.9663,990.8608,0.315798,13767.392,4.674562,0,,,,,286.01480963061204,0.0005470154,271.15466527368164,0.0005290642,-0.0036548802,-0.01118926
1.0001462,0.00033958064,0,0.0011815069,286.0143825992259,271.1545585921842,1509,11787.812,3.9662797,990.05493,0.31524962,13769.421,4.6751456,0,,,,,286.0143825992259,0.00054696325,271.1545585921842,0.0005290704,-0.00362269,-0.011192003
1.0012106,0.00033964866,0,0.0011823585,286.01490050816324,271.15323918216427,1510,11800.544,3.9672601,989.50653,0.31527603,13784.075,4.676082,0,,,,,286.01490050816324,0.00054609735,271.15323918216427,0.00052822573,-0.0037866593,-0.011211782
1.0002174,0.0003395861,0,0.0011832099,286.0146343433125,271.1542081776664,1511,11788.946,3.9663975,990.3486,0.31563035,13770.403,4.675221,0,,,,,286.0146343433125,0.0005468079,271.1542081776664,0.0005288996,-0.004169167,-0.011137802
1.0001502,0.0003395706,0,0.0011840614,286.01382193297474,271.1541050433406,1512,11787.572,3.9663708,990.9007,0.31550846,13769.477,4.6750073,0,,,,,286.01382193297474,0.0005471064,271.1541050433406,0.00052919646,-0.0043945513,-0.010676231
0.99929416,0.00033951196,0,0.0011849127,286.01407976475656,271.155092762296,1513,11778.644,3.9656618,989.57465,0.31530148,13757.691,4.6742,0,,,,,286.01407976475656,0.0005474774,271.155092762296,0.00052969053,-0.004370231,-0.010401491
0.99979216,0.0003393748,8192,0.0011857641,286.01363049931615,271.15481968187737,1514,11784.334,3.9660242,990.66644,0.31513423,13764.548,4.672312,8192,,,,,286.01363049931615,0.0005466758,271.15481968187737,0.0005289142,-0.004844254,-0.010237232
1.0003895,0.00033955387,0,0.0011866154,286.0143374248546,271.1552409293632,1515,11791.054,3.9663882,989.5,0.3154014,13772.771,4.674777,0,,,,,286.0143374248546,0.00054660114,271.1552409293632,0.0005288167,-0.0047793672,-0.009980522
1.000135,0.00033955692,0,0.0011874667,286.01346387396075,271.15506686122984,1516,11787.875,3.9663193,990.3525,0.31510696,13769.268,4.674819,0,,,,,286.01346387396075,0.00054700446,271.15506686122984,0.00052921986,-0.004734427,-0.009952209
1.0002537,0.0003395863,0,0.0011883179,286.0148314325138,271.15502914948087,1517,11789.732,3.9663782,989.5113,0.31571043,13770.902,4.6752234,0,,,,,286.0148314325138,0.00054672186,271.15502914948087,0.00052885513,-0.0045506954,-0.010145714
1.0004896,0.000339452,0,0.001189169,286.01347646738964,271.1549402625272,1518,11791.88,3.9665594,989.0105,0.31562266,13774.149,4.6733747,0,,,,,286.01347646738964,0.0005465748,271.1549402625272,0.0005288547,-0.0049967575,-0.009779165
1.0000839,0.0003395513,0,0.0011900201,286.013814734289,271.1545972216475,1519,11787.684,3.9662154,989.95526,0.31532705,13768.564,4.6747417,0,,,,,286.013814734289,0.0005465258,271.1545972216475,0.00052878045,-0.004776992,-0.010210338
1.0001402,0.0003395493,0,0.0011908711,286.01431782830247,271.155421432995,1520,11787.925,3.9663215,989.8287,0.31544027,13769.34,4.674714,0,,,,,286.01431782830247,0.0005466511,271.155421432995,0.00052883505,-0.0048269737,-0.009803431
1.0002751,0.00033960864,128,0.0011917221,286.0144941360826,271.15531542930245,1521,11789.481,3.9671104,989.9292,0.31495047,13771.196,4.675531,128,,,,,286.0144941360826,0.0005465692,271.15531542930245,0.0005287771,-0.004604607,-0.009835218
0.99978626,0.00033952855,0,0.0011925731,286.01403729639804,271.15505408577707,1522,11784.157,3.965794,989.3687,0.3154235,13764.467,4.6744285,0,,,,,286.01403729639804,0.0005470453,271.15505408577707,0.0005292749,-0.0045848186,-0.009751097
0.9999837,0.00033948803,0,0.001193424,286.01286969820234,271.15509631132215,1523,11786.404,3.9661129,988.8703,0.31524968,13767.186,4.6738706,0,,,,,286.01286969820234,0.0005467879,271.15509631132215,0.0005289888,-0.004865605,-0.009652648
1.0003523,0.0003395474,0,0.0011942748,286.01484418452554,271.15429476191053,1524,11790.996,3.9665906,990.5391,0.3155572,13772.259,4.674688,0,,,,,286.01484418452554,0.0005467229,271.15429476191053,0.00052884006,-0.0045717345,-0.010279751
1.0002413,0.0003395228,0,0.0011951256,286.01581192835476,271.1545606553339,1525,11788.793,3.9661772,989.0873,0.31537277,13770.731,4.6743493,0,,,,,286.01581192835476,0.00054637593,271.1545606553339,0.0005286111,-0.005042316,-0.009962041
1.0001218,0.00033954962,0,0.0011959763,286.0140067310016,271.1551218061056,1526,11787.545,3.9662185,989.844,0.31544748,13769.086,4.6747184,0,,,,,286.0140067310016,0.00054677826,271.1551218061056,0.00052897714,-0.0048852577,-0.009671643
0.99967015,0.00033952136,0,0.001196827,286.0146195274193,271.1546259935694,1527,11782.3955,3.9659145,989.579,0.31567752,13762.868,4.6743293,0,,,,,286.0146195274193,0.0005469765,271.1546259935694,0.00052916195,-0.00492079,-0.01000537
0.9998578,0.00033947453,0,0.0011976776,286.015477710314,271.15508817524477,1528,11784.821,3.9660716,989.8513,0.31553027,13765.451,4.6736846,0,,,,,286.015477710314,0.0005470262,271.15508817524477,0.00052917964,-0.0046547237,-0.009796457
0.9999682,0.0003395464,0,0.0011985282,286.0139597828107,271.1547246018727,1529,11786.106,3.966088,988.5957,0.315459,13766.971,4.674674,0,,,,,286.0139597828107,0.0005466671,271.1547246018727,0.00052881934,-0.004801256,-0.010316062
1.0001048,0.00033952092,0,0.0011993787,286.0152087995143,271.1560249219255,1530,11786.519,3.9661329,989.2804,0.3156313,13768.853,4.6743236,0,,,,,286.0152087995143,0.0005470473,271.1560249219255,0.0005292867,-0.0046965834,-0.009952185
1.0006384,0.00033960538,0,0.0012002292,286.01453948571316,271.15428423827575,1531,11793.59,3.966694,989.816,0.31557432,13776.197,4.675486,0,,,,,286.01453948571316,0.00054649956,271.15428423827575,0.0005286662,-0.0043231696,-0.010096236
1.0000584,0.00033949243,0,0.0012010797,286.013586208696,271.1557583647118,1532,11786.078,3.9661732,989.1261,0.3154023,13768.213,4.673931,0,,,,,286.013586208696,0.00054729276,271.1557583647118,0.00052957586,-0.0051139574,-0.009447039
0.99987876,0.0003395091,0,0.00120193,286.0140112936121,271.1544279843203,1533,11784.18,3.9658995,988.1381,0.3155211,13765.74,4.674161,0,,,,,286.0140112936121,0.0005469563,271.1544279843203,0.0005292203,-0.0043039816,-0.010067836
0.99996215,0.000339446,0,0.0012027803,286.01493995266173,271.1568337534821,1534,11785.298,3.9660313,988.9138,0.315394,13766.888,4.673292,0,,,,,286.01493995266173,0.0005471674,271.1568337534821,0.0005294268,-0.004818743,-0.009591224
1.0001122,0.00033941184,8192,0.0012036306,286.0123881390416,271.15613812754276,1535,11787.502,3.9661453,988.808,0.31562102,13768.953,4.6728215,8192,,,,,286.0123881390416,0.0005462319,271.15613812754276,0.00052846177,-0.0047096447,-0.009745997
1.0000285,0.00033954362,0,0.0012044809,286.0142242665662,271.1555302646757,1536,11785.306,3.9660645,989.2848,0.3154648,13767.802,4.674636,0,,,,,286.0142242665662,0.0005470462,271.1555302646757,0.0005292167,-0.0045027644,-0.009674479
0.9995456,0.00033952322,0,0.001205331,286.0146665228096,271.15591637078,1537,11779.932,3.96563,988.99646,0.31490937,13761.153,4.674355,0,,,,,286.0146665228096,0.0005468527,271.15591637078,0.00052903325,-0.004197329,-0.009713527
1.000426,0.00033959615,0,0.0012070312,286.01495280179097,271.1555894181278,1539,11789.411,3.9665098,989.08856,0.31541735,13773.274,4.6753592,0,,,,,286.01495280179097,0.0005468946,271.1555894181278,0.00052908226,-0.0042665983,-0.009651186
0.99983126,0.00033948978,0,0.0012078811,286.01397566302614,271.1546882527597,1540,11782.806,3.965711,989.4756,0.315253,13765.086,4.673895,0,,,,,286.01397566302614,0.0005468882,271.1546882527597,0.00052908744,-0.0042023542,-0.009420146
1.0000738,0.00033950413,0,0.0012087311,286.01413683079744,271.15518585629604,1541,11785.474,3.9659574,989.15216,0.31486896,13768.426,4.6740923,0,,,,,286.01413683079744,0.0005469046,271.15518585629604,0.0005291041,-0.0045805513,-0.009699372
0.99953824,0.0003395249,0,0.001209581,286.01523964101415,271.1563160220477,1542,11778.989,3.9655216,988.60846,0.31541285,13761.052,4.6743784,0,,,,,286.01523964101415,0.0005474407,271.1563160220477,0.00052961614,-0.0043916088,-0.00952716
1.00015,0.00033957063,0,0.0012104309,286.01403026258146,271.15462070029093,1543,11785.29,3.96615,989.0605,0.31570718,13769.474,4.675008,0,,,,,286.01403026258146,0.0005470109,271.15462070029093,0.0005292679,-0.0043769227,-0.009478086
0.99992055,0.00033952412,0,0.0012112807,286.01479060897697,271.1555396670177,1544,11783.684,3.9659033,988.71533,0.31609228,13766.315,4.6743674,0,,,,,286.01479060897697,0.00054701994,271.1555396670177,0.000529288,-0.0044278246,-0.009382466
1.0002003,0.00033947921,0,0.0012121304,286.01510399951763,271.15565313314977,1545,11786.102,3.96605,989.105,0.31552613,13770.167,4.6737494,0,,,,,286.01510399951763,0.0005469744,271.15565313314977,0.00052917266,-0.004317605,-0.009244185
0.99984163,0.0003395004,0,0.0012129801,286.0142594577865,271.1559540883563,1546,11783.082,3.9659145,988.4708,0.3154052,13765.229,4.674041,0,,,,,286.0142594577865,0.0005468902,271.1559540883563,0.00052907737,-0.004121242,-0.009170886
0.99984366,0.00033948408,0,0.0012138297,286.0136464932599,271.1554082679931,1547,11782.136,3.9658036,987.54315,0.31560504,13765.257,4.673816,0,,,,,286.0136464932599,0.0005467423,271.1554082679931,0.00052904757,-0.0042888094,-0.009160039
1.0002257,0.00033951201,0,0.0012146793,286.0143036645896,271.1556574062131,1548,11786.741,3.966187,988.19556,0.31543258,13770.516,4.674201,0,,,,,286.0143036645896,0.0005466386,271.1556574062131,0.00052887475,-0.0043975483,-0.009325425
1.0001807,0.00033952072,0,0.0012155289,286.01418807451444,271.15653854788405,1549,11786.364,3.9659657,987.25116,0.3155089,13769.897,4.6743207,0,,,,,286.01418807451444,0.00054676575,271.15653854788405,0.0005291421,-0.0045101754,-0.009424679
0.99978703,0.00033949662,0,0.0012163783,286.01496555244205,271.1549054004512,1550,11781.565,3.9656637,988.702,0.31549183,13764.478,4.673989,0,,,,,286.01496555244205,0.00054689863,271.1549054004512,0.000529235,-0.0047760135,-0.009438889
0.99998987,0.00033941283,0,0.0012172278,286.01420459403766,271.1558219651296,1551,11784.372,3.9659045,988.01483,0.3151201,13767.27,4.6728354,0,,,,,286.01420459403766,0.00054666755,271.1558219651296,0.0005289884,-0.0048997058,-0.009561619
1.0000371,0.00033953594,8192,0.0012180771,286.01348435102204,271.1564938526729,1552,11783.652,3.965807,987.4512,0.31557712,13767.92,4.67453,8192,,,,,286.01348435102204,0.0005467497,271.1564938526729,0.0005290933,-0.0047803386,-0.009229276
0.99952227,0.00033949298,0,0.0012189264,286.0154532122356,271.1555465492349,1553,11777.97,3.9654129,988.25195,0.31538382,13760.832,4.6739388,0,,,,,286.0154532122356,0.00054712966,271.1555465492349,0.0005294073,-0.004512139,-0.00903645
0.9998904,0.00033950573,0,0.0012197758,286.0141912619606,271.15562056436903,1554,11782.086,3.965632,988.2303,0.31521365,13765.9,4.674114,0,,,,,286.0141912619606,0.0005469699,271.15562056436903,0.0005292349,-0.004700595,-0.009400605
1.0001507,0.00033956429,0,0.0012206249,286.0144306058462,271.1560175817748,1555,11785.235,3.965982,988.1513,0.31551728,13769.483,4.6749206,0,,,,,286.0144306058462,0.00054686016,271.1560175817748,0.0005291112,-0.0044956375,-0.009296284
1.0000633,0.0003394904,0,0.001221474,286.01485490854327,271.1551033116412,1556,11783.683,3.9658854,988.3343,0.31527966,13768.28,4.673903,0,,,,,286.01485490854327,0.00054688443,271.1551033116412,0.00052923773,-0.0044947793,-0.009445835
1.0003809,0.00033953533,0,0.0012223232,286.0141166388218,271.1558495397153,1557,11787.668,3.9660127,988.1798,0.3153708,13772.652,4.674522,0,,,,,286.0141166388218,0.0005466259,271.1558495397153,0.0005289802,-0.0045325393,-0.009180178
1.0001066,0.00033949385,0,0.0012231723,286.01462049759084,271.15624152289854,1558,11784.19,3.9657755,987.3993,0.3156304,13768.876,4.6739507,0,,,,,286.01462049759084,0.0005471309,271.15624152289854,0.00052941014,-0.0044560847,-0.00914442
1.000435,0.0003395188,0,0.0012240212,286.01599673200997,271.1554946210454,1559,11787.432,3.966132,988.6852,0.31535754,13773.397,4.674294,0,,,,,286.01599673200997,0.00054673286,271.1554946210454,0.00052888814,-0.0043129046,-0.009335425
0.99998534,0.00033949522,0,0.0012248702,286.014859486453,271.1556011044625,1560,11782.514,3.96555,987.576,0.31529343,13767.207,4.6739697,0,,,,,286.014859486453,0.00054639584,271.1556011044625,0.0005286586,-0.004569335,-0.009275313
1.0009283,0.0003395809,8192,0.001225719,286.01527344296244,271.15657073019963,1561,11793.447,3.966587,988.2224,0.3156239,13780.189,4.6751494,8192,,,,,286.01527344296244,0.00054630847,271.15657073019963,0.0005285896,-0.004697456,-0.009012117
0.99986315,0.00033951018,0,0.0012265679,286.0146492118925,271.1557792414736,1562,11780.642,3.9655995,988.42566,0.3153799,13765.525,4.6741757,0,,,,,286.0146492118925,0.0005471373,271.1557792414736,0.0005294313,-0.0041413987,-0.008777138
0.99960697,0.0003394945,0,0.0012274167,286.01517587872326,271.1560361173494,1563,11776.605,3.9652297,988.3791,0.31535402,13761.998,4.6739597,0,,,,,286.01517587872326,0.0005470213,271.1560361173494,0.0005293718,-0.0042238804,-0.008826611
0.9997446,0.00033947363,8192,0.0012282653,286.0158997253148,271.15612279318896,1564,11778.419,3.965425,988.055,0.31551865,13763.893,4.673672,8192,,,,,286.0158997253148,0.0005471648,271.15612279318896,0.0005294322,-0.004031182,-0.008649243
1.0006948,0.00033954167,0,0.001229114,286.0148970834848,271.15623767592535,1565,11789.452,3.9662516,988.22327,0.31546518,13776.974,4.674609,0,,,,,286.0148970834848,0.00054650987,271.15623767592535,0.0005288735,-0.0041718273,-0.008407538
0.9997317,0.00033945925,0,0.0012299627,286.0149963750417,271.15634017492965,1566,11778.182,3.9654162,987.5103,0.31577674,13763.716,4.6734743,0,,,,,286.0149963750417,0.00054686493,271.15634017492965,0.0005291863,-0.004277453,-0.008404057
1.0008228,0.00033956073,0,0.0012308112,286.01507350877415,271.15539747804524,1567,11790.921,3.9663856,988.29816,0.31540835,13778.737,4.6748714,0,,,,,286.01507350877415,0.0005464794,271.15539747804524,0.00052856246,-0.004084428,-0.008453421
1.0000643,0.00033937366,8192,0.0012316597,286.0150946651393,271.1569680831813,1568,11782.477,3.9656675,988.50635,0.31536806,13768.293,4.672296,8192,,,,,286.0150946651393,0.0005470136,271.1569680831813,0.00052932574,-0.004179694,-0.008352349
0.9997553,0.00033939845,0,0.0012325081,286.01524587421164,271.1572191632376,1569,11778.148,3.9651783,986.1405,0.31526828,13764.041,4.6726375,0,,,,,286.01524587421164,0.00054704683,271.1572191632376,0.0005293524,-0.004155416,-0.008239624
0.9998615,0.00033940474,0,0.0012333565,286.0165856219562,271.15686549690207,1570,11779.263,3.9654505,987.6305,0.31521797,13765.502,4.672724,0,,,,,286.0165856219562,0.0005471891,271.15686549690207,0.0005294169,-0.004301739,-0.008178107
0.9998939,0.00033950518,0,0.0012342049,286.0157920690084,271.15662196457515,1571,11778.849,3.9653678,987.4032,0.315555,13765.948,4.6741066,0,,,,,286.0157920690084,0.0005468581,271.15662196457515,0.0005293457,-0.004119482,-0.008365268
1.0004382,0.00033950753,0,0.0012350532,286.0144424313134,271.15618831094207,1572,11785.866,3.9659402,987.4902,0.31560257,13773.442,4.674139,0,,,,,286.0144424313134,0.00054635754,271.15618831094207,0.0005286569,-0.0044429856,-0.00818841
0.99926543,0.0003393119,0,0.0012359014,286.01487957241966,271.1567203409928,1573,11772.08,3.964946,987.61755,0.31524503,13757.296,4.671446,0,,,,,286.01487957241966,0.0005471547,271.1567203409928,0.0005297504,-0.004473402,-0.008013257
1.000525,0.00033941882,0,0.0012367496,286.0147520280483,271.1564892286921,1574,11786.403,3.9658887,987.73804,0.31520602,13774.637,4.672918,0,,,,,286.0147520280483,0.00054674334,271.1564892286921,0.0005290847,-0.0046413667,-0.008188244
0.9993942,0.00033942482,0,0.0012375977,286.01592944841065,271.1572727844394,1575,11773.547,3.9650111,987.7222,0.31611335,13759.068,4.6730003,0,,,,,286.01592944841065,0.00054732355,271.1572727844394,0.00052966765,-0.003950574,-0.008083116
0.99985075,0.00033945078,0,0.0012384458,286.01517085165204,271.15697729717687,1576,11777.878,3.9652212,987.3433,0.31513917,13765.3545,4.673358,0,,,,,286.01517085165204,0.0005469524,271.15697729717687,0.0005292895,-0.0040284884,-0.007985451
0.99957514,0.000339399,0,0.0012392937,286.01517382889307,271.156098419493,1577,11774.712,3.9649992,988.0923,0.3154986,13761.56,4.672645,0,,,,,286.01517382889307,0.0005468449,271.156098419493,0.00052914646,-0.004052476,-0.008027157
0.9996799,0.00033937872,0,0.0012401417,286.0155665012323,271.15756697062716,1578,11776.241,3.9652367,987.6888,0.31517854,13763.003,4.6723657,0,,,,,286.0155665012323,0.00054698606,271.15756697062716,0.0005293468,-0.004261245,-0.007950688
0.9998503,0.00033938888,0,0.0012409895,286.01480892268063,271.1569218631984,1579,11777.917,3.9651937,987.3752,0.315071,13765.348,4.6725054,0,,,,,286.01480892268063,0.0005466522,271.1569218631984,0.0005291037,-0.0044018934,-0.007976075
0.99976635,0.00033949193,0,0.0012418374,286.0161943374565,271.15882374439303,1580,11775.886,3.965154,988.3263,0.3151067,13764.192,4.6739244,0,,,,,286.0161943374565,0.00054723327,271.15882374439303,0.0005295796,-0.0038110712,-0.0080888895
1.000367,0.00033954415,0,0.0012426851,286.01483445760414,271.156842008317,1581,11782.78,3.9657884,987.21954,0.31557468,13772.462,4.674643,0,,,,,286.01483445760414,0.0005465904,271.156842008317,0.0005289549,-0.003957586,-0.0082556885
0.999988,0.00033951318,0,0.0012435329,286.015691306694,271.1566431535999,1582,11779.08,3.9652178,986.7535,0.31527534,13767.244,4.6742167,0,,,,,286.015691306694,0.00054702954,271.1566431535999,0.00052934064,-0.003746964,-0.008643585
1.0001894,0.0003395145,0,0.0012443805,286.0168358028157,271.15700038953554,1583,11780.481,3.9653385,986.0089,0.31525907,13770.017,4.674235,0,,,,,286.0168358028157,0.00054671936,271.15700038953554,0.0005289927,-0.0034182568,-0.008375655
0.9995494,0.00033948384,8192,0.0012452281,286.0166288455449,271.15749251735576,1584,11773.163,3.9648657,986.40424,0.31560716,13761.205,4.673813,8192,,,,,286.0166288455449,0.00054738816,271.15749251735576,0.0005297435,-0.0030003407,-0.0085705845
0.9998066,0.0003394959,0,0.0012460757,286.01683649819313,271.15657955725726,1585,11775.314,3.9649777,986.0094,0.3153818,13764.746,4.673979,0,,,,,286.01683649819313,0.0005470697,271.15657955725726,0.00052933756,-0.0031211162,-0.008681886
0.99938303,0.00033946804,0,0.0012469232,286.01716260275055,271.15739567020194,1586,11771.137,3.964829,987.05475,0.31517068,13758.915,4.6735954,0,,,,,286.01716260275055,0.0005474508,271.15739567020194,0.00052969507,-0.0033067318,-0.008309851
1.0002002,0.0003395169,0,0.0012477706,286.01642007005483,271.1567453850767,1587,11780.201,3.965399,988.1052,0.3155715,13770.164,4.6742682,0,,,,,286.01642007005483,0.0005471527,271.1567453850767,0.00052945904,-0.0031463748,-0.008474348
0.99993944,0.00033948536,0,0.001248618,286.01587995941907,271.15693108468815,1588,11777.33,3.9651253,986.2618,0.31553006,13766.575,4.673834,0,,,,,286.01587995941907,0.0005468965,271.15693108468815,0.00052929396,-0.003083968,-0.008589834
1.0002024,0.0003395143,0,0.0012494653,286.0175148465738,271.1564013888615,1589,11780.799,3.9656394,986.2941,0.31553692,13770.196,4.6742325,0,,,,,286.0175148465738,0.0005469877,271.1564013888615,0.00052925904,-0.003173388,-0.0084269475
0.9994933,0.0003394571,0,0.0012503125,286.0161565252302,271.156502417738,1590,11770.78,3.964568,986.10004,0.31523326,13760.434,4.6734447,0,,,,,286.0161565252302,0.0005474394,271.156502417738,0.00052978337,-0.0028777262,-0.0082451105
1.0003026,0.0003394972,0,0.0012511598,286.0163714723629,271.1567249097971,1591,11780.579,3.9652073,986.14594,0.31515402,13771.574,4.673997,0,,,,,286.0163714723629,0.00054668804,271.1567249097971,0.00052899803,-0.0031052604,-0.008100167
0.99954087,0.0003394738,0,0.001252007,286.01678917401165,271.15731267409205,1592,11771.131,3.9647,986.1303,0.31537595,13761.088,4.6736746,0,,,,,286.01678917401165,0.00054728275,271.15731267409205,0.0005295686,-0.0030452162,-0.008239833
1.0003563,0.00033951885,0,0.001252854,286.0168239576398,271.1581700983668,1593,11781.863,3.965403,986.8061,0.31524658,13772.315,4.674295,0,,,,,286.0168239576398,0.0005465103,271.1581700983668,0.000528913,-0.0032217465,-0.008070555
0.9996222,0.00033945145,0,0.001253701,286.016708368674,271.15777732320157,1594,11772.986,3.9648924,985.8283,0.31576398,13762.208,4.673367,0,,,,,286.016708368674,0.00054747274,271.15777732320157,0.0005298762,-0.0034288452,-0.007955574
0.999463,0.00033937334,0,0.0012545481,286.0163226485493,271.1579454460722,1595,11771.357,3.9645298,984.7793,0.31530595,13760.017,4.6722918,0,,,,,286.0163226485493,0.0005469428,271.1579454460722,0.00052928086,-0.003687261,-0.0075700055
0.9997533,0.0003393839,0,0.001255395,286.01595322212023,271.1582041258639,1596,11774.247,3.965035,986.28265,0.3156538,13764.013,4.672437,0,,,,,286.01595322212023,0.0005469334,271.1582041258639,0.0005292872,-0.004027914,-0.007304267
0.99990416,0.0003394261,0,0.0012562418,286.01467063728666,271.15761609226155,1597,11776.315,3.9650486,986.3581,0.31575748,13766.09,4.673018,0,,,,,286.01467063728666,0.0005464626,271.15761609226155,0.0005288484,-0.0037880107,-0.0070441687
0.99963427,0.00033941423,0,0.0012570886,286.015725360141,271.1579798886869,1598,11772.243,3.9646788,985.7051,0.3153557,13762.374,4.6728544,0,,,,,286.015725360141,0.00054698176,271.1579798886869,0.00052937906,-0.0038328008,-0.0067407107
1.0001692,0.00033925558,0,0.0012579354,286.0152100977537,271.1588693805744,1599,11778.5625,3.9651508,986.348,0.31536302,13769.738,4.6706705,0,,,,,286.0152100977537,0.0005468669,271.1588693805744,0.0005293028,-0.0039134547,-0.0066004563
0.999657,0.00033925902,0,0.0012587821,286.0154811830782,271.1586674422781,1600,11772.581,3.9648445,986.44055,0.31538883,13762.687,4.6707177,0,,,,,286.0154811830782,0.00054736383,271.1586674422781,0.000529751,-0.0041129584,-0.006628641
0.9996323,0.00033931242,0,0.0012596287,286.01582636308103,271.15788274165493,1601,11771.354,3.964595,985.37115,0.31506062,13762.347,4.671453,0,,,,,286.01582636308103,0.00054689107,271.15788274165493,0.00052926684,-0.003857219,-0.006648859
1.0000709,0.00033920657,0,0.0012604753,286.01575489468127,271.15817267945675,1602,11776.846,3.9650877,985.859,0.3149677,13768.386,4.669996,0,,,,,286.01575489468127,0.0005469246,271.15817267945675,0.0005294122,-0.0042591784,-0.006298109
0.999606,0.00033927345,0,0.0012613218,286.01548920320454,271.1579930976823,1603,11771.102,3.9645035,984.99695,0.31551808,13761.985,4.6709166,0,,,,,286.01548920320454,0.0005466736,271.1579930976823,0.0005291455,-0.004352243,-0.0063333246
0.99952066,0.00033928105,0,0.0012621682,286.0151083819869,271.15829465249465,1604,11770.966,3.9647474,985.9588,0.31564045,13760.81,4.671021,0,,,,,286.0151083819869,0.0005471667,271.15829465249465,0.00052963785,-0.004376536,-0.006373225
1.000025,0.00033928922,0,0.0012630146,286.01462860834175,271.15867017788605,1605,11776.43,3.9649448,985.2159,0.3155402,13767.754,4.6711335,0,,,,,286.01462860834175,0.0005469708,271.15867017788605,0.00052936573,-0.004413974,-0.006517794
0.99897325,0.0003392135,0,0.001263861,286.01593100228337,271.15752208813296,1606,11764.336,3.964095,986.3914,0.31547537,13753.273,4.670091,0,,,,,286.01593100228337,0.0005474263,271.15752208813296,0.0005298026,-0.0042185998,-0.0064569917
0.9998588,0.00033927156,0,0.0012647072,286.0159879655447,271.1582344518028,1607,11773.788,3.964832,985.65967,0.3154317,13765.465,4.6708903,0,,,,,286.0159879655447,0.0005469063,271.1582344518028,0.0005292991,-0.0042714924,-0.006424085
0.99923146,0.0003393425,0,0.0012655534,286.01654854186353,271.1590816005202,1608,11767.017,3.9641953,985.58673,0.31555507,13756.828,4.6718674,0,,,,,286.01654854186353,0.0005473266,271.1590816005202,0.0005298056,-0.0039456165,-0.00664695
1.0001556,0.00033940517,0,0.0012663996,286.01622342693753,271.1571922681733,1609,11777.129,3.9651015,984.97504,0.3157859,13769.552,4.67273,0,,,,,286.01622342693753,0.0005469987,271.1571922681733,0.00052937603,-0.004131641,-0.006460785
0.9991768,0.00033948605,128,0.0012672457,286.01556846448386,271.15751315858085,1610,11765.838,3.9660187,986.1437,0.3161073,13756.076,4.6738434,128,,,,,286.01556846448386,0.00054749515,271.15751315858085,0.00053007924,-0.004042129,-0.0065127597
0.99991304,0.00033929112,0,0.0012680917,286.01703843397917,271.1593232138026,1611,11774.155,3.9648645,985.62036,0.31581444,13766.212,4.6711597,0,,,,,286.01703843397917,0.0005470544,271.1593232138026,0.00052953366,-0.0042066383,-0.006214994
0.9999451,0.0003393321,0,0.0012689377,286.0160250395126,271.15842938805775,1612,11774.282,3.9648204,985.93585,0.31534827,13766.653,4.671724,0,,,,,286.0160250395126,0.0005471626,271.15842938805775,0.00052959344,-0.0039818417,-0.006174121
0.9999753,0.00033927197,0,0.0012697837,286.01555243626024,271.158628797304,1613,11774.635,3.964931,985.44727,0.3154979,13767.069,4.670896,0,,,,,286.01555243626024,0.0005470968,271.158628797304,0.0005295598,-0.0039761285,-0.005993149
0.9992833,0.0003392802,0,0.0012706296,286.0163133278114,271.160049921399,1614,11765.791,3.9642825,985.80237,0.31560516,13757.542,4.6710095,0,,,,,286.0163133278114,0.00054750335,271.160049921399,0.00052998547,-0.00416183,-0.0062379646
0.99993277,0.0003393414,0,0.0012714753,286.0154781524249,271.1588296212858,1615,11773.869,3.96486,985.1842,0.31552058,13766.483,4.671852,0,,,,,286.0154781524249,0.0005467931,271.1588296212858,0.0005292708,-0.004226625,-0.005949337
0.99945444,0.00033920116,0,0.0012723211,286.0158132439899,271.1600131749718,1616,11768.12,3.9643247,985.6414,0.31557068,13759.898,4.669921,0,,,,,286.0158132439899,0.0005469874,271.1600131749718,0.00052947004,-0.0041673235,-0.0058468874
0.9998213,0.0003392962,0,0.0012731667,286.01533112448874,271.15868668919734,1617,11772.187,3.9648764,985.5172,0.3150847,13764.949,4.67123,0,,,,,286.01533112448874,0.00054714835,271.15868668919734,0.0005295617,-0.0040456457,-0.005683113
1.0002905,0.00033929865,0,0.0012740124,286.01622486518727,271.15940864104346,1618,11777.202,3.965154,985.9395,0.31587538,13771.409,4.671263,0,,,,,286.01622486518727,0.00054697716,271.15940864104346,0.0005294597,-0.004110098,-0.0060323062
0.9993807,0.00033914094,0,0.001274858,286.01602685446176,271.1588481278638,1619,11766.927,3.9642167,985.647,0.3154408,13758.883,4.669092,0,,,,,286.01602685446176,0.0005472367,271.1588481278638,0.00052974146,-0.00409972,-0.0055882894
0.9996151,0.0003390824,0,0.0012757034,286.0152987187379,271.1584764579371,1620,11769.941,3.964546,985.5919,0.31543243,13762.109,4.6682863,0,,,,,286.0152987187379,0.0005470932,271.1584764579371,0.00052957155,-0.004150851,-0.005696988
0.9997939,0.00033923166,0,0.001276549,286.01421095764,271.15863230362174,1621,11771.846,3.9646156,985.68427,0.3154906,13764.571,4.670341,0,,,,,286.01421095764,0.0005468668,271.15863230362174,0.00052929606,-0.004337097,-0.0058745225
0.9992745,0.0003391649,0,0.0012773944,286.0162229694636,271.1598544506965,1622,11764.819,3.9640157,984.8912,0.3150114,13757.421,4.6694217,0,,,,,286.0162229694636,0.00054728193,271.1598544506965,0.00052981946,-0.0041972836,-0.005738713
0.99912864,0.00033916143,0,0.0012782397,286.0164366151524,271.15786093231316,1623,11763.27,3.9639115,985.1671,0.31577614,13755.413,4.669374,0,,,,,286.0164366151524,0.0005475044,271.15786093231316,0.0005295203,-0.0041911975,-0.0055088834
0.99990755,0.00033932878,0,0.001279085,286.0166744448479,271.1592190406594,1624,11771.643,3.9646347,985.2883,0.31562528,13766.137,4.671678,0,,,,,286.0166744448479,0.00054700044,271.1592190406594,0.0005294969,-0.0038756793,-0.005874475
0.9995741,0.0003390388,0,0.0012799301,286.0152792645416,271.1599102153475,1625,11768.347,3.964266,985.9719,0.3148508,13761.546,4.6676855,0,,,,,286.0152792645416,0.0005469504,271.1599102153475,0.000529449,-0.0043618204,-0.0053739105
0.99992746,0.00033920727,0,0.0012807753,286.015306527373,271.1595754345107,1626,11772.335,3.9645581,984.79285,0.3154788,13766.41,4.6700053,0,,,,,286.015306527373,0.00054688816,271.1595754345107,0.0005295113,-0.004133132,-0.0053590434
0.9999975,0.00033901358,0,0.0012816204,286.0160617563629,271.1599817077348,1627,11772.782,3.9645488,984.18756,0.31510988,13767.375,4.667339,0,,,,,286.0160617563629,0.0005468293,271.1599817077348,0.0005294429,-0.004431133,-0.0051831915
0.9996778,0.0003391544,0,0.0012824654,286.01627376304737,271.15979447218217,1628,11769.716,3.9643655,984.2546,0.31577346,13762.973,4.669277,0,,,,,286.01627376304737,0.0005470262,271.15979447218217,0.0005295991,-0.004078373,-0.0054387976
1.00021,0.0003392242,128,0.0012833104,286.01505123840417,271.1600165049541,1629,11774.813,3.9655113,984.5471,0.31585827,13770.302,4.6702385,128,,,,,286.01505123840417,0.0005470315,271.1600165049541,0.0005295772,-0.0042136726,-0.005459589
0.9997168,0.00033927098,0,0.0012841552,286.0164326756995,271.1593129344718,1630,11768.619,3.9643426,985.65344,0.3154319,13763.511,4.670882,0,,,,,286.0164326756995,0.00054746994,271.1593129344718,0.0005299824,-0.0040762858,-0.0053705084
1.0000888,0.00033931155,0,0.0012850001,286.0164303819425,271.1596650611138,1631,11772.631,3.9645605,984.0922,0.31564215,13768.632,4.671441,0,,,,,286.0164303819425,0.0005468713,271.1596650611138,0.0005294391,-0.0037776765,-0.005327782
0.99966294,0.00033917348,0,0.0012858448,286.01669740112663,271.15872477733416,1632,11769.029,3.9644039,984.7944,0.31563696,13762.769,4.66954,0,,,,,286.01669740112663,0.0005473073,271.15872477733416,0.00052976754,-0.0038955724,-0.0054592
0.99967694,0.00033921393,0,0.0012866895,286.0158563843805,271.1601544697055,1633,11769.104,3.9642997,984.2529,0.31576422,13762.962,4.670097,0,,,,,286.0158563843805,0.00054705597,271.1601544697055,0.00052956725,-0.0041272035,-0.0052965838
0.9997013,0.00033928294,0,0.0012875343,286.0166361116088,271.16021379420323,1634,11768.396,3.9642935,983.56665,0.31493536,13763.297,4.671047,0,,,,,286.0166361116088,0.0005468536,271.16021379420323,0.0005293395,-0.003920512,-0.0053526587
1.000107,0.00033908576,0,0.0012883788,286.0161828159575,271.1590395013036,1635,11774.081,3.9647098,985.005,0.31539997,13768.883,4.6683326,0,,,,,286.0161828159575,0.0005468386,271.1590395013036,0.0005293368,-0.004209553,-0.0051829536
0.99971753,0.00033912965,0,0.0012892233,286.0149847941543,271.1594990119128,1636,11768.533,3.9644396,984.7066,0.31594685,13763.5205,4.6689367,0,,,,,286.0149847941543,0.0005470896,271.1594990119128,0.00052968616,-0.0040423954,-0.005109226
0.9998022,0.00033915509,0,0.0012900678,286.0153060163269,271.1602286695846,1637,11769.469,3.9644532,984.8972,0.3152453,13764.686,4.6692867,0,,,,,286.0153060163269,0.00054692646,271.1602286695846,0.0005295067,-0.004013907,-0.0049484055
0.99961066,0.00033927598,0,0.0012909123,286.01661298588226,271.1597515713356,1638,11767.49,3.964231,985.1283,0.3155725,13762.049,4.6709514,0,,,,,286.01661298588226,0.00054709497,271.1597515713356,0.0005296134,-0.0040495545,-0.0053049033
0.99971414,0.00033912572,0,0.0012917566,286.0168587054183,271.15859569289603,1639,11768.54,3.9643974,985.068,0.3151434,13763.474,4.6688824,0,,,,,286.0168587054183,0.0005471707,271.15859569289603,0.00052963564,-0.0040358505,-0.005297051
0.99980617,0.00033907607,0,0.0012926009,286.0163442261591,271.16015456558057,1640,11769.184,3.964342,984.43353,0.31576052,13764.74,4.668199,0,,,,,286.0163442261591,0.0005469922,271.16015456558057,0.00052943965,-0.0039888495,-0.005110689
0.99964017,0.00033930043,0,0.0012934451,286.0168073809439,271.15886280764005,1641,11767.221,3.9642222,984.3168,0.31507716,13762.455,4.671288,0,,,,,286.0168073809439,0.0005475378,271.15886280764005,0.0005298945,-0.003966342,-0.0051533557
0.9990626,0.00033915957,0,0.0012942892,286.0158017469483,271.1600768715062,1642,11760.161,3.9636736,984.4883,0.31539363,13754.504,4.6693487,0,,,,,286.0158017469483,0.00054776575,271.1600768715062,0.0005303364,-0.004030998,-0.005152905
0.9998156,0.00033919216,0,0.0012951334,286.0168416225545,271.1603026039355,1643,11768.94,3.96431,985.1088,0.3154982,13764.87,4.6697974,0,,,,,286.0168416225545,0.0005471761,271.1603026039355,0.00052971975,-0.003889769,-0.005250315
1.0001096,0.0003392688,0,0.0012959774,286.01553522844074,271.15956701017495,1644,11771.845,3.9645479,984.85474,0.31503177,13768.918,4.670852,0,,,,,286.01553522844074,0.00054689683,271.15956701017495,0.0005294574,-0.003930724,-0.005161445
0.99968904,0.0003392022,0,0.0012968214,286.0170280622365,271.15959889857703,1645,11767.745,3.9642012,984.3306,0.31545278,13763.128,4.6699357,0,,,,,286.0170280622365,0.0005472578,271.15959889857703,0.0005297497,-0.0038586562,-0.005311097
1.0001456,0.00033925285,0,0.0012976653,286.01549420659614,271.15973106328505,1646,11773.05,3.9644725,983.78253,0.31566074,13769.413,4.670633,0,,,,,286.01549420659614,0.00054639677,271.15973106328505,0.0005289638,-0.0039400454,-0.0052888165
0.9993301,0.0003391503,0,0.0012985092,286.0166369422854,271.16051175321456,1647,11762.299,3.9637117,984.35425,0.31498307,13758.187,4.669221,0,,,,,286.0166369422854,0.0005473993,271.16051175321456,0.00052994397,-0.003795608,-0.00523324
0.9997197,0.00033914568,0,0.001299353,286.01667054451514,271.1599137418519,1648,11767.156,3.9641275,983.20685,0.31564867,13763.55,4.6691575,0,,,,,286.01667054451514,0.0005467851,271.1599137418519,0.00052926067,-0.003926244,-0.0049636248
0.99988997,0.00033914327,0,0.0013001967,286.0153071699361,271.1601209439839,1649,11769.083,3.9642143,984.4741,0.31522498,13765.895,4.669124,0,,,,,286.0153071699361,0.0005465848,271.1601209439839,0.000529286,-0.0038612767,-0.005072817
0.9998628,0.00033905974,0,0.0013010404,286.01637169986293,271.1588614554412,1650,11769.291,3.964317,984.0132,0.31551626,13765.5205,4.667974,0,,,,,286.01637169986293,0.0005471103,271.1588614554412,0.000529598,-0.003932056,-0.0052455417
0.99916965,0.00033904702,0,0.001301884,286.01682006629375,271.1602584191858,1651,11760.839,3.963738,983.86017,0.31531477,13755.978,4.667799,0,,,,,286.01682006629375,0.00054716197,271.1602584191858,0.00052965013,-0.004003737,-0.0052737156
0.9991699,0.00033918067,0,0.0013027275,286.01694818533196,271.15924640540436,1652,11760.037,3.963739,985.36255,0.3152626,13755.98,4.669639,0,,,,,286.01694818533196,0.00054770417,271.15924640540436,0.0005302025,-0.0041110977,-0.0052089375
0.9996578,0.00033920445,0,0.001303571,286.0168080871682,271.1596714466021,1653,11766.042,3.9640973,983.369,0.3154686,13762.698,4.669966,0,,,,,286.0168080871682,0.0005472119,271.1596714466021,0.0005297757,-0.0040821224,-0.0053089745
0.9997951,0.0003391926,0,0.0013044144,286.0164901006536,271.1593604240915,1654,11767.368,3.9641,983.6212,0.3151956,13764.588,4.669803,0,,,,,286.0164901006536,0.0005474694,271.1593604240915,0.00052995485,-0.003935488,-0.0049510226
0.9998849,0.00033916053,0,0.0013052578,286.01661837632224,271.1602332550606,1655,11768.043,3.964238,984.4314,0.3154137,13765.824,4.6693616,0,,,,,286.01661837632224,0.0005474001,271.1602332550606,0.00053004274,-0.00399561,-0.0051474273
0.9993659,0.00033915296,0,0.0013061011,286.01640875603835,271.15986175679996,1656,11762.261,3.9638572,984.77924,0.3153058,13758.68,4.6692576,0,,,,,286.01640875603835,0.00054747704,271.15986175679996,0.0005300167,-0.0038933964,-0.005009576
1.0001081,0.00033923873,0,0.0013069443,286.0170851095418,271.16054365252967,1657,11770.632,3.9643734,984.2151,0.31517667,13768.898,4.6704383,0,,,,,286.0170851095418,0.0005471568,271.16054365252967,0.0005297524,-0.004063487,-0.0050051324
0.9995844,0.0003392169,0,0.0013077874,286.01700195054417,271.159983248916,1658,11764.132,3.9639447,984.60486,0.31534374,13761.6875,4.670138,0,,,,,286.01700195054417,0.00054717757,271.159983248916,0.00052971626,-0.0041165603,-0.0049917107
0.9991607,0.00033909082,0,0.0013086306,286.01683956553745,271.15990868308256,1659,11759.44,3.9635205,983.3294,0.3153758,13755.8545,4.668402,0,,,,,286.01683956553745,0.000547604,271.15990868308256,0.00053007744,-0.003812919,-0.00523778
0.9999941,0.00033924266,0,0.0013094735,286.0165605591036,271.16006481021805,1660,11768.683,3.964315,983.7554,0.31533715,13767.328,4.6704926,0,,,,,286.0165605591036,0.0005475242,271.16006481021805,0.00053003157,-0.0038797015,-0.0050358553
0.9991865,0.00033918626,0,0.0013103165,286.01618884488306,271.16003704615605,1661,11759.299,3.9635458,984.3767,0.3152258,13756.21,4.669716,0,,,,,286.01618884488306,0.0005476443,271.16003704615605,0.00053010613,-0.0036606565,-0.005443073
1.0000594,0.0003393161,0,0.0013111595,286.0172118559764,271.15992847366675,1662,11768.851,3.9641757,983.3765,0.31557378,13768.227,4.6715035,0,,,,,286.0172118559764,0.0005469002,271.15992847366675,0.00052944594,-0.0037664936,-0.0052851583
0.9994027,0.00033920846,0,0.0013120023,286.0166009797852,271.1595252550725,1663,11762.234,3.9637685,983.9186,0.31526065,13759.186,4.6700215,0,,,,,286.0166009797852,0.00054763595,271.1595252550725,0.0005301659,-0.0037354406,-0.0054860013
0.9995174,0.00033921096,0,0.001312845,286.016582897644,271.1592219702521,1664,11762.7705,3.9636931,983.87665,0.31525037,13760.765,4.6700563,0,,,,,286.016582897644,0.0005475975,271.1592219702521,0.00053012563,-0.0037884237,-0.0053461343
0.99984217,0.00033936228,0,0.0013136878,286.01632102866245,271.1600148371259,1665,11766.5625,3.9638925,982.9549,0.3152709,13765.236,4.672139,0,,,,,286.01632102866245,0.00054788915,271.1600148371259,0.00052990596,-0.0031710984,-0.0058808755
0.9999705,0.0003393482,0,0.0013145304,286.018287414946,271.15940765439336,1666,11767.491,3.964163,983.6699,0.31538305,13767.003,4.6719456,0,,,,,286.018287414946,0.0005472608,271.15940765439336,0.0005297157,-0.0034020036,-0.0058177123
0.99971277,0.00033935337,0,0.001315373,286.0166630756567,271.1594300902924,1667,11765.177,3.9639463,984.2224,0.31550515,13763.455,4.6720166,0,,,,,286.0166630756567,0.0005472975,271.1594300902924,0.00052973424,-0.0029283264,-0.006108954
0.9999981,0.0003394009,0,0.0013162155,286.0159450880145,271.1593223360921,1668,11767.557,3.9642265,984.3416,0.31514335,13767.383,4.672671,0,,,,,286.0159450880145,0.00054743997,271.1593223360921,0.0005298991,-0.002958784,-0.0065660332
0.99980354,0.0003393684,0,0.001317058,286.017155206704,271.1579931911072,1669,11766.385,3.964096,982.9603,0.31531692,13764.704,4.6722236,0,,,,,286.017155206704,0.00054735236,271.1579931911072,0.0005297962,-0.003038291,-0.0062870667
1.0000633,0.000339384,0,0.0013179004,286.01809101077333,271.1594575697793,1670,11768.588,3.9641578,983.83875,0.31527576,13768.28,4.672438,0,,,,,286.01809101077333,0.00054710876,271.1594575697793,0.0005295825,-0.0026384909,-0.006483441
0.9994566,0.0003393251,0,0.0013187428,286.0175172016025,271.1598544322926,1671,11761.245,3.963665,984.1018,0.31535593,13759.928,4.6716275,0,,,,,286.0175172016025,0.0005473401,271.1598544322926,0.00052979065,-0.0025888481,-0.0063165314
0.999889,0.00033939656,0,0.001319585,286.01718167466197,271.15863230709607,1672,11766.584,3.964078,982.7588,0.31512958,13765.881,4.672611,0,,,,,286.01718167466197,0.00054719456,271.15863230709607,0.00052964356,-0.002787938,-0.006170223
1.000329,0.00033950867,128,0.0013204272,286.0178030255066,271.1591894099164,1673,11770.827,3.9651594,985.26166,0.31503507,13771.939,4.6741548,128,,,,,286.0178030255066,0.0005467411,271.1591894099164,0.0005292372,-0.002678415,-0.0062855864
1.000088,0.00033936696,0,0.0013212693,286.01721121338926,271.15872239374266,1674,11768.909,3.9642773,983.6873,0.315738,13768.62,4.672204,0,,,,,286.01721121338926,0.0005466266,271.15872239374266,0.00052908226,-0.0028614614,-0.006355834
0.99959815,0.00033929019,0,0.0013221113,286.01743954615927,271.16031619117354,1675,11762.505,3.963807,984.16797,0.31528878,13761.877,4.671147,0,,,,,286.01743954615927,0.0005473743,271.16031619117354,0.0005298671,-0.0028627133,-0.0061484887
0.9998628,0.00033937252,0,0.0013229534,286.0174092259478,271.1600719027989,1676,11765.608,3.9640462,982.61597,0.31602672,13765.5205,4.6722803,0,,,,,286.0174092259478,0.0005473338,271.1600719027989,0.0005299072,-0.0029026414,-0.005707508
0.99997634,0.00033942444,0,0.0013237953,286.0187958370733,271.15923081981254,1677,11766.188,3.96423,983.4487,0.3153938,13767.083,4.672995,0,,,,,286.0187958370733,0.0005470755,271.15923081981254,0.0005295949,-0.003093801,-0.0057990304
0.99928856,0.00033917648,0,0.0013246372,286.0162957813025,271.1594851811013,1678,11759.066,3.9633996,982.9195,0.31526306,13757.614,4.6695814,0,,,,,286.0162957813025,0.0005470684,271.1594851811013,0.0005296192,-0.0034616957,-0.0051451945
0.99875534,0.00033917447,0,0.001325479,286.0170753499361,271.1594241537968,1679,11752.51,3.9630268,983.3909,0.3154423,13750.273,4.6695538,0,,,,,286.0170753499361,0.00054783834,271.1594241537968,0.0005303728,-0.0036917224,-0.0052281055
0.99980074,0.0003392453,0,0.0013263208,286.01677969186136,271.15950397505526,1680,11764.293,3.963925,983.644,0.3151728,13764.666,4.670529,0,,,,,286.01677969186136,0.0005468614,271.15950397505526,0.0005293875,-0.003686093,-0.0045390422
0.9996207,0.00033924458,0,0.0013271625,286.01756344176306,271.1605879443473,1681,11761.602,3.9636424,984.5685,0.31542787,13762.187,4.670519,0,,,,,286.01756344176306,0.0005474632,271.1605879443473,0.00053000834,-0.0034227413,-0.0049290806
1.0047586,0.00034038554,2176,0.0013280041,286.0165697776167,271.1595713569848,1682,11822.761,3.9776223,983.5959,0.31512108,13832.923,4.686227,2176,,,,,286.0165697776167,0.0005448555,271.1595713569848,0.0005276063,-0.003722326,-0.004607007
0.99916273,0.00033913236,0,0.0013288456,286.0172372793861,271.16081995391,1683,11756.428,3.963255,983.7947,0.3153189,13755.882,4.668974,0,,,,,286.0172372793861,0.0005474529,271.16081995391,0.0005300336,-0.0037257562,-0.0043771113
0.9998991,0.0003392073,0,0.0013305285,286.01637539437763,271.1605021638931,1685,11765.519,3.9640121,984.18567,0.31525645,13766.02,4.670006,0,,,,,286.01637539437763,0.0005473294,271.1605021638931,0.0005299151,-0.0038201483,-0.0045915735
0.99987435,0.00033924967,0,0.0013313699,286.0187815671443,271.16025964345357,1686,11764.694,3.9639354,984.5556,0.31529582,13765.68,4.670589,0,,,,,286.0187815671443,0.00054737664,271.16025964345357,0.0005298839,-0.00399254,-0.00454847
1.0000318,0.00033917866,0,0.0013322111,286.0176807317104,271.159777278474,1687,11766.759,3.9640036,983.00586,0.31587607,13767.847,4.6696115,0,,,,,286.0176807317104,0.00054697046,271.159777278474,0.00052950997,-0.0036522206,-0.004459168
0.9997844,0.00033926716,0,0.0013330523,286.0175930643068,271.1600750378107,1688,11763.137,3.963781,983.87585,0.31542152,13764.441,4.67083,0,,,,,286.0175930643068,0.00054750324,271.1600750378107,0.0005298931,-0.0037191114,-0.0045758886
0.999844,0.00033918652,0,0.0013338935,286.01842246186953,271.16079692117523,1689,11764.633,3.9638221,983.79315,0.31497326,13765.262,4.6697197,0,,,,,286.01842246186953,0.0005473399,271.16079692117523,0.000529935,-0.0036822949,-0.0045716674
0.99948937,0.00033902944,0,0.0013347346,286.0163897733462,271.16007859224305,1690,11759.961,3.9635031,984.27496,0.3149356,13760.379,4.6675572,0,,,,,286.0163897733462,0.00054711755,271.16007859224305,0.000529792,-0.004007358,-0.0046698917
0.9995164,0.00033920028,0,0.0013355756,286.0170037091335,271.1603264383711,1691,11760.877,3.9634774,982.6456,0.3155283,13760.752,4.669909,0,,,,,286.0170037091335,0.0005472384,271.1603264383711,0.00052982225,-0.0038233234,-0.0048510954
0.9996838,0.0003392626,0,0.0013364166,286.01722173582374,271.1595528126752,1692,11762.561,3.963642,982.77234,0.31506392,13763.056,4.670767,0,,,,,286.01722173582374,0.0005472035,271.1595528126752,0.0005297956,-0.003735226,-0.0049298797
0.9992659,0.00033916955,0,0.0013372574,286.01692553263445,271.1598467897199,1693,11757.781,3.9632971,982.57404,0.31566978,13757.303,4.669486,0,,,,,286.01692553263445,0.0005474072,271.1598467897199,0.0005299245,-0.0036101472,-0.005131888
0.9995457,0.00033921274,0,0.0013380983,286.01790130801686,271.1608265210891,1694,11760.303,3.96355,983.7195,0.31541842,13761.154,4.6700807,0,,,,,286.01790130801686,0.00054752245,271.1608265210891,0.00053026417,-0.0037311132,-0.0051349243
0.9992344,0.0003392525,0,0.001338939,286.01620718519433,271.1609785391503,1695,11756.462,3.9632306,983.33777,0.31545252,13756.868,4.670628,0,,,,,286.01620718519433,0.00054756965,271.1609785391503,0.0005300529,-0.003505271,-0.004888171
1.0002068,0.000339274,0,0.0013397797,286.01720619228485,271.15914669385256,1696,11767.472,3.964104,983.90454,0.31524166,13770.257,4.670924,0,,,,,286.01720619228485,0.00054692855,271.15914669385256,0.00052945554,-0.0036148573,-0.0048055737
0.99927515,0.000339145,0,0.0013406203,286.01728872396114,271.1599539615349,1697,11756.981,3.9632971,983.58655,0.3151241,13757.43,4.669148,0,,,,,286.01728872396114,0.00054752076,271.1599539615349,0.00053003745,-0.003562169,-0.004501352
0.9991171,0.00033915436,0,0.0013414609,286.0170400189546,271.16053771067465,1698,11755.693,3.963323,984.08136,0.31563345,13755.254,4.6692767,0,,,,,286.0170400189546,0.0005479415,271.16053771067465,0.00053049315,-0.0036344342,-0.004578801
0.99973065,0.00033908157,0,0.0013423014,286.01685750031146,271.16118168574934,1699,11762.717,3.9636283,983.5515,0.31512514,13763.701,4.668275,0,,,,,286.01685750031146,0.00054748385,271.16118168574934,0.000530105,-0.0037238058,-0.004628237
0.99968755,0.00033919245,0,0.0013431418,286.01668291052295,271.16092153067416,1700,11761.138,3.9635751,982.42883,0.31516197,13763.107,4.669801,0,,,,,286.01668291052295,0.0005473613,271.16092153067416,0.0005299537,-0.0035474084,-0.0044815703
0.9998484,0.00033925913,0,0.0013439821,286.0181502278873,271.1604661257216,1701,11763.271,3.9637465,982.85364,0.31551674,13765.322,4.670719,0,,,,,286.0181502278873,0.0005474033,271.1604661257216,0.00052993296,-0.0036355152,-0.0045537353
0.99940884,0.00033924612,0,0.0013448223,286.01805182032876,271.16138861273953,1702,11758.255,3.96336,982.36597,0.3158636,13759.2705,4.6705403,0,,,,,286.01805182032876,0.0005471391,271.16138861273953,0.00052968506,-0.0035059026,-0.004746777
0.9996264,0.00033929548,0,0.0013456626,286.0178147025672,271.1601568668062,1703,11759.658,3.9634986,982.0536,0.31541353,13762.266,4.67122,0,,,,,286.0178147025672,0.000547534,271.1601568668062,0.00053012214,-0.0034301388,-0.004804112
1.0000733,0.00033933457,0,0.0013465028,286.0173086085209,271.15952787110893,1704,11764.703,3.9639509,982.9117,0.3150628,13768.418,4.6717577,0,,,,,286.0173086085209,0.00054715795,271.15952787110893,0.0005302363,-0.003176146,-0.004543593
0.999173,0.00033919152,0,0.0013473429,286.01737311477643,271.16133596124826,1705,11754.624,3.9631002,983.0619,0.31573278,13756.023,4.6697884,0,,,,,286.01737311477643,0.000547648,271.16133596124826,0.0005302359,-0.0035289996,-0.0046579037
0.9996306,0.00033921163,0,0.0013481828,286.01728468560674,271.15979984746247,1706,11760.697,3.9635532,983.24866,0.31533897,13762.323,4.6700654,0,,,,,286.01728468560674,0.0005471856,271.15979984746247,0.0005297798,-0.003331135,-0.004644665
0.99965334,0.00033915087,0,0.0013490227,286.0183057417337,271.16013842158435,1707,11760.543,3.963546,983.0864,0.31547433,13762.637,4.6692286,0,,,,,286.0183057417337,0.00054734584,271.16013842158435,0.00052989606,-0.0036061744,-0.004503975
0.99931335,0.00033911227,0,0.0013498627,286.01798833601043,271.1610025619719,1708,11756.636,3.9632452,983.04315,0.31533322,13757.956,4.6686974,0,,,,,286.01798833601043,0.0005472623,271.1610025619719,0.00052988005,-0.00363659,-0.004489683
0.99986494,0.00033926062,0,0.0013507025,286.01626243220636,271.15996092265163,1709,11762.188,3.9636278,983.3903,0.31540614,13765.55,4.6707397,0,,,,,286.01626243220636,0.0005470213,271.15996092265163,0.0005295915,-0.0035335075,-0.004674547
1.0000591,0.0003392977,0,0.0013515422,286.0181810412149,271.1599401276849,1710,11764.277,3.963851,983.8066,0.3151133,13768.223,4.6712503,0,,,,,286.0181810412149,0.00054699444,271.1599401276849,0.000529597,-0.0035113757,-0.004622944
1.0001856,0.00033916204,0,0.0013523819,286.01843826922607,271.1609726647859,1711,11765.515,3.9640698,984.18427,0.31535697,13769.965,4.6693826,0,,,,,286.01843826922607,0.00054721435,271.1609726647859,0.00052985206,-0.0035888364,-0.004156773
0.9996724,0.00033914417,0,0.0013532215,286.01821823677506,271.16072335620134,1712,11759.221,3.9633324,982.4754,0.3151051,13762.899,4.6691365,0,,,,,286.01821823677506,0.0005471785,271.16072335620134,0.0005297267,-0.0032352973,-0.0040366985
1.0001471,0.00033930416,0,0.001354061,286.01799566910006,271.160422008374,1713,11764.86,3.963882,982.8537,0.31513536,13769.435,4.671339,0,,,,,286.01799566910006,0.00054699054,271.160422008374,0.00052959553,-0.0032256695,-0.0041879225
1.0000588,0.00033924254,0,0.0013549004,286.0177208300486,271.1604331461002,1714,11763.922,3.963771,983.00116,0.31537056,13768.219,4.6704907,0,,,,,286.0177208300486,0.0005469388,271.1604331461002,0.00052944577,-0.0030835557,-0.004724588
0.9992467,0.00033917322,0,0.0013557399,286.0182064468056,271.1613298510107,1715,11754.466,3.963013,983.12787,0.31502232,13757.038,4.6695366,0,,,,,286.0182064468056,0.00054784387,271.1613298510107,0.0005303931,-0.0032972859,-0.0040915892
0.9999478,0.00033923564,0,0.0013565791,286.0179457216555,271.1601305027372,1716,11761.727,3.9635925,983.35254,0.31503156,13766.69,4.670396,0,,,,,286.0179457216555,0.0005472839,271.1601305027372,0.00052985665,-0.0031977857,-0.0043022167
0.9995353,0.00033919504,0,0.0013574185,286.01755037965427,271.16100480316646,1717,11757.768,3.9632204,983.0156,0.3154772,13761.012,4.669837,0,,,,,286.01755037965427,0.0005473129,271.16100480316646,0.0005298871,-0.0032883512,-0.0042369002
0.99926627,0.00033907933,0,0.0013582576,286.01652361482866,271.16052268867344,1718,11753.829,3.9629006,983.33624,0.31502655,13757.308,4.668244,0,,,,,286.01652361482866,0.0005471687,271.16052268867344,0.0005298764,-0.0036568192,-0.004159247
0.9994608,0.00033913666,0,0.0013590967,286.0179410776893,271.1614602962227,1719,11756.139,3.9633276,982.8027,0.31543237,13759.986,4.669033,0,,,,,286.0179410776893,0.0005475504,271.1614602962227,0.0005302494,-0.0033628496,-0.0040974966
0.9996554,0.00033920503,0,0.0013599358,286.0194037057938,271.161037171362,1720,11757.595,3.9633417,983.14355,0.315332,13762.665,4.6699743,0,,,,,286.0194037057938,0.0005475658,271.161037171362,0.00053003884,-0.00338186,-0.0039645806
0.9998376,0.00033925794,0,0.0013607747,286.01929290999664,271.16012892263046,1721,11759.632,3.963382,981.61835,0.3153743,13765.173,4.670703,0,,,,,286.01929290999664,0.0005472169,271.16012892263046,0.0005297867,-0.0031925573,-0.0039998926
1.0008259,0.00033941393,128,0.0013616137,286.01987776655136,271.1605644714192,1722,11770.184,3.9647315,981.8992,0.3153837,13778.779,4.6728506,128,,,,,286.01987776655136,0.00054669275,271.1605644714192,0.00052916445,-0.0031906338,-0.003973674
1.0000244,0.00033907898,0,0.0013624525,286.0176424154631,271.16179132892927,1723,11761.878,3.9636326,983.3827,0.3153647,13767.745,4.668239,0,,,,,286.0176424154631,0.0005474337,271.16179132892927,0.00053000776,-0.0033985153,-0.0038972986
0.9997141,0.00033919996,0,0.0013632913,286.01771914268835,271.1617835067997,1724,11757.596,3.9632206,983.29614,0.3151871,13763.473,4.6699047,0,,,,,286.01771914268835,0.00054743874,271.1617835067997,0.0005300841,-0.0034005798,-0.0039651273
0.9996385,0.0003391764,0,0.0013641301,286.0177537359809,271.16045965533385,1725,11756.933,3.963189,983.2003,0.31562296,13762.433,4.66958,0,,,,,286.0177537359809,0.0005474096,271.16045965533385,0.00052999594,-0.0033321627,-0.0039995275
0.9997528,0.00033916347,0,0.0013649687,286.01802429230247,271.16150190829177,1726,11757.841,3.963226,982.11316,0.3153949,13764.006,4.669402,0,,,,,286.01802429230247,0.00054740283,271.16150190829177,0.0005300546,-0.0033291029,-0.003459788
0.9997193,0.00033917878,0,0.0013658073,286.01798212360325,271.16153379124324,1727,11757.699,3.9632287,981.59644,0.31540772,13763.545,4.669613,0,,,,,286.01798212360325,0.0005472896,271.16153379124324,0.0005299201,-0.0033845832,-0.003872757
1.0000427,0.00033926178,128,0.0013666457,286.01722801162214,271.1608339082444,1728,11761.111,3.9642956,981.574,0.31557104,13767.996,4.670756,128,,,,,286.01722801162214,0.0005471153,271.1608339082444,0.0005297674,-0.0031591596,-0.0039443118
0.9992887,0.00033900695,0,0.0013674841,286.0177453684778,271.1620673335631,1729,11751.618,3.9627259,981.9116,0.31558558,13757.616,4.6672473,0,,,,,286.0177453684778,0.00054759823,271.1620673335631,0.00053022406,-0.003240661,-0.0034107342
0.99979335,0.00033926536,0,0.0013683225,286.0169046188401,271.16175453978144,1730,11757.394,3.9632452,981.1691,0.31537986,13764.564,4.670805,0,,,,,286.0169046188401,0.0005469953,271.16175453978144,0.0005295963,-0.0028514883,-0.0037262987
0.9995901,0.00033913922,0,0.0013691608,286.01785709995056,271.16075994869516,1731,11755.529,3.9629908,981.8005,0.31511202,13761.766,4.6690683,0,,,,,286.01785709995056,0.00054764247,271.16075994869516,0.0005302206,-0.0029921196,-0.0038735934
1.0000005,0.0003391816,0,0.001369999,286.0184989756245,271.1613871324568,1732,11760.6455,3.963413,981.98114,0.3151172,13767.415,4.669652,0,,,,,286.0184989756245,0.0005471595,271.1613871324568,0.0005297097,-0.003202961,-0.0036466636
1.0004914,0.0003392873,0,0.0013708371,286.01765300009305,271.1620816338828,1733,11765.851,3.9638352,981.1867,0.31564936,13774.175,4.6711073,0,,,,,286.01765300009305,0.0005470576,271.1620816338828,0.00052971795,-0.0034627016,-0.0037328098
0.99916136,0.00033913055,0,0.0013716752,286.01829233260383,271.1611598470763,1734,11751.01,3.9624455,980.9652,0.31538594,13755.863,4.668949,0,,,,,286.01829233260383,0.0005475013,271.1611598470763,0.00053007645,-0.0031029552,-0.0038453944
0.99942404,0.00033893157,0,0.0013725132,286.01743383664285,271.1624835917992,1735,11753.2705,3.9628382,981.4778,0.31553352,13759.4795,4.6662097,0,,,,,286.01743383664285,0.00054754154,271.1624835917992,0.0005301516,-0.0036358265,-0.00326408
0.9992618,0.00033918562,0,0.0013733512,286.01781315082883,271.1619975927664,1736,11751.705,3.9629164,981.15015,0.3158653,13757.246,4.6697073,0,,,,,286.01781315082883,0.00054783095,271.1619975927664,0.00053059537,-0.0032469218,-0.0031070837
0.9992872,0.0003389472,0,0.001374189,286.0184582519828,271.16182602449214,1737,11750.191,3.962558,982.7336,0.31505483,13757.596,4.6664248,0,,,,,286.0184582519828,0.0005476326,271.16182602449214,0.00053024216,-0.0033357074,-0.0030170516
0.9990905,0.000339098,0,0.0013750268,286.0177321900364,271.16169510745186,1738,11748.593,3.9625697,981.7322,0.3152011,13754.888,4.668501,0,,,,,286.0177321900364,0.00054802775,271.16169510745186,0.0005305927,-0.0030437226,-0.0032398056
0.99999374,0.00033926254,0,0.0013758645,286.01942401838267,271.1616518162255,1739,11757.432,3.963238,982.0377,0.3150111,13767.323,4.6707664,0,,,,,286.01942401838267,0.00054726534,271.1616518162255,0.0005298263,-0.0029125728,-0.0035866485
0.9996354,0.0003391631,0,0.0013767022,286.01761767198485,271.16185192150084,1740,11754.257,3.9629493,980.8435,0.31546465,13762.39,4.669397,0,,,,,286.01761767198485,0.00054747483,271.16185192150084,0.0005301848,-0.0033089148,-0.0029674892
1.0001619,0.00033915363,0,0.0013775397,286.017989147671,271.16146920070173,1741,11760.215,3.9632998,981.4582,0.31519017,13769.639,4.6692667,0,,,,,286.017989147671,0.0005474303,271.16146920070173,0.0005301754,-0.0032847684,-0.003001082
0.99962234,0.00033918206,8192,0.0013783773,286.01870069522863,271.1629429261947,1742,11753.819,3.9628482,981.56976,0.31490862,13762.21,4.669658,8192,,,,,286.01870069522863,0.00054756313,271.1629429261947,0.0005302703,-0.002901038,-0.0033168283
0.99957854,0.0003390105,0,0.0013792147,286.0175973700468,271.1623589164202,1743,11752.742,3.962724,981.11224,0.3154381,13761.606,4.6672964,0,,,,,286.0175973700468,0.00054737926,271.1623589164202,0.00053000916,-0.0031639677,-0.0026748807
0.99925315,0.00033907717,0,0.0013800521,286.0191483537354,271.16269379805505,1744,11749.251,3.9625504,981.03796,0.31554887,13757.127,4.6682143,0,,,,,286.0191483537354,0.00054781995,271.16269379805505,0.00053053716,-0.003176813,-0.0027142137
0.9997383,0.0003391397,0,0.0013808893,286.0180674077332,271.16219302315255,1745,11754.345,3.9630406,982.06055,0.31540838,13763.806,4.669075,0,,,,,286.0180674077332,0.00054759864,271.16219302315255,0.0005303092,-0.0027745985,-0.002732873
0.9992188,0.00033906382,0,0.0013817266,286.0178815683256,271.1620351983785,1746,11747.98,3.9623814,980.9717,0.3154005,13756.654,4.6680303,0,,,,,286.0178815683256,0.0005477764,271.1620351983785,0.0005304732,-0.0028692277,-0.002968846
0.99987686,0.00033916623,0,0.0013825637,286.01863195680863,271.16272796034343,1747,11756.218,3.9630232,981.1895,0.31511182,13765.714,4.6694403,0,,,,,286.01863195680863,0.00054748607,271.16272796034343,0.0005302001,-0.002617798,-0.0028684386
0.99907553,0.0003391278,0,0.0013834009,286.0193234871543,271.16226265846785,1748,11745.52,3.962147,980.7833,0.31519514,13754.682,4.668911,0,,,,,286.0193234871543,0.0005478666,271.16226265846785,0.00053050404,-0.0023459475,-0.0031554108
0.9997152,0.000339213,0,0.0013842378,286.0177505014145,271.16223168445106,1749,11753.247,3.9628472,980.10767,0.31537855,13763.488,4.670084,0,,,,,286.0177505014145,0.0005478179,271.16223168445106,0.00053040584,-0.0025422063,-0.003042187
0.99904865,0.00033911355,0,0.0013850748,286.0181355046558,271.16232470848365,1750,11745.279,3.96213,980.6641,0.31539214,13754.312,4.668715,0,,,,,286.0181355046558,0.0005479268,271.16232470848365,0.0005305679,-0.0025582903,-0.003209703
0.9998653,0.00033918885,0,0.0013859116,286.0195476033518,271.1613521709038,1751,11755.868,3.962978,980.48566,0.3152355,13765.555,4.6697516,0,,,,,286.0195476033518,0.0005478578,271.1613521709038,0.00053038285,-0.002442663,-0.0033977306
1.0004201,0.00033923404,0,0.0013867484,286.0195488237214,271.16271424599114,1752,11760.673,3.9633708,980.33905,0.31524077,13773.192,4.670374,0,,,,,286.0195488237214,0.00054747664,271.16271424599114,0.000530092,-0.0023301528,-0.002879816
0.9996193,0.0003392111,0,0.0013875852,286.0201893851737,271.16226004392627,1753,11751.974,3.9627054,980.85443,0.31504616,13762.168,4.6700583,0,,,,,286.0201893851737,0.00054746214,271.16226004392627,0.0005301353,-0.0020156847,-0.003443601
0.9995478,0.00033922194,0,0.0013884217,286.0188759193861,271.1617020972799,1754,11750.243,3.9624672,980.8236,0.31518134,13761.184,4.670207,0,,,,,286.0188759193861,0.0005474489,271.1617020972799,0.00053001026,-0.001840709,-0.0036412834
0.999658,0.00033919176,0,0.0013892584,286.01947206393515,271.16218189186196,1755,11751.977,3.9625952,979.7355,0.31531474,13762.7,4.6697917,0,,,,,286.01947206393515,0.0005477176,271.16218189186196,0.00053033343,-0.0017325412,-0.003027107
0.99973434,0.00033915896,0,0.0013900949,286.01911193907705,271.1618227320258,1756,11752.008,3.9625814,980.20496,0.31573123,13763.752,4.66934,0,,,,,286.01911193907705,0.00054732716,271.1618227320258,0.00052997697,-0.0019603842,-0.0029809116
0.9997133,0.00033921524,0,0.0013909313,286.0197810475508,271.16215992150603,1757,11752.202,3.9626,980.86676,0.31542337,13763.462,4.670115,0,,,,,286.0197810475508,0.000547448,271.16215992150603,0.0005300093,-0.001697148,-0.0032219188
0.9999928,0.00033922965,0,0.0013917676,286.0189241575329,271.16144481014106,1758,11755.307,3.9627922,980.3944,0.31551027,13767.31,4.6703134,0,,,,,286.0189241575329,0.00054747565,271.16144481014106,0.0005300792,-0.0018513227,-0.0035556972
1.0003002,0.00033928655,0,0.001392604,286.0194134423923,271.16231361487434,1759,11758.005,3.963141,981.5009,0.31551972,13771.542,4.671097,0,,,,,286.0194134423923,0.0005476061,271.16231361487434,0.00053017633,-0.0018459008,-0.0027762086
0.9997581,0.00033918294,0,0.0013934402,286.01969931994176,271.16229796820517,1760,11751.546,3.962735,982.20026,0.31588474,13764.079,4.66967,0,,,,,286.01969931994176,0.0005475815,271.16229796820517,0.00053021125,-0.0021235782,-0.0024072852
0.99900603,0.0003389764,0,0.0013942763,286.01851044393015,271.16459885166717,1761,11744.095,3.9620578,981.4236,0.31561497,13753.725,4.6668267,0,,,,,286.01851044393015,0.00054811634,271.16459885166717,0.0005308072,-0.0025228825,-0.002315564
0.99933946,0.00033901856,0,0.0013951124,286.0183968484463,271.163388600555,1762,11747.773,3.962332,978.5539,0.3159093,13758.315,4.667407,0,,,,,286.0183968484463,0.00054760685,271.163388600555,0.00053033663,-0.0025531952,-0.0020085787
0.99920094,0.0003390216,0,0.0013959483,286.0178162283445,271.1625377271947,1763,11745.686,3.9621472,980.35065,0.31511962,13756.408,4.667449,0,,,,,286.0178162283445,0.0005474591,271.1625377271947,0.0005301622,-0.0029679625,-0.0019070234
0.9986558,0.0003387015,0,0.0013967843,286.01701770251367,271.16419771411654,1764,11740.158,3.9616067,980.6565,0.31555822,13748.903,4.663042,0,,,,,286.01701770251367,0.0005480738,271.16419771411654,0.00053089886,-0.003322892,-0.0015315756
0.9999757,0.00033915418,128,0.0013976202,286.0177544543365,271.1614806511181,1765,11754.64,3.963231,979.33417,0.31544685,13767.074,4.6692743,128,,,,,286.0177544543365,0.0005472089,271.1614806511181,0.0005300215,-0.0031542901,-0.0018326283
0.99940443,0.000339046,0,0.0013984559,286.01766365809857,271.16387949622595,1766,11748.345,3.9622965,979.57947,0.31524026,13759.21,4.667785,0,,,,,286.01766365809857,0.0005473558,271.16387949622595,0.00053016533,-0.0030917,-0.0018338406
1.0001254,0.00033891818,0,0.0013992917,286.01923162382775,271.1630398263409,1767,11756.006,3.9629536,979.5221,0.3153628,13769.136,4.666025,0,,,,,286.01923162382775,0.0005471765,271.1630398263409,0.00052993465,-0.0030467375,-0.001648215
0.9988968,0.00033897324,0,0.0014001273,286.0191736951195,271.163287804192,1768,11741.833,3.9617774,980.06195,0.31562698,13752.221,4.6667833,0,,,,,286.0191736951195,0.0005476558,271.163287804192,0.0005303226,-0.002807021,-0.0018121623
0.9995535,0.00033904647,0,0.0014009628,286.01892792342215,271.16420385780924,1769,11748.227,3.962268,979.82166,0.31524763,13761.262,4.6677914,0,,,,,286.01892792342215,0.00054758304,271.16420385780924,0.00053035165,-0.0030348685,-0.0015921785
0.9997477,0.00033894158,0,0.0014017983,286.01875275108057,271.16397590017436,1770,11750.866,3.962608,980.7778,0.31584385,13763.936,4.6663475,0,,,,,286.01875275108057,0.0005472742,271.16397590017436,0.0005301014,-0.0031284299,-0.0012694302
0.9994984,0.00033877292,0,0.0014026337,286.0177310658604,271.16399433956764,1771,11747.371,3.9621909,979.8902,0.31546497,13760.504,4.6640253,0,,,,,286.0177310658604,0.0005474179,271.16399433956764,0.0005302045,-0.0033619774,-0.0010880175
0.9992692,0.00033889458,0,0.001403469,286.0186203098435,271.16378120929926,1772,11744.819,3.9621556,980.61945,0.31532237,13757.348,4.6657004,0,,,,,286.0186203098435,0.0005479762,271.16378120929926,0.0005307954,-0.0028065187,-0.0013543752
0.99870193,0.00033884333,0,0.0014043043,286.01853958021843,271.1637858676178,1773,11738.947,3.961504,979.6258,0.31541142,13749.538,4.6649947,0,,,,,286.01853958021843,0.000547823,271.1637858676178,0.00053058943,-0.0027796768,-0.0018473141
0.99987316,0.0003390562,0,0.0014051395,286.01833756176455,271.1635274263382,1774,11752.435,3.9626975,981.23883,0.3154462,13765.663,4.6679254,0,,,,,286.01833756176455,0.0005476381,271.1635274263382,0.0005304156,-0.002697013,-0.0016768303
0.9987396,0.00033888273,0,0.0014059746,286.0186836932909,271.1631859401655,1775,11738.78,3.9614968,979.6655,0.3153081,13750.057,4.6655374,0,,,,,286.0186836932909,0.0005473583,271.1631859401655,0.0005301248,-0.0031091,-0.0014159424
0.9995861,0.00033883,0,0.0014068097,286.01809688566607,271.1639323404318,1776,11748.89,3.962309,980.9169,0.3154483,13761.711,4.664811,0,,,,,286.01809688566607,0.0005475873,271.1639323404318,0.00053039234,-0.003184072,-0.0010820413
0.99905515,0.00033886032,0,0.0014076446,286.01913838574313,271.1641172951707,1777,11741.813,3.9617906,980.2996,0.31580302,13754.401,4.665229,0,,,,,286.01913838574313,0.0005479123,271.1641172951707,0.00053070736,-0.0031359405,-0.0010100398
0.9994682,0.00033903724,0,0.0014084795,286.01853586257783,271.1638036924363,1778,11746.688,3.9621942,980.52313,0.31559044,13760.088,4.6676645,0,,,,,286.01853586257783,0.00054712134,271.1638036924363,0.0005298435,-0.0028777136,-0.0012127497
0.998987,0.00033879955,0,0.0014093143,286.0187217512136,271.1646093414606,1779,11740.579,3.961724,980.4148,0.31526586,13753.463,4.664392,0,,,,,286.0187217512136,0.00054804765,271.1646093414606,0.00053080847,-0.0029195757,-0.0009805687
0.99964184,0.0003388613,0,0.001410149,286.0174554882409,271.16349457096277,1780,11748.009,3.9621296,979.028,0.31554046,13762.479,4.665242,0,,,,,286.0174554882409,0.00054714154,271.16349457096277,0.0005299181,-0.002729326,-0.0011361988
0.9989829,0.00033881183,0,0.0014109837,286.0179949727554,271.16374204606956,1781,11740.489,3.9616654,979.9465,0.31548002,13753.406,4.6645613,0,,,,,286.0179949727554,0.000548242,271.16374204606956,0.0005310342,-0.0026433081,-0.0010298175
0.9990477,0.00033890115,8192,0.0014118183,286.01992299117705,271.16289906090964,1782,11740.991,3.9615958,979.08075,0.31556302,13754.299,4.665791,8192,,,,,286.01992299117705,0.0005478056,271.16289906090964,0.00053058326,-0.002748269,-0.001194812
0.99906176,0.00033867318,0,0.0014126528,286.0186000114478,271.1634783954205,1783,11741.808,3.961836,979.28253,0.31575593,13754.492,4.6626525,0,,,,,286.0186000114478,0.0005478283,271.1634783954205,0.00053064857,-0.002835038,-0.0008623547
0.9996997,0.000338813,0,0.0014134872,286.0180007674898,271.165587019195,1784,11748.833,3.9624426,979.8938,0.31577918,13763.275,4.664577,0,,,,,286.0180007674898,0.0005473743,271.165587019195,0.0005302845,-0.0030650992,-0.00077219296
0.99971646,0.0003390689,0,0.0014143216,286.01873927702854,271.16378976863103,1785,11747.999,3.9621584,978.9359,0.3150779,13763.506,4.6681004,0,,,,,286.01873927702854,0.0005477962,271.16378976863103,0.0005306207,-0.0024340518,-0.0009982315
0.99920493,0.0003389473,0,0.001415156,286.01868850266305,271.1641822377935,1786,11741.603,3.9616761,979.4616,0.3158084,13756.463,4.666426,0,,,,,286.01868850266305,0.0005473454,271.1641822377935,0.0005301729,-0.0028790692,-0.00073654746
0.9994066,0.0003391506,128,0.0014159901,286.01959202371995,271.16268636694537,1787,11744.341,3.963686,979.1189,0.31505203,13759.239,4.669225,128,,,,,286.01959202371995,0.0005482077,271.16268636694537,0.0005310133,-0.0025395185,-0.00090088067
1.0000117,0.0003389239,0,0.0014168243,286.01866752510665,271.16488453699566,1788,11751.186,3.9624414,979.70123,0.31551227,13767.57,4.6661043,0,,,,,286.01866752510665,0.0005472675,271.16488453699566,0.0005301673,-0.0030662182,-0.0007884266
0.9995664,0.0003390449,0,0.0014176583,286.01840101124577,271.1642941797277,1789,11746.433,3.961965,978.2745,0.31572863,13761.439,4.66777,0,,,,,286.01840101124577,0.00054728315,271.1642941797277,0.0005302236,-0.0025365218,-0.0010090767
0.9993614,0.00033903954,0,0.0014184923,286.0187245510556,271.1645849153137,1790,11743.007,3.9619198,980.4046,0.31550658,13758.617,4.667696,0,,,,,286.0187245510556,0.0005479495,271.1645849153137,0.0005307863,-0.0026647158,-0.0008896377
0.9998187,0.00033893547,0,0.0014193262,286.01911781797793,271.16506469739454,1791,11748.597,3.9621181,979.31616,0.31537962,13764.913,4.666263,0,,,,,286.01911781797793,0.0005479476,271.16506469739454,0.0005307078,-0.0025362775,-0.0007268439
0.9998446,0.00033851512,0,0.00142016,286.01893603310435,271.1638302668767,1792,11749.017,3.9623976,978.0075,0.31542808,13765.27,4.660476,0,,,,,286.01893603310435,0.0005476965,271.1638302668767,0.0005304613,-0.0029579455,-0.0005213547
0.999103,0.0003387731,0,0.0014209938,286.0191144648414,271.1657619941373,1793,11740.505,3.961677,979.5401,0.31566063,13755.06,4.6640277,0,,,,,286.0191144648414,0.0005480103,271.1657619941373,0.0005307981,-0.00293757,-0.0003168842
1.0004128,0.0003389332,0,0.0014218275,286.01961979540897,271.16451427445077,1794,11755.15,3.9627633,978.4842,0.3152005,13773.093,4.666232,0,,,,,286.01961979540897,0.00054733123,271.16451427445077,0.00053005555,-0.002860061,-0.0006385804
0.9988486,0.00033883334,0,0.0014226611,286.02022632969863,271.16454958394434,1795,11737.755,3.9612348,978.60596,0.31487942,13751.558,4.6648574,0,,,,,286.02022632969863,0.0005480062,271.16454958394434,0.00053076644,-0.002800184,-0.0009322889
0.99869084,0.00033870066,0,0.0014234947,286.01850998456814,271.16389359618034,1796,11735.167,3.9611676,978.25995,0.31560102,13749.386,4.6630306,0,,,,,286.01850998456814,0.0005476723,271.16389359618034,0.0005306386,-0.0027768568,-0.00022177794
0.9994421,0.0003389445,0,0.0014243281,286.0186100560332,271.1638987838676,1797,11743.169,3.9618883,978.3104,0.31547603,13759.729,4.6663876,0,,,,,286.0186100560332,0.0005479056,271.1638987838676,0.000530703,-0.0028296323,-0.00034878223
0.9995473,0.00033894798,0,0.0014251615,286.0184231358968,271.1638183176507,1798,11744.991,3.9617195,978.52734,0.31528434,13761.177,4.6664357,0,,,,,286.0184231358968,0.00054737716,271.1638183176507,0.0005302227,-0.0027382649,-0.0005430701
0.99906504,0.00033879615,0,0.0014259948,286.0190151576096,271.16439827489984,1799,11739.207,3.9614487,977.79193,0.3154886,13754.537,4.6643453,0,,,,,286.0190151576096,0.00054793817,271.16439827489984,0.0005307521,-0.0024028486,-0.0007808014
0.9999455,0.0003390756,0,0.0014268281,286.01927594510835,271.1642790315721,1800,11748.581,3.9621658,979.0594,0.31524628,13766.659,4.6681924,0,,,,,286.01927594510835,0.0005474784,271.1642790315721,0.0005302503,-0.0021322935,-0.0010918869
0.9999857,0.0003390371,0,0.0014276612,286.02047689421363,271.16470081954856,1801,11749.149,3.9622314,977.54517,0.3152847,13767.212,4.6676626,0,,,,,286.02047689421363,0.0005475892,271.16470081954856,0.00053033984,-0.0023547616,-0.0009489437
0.99950504,0.0003389895,0,0.0014284942,286.02010782864824,271.1646797900322,1802,11743.639,3.9617083,978.724,0.31508318,13760.595,4.6670074,0,,,,,286.02010782864824,0.0005479073,271.1646797900322,0.0005306682,-0.0019646366,-0.0011152845
1.0000516,0.00033903297,0,0.0014293273,286.01945380544777,271.1638325364632,1803,11749.626,3.9622028,978.6185,0.3150476,13768.119,4.6676054,0,,,,,286.01945380544777,0.0005473417,271.1638325364632,0.00053011806,-0.002123273,-0.001208684
0.9993164,0.00033894536,0,0.0014301601,286.0184439637893,271.1641607627291,1804,11741.334,3.9614363,978.3485,0.31471363,13757.998,4.6663995,0,,,,,286.0184439637893,0.0005476867,271.1641607627291,0.0005303841,-0.0021431942,-0.0010208148
1.0001802,0.0003390515,0,0.0014309931,286.0183247611525,271.16336152303836,1805,11750.777,3.9622824,976.9859,0.31558028,13769.891,4.667861,0,,,,,286.0183247611525,0.00054726325,271.16336152303836,0.00053000555,-0.0021082505,-0.0013110406
0.99956137,0.0003389405,0,0.0014318258,286.0207500579866,271.16480103039424,1806,11743.674,3.9618175,978.3704,0.31574336,13761.37,4.6663327,0,,,,,286.0207500579866,0.00054813887,271.16480103039424,0.00053094176,-0.002220984,-0.00076085597
0.9993666,0.0003389299,0,0.0014326585,286.01841508064837,271.1647649598441,1807,11741.318,3.9615972,978.2319,0.31579453,13758.688,4.666187,0,,,,,286.01841508064837,0.0005476508,271.1647649598441,0.00053046737,-0.0021125022,-0.0010129594
0.99947774,0.000338922,0,0.0014334911,286.0198947585816,271.1642288008487,1808,11742.546,3.9615688,977.51917,0.31516814,13760.219,4.6660776,0,,,,,286.0198947585816,0.0005474588,271.1642288008487,0.0005302132,-0.0020144342,-0.00105851
0.999145,0.000338832,0,0.0014343236,286.0195546191532,271.1645717160894,1809,11738.578,3.9612505,977.27527,0.315427,13755.638,4.664839,0,,,,,286.0195546191532,0.00054768124,271.1645717160894,0.00053045846,-0.0021962607,-0.0010147903
0.99937457,0.00033895488,0,0.0014351561,286.0194664434515,271.1631053897129,1810,11741.289,3.9613788,977.6079,0.31521696,13758.799,4.6665306,0,,,,,286.0194664434515,0.00054798066,271.1631053897129,0.0005307595,-0.0020238347,-0.0009894739
0.9993408,0.00033898995,0,0.0014359885,286.0209725650606,271.16472600718043,1811,11739.921,3.961363,976.77,0.3150636,13758.333,4.667013,0,,,,,286.0209725650606,0.0005480887,271.16472600718043,0.00053089054,-0.0023644674,-0.00055815355
0.9990581,0.0003390021,0,0.0014368208,286.0189061801418,271.1641798608598,1812,11736.342,3.961033,978.81464,0.3151373,13754.442,4.6671805,0,,,,,286.0189061801418,0.0005480459,271.1641798608598,0.0005307759,-0.00226049,-0.0008455832
0.99909353,0.00033894356,0,0.0014376531,286.0201104325853,271.1650139595172,1813,11736.993,3.9610205,977.41565,0.31472617,13754.93,4.6663747,0,,,,,286.0201104325853,0.0005477943,271.1650139595172,0.00053067587,-0.0023677277,-0.0007404069
0.9994745,0.00033900337,0,0.0014384852,286.0197944849161,271.1646539680195,1814,11741.836,3.9616246,977.25854,0.3155969,13760.175,4.667198,0,,,,,286.0197944849161,0.00054776657,271.1646539680195,0.0005306184,-0.0021765798,-0.00087272597
0.9989563,0.0003387622,0,0.0014393172,286.02011379535924,271.16455643965713,1815,11735.355,3.9611156,977.2752,0.31544933,13753.04,4.663878,0,,,,,286.02011379535924,0.0005481624,271.16455643965713,0.00053088996,-0.0025315045,-0.0006278119
0.9987879,0.0003390014,0,0.0014401493,286.02080075544586,271.16413742788257,1816,11733.008,3.9609385,977.53577,0.31540853,13750.722,4.667171,0,,,,,286.02080075544586,0.0005484453,271.16413742788257,0.0005311661,-0.002107555,-0.001166282
0.99961793,0.0003390416,0,0.0014409812,286.01950211666826,271.16369481606336,1817,11742.256,3.9616988,978.5723,0.31562915,13762.149,4.6677246,0,,,,,286.01950211666826,0.00054777873,271.16369481606336,0.00053058844,-0.0020877782,-0.0009745324
0.99960375,0.00033899315,0,0.0014418131,286.02004336514926,271.1653889397958,1818,11742.166,3.9615693,977.06116,0.3151593,13761.954,4.6670575,0,,,,,286.02004336514926,0.00054776773,271.1653889397958,0.0005305084,-0.002110122,-0.0007782493
0.9999586,0.00033909094,0,0.0014426447,286.01952461063075,271.1653905671436,1819,11746.241,3.9618943,977.0408,0.3153242,13766.839,4.6684036,0,,,,,286.01952461063075,0.00054747885,271.1653905671436,0.0005303925,-0.0019769862,-0.0008852625
0.9997769,0.00033882746,8192,0.0014434764,286.0205759608605,271.16456800767435,1820,11744.622,3.961746,977.5175,0.3153813,13764.338,4.6647763,8192,,,,,286.0205759608605,0.00054784346,271.16456800767435,0.00053054496,-0.0019469721,-0.00080264796
0.99946624,0.00033893474,0,0.0014443081,286.01964215859175,271.1651428137435,1821,11740.556,3.9613903,978.1298,0.31514162,13760.061,4.666253,0,,,,,286.01964215859175,0.00054772286,271.1651428137435,0.00053059595,-0.0022188018,-0.0005755779
0.99929243,0.00033895244,0,0.0014451396,286.0206599768109,271.16390277396,1822,11738.986,3.96152,977.40594,0.31605178,13757.668,4.6664968,0,,,,,286.0206599768109,0.0005482314,271.16390277396,0.0005310359,-0.0023785692,-0.0008467451
0.99946254,0.00033907164,0,0.0014459711,286.02016742001723,271.164344532455,1823,11740.269,3.9613712,976.8445,0.31523523,13760.01,4.668138,0,,,,,286.02016742001723,0.00054792606,271.164344532455,0.0005307567,-0.0020813341,-0.0009869926
0.9993974,0.0003389124,0,0.0014468024,286.020013786683,271.1648738155318,1824,11739.951,3.9613163,975.29047,0.31575078,13759.113,4.6659455,0,,,,,286.020013786683,0.0005479257,271.1648738155318,0.0005307879,-0.002300509,-0.0008361619
0.9988191,0.00033881812,0,0.0014476337,286.019290682331,271.1640373502109,1825,11733.031,3.960832,977.4799,0.31549415,13751.151,4.6646476,0,,,,,286.019290682331,0.00054785213,271.1640373502109,0.00053068186,-0.002649207,-0.00051895145
0.9994892,0.00033886568,0,0.0014484649,286.0209936342537,271.1646665165268,1826,11740.981,3.961408,978.36615,0.31545785,13760.377,4.6653023,0,,,,,286.0209936342537,0.0005474087,271.1646665165268,0.0005302812,-0.0025510124,-0.0006304977
0.99940896,0.00033893806,0,0.001449296,286.0197610693838,271.16530109410377,1827,11739.449,3.9614253,979.2312,0.3151441,13759.272,4.666299,0,,,,,286.0197610693838,0.0005480202,271.16530109410377,0.00053076656,-0.0022326172,-0.0005114301
0.99898,0.00033892423,0,0.0014501271,286.0199038567047,271.1650125323093,1828,11734.326,3.9609396,977.18823,0.31560966,13753.366,4.6661086,0,,,,,286.0199038567047,0.00054836663,271.1650125323093,0.00053109636,-0.002477565,-0.0003627358
0.999901,0.0003390966,0,0.0014509581,286.0211395701459,271.16448701443136,1829,11744.911,3.961763,976.6091,0.3153366,13766.046,4.6684813,0,,,,,286.0211395701459,0.0005475364,271.16448701443136,0.00053043105,-0.0015871698,-0.00083690474
0.99937695,0.00033910119,0,0.0014526198,286.0194759133336,271.164384897295,1831,11738.327,3.9616263,978.48535,0.31536007,13758.831,4.668545,0,,,,,286.0194759133336,0.00054869795,271.164384897295,0.00053144747,-0.0011590768,-0.0014741973
0.99919933,0.00033905538,0,0.0014534505,286.0200064242384,271.16469229154137,1832,11735.421,3.9609663,977.6683,0.31517118,13756.386,4.667914,0,,,,,286.0200064242384,0.00054775324,271.16469229154137,0.0005306112,-0.0009926979,-0.0016976255
0.9996703,0.00033912327,0,0.0014542812,286.021626910582,271.16346919827237,1833,11740.9795,3.9615145,977.5091,0.3152571,13762.87,4.668849,0,,,,,286.021626910582,0.000548066,271.16346919827237,0.00053081143,-0.0010763716,-0.001517218
0.9992312,0.0003390502,0,0.0014551118,286.02038665978756,271.16379309814533,1834,11736.446,3.96118,976.83575,0.31547964,13756.825,4.667843,0,,,,,286.02038665978756,0.00054775615,271.16379309814533,0.0005304722,-0.0016602612,-0.0017714057
0.9998971,0.00033916495,0,0.0014559423,286.0195613307278,271.16442329347467,1835,11744.223,3.9617372,977.21375,0.31518707,13765.993,4.6694226,0,,,,,286.0195613307278,0.00054786087,271.16442329347467,0.0005305734,-0.0011244568,-0.0018192173
0.9995902,0.0003391496,0,0.0014567727,286.0213333148615,271.16406132460753,1836,11740.889,3.9614637,977.3589,0.31556848,13761.768,4.6692114,0,,,,,286.0213333148615,0.0005477972,271.16406132460753,0.0005303589,-0.0012115566,-0.0017864372
0.99923027,0.00033898474,0,0.0014576031,286.0206332372944,271.1648420260989,1837,11737.475,3.9614117,977.7685,0.3151988,13756.812,4.6669416,0,,,,,286.0206332372944,0.0005481323,271.1648420260989,0.0005308686,-0.0015769152,-0.0014235943
0.9989235,0.00033904627,0,0.0014584333,286.01987171035665,271.16412669574396,1838,11732.367,3.9609392,977.91547,0.31521168,13752.588,4.6677885,0,,,,,286.01987171035665,0.0005483281,271.16412669574396,0.0005309944,-0.0012698298,-0.0014528536
0.99936223,0.00033911434,0,0.0014592635,286.020328275872,271.1631982371915,1839,11737.333,3.9611506,976.3356,0.31529656,13758.629,4.668726,0,,,,,286.020328275872,0.00054795126,271.1631982371915,0.0005306387,-0.0009150449,-0.0019189734
1.0004336,0.00033945122,128,0.0014600937,286.0208001845965,271.1646135215344,1840,11748.933,3.9646487,977.64404,0.3152781,13773.378,4.6733637,128,,,,,286.0208001845965,0.00054770417,271.1646135215344,0.0005306558,-0.0005949209,-0.0019630492
1.0000217,0.0003391624,0,0.0014609236,286.02050018961165,271.16354201264494,1841,11745.138,3.9619253,977.08887,0.31547272,13767.708,4.6693873,0,,,,,286.02050018961165,0.00054790516,271.16354201264494,0.00053057197,-0.0010516767,-0.0017626884
0.9995884,0.0003390716,0,0.0014617536,286.0206037153778,271.1631822310781,1842,11740.184,3.9613006,976.7209,0.3154063,13761.742,4.668137,0,,,,,286.0206037153778,0.00054766104,271.1631822310781,0.0005303887,-0.0013735763,-0.0014842938
1.0001684,0.0003391579,0,0.0014625834,286.02111562445793,271.1638868241373,1843,11747.53,3.961962,977.891,0.315453,13769.728,4.669326,0,,,,,286.02111562445793,0.00054765877,271.1638868241373,0.00053031713,-0.0013953164,-0.0017230035
0.99966437,0.0003390808,0,0.0014634132,286.0208949170344,271.16239501526314,1844,11741.393,3.9615836,977.331,0.3161561,13762.788,4.6682644,0,,,,,286.0208949170344,0.0005475478,271.16239501526314,0.00053036155,-0.0017570114,-0.0014863004
0.9983507,0.00033885878,0,0.0014642429,286.0191608353321,271.1647403590923,1845,11726.48,3.960466,977.8061,0.31542885,13744.702,4.6652074,0,,,,,286.0191608353321,0.00054862315,271.1647403590923,0.00053136365,-0.002227554,-0.0007776417
0.99961245,0.0003390557,0,0.0014650725,286.01980420313026,271.1651604490094,1846,11739.648,3.9612403,978.32,0.3152708,13762.073,4.6679187,0,,,,,286.01980420313026,0.0005477876,271.1651604490094,0.00053053856,-0.0021191426,-0.0008352751
1.0000949,0.00033908,0,0.0014659021,286.019152978546,271.1639612091459,1847,11744.978,3.9618192,977.55194,0.315179,13768.715,4.668253,0,,,,,286.019152978546,0.00054740015,271.1639612091459,0.0005303888,-0.0017791748,-0.0007698517
0.9994113,0.0003390053,0,0.0014667315,286.01973189030036,271.1644960397391,1848,11737.543,3.961087,977.7239,0.31498432,13759.304,4.6672244,0,,,,,286.01973189030036,0.00054736144,271.1644960397391,0.00053024874,-0.0017752139,-0.00085840025
0.9996129,0.00033909368,0,0.0014675609,286.01948336129533,271.1657397144795,1849,11739.739,3.9613926,977.97473,0.31480333,13762.08,4.6684413,0,,,,,286.01948336129533,0.00054790016,271.1657397144795,0.000530845,-0.0021473863,-0.0010028719
0.99947923,0.00033906798,0,0.0014683902,286.0200925191211,271.16401475933577,1850,11739.117,3.9614158,977.3897,0.3159223,13760.239,4.6680875,0,,,,,286.0200925191211,0.0005476568,271.16401475933577,0.00053042435,-0.001839197,-0.0014126896
0.9991033,0.00033904504,0,0.0014692195,286.01915928278123,271.1650599091122,1851,11733.699,3.961045,979.7708,0.31549194,13755.064,4.667772,0,,,,,286.01915928278123,0.00054825336,271.1650599091122,0.00053107174,-0.0023743242,-0.0008330174
0.99930084,0.00033900267,0,0.0014700486,286.0195760737534,271.16455791765645,1852,11737.201,3.961542,979.5562,0.31517434,13757.783,4.6671886,0,,,,,286.0195760737534,0.00054769055,271.16455791765645,0.0005305304,-0.0021815235,-0.0010189351
0.99924695,0.00033912814,0,0.0014708777,286.02041447781573,271.16462303060143,1853,11734.75,3.9610343,977.4894,0.3149507,13757.042,4.6689157,0,,,,,286.02041447781573,0.0005484521,271.16462303060143,0.0005312608,-0.0020095117,-0.0009637642
0.9991501,0.00033902313,0,0.0014717065,286.02024032906195,271.16502893031895,1854,11733.571,3.960873,977.4057,0.31509584,13755.708,4.66747,0,,,,,286.02024032906195,0.0005484173,271.16502893031895,0.00053121534,-0.0018046013,-0.0004426352
0.9996973,0.0003390404,0,0.0014725354,286.0205379516957,271.164420310001,1855,11739.245,3.9613695,977.4195,0.31562766,13763.242,4.667708,0,,,,,286.0205379516957,0.0005480339,271.164420310001,0.00053085183,-0.0019850824,-0.0005369343
0.99889314,0.0003389623,0,0.0014733643,286.01933948823927,271.1651508722562,1856,11731.268,3.9606304,978.12683,0.3150605,13752.171,4.6666327,0,,,,,286.01933948823927,0.00054833153,271.1651508722562,0.0005315762,-0.002070076,-0.00066155836
0.9992249,0.0003390008,0,0.0014741931,286.0210772605106,271.16450551684454,1857,11735.252,3.961132,978.3731,0.31543797,13756.738,4.667163,0,,,,,286.0210772605106,0.0005486108,271.16450551684454,0.0005313122,-0.0018456716,-0.0013183278
0.99903136,0.00033903957,0,0.0014750217,286.01958106370887,271.16527653899976,1858,11732.683,3.9608078,978.1218,0.31528237,13754.073,4.6676965,0,,,,,286.01958106370887,0.0005483406,271.16527653899976,0.00053111784,-0.0016873793,-0.0012535498
0.99902284,0.00033895462,0,0.0014758502,286.0198563005243,271.1654916355209,1859,11731.714,3.960675,977.1379,0.31519648,13753.956,4.666527,0,,,,,286.0198563005243,0.0005479627,271.1654916355209,0.0005308892,-0.0021662542,-0.0007369481
0.9993593,0.00033906425,0,0.0014766788,286.0205145317578,271.1650254487014,1860,11735.74,3.9611945,979.06036,0.3147273,13758.589,4.6680365,0,,,,,286.0205145317578,0.00054852763,271.1650254487014,0.00053130806,-0.0017450771,-0.0010236757
0.9990163,0.00033890197,0,0.0014775072,286.01892340017196,271.16562602809546,1861,11731.252,3.9607127,978.1071,0.3151909,13753.866,4.665802,0,,,,,286.01892340017196,0.0005477864,271.16562602809546,0.0005307087,-0.0021464685,-0.00069471926
0.99940544,0.0003389062,0,0.0014783355,286.020539090484,271.1648528968698,1862,11735.867,3.9611528,978.9168,0.3151891,13759.224,4.66586,0,,,,,286.020539090484,0.00054824137,271.1648528968698,0.00053111714,-0.001700716,-0.0007583379
0.99905276,0.00033904452,0,0.0014791636,286.0214858384574,271.1641239468331,1863,11731.318,3.960759,979.02515,0.31545526,13754.368,4.6677647,0,,,,,286.0214858384574,0.00054833916,271.1641239468331,0.00053110434,-0.0014747712,-0.0012402955
0.99965614,0.00033909493,0,0.0014799918,286.0200951343704,271.16518280355814,1864,11738.098,3.9612691,978.2561,0.31489703,13762.675,4.6684585,0,,,,,286.0200951343704,0.00054772326,271.16518280355814,0.00053058227,-0.0016350786,-0.00092914945
0.99954623,0.00033901006,0,0.0014808199,286.02041795665207,271.1656094239296,1865,11737.217,3.9609919,976.26245,0.3152812,13761.162,4.66729,0,,,,,286.02041795665207,0.00054765184,271.1656094239296,0.0005305015,-0.0017410824,-0.00070481485
0.9995278,0.00033897013,0,0.001481648,286.02028611855076,271.16490484501344,1866,11736.659,3.961096,977.62036,0.3156651,13760.908,4.6667404,0,,,,,286.02028611855076,0.000547832,271.16490484501344,0.00053057185,-0.0019609726,-0.00062096043
0.9992738,0.00033903902,0,0.0014824758,286.0196050933788,271.16555420295435,1867,11732.819,3.9608202,977.84534,0.31537065,13757.411,4.667689,0,,,,,286.0196050933788,0.0005478782,271.16555420295435,0.0005306862,-0.0018473268,-0.0006373288
0.99921745,0.0003389476,0,0.0014833036,286.0199484772555,271.1656787465658,1868,11732.526,3.960949,977.2413,0.31560883,13756.636,4.6664305,0,,,,,286.0199484772555,0.0005483768,271.1656787465658,0.00053121144,-0.0018939751,-0.0003682753
1.0000829,0.00033907828,0,0.0014841314,286.02095774695243,271.16518511953984,1869,11741.572,3.961329,977.33453,0.31533656,13768.55,4.6682296,0,,,,,286.02095774695243,0.0005474976,271.16518511953984,0.00053036015,-0.0018238992,-0.00010375748
0.9993271,0.00033893404,0,0.001484959,286.0200972506228,271.1651919325273,1870,11732.612,3.9608529,976.76324,0.3148779,13758.1455,4.6662436,0,,,,,286.0200972506228,0.0005482287,271.1651919325273,0.00053103775,-0.001811991,-0.00013144001
0.9989302,0.00033887994,8192,0.0014857866,286.01952308030013,271.1658607543817,1871,11729.162,3.9605982,976.8001,0.31512907,13752.681,4.6654987,8192,,,,,286.01952308030013,0.00054829894,271.1658607543817,0.0005310506,-0.0020045056,-0.00021359236
0.99898756,0.0003389506,0,0.0014866141,286.0201815884069,271.1653306436949,1872,11729.206,3.9607167,979.3368,0.31526923,13753.471,4.6664715,0,,,,,286.0201815884069,0.00054802094,271.1653306436949,0.0005308634,-0.0020479548,-5.8887745e-05
0.9999461,0.00033893055,0,0.0014874415,286.0199328464036,271.1653287389107,1873,11740.915,3.9614942,976.65405,0.31553033,13766.667,4.6661954,0,,,,,286.0199328464036,0.0005478372,271.1653287389107,0.00053073134,-0.0020840142,-0.000103916536
0.9999369,0.0003389359,0,0.0014882688,286.02200985316375,271.16542841657315,1874,11740.151,3.961188,976.21136,0.31499094,13766.54,4.6662693,0,,,,,286.02200985316375,0.0005476583,271.16542841657315,0.0005305238,-0.0020185506,-6.67491e-05
0.9993281,0.00033887947,0,0.0014890961,286.01993000139873,271.1647938223731,1875,11733.134,3.9606907,976.80664,0.3154151,13758.158,4.6654925,0,,,,,286.01993000139873,0.00054798025,271.1647938223731,0.00053082174,-0.0018856919,-0.00020454635
0.99929196,0.0003389629,0,0.0014899233,286.0209407731135,271.16480155292464,1876,11731.527,3.960626,975.9272,0.31540427,13757.661,4.666641,0,,,,,286.0209407731135,0.000548339,271.16480155292464,0.0005311806,-0.0020884569,-0.00012590068
0.99925154,0.00033890517,0,0.0014907504,286.0214357813817,271.16533439647657,1877,11730.912,3.9604516,976.6332,0.3154107,13757.1045,4.6658463,0,,,,,286.0214357813817,0.00054843986,271.16533439647657,0.0005312682,-0.0016335893,-0.00024895114
0.9990972,0.0003389702,0,0.0014915774,286.0196736899823,271.1660068212489,1878,11728.844,3.960327,976.63574,0.31470114,13754.98,4.6667414,0,,,,,286.0196736899823,0.00054818834,271.1660068212489,0.0005310692,-0.0018506751,-3.8523984e-05
0.99953234,0.00033905095,0,0.0014924043,286.02106695160734,271.1654988132764,1879,11734.531,3.9607959,975.7495,0.31525815,13760.971,4.6678534,0,,,,,286.02106695160734,0.0005477643,271.1654988132764,0.0005306159,-0.0015481322,-0.0005700678
0.9994569,0.00033902942,0,0.001493231,286.01946631314416,271.1657478332533,1880,11733.066,3.9606326,975.42584,0.31513003,13759.932,4.667557,0,,,,,286.01946631314416,0.000548266,271.1657478332533,0.00053106336,-0.0014140428,-0.0006953832
1.0000259,0.0003390253,0,0.0014940578,286.0204000938495,271.1648334375832,1881,11740.196,3.9613378,976.6538,0.31534418,13767.766,4.6675,0,,,,,286.0204000938495,0.00054793956,271.1648334375832,0.00053077424,-0.0016287661,-0.0007590115
0.9994378,0.00033903023,0,0.0014948845,286.0210833831691,271.1639363290108,1882,11732.062,3.960681,976.3657,0.31574872,13759.669,4.6675677,0,,,,,286.0210833831691,0.0005480096,271.1639363290108,0.0005307735,-0.0018124264,-0.00028482795
0.9997522,0.00033892732,0,0.001495711,286.0201902145725,271.1653622305995,1883,11735.966,3.9610026,975.4557,0.31537566,13763.998,4.666151,0,,,,,286.0201902145725,0.0005478419,271.1653622305995,0.00053063617,-0.0011409867,-0.0007341381
0.9993643,0.0003389811,0,0.0014965376,286.02028490822124,271.1652724239588,1884,11730.704,3.9604635,974.9624,0.3151496,13758.657,4.6668916,0,,,,,286.02028490822124,0.0005481874,271.1652724239588,0.00053106266,-0.0017370962,-0.00034015512
1.000254,0.0003390454,0,0.001497364,286.02015683131555,271.1658533364575,1885,11740.97,3.9611595,975.0382,0.31486508,13770.906,4.6677766,0,,,,,286.02015683131555,0.0005478176,271.1658533364575,0.0005307014,-0.0016902937,-0.00029294228
0.9993107,0.00033882225,0,0.0014981903,286.0209326791238,271.16551779704946,1886,11730.242,3.9605467,976.30963,0.3148528,13757.919,4.664705,0,,,,,286.0209326791238,0.00054843037,271.16551779704946,0.0005311769,-0.0017657486,-0.0003428251
0.99929297,0.00033891966,0,0.0014990165,286.02058250643483,271.1657976129748,1887,11730.828,3.9604013,975.8186,0.31509998,13757.675,4.6660457,0,,,,,286.02058250643483,0.0005484266,271.1657976129748,0.0005312324,-0.0014867377,-0.00047789604
0.99959856,0.0003389526,0,0.0014998427,286.0207452239607,271.165750979069,1888,11733.615,3.9607065,975.78107,0.3153595,13761.883,4.666499,0,,,,,286.0207452239607,0.0005481003,271.165750979069,0.00053106766,-0.0018741279,-0.0001777961
0.99897784,0.00033890322,0,0.0015006688,286.01986321688855,271.16637929879164,1889,11726.575,3.9601185,974.48474,0.31553802,13753.337,4.665819,0,,,,,286.01986321688855,0.00054841157,271.16637929879164,0.00053133303,-0.0018582577,-0.00010873252
0.99971557,0.00033892598,8192,0.0015014948,286.01988675075967,271.1661370181591,1890,11734.891,3.960783,974.03217,0.3153205,13763.493,4.6661325,8192,,,,,286.01988675075967,0.0005478713,271.1661370181591,0.0005307662,-0.0019270623,2.979691e-05
0.9992897,0.00033898433,0,0.0015023206,286.02187703401864,271.16667885393616,1891,11729.558,3.960381,976.4788,0.31510887,13757.63,4.666936,0,,,,,286.02187703401864,0.00054831535,271.16667885393616,0.0005311768,-0.0012505032,-0.00033973507
0.99932075,0.00033889484,0,0.0015031465,286.0211370908315,271.16587404986024,1892,11729.063,3.9602327,974.69775,0.31534922,13758.058,4.665704,0,,,,,286.0211370908315,0.00054821296,271.16587404986024,0.0005310399,-0.0017705283,-5.926372e-05
0.9997564,0.0003389961,0,0.0015039722,286.02136315455596,271.1657386444404,1893,11733.941,3.96077,974.0935,0.31556976,13764.056,4.667098,0,,,,,286.02136315455596,0.00054773,271.1657386444404,0.000530682,-0.0013347444,9.156126e-05
0.9994336,0.00033898104,8192,0.001504798,286.019814307562,271.16607997541087,1894,11729.972,3.9604673,975.73694,0.31495878,13759.611,4.6668906,8192,,,,,286.019814307562,0.0005481606,271.16607997541087,0.0005310097,-0.0018428697,0.0004078152
0.999582,0.00033895246,0,0.0015056235,286.0213697252682,271.16591517237134,1895,11732.345,3.9606364,975.18,0.31518218,13761.654,4.666497,0,,,,,286.0213697252682,0.0005479136,271.16591517237134,0.00053075905,-0.0010797224,0.000118188414
0.9992913,0.0003389583,0,0.001506449,286.02037398188236,271.1664193821069,1896,11728.083,3.9601858,975.0479,0.31562725,13757.652,4.666578,0,,,,,286.02037398188236,0.000548353,271.1664193821069,0.0005313259,-0.0009873265,-0.00016197975
0.9995002,0.00033901795,0,0.0015072743,286.0205170768664,271.1656653759861,1897,11731.04,3.960447,975.2608,0.3151928,13760.528,4.667399,0,,,,,286.0205170768664,0.00054848305,271.1656653759861,0.0005313026,-0.0012434646,-1.5915157e-06
0.99942815,0.00033894432,0,0.0015080996,286.0202813678798,271.1666207998816,1898,11730.02,3.9603539,975.335,0.31501123,13759.536,4.666385,0,,,,,286.0202813678798,0.00054839347,271.1666207998816,0.0005313702,-0.0013503031,8.864826e-05
1.0000374,0.00033905174,0,0.0015089249,286.021974959974,271.16633327099504,1899,11736.181,3.9608982,974.90485,0.31475276,13767.924,4.667864,0,,,,,286.021974959974,0.00054830743,271.16633327099504,0.000531218,-0.0013059106,0.000118689495
0.9992319,0.00033895377,0,0.00150975,286.0217312684281,271.1660660104924,1900,11727.517,3.960389,974.3065,0.31579217,13756.834,4.6665154,0,,,,,286.0217312684281,0.00054824294,271.1660660104924,0.0005311132,-0.0016731005,0.000283148
0.99917173,0.00033888378,0,0.0015105751,286.0202179908258,271.1667339450672,1901,11725.607,3.960198,975.41986,0.31503564,13756.006,4.6655517,0,,,,,286.0202179908258,0.0005482743,271.1667339450672,0.0005311544,-0.0013755038,0.0004503978
0.99959195,0.0003389844,0,0.0015114,286.020611050395,271.1656527596074,1902,11729.681,3.9603703,974.85474,0.31528822,13761.791,4.666937,0,,,,,286.020611050395,0.0005476567,271.1656527596074,0.0005306456,-0.0016600166,0.0007392154
0.99965155,0.0003388971,0,0.0015122249,286.02139423112317,271.16635522146726,1903,11731.919,3.96037,974.54047,0.31564844,13762.612,4.6657352,0,,,,,286.02139423112317,0.00054812786,271.16635522146726,0.00053091056,-0.0017614502,0.00084403466
0.9993496,0.0003390333,0,0.0015130497,286.02081439003854,271.16658226473055,1904,11726.922,3.9601264,974.5755,0.3153126,13758.455,4.66761,0,,,,,286.02081439003854,0.0005484256,271.16658226473055,0.0005313348,-0.0011811053,0.00019532637
0.999377,0.00033904976,0,0.0015138744,286.02080991950896,271.1664206728758,1905,11727.304,3.960122,975.2445,0.31569374,13758.832,4.6678367,0,,,,,286.02080991950896,0.00054858765,271.1664206728758,0.00053146173,-0.0013324082,0.00022488149
0.9997012,0.00033894702,0,0.0015146991,286.02109601065456,271.16599599955316,1906,11731.29,3.9605048,974.74713,0.3153991,13763.296,4.6664224,0,,,,,286.02109601065456,0.0005479181,271.16599599955316,0.00053085736,-0.0014454124,0.0001776426
0.99967116,0.00033898713,0,0.0015163481,286.0209056671685,271.16667589025667,1908,11731.334,3.9605422,975.1646,0.31517133,13762.882,4.6669745,0,,,,,286.0209056671685,0.00054823054,271.16667589025667,0.0005311804,-0.0012588991,0.00025307425
0.99953836,0.0003390038,0,0.0015171724,286.02168745586,271.1655400280539,1909,11728.681,3.9603956,975.43976,0.3156014,13761.054,4.667204,0,,,,,286.02168745586,0.0005485343,271.1655400280539,0.0005313879,-0.0008019101,-9.288141e-06
1.0002412,0.00033888765,0,0.0015179967,286.0211469972359,271.16656254012094,1910,11736.241,3.9607582,974.37714,0.31537533,13770.729,4.665605,0,,,,,286.0211469972359,0.00054777757,271.16656254012094,0.0005307617,-0.0013710196,0.0006269684
0.9988864,0.000338886,0,0.0015188209,286.0214842854032,271.16524090056856,1911,11720.596,3.9596965,975.2272,0.31558743,13752.078,4.665582,0,,,,,286.0214842854032,0.0005486479,271.16524090056856,0.0005315054,-0.00096854597,7.357933e-05
0.9993108,0.00033888302,0,0.001519645,286.0206365542032,271.1654139200272,1912,11726.606,3.9599812,974.43945,0.31532255,13757.921,4.665541,0,,,,,286.0206365542032,0.00054816157,271.1654139200272,0.0005310651,-0.0012055289,0.00032271535
0.9993174,0.0003389559,0,0.0015204691,286.0209694976313,271.16650331739294,1913,11726.113,3.9599416,974.22107,0.31527972,13758.012,4.6665444,0,,,,,286.0209694976313,0.0005482633,271.16650331739294,0.00053132285,-0.001419451,0.0003347655
0.9997396,0.0003389723,0,0.001521293,286.0211700352009,271.1657526992396,1914,11731.43,3.9604363,972.7225,0.31528208,13763.824,4.6667705,0,,,,,286.0211700352009,0.0005481251,271.1657526992396,0.0005310318,-0.0009305967,6.3024694e-05
0.99961895,0.00033900392,0,0.0015221168,286.02221707889885,271.16550160542914,1915,11728.949,3.9603562,974.72327,0.3152606,13762.163,4.667206,0,,,,,286.02221707889885,0.0005480116,271.16550160542914,0.00053088804,-0.0002596898,-0.0005590779
0.9999107,0.00033896323,8192,0.0015229406,286.0222079623059,271.165468289743,1916,11733.003,3.9605758,975.2043,0.31510136,13766.18,4.6666455,8192,,,,,286.0222079623059,0.00054833165,271.165468289743,0.0005312068,-0.00038756142,-0.00056851155
1.0000407,0.00033899755,0,0.0015237642,286.0213331356164,271.166572199402,1917,11733.626,3.9605308,973.331,0.31493232,13767.969,4.667118,0,,,,,286.0213331356164,0.00054839393,271.166572199402,0.0005312531,-0.00023033589,-0.0007207137
0.9998374,0.00033889653,0,0.0015245879,286.02254291394087,271.16535014463716,1918,11731.489,3.960493,974.4539,0.31550452,13765.171,4.665727,0,,,,,286.02254291394087,0.00054838054,271.16535014463716,0.00053117826,-9.039211e-05,-0.00053006527
0.99959767,0.00033899536,0,0.0015254114,286.02194983435663,271.16578987481466,1919,11726.941,3.9599211,972.97485,0.31465027,13761.87,4.667088,0,,,,,286.02194983435663,0.0005483981,271.16578987481466,0.000531198,-3.088879e-05,-0.00048202978
1.0009538,0.00033910412,128,0.0015262348,286.02082178296297,271.1664274410125,1920,11743.446,3.9622567,971.6589,0.3154442,13780.541,4.6685853,128,,,,,286.02082178296297,0.0005469417,271.1664274410125,0.0005299779,-0.00017399037,1.5387217e-05
0.9998272,0.00033902287,0,0.0015270581,286.02133421019613,271.165574164063,1921,11730.403,3.960141,971.30133,0.31530768,13765.03,4.6674666,0,,,,,286.02133421019613,0.0005476126,271.165574164063,0.000530505,-0.0005532163,0.00017751464
0.99995136,0.00033903317,0,0.0015278814,286.0214689811825,271.1663571344774,1922,11731.6045,3.9603233,973.1782,0.31524518,13766.739,4.6676083,0,,,,,286.0214689811825,0.000547996,271.1663571344774,0.0005308661,-0.00035828454,0.00019009454
1.0002285,0.00033898806,0,0.0015287045,286.02253114165717,271.16665838423404,1923,11734.837,3.960603,973.8654,0.31513685,13770.555,4.6669874,0,,,,,286.02253114165717,0.0005479097,271.16665838423404,0.0005308552,-0.00042106785,-2.096706e-05
0.99966085,0.0003389417,0,0.0015295276,286.0215941223936,271.16583481476584,1924,11727.324,3.9601,973.39734,0.31515515,13762.74,4.666349,0,,,,,286.0215941223936,0.0005482927,271.16583481476584,0.0005312058,0.0,0.0
0.9999679,0.00033893314,0,0.0015303505,286.0216730497868,271.1660738333268,1925,11730.406,3.9601686,973.7229,0.31546527,13766.967,4.666231,0,,,,,286.0216730497868,0.0005482277,271.1660738333268,0.00053110765,4.292241e-05,-0.00019292424
0.9998929,0.00033898777,0,0.0015311735,286.0213608911088,271.1656016828387,1926,11730.514,3.9603033,975.15826,0.31497437,13765.935,4.666983,0,,,,,286.0213608911088,0.00054822175,271.1656016828387,0.0005311056,-0.000603593,0.0004769556
0.99938655,0.00033887327,0,0.0015319962,286.02219042636597,271.16758314604624,1927,11724.226,3.9598646,973.82025,0.31551588,13758.964,4.665407,0,,,,,286.02219042636597,0.00054822705,271.16758314604624,0.00053118315,-0.00038517316,0.00049615983
0.99967563,0.0003390235,0,0.0015328189,286.0211281502585,271.16730823200396,1928,11726.601,3.959926,973.4153,0.31544903,13762.943,4.667475,0,,,,,286.0211281502585,0.0005484319,271.16730823200396,0.0005314153,-0.00039942077,0.00077792763
0.9993625,0.00033887778,0,0.0015336416,286.02156074728765,271.1673729154831,1929,11722.21,3.959555,972.5198,0.31506366,13758.633,4.665469,0,,,,,286.02156074728765,0.0005483488,271.1673729154831,0.0005313241,-0.0006301806,0.0010986861
0.999324,0.00033891256,0,0.0015344641,286.0222805471293,271.1665650283079,1930,11722.214,3.9596288,973.71204,0.31533572,13758.103,4.665948,0,,,,,286.0222805471293,0.00054858957,271.1665650283079,0.00053144776,-0.00036317756,0.0010039475
0.9999713,0.00033893788,0,0.0015352865,286.0217221612424,271.1670385590737,1931,11730.596,3.9603024,972.49786,0.3158654,13767.014,4.6662965,0,,,,,286.0217221612424,0.0005479784,271.1670385590737,0.000530922,-0.00039543278,0.0005499094
0.99963915,0.00033894955,0,0.0015361089,286.02220368054753,271.16660361995133,1932,11726.608,3.9598641,973.0045,0.3154879,13762.441,4.666457,0,,,,,286.02220368054753,0.00054859027,271.16660361995133,0.00053152576,-0.00030990425,0.00081528525
0.99857014,0.00033886987,0,0.0015369311,286.02154271182087,271.1669474881333,1933,11713.891,3.9591618,973.2988,0.31547126,13747.724,4.66536,0,,,,,286.02154271182087,0.0005485932,271.1669474881333,0.00053155306,-0.0009572526,0.001128535
0.99988145,0.00033885494,0,0.0015377534,286.0215156784203,271.1677507176924,1934,11729.5205,3.960374,973.6614,0.31545445,13765.777,4.6651545,0,,,,,286.0215156784203,0.00054821745,271.1677507176924,0.000531279,-0.0007935973,0.0013395749
0.9999826,0.00033895246,0,0.0015385755,286.02116402032465,271.16723001034467,1935,11729.978,3.9601576,973.3993,0.31527472,13767.17,4.666497,0,,,,,286.02116402032465,0.0005477109,271.16723001034467,0.00053072994,-0.001101387,0.0015557627
0.9995787,0.00033889434,0,0.0015393975,286.0215656526113,271.16833194930194,1936,11725.712,3.9598353,973.55786,0.31522614,13761.609,4.665697,0,,,,,286.0215656526113,0.0005481473,271.16833194930194,0.0005311093,-0.00055267813,0.0012894347
0.999698,0.00033899272,0,0.0015402194,286.0210005372841,271.1663906948922,1937,11725.988,3.9600046,972.9492,0.31534338,13763.251,4.6670513,0,,,,,286.0210005372841,0.00054832397,271.1663906948922,0.00053127494,-0.00054963655,0.0011169049
0.9996343,0.00033896466,0,0.0015410413,286.02083577847196,271.1681413657696,1938,11725.475,3.9598935,972.7055,0.31460112,13762.375,4.666665,0,,,,,286.02083577847196,0.00054846366,271.1681413657696,0.00053145224,-0.0007004645,0.0013430972
0.99982196,0.00033902767,0,0.001541863,286.02096538872587,271.1670338191299,1939,11726.134,3.9599721,974.1212,0.3158371,13764.958,4.6675324,0,,,,,286.02096538872587,0.00054862327,271.1670338191299,0.0005315857,-0.0007241565,0.0016922964
0.99893636,0.00033886015,0,0.0015426846,286.02215249928395,271.16762682101876,1940,11715.927,3.9591928,974.0449,0.3151088,13752.766,4.6652265,0,,,,,286.02215249928395,0.0005486476,271.16762682101876,0.0005316773,-0.0007028582,0.0018949889
0.9993349,0.00033893905,0,0.0015435062,286.0218370765102,271.1669592551351,1941,11720.446,3.9596202,974.2718,0.3148331,13758.252,4.6663127,0,,,,,286.0218370765102,0.00054854027,271.1669592551351,0.0005314803,-0.00070673827,0.0017667542
0.99978054,0.00033882368,0,0.0015443277,286.0218422174258,271.16703063684264,1942,11727.732,3.9601603,973.4748,0.31531012,13764.388,4.6647243,0,,,,,286.0218422174258,0.0005481202,271.16703063684264,0.0005310642,-0.0008027564,0.0016127661
0.9993815,0.00033895025,0,0.0015451491,286.02225826435614,271.16609176194106,1943,11720.866,3.9599948,977.50916,0.31566,13758.894,4.6664667,0,,,,,286.02225826435614,0.00054864,271.16609176194106,0.0005315063,-0.00037925944,0.001333469
0.9994638,0.00033888707,0,0.0015459703,286.021953916251,271.1676396528732,1944,11722.819,3.959623,974.9475,0.3154166,13760.027,4.665597,0,,,,,286.021953916251,0.00054822507,271.1676396528732,0.00053127116,-0.00067680806,0.0014834541
1.000088,0.00033899926,0,0.0015467915,286.02162652696575,271.1691812265628,1945,11728.952,3.960159,973.6395,0.3154151,13768.621,4.6671414,0,,,,,286.02162652696575,0.00054790126,271.1691812265628,0.0005309811,-0.0007707044,0.0021437735
0.99978834,0.00033883587,0,0.0015476127,286.02180860360727,271.1671304604265,1946,11726.546,3.9599102,973.6126,0.31521586,13764.495,4.664892,0,,,,,286.02180860360727,0.0005481258,271.1671304604265,0.0005311368,-0.0010896507,0.002120159
1.0000495,0.00033893515,0,0.0015484337,286.0211467082098,271.1663854826334,1947,11728.761,3.9601252,973.6782,0.31503192,13768.09,4.666259,0,,,,,286.0211467082098,0.00054828986,271.1663854826334,0.0005312655,-0.0004707776,0.0013186446
0.9995733,0.00033883774,0,0.0015492546,286.02205661076846,271.1686804201881,1948,11723.567,3.9599473,973.3934,0.31552628,13761.534,4.664918,0,,,,,286.02205661076846,0.000548384,271.1686804201881,0.0005313363,-0.0010154664,0.0026816155
0.99945986,0.00033885025,0,0.0015500755,286.0217338314023,271.16744545786275,1949,11721.501,3.9597127,973.64905,0.31549644,13759.973,4.66509,0,,,,,286.0217338314023,0.0005485397,271.16744545786275,0.00053156423,-0.0008882878,0.0024245756
0.9995217,0.0003388304,0,0.0015508963,286.0234045962086,271.16920445043456,1950,11722.596,3.9596515,973.9486,0.31527045,13760.824,4.664817,0,,,,,286.0234045962086,0.00054848014,271.16920445043456,0.00053155445,-0.00040512075,0.002178878
0.9992137,0.00033881154,0,0.0015517169,286.0216209616344,271.1686870855855,1951,11718.202,3.959353,974.1177,0.31474748,13756.584,4.664557,0,,,,,286.0216209616344,0.0005487929,271.1686870855855,0.0005318269,-0.00077415956,0.0022413768
0.99936867,0.0003388819,0,0.0015525375,286.0217798997726,271.167803091439,1952,11719.105,3.959451,973.4194,0.31517792,13758.718,4.6655254,0,,,,,286.0217798997726,0.0005485127,271.167803091439,0.0005316599,-0.00069506315,0.0025751935
0.999421,0.00033888462,0,0.001553358,286.02208145403796,271.16826594629714,1953,11719.335,3.9594014,973.959,0.3151581,13759.4375,4.665563,0,,,,,286.02208145403796,0.00054850953,271.16826594629714,0.00053149747,-0.0004924243,0.002173419
0.9995295,0.00033879437,0,0.0015541784,286.02292005552704,271.16764305818367,1954,11722.235,3.9595182,973.2938,0.31536892,13760.932,4.664321,0,,,,,286.02292005552704,0.00054801785,271.16764305818367,0.0005311126,-0.00067228166,0.0024227155
0.9989751,0.0003388061,0,0.0015549987,286.0219901067499,271.1681803518469,1955,11715.027,3.958992,973.31903,0.3148862,13753.299,4.664482,0,,,,,286.0219901067499,0.0005485956,271.1681803518469,0.00053160667,-0.0005510171,0.0022655795
0.9991811,0.0003386719,0,0.001555819,286.02086298856744,271.16907148029526,1956,11717.881,3.9593651,973.8357,0.315322,13756.135,4.662635,0,,,,,286.02086298856744,0.00054850604,271.16907148029526,0.0005316117,-0.0010835074,0.0028247966
0.9988628,0.000338691,0,0.0015566391,286.02211953790214,271.16797298884165,1957,11714.084,3.9588456,972.7958,0.3150233,13751.753,4.6628976,0,,,,,286.02211953790214,0.00054858264,271.16797298884165,0.0005316948,-0.0008311218,0.0025190641
0.99985325,0.0003388741,0,0.0015574591,286.02156182913495,271.16840674490174,1958,11725.258,3.959736,974.76404,0.31506652,13765.389,4.665418,0,,,,,286.02156182913495,0.00054829544,271.16840674490174,0.00053131115,-0.00034567286,0.0024140838
0.99944127,0.00033886265,0,0.001558279,286.0217971338191,271.16805506655453,1959,11719.565,3.9593828,973.5969,0.31526297,13759.717,4.665261,0,,,,,286.0217971338191,0.0005486096,271.16805506655453,0.0005316246,-0.00048245396,0.0023293037
0.99967724,0.00033891917,0,0.001559099,286.02209487336614,271.16863469122364,1960,11722.021,3.959453,973.8348,0.31529877,13762.966,4.666039,0,,,,,286.02209487336614,0.0005483797,271.16863469122364,0.0005313999,-0.0005059171,0.0023754863
0.99979615,0.00033907476,128,0.0015599187,286.0221688555928,271.1673435724506,1961,11722.631,3.9609733,974.3483,0.31472546,13764.603,4.668181,128,,,,,286.0221688555928,0.000548164,271.1673435724506,0.0005312039,-0.00013113246,0.0018438065
0.99933815,0.0003389374,0,0.0015607383,286.0222766016739,271.1682432796544,1962,11717.778,3.9593697,974.0902,0.31521532,13758.297,4.66629,0,,,,,286.0222766016739,0.00054916565,271.1682432796544,0.0005321485,-0.00040873105,0.0020929424
0.9991673,0.00033886541,0,0.001561558,286.02246018714567,271.1682938458957,1963,11716.131,3.9590888,972.5346,0.315243,13755.945,4.665299,0,,,,,286.02246018714567,0.00054828933,271.1682938458957,0.00053134415,-0.0005518187,0.0022860242
0.9997351,0.00033897196,0,0.0015623774,286.0228715363464,271.16759044596955,1964,11721.687,3.959557,973.1349,0.31548387,13763.763,4.6667657,0,,,,,286.0228715363464,0.00054804987,271.16759044596955,0.0005309954,0.00014469487,0.0017246872
0.9996424,0.00033890753,0,0.0015631969,286.02144711765834,271.16954030526387,1965,11720.7705,3.9595835,973.17017,0.31498286,13762.485,4.665879,0,,,,,286.02144711765834,0.0005482362,271.16954030526387,0.0005312437,-0.00048299148,0.0024691396
0.99932843,0.00033874714,0,0.0015640161,286.02172610405046,271.1685677828691,1966,11717.442,3.959202,973.2276,0.31496972,13758.163,4.6636705,0,,,,,286.02172610405046,0.00054822216,271.1685677828691,0.0005312772,-0.00053890096,0.0027411496
1.0003576,0.0003389709,0,0.0015648354,286.02376762092763,271.1672969882004,1967,11729.059,3.9601264,973.3554,0.31551522,13772.332,4.666751,0,,,,,286.02376762092763,0.00054816937,271.1672969882004,0.0005308879,-0.00010626178,0.0021989474
1.0001457,0.0003388324,0,0.0015656545,286.022048345559,271.168771234596,1968,11725.307,3.9597037,972.4166,0.3148473,13769.415,4.6648445,0,,,,,286.022048345559,0.00054802245,271.168771234596,0.0005311482,8.244456e-05,0.0022972645
0.99921674,0.00033883026,0,0.0015664735,286.0230278546033,271.16683414030547,1969,11715.217,3.959088,972.5068,0.31559938,13756.626,4.664815,0,,,,,286.0230278546033,0.0005484967,271.16683414030547,0.0005313956,-0.00033867176,0.002665767
1.0000716,0.00033892665,0,0.0015672925,286.02434408504814,271.1678041676809,1970,11725.432,3.9597359,972.64496,0.3155662,13768.3955,4.666142,0,,,,,286.02434408504814,0.00054810965,271.1678041676809,0.0005311852,-0.00033083098,0.00251108
0.9996372,0.0003389014,0,0.0015681114,286.02269798011724,271.1671934015413,1971,11720.411,3.9593425,972.6502,0.31532794,13762.414,4.665794,0,,,,,286.02269798011724,0.0005485342,271.1671934015413,0.0005315008,1.4552056e-05,0.0021020914
0.99911845,0.000338854,0,0.0015689301,286.02199017090584,271.16898935389105,1972,11714.504,3.9589727,973.6854,0.3152421,13755.272,4.6651416,0,,,,,286.02199017090584,0.0005487767,271.16898935389105,0.0005318197,-0.00034568034,0.0024837323
0.9991603,0.0003387981,0,0.0015697487,286.0213166316594,271.1690726468652,1973,11714.851,3.9590416,972.84656,0.31530032,13755.849,4.664372,0,,,,,286.0213166316594,0.00054817996,271.1690726468652,0.0005313172,-3.5925903e-05,0.00255741
0.99945736,0.00033888366,0,0.0015705674,286.0227847436631,271.1682770502576,1974,11718.013,3.9591322,972.1841,0.3151974,13759.938,4.66555,0,,,,,286.0227847436631,0.0005482709,271.1682770502576,0.00053127407,-0.00018623065,0.0026888542
0.9997614,0.0003389207,8192,0.0015713859,286.02297462716933,271.1685878679328,1975,11721.445,3.9595394,972.48846,0.31512085,13764.124,4.66606,8192,,,,,286.02297462716933,0.00054847955,271.1685878679328,0.0005314427,0.00014793307,0.0022836542
0.9992982,0.00033887554,0,0.0015730226,286.0229408900269,271.1693574303235,1977,11715.48,3.9589982,972.3433,0.31511432,13757.747,4.665438,0,,,,,286.0229408900269,0.0005485357,271.1693574303235,0.0005315937,-6.114842e-05,0.0025438555
0.99910253,0.00033882158,0,0.0015738407,286.02327686632054,271.1683320793304,1978,11712.732,3.9589243,973.12646,0.31515458,13755.054,4.6646953,0,,,,,286.02327686632054,0.00054847024,271.1683320793304,0.0005314552,-0.0001870826,0.0027016602
0.9996257,0.00033883564,0,0.0015746589,286.02262119218796,271.16903037498554,1979,11717.6045,3.9592059,973.6343,0.315072,13762.256,4.664889,0,,,,,286.02262119218796,0.0005480794,271.16903037498554,0.0005311945,0.000121266436,0.0028807838
0.9992558,0.0003388357,0,0.001575477,286.02327551722794,271.1690230654576,1980,11713.344,3.9588683,971.7057,0.3152945,13757.163,4.66489,0,,,,,286.02327551722794,0.0005485623,271.1690230654576,0.00053158234,0.0002987072,0.0024948784
0.9990945,0.00033877493,0,0.0015762949,286.02287947270236,271.16832207331953,1981,11712.566,3.9587889,973.195,0.3150668,13754.942,4.664053,0,,,,,286.02287947270236,0.0005486228,271.16832207331953,0.0005317478,-0.00015117419,0.0030745699
0.9988595,0.00033866905,0,0.0015771127,286.0216418046785,271.16885065617436,1982,11709.695,3.9585593,972.4504,0.3151735,13751.708,4.6625953,0,,,,,286.0216418046785,0.00054831675,271.16885065617436,0.0005314478,-0.00080204254,0.0034722139
0.9999719,0.00033885895,128,0.0015779304,286.02182727442136,271.1695381511601,1983,11723.184,3.9609644,973.47003,0.3156672,13767.022,4.66521,128,,,,,286.02182727442136,0.0005481783,271.1695381511601,0.00053136324,-0.00045562757,0.0032092687
0.9989907,0.00033881507,0,0.0015787481,286.02261982571116,271.1690178896174,1984,11710.434,3.9588354,974.81,0.3151828,13753.514,4.6646056,0,,,,,286.02261982571116,0.0005488033,271.1690178896174,0.0005319173,-0.00036294022,0.0033107777
0.99938786,0.00033885986,0,0.0015795656,286.0229259660471,271.1685295275928,1985,11714.842,3.9589307,972.76416,0.31513205,13758.981,4.665222,0,,,,,286.0229259660471,0.00054836686,271.1685295275928,0.0005314041,-0.0004700651,0.003776909
0.9997598,0.0003388603,0,0.001580383,286.02181364118576,271.1699786800552,1986,11718.476,3.9593234,972.5567,0.31485564,13764.103,4.6652284,0,,,,,286.02181364118576,0.00054822734,271.1699786800552,0.0005313715,-0.0005931779,0.00391442
0.9991139,0.00033874417,0,0.0015812005,286.0224487734842,271.16908172059806,1987,11711.55,3.958684,973.1445,0.3153371,13755.21,4.6636295,0,,,,,286.0224487734842,0.0005484961,271.16908172059806,0.0005315705,-0.0007706235,0.0037303283
0.99955577,0.0003388166,8192,0.0015820178,286.0221328775341,271.16933816026346,1988,11717.129,3.9591517,973.27734,0.3153006,13761.293,4.664627,8192,,,,,286.0221328775341,0.00054834643,271.16933816026346,0.00053151336,-0.0006352994,0.0032745951
0.99937063,0.0003388863,0,0.001582835,286.0227972259106,271.1693074218062,1989,11714.682,3.9589875,972.9049,0.3152881,13758.744,4.6655865,0,,,,,286.0227972259106,0.000548298,271.1693074218062,0.00053126086,-0.00042554186,0.0032732503
0.99927217,0.00033884187,0,0.001583652,286.0222158364625,271.16954885121737,1990,11712.987,3.959003,973.76575,0.3153982,13757.389,4.6649747,0,,,,,286.0222158364625,0.000548478,271.16954885121737,0.0005317293,-0.0008337036,0.0035322292
0.99994564,0.00033888718,0,0.0015844691,286.02243320704076,271.17017294348136,1991,11721.269,3.9594533,973.2344,0.3151838,13766.661,4.6655984,0,,,,,286.02243320704076,0.00054830115,271.17017294348136,0.0005314477,-0.0004077029,0.003512121
0.9992109,0.00033886635,0,0.001585286,286.0224352947597,271.16790152107257,1992,11710.802,3.9587185,973.14026,0.31549555,13756.545,4.665312,0,,,,,286.0224352947597,0.0005487373,271.16790152107257,0.0005318046,4.767281e-05,0.0030670958
0.9996683,0.00033882185,0,0.0015861028,286.0233358161926,271.16988646956236,1993,11716.254,3.9590752,972.9309,0.31530073,13762.843,4.664699,0,,,,,286.0233358161926,0.0005486965,271.16988646956236,0.0005317538,-5.9988943e-05,0.0035379145
0.99908334,0.00033871908,0,0.0015869195,286.0229506242097,271.1702753377629,1994,11710.6045,3.958597,971.6807,0.315269,13754.789,4.6632843,0,,,,,286.0229506242097,0.000548646,271.1702753377629,0.00053177436,-0.00029910106,0.0036712345
1.0001752,0.0003389844,0,0.0015877361,286.0227313943573,271.1695489171895,1995,11722.104,3.9594784,972.3725,0.31499442,13769.822,4.666937,0,,,,,286.0227313943573,0.0005487482,271.1695489171895,0.0005317654,0.0010358538,0.0026030084
0.99918604,0.0003389091,0,0.0015885526,286.02358721644816,271.1684139215063,1996,11710.403,3.9585986,971.4338,0.31537926,13756.203,4.6659,0,,,,,286.02358721644816,0.0005489263,271.1684139215063,0.00053187326,0.0010103909,0.0025888106
0.999655,0.000338877,0,0.0015893691,286.02219735218284,271.1678023450598,1997,11716.03,3.958973,972.3058,0.31523305,13762.659,4.665458,0,,,,,286.02219735218284,0.0005485411,271.1678023450598,0.00053151464,0.0012433376,0.0024952614
0.9994765,0.00033888774,0,0.0015901854,286.02349227145186,271.168955492392,1998,11713.704,3.9589674,973.01587,0.3153546,13760.202,4.665606,0,,,,,286.02349227145186,0.00054860505,271.168955492392,0.00053162297,0.0014088727,0.0020769443
1.0000279,0.0003388811,0,0.0015910016,286.0240709847257,271.16880562686885,1999,11719.031,3.959378,973.1532,0.31548086,13767.794,4.665515,0,,,,,286.0240709847257,0.00054880284,271.16880562686885,0.00053175504,0.0013740741,0.0024106083
0.999686,0.00033883483,0,0.0015918178,286.0229678643612,271.16824359196215,2000,11714.951,3.9590712,972.8956,0.31514022,13763.086,4.664878,0,,,,,286.0229678643612,0.0005490627,271.16824359196215,0.0005320545,0.0011557337,0.002488173
0.9993169,0.00033884635,0,0.0015926339,286.0234993023945,271.1680908598367,2001,11711.529,3.958737,972.25165,0.31507847,13758.004,4.665036,0,,,,,286.0234993023945,0.0005490814,271.1680908598367,0.00053201424,0.0014784207,0.0021033385
0.9997605,0.00033888008,0,0.0015934499,286.02270406778507,271.1686332839897,2002,11717.537,3.9590695,971.85,0.3151174,13764.112,4.6655006,0,,,,,286.02270406778507,0.000548325,271.1686332839897,0.00053132157,0.00086230267,0.002618379
1.0000461,0.00033889947,0,0.0015942658,286.0237631344213,271.16910995224515,2003,11719.874,3.9591708,971.8419,0.3151208,13768.044,4.6657677,0,,,,,286.0237631344213,0.0005483606,271.16910995224515,0.0005313282,0.0010996206,0.0026987307
0.99922025,0.0003388926,0,0.0015950815,286.0244489133477,271.16937935547236,2004,11710.089,3.9586651,971.05676,0.31541154,13756.674,4.6656733,0,,,,,286.0244489133477,0.00054875115,271.16937935547236,0.0005318456,0.0010210199,0.0024517109
0.9997601,0.00033892642,0,0.0015958973,286.0245332287247,271.16912019673606,2005,11715.822,3.9589763,971.2468,0.3151474,13764.106,4.6661386,0,,,,,286.0245332287247,0.0005489791,271.16912019673606,0.00053194974,0.00086573086,0.0028671206
0.99959993,0.00033890526,0,0.0015967129,286.0227895855947,271.16842982145505,2006,11712.5205,3.9587667,971.1656,0.31519967,13761.901,4.6658473,0,,,,,286.0227895855947,0.0005484439,271.16842982145505,0.0005315479,0.0009941525,0.00289948
0.9999433,0.00033886466,0,0.0015975283,286.0230213691539,271.1678466480961,2007,11716.929,3.95904,971.48444,0.31559172,13766.629,4.6652884,0,,,,,286.0230213691539,0.000548237,271.1678466480961,0.0005312056,0.0011559504,0.0032341173
0.9994752,0.0003389043,0,0.0015983437,286.02338782045416,271.1684264893677,2008,11711.584,3.9586883,971.5895,0.31512257,13760.184,4.665834,0,,,,,286.02338782045416,0.0005488442,271.1684264893677,0.00053174136,0.0011506908,0.0027958504
1.0002005,0.00033890453,0,0.001599159,286.0234250597109,271.1689731491852,2009,11720.92,3.9594378,971.5013,0.31502563,13770.169,4.6658373,0,,,,,286.0234250597109,0.0005485937,271.1689731491852,0.0005317468,0.0011548548,0.002771172
0.9988109,0.00033884408,0,0.0015999742,286.0238685699048,271.1694115183166,2010,11704.259,3.9580379,970.7536,0.31521314,13751.038,4.665005,0,,,,,286.0238685699048,0.0005490521,271.1694115183166,0.00053203705,0.00090994954,0.0029368836
0.99939656,0.0003388361,0,0.0016007894,286.0235881867593,271.1691464219473,2011,11711.169,3.958493,971.3874,0.31466475,13759.102,4.6648955,0,,,,,286.0235881867593,0.00054885825,271.1691464219473,0.0005319279,0.00055444165,0.0033695423
0.9999499,0.0003389424,128,0.0016016044,286.0230264149678,271.167978104806,2012,11717.561,3.959552,970.83264,0.31561297,13766.719,4.6663585,128,,,,,286.0230264149678,0.0005476318,271.167978104806,0.00053078675,0.00018571956,0.0037875117
0.9995102,0.00033879615,8192,0.0016024193,286.0224517857225,271.1709624238602,2013,11711.711,3.9586024,971.2889,0.315247,13760.666,4.6643453,8192,,,,,286.0224517857225,0.00054861204,271.1709624238602,0.00053175783,0.0003318752,0.003879175
0.9987485,0.00033871995,0,0.0016032341,286.0243830452347,271.1699152091572,2014,11701.655,3.957726,971.12976,0.3146778,13750.179,4.663296,0,,,,,286.0243830452347,0.0005493965,271.1699152091572,0.00053237943,0.0006511772,0.003932152
0.999698,0.0003388553,0,0.0016040489,286.0240233013955,271.1699221759725,2015,11713.161,3.9587343,970.67377,0.31490332,13763.251,4.665159,0,,,,,286.0240233013955,0.0005482096,271.1699221759725,0.00053137,0.0006193183,0.0040822695
0.99895364,0.00033879964,0,0.0016048634,286.0238785911658,271.1688693302068,2016,11704.615,3.9579496,970.719,0.31534475,13753.004,4.6643934,0,,,,,286.0238785911658,0.00054888654,271.1688693302068,0.00053190213,0.001149534,0.0032785046
0.9990834,0.00033880753,0,0.001605678,286.0232014111264,271.16901408747106,2017,11705.99,3.9581604,971.4741,0.3148258,13754.79,4.6645017,0,,,,,286.0232014111264,0.00054913416,271.16901408747106,0.0005321576,0.0008371302,0.0035951203
0.9996765,0.00033890692,0,0.0016064924,286.0236737139963,271.1695555600101,2018,11712.755,3.9585938,971.7904,0.3153015,13762.956,4.66587,0,,,,,286.0236737139963,0.00054863485,271.1695555600101,0.00053169875,0.00054917176,0.003698897
0.9988875,0.00033882752,0,0.0016073069,286.02295077695885,271.17010270176644,2019,11704.213,3.9578447,969.78827,0.31528226,13752.093,4.6647773,0,,,,,286.02295077695885,0.0005485432,271.17010270176644,0.0005316569,0.00072014466,0.0034989081
1.000762,0.0003389344,0,0.0016081211,286.0215169215083,271.1684542028031,2020,11724.63,3.9594426,970.06036,0.3154941,13777.899,4.6662483,0,,,,,286.0215169215083,0.00054776284,271.1684542028031,0.0005308853,0.00048194703,0.0039477693
0.9997054,0.0003388007,0,0.0016089353,286.0245140019779,271.1698977653804,2021,11711.648,3.9585648,970.34515,0.3152628,13763.353,4.6644077,0,,,,,286.0245140019779,0.00054866145,271.1698977653804,0.00053154,0.0010312566,0.0039950027
0.9994652,0.0003387904,0,0.0016097493,286.023389107727,271.16994133785226,2022,11708.602,3.9582264,969.3546,0.31526268,13760.047,4.664266,0,,,,,286.023389107727,0.0005487811,271.16994133785226,0.0005318072,0.00092066475,0.0036379953
0.9996377,0.00033878064,0,0.0016105633,286.02333021261484,271.1678054473204,2023,11710.992,3.9584272,970.465,0.3153379,13762.422,4.6641316,0,,,,,286.02333021261484,0.00054852606,271.1678054473204,0.0005315543,0.0012331225,0.003303377
1.0002402,0.00033892665,0,0.0016113771,286.0235596984113,271.1703251694449,2024,11718.099,3.9590814,970.948,0.31520748,13770.717,4.666142,0,,,,,286.0235596984113,0.00054855365,271.1703251694449,0.00053169683,0.0008541348,0.0036554553
0.99978167,0.00033877193,0,0.001612191,286.025382514763,271.17021169231526,2025,11713.382,3.9588869,971.39233,0.31529507,13764.403,4.664012,0,,,,,286.025382514763,0.00054890435,271.17021169231526,0.00053192995,0.0013853565,0.0034337582
0.99998033,0.00033877406,0,0.0016130046,286.02401955524346,271.169677397026,2026,11714.508,3.9587388,969.9968,0.3153679,13767.139,4.664041,0,,,,,286.02401955524346,0.00054849335,271.169677397026,0.0005315732,0.0015646934,0.0033336051
0.99924356,0.00033883567,0,0.0016138182,286.0246327803256,271.1704705750102,2027,11705.719,3.9579225,970.1605,0.3147707,13756.995,4.6648893,0,,,,,286.0246327803256,0.0005491403,271.1704705750102,0.00053224585,0.0010032308,0.0039811283
1.000107,0.00033879667,0,0.0016146316,286.0243813732505,271.1697453496868,2028,11714.399,3.9585392,968.43555,0.31505919,13768.883,4.6643524,0,,,,,286.0243813732505,0.00054821826,271.1697453496868,0.00053133216,0.0014553757,0.0039109825
1.0001794,0.00033888748,0,0.001615445,286.02447916704244,271.16953246860857,2029,11715.234,3.9588065,969.9098,0.314989,13769.88,4.6656027,0,,,,,286.02447916704244,0.00054846896,271.16953246860857,0.00053159683,0.0013928799,0.004201575
1.0000393,0.00033889743,0,0.0016162583,286.0251493709366,271.1696560471906,2030,11714.039,3.9586363,969.83527,0.31523746,13767.95,4.6657395,0,,,,,286.0251493709366,0.0005488164,271.1696560471906,0.0005318645,0.0017507193,0.003284209
0.99971575,0.00033890532,0,0.0016170716,286.02496551418034,271.16958334545143,2031,11711.169,3.9583247,970.26654,0.31490254,13763.496,4.6658483,0,,,,,286.02496551418034,0.0005483102,271.16958334545143,0.0005313824,0.001693812,0.0035074325
0.99928296,0.00033883844,0,0.0016178846,286.0248443728073,271.17030254966954,2032,11705.491,3.957981,969.89417,0.31515086,13757.537,4.6649275,0,,,,,286.0248443728073,0.00054838374,271.17030254966954,0.0005314845,0.0014175124,0.0036707832
0.9997372,0.00033885828,0,0.0016186977,286.0230970447769,271.1691710787549,2033,11711.223,3.9582586,969.695,0.31503645,13763.791,4.6652007,0,,,,,286.0230970447769,0.0005482693,271.1691710787549,0.00053123303,0.0011790843,0.0036681031
1.0004723,0.00033892645,0,0.0016195106,286.02515337812974,271.1702163606989,2034,11718.713,3.959043,969.7412,0.31521276,13773.911,4.666139,0,,,,,286.02515337812974,0.0005484667,271.1702163606989,0.00053151225,0.001576324,0.0034286492
0.99915236,0.00033871908,0,0.0016203234,286.0244058281571,271.17039690196646,2035,11702.435,3.9577262,970.3794,0.31516087,13755.739,4.6632843,0,,,,,286.0244058281571,0.0005486381,271.17039690196646,0.0005318032,0.0017339009,0.0036224225
0.99957234,0.00033874996,0,0.0016211361,286.02382860011676,271.16991112293533,2036,11707.152,3.9579997,969.1113,0.31522524,13761.521,4.663709,0,,,,,286.02382860011676,0.0005489348,271.16991112293533,0.0005319832,0.001319339,0.003912857
0.9998763,0.00033886076,0,0.0016219487,286.02426964585106,271.1696561737906,2037,11711.431,3.9583702,969.978,0.31548995,13765.706,4.6652346,0,,,,,286.02426964585106,0.0005486341,271.1696561737906,0.00053169765,0.0014790846,0.0039757867
0.99943423,0.00033882822,8192,0.0016227611,286.02464504294255,271.1711848635255,2038,11706.12,3.9579947,968.94415,0.31562424,13759.62,4.664787,8192,,,,,286.02464504294255,0.00054862094,271.1711848635255,0.0005316668,0.0014957595,0.0037337886
0.99958074,0.00033878005,0,0.0016235736,286.0238103327671,271.1710001431698,2039,11708.114,3.9581342,970.5948,0.3149169,13761.637,4.6641235,0,,,,,286.0238103327671,0.00054901565,271.1710001431698,0.00053210196,0.0011731017,0.0039569815
0.9998753,0.0003389045,0,0.001624386,286.02462050874755,271.170307389805,2040,11711.307,3.9582202,969.7119,0.31512344,13765.692,4.665837,0,,,,,286.02462050874755,0.0005488527,271.170307389805,0.0005319111,0.0012803354,0.0035742763
0.99918866,0.00033886379,0,0.0016251982,286.02414359015256,271.1696454189255,2041,11703.948,3.9577873,968.74744,0.3151052,13756.239,4.6652765,0,,,,,286.02414359015256,0.0005493564,271.1696454189255,0.0005323849,0.0013922205,0.0036097777
0.99926394,0.00033875092,0,0.0016260103,286.0237564756278,271.1694982865396,2042,11703.722,3.9578707,970.47076,0.3152788,13757.275,4.6637225,0,,,,,286.0237564756278,0.00054918806,271.1694982865396,0.00053223944,0.0013291042,0.003407693
0.9996025,0.0003385608,0,0.0016268223,286.0247208983534,271.17090495391597,2043,11707.043,3.9581068,969.60864,0.31516224,13761.937,4.661105,0,,,,,286.0247208983534,0.00054874975,271.17090495391597,0.0005319247,0.0016870967,0.0036867973
0.9995455,0.00033874164,0,0.0016276342,286.0243157767588,271.1696093497399,2044,11705.473,3.9578362,969.9367,0.3151828,13761.152,4.6635947,0,,,,,286.0243157767588,0.00054872804,271.1696093497399,0.00053180475,0.0015083351,0.003592276
1.0006311,0.0003387233,0,0.001628446,286.02427139107124,271.16964980797377,2045,11719.593,3.958984,968.53986,0.31502628,13776.098,4.6633425,0,,,,,286.02427139107124,0.0005479314,271.16964980797377,0.0005311002,0.0018442546,0.0033484357
1.0002909,0.00033888474,0,0.0016292578,286.02525399974974,271.1704951626602,2046,11715.013,3.9586256,969.7317,0.31515348,13771.414,4.665565,0,,,,,286.02525399974974,0.0005486268,271.1704951626602,0.0005317227,0.0016498538,0.003228092
0.99973977,0.00033861425,0,0.0016300693,286.02587405430535,271.17034160136967,2047,11708.408,3.9580817,968.59125,0.31511337,13763.826,4.661841,0,,,,,286.02587405430535,0.0005488658,271.17034160136967,0.0005318593,0.0018230453,0.0034796442
0.9992137,0.0003387539,0,0.0016308809,286.02429417481085,271.1706701458914,2048,11702.373,3.9577262,970.0645,0.31527168,13756.584,4.6637635,0,,,,,286.02429417481085,0.0005491345,271.1706701458914,0.00053228677,0.0014779372,0.0034643803
1.0001614,0.00033883535,0,0.0016316923,286.0235766399044,271.1708565673189,2049,11713.825,3.9585228,967.835,0.31490898,13769.631,4.664885,0,,,,,286.0235766399044,0.0005483321,271.1708565673189,0.0005314812,0.0017288064,0.0035740202
0.99962056,0.00033861178,0,0.0016325037,286.02300802417676,271.1702267158507,2050,11705.825,3.9579926,970.4729,0.31498832,13762.186,4.661807,0,,,,,286.02300802417676,0.0005488366,271.1702267158507,0.0005319784,0.0016182135,0.0035916343
1.0000297,0.00033869047,0,0.0016333149,286.02490620503,271.17090743531406,2051,11710.144,3.9582694,969.0478,0.31518057,13767.817,4.6628904,0,,,,,286.02490620503,0.0005488089,271.17090743531406,0.0005319361,0.001291495,0.0041587665
0.9992428,0.000338748,0,0.0016341261,286.02550147363024,271.17063562587396,2052,11701.872,3.9576447,969.5141,0.31518143,13756.984,4.6636825,0,,,,,286.02550147363024,0.0005491549,271.17063562587396,0.0005323355,0.0013268533,0.0041175187
0.9994984,0.00033874152,0,0.0016349371,286.0247687500067,271.16912662193226,2053,11704.895,3.9579277,968.4951,0.31533992,13760.504,4.6635933,0,,,,,286.0247687500067,0.0005488308,271.16912662193226,0.0005319327,0.00140044,0.0037802272
0.99869573,0.00033873803,0,0.0016357481,286.02495445198383,271.170101191155,2054,11695.7295,3.9570868,968.4595,0.31557024,13749.453,4.663545,0,,,,,286.02495445198383,0.00054896,271.170101191155,0.00053206156,0.0009367048,0.004324371
0.9993154,0.00033868483,8192,0.0016365589,286.02509056684545,271.17077918308246,2055,11702.855,3.957688,968.478,0.31485724,13757.983,4.6628127,8192,,,,,286.02509056684545,0.00054919044,271.17077918308246,0.00053224707,0.00124998,0.0038667328
0.9999402,0.00033879388,0,0.0016373696,286.0251216110268,271.1701041119244,2056,11709.518,3.9582415,968.876,0.31501138,13766.586,4.664314,0,,,,,286.0251216110268,0.0005488382,271.1701041119244,0.00053190545,0.0015697839,0.0035460547
0.9991524,0.00033870302,0,0.0016381802,286.0241570723003,271.1708040802421,2057,11700.308,3.9575245,969.0667,0.31512755,13755.74,4.663063,0,,,,,286.0241570723003,0.00054928084,271.1708040802421,0.000532355,0.0011580918,0.003993516
0.99977285,0.0003387387,0,0.0016389908,286.0254140649224,271.1706532258504,2058,11706.988,3.9580634,967.5307,0.31552687,13764.282,4.663554,0,,,,,286.0254140649224,0.00054881035,271.1706532258504,0.0005318516,0.0013320921,0.0040879934
0.9996286,0.00033862406,0,0.0016398012,286.0263281669388,271.1703554928758,2059,11703.6045,3.9576855,967.9857,0.31486905,13762.296,4.661976,0,,,,,286.0263281669388,0.00054869545,271.1703554928758,0.0005318116,0.001704305,0.004110401
0.99995977,0.00033869623,0,0.0016406116,286.0258188602548,271.17162464276805,2060,11707.92,3.9580057,968.6257,0.31459638,13766.855,4.6629696,0,,,,,286.0258188602548,0.0005492688,271.17162464276805,0.0005323988,0.0018962232,0.0040068747
0.9996126,0.00033867062,0,0.0016414218,286.0246660065814,271.17061880947284,2061,11705.002,3.957905,969.02765,0.3148744,13762.076,4.662617,0,,,,,286.0246660065814,0.0005489014,271.17061880947284,0.0005320823,0.0015798286,0.0037600913
1.0002166,0.00033866477,0,0.001642232,286.0255637244481,271.169295901794,2062,11712.117,3.9583266,968.9341,0.31482822,13770.392,4.6625366,0,,,,,286.0255637244481,0.0005487418,271.169295901794,0.00053183554,0.0017050195,0.003335758
1.0002141,0.00033881722,0,0.001643042,286.02462971691915,271.17097045768617,2063,11711.512,3.9583592,968.1972,0.3148703,13770.356,4.664635,0,,,,,286.02462971691915,0.0005486164,271.17097045768617,0.0005318097,0.0016307352,0.0036438229
1.0001467,0.00033863113,0,0.001643852,286.0265758382612,271.1695696329223,2064,11711.105,3.958212,968.33734,0.31491244,13769.43,4.662073,0,,,,,286.0265758382612,0.0005485831,271.1695696329223,0.0005316107,0.0019076538,0.003348455
0.99970853,0.00033870453,0,0.0016446618,286.025588603855,271.1702285213525,2065,11705.155,3.9577174,968.9794,0.31529373,13763.396,4.663084,0,,,,,286.025588603855,0.00054886064,271.1702285213525,0.0005319791,0.0020340825,0.0033336564
0.9999958,0.0003387748,0,0.0016454716,286.0244750878572,271.17048657152293,2066,11708.365,3.9581861,969.2834,0.31565586,13767.352,4.664051,0,,,,,286.0244750878572,0.0005487046,271.17048657152293,0.0005319731,0.0016141894,0.0038680464
0.9992544,0.00033866058,0,0.0016462812,286.02495455555544,271.17059869854404,2067,11698.518,3.9575346,967.94244,0.3151587,13757.145,4.662479,0,,,,,286.02495455555544,0.00054962316,271.17059869854404,0.0005327161,0.0019309807,0.0037688809
0.99946153,0.00033857778,0,0.0016470908,286.02417491017246,271.1714294780568,2068,11701.433,3.9576232,969.4176,0.31506264,13759.996,4.661339,0,,,,,286.02417491017246,0.00054933905,271.1714294780568,0.000532586,0.0020393028,0.0037564242
1.0000303,0.0003386329,0,0.0016479002,286.0243760023434,271.1710805300208,2069,11708.938,3.9581175,967.7676,0.3150703,13767.826,4.662098,0,,,,,286.0243760023434,0.0005485571,271.1710805300208,0.0005317565,0.0015410087,0.0043133893
0.99969584,0.00033867944,8192,0.0016487095,286.02407730170574,271.17027914799354,2070,11704.94,3.9578495,968.87585,0.31517366,13763.222,4.6627383,8192,,,,,286.02407730170574,0.0005490758,271.17027914799354,0.00053224905,0.0017163298,0.004065441
0.9999481,0.00033875386,0,0.0016495187,286.02459023790055,271.1712003338851,2071,11707.167,3.9580936,969.02466,0.31515226,13766.694,4.663763,0,,,,,286.02459023790055,0.00054889923,271.1712003338851,0.00053205725,0.0018748809,0.0038508659
0.9994005,0.00033864137,0,0.0016503279,286.025854555928,271.17041382099734,2072,11700.5205,3.9574187,967.79224,0.31525886,13759.155,4.6622143,0,,,,,286.025854555928,0.0005492457,271.17041382099734,0.0005322906,0.002208595,0.003761789
0.99971557,0.0003386104,0,0.001651137,286.0253452868164,271.1699401473347,2073,11703.474,3.9578,968.6271,0.31523967,13763.493,4.661788,0,,,,,286.0253452868164,0.0005489755,271.1699401473347,0.00053203775,0.002147517,0.0035887437
0.9998079,0.0003386448,0,0.0016519459,286.02535374427106,271.17042832149093,2074,11705.231,3.957757,967.7156,0.31547236,13764.765,4.6622615,0,,,,,286.02535374427106,0.0005491684,271.17042832149093,0.0005322657,0.002365109,0.0036523351
1.0003512,0.0003387321,0,0.0016527547,286.0255176219548,271.1708070364436,2075,11709.767,3.9582078,968.86096,0.31557176,13772.244,4.663463,0,,,,,286.0255176219548,0.0005485466,271.1708070364436,0.00053169014,0.002022237,0.0041345092
0.9997135,0.00033841384,0,0.0016535635,286.0258150854583,271.17073672609723,2076,11702.284,3.9575846,968.87146,0.3152226,13763.465,4.659082,0,,,,,286.0258150854583,0.00054936035,271.17073672609723,0.0005325159,0.0026041735,0.003817653
0.9997282,0.0003385742,0,0.0016543721,286.02660036320447,271.1700667605838,2077,11702.571,3.9574945,968.541,0.31509268,13763.667,4.6612897,0,,,,,286.02660036320447,0.00054907514,271.1700667605838,0.0005317996,0.0025450778,0.0039573642
1.0000144,0.00033855552,0,0.0016551807,286.026034104495,271.1707389576226,2078,11706.717,3.9578772,968.2894,0.3152307,13767.607,4.661032,0,,,,,286.026034104495,0.0005490079,271.1707389576226,0.0005320866,0.0026866829,0.0034162414
1.0002569,0.00033846538,0,0.0016559891,286.02633623338073,271.16964214445557,2079,11708.578,3.9580631,967.55634,0.31529397,13770.945,4.6597915,0,,,,,286.02633623338073,0.00054857426,271.16964214445557,0.00053163985,0.0030232712,0.0032608262
0.999757,0.000338249,0,0.0016567975,286.02645866906965,271.1704703178493,2080,11703.197,3.957669,967.5968,0.3150459,13764.063,4.656812,0,,,,,286.02645866906965,0.0005493699,271.1704703178493,0.0005323786,0.003268933,0.0029615806
1.0003159,0.00033840563,0,0.0016576056,286.02541651045567,271.169745329441,2081,11709.079,3.9581144,968.7448,0.31498381,13771.759,4.658969,0,,,,,286.02541651045567,0.00054877804,271.169745329441,0.0005318219,0.0033358873,0.0029409823
0.9998859,0.0003384099,0,0.0016584138,286.02537236957926,271.1696883237627,2082,11704.613,3.958286,973.9282,0.3152951,13765.839,4.6590276,0,,,,,286.02537236957926,0.0005494343,271.1696883237627,0.0005324567,0.0032912767,0.0030570126
0.9999679,0.00033858698,0,0.0016592218,286.0259848665362,271.17047426207915,2083,11704.851,3.9577847,968.08264,0.31555697,13766.967,4.6614656,0,,,,,286.0259848665362,0.00054911565,271.17047426207915,0.00053213537,0.0030070816,0.0032011576
0.99979925,0.0003383531,0,0.0016600298,286.0264521922857,271.17053969025324,2084,11702.705,3.9576025,968.2725,0.3148781,13764.6455,4.6582456,0,,,,,286.0264521922857,0.00054939213,271.17053969025324,0.00053234934,0.0032727818,0.0033029339
1.0001615,0.00033825912,0,0.0016608376,286.02628557190604,271.1694333987696,2085,11705.541,3.957778,967.85077,0.31509197,13769.634,4.656952,0,,,,,286.02628557190604,0.00054910936,271.1694333987696,0.0005320977,0.0032080007,0.0032269724
1.0002394,0.00033798086,0,0.0016616454,286.02666533970796,271.1690735248365,2086,11706.642,3.957838,968.14453,0.31522745,13770.704,4.653121,0,,,,,286.02666533970796,0.00054907764,271.1690735248365,0.00053201464,0.0037562554,0.0029115488
1.0003331,0.00033861017,0,0.0016624529,286.02595191289515,271.1706895950308,2087,11708.446,3.9581223,968.4464,0.31527147,13771.994,4.6617846,0,,,,,286.02595191289515,0.0005487958,271.1706895950308,0.0005318326,0.0031430596,0.0034338236
0.99973404,0.00033845025,0,0.0016632605,286.0266923022187,271.17010226125524,2088,11700.855,3.9573913,967.631,0.31499702,13763.748,4.659583,0,,,,,286.0266923022187,0.00054899114,271.17010226125524,0.00053198927,0.0030843366,0.0036565815
0.9994512,0.00033850508,0,0.0016640679,286.02614893461686,271.1696225534275,2089,11697.341,3.9570546,968.3254,0.31476218,13759.854,4.660338,0,,,,,286.02614893461686,0.0005492432,271.1696225534275,0.0005323598,0.0027983764,0.0036990596
1.0001823,0.0003385449,0,0.0016648752,286.02662217636754,271.1712010284465,2090,11706.906,3.9579918,967.4881,0.31506145,13769.918,4.6608863,0,,,,,286.02662217636754,0.0005488293,271.1712010284465,0.0005319103,0.0030541555,0.003734932
0.99936044,0.00033857554,0,0.0016664895,286.0257381776924,271.1715054169698,2092,11697.439,3.957048,966.22534,0.3148673,13758.6045,4.661308,0,,,,,286.0257381776924,0.0005489678,271.1715054169698,0.0005321737,0.0021798783,0.004610215
0.9995495,0.0003387475,0,0.0016672965,286.02533789368135,271.17157182681507,2093,11698.362,3.9572372,967.90936,0.31503356,13761.207,4.6636753,0,,,,,286.02533789368135,0.0005489913,271.17157182681507,0.0005321839,0.0020990702,0.0046445043
1.0002576,0.00033863637,0,0.0016681035,286.0255577008492,271.1708149663255,2094,11707.243,3.9577858,968.4394,0.3146725,13770.955,4.6621456,0,,,,,286.0255577008492,0.0005488744,271.1708149663255,0.0005319773,0.0022460986,0.0043821353
0.9996045,0.00033856035,0,0.0016689103,286.02636101682873,271.1710047910482,2095,11697.766,3.9571228,967.3641,0.31514165,13761.965,4.661099,0,,,,,286.02636101682873,0.00054887234,271.1710047910482,0.00053197966,0.002345076,0.004785154
1.0005376,0.0003385565,0,0.001669717,286.02512350359865,271.1707382571293,2096,11708.995,3.9580178,967.49713,0.3154011,13774.811,4.661046,0,,,,,286.02512350359865,0.0005489065,271.1707382571293,0.0005320102,0.00257588,0.0045899646
0.99971485,0.00033858212,0,0.0016705235,286.02648218709487,271.1713384516315,2097,11700.025,3.9573042,967.957,0.31508502,13763.483,4.6613984,0,,,,,286.02648218709487,0.0005493699,271.1713384516315,0.0005324809,0.002425043,0.004236446
0.9995378,0.00033862665,0,0.0016713301,286.02561404101834,271.1710150724152,2098,11698.835,3.9574213,967.7343,0.3150787,13761.046,4.6620116,0,,,,,286.02561404101834,0.0005496485,271.1710150724152,0.00053272006,0.00252065,0.004447024
0.9999929,0.00033871687,0,0.0016721365,286.0260050482797,271.1713339407907,2099,11702.591,3.9575357,967.99316,0.3145828,13767.312,4.663254,0,,,,,286.0260050482797,0.00054900785,271.1713339407907,0.0005321387,0.0022304421,0.0047809635
0.9991144,0.0003384983,0,0.0016729428,286.0257397138253,271.1718677733233,2100,11693.729,3.956788,967.47095,0.31517658,13755.217,4.6602445,0,,,,,286.0257397138253,0.0005494661,271.1718677733233,0.0005325753,0.0026027411,0.00457285
0.9997951,0.00033860025,0,0.001673749,286.0266635449825,271.1718918223468,2101,11701.018,3.9573607,966.2575,0.3152778,13764.588,4.6616483,0,,,,,286.0266635449825,0.0005489403,271.1718918223468,0.00053206197,0.0022572712,0.005049826
0.999442,0.00033859978,0,0.001674555,286.02601275093673,271.170537784444,2102,11695.975,3.9569488,967.40125,0.3151219,13759.727,4.6616416,0,,,,,286.02601275093673,0.0005491002,271.170537784444,0.0005322032,0.0027391638,0.0044474364
0.99981123,0.00033865907,0,0.0016753611,286.02595462728596,271.17156937755624,2103,11700.571,3.9571834,965.8098,0.31495947,13764.811,4.662458,0,,,,,286.02595462728596,0.0005490022,271.17156937755624,0.00053208455,0.002584036,0.0046997396
0.99959654,0.0003385806,0,0.0016761669,286.0265937521265,271.17219916304936,2104,11697.847,3.9571946,968.031,0.31508413,13761.8545,4.661378,0,,,,,286.0265937521265,0.00054903876,271.17219916304936,0.00053214526,0.002371895,0.0052870056
0.99997425,0.00033875275,0,0.0016769727,286.0269216424201,271.1708857493064,2105,11701.81,3.957535,967.4312,0.31518874,13767.055,4.663748,0,,,,,286.0269216424201,0.00054916646,271.1708857493064,0.00053219806,0.0024737401,0.0047433134
0.9995455,0.00033864303,0,0.0016777783,286.0260518495995,271.1719545728571,2106,11696.365,3.9569669,965.10187,0.3147999,13761.152,4.662237,0,,,,,286.0260518495995,0.0005488414,271.1719545728571,0.00053199515,0.0027236373,0.005184316
0.99985635,0.000338478,0,0.0016785839,286.02765431897484,271.1723412860679,2107,11699.288,3.957235,966.50073,0.31489408,13765.432,4.6599655,0,,,,,286.02765431897484,0.00054916955,271.1723412860679,0.0005323476,0.0025764273,0.0052877697
0.99934655,0.00033865546,0,0.0016793894,286.0256504408145,271.17222754331567,2108,11693.23,3.9567533,966.8151,0.315161,13758.413,4.6624084,0,,,,,286.0256504408145,0.00054944924,271.17222754331567,0.00053267996,0.0022077,0.006123194
0.9992308,0.00033862115,0,0.0016801947,286.0258315702939,271.17134169926226,2109,11692.801,3.9566107,965.66125,0.3151859,13756.819,4.661936,0,,,,,286.0258315702939,0.0005491694,271.17134169926226,0.0005323677,0.0024709166,0.0054976568
0.9999675,0.00033865054,0,0.001681,286.0262312114662,271.17231865962066,2110,11701.631,3.9572802,966.01154,0.31515408,13766.962,4.6623406,0,,,,,286.0262312114662,0.0005484845,271.17231865962066,0.00053162046,0.0023779478,0.0057019223
0.9999585,0.00033864446,0,0.0016818051,286.02522720929335,271.1719838229824,2111,11701.29,3.957276,966.6319,0.31489304,13766.838,4.6622567,0,,,,,286.02522720929335,0.00054899073,271.1719838229824,0.0005322365,0.0021853044,0.0058138403
0.99984914,0.00033869292,0,0.0016826103,286.0264449111639,271.1727579455825,2112,11700.016,3.9572477,966.2874,0.31471902,13765.332,4.662924,0,,,,,286.0264449111639,0.0005491586,271.1727579455825,0.0005323848,0.0021645643,0.005829482
0.9991075,0.00033872927,128,0.0016834151,286.024956792805,271.1726727852602,2113,11691.409,3.9571295,967.18536,0.3149025,13755.121,4.6634245,128,,,,,286.024956792805,0.0005493502,271.1726727852602,0.00053258194,0.0022243643,0.0054524085
1.0004836,0.00033869775,0,0.00168422,286.0266454505687,271.17113429434664,2114,11706.499,3.957683,966.1204,0.3151309,13774.068,4.6629906,0,,,,,286.0266454505687,0.000548444,271.17113429434664,0.00053157366,0.0024751532,0.0055737165
0.9993291,0.00033872973,0,0.0016850247,286.0261821912952,271.1730071045242,2115,11692.427,3.9567246,966.9012,0.31503242,13758.173,4.6634307,0,,,,,286.0261821912952,0.00054938166,271.1730071045242,0.0005326069,0.0021383802,0.006017115
1.0002346,0.00033871303,0,0.0016858294,286.02552234069003,271.17226882563716,2116,11702.669,3.957486,967.80493,0.31497625,13770.639,4.663201,0,,,,,286.02552234069003,0.0005487027,271.17226882563716,0.00053185044,0.0023060022,0.005909432
0.9997865,0.0003386723,0,0.0016866339,286.0260504761685,271.17285272437596,2117,11697.908,3.9571695,966.6465,0.31487888,13764.47,4.66264,0,,,,,286.0260504761685,0.000548969,271.17285272437596,0.0005321668,0.0020382917,0.006095859
0.99976534,0.00033873456,0,0.0016874383,286.02525479012286,271.17260472665436,2118,11696.403,3.9569125,966.8961,0.3150917,13764.179,4.6634974,0,,,,,286.02525479012286,0.000548849,271.17260472665436,0.0005320802,0.0024625259,0.0062822998
0.99955803,0.00033864027,0,0.0016882427,286.02758559507186,271.1728199782518,2119,11694.889,3.95679,965.2409,0.31494236,13761.324,4.662199,0,,,,,286.02758559507186,0.0005493247,271.1728199782518,0.0005323918,0.0025455377,0.0061469194
0.9994618,0.00033869277,0,0.0016890469,286.0263837455582,271.17246219053123,2120,11693.754,3.956775,967.1647,0.31491965,13760.0,4.662922,0,,,,,286.0263837455582,0.0005493778,271.17246219053123,0.0005325492,0.0019079734,0.0062631527
1.0001799,0.0003387192,0,0.001689851,286.0258643474282,271.1721591342227,2121,11701.63,3.9573214,966.6202,0.3153683,13769.886,4.6632857,0,,,,,286.0258643474282,0.00054889114,271.1721591342227,0.00053203164,0.002472379,0.005940846
0.9992251,0.00033860962,0,0.0016914589,286.0275963466341,271.1736905789366,2123,11688.987,3.9563537,965.3116,0.31496277,13756.74,4.661777,0,,,,,286.0275963466341,0.00054948474,271.1736905789366,0.00053270685,0.002381235,0.006657248
1.000015,0.00033865366,0,0.0016922627,286.0268346721267,271.1721511940395,2124,11698.197,3.957119,965.31354,0.31545126,13767.616,4.6623836,0,,,,,286.0268346721267,0.0005490287,271.1721511940395,0.0005322786,0.0023956874,0.0067237862
0.99984163,0.0003387409,0,0.0016930664,286.0260349794267,271.1728220902067,2125,11696.521,3.9567583,965.7765,0.31484857,13765.229,4.6635847,0,,,,,286.0260349794267,0.0005491507,271.1728220902067,0.00053242204,0.0023232556,0.006679331
0.99984366,0.00033870616,0,0.0016938699,286.0255437464875,271.1730532082668,2126,11696.443,3.956913,966.2986,0.31498334,13765.257,4.6631064,0,,,,,286.0255437464875,0.00054907467,271.1730532082668,0.00053236284,0.0021999474,0.0067462823
0.9998506,0.00033874944,0,0.0016946734,286.02663217857196,271.17353385069913,2127,11697.249,3.9568896,966.58344,0.3150038,13765.352,4.663702,0,,,,,286.02663217857196,0.00054897356,271.17353385069913,0.0005321876,0.0023493534,0.0069579463
0.9999881,0.00033880433,0,0.0016954768,286.02650874031394,271.1732186835528,2128,11697.632,3.9568663,964.02783,0.31502017,13767.245,4.664458,0,,,,,286.02650874031394,0.0005492889,271.1732186835528,0.0005325199,0.002497408,0.0068389527
0.9994679,0.0003386515,0,0.0016962801,286.02613199418147,271.1735181784265,2129,11691.451,3.9565916,965.06396,0.31515735,13760.084,4.662354,0,,,,,286.02613199418147,0.00054929464,271.1735181784265,0.00053248263,0.0024421103,0.007146058
0.9996146,0.000338636,0,0.0016970832,286.0248819815995,271.1723897368671,2130,11692.589,3.9566433,965.42865,0.31511015,13762.104,4.6621404,0,,,,,286.0248819815995,0.00054925785,271.1723897368671,0.000532254,0.0024553502,0.0069643557
1.0000219,0.00033869038,0,0.0016978863,286.0269029905655,271.17313897691383,2131,11698.487,3.9570456,965.4272,0.31488112,13767.711,4.662889,0,,,,,286.0269029905655,0.0005492876,271.17313897691383,0.00053248985,0.0027107522,0.006666394
0.9999128,0.00033874146,0,0.0016986893,286.0256629286756,271.1734173900121,2132,11696.954,3.9568932,965.88513,0.31532377,13766.209,4.6635923,0,,,,,286.0256629286756,0.0005492814,271.1734173900121,0.0005326277,0.0025603345,0.006609663
0.9996599,0.00033875924,0,0.0016994921,286.02561749568747,271.1729807405927,2133,11693.876,3.9567811,966.69714,0.31529933,13762.727,4.663837,0,,,,,286.02561749568747,0.00054917287,271.1729807405927,0.0005324624,0.0028189786,0.006743425
0.9997075,0.00033865348,0,0.0017002949,286.0275076747486,271.17245509497803,2134,11694.128,3.956559,964.5229,0.31514454,13763.383,4.662381,0,,,,,286.0275076747486,0.0005491174,271.17245509497803,0.0005323259,0.0026617118,0.0065327887
0.9992706,0.00033856087,0,0.0017010975,286.0257486451585,271.17375201211,2135,11688.472,3.9562855,965.2217,0.31507638,13757.367,4.661106,0,,,,,286.0257486451585,0.0005492494,271.17375201211,0.0005325035,0.0026804176,0.006880443
0.9994447,0.00033871437,0,0.0017019,286.02629827034275,271.1723692349201,2136,11689.21,3.956304,966.1009,0.31530663,13759.765,4.6632195,0,,,,,286.02629827034275,0.0005496697,271.1723692349201,0.0005328424,0.0024331473,0.007197125
1.0002153,0.00033868503,0,0.0017027025,286.0269232872862,271.17273003033466,2137,11698.968,3.9571579,965.7213,0.31486613,13770.373,4.6628156,0,,,,,286.0269232872862,0.00054909673,271.17273003033466,0.0005323646,0.0028004353,0.007024552
0.9996687,0.00033879004,0,0.0017035047,286.0272266851705,271.1728019126382,2138,11692.234,3.9566088,966.0323,0.3146241,13762.849,4.664261,0,,,,,286.0272266851705,0.000549474,271.1728019126382,0.0005326548,0.0025572695,0.0071159676
0.99940574,0.00033870531,0,0.0017043069,286.02703266516573,271.1744045256619,2139,11689.8545,3.9564526,965.6627,0.31526157,13759.228,4.6630945,0,,,,,286.02703266516573,0.00054947025,271.1744045256619,0.00053269643,0.0028490403,0.0070548733
0.9995402,0.00033866195,0,0.0017059111,286.0256481298581,271.17394800087243,2141,11690.5,3.95643,966.0502,0.31499898,13761.079,4.6624975,0,,,,,286.0256481298581,0.0005492085,271.17394800087243,0.0005324212,0.0029147132,0.00724883
0.9997477,0.00033866148,0,0.001706713,286.0269261631464,271.17357136609684,2142,11691.849,3.956542,966.87,0.31488279,13763.936,4.6624913,0,,,,,286.0269261631464,0.0005492253,271.17357136609684,0.0005324004,0.0027483727,0.0072391615
0.99982744,0.0003385334,16,0.0017075147,286.026732055609,271.17265802540334,2143,11693.046,3.9565685,965.34827,0.31465638,13765.033,4.660728,16,,,,,286.026732055609,0.00054909155,271.17265802540334,0.0005322604,0.0029318396,0.0071340282
1.0,0.0003387725,16,0.0017083164,286.0271417686005,271.1739829109868,2144,11694.6455,3.9567137,965.4702,0.3147423,13767.409,4.6640196,16,,,,,286.0271417686005,0.00054921303,271.1739829109868,0.0005324878,0.0028632658,0.0074916747
1.0000823,0.0003387564,16,0.001709118,286.02849241011506,271.1740800976741,2145,11696.049,3.9568112,967.26746,0.315288,13768.542,4.663798,16,,,,,286.02849241011506,0.0005493379,271.1740800976741,0.0005325421,0.0033434632,0.007356445
0.9996842,0.00033875598,16,0.0017099194,286.0274222660611,271.174134984661,2146,11691.372,3.9568503,969.7422,0.31518996,13763.062,4.663792,16,,,,,286.0274222660611,0.00054958544,271.174134984661,0.00053295173,0.002960054,0.0075373673
0.99997866,0.00033875252,16,0.0017107208,286.02759254039154,271.17371576752777,2147,11694.969,3.9567728,966.1582,0.3150797,13767.115,4.6637444,16,,,,,286.02759254039154,0.00054943067,271.17371576752777,0.0005327075,0.0029797372,0.0074613127
0.99957925,0.00033872286,16,0.001711522,286.02649399507743,271.1743972304472,2148,11688.714,3.956188,965.01227,0.3151829,13761.616,4.6633363,16,,,,,286.02649399507743,0.00054921024,271.1743972304472,0.00053254416,0.0030573444,0.008116776
1.0003964,0.00033867458,16,0.0017123232,286.02684932263486,271.1730709394059,2149,11698.064,3.9569511,966.3745,0.31539828,13772.866,4.6626716,16,,,,,286.02684932263486,0.0005486031,271.1730709394059,0.00053178426,0.0029670715,0.007172745
1.0005225,0.0003386781,0,0.0017131242,286.02734866082,271.1724443242118,2150,11700.028,3.9571002,966.3079,0.31493387,13774.603,4.66272,0,,,,,286.02734866082,0.00054881256,271.1724443242118,0.00053194154,0.0027428854,0.0072369403
1.0004257,0.0003386997,0,0.0017139252,286.02618097300444,271.17454827475535,2151,11698.197,3.9570255,966.5534,0.31519356,13773.27,4.6630173,0,,,,,286.02618097300444,0.0005487663,271.17454827475535,0.00053218316,0.0025101583,0.00766132
0.9999963,0.00033875954,0,0.001714726,286.0263907350049,271.1739380579666,2152,11693.708,3.956657,966.25354,0.3152945,13767.358,4.6638412,0,,,,,286.0263907350049,0.00054925075,271.1739380579666,0.0005325815,0.002641147,0.007672572
1.0003282,0.00033872365,16,0.0017155267,286.02713473080314,271.1744088714435,2153,11698.262,3.957148,967.65686,0.31533223,13771.928,4.6633472,16,,,,,286.02713473080314,0.0005491508,271.1744088714435,0.00053248915,0.0022731144,0.007685866
0.99924135,0.0003386153,16,0.0017163273,286.02628533149624,271.17436495917514,2154,11684.721,3.9560125,965.3507,0.31532758,13756.965,4.661855,16,,,,,286.02628533149624,0.00054973766,271.17436495917514,0.000533081,0.0028871845,0.0079651
0.99973696,0.0003387482,16,0.0017171277,286.02675118519306,271.17483361847826,2155,11691.52,3.956542,967.27795,0.315082,13763.788,4.6636853,16,,,,,286.02675118519306,0.0005493466,271.17483361847826,0.0005326568,0.0030274373,0.008049926
1.0002149,0.00033877467,16,0.0017179282,286.02791344555783,271.1751350523284,2156,11697.035,3.957089,967.81195,0.3152236,13770.368,4.6640496,16,,,,,286.02791344555783,0.0005492091,271.1751350523284,0.0005325302,0.0031955233,0.008047636
0.9999516,0.00033874818,16,0.0017187285,286.02687896935777,271.17353927872426,2157,11692.086,3.9566326,967.2635,0.3149705,13766.743,4.663685,16,,,,,286.02687896935777,0.0005489529,271.17353927872426,0.0005322122,0.0031949938,0.0077127004
0.99962777,0.000338691,16,0.0017195286,286.02593884341866,271.17395165271677,2158,11685.495,3.956186,967.47955,0.31514043,13762.284,4.6628976,16,,,,,286.02593884341866,0.0005490791,271.17395165271677,0.000532383,0.0033338938,0.007840394
0.9996724,0.00033861777,8208,0.0017203287,286.026106496815,271.17394100432824,2159,11687.089,3.9562683,967.6366,0.31522828,13762.899,4.6618896,8208,,,,,286.026106496815,0.00054903876,271.17394100432824,0.00053226197,0.003182718,0.007889437
0.999436,0.00033863,16,0.0017211287,286.0277906534327,271.17477702292433,2160,11685.088,3.9561777,967.9081,0.31509382,13759.645,4.662058,16,,,,,286.0277906534327,0.0005499318,271.17477702292433,0.00053308316,0.0039068167,0.0073470986
0.99982053,0.0003387271,16,0.0017219285,286.02854335114216,271.1738853633012,2161,11693.568,3.9567611,966.6326,0.31534326,13764.938,4.663395,16,,,,,286.02854335114216,0.00054926076,271.1738853633012,0.000532458,0.003807674,0.00705798
0.99979246,0.00033854222,16,0.0017227283,286.02773345601935,271.17273135385426,2162,11688.278,3.9563742,967.9336,0.31517234,13764.552,4.660849,16,,,,,286.02773345601935,0.0005493841,271.17273135385426,0.00053256436,0.0034137932,0.0066854297
0.99998254,0.000338484,0,0.0017235279,286.02719490647223,271.17397071931674,2163,11689.579,3.9564977,967.3352,0.31514633,13767.169,4.660048,0,,,,,286.02719490647223,0.00054951984,271.17397071931674,0.00053276704,0.003783568,0.006849698
1.0004784,0.0003383641,0,0.0017243274,286.02874697021065,271.17292413298026,2164,11697.21,3.9571884,967.6666,0.31535247,13773.996,4.658397,0,,,,,286.02874697021065,0.0005491282,271.17292413298026,0.00053231046,0.004153261,0.006382382
1.000383,0.00033859184,0,0.0017251268,286.02774381393584,271.17363525856814,2165,11696.033,3.9571013,968.60535,0.31521684,13772.683,4.6615324,0,,,,,286.02774381393584,0.00054932316,271.17363525856814,0.0005325317,0.003906282,0.0065169074
1.0005767,0.00033849484,0,0.0017259261,286.02731069668357,271.1732608188052,2166,11697.938,3.9569771,967.6547,0.31497917,13775.349,4.660197,0,,,,,286.02731069668357,0.00054907193,271.1732608188052,0.00053224724,0.0040965276,0.006422631
0.99964195,0.00033852897,0,0.0017267254,286.0282987027103,271.1744512588325,2167,11684.544,3.9560819,967.7134,0.3153041,13762.4795,4.660667,0,,,,,286.0282987027103,0.00054973806,271.1744512588325,0.00053304306,0.0039003487,0.0067625064
0.99985945,0.00033838788,0,0.0017275244,286.02830009936747,271.17248154400124,2168,11688.946,3.9565241,966.51056,0.31511268,13765.475,4.6587243,0,,,,,286.02830009936747,0.0005493246,271.17248154400124,0.00053253456,0.0041616703,0.0068272487
1.0002255,0.00033844914,0,0.0017283234,286.02773419236183,271.17304603669413,2169,11693.814,3.956816,967.97815,0.3153079,13770.515,4.659568,0,,,,,286.02773419236183,0.0005489434,271.17304603669413,0.0005321151,0.0042984863,0.006724235
1.0005747,0.00033830843,0,0.0017291222,286.0278728591985,271.17260811018014,2170,11697.369,3.9571326,966.78485,0.3149017,13775.321,4.6576304,0,,,,,286.0278728591985,0.00054915657,271.17260811018014,0.00053235295,0.0047031627,0.006255612
1.0002623,0.00033822033,0,0.001729921,286.0282756467991,271.1734709264112,2171,11692.228,3.9566946,967.39795,0.3147788,13771.02,4.656418,0,,,,,286.0282756467991,0.0005495182,271.1734709264112,0.0005326579,0.004321092,0.0059854896
0.99960375,0.00033848357,0,0.0017307197,286.0278386815779,271.1728054382806,2172,11685.845,3.9561915,967.5347,0.315332,13761.954,4.660042,0,,,,,286.0278386815779,0.00054947013,271.1728054382806,0.0005326246,0.004151136,0.006440633
0.9996219,0.00033849306,8192,0.0017315182,286.0278147049267,271.174635043654,2173,11685.612,3.9560804,966.10596,0.3148371,13762.204,4.6601725,8192,,,,,286.0278147049267,0.00054955855,271.174635043654,0.00053280604,0.0038546366,0.0068874913
0.99999315,0.00033851332,0,0.0017323167,286.02692790776274,271.17422311791466,2174,11689.35,3.956401,967.36646,0.31486028,13767.314,4.6604514,0,,,,,286.02692790776274,0.00054951495,271.17422311791466,0.00053282053,0.003663353,0.0073180776
1.0001698,0.0003385754,0,0.001733115,286.027773393816,271.17387335765346,2175,11690.81,3.95649,966.4549,0.31501555,13769.747,4.661306,0,,,,,286.027773393816,0.000549295,271.17387335765346,0.0005325358,0.0036413234,0.0077073495
0.9998362,0.0003385308,0,0.0017339132,286.0266931471508,271.17422107905816,2176,11687.752,3.956283,966.2407,0.3152062,13765.154,4.660692,0,,,,,286.0266931471508,0.0005493978,271.17422107905816,0.000532705,0.0032596588,0.008163432
0.9994536,0.00033864935,0,0.0017347112,286.0281162753768,271.1735584068441,2177,11683.58,3.9559915,967.17035,0.3153857,13759.887,4.662324,0,,,,,286.0281162753768,0.000549688,271.1735584068441,0.0005329459,0.0030685759,0.00820316
0.99952227,0.0003386963,0,0.0017355093,286.02718621034444,271.17508189958625,2178,11685.521,3.9562378,966.5697,0.3153799,13760.832,4.6629705,0,,,,,286.02718621034444,0.0005492212,271.17508189958625,0.0005326195,0.0028412768,0.008384516
0.99995077,0.00033867452,0,0.0017363072,286.0266675072292,271.1745516721312,2179,11689.641,3.956452,965.7776,0.31528404,13766.731,4.6626706,0,,,,,286.0266675072292,0.0005489766,271.1745516721312,0.00053228386,0.002972233,0.008196478
0.9998939,0.00033866437,0,0.001737105,286.02807675924356,271.1744012629504,2180,11688.061,3.9563866,966.1376,0.31541762,13765.948,4.662531,0,,,,,286.02807675924356,0.0005493733,271.1744012629504,0.00053262565,0.0030318266,0.008201003
1.0000085,0.0003386434,0,0.0017379026,286.0281833321916,271.17538607041996,2181,11688.995,3.9564724,966.3709,0.31484497,13767.526,4.6622424,0,,,,,286.0281833321916,0.0005497174,271.17538607041996,0.00053299393,0.003162269,0.008236558
0.99993104,0.0003386687,0,0.0017387002,286.0270262516489,271.17369527582986,2182,11687.252,3.9560797,965.33,0.3149329,13766.46,4.6625905,0,,,,,286.0270262516489,0.0005493387,271.17369527582986,0.00053263124,0.003208153,0.008330215
0.99983054,0.00033854443,0,0.0017394976,286.02751662290507,271.17559120376774,2183,11686.474,3.9559772,966.31604,0.31499138,13765.076,4.6608796,0,,,,,286.02751662290507,0.0005489617,271.17559120376774,0.00053232774,0.0033482776,0.008301531
0.99964404,0.00033860182,0,0.001740295,286.0275402450134,271.1749703254621,2184,11684.261,3.9558806,965.6014,0.31456414,13762.509,4.6616697,0,,,,,286.0275402450134,0.00054905546,271.1749703254621,0.0005323583,0.003275762,0.008089737
1.0002234,0.00033863363,0,0.0017410922,286.0278247454575,271.17473745350344,2185,11691.431,3.9565625,966.9725,0.31523857,13770.484,4.662108,0,,,,,286.0278247454575,0.00054894487,271.17473745350344,0.0005322868,0.0034270345,0.008185429
0.9989407,0.0003385882,0,0.0017418893,286.02854845614485,271.1737746618683,2186,11675.391,3.9553483,966.74243,0.31527242,13752.825,4.6614823,0,,,,,286.02854845614485,0.0005497334,271.1737746618683,0.00053300796,0.0031996756,0.00824666
1.0000117,0.00033860342,0,0.0017426863,286.0278544878074,271.17303855459846,2187,11689.257,3.9562514,965.8178,0.3149748,13767.569,4.6616917,0,,,,,286.0278544878074,0.00054900884,271.17303855459846,0.0005322902,0.0032673695,0.008109194
1.0000032,0.00033854047,0,0.0017434831,286.02836289324813,271.1741910555574,2188,11687.47,3.9560559,965.3676,0.31512058,13767.453,4.6608253,0,,,,,286.02836289324813,0.000549507,271.1741910555574,0.0005327873,0.0033967246,0.0082507
0.9994978,0.00033840866,0,0.00174428,286.0277688550374,271.1737170768217,2189,11681.011,3.9556682,966.47327,0.3149899,13760.495,4.6590104,0,,,,,286.0277688550374,0.0005498563,271.1737170768217,0.0005330802,0.0034738695,0.008141515
1.0001043,0.00033858552,0,0.0017450766,286.0263988005162,271.1744211524989,2190,11688.795,3.9561377,964.25214,0.31531143,13768.845,4.6614456,0,,,,,286.0263988005162,0.00054882513,271.1744211524989,0.0005321623,0.0032482315,0.008225693
0.9996412,0.00033853663,8192,0.0017458731,286.02840661297836,271.1749762782222,2191,11684.462,3.9559054,965.6847,0.315275,13762.469,4.6607723,8192,,,,,286.02840661297836,0.0005494724,271.1749762782222,0.00053275673,0.0030841893,0.008259568
0.9998597,0.00033858835,0,0.0017466696,286.02675545022294,271.1748632786219,2192,11685.926,3.956188,966.1271,0.3156362,13765.478,4.6614842,0,,,,,286.02675545022294,0.00054952595,271.1748632786219,0.0005328946,0.003187522,0.008174121
0.99979675,0.00033853462,0,0.0017474659,286.02779733702897,271.17364281088936,2193,11685.214,3.9559934,966.116,0.31520224,13764.611,4.6607447,0,,,,,286.02779733702897,0.0005491352,271.17364281088936,0.0005324792,0.003251208,0.008036126
0.9994972,0.00033864085,0,0.0017482622,286.0279971623399,271.17530861009334,2194,11681.477,3.9556856,965.7947,0.31500056,13760.486,4.662207,0,,,,,286.0279971623399,0.00054962625,271.17530861009334,0.0005329408,0.0029594386,0.008023162
1.0001469,0.00033852903,0,0.0017490583,286.02751774599426,271.1742563659699,2195,11687.933,3.9563212,967.37585,0.31519148,13769.432,4.660668,0,,,,,286.02751774599426,0.0005491304,271.1742563659699,0.0005324446,0.0032095262,0.008386405
0.9998374,0.00033854603,0,0.0017498543,286.0277538216543,271.17401180319814,2196,11683.572,3.9558246,966.6689,0.31541565,13765.171,4.6609015,0,,,,,286.0277538216543,0.00054920523,271.17401180319814,0.00053267885,0.0031743078,0.008368684
0.99998206,0.00033858867,0,0.0017506502,286.02765545065006,271.17531427545725,2197,11686.892,3.9561079,965.8303,0.31521964,13767.162,4.6614885,0,,,,,286.02765545065006,0.00054895954,271.17531427545725,0.0005323657,0.0029358272,0.008531637
1.0005633,0.00033872155,0,0.001751446,286.0265278413315,271.1746367815544,2198,11693.218,3.9565532,965.39777,0.31480983,13775.164,4.663318,0,,,,,286.0265278413315,0.000548715,271.1746367815544,0.00053215085,0.0025666335,0.008772563
1.0,0.0003386375,0,0.0017522416,286.02712607494243,271.17515115309396,2199,11686.731,3.9560175,964.5225,0.31534615,13767.409,4.662161,0,,,,,286.02712607494243,0.00054929045,271.17515115309396,0.00053270045,0.0028920937,0.008741688
0.9997368,0.0003386442,0,0.0017530372,286.02739356523904,271.1750377140769,2200,11683.778,3.9557655,964.8492,0.31528074,13763.785,4.6622534,0,,,,,286.02739356523904,0.00054919696,271.1750377140769,0.0005326503,0.0027685047,0.008591485
0.9991673,0.00033858084,0,0.0017538327,286.0275936093057,271.17536771393105,2201,11676.981,3.9552789,965.1198,0.31529123,13755.945,4.661381,0,,,,,286.0275936093057,0.0005496203,271.17536771393105,0.0005329878,0.0026838894,0.008749294
0.9994313,0.00033847557,0,0.001754628,286.02836241362434,271.1756265200738,2202,11679.162,3.9555514,965.5742,0.31490704,13759.58,4.6599317,0,,,,,286.02836241362434,0.0005497911,271.1756265200738,0.0005331479,0.0028738359,0.008802491
0.9997685,0.0003385215,0,0.0017554233,286.02800928427035,271.17466461896333,2203,11681.876,3.9557908,966.6321,0.31539074,13764.222,4.660564,0,,,,,286.02800928427035,0.0005492416,271.17466461896333,0.00053266727,0.0029787659,0.00876969
1.0000787,0.00033861533,0,0.0017562184,286.02711678352443,271.17430693148304,2204,11686.045,3.9560359,966.56665,0.3150911,13768.492,4.6618557,0,,,,,286.02711678352443,0.00054898195,271.17430693148304,0.00053237414,0.0029827212,0.008432388
1.0001122,0.0003385287,0,0.0017570134,286.02819085474323,271.17563659486467,2205,11687.727,3.9560792,966.52545,0.31479645,13768.954,4.660663,0,,,,,286.02819085474323,0.00054938585,271.17563659486467,0.0005328351,0.0031022222,0.00834
1.0,0.00033860066,0,0.0017578083,286.0282088603777,271.1752827361406,2206,11686.04,3.955934,965.43036,0.3147877,13767.409,4.661654,0,,,,,286.0282088603777,0.00054931344,271.1752827361406,0.0005326736,0.003152637,0.00831357
0.99966425,0.00033859364,0,0.001758603,286.02761090590644,271.17530735177127,2207,11681.537,3.9557388,966.1945,0.31508964,13762.787,4.661557,0,,,,,286.02761090590644,0.00054931024,271.17530735177127,0.00053276937,0.0032620765,0.008439052
0.9992524,0.00033851934,0,0.0017593977,286.0279351741281,271.17465725559316,2208,11676.654,3.9553115,965.5282,0.31512487,13757.116,4.6605344,0,,,,,286.0279351741281,0.00054936804,271.17465725559316,0.0005326677,0.0030450043,0.008460133
1.0001483,0.00033852053,0,0.0017601922,286.02763199144596,271.1763306979461,2209,11685.93,3.9560325,966.16144,0.31524888,13769.45,4.6605506,0,,,,,286.02763199144596,0.00054876576,271.1763306979461,0.0005323042,0.0030423452,0.008715596
0.99986714,0.00033851675,0,0.0017609866,286.02820333309415,271.1759885405045,2210,11682.701,3.9558487,964.012,0.31548867,13765.58,4.6604986,0,,,,,286.02820333309415,0.0005493926,271.1759885405045,0.00053283846,0.003142738,0.0086152395
1.0003269,0.00033850237,0,0.0017617809,286.02837751254754,271.1755236558184,2211,11687.405,3.9561667,965.52167,0.31504506,13771.91,4.6603007,0,,,,,286.02837751254754,0.00054916076,271.1755236558184,0.0005325287,0.0029938868,0.008535968
0.99971515,0.00033862088,0,0.0017625752,286.02746345148637,271.1737979815929,2212,11681.268,3.9556139,966.0383,0.3152271,13763.487,4.6619325,0,,,,,286.02746345148637,0.0005494802,271.1737979815929,0.0005328171,0.0031154193,0.008469019
0.99992746,0.00033853183,0,0.0017633693,286.02733364374205,271.1765207757975,2213,11682.825,3.955576,964.22675,0.3146442,13766.41,4.660706,0,,,,,286.02733364374205,0.00054901274,271.1765207757975,0.00053250545,0.0030447484,0.008532321
0.9995392,0.00033858314,8192,0.0017641633,286.02792192632654,271.17521511551496,2214,11678.949,3.9554338,965.53467,0.31457242,13761.065,4.6614127,8192,,,,,286.02792192632654,0.0005495943,271.17521511551496,0.0005330291,0.003149552,0.008533457
1.0004115,0.00033856116,0,0.0017649572,286.02674471854516,271.1746849545031,2215,11688.078,3.956135,964.7028,0.31482366,13773.074,4.66111,0,,,,,286.02674471854516,0.0005493242,271.1746849545031,0.0005327132,0.0034238205,0.008154408
0.99983776,0.00033852755,0,0.0017657509,286.02785759185576,271.1753943059676,2216,11682.14,3.9555874,963.9229,0.3150717,13765.176,4.6606474,0,,,,,286.02785759185576,0.00054937217,271.1753943059676,0.00053274183,0.003352575,0.008236165
0.9999897,0.0003385577,0,0.0017665445,286.0293364717529,271.17647739165056,2217,11681.524,3.955592,965.1235,0.31509727,13767.268,4.6610622,0,,,,,286.0293364717529,0.00054937886,271.17647739165056,0.00053278246,0.0034408853,0.008548287
1.0000539,0.0003384481,0,0.0017673381,286.0279262974093,271.17472727446653,2218,11683.244,3.9557421,964.86584,0.3151997,13768.151,4.6595535,0,,,,,286.0279262974093,0.00054957846,271.17472727446653,0.00053288764,0.0034889532,0.008598441
0.9995634,0.00033852074,0,0.0017681315,286.0280929562031,271.1748382452771,2219,11678.597,3.955284,963.9096,0.31544366,13761.398,4.6605535,0,,,,,286.0280929562031,0.0005492935,271.1748382452771,0.0005327084,0.0030907714,0.008391154
1.0001196,0.0003384362,0,0.0017689249,286.02704050470663,271.1754591127745,2220,11684.872,3.9558628,963.7184,0.31567857,13769.056,4.6593895,0,,,,,286.02704050470663,0.0005495048,271.1754591127745,0.00053277984,0.0034405158,0.008353607
1.000086,0.00033855022,0,0.001769718,286.02746214331125,271.1749537024475,2221,11683.801,3.9558246,965.1369,0.3149185,13768.593,4.6609592,0,,,,,286.02746214331125,0.0005492906,271.1749537024475,0.00053271593,0.003263903,0.008604711
0.9994931,0.0003386162,0,0.0017705112,286.02838635728284,271.1754884288811,2222,11677.31,3.955257,963.8057,0.31515983,13760.431,4.6618676,0,,,,,286.02838635728284,0.0005494902,271.1754884288811,0.00053293444,0.0034188237,0.008394366
1.0001926,0.00033858186,0,0.001771304,286.0277761162086,271.17456936730446,2223,11685.008,3.9558218,964.2113,0.31539986,13770.062,4.661395,0,,,,,286.0277761162086,0.0005491104,271.17456936730446,0.0005323856,0.0033894703,0.008375904
1.0000519,0.00033848928,0,0.001772097,286.02874616969353,271.17518723577984,2224,11682.79,3.9555845,964.2224,0.31529307,13768.123,4.6601205,0,,,,,286.02874616969353,0.0005490537,271.17518723577984,0.00053239707,0.0034814253,0.008379239
1.0000043,0.00033859987,0,0.0017728896,286.02893597457773,271.1765007260338,2225,11681.549,3.9554071,964.08356,0.3151576,13767.468,4.661643,0,,,,,286.02893597457773,0.0005490511,271.1765007260338,0.0005324986,0.0035245516,0.00864077
0.99920607,0.00033838933,0,0.0017736823,286.0284766541398,271.17482504426357,2226,11672.558,3.954842,964.54816,0.31489044,13756.479,4.6587443,0,,,,,286.0284766541398,0.00054986303,271.17482504426357,0.0005332261,0.0034972127,0.008576448
1.0004637,0.00033841518,0,0.0017744749,286.0285441703661,271.17505106872284,2227,11687.99,3.9562938,964.3422,0.31540376,13773.793,4.6591,0,,,,,286.0285441703661,0.0005499866,271.17505106872284,0.0005328279,0.0037427593,0.0079863975
1.0001115,0.00033839155,0,0.0017752672,286.0280764682861,271.17543494027495,2228,11683.622,3.9556751,964.3171,0.31509578,13768.943,4.658775,0,,,,,286.0280764682861,0.00054869,271.17543494027495,0.00053208135,0.0035496426,0.008248159
1.0001545,0.00033844315,0,0.0017760595,286.02855936902205,271.1757549587995,2229,11684.523,3.9557955,963.80023,0.3155048,13769.536,4.6594853,0,,,,,286.02855936902205,0.0005491203,271.1757549587995,0.00053249765,0.0035892325,0.008241798
1.0002365,0.00033854175,0,0.0017768517,286.02748033971716,271.1748763751408,2230,11685.073,3.9557824,964.7519,0.31490687,13770.666,4.660843,0,,,,,286.02748033971716,0.0005493204,271.1748763751408,0.0005326854,0.003655242,0.0083011985
1.0000268,0.000338496,0,0.0017776437,286.02714837007943,271.17500704252404,2231,11683.742,3.9556785,964.0803,0.31515926,13767.778,4.660213,0,,,,,286.02714837007943,0.00054888864,271.17500704252404,0.00053233985,0.0037440562,0.008254645
1.0000337,0.00033851384,0,0.0017784357,286.0280962345569,271.17581333781476,2232,11682.964,3.9556885,964.92126,0.31471354,13767.874,4.6604586,0,,,,,286.0280962345569,0.0005494875,271.17581333781476,0.0005329342,0.0033821047,0.008524254
0.9999778,0.0003385504,0,0.0017792275,286.02815695315803,271.1763839689809,2233,11682.404,3.9556272,963.7251,0.31522563,13767.104,4.6609616,0,,,,,286.02815695315803,0.0005491185,271.1763839689809,0.00053255755,0.0035775094,0.008875937
0.9993651,0.0003383067,0,0.0017800193,286.0282695097076,271.1746638041631,2234,11674.665,3.9549477,963.7065,0.3150281,13758.668,4.657607,0,,,,,286.0282695097076,0.0005494186,271.1746638041631,0.00053281523,0.0035775565,0.008706918
1.0003207,0.0003384697,0,0.0017808108,286.02851110809434,271.17448970267355,2235,11686.08,3.955806,963.14746,0.3148844,13771.824,4.6598506,0,,,,,286.02851110809434,0.0005489892,271.17448970267355,0.00053234614,0.003514693,0.00857778
0.99965453,0.00033837563,0,0.0017816023,286.0282207162509,271.1761791953921,2236,11676.846,3.9553642,966.52814,0.31484997,13762.653,4.6585555,0,,,,,286.0282207162509,0.00054964557,271.1761791953921,0.0005330436,0.003452848,0.0085358145
1.0003868,0.0003383196,8192,0.0017823937,286.0282640374558,271.1750762167961,2237,11685.056,3.9557319,962.6266,0.31526968,13772.734,4.6577845,8192,,,,,286.0282640374558,0.00054912694,271.1750762167961,0.00053261995,0.0034597008,0.008537483
0.999948,0.00033833578,0,0.0017831849,286.02749685540186,271.17518205430093,2238,11678.078,3.9552395,962.3484,0.31522065,13766.693,4.658007,0,,,,,286.02749685540186,0.0005492594,271.17518205430093,0.0005326992,0.0033227846,0.008622973
1.0001233,0.00033840706,0,0.0017839761,286.0292196267253,271.1757384337798,2239,11679.713,3.955373,963.61926,0.31484532,13769.105,4.6589885,0,,,,,286.0292196267253,0.0005497965,271.1757384337798,0.00053319964,0.0035184443,0.008781301
0.99948573,0.00033834012,0,0.001784767,286.0272930037741,271.1752328320664,2240,11671.117,3.9546716,963.2584,0.31502306,13760.329,4.6580667,0,,,,,286.0272930037741,0.000549854,271.1752328320664,0.0005331814,0.0036494648,0.0087566655
0.9995468,0.00033831125,0,0.001785558,286.02770811520173,271.1763207644556,2241,11671.757,3.9548144,964.66565,0.3151594,13761.17,4.6576695,0,,,,,286.02770811520173,0.0005500207,271.1763207644556,0.00053346745,0.0037282747,0.00869354
0.9998032,0.00033835167,0,0.0017863488,286.02860244889933,271.17609179049026,2242,11675.228,3.9549983,961.7791,0.31551966,13764.699,4.658226,0,,,,,286.02860244889933,0.000549736,271.17609179049026,0.00053315895,0.0037613153,0.00889126
1.0000188,0.0003382734,0,0.0017871395,286.028139578923,271.1758479883655,2243,11679.627,3.955538,963.4674,0.3153535,13767.669,4.6571484,0,,,,,286.028139578923,0.0005495905,271.1758479883655,0.0005330596,0.0040871697,0.008513203
0.99942976,0.00033812207,0,0.00178793,286.02902663343883,271.17506816560723,2244,11672.236,3.9546244,963.1924,0.31506085,13759.559,4.655065,0,,,,,286.02902663343883,0.0005498124,271.17506816560723,0.00053304085,0.00431719,0.008035103
0.99970204,0.0003380272,0,0.0017887205,286.02909179600704,271.1755285660342,2245,11675.988,3.955041,962.4176,0.31528455,13763.307,4.6537585,0,,,,,286.02909179600704,0.0005497619,271.1755285660342,0.0005331861,0.0045039314,0.007960525
1.0003734,0.00033815895,0,0.0017895108,286.02908118558804,271.174490585832,2246,11683.115,3.9556606,963.2527,0.31516665,13772.55,4.6555724,0,,,,,286.02908118558804,0.0005494858,271.174490585832,0.0005327378,0.004722124,0.0075695813
1.0001297,0.00033799192,0,0.0017903011,286.03077518226695,271.1738742621008,2247,11679.872,3.9554534,964.0846,0.3152154,13769.195,4.653273,0,,,,,286.03077518226695,0.0005494881,271.1738742621008,0.00053266,0.005092567,0.007273649
1.0000196,0.00033816884,0,0.0017910912,286.02910884594775,271.1746038532392,2248,11679.826,3.9554605,963.3392,0.31475097,13767.678,4.655709,0,,,,,286.02910884594775,0.0005498126,271.1746038532392,0.00053309114,0.0046412763,0.0076072086
0.9997701,0.0003381962,0,0.0017918812,286.0280833387806,271.17493386528486,2249,11677.017,3.9550853,963.2675,0.31515154,13764.244,4.6560855,0,,,,,286.0280833387806,0.00054930936,271.17493386528486,0.0005325241,0.0048920126,0.0075257737
1.0002784,0.00033802018,0,0.0017926709,286.0293161087675,271.1732877466243,2250,11682.187,3.955641,963.59607,0.31470183,13771.242,4.653662,0,,,,,286.0293161087675,0.0005494928,271.1732877466243,0.00053269917,0.0050270897,0.0075467997
1.0000869,0.0003381558,0,0.0017934607,286.03004306278063,271.17583167728145,2251,11679.056,3.9552782,962.77716,0.31510767,13768.605,4.6555295,0,,,,,286.03004306278063,0.0005497616,271.17583167728145,0.0005330587,0.0050202436,0.007795414
1.0002347,0.00033820627,0,0.0017942503,286.02873234004056,271.175485671126,2252,11682.963,3.955561,963.0877,0.31466535,13770.641,4.6562243,0,,,,,286.02873234004056,0.000549721,271.175485671126,0.0005330201,0.004932391,0.00759959
1.0007087,0.00033790027,0,0.0017950399,286.0301249024721,271.17544585875515,2253,11687.041,3.9559221,963.5535,0.31513572,13777.166,4.6520114,0,,,,,286.0301249024721,0.0005495834,271.17544585875515,0.00053276704,0.0048811426,0.0072014933
1.0000932,0.00033791806,0,0.0017958293,286.029436109651,271.1738043208821,2254,11679.695,3.9552696,962.8193,0.31540954,13768.692,4.652256,0,,,,,286.029436109651,0.00054963253,271.1738043208821,0.00053288793,0.0048497855,0.0075069387
1.0005287,0.00033802266,0,0.0017966186,286.0294307383088,271.1749196082343,2255,11683.768,3.955675,962.0294,0.31506845,13774.688,4.653696,0,,,,,286.0294307383088,0.00054930843,271.1749196082343,0.00053264137,0.0047006425,0.007573876
0.9990631,0.00033817967,0,0.0017974077,286.0288804379273,271.17692261381904,2256,11667.088,3.9543235,962.7755,0.31500423,13754.51,4.655858,0,,,,,286.0288804379273,0.00054983073,271.17692261381904,0.0005333298,0.004280773,0.008149043
0.99985397,0.00033825886,0,0.0017981968,286.0286555034685,271.17451770500014,2257,11676.127,3.954909,960.55524,0.3148924,13765.398,4.656948,0,,,,,286.0286555034685,0.0005499356,271.17451770500014,0.0005331907,0.0042484542,0.008100025
0.9999021,0.00033837717,0,0.0017989858,286.0294277792416,271.17576370379817,2258,11675.742,3.9550154,964.61786,0.3150488,13766.062,4.658577,0,,,,,286.0294277792416,0.0005497799,271.17576370379817,0.0005330581,0.0039783088,0.008917417
1.0000005,0.0003384143,0,0.0017997746,286.02802637199665,271.176806387162,2259,11675.675,3.9550068,962.0521,0.31551474,13767.415,4.659088,0,,,,,286.02802637199665,0.0005492212,271.176806387162,0.0005327242,0.0039224452,0.009106916
0.9998952,0.00033832339,0,0.0018005633,286.0290770786134,271.1757223642234,2260,11674.546,3.9548497,961.69293,0.31552327,13765.967,4.6578364,0,,,,,286.0290770786134,0.0005495501,271.1757223642234,0.00053295196,0.003972265,0.008959299
0.99967384,0.00033838153,0,0.0018013519,286.0295375818088,271.1756654755978,2261,11672.391,3.954644,961.6548,0.31490192,13762.919,4.658637,0,,,,,286.0295375818088,0.0005498386,271.1756654755978,0.00053320505,0.003669852,0.009168102
0.9996189,0.0003383515,0,0.0018021404,286.02721868458787,271.1760546681153,2262,11672.202,3.954608,962.06067,0.31494817,13762.162,4.6582236,0,,,,,286.02721868458787,0.00054946064,271.1760546681153,0.0005329939,0.0038462544,0.0091249775
1.0002307,0.0003384807,8192,0.0018029287,286.0293909170539,271.1754125987654,2263,11678.929,3.9551666,962.6193,0.31484455,13770.585,4.660002,8192,,,,,286.0293909170539,0.00054927013,271.1754125987654,0.00053261925,0.0037437312,0.009248236
0.9997556,0.00033837516,0,0.001803717,286.0293373261735,271.17541271429263,2264,11674.206,3.954789,961.73816,0.31476644,13764.045,4.6585493,0,,,,,286.0293373261735,0.00054957886,271.17541271429263,0.0005329369,0.0036196485,0.0091036325
1.0001825,0.00033850872,0,0.001804505,286.02782921017723,271.17618238632383,2265,11678.235,3.955027,961.0107,0.3151706,13769.922,4.660388,0,,,,,286.02782921017723,0.0005494589,271.17618238632383,0.000532864,0.0038029852,0.009341572
0.9997179,0.0003384108,0,0.001805293,286.0294802989327,271.1761215301014,2266,11672.909,3.9546864,961.14166,0.31491932,13763.525,4.65904,0,,,,,286.0294802989327,0.00054962334,271.1761215301014,0.00053299835,0.003905789,0.008999159
0.99959093,0.00033838756,0,0.0018060809,286.02928628798406,271.17670807434723,2267,11671.863,3.9545085,961.6836,0.31502497,13761.777,4.65872,0,,,,,286.02928628798406,0.00054941524,271.17670807434723,0.0005328247,0.003583135,0.0097313775
0.9994729,0.00033837144,0,0.0018076564,286.02897698088657,271.1768187486517,2269,11668.778,3.9542625,960.42773,0.3148659,13760.152,4.658498,0,,,,,286.02897698088657,0.0005498406,271.1768187486517,0.0005333324,0.0037485305,0.010036374
0.99982464,0.00033843878,0,0.0018084439,286.0289935003046,271.17802641205014,2270,11672.226,3.954517,961.56696,0.31516182,13764.995,4.6594253,0,,,,,286.0289935003046,0.0005494311,271.17802641205014,0.0005329492,0.003726104,0.010190595
1.0000395,0.00033818837,0,0.0018092314,286.02902854201614,271.1770553434216,2271,11675.597,3.9547982,962.01733,0.31483656,13767.953,4.6559777,0,,,,,286.02902854201614,0.00054952106,271.1770553434216,0.0005330217,0.0038489942,0.009633998
1.0007374,0.00033849356,0,0.0018100187,286.02891266429157,271.1770601779318,2272,11684.001,3.9555254,960.2716,0.3153561,13777.562,4.660179,0,,,,,286.02891266429157,0.00054911606,271.1770601779318,0.00053261983,0.0038529397,0.009528865
0.99993056,0.00033835854,0,0.0018108058,286.02746752554094,271.1765245165036,2273,11674.602,3.9547768,960.75494,0.3149677,13766.453,4.6583204,0,,,,,286.02746752554094,0.0005492681,271.1765245165036,0.00053266576,0.0038840547,0.009616395
0.9997686,0.00033849364,0,0.0018115928,286.0287587077812,271.17718033360626,2274,11672.121,3.9544752,960.91986,0.3145175,13764.224,4.6601806,0,,,,,286.0287587077812,0.000549395,271.17718033360626,0.0005328734,0.0037308943,0.009737883
0.9999249,0.00033843349,0,0.0018123798,286.0292546157952,271.1770330268747,2275,11673.361,3.9547122,961.3844,0.31550562,13766.375,4.6593523,0,,,,,286.0292546157952,0.00054993096,271.1770330268747,0.0005334234,0.003927382,0.010040455
1.0000674,0.0003382388,0,0.0018131667,286.0292533440495,271.1768656740523,2276,11673.456,3.95476,961.2289,0.31498802,13768.336,4.656672,0,,,,,286.0292533440495,0.00054958905,271.1768656740523,0.0005329894,0.003942973,0.010132286
1.0000854,0.00033823578,0,0.0018139534,286.0288922078174,271.17686101497935,2277,11674.644,3.9547715,961.00854,0.31464404,13768.585,4.6566305,0,,,,,286.0288922078174,0.00054939877,271.17686101497935,0.0005329568,0.0040697176,0.010158685
1.0005653,0.00033857732,0,0.0018147399,286.0288303108837,271.1761522265837,2278,11681.065,3.9552896,961.36676,0.31492302,13775.192,4.6613326,0,,,,,286.0288303108837,0.00054899417,271.1761522265837,0.0005324182,0.003766221,0.010036921
0.9995481,0.00033839222,8192,0.0018155264,286.0293297515947,271.1769491595325,2279,11668.782,3.9544148,961.6765,0.3153328,13761.1875,4.658784,8192,,,,,286.0293297515947,0.0005499438,271.1769491595325,0.0005333481,0.0038636795,0.01037876
1.0000919,0.0003385569,0,0.0018163128,286.0286593224516,271.17682080650303,2280,11675.096,3.9547796,960.4235,0.31531668,13768.675,4.6610518,0,,,,,286.0286593224516,0.0005496502,271.17682080650303,0.0005331022,0.0037294682,0.010438995
0.9994593,0.0003384411,0,0.001817099,286.02864246437963,271.1774567642173,2281,11667.398,3.9542081,961.9914,0.3148949,13759.966,4.659457,0,,,,,286.02864246437963,0.0005497054,271.1774567642173,0.00053313794,0.0037995328,0.010434896
1.0001217,0.0003384874,0,0.0018186711,286.0304595842654,271.17626753627735,2283,11674.31,3.9547362,961.52704,0.31511113,13769.085,4.6600947,0,,,,,286.0304595842654,0.00054923224,271.17626753627735,0.00053264917,0.0039523374,0.01046129
0.99954283,0.00033836835,0,0.001819457,286.0297191682995,271.17770806615647,2284,11668.258,3.9541035,960.19855,0.31524315,13761.115,4.6584554,0,,,,,286.0297191682995,0.00054977986,271.17770806615647,0.0005331492,0.003921526,0.010563335
1.0003833,0.00033855744,0,0.0018202427,286.0292341528467,271.17748834724654,2285,11677.952,3.9549162,960.3768,0.31481317,13772.686,4.661059,0,,,,,286.0292341528467,0.00054918573,271.17748834724654,0.0005330231,0.0038120882,0.010640457
1.0002995,0.00033853133,0,0.0018210284,286.02851314269486,271.1772652763945,2286,11677.432,3.9550576,961.2766,0.3152997,13771.532,4.6606994,0,,,,,286.02851314269486,0.0005492398,271.1772652763945,0.00053271325,0.0039554103,0.010487726
1.0005243,0.00033846268,0,0.0018218139,286.0301164092522,271.17709229818377,2287,11679.051,3.9550261,961.54865,0.3151877,13774.627,4.6597543,0,,,,,286.0301164092522,0.00054896844,271.17709229818377,0.00053238845,0.0037995027,0.010849996
0.9999912,0.0003385199,128,0.0018225993,286.02836564552996,271.17670440656497,2288,11672.539,3.955204,961.70154,0.31505263,13767.288,4.660542,128,,,,,286.02836564552996,0.0005491965,271.17670440656497,0.0005327074,0.004063761,0.011079421
1.0006573,0.0003385253,0,0.0018233845,286.02836315051445,271.17685308998415,2289,11678.544,3.9551024,961.0053,0.31515405,13776.458,4.6606164,0,,,,,286.02836315051445,0.0005492745,271.17685308998415,0.0005326999,0.004103788,0.011061242
1.0003889,0.00033851457,0,0.0018241698,286.0292354193318,271.1779115153409,2290,11676.378,3.9549751,961.67957,0.31487754,13772.763,4.6604686,0,,,,,286.0292354193318,0.00054965797,271.1779115153409,0.0005331996,0.0039329673,0.011049989
0.9993501,0.00033850357,0,0.0018249548,286.02960169293476,271.1781606537542,2291,11664.855,3.9538927,960.292,0.31463006,13758.461,4.660317,0,,,,,286.02960169293476,0.0005498046,271.1781606537542,0.0005332791,0.003931449,0.011180919
0.9997395,0.00033854242,8192,0.0018257397,286.0292648704044,271.1778308876057,2292,11669.732,3.9544313,961.0391,0.31494296,13763.823,4.660852,8192,,,,,286.0292648704044,0.0005493735,271.1778308876057,0.0005328533,0.0039861505,0.011110052
1.0002403,0.00033856725,0,0.0018265245,286.0303311243202,271.17836392843645,2293,11675.283,3.954862,961.2961,0.3153695,13770.718,4.661194,0,,,,,286.0303311243202,0.00055000477,271.17836392843645,0.0005334379,0.0038907763,0.011148066
1.0004275,0.0003385137,0,0.0018273093,286.0283450552445,271.17681414727764,2294,11676.283,3.9548643,960.4506,0.3149457,13773.295,4.6604567,0,,,,,286.0283450552445,0.0005492579,271.17681414727764,0.0005328961,0.0039869337,0.011515618
1.0004051,0.00033852825,0,0.0018280938,286.029789354196,271.1786584048173,2295,11674.843,3.9547548,961.89764,0.31490335,13772.985,4.660657,0,,,,,286.029789354196,0.0005492631,271.1786584048173,0.0005328352,0.0039962246,0.01145771
0.9992649,0.00033848593,0,0.0018288782,286.03037800112924,271.1777621928325,2296,11663.544,3.953917,961.3108,0.31485665,13757.289,4.660074,0,,,,,286.03037800112924,0.0005500626,271.1777621928325,0.0005334868,0.0042027426,0.0115835825
0.9998096,0.00033852938,0,0.0018296626,286.0286949452888,271.1778690836802,2297,11669.671,3.9541938,960.98175,0.31487286,13764.788,4.6606727,0,,,,,286.0286949452888,0.000549474,271.1778690836802,0.00053294504,0.004025621,0.0115269115
1.0003589,0.0003384856,0,0.0018304468,286.02954200266737,271.17742356931495,2298,11674.659,3.9547837,962.0396,0.31487617,13772.352,4.66007,0,,,,,286.02954200266737,0.0005495886,271.17742356931495,0.00053309154,0.0040355297,0.0113907335
0.9998381,0.00033849818,0,0.0018312308,286.0294390434532,271.1773852337561,2299,11668.127,3.9541953,959.94324,0.31517237,13765.181,4.660243,0,,,,,286.0294390434532,0.00054937834,271.1773852337561,0.0005328879,0.0039604953,0.011510084
0.99992365,0.00033851425,0,0.0018320149,286.0295313756543,271.1777963459958,2300,11669.44,3.9543226,961.13715,0.315056,13766.358,4.6604643,0,,,,,286.0295313756543,0.0005497805,271.1777963459958,0.0005332891,0.004107876,0.01157558
0.9993165,0.0003384945,0,0.0018327987,286.0292665330801,271.1774935798559,2301,11661.653,3.9537163,961.0201,0.31505805,13757.999,4.660192,0,,,,,286.0292665330801,0.000549434,271.1774935798559,0.00053299713,0.004078647,0.012166739
0.99990964,0.00033848328,0,0.0018335824,286.02972315496015,271.17778264103384,2302,11668.777,3.9542964,961.09845,0.3152127,13766.165,4.660038,0,,,,,286.02972315496015,0.0005497018,271.17778264103384,0.0005331969,0.004115673,0.011967159
1.0001215,0.00033847496,8192,0.001834366,286.0289398719269,271.1783386135767,2303,11671.403,3.9546437,962.3533,0.3151273,13769.081,4.659923,8192,,,,,286.0289398719269,0.0005496356,271.1783386135767,0.0005331183,0.0041161175,0.011627103
0.9992417,0.0003384836,0,0.0018351495,286.02984474141476,271.17849616325583,2304,11660.827,3.953691,961.11084,0.31497213,13756.97,4.6600423,0,,,,,286.02984474141476,0.00054997083,271.17849616325583,0.0005334654,0.0039428533,0.011720172
1.0000998,0.00033850697,0,0.0018359328,286.0287531879889,271.1779280623325,2305,11671.14,3.954529,960.68884,0.3144617,13768.782,4.660364,0,,,,,286.0287531879889,0.0005495318,271.1779280623325,0.0005330781,0.004128644,0.011758428
0.9997725,0.00033853838,0,0.0018367161,286.0306347455318,271.1781474129055,2306,11666.767,3.9541204,960.61206,0.3153003,13764.277,4.660796,0,,,,,286.0306347455318,0.00054999115,271.1781474129055,0.0005334313,0.004028726,0.011819196
1.0002476,0.0003385529,0,0.0018374992,286.03007715082913,271.1777672611092,2307,11671.833,3.9543629,961.0072,0.3152029,13770.818,4.6609964,0,,,,,286.03007715082913,0.00054942915,271.1777672611092,0.000532907,0.0041745403,0.012061575
1.0001222,0.00033851835,0,0.0018382822,286.02916934299986,271.17859112526907,2308,11668.867,3.9543192,962.5504,0.31502128,13769.091,4.6605206,0,,,,,286.02916934299986,0.0005497309,271.17859112526907,0.00053326384,0.004093871,0.012203069
0.99966156,0.0003384365,8192,0.0018390651,286.0293002890123,271.1785975175593,2309,11664.665,3.9538596,960.7513,0.31476107,13762.75,4.659394,8192,,,,,286.0293002890123,0.00054984126,271.1785975175593,0.00053345296,0.004123616,0.012166935
0.9998515,0.00033849172,0,0.0018398479,286.02877772285,271.1790480193051,2310,11666.743,3.9541073,960.5285,0.31520727,13765.365,4.660154,0,,,,,286.02877772285,0.00054970465,271.1790480193051,0.0005333014,0.004319869,0.011818404
1.000029,0.00033851288,0,0.0018406305,286.02915356886643,271.17833380001144,2311,11668.763,3.95437,960.0518,0.3155183,13767.808,4.660445,0,,,,,286.02915356886643,0.0005496237,271.17833380001144,0.00053308206,0.004513158,0.0119652515
0.9999855,0.0003384772,0,0.0018414131,286.0296182161492,271.17757691542477,2312,11668.076,3.9541364,960.4375,0.3152571,13767.21,4.659954,0,,,,,286.0296182161492,0.0005495799,271.17757691542477,0.0005330456,0.004362435,0.012110616
0.999319,0.0003384853,0,0.0018421954,286.0294472879276,271.1779266343619,2313,11659.443,3.9534898,960.9402,0.31481907,13758.034,4.6600657,0,,,,,286.0294472879276,0.0005499346,271.1779266343619,0.0005334786,0.004183297,0.012131232
1.0000161,0.0003385087,0,0.0018429777,286.0297233579812,271.17840333480365,2314,11666.786,3.9541323,960.3473,0.31481245,13767.631,4.6603875,0,,,,,286.0297233579812,0.00054993125,271.17840333480365,0.0005334605,0.0041574053,0.012544111
1.0005207,0.0003384249,0,0.0018437599,286.0299112670723,271.17930979953945,2315,11671.977,3.9544303,961.4439,0.31489813,13774.577,4.659234,0,,,,,286.0299112670723,0.0005493531,271.17930979953945,0.00053296017,0.0045500277,0.012365509
0.9996408,0.00033835607,0,0.0018445419,286.0310552057149,271.1787618883345,2316,11663.294,3.953811,959.62036,0.31520438,13762.464,4.6582866,0,,,,,286.0310552057149,0.0005498091,271.1787618883345,0.0005333949,0.0044242796,0.012291761
0.9996515,0.00033850124,0,0.0018453238,286.03047767377376,271.17935475632646,2317,11663.472,3.9537578,960.66345,0.3150435,13762.611,4.660285,0,,,,,286.03047767377376,0.00054984645,271.17935475632646,0.00053333427,0.0042718337,0.012367058
0.9991307,0.00033842228,8192,0.0018461056,286.03066707295943,271.17833748106557,2318,11657.92,3.9533575,961.12976,0.31508663,13755.441,4.659198,8192,,,,,286.03066707295943,0.00055041636,271.17833748106557,0.00053382944,0.0043408806,0.012109942
1.0000558,0.00033852953,0,0.0018468873,286.02915087539225,271.17874773487165,2319,11667.381,3.954216,960.86017,0.3148862,13768.178,4.6606746,0,,,,,286.02915087539225,0.00054950657,271.17874773487165,0.00053296355,0.0044575096,0.012329165
1.0001693,0.00033847697,0,0.0018476688,286.02974915800814,271.17926446076433,2320,11668.65,3.9542844,959.8475,0.31493443,13769.739,4.6599507,0,,,,,286.02974915800814,0.000549469,271.17926446076433,0.0005331329,0.0043520858,0.012434756
0.99978083,0.00033844073,0,0.0018484503,286.0292123003127,271.17976288405555,2321,11663.021,3.9538717,960.7545,0.31500834,13764.392,4.659452,0,,,,,286.0292123003127,0.0005497594,271.17976288405555,0.0005333568,0.0044401577,0.012582033
1.0001292,0.00033849434,0,0.0018492315,286.0298812253185,271.1784416558624,2322,11667.385,3.9541812,960.83234,0.31495428,13769.188,4.66019,0,,,,,286.0298812253185,0.00054950954,271.1784416558624,0.0005330774,0.004510873,0.012428241
1.0000985,0.00033844283,0,0.0018500127,286.0303703351362,271.17717688031905,2323,11667.143,3.9539793,960.54535,0.31491125,13768.765,4.659481,0,,,,,286.0303703351362,0.00054972223,271.17717688031905,0.0005331352,0.004313055,0.012440668
1.0000609,0.00033848517,0,0.0018507938,286.02934222474215,271.17946027720734,2324,11667.247,3.954184,960.26385,0.31526318,13768.247,4.6600637,0,,,,,286.02934222474215,0.0005497029,271.17946027720734,0.0005333684,0.0045988653,0.0125587005
1.0002383,0.00033843803,0,0.0018515748,286.0317116118436,271.1792303958623,2325,11668.717,3.9542193,961.02893,0.3146946,13770.69,4.659415,0,,,,,286.0317116118436,0.0005495904,271.1792303958623,0.0005330763,0.0048208674,0.011986358
0.9994705,0.00033833832,0,0.0018523555,286.0302436862694,271.1788700604765,2326,11659.336,3.953432,961.0488,0.31514207,13760.119,4.658042,0,,,,,286.0302436862694,0.000550252,271.1788700604765,0.00053364923,0.0050293505,0.011943696
1.0005741,0.00033844088,0,0.0018531362,286.03022462118867,271.1791662079195,2327,11670.536,3.954428,961.2188,0.31494996,13775.3125,4.659454,0,,,,,286.03022462118867,0.00054949854,271.1791662079195,0.00053305115,0.005250535,0.01189949
1.000089,0.00033818875,0,0.0018539168,286.0310297750904,271.1783114520262,2328,11665.101,3.953926,960.71014,0.31497347,13768.636,4.655983,0,,,,,286.0310297750904,0.0005497948,271.1783114520262,0.0005332628,0.0055771703,0.011589106
1.000201,0.00033822976,128,0.0018546972,286.03161878339836,271.17880969594626,2329,11665.912,3.9545236,960.5804,0.31453595,13770.177,4.6565475,128,,,,,286.03161878339836,0.0005498478,271.17880969594626,0.0005334226,0.0056954217,0.0116992155
1.0004033,0.00033827097,0,0.0018554776,286.03027698918083,271.17853650222406,2330,11669.485,3.9543622,960.94147,0.31519124,13772.961,4.657115,0,,,,,286.03027698918083,0.0005496872,271.17853650222406,0.00053325,0.005638996,0.011358344
0.99994314,0.00033819585,0,0.0018562578,286.03136021699106,271.1784492579702,2331,11664.302,3.953889,960.50946,0.31491637,13766.626,4.6560807,0,,,,,286.03136021699106,0.00054994784,271.1784492579702,0.0005333754,0.00566249,0.011323455
1.0004183,0.0003383218,0,0.0018570379,286.03104464445994,271.1783727030038,2332,11669.256,3.9543192,959.7577,0.315072,13773.169,4.657815,0,,,,,286.03104464445994,0.000549373,271.1783727030038,0.00053280685,0.005802372,0.011460346
1.0002028,0.0003382555,0,0.0018578179,286.030877338434,271.17828085947974,2333,11667.013,3.9539826,960.0445,0.31507745,13770.201,4.656902,0,,,,,286.030877338434,0.0005496043,271.17828085947974,0.00053303636,0.0057904916,0.011581671
1.0003108,0.00033811782,0,0.0018585976,286.0326408864829,271.17789258522475,2334,11665.611,3.9538994,959.89905,0.31509253,13771.6875,4.6550064,0,,,,,286.0326408864829,0.00054974505,271.17789258522475,0.0005330802,0.005976504,0.011650125
1.0000845,0.00033797763,0,0.0018593774,286.03120553604697,271.17850024671947,2335,11664.055,3.9539473,960.3331,0.31475484,13768.573,4.653076,0,,,,,286.03120553604697,0.00054990454,271.17850024671947,0.0005333373,0.0061838464,0.011769965
1.0001734,0.00033832047,0,0.001860157,286.0306627539611,271.1792733280342,2336,11664.891,3.9539368,958.33264,0.31517774,13769.798,4.6577964,0,,,,,286.0306627539611,0.0005498226,271.1792733280342,0.00053333305,0.0057414966,0.011978358
0.99961716,0.00033824518,0,0.0018609364,286.03150558869515,271.17853636915663,2337,11658.916,3.9534166,959.78455,0.31467882,13762.139,4.6567597,0,,,,,286.03150558869515,0.00054999226,271.17853636915663,0.0005334062,0.0058596977,0.011720342
1.0002576,0.00033822723,0,0.0018617158,286.0319248676581,271.1780695319728,2338,11666.031,3.9538288,960.0985,0.3152377,13770.955,4.6565127,0,,,,,286.0319248676581,0.0005500217,271.1780695319728,0.0005334933,0.0056153415,0.011825193
1.000561,0.0003383435,0,0.001862495,286.0308700040098,271.1782976528257,2339,11669.618,3.9542382,959.4526,0.3150873,13775.133,4.6581135,0,,,,,286.0308700040098,0.0005499485,271.1782976528257,0.0005334272,0.005450423,0.012242592
1.0004188,0.00033832504,0,0.001863274,286.030480995969,271.17829411813744,2340,11666.646,3.9539783,959.67377,0.3149803,13773.175,4.6578593,0,,,,,286.030480995969,0.0005498379,271.17829411813744,0.0005333746,0.0052653365,0.012520566
1.0003868,0.00033837752,0,0.0018640531,286.0309901630244,271.17978468493675,2341,11666.234,3.9539008,958.5664,0.315312,13772.734,4.6585817,0,,,,,286.0309901630244,0.0005497879,271.17978468493675,0.00053340994,0.0051662493,0.013143395
1.0000827,0.00033838922,128,0.0018648319,286.03005421264686,271.1795436206289,2342,11662.617,3.9541771,959.17365,0.31492248,13768.549,4.658743,128,,,,,286.03005421264686,0.0005498562,271.1795436206289,0.00053347,0.0047875457,0.013349184
1.000108,0.00033842842,0,0.0018656106,286.0302789158419,271.17991607069484,2343,11663.847,3.9537253,959.6392,0.31539193,13768.896,4.6592827,0,,,,,286.0302789158419,0.0005494153,271.17991607069484,0.00053302455,0.004918733,0.013366452
1.0006988,0.0003384748,0,0.0018663892,286.0290305416752,271.180256842229,2344,11670.926,3.954379,958.85266,0.31577736,13777.029,4.659921,0,,,,,286.0290305416752,0.0005495578,271.180256842229,0.0005331098,0.0048326408,0.013235006
1.0000945,0.0003384587,0,0.0018671677,286.0310480554257,271.1811711752795,2345,11662.861,3.9535978,958.7946,0.3152056,13768.71,4.6596994,0,,,,,286.0310480554257,0.0005500147,271.1811711752795,0.0005336947,0.004880984,0.013446916
1.0002643,0.00033849984,0,0.001867946,286.0304076434876,271.17974353690494,2346,11665.677,3.953889,958.76416,0.31512377,13771.048,4.660266,0,,,,,286.0304076434876,0.0005498337,271.17974353690494,0.0005333035,0.0049490747,0.013249993
1.0002712,0.00033840182,0,0.0018687242,286.0302791088427,271.181125070363,2347,11664.032,3.9537232,958.884,0.31483233,13771.143,4.6589165,0,,,,,286.0302791088427,0.0005497,271.181125070363,0.00053336186,0.0048815133,0.01345439
1.000021,0.00033829513,0,0.0018695024,286.03072939257055,271.1803957083747,2348,11661.272,3.953387,957.77924,0.31474948,13767.697,4.6574473,0,,,,,286.03072939257055,0.0005500112,271.1803957083747,0.0005336202,0.0050314898,0.013358907
1.0004376,0.00033844332,0,0.0018702804,286.0307860209264,271.18049084297076,2349,11665.53,3.953838,958.1273,0.31491366,13773.435,4.6594877,0,,,,,286.0307860209264,0.0005494153,271.18049084297076,0.0005331065,0.0048297583,0.0138006
0.9994194,0.00033839507,0,0.0018710583,286.03068323829234,271.1800164307421,2350,11654.815,3.9529054,959.093,0.3149469,13759.416,4.6588235,0,,,,,286.03068323829234,0.0005501482,271.1800164307421,0.0005338351,0.0048617558,0.013661523
0.9998454,0.00033835735,0,0.0018718359,286.03113955174365,271.1803368802524,2351,11659.769,3.9532456,958.24426,0.3150399,13765.28,4.658304,0,,,,,286.03113955174365,0.0005498582,271.1803368802524,0.0005335332,0.004799796,0.013462344
0.9994954,0.00033837103,0,0.0018726136,286.030159295744,271.1809429727461,2352,11655.874,3.9529781,959.2497,0.314781,13760.462,4.6584926,0,,,,,286.030159295744,0.00054982386,271.1809429727461,0.00053350953,0.004655142,0.013746247
1.0003471,0.0003384692,0,0.001873391,286.0305096566708,271.18069069006634,2353,11664.997,3.9537683,958.84753,0.3151499,13772.188,4.659844,0,,,,,286.0305096566708,0.0005498623,271.18069069006634,0.00053338974,0.0046876073,0.013691721
0.999759,0.0003383175,0,0.0018741684,286.0304207174244,271.17890621955195,2354,11658.409,3.9531815,957.9272,0.31513986,13764.092,4.6577554,0,,,,,286.0304207174244,0.0005494135,271.17890621955195,0.0005328652,0.0049322634,0.013369851
0.9993645,0.00033831337,0,0.0018749456,286.0299270729405,271.1797200667364,2355,11652.8545,3.9528458,958.8366,0.31485012,13758.66,4.6576986,0,,,,,286.0299270729405,0.00054986,271.1797200667364,0.00053345825,0.0048614168,0.013782362
1.000339,0.0003383777,0,0.0018757227,286.02891991150926,271.1802424460449,2356,11663.015,3.9536686,958.61115,0.3152368,13772.077,4.658584,0,,,,,286.02891991150926,0.0005496403,271.1802424460449,0.0005332888,0.0048892656,0.013941651
1.0002526,0.00033847342,0,0.0018764997,286.03075916106917,271.18078455043434,2357,11663.507,3.9536486,958.27313,0.31498063,13770.887,4.659902,0,,,,,286.03075916106917,0.0005495361,271.18078455043434,0.0005331728,0.004667051,0.013785406
1.0005872,0.0003384499,0,0.0018772766,286.0308774762201,271.1801307740808,2358,11667.467,3.9538915,958.6434,0.31500342,13775.493,4.6595783,0,,,,,286.0308774762201,0.0005493901,271.1801307740808,0.00053301745,0.004871232,0.013813096
0.9998237,0.00033845002,0,0.0018780533,286.0306787930047,271.18112551079315,2359,11658.261,3.9531827,958.6367,0.3152488,13764.981,4.6595798,0,,,,,286.0306787930047,0.0005499063,271.18112551079315,0.00053359824,0.0048759966,0.013974187
0.9999168,0.0003384076,0,0.0018788299,286.0307178952569,271.1803266727279,2360,11658.471,3.9532583,957.6404,0.31504577,13766.264,4.658996,0,,,,,286.0307178952569,0.0005496062,271.1803266727279,0.0005332371,0.0047894022,0.013937613
0.9996693,0.0003384061,0,0.0018796064,286.0302099251488,271.18106795644746,2361,11656.668,3.9531696,958.3764,0.31533146,13762.856,4.658975,0,,,,,286.0302099251488,0.0005501152,271.18106795644746,0.0005338322,0.004854779,0.013917325
1.0003268,0.000338398,0,0.0018803827,286.0311844454261,271.1802946525245,2362,11661.776,3.9534607,957.65985,0.31526336,13771.908,4.658864,0,,,,,286.0311844454261,0.0005496447,271.1802946525245,0.0005332692,0.0047850264,0.014009508
1.0005778,0.0003383923,0,0.0018811589,286.0306147904398,271.1797195958499,2363,11664.684,3.9538138,958.3111,0.31495965,13775.363,4.6587853,0,,,,,286.0306147904398,0.0005497587,271.1797195958499,0.00053337944,0.004895955,0.014336267
0.999791,0.00033840624,0,0.001881935,286.03121586968564,271.1811153743762,2364,11655.725,3.952933,958.0038,0.3147101,13764.532,4.658977,0,,,,,286.03121586968564,0.00054997293,271.1811153743762,0.00053361006,0.004877604,0.014075689
1.000052,0.00033842126,0,0.0018827111,286.0309612575887,271.1810000791019,2365,11659.271,3.9532108,958.51184,0.31504545,13768.125,4.659184,0,,,,,286.0309612575887,0.00054975733,271.1810000791019,0.0005334807,0.004882199,0.01441569
0.9997113,0.0003383462,0,0.0018834869,286.0306071541278,271.18026821851583,2366,11654.717,3.9528072,958.252,0.31489196,13763.435,4.6581507,0,,,,,286.0306071541278,0.0005499258,271.18026821851583,0.0005334653,0.0048781303,0.014118478
1.000115,0.0003384714,0,0.0018842627,286.03074836790717,271.1817184531185,2367,11659.8955,3.9533496,958.29565,0.31482166,13768.993,4.6598744,0,,,,,286.03074836790717,0.00054957566,271.1817184531185,0.0005333195,0.004667136,0.014535443
1.0001827,0.00033843282,0,0.0018850382,286.0306573500596,271.1807175228891,2368,11660.484,3.953255,957.49695,0.31485084,13769.926,4.6593432,0,,,,,286.0306573500596,0.00054986647,271.1807175228891,0.0005335235,0.0048405062,0.014419083
0.9997553,0.0003384236,0,0.0018858137,286.0303654143052,271.182027713716,2369,11654.381,3.952971,958.54175,0.31519616,13764.041,4.659216,0,,,,,286.0303654143052,0.00055001205,271.182027713716,0.0005337879,0.0048001925,0.014556505
0.9997206,0.0003383668,0,0.001886589,286.03079564606253,271.1810908157248,2370,11653.97,3.9526649,956.47534,0.3148357,13763.5625,4.6584344,0,,,,,286.03079564606253,0.00054963375,271.1810908157248,0.00053332344,0.0049407207,0.014531553
0.9995013,0.00033833372,0,0.0018873643,286.03023196462055,271.1812007412037,2371,11651.3,3.9526038,958.01874,0.31508496,13760.543,4.6579785,0,,,,,286.03023196462055,0.00054985227,271.1812007412037,0.00053355173,0.0048401165,0.014465519
1.0001577,0.0003384463,0,0.0018881394,286.03106716393813,271.18106330866954,2372,11659.969,3.9533317,958.55457,0.31551227,13769.581,4.6595287,0,,,,,286.03106716393813,0.00054991094,271.18106330866954,0.0005335782,0.0049224095,0.014229839
0.99974436,0.00033843057,0,0.0018889143,286.03103110936286,271.181740000783,2373,11654.855,3.9529886,957.388,0.31475437,13763.89,4.6593122,0,,,,,286.03103110936286,0.0005499834,271.181740000783,0.0005336347,0.0048527475,0.01426014
1.0003159,0.00033843855,0,0.0018896891,286.0300909809798,271.1800583187662,2374,11662.139,3.9533784,957.11597,0.31500745,13771.758,4.659422,0,,,,,286.0300909809798,0.00054935203,271.1800583187662,0.0005329977,0.0047720145,0.014356762
1.0004134,0.00033843773,0,0.0018904639,286.0315767940188,271.18057500236984,2375,11661.513,3.9534812,959.3867,0.31492227,13773.102,4.659411,0,,,,,286.0315767940188,0.000549954,271.18057500236984,0.0005335279,0.004949184,0.014324896
0.9998446,0.00033838183,0,0.0018912385,286.03093892004466,271.1811014253287,2376,11655.239,3.9528754,957.4629,0.314855,13765.27,4.658641,0,,,,,286.03093892004466,0.0005503648,271.1811014253287,0.0005341103,0.0049750125,0.014302285
0.9999178,0.00033841818,0,0.0018920129,286.0312051945899,271.1804518497642,2377,11654.939,3.95283,957.7355,0.31510058,13766.277,4.6591415,0,,,,,286.0312051945899,0.00054984447,271.1804518497642,0.00053353765,0.004932261,0.014308737
1.0001923,0.00033830808,0,0.0018927873,286.03043159999214,271.179739542578,2378,11658.166,3.9530525,956.28217,0.31527495,13770.056,4.6576257,0,,,,,286.03043159999214,0.0005494281,271.179739542578,0.0005332344,0.0051152273,0.014392749
0.999624,0.00033830633,0,0.0018935614,286.03183296646665,271.1807608283437,2379,11652.028,3.9525146,957.2337,0.3147896,13762.232,4.657602,0,,,,,286.03183296646665,0.0005498093,271.1807608283437,0.00053341495,0.005116437,0.014241942
0.99964106,0.00033837924,0,0.0018943356,286.03078283395354,271.1805160883881,2380,11652.377,3.9526813,958.20654,0.31459627,13762.468,4.6586056,0,,,,,286.03078283395354,0.0005501241,271.1805160883881,0.00053377915,0.004910916,0.014388128
1.0006787,0.00033843948,0,0.0018951095,286.03100426405933,271.17990597786235,2381,11664.538,3.9535968,957.3167,0.31504938,13776.752,4.659435,0,,,,,286.03100426405933,0.0005494787,271.17990597786235,0.0005330896,0.0053015864,0.014306286
1.0000942,0.00033837053,0,0.0018958834,286.03077642239407,271.18200145957695,2382,11657.486,3.9530225,957.72705,0.31506145,13768.706,4.6584854,0,,,,,286.03077642239407,0.0005500471,271.18200145957695,0.0005340865,0.0051130243,0.014409953
1.0006067,0.000338446,0,0.001896657,286.0298899360421,271.1810059973969,2383,11663.374,3.953552,957.8363,0.31519824,13775.762,4.6595244,0,,,,,286.0298899360421,0.0005492721,271.1810059973969,0.00053305,0.005017822,0.014287674
0.9997106,0.00033836166,0,0.0018974306,286.0313526489238,271.1809450391472,2384,11652.386,3.9524715,956.49255,0.3143281,13763.425,4.6583633,0,,,,,286.0313526489238,0.00054986466,271.1809450391472,0.00053355505,0.005141793,0.014202153
1.0002681,0.00033835915,0,0.0018982041,286.0312777802969,271.1808287734404,2385,11658.218,3.9530208,956.9429,0.31456992,13771.101,4.658329,0,,,,,286.0312777802969,0.00054955774,271.1808287734404,0.0005332796,0.005282839,0.014430988
1.000943,0.00033836666,0,0.0018989774,286.03156183157085,271.1797112061119,2386,11665.461,3.9535458,956.7134,0.31483683,13780.391,4.6584325,0,,,,,286.03156183157085,0.0005489248,271.1797112061119,0.0005326613,0.0051893718,0.014663516
1.0005621,0.0003383931,0,0.0018997507,286.03069644389586,271.1815522285689,2387,11661.789,3.9533842,957.7506,0.3147385,13775.147,4.6587963,0,,,,,286.03069644389586,0.00054971874,271.1815522285689,0.00053341844,0.0051793028,0.014677887
0.99987483,0.00033828223,0,0.0019005237,286.0305305064592,271.182212307804,2388,11653.886,3.9529786,957.4027,0.31542453,13765.686,4.65727,0,,,,,286.0305305064592,0.0005500398,271.182212307804,0.00053383614,0.005247283,0.014435179
0.9994514,0.00033831605,0,0.0019012967,286.0305273098801,271.18144239248323,2389,11649.116,3.9523478,956.3532,0.31477568,13759.856,4.6577353,0,,,,,286.0305273098801,0.00055002037,271.18144239248323,0.0005336484,0.0051325513,0.014638029
1.0002713,0.00033842248,0,0.0019020694,286.0319464421512,271.1807269172572,2390,11657.928,3.9531033,957.20654,0.31474814,13771.145,4.6592007,0,,,,,286.0319464421512,0.00054994936,271.1807269172572,0.0005335905,0.0050516925,0.014508446
1.000055,0.00033838552,0,0.0019028421,286.0307527858133,271.18060488724745,2391,11655.708,3.9528134,956.9878,0.31543314,13768.165,4.658692,0,,,,,286.0307527858133,0.00054978085,271.18060488724745,0.0005335056,0.005052682,0.01478452
1.0010247,0.00033845715,0,0.0019036147,286.03057059733135,271.181809679423,2392,11666.748,3.9537702,956.3878,0.31492555,13781.518,4.659678,0,,,,,286.03057059733135,0.0005492626,271.181809679423,0.0005329544,0.0051386524,0.0146719385
1.0001961,0.0003383474,0,0.0019043871,286.0316182302997,271.1813814812058,2393,11656.278,3.9529545,956.8162,0.315037,13770.108,4.658167,0,,,,,286.0316182302997,0.0005499118,271.1813814812058,0.00053359277,0.005291933,0.014797863
1.0003234,0.00033840138,0,0.0019051594,286.03182037965274,271.18185283281696,2394,11657.223,3.9530294,956.9164,0.31500226,13771.862,4.6589103,0,,,,,286.03182037965274,0.0005495397,271.18185283281696,0.0005333067,0.005231087,0.014990192
0.9999276,0.00033835522,0,0.0019059316,286.02966293533547,271.1808164702718,2395,11652.677,3.9525063,955.6219,0.31500658,13766.412,4.6582747,0,,,,,286.02966293533547,0.0005494481,271.1808164702718,0.0005331585,0.00517474,0.015086876
0.9999739,0.0003383698,0,0.0019067037,286.03102050366664,271.18253759133944,2396,11654.245,3.9525816,955.73914,0.31487176,13767.05,4.6584754,0,,,,,286.03102050366664,0.0005498562,271.18253759133944,0.000533654,0.0050878935,0.015028245
1.0003942,0.0003383768,0,0.0019074755,286.03126910483394,271.18145417616176,2397,11659.024,3.9530256,956.35284,0.3150756,13772.837,4.6585717,0,,,,,286.03126910483394,0.0005493904,271.18145417616176,0.0005331782,0.0052037137,0.014511603
1.0005639,0.00033835773,0,0.0019082474,286.0308718618354,271.1806897332383,2398,11661.055,3.953072,955.78326,0.3145707,13775.172,4.6583095,0,,,,,286.0308718618354,0.00054983085,271.1806897332383,0.0005335128,0.0052619535,0.014623179
1.0000256,0.0003383394,0,0.001909019,286.0309845126445,271.1811734129934,2399,11653.683,3.9525933,956.51025,0.31459224,13767.762,4.6580567,0,,,,,286.0309845126445,0.0005499849,271.1811734129934,0.00053370034,0.005039108,0.014595203
1.0003663,0.00033839542,8192,0.0019097906,286.03061786216733,271.1815941967787,2400,11658.351,3.953064,956.26715,0.31520396,13772.453,4.6588283,8192,,,,,286.03061786216733,0.0005497074,271.1815941967787,0.0005334133,0.0052894056,0.014782187
1.0001743,0.0003383254,0,0.0019105619,286.03205385513314,271.1819306641392,2401,11655.126,3.9526627,955.96313,0.3148444,13769.809,4.657864,0,,,,,286.03205385513314,0.0005498195,271.1819306641392,0.00053346634,0.005159247,0.014830542
1.000065,0.0003382994,0,0.0019113332,286.03112022483225,271.18147823363284,2402,11653.647,3.9526494,955.5381,0.3148808,13768.304,4.6575065,0,,,,,286.03112022483225,0.0005499117,271.18147823363284,0.0005335905,0.0052634794,0.015084678
1.000663,0.00033831468,8192,0.0019121043,286.0313844877601,271.18170000915285,2403,11659.262,3.953201,954.62866,0.31517628,13776.537,4.6577168,8192,,,,,286.0313844877601,0.0005494503,271.18170000915285,0.00053317804,0.005286124,0.015189142
0.9996075,0.00033827632,0,0.0019128753,286.031025135842,271.18207283456746,2404,11647.687,3.952176,955.8066,0.3146888,13762.006,4.6571884,0,,,,,286.031025135842,0.0005504721,271.18207283456746,0.00053419534,0.0055490485,0.015252078
1.000098,0.00033829175,0,0.0019136462,286.0320680975702,271.1825191360901,2405,11653.474,3.9526293,956.3786,0.3149935,13768.758,4.657401,0,,,,,286.0320680975702,0.00055001414,271.1825191360901,0.00053378276,0.005452135,0.015027283
1.0003201,0.0003382914,0,0.001914417,286.03133300884997,271.1814676926124,2406,11656.3125,3.9527986,955.83966,0.3151927,13771.816,4.6573963,0,,,,,286.03133300884997,0.0005500591,271.1814676926124,0.0005337285,0.0056485995,0.014789737
1.0003359,0.00033834702,0,0.0019151877,286.03108796538436,271.18121933071427,2407,11656.762,3.9527721,955.4839,0.31526908,13772.034,4.6581616,0,,,,,286.03108796538436,0.0005497602,271.18121933071427,0.00053340785,0.005402065,0.0150742605
1.0005205,0.00033833162,0,0.0019159581,286.03317568091813,271.1821751420717,2408,11658.6,3.9529936,954.7208,0.31490985,13774.574,4.65795,0,,,,,286.03317568091813,0.00054936856,271.1821751420717,0.0005330174,0.0056458106,0.0149816675
0.999954,0.0003381068,0,0.0019167286,286.0315586239264,271.18065464706086,2409,11651.715,3.9523976,954.9791,0.3147641,13766.775,4.654855,0,,,,,286.0315586239264,0.0005502896,271.18065464706086,0.00053393404,0.005918115,0.014577808
1.0002229,0.00033819996,0,0.0019174988,286.03246275196574,271.1822886614488,2410,11654.486,3.9526267,955.7206,0.31520832,13770.478,4.656137,0,,,,,286.03246275196574,0.0005501532,271.1822886614488,0.00053378777,0.006080655,0.014369061
1.0001589,0.00033815933,0,0.0019182689,286.03244970300466,271.18016130803704,2411,11653.737,3.9527152,956.4938,0.3146496,13769.597,4.6555777,0,,,,,286.03244970300466,0.00055008713,271.18016130803704,0.00053370104,0.0063367565,0.014130146
0.99940705,0.0003379381,0,0.0019190388,286.03143851791066,271.1814007116373,2412,11644.491,3.9518979,954.74194,0.31517428,13759.246,4.652532,0,,,,,286.03143851791066,0.0005501796,271.1814007116373,0.0005338766,0.0066319415,0.013824932
1.0007621,0.00033804975,0,0.0019198087,286.0327332668648,271.1810510836294,2413,11660.32,3.9531455,954.9805,0.3152198,13777.901,4.6540694,0,,,,,286.0327332668648,0.00054981804,271.1810510836294,0.00053351145,0.0068126232,0.0138112595
1.0002301,0.00033799896,0,0.001921348,286.03210007603775,271.1822824504866,2415,11654.194,3.9525125,955.1416,0.3153737,13770.576,4.65337,0,,,,,286.03210007603775,0.0005499025,271.1822824504866,0.0005336619,0.0065528224,0.014118992
1.0000468,0.00033822973,0,0.0019221175,286.0317503567791,271.18092711187035,2416,11651.903,3.9524763,956.21204,0.3144963,13768.055,4.656547,0,,,,,286.0317503567791,0.0005500385,271.18092711187035,0.00053364417,0.0063277795,0.014027953
1.0005108,0.00033814297,0,0.0019228868,286.0328936560419,271.18191547792196,2417,11657.31,3.9528918,956.3027,0.31466717,13774.441,4.6553526,0,,,,,286.0328936560419,0.000549821,271.18191547792196,0.0005335068,0.006336403,0.014081734
1.0002747,0.00033806628,0,0.001923656,286.0319258277713,271.18170286653117,2418,11653.482,3.9526157,955.29114,0.31473884,13771.19,4.654297,0,,,,,286.0319258277713,0.0005500447,271.18170286653117,0.00053373724,0.006468372,0.014362193
1.0009844,0.00033803715,0,0.0019244251,286.032286020047,271.18130811180487,2419,11660.901,3.9531267,955.4042,0.31473535,13780.963,4.653896,0,,,,,286.032286020047,0.0005497208,271.18130811180487,0.0005333439,0.0065075723,0.014396448
1.0001038,0.00033817397,0,0.001925194,286.0314626546889,271.1817525989431,2420,11650.875,3.952384,956.57715,0.31480706,13768.838,4.6557794,0,,,,,286.0314626546889,0.00054995896,271.1817525989431,0.00053357886,0.006549479,0.014486748
1.0006044,0.00033815287,0,0.0019259629,286.0316753048623,271.1806291320851,2421,11657.968,3.9530573,955.959,0.31495026,13775.73,4.655489,0,,,,,286.0316753048623,0.00055006536,271.1806291320851,0.0005336767,0.0062050787,0.014345433
0.99973375,0.0003382745,0,0.0019267316,286.03056742730104,271.1819229163958,2422,11648.61,3.9521046,954.4962,0.31487396,13763.743,4.657163,0,,,,,286.03056742730104,0.00054972916,271.1819229163958,0.0005334402,0.005864772,0.014768726
1.0003403,0.00033833977,0,0.0019275001,286.0312359345835,271.1821970045278,2423,11655.066,3.9525986,955.394,0.31502882,13772.095,4.658062,0,,,,,286.0312359345835,0.0005498503,271.1821970045278,0.00053353683,0.0056626745,0.0149163315
0.9997446,0.00033824344,0,0.0019282685,286.03104377783774,271.1827984889752,2424,11647.293,3.9520454,955.8857,0.31465125,13763.893,4.656736,0,,,,,286.03104377783774,0.00054992683,271.1827984889752,0.00053370156,0.005623893,0.015416074
1.0000316,0.00033830758,0,0.0019290368,286.0313651037849,271.18230859715004,2425,11649.9375,3.9522452,956.24384,0.31511608,13767.844,4.657619,0,,,,,286.0313651037849,0.0005497865,271.18230859715004,0.0005335681,0.005395598,0.01569789
1.0002024,0.0003382591,0,0.0019298049,286.0305136666716,271.1807451907768,2426,11652.382,3.9523084,954.4627,0.31488734,13770.196,4.6569514,0,,,,,286.0305136666716,0.0005495426,271.1807451907768,0.00053330784,0.0055279415,0.015643857
1.0000092,0.00033832726,0,0.001930573,286.03156773861167,271.1808574663907,2427,11650.587,3.9522884,955.22906,0.3150703,13767.536,4.65789,0,,,,,286.03156773861167,0.0005500111,271.1808574663907,0.0005336225,0.0054139257,0.0154389525
0.9994185,0.00033828753,0,0.0019313409,286.0320707928409,271.18221459505503,2428,11644.618,3.9517622,954.82996,0.31523746,13759.403,4.657343,0,,,,,286.0320707928409,0.00055052113,271.18221459505503,0.00053423346,0.005428176,0.015517633
0.99989724,0.00033826422,0,0.0019321087,286.03023920513294,271.18132645586877,2429,11649.064,3.9519942,953.76044,0.31513622,13765.994,4.657022,0,,,,,286.03023920513294,0.00054961094,271.18132645586877,0.0005333799,0.0053907544,0.015549157
0.9997471,0.00033825773,0,0.0019328763,286.0309478141628,271.1823119276213,2430,11646.65,3.951974,955.3211,0.3146344,13763.928,4.6569324,0,,,,,286.0309478141628,0.0005495396,271.1823119276213,0.0005333982,0.005686304,0.015763082
1.0003797,0.00033827475,0,0.0019336438,286.03200339304095,271.18184085518755,2431,11653.267,3.9524183,955.7544,0.31448257,13772.636,4.657167,0,,,,,286.03200339304095,0.0005497297,271.18184085518755,0.00053340977,0.005646866,0.01577815
0.9999116,0.00033829553,0,0.0019344112,286.03184555366744,271.18314526430413,2432,11647.37,3.9521446,955.8114,0.31465426,13766.192,4.657453,0,,,,,286.03184555366744,0.00055003853,271.18314526430413,0.0005338417,0.00551847,0.016016092
0.9995814,0.0003382456,0,0.0019351784,286.03214066175735,271.18242670926657,2433,11644.739,3.9517152,954.55536,0.3150307,13761.646,4.6567655,0,,,,,286.03214066175735,0.00055034144,271.18242670926657,0.00053412875,0.0053615104,0.016184539
1.0004768,0.00033834894,0,0.0019359456,286.0320167373103,271.18229458920126,2434,11655.423,3.9527671,953.98846,0.31491125,13773.975,4.6581883,0,,,,,286.0320167373103,0.00054974505,271.18229458920126,0.00053342077,0.005486265,0.015666947
1.0000458,0.0003382499,0,0.0019367125,286.0311183371317,271.1826752203901,2435,11650.659,3.9522257,954.458,0.31476805,13768.039,4.6568246,0,,,,,286.0311183371317,0.00054941897,271.1826752203901,0.00053322036,0.005515792,0.01558062
1.0004995,0.00033835304,0,0.0019374794,286.0317806904042,271.18249903591754,2436,11654.587,3.9526505,955.0788,0.31508636,13774.285,4.6582446,0,,,,,286.0317806904042,0.0005498123,271.18249903591754,0.0005336262,0.005189627,0.015849879
1.0006944,0.0003382952,0,0.0019382461,286.0319737589967,271.1830584762174,2437,11655.9375,3.9527106,955.13007,0.3149693,13776.97,4.657449,0,,,,,286.0319737589967,0.00054942985,271.1830584762174,0.00053328404,0.005550522,0.01615735
0.99973583,0.0003382911,8192,0.0019390127,286.0321058341296,271.18196799668675,2438,11645.552,3.9518864,955.3243,0.3147389,13763.772,4.657392,8192,,,,,286.0321058341296,0.0005501997,271.18196799668675,0.0005339623,0.005493413,0.015996799
0.9997683,0.0003382895,0,0.0019397791,286.03045014450373,271.1826149449926,2439,11646.095,3.9520013,955.2022,0.31491277,13764.22,4.65737,0,,,,,286.03045014450373,0.00054990646,271.1826149449926,0.0005336415,0.005677,0.015823884
0.99992764,0.00033831422,0,0.0019405455,286.03153969908203,271.1818389409021,2440,11648.492,3.952128,954.2925,0.31479377,13766.413,4.65771,0,,,,,286.03153969908203,0.00055037497,271.1818389409021,0.0005340385,0.0054931953,0.015760427
0.9996615,0.00033827135,0,0.0019413116,286.0310469613427,271.18218523033033,2441,11644.859,3.9518013,956.12683,0.31453174,13762.749,4.65712,0,,,,,286.0310469613427,0.00055031857,271.18218523033033,0.00053409726,0.0053867227,0.015888782
1.0007317,0.00033837862,0,0.0019420778,286.03170263273216,271.182937919039,2442,11657.894,3.9527972,954.7605,0.31512678,13777.483,4.658597,0,,,,,286.03170263273216,0.0005499767,271.182937919039,0.0005338038,0.0053666,0.015977034
1.0004715,0.00033821407,0,0.0019428437,286.0329921028211,271.1836410048722,2443,11652.738,3.952429,955.0927,0.31478587,13773.9,4.6563315,0,,,,,286.0329921028211,0.0005498678,271.1836410048722,0.00053366355,0.00567836,0.01615349
1.0014641,0.0003383769,0,0.0019436094,286.03183875030913,271.18390147479204,2444,11664.1,3.9534206,956.08246,0.3153191,13787.566,4.658573,0,,,,,286.03183875030913,0.00054912793,271.18390147479204,0.00053266564,0.005778147,0.016359298
1.0003699,0.00033829192,0,0.0019443751,286.03119483505566,271.1828234780586,2445,11651.925,3.952389,954.72046,0.3151033,13772.502,4.6574035,0,,,,,286.03119483505566,0.00054972514,271.1828234780586,0.00053350924,0.005761486,0.016204175
0.9997657,0.00033830406,0,0.0019451407,286.03105353488456,271.1826473481296,2446,11645.707,3.9518764,954.19147,0.3150239,13764.184,4.6575704,0,,,,,286.03105353488456,0.0005499224,271.1826473481296,0.0005336444,0.0057898117,0.01632123
0.99991304,0.0003383019,0,0.0019459061,286.0303908215275,271.1823921255498,2447,11646.71,3.9520628,954.87006,0.31537586,13766.212,4.657541,0,,,,,286.0303908215275,0.0005494755,271.1823921255498,0.00053334667,0.005485818,0.016390841
0.9996526,0.00033822158,0,0.0019466713,286.0314191190542,271.18294081577346,2448,11643.093,3.9515595,955.4544,0.3152281,13762.627,4.656435,0,,,,,286.0314191190542,0.00055000425,271.18294081577346,0.00053376675,0.0055049863,0.016683595
1.0001479,0.0003382995,0,0.0019474365,286.0315619749695,271.1839434860375,2449,11647.605,3.9519253,953.8124,0.31469253,13769.446,4.6575074,0,,,,,286.0315619749695,0.0005498466,271.1839434860375,0.0005337257,0.0057036253,0.016593635
1.0000044,0.00033826494,0,0.0019482014,286.0319975144901,271.18235476068685,2450,11646.271,3.9518833,954.1766,0.31534624,13767.47,4.657032,0,,,,,286.0319975144901,0.00054980954,271.18235476068685,0.00053369475,0.005825563,0.016599076
0.9997316,0.00033825854,0,0.0019489663,286.03167174600634,271.1825554351043,2451,11642.208,3.9517415,955.5839,0.31474802,13763.714,4.656944,0,,,,,286.03167174600634,0.00055042317,271.1825554351043,0.0005342551,0.005647038,0.01685487
0.9994081,0.00033823968,0,0.001949731,286.0323339679368,271.1830434111748,2452,11639.897,3.951425,955.4287,0.31540924,13759.261,4.656684,0,,,,,286.0323339679368,0.00055011275,271.1830434111748,0.00053387723,0.00557741,0.01672542
1.0004302,0.000338323,0,0.0019504956,286.0315722572557,271.182822458408,2453,11651.883,3.9522698,954.64966,0.31445822,13773.333,4.657831,0,,,,,286.0315722572557,0.00054995896,271.182822458408,0.00053374766,0.0056704856,0.016762562
0.9994518,0.00033824233,0,0.0019512601,286.0312903823145,271.1847545451122,2454,11639.411,3.9513278,954.8826,0.31443396,13759.862,4.6567206,0,,,,,286.0312903823145,0.00055017596,271.1847545451122,0.0005339933,0.0054650074,0.016661558
1.0006565,0.0003383229,0,0.0019520244,286.0321474857886,271.1832998554783,2455,11653.521,3.9525907,954.8936,0.31511834,13776.447,4.6578298,0,,,,,286.0321474857886,0.00055007456,271.1832998554783,0.0005338804,0.0057531884,0.016844528
0.9994621,0.00033821646,0,0.0019527887,286.03115764684844,271.1836672330904,2456,11638.351,3.951284,954.7233,0.31508952,13760.004,4.6563644,0,,,,,286.03115764684844,0.00055051106,271.1836672330904,0.0005343077,0.005739311,0.016871676
1.0003756,0.0003382826,0,0.0019535527,286.032162536582,271.18442726753517,2457,11648.811,3.9521348,954.36725,0.3147743,13772.58,4.657275,0,,,,,286.032162536582,0.0005501644,271.18442726753517,0.00053395424,0.005572908,0.017316911
1.0002792,0.00033828215,0,0.0019543166,286.032211748102,271.18356525152205,2458,11648.14,3.9519973,955.3237,0.3151291,13771.253,4.6572685,0,,,,,286.032211748102,0.0005500357,271.18356525152205,0.00053388235,0.0056153047,0.017104506
1.0002798,0.00033827953,0,0.0019550805,286.03256102335735,271.18372355889466,2459,11648.598,3.9520454,954.22675,0.3149388,13771.261,4.6572328,0,,,,,286.03256102335735,0.0005496583,271.18372355889466,0.00053371384,0.0058620796,0.016996574
1.0001618,0.00033828625,0,0.0019558442,286.03122591870306,271.18429577264965,2460,11647.155,3.9519567,954.4733,0.31472096,13769.637,4.6573253,0,,,,,286.03122591870306,0.00054982275,271.18429577264965,0.00053367246,0.00558861,0.016840082
1.0002228,0.00033828846,0,0.0019566077,286.03299442601053,271.18423066754275,2461,11646.91,3.9520779,954.6843,0.31466472,13770.477,4.657356,0,,,,,286.03299442601053,0.0005502414,271.18423066754275,0.00053406635,0.0057888185,0.01698833
0.9998262,0.0003382009,0,0.0019573711,286.03239511620876,271.18351560448247,2462,11640.904,3.9515107,954.7801,0.31445917,13765.017,4.65615,0,,,,,286.03239511620876,0.0005502526,271.18351560448247,0.00053403643,0.0061583905,0.016945992
1.0006518,0.0003383089,0,0.0019581344,286.0313493505621,271.1838493592065,2463,11651.423,3.9523847,954.05707,0.3147346,13776.383,4.657637,0,,,,,286.0313493505621,0.0005502314,271.1838493592065,0.000534076,0.005955959,0.01708323
1.0003061,0.00033827187,0,0.0019588976,286.032195634665,271.1841103745751,2464,11647.766,3.952042,953.9071,0.3154261,13771.623,4.6571274,0,,,,,286.032195634665,0.0005502303,271.1841103745751,0.0005340543,0.005857902,0.017320275
1.0002177,0.00033831023,0,0.0019596606,286.03370413584724,271.18322585543166,2465,11647.085,3.9520848,954.655,0.314776,13770.406,4.6576552,0,,,,,286.03370413584724,0.0005499729,271.18322585543166,0.0005338305,0.005723673,0.017127095
0.99995995,0.0003382635,0,0.0019604233,286.03159538161776,271.18469998012534,2466,11644.197,3.9517426,953.38116,0.314995,13766.857,4.657012,0,,,,,286.03159538161776,0.00054972916,271.18469998012534,0.0005335529,0.005785711,0.017229456
1.0000545,0.0003382689,0,0.001961186,286.0314796167229,271.18369293271246,2467,11644.198,3.9518597,954.2083,0.31509858,13768.159,4.6570864,0,,,,,286.0314796167229,0.00055022025,271.18369293271246,0.0005340888,0.0057511227,0.017080566
0.9997118,0.0003381944,0,0.0019619486,286.031900958817,271.1835209623123,2468,11638.644,3.9512272,953.94165,0.31488127,13763.441,4.6560607,0,,,,,286.031900958817,0.0005501093,271.1835209623123,0.0005339444,0.006013635,0.017415011
0.99992996,0.00033821637,0,0.001962711,286.0325127083508,271.1827450180805,2469,11641.249,3.95152,955.1947,0.31496558,13766.445,4.656363,0,,,,,286.0325127083508,0.00054993073,271.1827450180805,0.0005337743,0.006029684,0.017279841
1.0001955,0.0003382756,0,0.0019634734,286.0316844307873,271.183903443667,2470,11645.481,3.9518344,954.76526,0.31482714,13770.101,4.6571784,0,,,,,286.0316844307873,0.0005502089,271.183903443667,0.00053409435,0.006118507,0.01732809
1.0004119,0.00033827752,0,0.0019642357,286.032841379574,271.18460654440423,2471,11648.173,3.9519372,954.6496,0.3142885,13773.08,4.657205,0,,,,,286.032841379574,0.00055003527,271.18460654440423,0.00053383486,0.0059680473,0.017245632
0.9993614,0.00033816046,0,0.0019649977,286.0316844452184,271.1836910724462,2472,11635.405,3.9510295,953.99274,0.31495333,13758.617,4.6555934,0,,,,,286.0316844452184,0.0005505603,271.1836910724462,0.0005343328,0.0060212864,0.017386256
1.0004313,0.00033828858,0,0.0019657596,286.0320615181697,271.18455780248155,2473,11648.049,3.9519436,953.4856,0.315129,13773.347,4.657357,0,,,,,286.0320615181697,0.0005502098,271.18455780248155,0.00053406134,0.0057742693,0.017548999
1.0002847,0.00033826553,0,0.0019665214,286.0322901973733,271.18472350666394,2474,11644.724,3.9517643,954.18146,0.31483686,13771.328,4.65704,0,,,,,286.0322901973733,0.00055004645,271.18472350666394,0.0005340373,0.00589077,0.017680258
1.0004935,0.00033828046,0,0.0019672832,286.0324267749472,271.1833927744204,2475,11647.574,3.9519532,954.43585,0.31496185,13774.203,4.6572456,0,,,,,286.0324267749472,0.00054980366,271.1833927744204,0.0005336669,0.0060559222,0.017755773
1.0000386,0.00033816407,0,0.0019680446,286.03275448276344,271.18439789824754,2476,11641.867,3.9515288,954.4064,0.31490475,13767.941,4.655643,0,,,,,286.03275448276344,0.00055025116,271.18439789824754,0.00053416134,0.00614327,0.017489024
1.000429,0.00033829437,0,0.001968806,286.0328175090363,271.1846061083546,2477,11647.224,3.9521813,955.0356,0.31458026,13773.316,4.657437,0,,,,,286.0328175090363,0.00054998713,271.1846061083546,0.00053391425,0.006109993,0.017679438
0.99992245,0.0003382254,0,0.0019695673,286.03161618707884,271.18484329417134,2478,11641.1875,3.9514506,954.2632,0.3148519,13766.342,4.6564875,0,,,,,286.03161618707884,0.000550227,271.18484329417134,0.0005341769,0.0056689563,0.017952468
1.000264,0.00033824815,0,0.0019703284,286.0323648771974,271.18408921789165,2479,11644.425,3.95166,954.9073,0.31509602,13771.044,4.6568007,0,,,,,286.0323648771974,0.0005498703,271.18408921789165,0.00053358526,0.006068811,0.01768123
0.9995809,0.00033820825,0,0.0019710893,286.03202874171956,271.1840977684737,2480,11635.789,3.951051,954.4187,0.31473675,13761.64,4.6562514,0,,,,,286.03202874171956,0.00055026624,271.1840977684737,0.0005341065,0.0058597806,0.018039776
1.000431,0.00033825196,0,0.0019718502,286.03181651176504,271.1848453671973,2481,11645.249,3.9516597,954.0211,0.31495297,13773.343,4.656853,0,,,,,286.03181651176504,0.0005496895,271.1848453671973,0.0005336841,0.0057171737,0.018405778
1.000528,0.00033823628,0,0.0019726108,286.03185140614556,271.18409081778225,2482,11646.069,3.9518664,953.223,0.31506708,13774.679,4.656637,0,,,,,286.03185140614556,0.00054968905,271.18409081778225,0.0005336535,0.0058905925,0.018324753
0.99959856,0.00033819184,0,0.0019733715,286.032687281192,271.18365411001434,2483,11636.571,3.951091,954.3968,0.3151155,13761.883,4.6560254,0,,,,,286.032687281192,0.00055054517,271.18365411001434,0.00053438114,0.00605247,0.017896777
0.9999756,0.00033821934,0,0.001974132,286.0331467770715,271.1843652267354,2484,11640.908,3.9513988,954.00256,0.31493592,13767.073,4.656404,0,,,,,286.0331467770715,0.00055015413,271.1843652267354,0.0005339523,0.006091364,0.01781367
0.99989843,0.00033823203,0,0.0019748923,286.03283923526266,271.1856886725601,2485,11639.803,3.951358,953.3954,0.3155335,13766.011,4.6565785,0,,,,,286.03283923526266,0.00055007834,271.1856886725601,0.0005340406,0.0057116654,0.017987257
1.0002385,0.00033821005,0,0.0019756525,286.0324773936341,271.1841985588209,2486,11643.146,3.9515069,953.3564,0.3145006,13770.693,4.656276,0,,,,,286.0324773936341,0.0005501258,271.1841985588209,0.0005339103,0.0058926786,0.018176006
0.9995089,0.0003381292,0,0.0019764125,286.0321492430565,271.18407361809903,2487,11633.646,3.9507039,953.7557,0.3150737,13760.648,4.6551633,0,,,,,286.0321492430565,0.00055031676,271.18407361809903,0.00053418585,0.0059523648,0.01848804
0.9996693,0.00033811489,0,0.0019771724,286.03304849192403,271.185026605829,2488,11634.93,3.9508553,953.17834,0.31485966,13762.856,4.654966,0,,,,,286.03304849192403,0.00055015733,271.185026605829,0.0005341472,0.006236673,0.01858799
0.9995692,0.00033815537,0,0.0019779322,286.03233765291617,271.185124881645,2489,11633.617,3.9507802,953.28546,0.31472552,13761.478,4.6555233,0,,,,,286.03233765291617,0.000550568,271.185124881645,0.00053445733,0.006228848,0.018456852
1.0001651,0.00033819364,0,0.0019786917,286.03256001318385,271.1849429790662,2490,11641.237,3.9515636,954.38434,0.3155354,13769.683,4.65605,0,,,,,286.03256001318385,0.00055028073,271.1849429790662,0.000534141,0.006394415,0.018241731
0.99934566,0.0003381149,0,0.0019794512,286.03301214184364,271.1847791410708,2491,11632.124,3.950746,953.4495,0.3146092,13758.4,4.6549664,0,,,,,286.03301214184364,0.00055055757,271.1847791410708,0.0005344436,0.006589053,0.017745642
1.0001556,0.00033812269,0,0.0019802107,286.0330592286871,271.18419333840774,2492,11640.89,3.9513521,953.2528,0.31518966,13769.552,4.655073,0,,,,,286.0330592286871,0.00055013783,271.18419333840774,0.0005339522,0.006719836,0.017797792
0.99992204,0.0003380662,0,0.00198097,286.03402863351914,271.18364132409675,2493,11636.86,3.951151,954.6165,0.3150986,13766.336,4.6542954,0,,,,,286.03402863351914,0.00055045326,271.18364132409675,0.0005342075,0.0070171966,0.017598763
1.0004318,0.00033789073,128,0.001981729,286.0325033600912,271.1842469326991,2494,11642.641,3.9519947,952.725,0.31506425,13773.354,4.65188,128,,,,,286.0325033600912,0.00054983905,271.1842469326991,0.00053367286,0.007412117,0.017326482
1.0005145,0.0003380847,0,0.001982488,286.03333299745725,271.1847157516995,2495,11644.18,3.9516792,953.1659,0.31508654,13774.492,4.6545506,0,,,,,286.03333299745725,0.00055050827,271.1847157516995,0.00053433125,0.0073755453,0.017552286
1.0004554,0.0003379797,0,0.0019832468,286.03402138364635,271.1845700599507,2496,11643.015,3.951515,953.7007,0.3147643,13773.679,4.653105,0,,,,,286.03402138364635,0.00055034,271.1845700599507,0.0005341856,0.007417012,0.017300107
1.0002558,0.00033806375,0,0.0019840053,286.03457023847653,271.1837888153377,2497,11641.284,3.9516149,953.643,0.315335,13770.931,4.654262,0,,,,,286.03457023847653,0.00055048574,271.1837888153377,0.0005342929,0.0075455587,0.017079119
1.0006217,0.0003381544,0,0.001984764,286.03274743833134,271.18516278307584,2498,11645.487,3.9517303,953.54895,0.31496605,13775.969,4.65551,0,,,,,286.03274743833134,0.0005500403,271.18516278307584,0.0005340083,0.007286386,0.017029379
1.0012674,0.0003381743,0,0.0019855222,286.0332282765492,271.18357354172866,2499,11652.771,3.9522717,952.7602,0.31468165,13784.858,4.6557837,0,,,,,286.0332282765492,0.0005495575,271.18357354172866,0.0005333626,0.00732153,0.017227579
1.0005476,0.00033800572,0,0.0019862805,286.03299294046263,271.18381844634337,2500,11642.533,3.9515228,953.98315,0.3147242,13774.949,4.653463,0,,,,,286.03299294046263,0.00055000087,271.18381844634337,0.0005339124,0.007207695,0.017479485
1.0011269,0.0003379777,0,0.0019870386,286.03285919958273,271.18392248830503,2501,11649.962,3.9521224,953.18945,0.31537235,13782.923,4.653077,0,,,,,286.03285919958273,0.0005500389,271.18392248830503,0.00053376437,0.0074759633,0.017617682
1.000497,0.00033808267,0,0.0019877967,286.03349218662566,271.18408457005347,2502,11643.537,3.9515593,953.2751,0.3146936,13774.251,4.6545224,0,,,,,286.03349218662566,0.00055056054,271.18408457005347,0.0005343451,0.0074710054,0.017264219
1.0003567,0.0003381237,0,0.0019885546,286.0321123403317,271.1841771552753,2503,11642.201,3.9513912,952.01965,0.31459433,13772.32,4.6550875,0,,,,,286.0321123403317,0.000549823,271.1841771552753,0.0005337173,0.0072574387,0.017296791
1.0009345,0.00033812024,0,0.0019893122,286.0350326275475,271.1836760697594,2504,11648.719,3.951824,952.78784,0.31499258,13780.275,4.65504,0,,,,,286.0350326275475,0.00055025384,271.1836760697594,0.0005340448,0.0072309603,0.017779818
1.0003403,0.00033813223,0,0.0019900699,286.03232218053506,271.1839954959025,2505,11640.649,3.9512322,951.9272,0.3150862,13772.095,4.655205,0,,,,,286.03232218053506,0.0005501347,271.1839954959025,0.00053397735,0.006754844,0.018155191
1.0005118,0.00033812772,0,0.0019908273,286.0332483206214,271.18543311183026,2506,11641.62,3.9514463,952.6222,0.31519663,13774.454,4.655143,0,,,,,286.0332483206214,0.0005501557,271.18543311183026,0.0005340796,0.006813029,0.018773232
0.99989617,0.00033813558,0,0.0019915847,286.0325239961645,271.18619076258886,2507,11634.886,3.950725,951.9472,0.31518584,13765.9795,4.655251,0,,,,,286.0325239961645,0.0005501443,271.18619076258886,0.000534138,0.006430572,0.01927869
1.0005662,0.00033819955,0,0.0019923418,286.0343244552378,271.1854287135283,2508,11642.59,3.9515865,953.6859,0.31510592,13775.205,4.6561317,0,,,,,286.0343244552378,0.00055009424,271.1854287135283,0.00053405017,0.0063644024,0.019328874
0.99968475,0.00033813363,0,0.0019930988,286.03246479196554,271.18550588613067,2509,11632.663,3.9507208,952.1511,0.3150931,13763.069,4.655224,0,,,,,286.03246479196554,0.00055032223,271.18550588613067,0.0005342004,0.006449681,0.019301428
1.0001898,0.00033819207,0,0.0019938557,286.03274072562016,271.18526964619986,2510,11638.786,3.9512794,952.9639,0.31478342,13770.022,4.6560287,0,,,,,286.03274072562016,0.0005499768,271.18526964619986,0.00053393614,0.006142533,0.019150997
1.0000777,0.00033814798,0,0.0019946124,286.03369426232666,271.1848028553546,2511,11637.069,3.9509625,952.2778,0.3152335,13768.479,4.6554217,0,,,,,286.03369426232666,0.0005500194,271.1848028553546,0.0005340055,0.0061465497,0.019171419
0.9997034,0.00033805193,0,0.001995369,286.03305110918535,271.18645385944507,2512,11631.91,3.9506426,952.8804,0.31469658,13763.326,4.6540995,0,,,,,286.03305110918535,0.00055045466,271.18645385944507,0.0005343569,0.0062581967,0.019218419
0.9992811,0.0003380961,0,0.0019961256,286.03337568931255,271.1858379915067,2513,11626.57,3.9501755,952.4812,0.31521353,13757.512,4.6547074,0,,,,,286.03337568931255,0.00055049814,271.1858379915067,0.00053452,0.0062941234,0.01973864
0.9999104,0.00033814847,0,0.0019968818,286.03261039649135,271.1863444110722,2514,11633.839,3.9508593,953.91626,0.3150083,13766.176,4.6554284,0,,,,,286.03261039649135,0.00055046775,271.1863444110722,0.00053445715,0.006278031,0.019791516
0.9998255,0.00033809902,0,0.001997638,286.03263110241903,271.18598434353476,2515,11633.353,3.9506617,951.3506,0.3151453,13765.007,4.6547475,0,,,,,286.03263110241903,0.0005503625,271.18598434353476,0.0005342834,0.0065199872,0.01921888
1.0004662,0.00033820278,0,0.001998394,286.0326585227506,271.1864275025685,2516,11640.814,3.9514322,953.20905,0.3149015,13773.828,4.656176,0,,,,,286.0326585227506,0.0005499576,271.1864275025685,0.0005339276,0.006163998,0.01962794
1.000107,0.00033813115,8192,0.00199915,286.03410249998115,271.18610548570774,2517,11636.619,3.9510546,953.2174,0.31497285,13768.883,4.65519,8192,,,,,286.03410249998115,0.00055024796,271.18610548570774,0.00053419004,0.006268112,0.01971306
0.99963915,0.00033812746,0,0.0019999058,286.03246665185605,271.18586222473465,2518,11631.407,3.9505029,952.339,0.3148122,13762.441,4.655139,0,,,,,286.03246665185605,0.00055008277,271.18586222473465,0.00053397147,0.006301731,0.019383773
0.99959755,0.0003380422,0,0.0020006616,286.0331702541195,271.18554539108425,2519,11629.722,3.9504907,952.4797,0.3152075,13761.868,4.6539655,0,,,,,286.0331702541195,0.00055026886,271.18554539108425,0.0005342787,0.006201891,0.019832676
1.0005062,0.00033813427,0,0.002001417,286.031962991501,271.18635209385405,2520,11639.411,3.9511466,952.5308,0.31482488,13774.377,4.655233,0,,,,,286.031962991501,0.00054986955,271.18635209385405,0.00053401466,0.0063684178,0.019784098
1.00066,0.00033817475,0,0.0020021724,286.03233365906607,271.18633697782764,2521,11641.352,3.9512982,951.313,0.31472352,13776.494,4.6557903,0,,,,,286.03233365906607,0.00054992526,271.18633697782764,0.00053384,0.0063876174,0.020033741
1.0001246,0.0003380551,0,0.0020029277,286.03285138602774,271.1860274117527,2522,11636.391,3.9508846,952.4638,0.31488654,13769.124,4.654143,0,,,,,286.03285138602774,0.00055023306,271.1860274117527,0.0005341787,0.0064174826,0.019707853
1.0002939,0.00033812874,0,0.0020036828,286.0327729853814,271.18716114428815,2523,11638.255,3.950953,951.23883,0.3146475,13771.454,4.6551566,0,,,,,286.0327729853814,0.0005500843,271.18716114428815,0.0005341247,0.006086352,0.019788174
0.9999399,0.00033808433,0,0.0020044376,286.03230096937955,271.1854492455652,2524,11634.421,3.9506257,951.14233,0.31498545,13766.582,4.6545453,0,,,,,286.03230096937955,0.00055010244,271.1854492455652,0.0005340871,0.0062100957,0.019794201
0.9998282,0.00033802693,0,0.0020051925,286.032453114529,271.1853628708354,2525,11632.525,3.9505844,952.3954,0.3153028,13765.044,4.653755,0,,,,,286.032453114529,0.00055015634,271.1853628708354,0.00053410634,0.0058784215,0.019969417
1.0009687,0.00033818395,0,0.0020059473,286.03300889374754,271.1871533496742,2526,11645.633,3.951725,951.6419,0.31559244,13780.746,4.6559167,0,,,,,286.03300889374754,0.00054977287,271.1871533496742,0.0005337239,0.0062223054,0.020061351
0.9995407,0.0003380698,0,0.0020067017,286.03255359602247,271.1870446286977,2527,11627.555,3.9502282,952.0837,0.31512254,13761.086,4.6543455,0,,,,,286.03255359602247,0.0005504544,271.1870446286977,0.00053445797,0.0064582215,0.019976357
1.0005522,0.00033811445,0,0.002007456,286.03332266087875,271.1862653566653,2528,11639.746,3.9511914,952.02875,0.31484088,13775.011,4.65496,0,,,,,286.03332266087875,0.0005503576,271.1862653566653,0.0005343453,0.0064001475,0.020166205
1.0003138,0.00033800982,0,0.0020082104,286.03397085726107,271.1860865885573,2529,11637.208,3.951136,953.1643,0.31529123,13771.7295,4.6535196,0,,,,,286.03397085726107,0.00055020483,271.1860865885573,0.000534129,0.006438446,0.019820085
1.0003995,0.00033810383,0,0.0020089645,286.03364324844466,271.18671332909446,2530,11638.224,3.9510002,951.62195,0.31484663,13772.908,4.654814,0,,,,,286.03364324844466,0.00054988486,271.18671332909446,0.00053383433,0.0065584066,0.01989748
1.0003117,0.0003381219,0,0.0020097184,286.032452908583,271.18677624162706,2531,11637.331,3.9509761,952.3692,0.31507877,13771.7,4.6550627,0,,,,,286.032452908583,0.0005501084,271.18677624162706,0.00053418835,0.00647099,0.019945111
0.9998376,0.00033801116,0,0.0020104724,286.0336858341182,271.1870380970299,2532,11630.42,3.950304,951.37726,0.31502187,13765.173,4.6535378,0,,,,,286.0336858341182,0.0005498852,271.1870380970299,0.0005339257,0.006649274,0.020012744
1.0002021,0.0003380271,0,0.002011226,286.0334737554517,271.1862497789607,2533,11634.4795,3.9507508,953.32996,0.31510597,13770.191,4.6537576,0,,,,,286.0334737554517,0.00055002957,271.1862497789607,0.00053408433,0.006615922,0.020123214
0.99992764,0.0003380339,0,0.0020119797,286.033561575459,271.1863567507976,2534,11630.305,3.950403,952.2021,0.3150072,13766.413,4.653851,0,,,,,286.033561575459,0.0005503076,271.1863567507976,0.00053421914,0.00653736,0.0201657
0.99958163,0.00033803197,0,0.0020127331,286.0330237358454,271.18689938840146,2535,11627.457,3.9501493,952.226,0.314417,13761.649,4.6538243,0,,,,,286.0330237358454,0.0005506156,271.18689938840146,0.0005345429,0.006313125,0.020508848
1.0009636,0.00033814603,0,0.0020134863,286.03400078827826,271.18683171301024,2536,11643.959,3.9516165,951.98846,0.3152402,13780.675,4.6553946,0,,,,,286.03400078827826,0.000549873,271.18683171301024,0.00053387816,0.006471189,0.01996216
0.9996618,0.0003380357,0,0.0020142396,286.0345617380976,271.18668972721855,2537,11628.938,3.9504185,952.2916,0.31510004,13762.753,4.653876,0,,,,,286.0345617380976,0.000550847,271.18668972721855,0.0005348505,0.0063558687,0.020090783
0.9997478,0.00033801948,0,0.0020149925,286.033374893517,271.186245289501,2538,11629.621,3.950368,951.5401,0.3148347,13763.9375,4.6536527,0,,,,,286.033374893517,0.0005508041,271.186245289501,0.00053481845,0.0063090557,0.020041715
0.99994445,0.0003379999,0,0.0020157453,286.0324669980362,271.18681787687575,2539,11631.45,3.9504337,953.5778,0.3151384,13766.645,4.653383,0,,,,,286.0324669980362,0.0005504823,271.18681787687575,0.0005344681,0.0061655534,0.020153392
0.99977666,0.00033807152,0,0.002016498,286.03339300321306,271.18707402868625,2540,11628.998,3.9503388,952.4266,0.31471622,13764.334,4.654369,0,,,,,286.03339300321306,0.00055078435,271.18707402868625,0.0005347891,0.0065175677,0.020078788
0.99995077,0.0003380559,0,0.0020172508,286.0320361392696,271.1869242502672,2541,11629.996,3.9503691,951.983,0.31446746,13766.731,4.654154,0,,,,,286.0320361392696,0.00055026705,271.1869242502672,0.00053447316,0.0064391554,0.020521237
1.0006533,0.00033809122,0,0.002018003,286.0333105821291,271.18589847524305,2542,11638.308,3.951259,952.3019,0.31476152,13776.402,4.65464,0,,,,,286.0333105821291,0.00055029226,271.18589847524305,0.0005342838,0.00662796,0.020454938
0.9998731,0.0003380446,0,0.0020187555,286.0332066204701,271.18684069770825,2543,11630.31,3.950451,951.6952,0.31563738,13765.662,4.6539984,0,,,,,286.0332066204701,0.00055060163,271.18684069770825,0.0005346631,0.0062722615,0.020303978
1.0003637,0.00033813345,8192,0.0020195076,286.033556944832,271.18740481145386,2544,11637.208,3.9509778,952.3148,0.3149381,13772.416,4.6552215,8192,,,,,286.033556944832,0.0005502518,271.18740481145386,0.0005343323,0.006323877,0.020178571
0.99958116,0.00033799803,0,0.0020202596,286.03369091726677,271.1866259444269,2545,11627.8545,3.950235,951.03253,0.31497848,13761.643,4.653357,0,,,,,286.03369091726677,0.0005503698,271.1866259444269,0.0005343467,0.0061557097,0.020113165
1.0000553,0.00033805709,0,0.0020210114,286.03409059467265,271.18730382630696,2546,11631.952,3.950471,951.74976,0.31462288,13768.17,4.65417,0,,,,,286.03409059467265,0.0005505019,271.18730382630696,0.0005345309,0.0061993063,0.020471744
0.99963117,0.000338001,0,0.0020217632,286.0331493091755,271.1864581496729,2547,11627.831,3.9501193,951.78,0.315432,13762.331,4.653398,0,,,,,286.0331493091755,0.00054989324,271.1864581496729,0.00053394306,0.006153129,0.020519992
0.9999496,0.00033797664,0,0.0020225148,286.031853112987,271.1876659512246,2548,11629.577,3.9503007,952.45703,0.31465805,13766.715,4.653063,0,,,,,286.031853112987,0.0005499421,271.1876659512246,0.0005340572,0.006181398,0.02084414
0.99975216,0.0003380194,0,0.0020232664,286.0323412074726,271.1870365494713,2549,11627.698,3.9500864,951.5234,0.31474605,13763.997,4.653651,0,,,,,286.0323412074726,0.00055003265,271.1870365494713,0.0005342173,0.006216975,0.021086264
1.0005333,0.00033801945,0,0.0020240177,286.03320695051497,271.1871276832288,2550,11636.307,3.9508634,952.5809,0.31476307,13774.752,4.653652,0,,,,,286.03320695051497,0.0005504113,271.1871276832288,0.0005345236,0.006480768,0.020735376
1.000583,0.00033807658,0,0.0020247689,286.0326081234454,271.1871591481157,2551,11637.634,3.9510543,951.86566,0.3145344,13775.436,4.6544385,0,,,,,286.0326081234454,0.00054999156,271.1871591481157,0.0005341436,0.0064053712,0.020622654
1.000824,0.00033809815,0,0.00202552,286.03368722674963,271.18701008491917,2552,11639.762,3.9510667,951.7104,0.31478,13778.753,4.6547356,0,,,,,286.03368722674963,0.0005503814,271.18701008491917,0.0005343721,0.0063450974,0.02049097
1.0000829,0.0003380054,0,0.0020262708,286.0323214082682,271.1874328475136,2553,11632.109,3.950525,951.661,0.31474376,13768.55,4.6534586,0,,,,,286.0323214082682,0.0005502729,271.1874328475136,0.0005343221,0.0062734783,0.020670945
1.0006896,0.00033805642,0,0.0020270215,286.0333381896043,271.1870111671032,2554,11638.77,3.9509895,951.1481,0.31459987,13776.903,4.654161,0,,,,,286.0333381896043,0.0005496353,271.1870111671032,0.0005337258,0.0059979893,0.02074109
1.0000665,0.0003379416,0,0.0020277721,286.0327329234244,271.1861839266466,2555,11630.751,3.9503279,950.77496,0.31490242,13768.324,4.6525803,0,,,,,286.0327329234244,0.0005499682,271.1861839266466,0.00053405424,0.0064248065,0.020789675
1.0006331,0.00033808392,0,0.0020285225,286.0329672277344,271.1867983331568,2556,11636.201,3.950694,950.89264,0.31486934,13776.126,4.6545396,0,,,,,286.0329672277344,0.0005496491,271.1867983331568,0.0005337546,0.0066424054,0.020558847
1.0006206,0.00033812082,128,0.002029273,286.0327428159088,271.1871421421645,2557,11635.234,3.9516046,950.7388,0.3151679,13775.954,4.655048,128,,,,,286.0327428159088,0.0005500318,271.1871421421645,0.0005341159,0.0064692153,0.021141084
0.9995474,0.0003379719,0,0.0020300231,286.0330271444777,271.1878040460929,2558,11625.108,3.9498613,951.5892,0.3145068,13761.179,4.6529975,0,,,,,286.0330271444777,0.00055066467,271.1878040460929,0.00053473556,0.0063524777,0.020957774
1.00001,0.00033802708,0,0.0020307733,286.0342962712329,271.18791594170415,2559,11629.885,3.950764,957.6837,0.3153972,13767.548,4.653757,0,,,,,286.0342962712329,0.00055012235,271.18791594170415,0.00053421146,0.006378435,0.020622874
0.9995578,0.0003378223,0,0.002032273,286.03272962256864,271.18799206110873,2561,11624.031,3.949844,951.7007,0.314813,13761.321,4.650938,0,,,,,286.03272962256864,0.00055075885,271.18799206110873,0.000534807,0.006097222,0.021157844
0.999723,0.00033792722,0,0.0020330225,286.03264926081357,271.18785434800384,2562,11625.773,3.9500098,951.3946,0.31501004,13763.596,4.6523824,0,,,,,286.03264926081357,0.00055038015,271.18785434800384,0.0005345139,0.0061583626,0.021308383
1.0002949,0.0003381343,128,0.002033772,286.03299599665826,271.187573193217,2563,11631.22,3.951372,951.7067,0.31486198,13771.469,4.6552334,128,,,,,286.03299599665826,0.0005500247,271.187573193217,0.00053422427,0.006215739,0.021243734
0.999946,0.0003380207,0,0.0020345214,286.0334551022936,271.1879712991717,2564,11627.103,3.9500263,950.8333,0.3153377,13766.666,4.6536694,0,,,,,286.0334551022936,0.0005502101,271.1879712991717,0.00053427723,0.0062512546,0.021584015
1.0004251,0.00033793892,0,0.0020352704,286.0336033508317,271.187381114627,2565,11633.386,3.9505587,950.79895,0.31446713,13773.262,4.6525435,0,,,,,286.0336033508317,0.000550075,271.187381114627,0.0005342006,0.006392098,0.021178827
1.0002186,0.0003379064,0,0.0020360197,286.0330617576304,271.1877879606092,2566,11631.417,3.950364,951.2736,0.3148353,13770.42,4.6520953,0,,,,,286.0330617576304,0.0005503483,271.1877879606092,0.00053461234,0.0060174223,0.021053214
1.0006149,0.00033793494,0,0.0020367685,286.0337887632713,271.18770250396665,2567,11635.874,3.9507782,951.82166,0.31486627,13775.874,4.6524887,0,,,,,286.0337887632713,0.0005497443,271.18770250396665,0.0005338675,0.0061368505,0.021236314
1.0004542,0.00033802216,0,0.0020375173,286.0339135723692,271.1883227111829,2568,11632.696,3.950429,950.9081,0.3149582,13773.662,4.6536894,0,,,,,286.0339135723692,0.00054941856,271.1883227111829,0.00053356885,0.0061430433,0.021554733
1.0004548,0.00033802164,0,0.002038266,286.03262798095324,271.1873617392029,2569,11632.918,3.950471,951.8811,0.31473184,13773.671,4.653682,0,,,,,286.03262798095324,0.00055005663,271.1873617392029,0.00053413695,0.006372781,0.021393858
1.000169,0.00033793578,0,0.0020390144,286.03207388394196,271.18803878606104,2570,11629.211,3.9502194,950.1531,0.31514132,13769.736,4.6525,0,,,,,286.03207388394196,0.00055042177,271.18803878606104,0.000534573,0.006307841,0.02132825
0.99927866,0.00033792297,0,0.0020397627,286.03291734207545,271.18806217847833,2571,11619.004,3.9494507,951.8256,0.3151488,13757.479,4.6523237,0,,,,,286.03291734207545,0.000550669,271.18806217847833,0.00053486746,0.0064834845,0.02146479
1.0006222,0.00033793657,0,0.002040511,286.03313341075653,271.18771460147707,2572,11635.099,3.9507108,951.9489,0.31448463,13775.975,4.652511,0,,,,,286.03313341075653,0.00055048254,271.18771460147707,0.0005346095,0.0061444757,0.02155337
1.0004573,0.000337945,0,0.002041259,286.0346338522484,271.18857194625247,2573,11633.329,3.9506156,952.0229,0.31449166,13773.705,4.652627,0,,,,,286.0346338522484,0.0005500192,271.18857194625247,0.00053425354,0.0063791503,0.021102676
0.999765,0.00033796948,0,0.002042007,286.03390404015136,271.1859399286657,2574,11624.91,3.9499333,950.6413,0.31474477,13764.174,4.652964,0,,,,,286.03390404015136,0.00055014656,271.1859399286657,0.0005341789,0.0063869515,0.020811161
1.0008247,0.00033805624,0,0.0020427548,286.0336497533375,271.1870368604814,2575,11636.049,3.9507258,951.0755,0.3146743,13778.763,4.6541586,0,,,,,286.0336497533375,0.00054990366,271.1870368604814,0.0005340096,0.0065826825,0.020817142
1.0002799,0.000337993,0,0.0020435024,286.0335121997777,271.18726685189415,2576,11630.031,3.9503915,951.426,0.31458965,13771.263,4.653288,0,,,,,286.0335121997777,0.00055013195,271.18726685189415,0.00053428335,0.0068386556,0.02104988
1.0006545,0.00033797475,0,0.0020442498,286.03427395652056,271.18633746848195,2577,11633.46,3.9505513,951.4495,0.31515113,13776.419,4.6530366,0,,,,,286.03427395652056,0.00055015826,271.18633746848195,0.0005341377,0.0072111557,0.02037059
1.000706,0.00033805877,0,0.0020449972,286.03461408956264,271.18733477336934,2578,11636.334,3.950884,950.2719,0.3149724,13777.129,4.6541934,0,,,,,286.03461408956264,0.0005502153,271.18733477336934,0.0005343339,0.0071182423,0.020403951
1.000316,0.0003379571,16,0.0020457443,286.0334528847222,271.186388110131,2579,11631.248,3.9503014,950.58514,0.31484473,13771.76,4.652794,16,,,,,286.0334528847222,0.00055017334,271.186388110131,0.0005342237,0.0069583654,0.019848792
0.99950516,0.00033788092,16,0.0020464915,286.0342244969425,271.1879399313092,2580,11620.414,3.9495804,950.6931,0.31505427,13760.597,4.651745,16,,,,,286.0342244969425,0.00055052066,271.1879399313092,0.00053461746,0.0074770493,0.02034892
1.0001106,0.00033796232,16,0.0020472384,286.03385878984295,271.1868335776704,2581,11626.845,3.9498987,949.97125,0.31495744,13768.932,4.6528654,16,,,,,286.03385878984295,0.0005504167,271.1868335776704,0.0005344052,0.007268846,0.020627715
0.99993616,0.00033790752,16,0.002047985,286.0332260721419,271.1875709111045,2582,11624.598,3.949853,950.4352,0.31460047,13766.53,4.652111,16,,,,,286.0332260721419,0.00055044267,271.1875709111045,0.0005344965,0.0075592864,0.02054749
1.0003132,0.00033791407,16,0.0020487318,286.03375327787217,271.18643548119553,2583,11628.686,3.9499707,950.1613,0.31486908,13771.721,4.652201,16,,,,,286.03375327787217,0.0005500341,271.18643548119553,0.0005340622,0.007283414,0.020611893
1.0004269,0.00033795577,16,0.0020494782,286.0338951764977,271.1877640232276,2584,11631.604,3.9502962,950.77057,0.31444252,13773.287,4.6527753,16,,,,,286.0338951764977,0.0005500793,271.1877640232276,0.0005341476,0.007195801,0.020514818
1.0001745,0.00033797257,16,0.0020502247,286.03436302759394,271.1871753976796,2585,11628.484,3.950123,951.66943,0.31459948,13769.8125,4.6530066,16,,,,,286.03436302759394,0.0005508341,271.1871753976796,0.00053480733,0.0072134053,0.020509638
1.0009342,0.00033792338,16,0.002050971,286.03439076790687,271.18727257156945,2586,11636.981,3.9506152,950.04803,0.315348,13780.271,4.6523294,16,,,,,286.03439076790687,0.0005500846,271.18727257156945,0.0005341695,0.006671668,0.020959774
1.0007465,0.00033795377,16,0.002051717,286.0330910368686,271.1872625410628,2587,11633.206,3.9504874,950.5399,0.31459412,13777.687,4.6527476,16,,,,,286.0330910368686,0.00055044546,271.1872625410628,0.0005345142,0.006936962,0.021173196
1.0004482,0.00033794346,16,0.002052463,286.0350188624525,271.18841452391274,2588,11629.647,3.9502976,950.09784,0.3149275,13773.58,4.652606,16,,,,,286.0350188624525,0.0005503837,271.18841452391274,0.0005343922,0.006899579,0.021328736
1.0001142,0.00033794812,16,0.0020532086,286.03371250584524,271.188475329905,2589,11625.291,3.9499454,951.36523,0.31507447,13768.981,4.65267,16,,,,,286.03371250584524,0.0005504547,271.188475329905,0.0005346849,0.006615787,0.02151963
1.0001726,0.0003379014,16,0.0020539542,286.0331175224278,271.1883143724874,2590,11627.48,3.9500122,949.1087,0.31511736,13769.786,4.652027,16,,,,,286.0331175224278,0.0005502564,271.1883143724874,0.0005344593,0.0064207795,0.0216404
1.0005357,0.0003378475,16,0.0020546997,286.0329394468724,271.18858128743744,2591,11630.363,3.9502053,950.0235,0.31480092,13774.785,4.6512847,16,,,,,286.0329394468724,0.00054997974,271.18858128743744,0.0005341439,0.006107901,0.021765165
1.0001199,0.00033787615,8208,0.002055445,286.03350614748655,271.18789712278465,2592,11624.447,3.9498813,950.21454,0.3149869,13769.061,4.651679,8208,,,,,286.03350614748655,0.0005502631,271.18789712278465,0.00053436897,0.006085296,0.021069268
1.0000863,0.00033786122,16,0.0020561903,286.0323151516437,271.18758795930887,2593,11625.048,3.950002,950.1122,0.3147971,13768.598,4.6514735,16,,,,,286.0323151516437,0.00055027375,271.18758795930887,0.0005344169,0.0061523872,0.02154933
0.9996612,0.00033791666,0,0.0020569353,286.0336903617404,271.18826756708177,2594,11620.436,3.949646,950.82245,0.3146207,13762.745,4.652237,0,,,,,286.0336903617404,0.0005508673,271.18826756708177,0.00053505594,0.006247141,0.021672824
1.000531,0.0003379739,0,0.0020576802,286.03419779037824,271.1873496919381,2595,11629.913,3.9501834,950.6756,0.31539997,13774.72,4.653025,0,,,,,286.03419779037824,0.0005502303,271.1873496919381,0.00053432997,0.0064133904,0.021353023
1.000291,0.00033788974,0,0.002058425,286.03372777950744,271.1884508921449,2596,11627.649,3.9499352,950.4438,0.31460598,13771.416,4.6518664,0,,,,,286.03372777950744,0.0005498854,271.1884508921449,0.00053411647,0.0063522058,0.021373473
1.0007473,0.00033791593,0,0.0020591696,286.0346103967666,271.1889019687306,2597,11633.121,3.9503899,949.1983,0.31513557,13777.697,4.652227,0,,,,,286.0346103967666,0.0005498876,271.1889019687306,0.00053408655,0.0062954538,0.021460772
0.9995708,0.00033780953,0,0.002059914,286.03407075499956,271.1875493846263,2598,11619.076,3.9493551,950.18677,0.31483924,13761.5,4.650762,0,,,,,286.03407075499956,0.0005508309,271.1875493846263,0.0005349181,0.0062633995,0.021369906
0.999826,0.00033788133,0,0.0020606583,286.03350640349004,271.18804021611305,2599,11621.793,3.9495268,949.975,0.3148797,13765.014,4.6517506,0,,,,,286.03350640349004,0.0005505106,271.18804021611305,0.00053465983,0.006426917,0.021639911
1.0001401,0.0003379139,0,0.0020614027,286.03260226300057,271.1885068629851,2600,11624.349,3.9497323,949.2832,0.31506142,13769.337,4.652199,0,,,,,286.03260226300057,0.00055005826,271.1885068629851,0.00053429016,0.00613263,0.021960415
1.0000082,0.00033787862,0,0.0020621466,286.0330345688405,271.18842625057704,2601,11622.999,3.949676,949.6687,0.31482232,13767.522,4.6517134,0,,,,,286.0330345688405,0.00055031007,271.18842625057704,0.00053449406,0.0062831845,0.022013482
1.0002176,0.0003379193,0,0.0020628904,286.032917288907,271.18789720490963,2602,11626.108,3.9497278,948.64966,0.31481782,13770.404,4.652273,0,,,,,286.032917288907,0.00055017206,271.18789720490963,0.0005343788,0.006196468,0.021747231
0.9999346,0.00033783066,0,0.0020636343,286.0333074815496,271.1888232267003,2603,11622.743,3.9495654,950.81323,0.3148788,13766.509,4.651053,0,,,,,286.0333074815496,0.00055034313,271.1888232267003,0.0005345428,0.006085711,0.021918217
1.0002586,0.0003378491,0,0.0020643778,286.0328823901855,271.1886178468389,2604,11625.988,3.9498708,950.83777,0.3152915,13770.97,4.651307,0,,,,,286.0328823901855,0.0005502849,271.1886178468389,0.00053454586,0.006249908,0.02165049
1.0003057,0.0003378421,0,0.0020651212,286.0330602851921,271.1886757927508,2605,11625.892,3.9497867,949.44714,0.3148713,13771.617,4.6512103,0,,,,,286.0330602851921,0.0005501945,271.1886757927508,0.00053432677,0.0062305313,0.021945272
0.99984115,0.0003378869,0,0.0020658646,286.0338683901371,271.18787508095784,2606,11620.425,3.9494529,949.4803,0.3151162,13765.223,4.651827,0,,,,,286.0338683901371,0.0005505081,271.18787508095784,0.0005347809,0.006407459,0.022124259
1.0003126,0.00033787187,0,0.0020666078,286.0329623814395,271.18873220243114,2607,11624.51,3.9497092,950.05695,0.31459236,13771.712,4.6516204,0,,,,,286.0329623814395,0.000550043,271.18873220243114,0.0005343614,0.0062952926,0.02221733
0.99997187,0.00033785676,0,0.0020673508,286.0323437912228,271.187848660246,2608,11622.267,3.949563,948.65546,0.3150628,13767.021,4.6514125,0,,,,,286.0323437912228,0.00054997834,271.187848660246,0.0005341469,0.006377231,0.02187864
1.000497,0.00033780324,0,0.0020680937,286.0333581579131,271.18815728721074,2609,11628.457,3.9499922,949.3252,0.3150064,13774.251,4.6506753,0,,,,,286.0333581579131,0.00054985186,271.18815728721074,0.00053410593,0.0063219327,0.021470902
1.0000437,0.0003377875,0,0.0020688365,286.03387523529614,271.1888664378271,2610,11623.337,3.9497373,951.308,0.3151216,13768.012,4.650459,0,,,,,286.03387523529614,0.0005503575,271.1888664378271,0.00053453905,0.0063768416,0.021554947
0.9998212,0.00033779728,0,0.002069579,286.034941331569,271.1876805448644,2611,11618.988,3.9492812,949.38617,0.31440878,13764.947,4.6505933,0,,,,,286.034941331569,0.0005506581,271.1876805448644,0.0005346823,0.006501201,0.021501156
1.0002644,0.0003378575,0,0.0020703215,286.03380619423547,271.1886418659125,2612,11623.478,3.9495084,950.1162,0.31487817,13771.049,4.6514225,0,,,,,286.03380619423547,0.0005503345,271.1886418659125,0.0005345547,0.0069188313,0.021555565
1.0003308,0.00033788616,0,0.0020710637,286.0342676818724,271.1872161442188,2613,11624.399,3.9496574,949.18445,0.31523553,13771.963,4.651817,0,,,,,286.0342676818724,0.0005499328,271.1872161442188,0.00053412426,0.006720906,0.021713598
1.0006576,0.00033788296,0,0.0020718058,286.0334843685013,271.1888167683227,2614,11627.803,3.949893,949.36426,0.3146222,13776.462,4.651773,0,,,,,286.0334843685013,0.0005500979,271.1888167683227,0.0005343153,0.0064372104,0.021941425
0.9999341,0.00033783462,0,0.0020725478,286.03433628172576,271.1891877160681,2615,11620.506,3.9494133,950.1505,0.31492645,13766.502,4.6511073,0,,,,,286.03433628172576,0.0005505522,271.1891877160681,0.0005347723,0.006465931,0.021636812
0.9996692,0.0003376949,0,0.0020732896,286.03484750193473,271.188126350567,2616,11617.236,3.9491732,950.5527,0.3143419,13762.8545,4.6491838,0,,,,,286.03484750193473,0.0005507743,271.188126350567,0.00053489505,0.006221217,0.021717018
1.0004946,0.0003378499,0,0.0020740314,286.0333245117096,271.1882649622043,2617,11626.547,3.9499028,950.8252,0.31455624,13774.218,4.6513176,0,,,,,286.0333245117096,0.0005501583,271.1882649622043,0.00053443643,0.006297158,0.0217341
1.0002396,0.00033788115,0,0.002074773,286.03311632694533,271.18820223615893,2618,11622.492,3.9495544,949.26044,0.31539103,13770.708,4.651748,0,,,,,286.03311632694533,0.0005502616,271.18820223615893,0.0005344812,0.006417317,0.021969972
1.0006338,0.0003379331,0,0.0020755143,286.0336270386908,271.1878166951155,2619,11626.176,3.9498262,948.39984,0.31476626,13776.136,4.6524634,0,,,,,286.0336270386908,0.0005499799,271.1878166951155,0.0005341345,0.006201422,0.022460759
1.0005581,0.000337877,0,0.0020762556,286.0344918316846,271.18808014170787,2620,11626.3545,3.949729,949.9964,0.31519204,13775.093,4.651691,0,,,,,286.0344918316846,0.00055028585,271.18808014170787,0.0005344422,0.0065357164,0.022073744
1.0001631,0.00033788662,0,0.0020769967,286.0331854914416,271.1892815047165,2621,11622.432,3.9494746,949.79205,0.3149064,13769.654,4.6518235,0,,,,,286.0331854914416,0.000550425,271.1892815047165,0.00053463655,0.0065948633,0.021610405
1.0002911,0.00033781095,0,0.0020777378,286.0330827898715,271.1893385768271,2622,11622.845,3.9495258,951.1494,0.31440872,13771.417,4.6507816,0,,,,,286.0330827898715,0.00055042095,271.1893385768271,0.0005345916,0.006844243,0.021446116
1.0000613,0.00033774567,0,0.0020784785,286.03426127747815,271.18866713188106,2623,11619.545,3.9493287,949.99725,0.3152201,13768.253,4.649883,0,,,,,286.03426127747815,0.0005502479,271.18866713188106,0.00053444697,0.006553205,0.021911988
1.0000654,0.00033790065,0,0.0020792193,286.03443275607594,271.1882178822822,2624,11619.105,3.9494364,949.94403,0.31479132,13768.311,4.6520166,0,,,,,286.03443275607594,0.0005505319,271.1882178822822,0.00053470896,0.006852885,0.022022841
1.0007012,0.00033789923,0,0.0020799597,286.03515111978373,271.18873613114226,2625,11625.854,3.9498262,950.3385,0.3145453,13777.0625,4.651997,0,,,,,286.03515111978373,0.0005504924,271.18873613114226,0.0005346433,0.0066618784,0.022026833
1.0000316,0.00033785583,0,0.0020807001,286.0337220312683,271.18855484093433,2626,11618.483,3.9492245,949.3432,0.31545252,13767.844,4.6513996,0,,,,,286.0337220312683,0.000550462,271.18855484093433,0.00053469185,0.006664269,0.022148894
1.0004648,0.00033787006,0,0.0020814403,286.0328904727115,271.188103276842,2627,11624.537,3.9497082,950.36206,0.31462362,13773.809,4.6515956,0,,,,,286.0328904727115,0.0005499068,271.188103276842,0.0005341386,0.0067102695,0.021724356
1.0001256,0.00033777382,16,0.0020821805,286.03462795337896,271.18960106064964,2628,11619.909,3.9493523,950.1599,0.31500584,13769.139,4.6502705,16,,,,,286.03462795337896,0.0005504332,271.18960106064964,0.00053470366,0.0066767717,0.022188501
1.00025,0.00033779463,16,0.0020829204,286.03438575889237,271.1880889546863,2629,11622.22,3.949482,949.9244,0.31497657,13770.852,4.650557,16,,,,,286.03438575889237,0.0005504922,271.1880889546863,0.0005346658,0.0063772635,0.022160213
1.0009538,0.00033781963,16,0.0020836603,286.03489086857235,271.18900441155705,2630,11627.816,3.950011,949.4919,0.31509343,13780.541,4.650901,16,,,,,286.03489086857235,0.0005501263,271.18900441155705,0.00053429103,0.0066216895,0.022567715
1.0004033,0.00033777414,16,0.0020843998,286.03499940296325,271.18946915758835,2631,11621.905,3.9494371,949.53406,0.31455675,13772.961,4.6502748,16,,,,,286.03499940296325,0.00055050285,271.18946915758835,0.0005347392,0.006735787,0.02257146
1.0000418,0.0003377772,16,0.0020851393,286.03562202550967,271.1892633698116,2632,11617.227,3.9491143,950.57935,0.31424588,13767.985,4.6503167,16,,,,,286.03562202550967,0.00055059494,271.1892633698116,0.00053472514,0.006554576,0.022679137
1.0002271,0.00033774742,16,0.0020858787,286.0336869791409,271.1886760936869,2633,11620.869,3.9495661,949.95105,0.31543994,13770.536,4.649907,16,,,,,286.0336869791409,0.00055049715,271.1886760936869,0.00053473737,0.006457237,0.022660928
1.000332,0.0003376998,16,0.002086618,286.032411048971,271.18902118167466,2634,11622.463,3.9495366,948.79694,0.3149415,13771.98,4.6492515,16,,,,,286.032411048971,0.0005499754,271.18902118167466,0.0005342866,0.0060489373,0.0227488
0.99978566,0.00033765,16,0.002087357,286.03444937030014,271.1900682435857,2635,11615.105,3.948949,949.3599,0.314802,13764.458,4.648566,16,,,,,286.03444937030014,0.00055040745,271.1900682435857,0.00053469586,0.006144862,0.023115166
1.0001706,0.00033772291,16,0.002088096,286.0331584352731,271.1894962056126,2636,11618.661,3.9493444,948.9893,0.31507275,13769.758,4.6495695,16,,,,,286.0331584352731,0.0005507429,271.1894962056126,0.0005350394,0.0062025073,0.023126489
0.9996626,0.00033759762,16,0.0020888348,286.0332855065077,271.19007667115517,2637,11611.046,3.948657,949.35834,0.3148511,13762.764,4.647845,16,,,,,286.0332855065077,0.0005504433,271.19007667115517,0.00053476286,0.0062303175,0.02335302
1.0014194,0.00033802658,144,0.0020895733,286.0342542133821,271.18994936448786,2638,11631.988,3.9532435,948.28906,0.3148189,13786.951,4.6537504,144,,,,,286.0342542133821,0.00054978643,271.18994936448786,0.000534235,0.006706253,0.023180326
0.9995718,0.00033753904,16,0.0020903118,286.0337722151656,271.1901718551332,2639,11610.681,3.9485922,948.54266,0.31528836,13761.514,4.647038,16,,,,,286.0337722151656,0.0005507369,271.1901718551332,0.0005350133,0.0063763,0.023149677
0.99956,0.00033771028,16,0.0020910501,286.03372365499257,271.18970703648336,2640,11611.584,3.9486406,949.25024,0.31495795,13761.352,4.6493955,16,,,,,286.03372365499257,0.0005505852,271.18970703648336,0.0005348305,0.0063775894,0.023127941
0.99984616,0.00033769247,16,0.0020917882,286.0327611422014,271.1888421227164,2641,11615.353,3.9488907,947.868,0.31501785,13765.291,4.6491504,16,,,,,286.0327611422014,0.0005500258,271.1888421227164,0.00053435774,0.005753684,0.022989327
0.9996107,0.00033763994,16,0.0020925263,286.0336099255909,271.1892495178817,2642,11611.44,3.9485562,947.85333,0.31468177,13762.05,4.648427,16,,,,,286.0336099255909,0.00055053015,271.1892495178817,0.0005347804,0.006328084,0.022965493
1.0002474,0.0003377411,16,0.0020932641,286.03349110153255,271.188958222609,2643,11619.081,3.949208,947.68115,0.31499824,13770.815,4.64982,16,,,,,286.03349110153255,0.00054993574,271.188958222609,0.00053426577,0.006225765,0.022865783
1.0001553,0.00033773563,16,0.002094002,286.03305126484753,271.18885398298556,2644,11617.127,3.9490316,948.92426,0.31485903,13769.548,4.6497445,16,,,,,286.03305126484753,0.0005500866,271.18885398298556,0.00053437665,0.006341183,0.023294728
1.0005796,0.00033778485,16,0.0020947396,286.0345826170164,271.1888009311205,2645,11622.886,3.9494839,948.96234,0.31514245,13775.389,4.650422,16,,,,,286.0345826170164,0.0005502169,271.1888009311205,0.0005344877,0.006741043,0.023185804
1.0004102,0.00033756727,16,0.002095477,286.0338238730318,271.18940358994445,2646,11620.545,3.9493027,948.76953,0.31556,13773.057,4.6474266,16,,,,,286.0338238730318,0.0005498836,271.18940358994445,0.00053405954,0.006353819,0.02319413
0.9991545,0.00033753904,16,0.0020962143,286.0344434732679,271.1904472455138,2647,11605.741,3.9480376,947.9084,0.314508,13755.769,4.647038,16,,,,,286.0344434732679,0.0005506246,271.1904472455138,0.00053488236,0.0062926393,0.023237687
1.000253,0.00033773703,16,0.0020969515,286.03420534496587,271.19041246116484,2648,11618.401,3.9491096,947.673,0.3152613,13770.892,4.649764,16,,,,,286.03420534496587,0.0005503998,271.19041246116484,0.000534653,0.006346074,0.02282478
0.9996828,0.00033760446,16,0.0020976884,286.03452823802627,271.18982974728385,2649,11610.152,3.9484181,948.54474,0.31425506,13763.042,4.6479387,16,,,,,286.03452823802627,0.0005501825,271.18982974728385,0.0005344135,0.006610234,0.023329288
1.0003589,0.00033760318,16,0.0020984253,286.0344419349299,271.19077381541445,2650,11617.206,3.9491007,947.8451,0.31491837,13772.351,4.647921,16,,,,,286.0344419349299,0.00055095064,271.19077381541445,0.0005352377,0.0067593083,0.023546956
1.000398,0.0003375934,16,0.002099162,286.0333495340915,271.19115632075534,2651,11618.804,3.949111,947.83325,0.31492534,13772.889,4.6477866,16,,,,,286.0333495340915,0.0005498973,271.19115632075534,0.0005343598,0.0066082166,0.023702541
1.0001334,0.00033760237,16,0.0020998984,286.03463113519155,271.1901203691402,2652,11616.363,3.9491596,948.9809,0.31446117,13769.246,4.64791,16,,,,,286.03463113519155,0.00055076135,271.1901203691402,0.0005350158,0.0066515487,0.023692468
1.0000318,0.00033753033,16,0.0021006349,286.03382954258666,271.18897086755084,2653,11614.827,3.949023,947.7087,0.31531653,13767.847,4.6469183,16,,,,,286.03382954258666,0.00055079476,271.18897086755084,0.0005347087,0.0062512206,0.023500102
0.99968344,0.00033749518,16,0.002101371,286.0339356322033,271.18987782304043,2654,11611.015,3.948626,948.34467,0.31519842,13763.051,4.6464343,16,,,,,286.0339356322033,0.00055068376,271.18987782304043,0.0005350359,0.006343359,0.023681445
1.0004289,0.00033759134,16,0.002102107,286.0343502002388,271.1896218566988,2655,11617.399,3.9488325,948.0955,0.31497502,13773.313,4.647758,16,,,,,286.0343502002388,0.0005499154,271.1896218566988,0.00053424103,0.006893275,0.023632381
1.0003369,0.00033768627,16,0.002102843,286.03484448219945,271.1892821025533,2656,11615.896,3.9488773,948.6543,0.31455326,13772.048,4.649065,16,,,,,286.03484448219945,0.0005507667,271.1892821025533,0.0005350856,0.007607863,0.023332242
1.0003662,0.00033769137,16,0.0021035788,286.0339789086212,271.1904661171336,2657,11616.956,3.948955,948.92316,0.314792,13772.451,4.649135,16,,,,,286.0339789086212,0.0005502578,271.1904661171336,0.0005345529,0.0072204364,0.023375848
1.0005231,0.00033771462,16,0.0021043145,286.0357179888148,271.1894091736918,2658,11619.455,3.949318,948.6272,0.31490648,13774.61,4.6494555,16,,,,,286.0357179888148,0.000550848,271.1894091736918,0.0005349887,0.0075938078,0.022511343
1.0000186,0.0003375815,16,0.00210505,286.0354687256467,271.18896813375926,2659,11613.146,3.948833,948.10815,0.31504366,13767.666,4.6476226,16,,,,,286.0354687256467,0.00055052637,271.18896813375926,0.0005346761,0.007990212,0.021961827
1.0007529,0.00033778072,16,0.0021057853,286.03556442851226,271.1890949891106,2660,11621.974,3.9494774,948.49365,0.31511125,13777.774,4.6503654,16,,,,,286.03556442851226,0.00055011595,271.1890949891106,0.0005342629,0.007919646,0.021818899
0.99994475,0.00033766794,16,0.0021065206,286.0352407965607,271.18986227133007,2661,11611.884,3.9485266,948.20013,0.3150578,13766.648,4.648813,16,,,,,286.0352407965607,0.0005505746,271.18986227133007,0.00053469965,0.007936511,0.022337643
1.0003482,0.0003375401,16,0.0021072556,286.0370426130805,271.18954926298767,2662,11615.039,3.9489162,948.35187,0.31499493,13772.203,4.647053,16,,,,,286.0370426130805,0.0005505408,271.18954926298767,0.0005347751,0.008238056,0.022474127
1.0004165,0.00033767283,144,0.0021079904,286.0358454622615,271.1885658003635,2663,11616.125,3.94952,948.6385,0.31490222,13773.144,4.64888,144,,,,,286.0358454622615,0.000550581,271.1885658003635,0.0005346686,0.008368003,0.022587981
1.0005167,0.00033764652,8208,0.0021087253,286.0358557541215,271.18936218335534,2664,11618.148,3.9489691,947.861,0.31488565,13774.522,4.6485176,8208,,,,,286.0358557541215,0.0005502279,271.18936218335534,0.00053438015,0.008662888,0.022577003
1.0008156,0.0003376384,16,0.0021094598,286.03430349051683,271.1893712042953,2665,11621.306,3.949267,947.4066,0.31426698,13778.638,4.648406,16,,,,,286.03430349051683,0.00054974214,271.1893712042953,0.00053389557,0.00826968,0.022613732
1.0007726,0.00033768307,16,0.0021101942,286.03571911368806,271.18971893214257,2666,11620.84,3.9493613,948.9092,0.31467903,13778.046,4.649021,16,,,,,286.03571911368806,0.00055036566,271.18971893214257,0.0005345984,0.008188043,0.022639638
1.0008527,0.00033768063,16,0.0021109285,286.03539114124345,271.18912600755687,2667,11621.566,3.9493177,948.99646,0.31485125,13779.149,4.6489873,16,,,,,286.03539114124345,0.0005505783,271.18912600755687,0.0005347464,0.008115401,0.02210093
1.0004885,0.0003376721,16,0.0021116626,286.03511344488044,271.1890768524043,2668,11616.624,3.948934,948.18933,0.31473383,13774.135,4.64887,16,,,,,286.03511344488044,0.00055031275,271.1890768524043,0.0005346126,0.00792302,0.02262134
1.0001963,0.00033765534,16,0.0021123968,286.0356497747365,271.18828825671125,2669,11612.569,3.9484887,947.83356,0.31514657,13770.112,4.648639,16,,,,,286.0356497747365,0.00055058906,271.18828825671125,0.0005347875,0.0078097074,0.02283846
1.0002902,0.00033766704,16,0.0021131306,286.0353519510403,271.19077365060434,2670,11613.417,3.948605,947.0029,0.3153152,13771.403,4.6488004,16,,,,,286.0353519510403,0.0005503416,271.19077365060434,0.0005346287,0.0078119924,0.023268797
0.99998516,0.0003376347,16,0.0021138643,286.03417630193854,271.1897719018555,2671,11611.296,3.948509,949.1933,0.31496978,13767.205,4.648355,16,,,,,286.03417630193854,0.00055022305,271.1897719018555,0.00053458003,0.007221896,0.023245092
1.000233,0.0003375591,16,0.0021145977,286.03455971158695,271.19010051072854,2672,11613.193,3.9486606,948.0841,0.314608,13770.618,4.647314,16,,,,,286.03455971158695,0.00055054243,271.19010051072854,0.00053482986,0.007279881,0.023298353
1.0000069,0.00033748438,16,0.0021153311,286.0350543949139,271.1903091634097,2673,11611.183,3.9484246,947.82404,0.31507835,13767.504,4.6462855,16,,,,,286.0350543949139,0.0005503621,271.1903091634097,0.00053469674,0.007268261,0.024015205
1.0001606,0.00033736776,16,0.0021160645,286.0349276750135,271.19049438433893,2674,11610.989,3.948458,947.4478,0.31476125,13769.62,4.64468,16,,,,,286.0349276750135,0.00055034127,271.19049438433893,0.0005345987,0.0074112974,0.024085958
1.0003628,0.00033749474,16,0.0021167975,286.0347542082298,271.1909608084363,2675,11613.889,3.9487078,947.14856,0.31485975,13772.403,4.646428,16,,,,,286.0347542082298,0.0005503776,271.1909608084363,0.00053474994,0.0069976915,0.024174249
0.99997693,0.000337534,16,0.0021175304,286.0347705027597,271.19037740211894,2676,11607.602,3.9481843,948.1527,0.31450891,13767.092,4.646969,16,,,,,286.0347705027597,0.0005508107,271.19037740211894,0.00053521176,0.007171492,0.024664717
1.0000582,0.00033751526,16,0.0021182632,286.034481866915,271.19056612527703,2677,11609.919,3.9483366,947.27985,0.31474808,13768.21,4.646711,16,,,,,286.034481866915,0.00055032177,271.19056612527703,0.000534676,0.006877792,0.02441314
1.0008202,0.0003375488,16,0.0021189959,286.0335491660671,271.1914235281386,2678,11619.156,3.9491472,947.19507,0.31517354,13778.7,4.6471725,16,,,,,286.0335491660671,0.0005499844,271.1914235281386,0.000534373,0.0067356364,0.024701785
1.0000873,0.0003375531,16,0.0021197284,286.0347082167911,271.1913544582254,2679,11610.567,3.9485047,948.0075,0.31512672,13768.61,4.6472316,16,,,,,286.0347082167911,0.0005501285,271.1913544582254,0.00053452625,0.0066394107,0.024365501
0.9997017,0.00033727734,16,0.0021204608,286.0342764797949,271.19047052037797,2680,11606.736,3.9481108,946.6291,0.31498477,13763.302,4.643435,16,,,,,286.0342764797949,0.0005503158,271.19047052037797,0.00053467165,0.0064564548,0.024500884
0.9990728,0.00033728188,16,0.0021211929,286.0349049764044,271.1912726776211,2681,11597.334,3.9473226,947.8288,0.31509453,13754.644,4.6434975,16,,,,,286.0349049764044,0.0005509609,271.1912726776211,0.0005357676,0.006428086,0.024440521
1.0000553,0.000337399,16,0.002121925,286.03515368111243,271.1909669171675,2682,11609.117,3.948315,947.42633,0.3147521,13768.17,4.64511,16,,,,,286.03515368111243,0.00055028056,271.1909669171675,0.00053471513,0.0061939275,0.024944872
1.0009627,0.00033747085,16,0.002122657,286.0342294309639,271.19087179980625,2683,11618.162,3.9489632,947.43787,0.31511432,13780.663,4.646099,16,,,,,286.0342294309639,0.00054986315,271.19087179980625,0.00053434435,0.006748932,0.025032451
0.9998191,0.00033733662,16,0.0021233885,286.0330588602578,271.1923892517185,2684,11606.763,3.9480877,946.07855,0.3148644,13764.919,4.6442513,16,,,,,286.0330588602578,0.0005503906,271.1923892517185,0.0005348545,0.0065668607,0.024980422
0.99987227,0.000337408,16,0.0021241202,286.0343108472307,271.19245867938423,2685,11607.065,3.9481795,947.5591,0.31491265,13765.65,4.645234,16,,,,,286.0343108472307,0.0005504747,271.19245867938423,0.00053501356,0.0064611933,0.025283774
0.9999829,0.00033722149,16,0.0021248516,286.0343758459996,271.1912169128641,2686,11607.71,3.9481843,947.38226,0.3148685,13767.174,4.6426663,16,,,,,286.0343758459996,0.00055047014,271.1912169128641,0.00053487776,0.0065342146,0.025629643
1.0005847,0.0003372894,16,0.002125583,286.0357537313072,271.190423523201,2687,11615.234,3.9487503,947.90686,0.31470123,13775.459,4.6436014,16,,,,,286.0357537313072,0.0005499733,271.190423523201,0.00053438195,0.006522324,0.025153872
1.0002809,0.00033759416,144,0.002126314,286.0342508190434,271.19097952282476,2688,11609.833,3.9499938,947.89905,0.31470683,13771.276,4.647797,144,,,,,286.0342508190434,0.00055031147,271.19097952282476,0.0005348047,0.0064692637,0.025401888
1.0001402,0.0003373657,16,0.0021270448,286.03452604127943,271.19287240777004,2689,11608.148,3.9482508,947.78925,0.31530607,13769.34,4.6446514,16,,,,,286.03452604127943,0.0005505921,271.19287240777004,0.0005350685,0.006378585,0.025864271
1.0008699,0.00033728714,16,0.0021277757,286.03543083500875,271.1913269973802,2690,11616.792,3.9487944,946.9638,0.31463197,13779.385,4.64357,16,,,,,286.03543083500875,0.00055012223,271.1913269973802,0.0005345081,0.0069282707,0.025102735
1.0007523,0.0003373344,8208,0.0021285065,286.03506876870824,271.19126062067755,2691,11615.319,3.9487379,946.2521,0.31480783,13777.768,4.644221,8208,,,,,286.03506876870824,0.0005502879,271.19126062067755,0.00053468527,0.006983502,0.025003603
0.9996818,0.00033732897,16,0.002129237,286.0346873123888,271.191760745017,2692,11603.816,3.9479861,947.0933,0.31526926,13763.028,4.644146,16,,,,,286.0346873123888,0.00055054453,271.191760745017,0.00053497404,0.006730073,0.024974551
1.000136,0.00033738723,16,0.0021299673,286.0349818018477,271.1913110448309,2693,11608.115,3.9481986,947.33685,0.3150502,13769.282,4.644948,16,,,,,286.0349818018477,0.000550393,271.1913110448309,0.0005347846,0.0071309917,0.024910824
1.0005562,0.0003374632,16,0.0021306975,286.0352388705252,271.192214542652,2694,11612.98,3.9485335,947.1879,0.3152091,13775.066,4.6459937,16,,,,,286.0352388705252,0.00055038306,271.192214542652,0.00053486606,0.007056219,0.024981728
1.0008948,0.0003374193,16,0.0021314276,286.03549551877603,271.1915891131815,2695,11615.276,3.9488513,946.99365,0.31481853,13779.729,4.6453896,16,,,,,286.03549551877603,0.00055028533,271.1915891131815,0.0005345596,0.0069972854,0.025385186
1.0004841,0.0003374398,16,0.0021321576,286.0360533119481,271.19065196943086,2696,11610.674,3.9484315,946.42505,0.3154973,13774.074,4.645672,16,,,,,286.0360533119481,0.00055027404,271.19065196943086,0.00053463393,0.0070633637,0.025709236
1.0004605,0.00033714456,16,0.0021328873,286.0348776891783,271.19190661026994,2697,11611.235,3.9484777,947.40326,0.31482336,13773.749,4.6416073,16,,,,,286.0348776891783,0.00055028783,271.19190661026994,0.00053485035,0.006885979,0.025660621
1.000018,0.00033718912,16,0.002133617,286.0339879509929,271.19248432881096,2698,11605.972,3.9480135,947.0785,0.31499186,13767.656,4.6422205,16,,,,,286.0339879509929,0.0005506248,271.19248432881096,0.0005350792,0.0071536414,0.025704194
0.99971247,0.0003372619,16,0.0021343464,286.0352995972661,271.19284038950724,2699,11603.053,3.9477534,947.29297,0.3146142,13763.45,4.643223,16,,,,,286.0352995972661,0.00055064814,271.19284038950724,0.00053511036,0.006825633,0.025906581
1.0000508,0.00033710545,16,0.0021350756,286.0345992535689,271.1910818263891,2700,11606.62,3.9482377,947.44617,0.3149202,13768.108,4.6410685,16,,,,,286.0345992535689,0.0005502754,271.1910818263891,0.00053489016,0.006814688,0.025652032
0.9999284,0.00033722143,16,0.0021358049,286.0352206981332,271.193368661771,2701,11604.148,3.947794,946.8424,0.31456578,13766.424,4.6426654,16,,,,,286.0352206981332,0.00055018766,271.193368661771,0.00053472753,0.0070107523,0.02591293
1.0004735,0.0003372963,16,0.0021365338,286.03417186063024,271.19209269692294,2702,11609.494,3.9482112,947.2159,0.31450954,13773.929,4.6436963,16,,,,,286.03417186063024,0.0005504527,271.19209269692294,0.000534918,0.006859621,0.025702253
1.0003104,0.0003371185,16,0.0021372626,286.0344624174205,271.19280746350177,2703,11607.436,3.948298,947.2829,0.31506795,13771.684,4.641248,16,,,,,286.0344624174205,0.0005504441,271.19280746350177,0.00053504715,0.0068468293,0.026434464
1.0000879,0.0003370742,16,0.0021379914,286.03536918769,271.19166979326445,2704,11605.302,3.9479387,947.5967,0.314869,13768.618,4.6406384,16,,,,,286.03536918769,0.0005505409,271.19166979326445,0.0005349805,0.0071693733,0.026267713
1.000043,0.00033696348,8208,0.00213872,286.0351324857661,271.19201188616574,2705,11604.69,3.947883,947.3108,0.3148829,13768.002,4.639114,8208,,,,,286.0351324857661,0.00055024005,271.19201188616574,0.00053466007,0.0069536823,0.026110586
1.0000957,0.00033687238,0,0.0021401765,286.034035608403,271.1924332437291,2707,11605.256,3.9478343,946.65234,0.314646,13768.727,4.63786,0,,,,,286.034035608403,0.00055006,271.1924332437291,0.00053465524,0.0067212274,0.026735064
0.99986774,0.00033686525,0,0.0021409045,286.0345824698664,271.1939048639283,2708,11601.824,3.9477966,946.8175,0.3148027,13765.588,4.6377616,0,,,,,286.0345824698664,0.0005506944,271.1939048639283,0.00053531956,0.0064902315,0.027366133
0.9996666,0.00033664596,0,0.0021416324,286.03476289646176,271.19298975508013,2709,11598.008,3.947449,947.2431,0.3146114,13762.818,4.6347427,0,,,,,286.03476289646176,0.0005510939,271.19298975508013,0.00053567515,0.006842189,0.027471147
0.9998887,0.0003368498,0,0.0021423602,286.0362203761202,271.19268256117385,2710,11601.374,3.9475954,946.6493,0.3148255,13765.877,4.637549,0,,,,,286.0362203761202,0.0005506919,271.19268256117385,0.00053521874,0.0068928115,0.027363071
0.99966073,0.00033682666,0,0.0021430878,286.035056625985,271.1938132883914,2711,11598.861,3.9474368,946.9515,0.31475723,13762.738,4.6372304,0,,,,,286.035056625985,0.00055089366,271.1938132883914,0.0005353841,0.0070288773,0.027261214
0.9992181,0.00033693455,0,0.0021438152,286.0349784566618,271.193523903779,2712,11595.008,3.9470873,947.06006,0.31489795,13756.645,4.6387157,0,,,,,286.0349784566618,0.0005510424,271.193523903779,0.00053550414,0.006921283,0.02675723
1.000609,0.00033709273,0,0.0021445425,286.03559048786065,271.19270973319124,2713,11611.03,3.9484873,946.59216,0.3147833,13775.794,4.6408935,0,,,,,286.03559048786065,0.00055030914,271.19270973319124,0.00053486624,0.0071230233,0.026547791
0.9996401,0.0003371444,0,0.0021452697,286.03457044583985,271.19317135022663,2714,11598.246,3.947413,946.1915,0.31495944,13762.454,4.641605,0,,,,,286.03457044583985,0.0005506027,271.19317135022663,0.0005352728,0.0070134974,0.026728626
1.0005829,0.00033724497,0,0.0021459966,286.0350143935202,271.19280086695056,2715,11608.627,3.9482236,946.7182,0.3149353,13775.435,4.6429896,0,,,,,286.0350143935202,0.000550475,271.19280086695056,0.0005350676,0.0071434644,0.027053662
1.0010849,0.00033707605,0,0.0021467234,286.0350317276942,271.19196340984604,2716,11614.317,3.9486828,947.3145,0.31490102,13782.346,4.640664,0,,,,,286.0350317276942,0.0005500666,271.19196340984604,0.0005345887,0.0071134754,0.027113726
0.9994985,0.00033704573,0,0.00214745,286.03607636812023,271.1922785018861,2717,11596.4,3.9472785,946.82214,0.3146365,13760.505,4.6402464,0,,,,,286.03607636812023,0.00055085495,271.1922785018861,0.0005352359,0.0071864836,0.027102452
1.0002186,0.00033695938,0,0.0021481768,286.0356024827386,271.19339829552837,2718,11605.653,3.9479475,945.7924,0.314735,13770.42,4.6390576,0,,,,,286.0356024827386,0.00055016665,271.19339829552837,0.0005346951,0.0070255897,0.026921934
0.99995047,0.0003369003,0,0.0021489032,286.0356697084777,271.1930454038917,2719,11602.201,3.9476552,946.39825,0.3149511,13766.728,4.638244,0,,,,,286.0356697084777,0.0005506278,271.1930454038917,0.0005350569,0.0071213967,0.026877955
0.999737,0.00033696057,0,0.0021496294,286.0357905316682,271.1925099826649,2720,11599.836,3.9475522,946.6914,0.3148633,13763.789,4.639074,0,,,,,286.0357905316682,0.000550602,271.1925099826649,0.0005350505,0.0071927854,0.026613394
0.99931294,0.00033691106,0,0.0021503554,286.0358806520139,271.1929051011774,2721,11593.554,3.9470377,946.61096,0.3146898,13757.95,4.6383924,0,,,,,286.0358806520139,0.0005510796,271.1929051011774,0.0005355769,0.0071371826,0.026581362
1.0003943,0.00033706622,0,0.0021510813,286.0363708225993,271.19259834890056,2722,11605.667,3.9480572,946.6226,0.315176,13772.838,4.6405287,0,,,,,286.0363708225993,0.00055053004,271.19259834890056,0.0005349672,0.007514405,0.026946738
1.0002639,0.00033712914,0,0.002151807,286.0352908785167,271.19210477356296,2723,11604.974,3.9477913,947.0217,0.31476468,13771.043,4.6413946,0,,,,,286.0352908785167,0.00055018836,271.19210477356296,0.0005346272,0.0071584075,0.026733352
1.000218,0.00033705917,0,0.0021525328,286.03540926213935,271.19344320822114,2724,11605.179,3.9478445,945.7999,0.31551048,13770.411,4.6404314,0,,,,,286.03540926213935,0.0005504852,271.19344320822114,0.000535042,0.007018409,0.026615022
0.99989665,0.0003370969,0,0.002153258,286.03520852530136,271.19264069601417,2725,11601.194,3.9476945,945.71796,0.3147872,13765.986,4.6409507,0,,,,,286.03520852530136,0.0005506625,271.19264069601417,0.000535146,0.007034458,0.026538316
1.0006758,0.00033700455,0,0.0021539833,286.03528596965515,271.19370495547105,2726,11609.271,3.9482362,945.13745,0.31520203,13776.713,4.6396794,0,,,,,286.03528596965515,0.00054994505,271.19370495547105,0.00053445617,0.0072525544,0.026534827
1.0007036,0.0003370055,0,0.0021547086,286.03510842929614,271.1928974579325,2727,11608.453,3.948256,946.7826,0.31453612,13777.096,4.639693,0,,,,,286.03510842929614,0.00055041566,271.1928974579325,0.0005348176,0.0074570454,0.027199801
0.99979615,0.00033713912,0,0.0021554336,286.03633981303466,271.1931365930838,2728,11597.202,3.9471943,946.27466,0.31475598,13764.603,4.6415324,0,,,,,286.03633981303466,0.000550788,271.1931365930838,0.00053523807,0.0075593945,0.026910353
0.9998157,0.000336907,0,0.0021561584,286.0353156372448,271.19355527223433,2729,11598.587,3.9472604,945.7086,0.31515953,13764.872,4.638336,0,,,,,286.0353156372448,0.0005506621,271.19355527223433,0.00053515524,0.0071638688,0.027182449
1.0001115,0.00033706476,0,0.002156883,286.0354343920581,271.19333690086285,2730,11602.515,3.9477487,945.2883,0.31520706,13768.944,4.6405087,0,,,,,286.0354343920581,0.0005507674,271.19333690086285,0.0005352516,0.0070957243,0.026850121
0.9999415,0.00033667125,0,0.0021576076,286.0353601863605,271.19392437813394,2731,11600.289,3.947467,945.57245,0.31547034,13766.6045,4.635091,0,,,,,286.0353601863605,0.000550222,271.19392437813394,0.0005348597,0.0069370647,0.02723843
0.999868,0.000336844,0,0.002158332,286.035863215139,271.19283701186447,2732,11599.226,3.9474142,946.05457,0.31506446,13765.592,4.6374693,0,,,,,286.035863215139,0.00055029895,271.19283701186447,0.0005349471,0.006815714,0.027392168
1.0002253,0.00033692783,0,0.0021590563,286.0350725247371,271.1933550200268,2733,11601.882,3.9475796,945.68274,0.31491217,13770.511,4.638623,0,,,,,286.0350725247371,0.0005507228,271.1933550200268,0.0005352866,0.0070406026,0.02715181
0.99985844,0.00033713307,0,0.0021597801,286.0353719710014,271.19402682572894,2734,11597.429,3.947236,945.28235,0.31515875,13765.46,4.641449,0,,,,,286.0353719710014,0.0005507363,271.19402682572894,0.0005353098,0.007459665,0.027254889
1.0004414,0.00033702745,0,0.0021605042,286.0352855486764,271.19308647521984,2735,11603.848,3.9477575,945.82245,0.31499892,13773.486,4.6399946,0,,,,,286.0352855486764,0.0005502161,271.19308647521984,0.00053480366,0.007324632,0.0273027
0.9999651,0.00033691557,0,0.0021612279,286.0360423073161,271.19351074786977,2736,11599.524,3.9473872,946.36786,0.31498015,13766.929,4.6384544,0,,,,,286.0360423073161,0.0005505685,271.19351074786977,0.0005351011,0.007143875,0.027045343
1.0001086,0.0003370487,0,0.0021619515,286.035723033185,271.1933551561677,2737,11601.983,3.9475338,945.77924,0.3147967,13768.904,4.6402874,0,,,,,286.035723033185,0.00055040774,271.1933551561677,0.0005349164,0.0073395614,0.026929518
0.99914837,0.00033693426,0,0.002162675,286.0365714056537,271.19391549987625,2738,11590.629,3.9466972,945.68567,0.3149791,13755.685,4.638712,0,,,,,286.0365714056537,0.00055111357,271.19391549987625,0.00053566945,0.0074537685,0.026947891
0.99981743,0.00033721005,8192,0.002163398,286.0357950403906,271.1931766337314,2739,11598.146,3.9473042,945.775,0.3146582,13764.8955,4.6425085,8192,,,,,286.0357950403906,0.00055022765,271.1931766337314,0.00053486566,0.007737008,0.026798517
1.0001947,0.00033696534,0,0.0021641213,286.0374847858967,271.1927682990672,2740,11601.976,3.9475193,945.61566,0.3150452,13770.089,4.6391397,0,,,,,286.0374847858967,0.00055039814,271.1927682990672,0.0005348641,0.008145247,0.026859595
1.0003126,0.00033725327,0,0.0021648442,286.0360644265893,271.19244120749147,2741,11604.247,3.9480116,947.686,0.31485838,13771.713,4.6431036,0,,,,,286.0360644265893,0.0005507646,271.19244120749147,0.000535219,0.007965493,0.026647573
1.0003093,0.00033722355,0,0.0021655671,286.0363426002512,271.1923186772757,2742,11605.662,3.9479756,945.69916,0.31501427,13771.668,4.6426945,0,,,,,286.0363426002512,0.0005503307,271.1923186772757,0.0005347063,0.00797806,0.02606187
1.0005776,0.000336933,0,0.0021662898,286.03786021335816,271.19286786181146,2743,11604.86,3.9478495,946.3703,0.31514958,13775.361,4.638695,0,,,,,286.03786021335816,0.0005507805,271.19286786181146,0.00053511804,0.008293549,0.026206478
