flux,flux_err,quality,timecorr,centroid_col,centroid_row,cadenceno,sap_flux,sap_flux_err,sap_bkg,sap_bkg_err,pdcsap_flux,pdcsap_flux_err,sap_quality,psf_centr1,psf_centr1_err,psf_centr2,psf_centr2_err,mom_centr1,mom_centr1_err,mom_centr2,mom_centr2_err,pos_corr1,pos_corr2
1.0003359,0.00046083663,0,0.00072616583,457.59886310371655,732.7095507099416,1105,6935.577,3.194785,760.81396,0.21205518,9263.487,4.267521,0,,,,,457.59886310371655,0.0006066655,732.7095507099416,0.0006206695,0.001929069,0.029383278
0.99998575,0.00046100744,8192,0.0007269904,457.599580165474,732.7089368561338,1106,6932.9697,3.1945744,759.67017,0.2120428,9260.245,4.2691026,8192,,,,,457.599580165474,0.00060697633,732.7089368561338,0.0006209349,0.0020023698,0.02939746
0.99952406,0.00046109207,0,0.0007278149,457.59840048547,732.7101352211163,1107,6929.739,3.194318,760.73486,0.21192835,9255.97,4.2698865,0,,,,,457.59840048547,0.00060707587,732.7101352211163,0.00062106247,0.0019013345,0.029538793
1.000888,0.00046105392,0,0.0007286394,457.5978432704247,732.7093277817578,1108,6939.2983,3.1952462,759.9174,0.21203864,9268.6,4.269533,0,,,,,457.5978432704247,0.0006060662,732.7093277817578,0.0006199763,0.0015739638,0.029555483
0.99938846,0.00046103736,0,0.000729464,457.60011558163836,732.7096532298433,1109,6928.839,3.1941423,759.985,0.21210022,9254.714,4.2693796,0,,,,,457.60011558163836,0.0006064038,732.7096532298433,0.00062027184,0.0023611544,0.029528074
0.9999707,0.00046120738,0,0.00073028856,457.59857930692334,732.7087713287777,1110,6932.8145,3.1945126,759.52014,0.21199358,9260.105,4.270954,0,,,,,457.59857930692334,0.00060682406,732.7087713287777,0.0006206884,0.0022541133,0.029425947
0.99982524,0.0004611782,0,0.0007311131,457.59916609469735,732.7101205164236,1111,6931.8457,3.194525,760.3393,0.21176124,9258.759,4.270684,0,,,,,457.59916609469735,0.000606699,732.7101205164236,0.0006208996,0.00215766,0.029323969
1.0008327,0.0004611066,0,0.00073193765,457.6006868793186,732.708780048133,1112,6938.847,3.1951938,759.52985,0.21196878,9268.088,4.270021,0,,,,,457.6006868793186,0.0006058898,732.708780048133,0.0006199499,0.0024437774,0.029238727
1.0010384,0.0004611531,0,0.00073276216,457.5987033542964,732.7091679835379,1113,6940.1616,3.1952355,759.0055,0.21185644,9269.993,4.2704515,0,,,,,457.5987033542964,0.00060568115,732.7091679835379,0.0006196311,0.0023745957,0.029247968
0.99926835,0.00046121277,0,0.0007335867,457.6005578735932,732.7091009843268,1114,6928.0303,3.1940994,759.9662,0.21201085,9253.602,4.271004,0,,,,,457.6005578735932,0.0006070454,732.7091009843268,0.00062099955,0.0026821196,0.029259698
1.000402,0.0004611067,0,0.0007344113,457.6001919610957,732.7095058676707,1115,6935.8633,3.194848,760.44434,0.21174438,9264.1,4.270022,0,,,,,457.6001919610957,0.00060686993,732.7095058676707,0.00062082266,0.0022398948,0.02931222
0.9996807,0.000461084,0,0.00073523587,457.6006020845483,732.7090337104671,1116,6930.802,3.1943328,760.02057,0.21165608,9257.42,4.2698116,0,,,,,457.6006020845483,0.0006072385,732.7090337104671,0.0006211189,0.0024558066,0.029440228
1.0007262,0.000461274,0,0.00073606044,457.59921445641226,732.7100224200294,1117,6938.022,3.1951184,759.8343,0.21186477,9267.102,4.271571,0,,,,,457.59921445641226,0.00060654426,732.7100224200294,0.00062050915,0.0023387317,0.029701808
1.0003232,0.00046113477,0,0.00073688495,457.600583925641,732.7086760650932,1118,6935.276,3.1948047,759.0924,0.21165766,9263.37,4.270282,0,,,,,457.600583925641,0.00060614827,732.7086760650932,0.00061988534,0.002099045,0.029505745
1.0008389,0.00046125567,0,0.0007377095,457.5997039116545,732.7092993062503,1119,6938.768,3.1951072,759.60406,0.21181057,9268.1455,4.2714014,0,,,,,457.5997039116545,0.000606133,732.7092993062503,0.0006199973,0.0020157094,0.029743297
0.9992958,0.0004609065,0,0.0007385341,457.59791022711784,732.7106382987447,1120,6928.1074,3.1940792,759.4007,0.2120948,9253.855,4.268168,0,,,,,457.59791022711784,0.00060685095,732.7106382987447,0.00062092737,0.0021361208,0.029794486
0.9994282,0.0004611389,0,0.00073935866,457.59881197585923,732.7094200554906,1121,6929.059,3.194111,759.90814,0.21198109,9255.082,4.27032,0,,,,,457.59881197585923,0.00060656405,732.7094200554906,0.0006206169,0.0023674748,0.029897844
0.9993524,0.00046081882,0,0.0007401832,457.6000821299243,732.7102927492195,1122,6928.555,3.1941643,759.9989,0.21177705,9254.38,4.267356,0,,,,,457.6000821299243,0.0006076577,732.7102927492195,0.0006216483,0.0020254895,0.02996008
0.999264,0.00046124723,0,0.0007410078,457.60040794041635,732.7094192647983,1123,6927.8857,3.194091,759.99805,0.21174595,9253.562,4.271323,0,,,,,457.60040794041635,0.0006071445,732.7094192647983,0.00062111096,0.0025169537,0.029921781
0.9989038,0.00046121437,8192,0.00074183237,457.5988250826,732.7106598181767,1124,6925.4644,3.193803,759.51013,0.21207285,9250.226,4.271019,8192,,,,,457.5988250826,0.0006074965,732.7106598181767,0.0006215454,0.002430176,0.029992275
1.0001779,0.00046134918,0,0.00074265694,457.599880388878,732.7104006382323,1125,6934.1865,3.1946309,759.51935,0.21181312,9262.024,4.2722673,0,,,,,457.599880388878,0.0006065341,732.7104006382323,0.00062046124,0.0022432369,0.029427953
0.9993403,0.0004612649,0,0.0007434815,457.5996077585404,732.7106814416427,1126,6928.378,3.1940444,760.27106,0.21210015,9254.268,4.2714868,0,,,,,457.5996077585404,0.00060773443,732.7106814416427,0.000621836,0.0025828725,0.029889876
0.99914193,0.00046109234,0,0.0007443061,457.5994137140976,732.7112090528539,1127,6926.974,3.1939049,759.369,0.21209623,9252.431,4.269889,0,,,,,457.5994137140976,0.0006075429,732.7112090528539,0.00062165747,0.0025449463,0.029506544
1.0002491,0.0004614085,0,0.00074513064,457.6005885958101,732.7101904228846,1128,6934.6577,3.194732,759.7521,0.21203932,9262.685,4.2728167,0,,,,,457.6005885958101,0.0006070587,732.7101904228846,0.000621049,0.0024106195,0.029425748
0.9989039,0.00046112412,0,0.0007459553,457.600581758321,732.711171936108,1129,6925.3955,3.1937287,759.53217,0.21198337,9250.227,4.270183,0,,,,,457.600581758321,0.0006078588,732.711171936108,0.00062190683,0.0022870789,0.029767627
0.9992759,0.00046120747,0,0.00074677984,457.599236126699,732.7106844065734,1130,6927.878,3.1939259,759.0551,0.21192113,9253.672,4.270955,0,,,,,457.599236126699,0.0006081271,732.7106844065734,0.0006221841,0.0024662155,0.029319067
0.99945605,0.0004613345,0,0.0007476044,457.6010793495662,732.7112143480717,1131,6929.0674,3.1940544,758.96094,0.21193652,9255.34,4.2721314,0,,,,,457.6010793495662,0.0006079007,732.7112143480717,0.00062196085,0.0028829926,0.029669402
0.9997331,0.00046111294,0,0.000748429,457.60089814683386,732.7109893911187,1132,6931.11,3.1943018,759.50714,0.21217783,9257.905,4.2700796,0,,,,,457.60089814683386,0.0006074079,732.7109893911187,0.0006214092,0.0026037085,0.029287983
1.0000669,0.00046141917,0,0.00074925355,457.6002040011054,732.7096656459335,1133,6933.2676,3.1944668,759.7902,0.21187864,9260.996,4.2729154,0,,,,,457.6002040011054,0.0006073351,732.7096656459335,0.0006213132,0.0031303864,0.029449277
0.9996739,0.00046119024,0,0.0007500781,457.6001974263869,732.7098738265682,1134,6930.6504,3.1942441,759.025,0.21183784,9257.357,4.2707953,0,,,,,457.6001974263869,0.00060750986,732.7098738265682,0.0006214831,0.0027200757,0.029662058
1.0002427,0.00046128462,0,0.0007509027,457.59978878749155,732.7099462155263,1135,6934.602,3.1946578,758.81683,0.21195482,9262.625,4.2716694,0,,,,,457.59978878749155,0.0006073438,732.7099462155263,0.0006212797,0.002826738,0.029353265
1.000202,0.00046145887,0,0.0007517273,457.6019306450496,732.7091007595754,1136,6934.2876,3.194666,759.8312,0.21189938,9262.247,4.273283,0,,,,,457.6019306450496,0.0006069704,732.7091007595754,0.000620839,0.002841294,0.02956491
0.9994833,0.00046133285,0,0.0007525519,457.6004563041553,732.7101687757282,1137,6929.24,3.1940672,758.88196,0.21181709,9255.592,4.272116,0,,,,,457.6004563041553,0.0006068743,732.7101687757282,0.00062075333,0.002567937,0.029725466
1.000463,0.00046123684,0,0.00075337646,457.6006385455713,732.7110815314725,1138,6936.027,3.1946547,758.32135,0.21197098,9264.664,4.271227,0,,,,,457.6006385455713,0.00060630764,732.7110815314725,0.0006204086,0.002252527,0.029871644
1.0007294,0.00046131073,0,0.000754201,457.5989192780787,732.7101630532077,1139,6937.976,3.1949575,759.3294,0.21199426,9267.132,4.271911,0,,,,,457.5989192780787,0.0006067926,732.7101630532077,0.00062086975,0.0022648238,0.029719489
0.9995558,0.0004611651,0,0.0007550256,457.5997964498198,732.7097398747562,1140,6929.7466,3.194173,759.9063,0.21184127,9256.264,4.2705626,0,,,,,457.5997964498198,0.0006068718,732.7097398747562,0.0006208866,0.002665142,0.029681437
0.9994696,0.00046118355,0,0.0007558502,457.59860485283957,732.7096174558463,1141,6929.1187,3.1940887,759.5634,0.21166764,9255.465,4.2707334,0,,,,,457.59860485283957,0.0006071562,732.7096174558463,0.0006210008,0.0025889755,0.029826129
0.99914783,0.00046115945,0,0.0007566748,457.5990881241112,732.710747601511,1142,6926.903,3.1938958,758.8772,0.21192786,9252.485,4.27051,0,,,,,457.5990881241112,0.0006073662,732.710747601511,0.0006213566,0.0027740877,0.029272307
0.9997269,0.00046129755,0,0.00075749937,457.59858996700416,732.7097680039117,1143,6930.926,3.1942647,759.0093,0.21207392,9257.848,4.271789,0,,,,,457.59858996700416,0.0006064491,732.7097680039117,0.0006204503,0.002530589,0.02956926
0.99926573,0.00046119065,0,0.00075832393,457.600126352182,732.7095668963458,1144,6927.7974,3.1939669,758.8045,0.21206592,9253.577,4.270799,0,,,,,457.600126352182,0.00060675247,732.7095668963458,0.0006207014,0.0029383898,0.02933663
0.9995878,0.0004610428,0,0.0007591485,457.6003230125817,732.7091869116792,1145,6929.87,3.1941037,759.0069,0.2118548,9256.56,4.26943,0,,,,,457.6003230125817,0.0006068316,732.7091869116792,0.0006207181,0.0028901303,0.02885468
0.99868506,0.00046110855,0,0.0007599731,457.6002106876832,732.7090981922374,1146,6923.6333,3.1935155,760.1104,0.2118975,9248.2,4.270039,0,,,,,457.6002106876832,0.00060778705,732.7090981922374,0.00062179886,0.002889102,0.028714344
0.99912894,0.00046135252,0,0.00076079764,457.6005257853493,732.7091903849407,1147,6926.6475,3.19382,759.0232,0.2117688,9252.311,4.2722983,0,,,,,457.6005257853493,0.00060743355,732.7091903849407,0.00062138843,0.003159246,0.029092107
1.0003034,0.0004612669,0,0.0007616223,457.59978741934657,732.7079786617869,1148,6934.8906,3.194704,758.66943,0.21213588,9263.187,4.2715054,0,,,,,457.59978741934657,0.00060627196,732.7079786617869,0.0006201535,0.0031939433,0.029395495
0.99940914,0.00046122467,0,0.00076244684,457.59954251787696,732.7093496863353,1149,6928.713,3.1943295,761.71094,0.2120137,9254.905,4.2711143,0,,,,,457.59954251787696,0.00060731394,732.7093496863353,0.00062132726,0.0026345826,0.029345931
0.9993,0.0004613675,0,0.0007632714,457.6003629080474,732.7099323345872,1150,6927.919,3.194025,759.1273,0.2120891,9253.895,4.272437,0,,,,,457.6003629080474,0.0006069286,732.7099323345872,0.00062089536,0.0030752178,0.029554624
0.99968565,0.00046140046,0,0.000764096,457.60154136720064,732.7091781048239,1151,6930.6284,3.1941795,759.22174,0.21187763,9257.466,4.2727423,0,,,,,457.60154136720064,0.0006069749,732.7091781048239,0.0006208027,0.0032150582,0.02931873
0.9998322,0.0004614153,0,0.00076492055,457.5994281207084,732.7098853337438,1152,6931.586,3.194318,759.2153,0.21189629,9258.823,4.2728796,0,,,,,457.5994281207084,0.0006068466,732.7098853337438,0.0006208676,0.0029807726,0.029397212
0.99998796,0.00046115866,0,0.0007657451,457.59958626228763,732.7089131860254,1153,6932.7466,3.1944292,758.75653,0.21201561,9260.266,4.270503,0,,,,,457.59958626228763,0.0006069193,732.7089131860254,0.0006209153,0.0028204382,0.029628731
1.0005171,0.0004613501,0,0.0007665697,457.5996872326675,732.709553286452,1154,6936.37,3.1947737,759.7111,0.21182634,9265.166,4.272276,0,,,,,457.5996872326675,0.00060648675,732.709553286452,0.00062037987,0.0029377867,0.029533552
0.998935,0.00046104615,0,0.00076739426,457.59959430491733,732.7101111373371,1155,6925.337,3.193934,758.73676,0.21192461,9250.515,4.269461,0,,,,,457.59959430491733,0.00060758763,732.7101111373371,0.0006216329,0.0028979483,0.029697435
0.9995399,0.00046112097,0,0.00076821883,457.6010454069303,732.7097344811738,1156,6929.629,3.1941032,758.06305,0.21210329,9256.116,4.270154,0,,,,,457.6010454069303,0.0006065969,732.7097344811738,0.0006205408,0.002888919,0.029446987
0.99998724,0.00046101902,0,0.0007690434,457.6017375535444,732.7093059531887,1157,6932.6426,3.1943552,758.3643,0.21177985,9260.259,4.26921,0,,,,,457.6017375535444,0.0006064185,732.7093059531887,0.00062016083,0.0028274513,0.029344894
0.99952585,0.00046131722,0,0.00076986797,457.6000696290082,732.7096068663111,1158,6929.418,3.1940296,758.7701,0.211868,9255.986,4.271971,0,,,,,457.6000696290082,0.00060742575,732.7096068663111,0.00062138727,0.0028471046,0.029593958
1.000134,0.0004614509,0,0.00077069254,457.60106722062386,732.7097935766905,1159,6933.682,3.194533,758.7784,0.21182086,9261.618,4.273209,0,,,,,457.60106722062386,0.000606686,732.7097935766905,0.0006206037,0.003255074,0.029077826
0.9997155,0.00046128512,0,0.00077151705,457.6002905833283,732.7089699553867,1160,6930.632,3.194103,757.8738,0.21180151,9257.742,4.271674,0,,,,,457.6002905833283,0.0006068681,732.7089699553867,0.00062076177,0.003462034,0.028759042
1.0002543,0.00046118296,0,0.0007723416,457.5997249356702,732.7085033237194,1161,6934.4653,3.194474,759.2002,0.21190837,9262.731,4.270728,0,,,,,457.5997249356702,0.0006062635,732.7085033237194,0.000620051,0.0033064322,0.029007522
0.99990845,0.00046130264,0,0.0007731662,457.59977650888743,732.7101270438732,1162,6932.0107,3.1942558,758.381,0.21204895,9259.529,4.2718363,0,,,,,457.59977650888743,0.0006071276,732.7101270438732,0.0006210749,0.0032561065,0.02949554
0.9996186,0.00046149784,0,0.00077399076,457.60109525429255,732.7099290450599,1163,6929.9956,3.1940436,757.82574,0.2120365,9256.845,4.273644,0,,,,,457.60109525429255,0.00060637365,732.7099290450599,0.00062024675,0.0030371586,0.029328525
0.99999887,0.00046121524,0,0.0007748153,457.5995526068284,732.7095305047072,1164,6932.664,3.1941862,758.35333,0.21180841,9260.366,4.271027,0,,,,,457.5995526068284,0.0006070856,732.7095305047072,0.0006210556,0.0026974673,0.029298183
0.99984014,0.00046127642,0,0.00077563984,457.5995679393592,732.7098413088511,1165,6931.612,3.1941793,758.2332,0.21186851,9258.896,4.2715936,0,,,,,457.5995679393592,0.00060648826,732.7098413088511,0.00062052807,0.0027898396,0.0295654
0.9999737,0.00046123698,0,0.00077646435,457.600835964089,732.7100108908078,1166,6932.442,3.1942508,757.8967,0.21197388,9260.134,4.2712283,0,,,,,457.600835964089,0.0006065307,732.7100108908078,0.0006204293,0.0027287113,0.029390622
0.9994122,0.0004612497,0,0.0007772889,457.5990675314596,732.7098302419085,1167,6928.5127,3.193969,759.0558,0.21174008,9254.934,4.271346,0,,,,,457.5990675314596,0.00060772744,732.7098302419085,0.0006217613,0.0025121085,0.02965511
1.0010022,0.00046123183,0,0.0007781135,457.59954958893445,732.7097421787186,1168,6939.5835,3.1950114,757.4326,0.21230319,9269.657,4.2711806,0,,,,,457.59954958893445,0.0006061546,732.7097421787186,0.00062005525,0.0021574798,0.02993373
1.000252,0.0004611924,128,0.000778938,457.59963646456686,732.7110169410175,1169,6934.4453,3.195194,758.18976,0.21191369,9262.711,4.2708154,128,,,,,457.59963646456686,0.0006064662,732.7110169410175,0.00062032946,0.0024659664,0.0298414
0.9999131,0.0004612623,0,0.0007797625,457.59950202220057,732.7096385285187,1170,6931.949,3.194846,764.6466,0.21199946,9259.572,4.271463,0,,,,,457.59950202220057,0.00060648774,732.7096385285187,0.00062046165,0.0023316587,0.029980354
0.9996136,0.0004610477,0,0.0007805871,457.5988276280008,732.7108759666413,1171,6929.9272,3.1940873,758.6139,0.21189557,9256.799,4.2694755,0,,,,,457.5988276280008,0.0006071296,732.7108759666413,0.0006211907,0.0022414816,0.029839184
0.99938697,0.0004611564,0,0.0007814116,457.5992283188144,732.7100477398686,1172,6928.363,3.193953,758.6918,0.21198384,9254.7,4.270482,0,,,,,457.5992283188144,0.0006071506,732.7100477398686,0.0006212026,0.0020641766,0.03020912
0.99962986,0.00046105203,0,0.0007822361,457.59854807649384,732.7097588781289,1173,6930.078,3.1940432,758.9265,0.2117698,9256.949,4.2695155,0,,,,,457.59854807649384,0.00060728146,732.7097588781289,0.00062136824,0.0018792275,0.02994001
0.9994641,0.0004609961,0,0.0007830607,457.59973377144485,732.7100618829501,1174,6928.787,3.1939287,757.9657,0.21207407,9255.414,4.2689977,0,,,,,457.59973377144485,0.00060675095,732.7100618829501,0.0006207958,0.002247329,0.029658217
1.0001973,0.0004609336,0,0.0007838852,457.5988511610917,732.708966988797,1175,6934.009,3.1946213,758.01685,0.21199384,9262.204,4.268419,0,,,,,457.5988511610917,0.0006066338,732.708966988797,0.0006206077,0.0021075755,0.029545043
1.0000818,0.0004610679,0,0.0007847097,457.598615778366,732.7099240821804,1176,6933.2197,3.1944475,758.22955,0.21187669,9261.135,4.2696624,0,,,,,457.598615778366,0.00060675375,732.7099240821804,0.00062082417,0.0024072335,0.029445674
0.99978834,0.0004612947,0,0.0007855342,457.5992096096669,732.7093310204925,1177,6931.1543,3.1942677,758.7825,0.21191683,9258.417,4.271763,0,,,,,457.5992096096669,0.00060711,732.7093310204925,0.00062114507,0.0023970255,0.029699545
0.9997234,0.00046126664,0,0.0007863587,457.60078584466703,732.7094608314262,1178,6930.5996,3.1941392,758.18384,0.21178456,9257.815,4.271503,0,,,,,457.60078584466703,0.00060717395,732.7094608314262,0.00062109507,0.0025296446,0.029401587
1.0004097,0.00046099225,0,0.00078718323,457.6009397812079,732.7094866514069,1179,6935.468,3.1945763,758.77783,0.21203442,9264.171,4.268962,0,,,,,457.6009397812079,0.0006064106,732.7094866514069,0.00062036904,0.0027445257,0.02906155
0.9994381,0.00046105433,0,0.0007880077,457.5978569147893,732.7081375120929,1180,6928.7456,3.1939092,758.8333,0.21187837,9255.174,4.269537,0,,,,,457.5978569147893,0.0006065439,732.7081375120929,0.00062049314,0.0024081243,0.029301884
0.99938595,0.00046125325,0,0.0007888322,457.6007359844607,732.7104263816584,1181,6928.202,3.1938522,757.5892,0.21220763,9254.69,4.271379,0,,,,,457.6007359844607,0.0006068933,732.7104263816584,0.00062093145,0.0027651615,0.02877727
1.0004392,0.00046134414,0,0.0007896567,457.6005906780298,732.7089334294737,1182,6935.4536,3.1945243,757.98645,0.21192141,9264.443,4.2722206,0,,,,,457.6005906780298,0.0006065603,732.7089334294737,0.0006204649,0.0031831795,0.028618125
0.9994181,0.00046108215,0,0.0007904812,457.59896972415737,732.7083955836774,1183,6928.442,3.1939635,759.0832,0.2119508,9254.988,4.2697945,0,,,,,457.59896972415737,0.0006070247,732.7083955836774,0.0006210087,0.0026552228,0.028504781
0.99989647,0.00046123925,0,0.0007913057,457.5995639918443,732.7095972141449,1184,6931.591,3.1942363,758.27094,0.21182634,9259.418,4.2712493,0,,,,,457.5995639918443,0.00060634094,732.7095972141449,0.0006203227,0.0027911596,0.028231964
1.0007602,0.00046131705,8192,0.0007921302,457.60040450331473,732.7080257300536,1185,6937.7246,3.1948624,758.2275,0.21203971,9267.417,4.27197,8192,,,,,457.60040450331473,0.00060584786,732.7080257300536,0.0006196493,0.0029958296,0.0284704
1.0010905,0.00046158204,0,0.00079295464,457.6013002032558,732.7079507082037,1186,6939.8354,3.1951063,758.2189,0.21188591,9270.476,4.2744236,0,,,,,457.6013002032558,0.0006060727,732.7079507082037,0.00062000065,0.003549366,0.028740106
1.00027,0.00046117822,0,0.0007937791,457.5995077237426,732.7082964473284,1187,6934.2856,3.1946814,759.30237,0.21205413,9262.877,4.2706842,0,,,,,457.5995077237426,0.00060653995,732.7082964473284,0.00062039617,0.003002376,0.028478198
0.99976367,0.00046112773,0,0.0007946036,457.59916735929846,732.7088361221402,1188,6930.7583,3.1941378,757.52893,0.21238664,9258.188,4.2702165,0,,,,,457.59916735929846,0.0006071589,732.7088361221402,0.00062110607,0.0026580282,0.028357856
0.99972373,0.00046136865,0,0.00079542806,457.5998025893871,732.7075566278211,1189,6930.3145,3.1940408,758.2218,0.21213934,9257.818,4.2724476,0,,,,,457.5998025893871,0.0006065607,732.7075566278211,0.0006204589,0.0032668144,0.028256577
1.0001496,0.00046149106,0,0.0007962525,457.5994955569113,732.7081482027137,1190,6933.136,3.1944451,757.885,0.21170674,9261.763,4.273581,0,,,,,457.5994955569113,0.0006068697,732.7081482027137,0.00062069413,0.002898732,0.02794078
1.0004367,0.0004613762,0,0.00079707697,457.6000337259677,732.709192564702,1191,6935.249,3.1945102,757.8751,0.21211293,9264.421,4.2725177,0,,,,,457.6000337259677,0.00060659245,732.709192564702,0.00062050787,0.0028398198,0.028264098
1.000145,0.00046144743,0,0.0007979014,457.6000835227459,732.708779890763,1192,6933.2935,3.1945019,757.5939,0.21178967,9261.72,4.273177,0,,,,,457.6000835227459,0.00060627627,732.708779890763,0.00062023924,0.0026761151,0.028100507
0.9997201,0.00046128893,0,0.0007987259,457.5996657024673,732.7098488907881,1193,6930.342,3.194107,757.65826,0.21207044,9257.785,4.2717094,0,,,,,457.5996657024673,0.0006063858,732.7098488907881,0.00062034,0.0031606676,0.028274776
1.0002091,0.00046123832,0,0.00079955027,457.59904546746804,732.7094443038653,1194,6933.618,3.194428,757.5581,0.21180864,9262.313,4.2712407,0,,,,,457.59904546746804,0.00060676644,732.7094443038653,0.000620353,0.0034607877,0.028050913
0.9999437,0.00046112353,0,0.0008003747,457.600061392463,732.7077171568886,1195,6931.7544,3.1942601,758.57666,0.2117498,9259.855,4.270178,0,,,,,457.600061392463,0.0006069041,732.7077171568886,0.0006207467,0.003282343,0.027271237
1.0008235,0.0004615583,0,0.0008011992,457.59996633817264,732.707799084141,1196,6937.718,3.1947975,758.61395,0.2117701,9268.003,4.274204,0,,,,,457.59996633817264,0.00060626544,732.707799084141,0.00062008813,0.0034111338,0.027121337
1.0002537,0.00046146262,0,0.00080202357,457.6010711122377,732.7066167096798,1197,6933.743,3.1945343,758.89105,0.21187846,9262.726,4.273318,0,,,,,457.6010711122377,0.0006068588,732.7066167096798,0.0006205428,0.003172912,0.026951179
0.99996185,0.000461407,0,0.000802848,457.6002595361316,732.7076270598864,1198,6931.6045,3.1941493,758.35345,0.2120195,9260.023,4.272803,0,,,,,457.6002595361316,0.00060647714,732.7076270598864,0.0006202824,0.0030526987,0.027295716
1.0000206,0.0004611531,0,0.0008036724,457.60011438615413,732.7080711845427,1199,6932.2695,3.1942744,757.512,0.21224679,9260.567,4.2704515,0,,,,,457.60011438615413,0.0006070092,732.7080711845427,0.00062081544,0.003013322,0.027263166
0.9990622,0.0004610251,0,0.0008044968,457.59993515052065,732.7075669393893,1200,6925.621,3.1936748,757.9893,0.21210329,9251.692,4.269266,0,,,,,457.59993515052065,0.00060685,732.7075669393893,0.0006206744,0.0028429332,0.027535625
1.00021,0.00046125814,0,0.0008053212,457.6001019394763,732.7079169084371,1201,6933.331,3.1942995,758.31476,0.21175133,9262.322,4.2714243,0,,,,,457.6001019394763,0.00060662837,732.7079169084371,0.00062047393,0.003053086,0.027183456
1.0004584,0.0004613603,0,0.0008061456,457.5990354210019,732.7072583002847,1202,6935.0635,3.1945367,758.1797,0.21180831,9264.621,4.2723703,0,,,,,457.5990354210019,0.0006063354,732.7072583002847,0.0006202295,0.002926367,0.027445402
0.99995667,0.00046136917,0,0.00080697,457.6003784546524,732.7084739383756,1203,6931.6514,3.194221,757.0479,0.21166928,9259.976,4.2724524,0,,,,,457.6003784546524,0.00060692296,732.7084739383756,0.0006207801,0.0030636997,0.027490987
1.0004628,0.00046129487,0,0.0008077944,457.6010195488633,732.7084953087538,1204,6935.2173,3.1947074,757.6282,0.21202008,9264.662,4.2717643,0,,,,,457.6010195488633,0.00060700235,732.7084953087538,0.00062104216,0.0030923542,0.027115617
0.99990976,0.00046123477,0,0.0008086188,457.59908570207256,732.7081959822724,1205,6931.3086,3.1941164,758.2741,0.21189414,9259.541,4.271208,0,,,,,457.59908570207256,0.00060703245,732.7081959822724,0.00062095805,0.002863114,0.027468182
1.0000308,0.0004612661,0,0.0008094431,457.5997270545075,732.7076862141776,1206,6932.033,3.1941955,756.59863,0.21179709,9260.662,4.271498,0,,,,,457.5997270545075,0.00060673757,732.7076862141776,0.00062048377,0.0030056287,0.027221717
1.0003887,0.0004613605,0,0.0008102675,457.5994212375649,732.7076599186238,1207,6934.5347,3.1944172,757.0439,0.21188882,9263.977,4.2723722,0,,,,,457.5994212375649,0.00060675293,732.7076599186238,0.00062056445,0.0027943018,0.026891569
1.000465,0.00046122726,0,0.00081109186,457.6007010959019,732.7065573932506,1208,6935.044,3.1943543,757.20996,0.21188778,9264.684,4.271138,0,,,,,457.6007010959019,0.0006062889,732.7065573932506,0.00061998196,0.0030920682,0.02724079
0.9995195,0.00046120217,0,0.0008119162,457.60086205890445,732.7079177343295,1209,6928.4795,3.193945,756.943,0.21188301,9255.928,4.270906,0,,,,,457.60086205890445,0.0006074833,732.7079177343295,0.000621323,0.003072858,0.027209675
1.0009557,0.00046142883,0,0.0008127406,457.5991867780708,732.7081365746719,1210,6938.363,3.1947467,757.54395,0.21162802,9269.227,4.273005,0,,,,,457.5991867780708,0.0006062044,732.7081365746719,0.0006200881,0.0032110629,0.027476227
0.99996275,0.00046114996,0,0.0008135649,457.60176017088065,732.7077673357704,1211,6931.5127,3.1940858,757.629,0.21163325,9260.032,4.2704225,0,,,,,457.60176017088065,0.0006067931,732.7077673357704,0.00062057347,0.003099235,0.02704956
1.0006452,0.00046135386,0,0.00081438926,457.6000469073821,732.70708644926,1212,6936.1016,3.1944728,756.3341,0.21174547,9266.352,4.2723107,0,,,,,457.6000469073821,0.0006063505,732.70708644926,0.0006201045,0.0031231034,0.026669392
1.0005648,0.00046147328,0,0.00081521354,457.5997918396467,732.7072209362072,1213,6935.6514,3.194317,756.43726,0.2118743,9265.607,4.2734165,0,,,,,457.5997918396467,0.00060647377,732.7072209362072,0.00062028086,0.0033650333,0.027154664
1.0014411,0.0004614982,0,0.0008160379,457.60062445409574,732.7070286270155,1214,6941.6245,3.1949399,755.70966,0.21201214,9273.723,4.2736473,0,,,,,457.60062445409574,0.00060548953,732.7070286270155,0.00061929907,0.003176939,0.027041122
0.9994855,0.00046136027,0,0.0008168622,457.60114588624265,732.7081315241799,1215,6927.973,3.1939034,756.72003,0.21179298,9255.612,4.27237,0,,,,,457.60114588624265,0.0006072195,732.7081315241799,0.0006210597,0.0035424437,0.027018208
1.0005236,0.0004613517,0,0.0008176865,457.5999100172617,732.7077310503832,1216,6935.2847,3.194311,757.0323,0.211528,9265.226,4.2722907,0,,,,,457.5999100172617,0.000605979,732.7077310503832,0.0006198395,0.0037770693,0.026402783
0.99998206,0.0004613376,0,0.0008185108,457.6000575802252,732.7070248858917,1217,6931.4155,3.194028,756.4263,0.21186952,9260.211,4.27216,0,,,,,457.6000575802252,0.0006064555,732.7070248858917,0.0006203112,0.003417492,0.026955627
0.9998437,0.00046151195,0,0.0008193351,457.6005479148977,732.7062313278898,1218,6930.4614,3.1939135,756.0918,0.21201055,9258.93,4.2737746,0,,,,,457.6005479148977,0.0006064105,732.7062313278898,0.0006200904,0.0037825857,0.026784347
0.9996237,0.0004613074,0,0.0008201594,457.6009980659405,732.7086011463506,1219,6928.8853,3.1938443,756.35803,0.21186821,9256.893,4.2718806,0,,,,,457.6009980659405,0.0006071185,732.7086011463506,0.0006209824,0.0034128046,0.026777608
0.9995239,0.00046136495,0,0.00082098367,457.5997854600339,732.7073674098184,1220,6928.3296,3.1938865,756.4008,0.21169932,9255.968,4.2724133,0,,,,,457.5997854600339,0.00060727814,732.7073674098184,0.0006211668,0.0033694205,0.026891118
0.99983066,0.00046140078,0,0.00082180795,457.59970280520156,732.7084369488537,1221,6930.358,3.194103,756.26654,0.21161847,9258.809,4.272745,0,,,,,457.59970280520156,0.00060664525,732.7084369488537,0.0006205545,0.0030645505,0.027011931
0.99972224,0.00046145232,0,0.00082263217,457.60006079326354,732.7065369371252,1222,6929.603,3.193782,755.6348,0.21192692,9257.805,4.2732224,0,,,,,457.60006079326354,0.00060650223,732.7065369371252,0.00062031817,0.0033759044,0.027073845
1.0006804,0.0004615378,0,0.00082345644,457.60082183258817,732.7071630253033,1223,6936.237,3.1945293,757.0299,0.21175447,9266.678,4.274014,0,,,,,457.60082183258817,0.00060670765,732.7071630253033,0.00062048895,0.0032513982,0.026967324
0.99983466,0.00046145185,0,0.00082428067,457.6012687625837,732.7078810475418,1224,6930.271,3.1939912,755.67834,0.21205445,9258.846,4.273218,0,,,,,457.6012687625837,0.00060661236,732.7078810475418,0.0006204912,0.003324942,0.026809338
1.0006384,0.00046174356,128,0.0008251049,457.60015713753336,732.7068792777981,1225,6935.878,3.1959555,756.8496,0.21167748,9266.288,4.2759194,128,,,,,457.60015713753336,0.00060637295,732.7068792777981,0.0006200868,0.0031098768,0.026594108
0.9996293,0.0004613515,0,0.00082592916,457.60073156708455,732.7081296195191,1226,6928.8984,3.1936562,756.00977,0.21157509,9256.944,4.272289,0,,,,,457.60073156708455,0.0006068669,732.7081296195191,0.0006208006,0.003258209,0.026247092
1.0001242,0.00046142266,0,0.0008267534,457.5988603111864,732.7061194244948,1227,6932.264,3.1941333,757.1195,0.21181977,9261.527,4.272948,0,,,,,457.5988603111864,0.0006060396,732.7061194244948,0.00061978,0.003385333,0.02647916
0.9991632,0.00046136495,0,0.0008275776,457.6010245900254,732.7066154702736,1228,6925.591,3.1934807,756.4627,0.21180658,9252.628,4.2724133,0,,,,,457.6010245900254,0.000607222,732.7066154702736,0.00062089215,0.0032263745,0.026437009
0.99991035,0.0004614019,0,0.00082840177,457.5999860230912,732.7060264681168,1229,6930.7935,3.1939626,756.3935,0.21210042,9259.547,4.2727556,0,,,,,457.5999860230912,0.0006067373,732.7060264681168,0.0006205151,0.0032153912,0.026380867
1.0007536,0.00046137767,0,0.000829226,457.60120549519314,732.7068118242585,1230,6936.622,3.194554,756.73566,0.21191621,9267.355,4.272531,0,,,,,457.60120549519314,0.0006061758,732.7068118242585,0.00061980484,0.0033964363,0.026518175
0.9999029,0.00046160546,0,0.0008300502,457.60051719530543,732.7059619782397,1231,6930.667,3.1940136,756.30035,0.21186386,9259.478,4.2746406,0,,,,,457.60051719530543,0.00060644426,732.7059619782397,0.0006202059,0.0034596268,0.026181096
1.0001107,0.00046161108,0,0.00083087437,457.5996710065109,732.7069663736839,1232,6932.054,3.194057,756.30115,0.21185566,9261.402,4.2746925,0,,,,,457.5996710065109,0.0006060104,732.7069663736839,0.00061985065,0.0034073188,0.026572518
1.0005077,0.00046147904,0,0.00083169853,457.59971979418583,732.7069631984292,1233,6934.8794,3.194215,755.78125,0.21183628,9265.079,4.27347,0,,,,,457.59971979418583,0.0006066541,732.7069631984292,0.0006205237,0.003147891,0.02649325
1.0009197,0.00046167182,0,0.0008325227,457.6003115472496,732.7067381480025,1234,6937.6494,3.194609,756.4612,0.21151832,9268.894,4.275255,0,,,,,457.6003115472496,0.0006063924,732.7067381480025,0.0006202132,0.0031337254,0.026496233
1.0003401,0.0004612219,0,0.00083334686,457.5994305028701,732.7078604693363,1235,6933.679,3.194105,755.5623,0.21178415,9263.526,4.2710886,0,,,,,457.5994305028701,0.0006059958,732.7078604693363,0.0006199354,0.002922237,0.026675927
0.998589,0.00046146227,0,0.00083417096,457.60276854680893,732.7056184179813,1236,6921.376,3.192998,755.1651,0.21191813,9247.311,4.2733145,0,,,,,457.60276854680893,0.0006071277,732.7056184179813,0.000620634,0.0032686102,0.026306935
0.99935555,0.00046157106,0,0.0008349951,457.60010325631936,732.7074703273151,1237,6926.756,3.193518,755.80066,0.21189918,9254.409,4.274322,0,,,,,457.60010325631936,0.0006071909,732.7074703273151,0.00062108674,0.0033694815,0.026209952
1.0002193,0.00046142895,0,0.0008358193,457.59994756279593,732.705682674875,1238,6932.702,3.1940393,755.0119,0.2119107,9262.408,4.273006,0,,,,,457.59994756279593,0.00060641643,732.705682674875,0.00062008423,0.0030833187,0.025989568
1.0009533,0.00046152863,0,0.0008366434,457.59980641385835,732.7052420473724,1239,6937.8447,3.1945286,755.1016,0.21208678,9269.205,4.273929,0,,,,,457.59980641385835,0.0006063548,732.7052420473724,0.00062000373,0.0029345679,0.026420528
1.0006629,0.00046152895,0,0.0008374675,457.600690414901,732.7068613295129,1240,6935.731,3.194252,755.2537,0.21192184,9266.516,4.273932,0,,,,,457.600690414901,0.0006067601,732.7068613295129,0.0006204894,0.0028904476,0.02598525
0.9995043,0.0004614323,0,0.0008382916,457.6006275935161,732.7078297739549,1241,6927.64,3.1935947,755.4199,0.2119842,9255.787,4.273037,0,,,,,457.6006275935161,0.0006067471,732.7078297739549,0.00062067655,0.0031784808,0.026275262
1.000012,0.00046154417,0,0.00083911564,457.59944358515133,732.706696463688,1242,6931.205,3.1939344,756.0824,0.21193305,9260.488,4.274073,0,,,,,457.59944358515133,0.0006063094,732.706696463688,0.00062018394,0.0031788764,0.02624749
1.000169,0.00046159752,0,0.00083993975,457.6007887828665,732.7067957413174,1243,6932.2207,3.193971,755.02954,0.21179913,9261.942,4.274567,0,,,,,457.6007887828665,0.0006065457,732.7067957413174,0.0006202567,0.003057421,0.026163312
0.99943614,0.0004614953,0,0.0008407638,457.5995668309474,732.7061454964257,1244,6927.0073,3.1934695,755.5545,0.21175358,9255.155,4.2736206,0,,,,,457.5995668309474,0.00060707633,732.7061454964257,0.00062088465,0.002966803,0.025898853
1.0004253,0.00046161865,0,0.0008415879,457.5994758371615,732.7059903623963,1245,6933.8667,3.1940591,754.48706,0.21188076,9264.315,4.2747626,0,,,,,457.5994758371615,0.00060626055,732.7059903623963,0.0006199656,0.0032981206,0.0254103
1.0001158,0.0004615328,0,0.000843236,457.6017672074534,732.7062426722343,1247,6931.7056,3.1940236,755.18994,0.2118113,9261.449,4.2739677,0,,,,,457.6017672074534,0.00060702756,732.7062426722343,0.00062072807,0.003503459,0.025703061
1.0003767,0.00046135968,0,0.00084406,457.6000582686388,732.7075372148327,1248,6933.5054,3.193954,755.37933,0.21137992,9263.865,4.2723646,0,,,,,457.6000582686388,0.0006065287,732.7075372148327,0.00062039885,0.0032325978,0.025832508
1.0004023,0.00046167296,0,0.000844884,457.6001708055219,732.7063186756734,1249,6933.698,3.1941519,755.51917,0.21197939,9264.103,4.2752657,0,,,,,457.6001708055219,0.0006066577,732.7063186756734,0.0006203945,0.0030186747,0.02606479
0.9996163,0.00046151757,0,0.000845708,457.6009712446492,732.7067851738493,1250,6928.2495,3.1936328,755.9885,0.21183775,9256.824,4.2738266,0,,,,,457.6009712446492,0.0006073198,732.7067851738493,0.00062107504,0.002916265,0.0263805
1.0003425,0.0004615275,0,0.00084653206,457.6007048573168,732.7062197434727,1251,6933.3223,3.1940534,755.07324,0.21183261,9263.549,4.2739186,0,,,,,457.6007048573168,0.0006068078,732.7062197434727,0.0006204639,0.002775491,0.026627153
0.9992154,0.00046135293,0,0.00084735604,457.59971320939337,732.7067026484888,1252,6925.372,3.1933765,756.29486,0.21174477,9253.111,4.272302,0,,,,,457.59971320939337,0.00060708565,732.7067026484888,0.0006208652,0.0022470867,0.026830463
1.0003853,0.00046135238,0,0.00084818003,457.59939613787895,732.7056679783112,1253,6933.4434,3.194155,755.43097,0.21207654,9263.944,4.272297,0,,,,,457.59939613787895,0.000606365,732.7056679783112,0.0006200412,0.0019348664,0.026145758
1.0002513,0.00046136475,0,0.00084900396,457.59889743597887,732.7069997126534,1254,6932.5425,3.1940627,755.2049,0.21188949,9262.704,4.2724113,0,,,,,457.59889743597887,0.00060648087,732.7069997126534,0.00062032003,0.0015914685,0.026660714
0.9997004,0.00046133265,0,0.00084982795,457.59726667100443,732.706843683176,1255,6928.4243,3.1936064,755.1471,0.2115934,9257.603,4.2721143,0,,,,,457.59726667100443,0.00060691737,732.706843683176,0.00062083633,0.0014226483,0.026698118
1.0001776,0.00046117205,8192,0.0008506519,457.59727655200277,732.7063399203628,1256,6931.979,3.1940093,755.00354,0.21164425,9262.021,4.270627,8192,,,,,457.59727655200277,0.00060684496,732.7063399203628,0.00062076433,0.0012825058,0.026867153
0.99904054,0.0004612716,0,0.0008514758,457.59821406990113,732.7081986629436,1257,6924.1157,3.1931572,754.3785,0.21195236,9251.492,4.2715487,0,,,,,457.59821406990113,0.00060726673,732.7081986629436,0.0006213052,0.0016775774,0.027299207
1.000163,0.00046127266,0,0.00085229974,457.598505507969,732.7082131738906,1258,6931.849,3.1940134,755.4542,0.21190807,9261.886,4.271559,0,,,,,457.598505507969,0.00060680095,732.7082131738906,0.0006208313,0.0016198995,0.027113885
0.99994767,0.00046125866,0,0.00085312367,457.5990990702046,732.7073574828737,1259,6930.388,3.1937866,755.65607,0.2119984,9259.893,4.271429,0,,,,,457.5990990702046,0.00060706184,732.7073574828737,0.00062097766,0.0017210499,0.027064165
0.99964327,0.00046119367,0,0.0008539476,457.5995524084383,732.7085136584845,1260,6928.151,3.1935472,754.6025,0.21213618,9257.073,4.2708273,0,,,,,457.5995524084383,0.0006066546,732.7085136584845,0.00062068563,0.0015809715,0.027226267
0.999814,0.00046134923,0,0.00085477147,457.59915412558416,732.7076693190991,1261,6929.288,3.1936076,755.10486,0.21210998,9258.654,4.272268,0,,,,,457.59915412558416,0.00060649303,732.7076693190991,0.00062044396,0.0020755185,0.026965965
0.9993508,0.0004612835,0,0.00085559534,457.5998524541633,732.7081357520897,1262,6926.061,3.193436,754.7792,0.21169138,9254.365,4.271659,0,,,,,457.5998524541633,0.0006068492,732.7081357520897,0.0006208366,0.0021991772,0.026771594
1.0005786,0.000461531,0,0.0008564192,457.5991528245631,732.7066778644195,1263,6934.508,3.1940908,755.0478,0.21163426,9265.735,4.273951,0,,,,,457.5991528245631,0.0006061525,732.7066778644195,0.00062001334,0.0020984758,0.026400605
0.9994623,0.0004613479,0,0.0008572431,457.6000917715687,732.7060922642444,1264,6926.6577,3.1933985,755.1707,0.21195118,9255.397,4.2722554,0,,,,,457.6000917715687,0.0006070646,732.7060922642444,0.0006208652,0.0024876513,0.025860792
1.0005728,0.0004616831,0,0.0008580669,457.59933518878285,732.7056417043417,1265,6933.958,3.1940753,754.5371,0.21172315,9265.682,4.2753596,0,,,,,457.59933518878285,0.00060644397,732.7056417043417,0.0006202703,0.002501829,0.025476808
0.9995103,0.00046156472,0,0.00085889077,457.5994942178306,732.7055496799253,1266,6926.471,3.1934218,754.8911,0.2117891,9255.842,4.2742634,0,,,,,457.5994942178306,0.0006066297,732.7055496799253,0.0006203725,0.002375545,0.025347695
0.9993372,0.0004615571,0,0.0008597146,457.5997161724929,732.7073647873656,1267,6925.618,3.193343,755.65204,0.21164641,9254.239,4.274193,0,,,,,457.5997161724929,0.0006074067,732.7073647873656,0.00062135764,0.0026262775,0.025316404
0.99995023,0.00046142787,0,0.0008605384,457.598841824932,732.7056851755517,1268,6929.9487,3.1937108,754.5192,0.21199659,9259.916,4.272996,0,,,,,457.598841824932,0.0006072534,732.7056851755517,0.0006210761,0.002340516,0.025298458
0.99985677,0.00046145057,0,0.0008613622,457.59967896476115,732.7059661868818,1269,6929.212,3.1937702,754.97296,0.21171863,9259.051,4.273206,0,,,,,457.59967896476115,0.00060727657,732.7059661868818,0.000621003,0.00246155,0.02502619
1.0002998,0.0004614372,0,0.00086218596,457.60077468763626,732.7069817087402,1270,6932.2246,3.1938477,755.46484,0.2115652,9263.153,4.2730823,0,,,,,457.60077468763626,0.0006066942,732.7069817087402,0.00062056445,0.0024864243,0.02530089
1.0001237,0.00046164155,0,0.0008630098,457.60025974648465,732.7059970413213,1271,6931.0415,3.1942143,757.1748,0.21183906,9261.522,4.274975,0,,,,,457.60025974648465,0.0006068436,732.7059970413213,0.0006206136,0.0027894718,0.025113815
0.99950826,0.00046140427,0,0.0008638335,457.60071201163777,732.7051245238152,1272,6926.73,3.1934464,753.91986,0.21197958,9255.823,4.2727776,0,,,,,457.60071201163777,0.0006065125,732.7051245238152,0.00062028173,0.0028039403,0.02482579
0.9995031,0.00046144126,0,0.0008646573,457.6007847796634,732.7044090895251,1273,6926.774,3.1933467,754.44946,0.21190947,9255.775,4.27312,0,,,,,457.6007847796634,0.00060662633,732.7044090895251,0.0006202939,0.0026801256,0.02463448
1.0002196,0.00046163533,0,0.00086548104,457.60060963286503,732.7039218495061,1274,6931.666,3.1938076,754.7011,0.21179582,9262.41,4.274917,0,,,,,457.60060963286503,0.00060647493,732.7039218495061,0.0006202261,0.0031007938,0.024726856
1.0008754,0.0004617121,0,0.00086630473,457.6003169424535,732.7046859850271,1275,6936.1465,3.19428,755.4212,0.21157986,9268.483,4.275628,0,,,,,457.6003169424535,0.00060642045,732.7046859850271,0.0006200715,0.0031302113,0.024879603
1.000262,0.0004617471,0,0.0008671285,457.5997490663874,732.70551297225,1276,6931.7554,3.1938586,754.2961,0.21182646,9262.804,4.2759523,0,,,,,457.5997490663874,0.0006067204,732.70551297225,0.00062050606,0.003315091,0.02487442
0.9999635,0.00046163946,0,0.0008679522,457.60066417530925,732.7054955761766,1277,6929.8164,3.1936364,754.3084,0.21210474,9260.039,4.2749553,0,,,,,457.60066417530925,0.00060666254,732.7054955761766,0.00062044366,0.0035404933,0.024859924
0.998784,0.00046158966,0,0.0008687758,457.6003293338571,732.7058106905604,1278,6921.76,3.1929731,754.4906,0.21181557,9249.116,4.274494,0,,,,,457.6003293338571,0.0006075252,732.7058106905604,0.0006212971,0.0031990777,0.025015516
1.0006741,0.0004617267,0,0.0008695995,457.60058441673226,732.705435110303,1279,6934.6846,3.1940882,753.5314,0.21193723,9266.619,4.2757635,0,,,,,457.60058441673226,0.00060624804,732.705435110303,0.00062000775,0.0034474474,0.025092997
1.00017,0.00046160072,0,0.0008704232,457.60068124880513,732.7056793333859,1280,6931.307,3.1938112,754.1658,0.2121049,9261.951,4.2745967,0,,,,,457.60068124880513,0.000606873,732.7056793333859,0.00062067615,0.003519689,0.024840044
1.000826,0.00046180355,0,0.00087124686,457.60065235933575,732.7060641828373,1281,6935.6597,3.194117,754.6458,0.21179664,9268.026,4.276475,0,,,,,457.60065235933575,0.00060629327,732.7060641828373,0.0006200511,0.003430057,0.024759421
0.99989045,0.00046162007,0,0.0008720705,457.6001555207894,732.7049743472872,1282,6928.827,3.1935399,753.9979,0.21173848,9259.362,4.274776,0,,,,,457.6001555207894,0.0006073299,732.7049743472872,0.00062103715,0.0032413697,0.024229763
0.9997594,0.0004616453,0,0.0008728941,457.6004928928153,732.7057036187688,1283,6927.7197,3.1932797,754.30225,0.21189947,9258.148,4.2750096,0,,,,,457.6004928928153,0.00060691976,732.7057036187688,0.0006207217,0.0031563756,0.02427018
0.9999303,0.0004616556,0,0.0008737177,457.6006508572726,732.7048094804907,1284,6929.309,3.1935592,753.4694,0.2119213,9259.731,4.275105,0,,,,,457.6006508572726,0.0006069311,732.7048094804907,0.0006206041,0.0032200953,0.02452592
1.0001963,0.00046163445,0,0.0008745413,457.6010137786342,732.704762292657,1285,6931.216,3.193803,753.7463,0.21156476,9262.195,4.274909,0,,,,,457.6010137786342,0.00060708844,732.704762292657,0.00062073016,0.0032138508,0.024354465
0.99970907,0.00046170788,0,0.0008753649,457.6004886081964,732.7049983660236,1286,6927.766,3.1933713,753.95416,0.21208693,9257.683,4.275589,0,,,,,457.6004886081964,0.0006065489,732.7049983660236,0.0006201995,0.0037033306,0.024239475
0.99988043,0.00046148594,0,0.00087618845,457.60051782563414,732.706081499481,1287,6929.137,3.1935434,753.79865,0.21195889,9259.27,4.273534,0,,,,,457.60051782563414,0.00060640933,732.706081499481,0.00062015286,0.0035307442,0.02446538
0.99953884,0.0004616329,0,0.00087701203,457.60025683917684,732.7043105251852,1288,6926.6904,3.1933615,754.30664,0.21195494,9256.106,4.2748947,0,,,,,457.60025683917684,0.00060693786,732.7043105251852,0.00062063016,0.0034913707,0.024111232
1.0005349,0.00046172188,0,0.00087783556,457.5999261786974,732.7045693772315,1289,6933.621,3.1938045,753.03516,0.21200585,9265.33,4.2757187,0,,,,,457.5999261786974,0.0006063606,732.7045693772315,0.00062008086,0.003553366,0.024043016
1.0000019,0.00046168044,0,0.0008786591,457.6021066979435,732.7050748368001,1290,6929.735,3.193594,753.8769,0.21156439,9260.395,4.275335,0,,,,,457.6021066979435,0.000606932,732.7050748368001,0.00062061823,0.0037965542,0.023794096
0.9997671,0.00046161746,0,0.0008794826,457.60149369493956,732.7049031556213,1291,6928.1274,3.1934218,753.899,0.21193436,9258.221,4.2747517,0,,,,,457.60149369493956,0.00060679036,732.7049031556213,0.0006204747,0.0035309268,0.02435907
0.99934167,0.00046166097,0,0.0008803061,457.6009371638281,732.705190162467,1292,6925.136,3.193153,753.94226,0.2117199,9254.28,4.2751546,0,,,,,457.6009371638281,0.0006073063,732.705190162467,0.00062101986,0.0032848357,0.024265625
0.99999684,0.00046165026,0,0.0008811296,457.60060784965935,732.7059813176236,1293,6929.7705,3.1935685,754.2454,0.21184553,9260.348,4.2750554,0,,,,,457.60060784965935,0.00060663023,732.7059813176236,0.00062042306,0.0037119302,0.024337538
1.0000887,0.00046163853,0,0.00088195305,457.60016136254444,732.7036397948573,1294,6930.372,3.1937056,754.1398,0.21184756,9261.198,4.2749467,0,,,,,457.60016136254444,0.00060661294,732.7036397948573,0.0006202705,0.0032493656,0.024029408
1.0008653,0.0004617676,0,0.00088277657,457.5999119518416,732.7048401160694,1295,6935.7363,3.1941597,753.4371,0.21177053,9268.391,4.276142,0,,,,,457.5999119518416,0.00060636085,732.7048401160694,0.0006200953,0.0034214398,0.023824215
1.0005345,0.00046174144,0,0.0008836,457.6015811759754,732.70511142521,1296,6933.5005,3.1937902,753.7476,0.21173377,9265.327,4.2759,0,,,,,457.6015811759754,0.00060603797,732.70511142521,0.00061974704,0.0035639666,0.024132276
0.9993347,0.00046160773,0,0.0008844234,457.6010993796539,732.704403444774,1297,6925.076,3.1930523,753.1274,0.21227424,9254.216,4.2746615,0,,,,,457.6010993796539,0.0006069992,732.704403444774,0.00062068045,0.003539499,0.023875447
1.0004462,0.00046166076,0,0.00088524685,457.6023147694711,732.7037513294597,1298,6932.7886,3.1938233,753.62915,0.21202374,9264.509,4.2751527,0,,,,,457.6023147694711,0.0006066339,732.7037513294597,0.0006202491,0.0033855606,0.02376175
0.999569,0.00046161833,0,0.00088607025,457.6003615323298,732.7049339390074,1299,6926.7285,3.1933193,754.04144,0.2119057,9256.386,4.27476,0,,,,,457.6003615323298,0.00060721656,732.7049339390074,0.0006209281,0.002885919,0.024271674
1.0015105,0.000461739,0,0.0008868936,457.5998866650782,732.7054825746661,1300,6940.148,3.1944604,753.04767,0.21188304,9274.364,4.275877,0,,,,,457.5998866650782,0.00060571404,732.7054825746661,0.0006194588,0.0027224629,0.024719214
1.0000346,0.00046163707,0,0.000887717,457.5997329349515,732.7044737179745,1301,6929.843,3.1934485,752.97705,0.21188278,9260.697,4.2749333,0,,,,,457.5997329349515,0.00060707686,732.7044737179745,0.000620806,0.0029578789,0.024041502
0.9999109,0.00046162796,0,0.00088854035,457.60045358440584,732.704732548694,1302,6928.8994,3.193397,753.4458,0.21183473,9259.552,4.274849,0,,,,,457.60045358440584,0.0006067916,732.704732548694,0.00062045053,0.0029266675,0.02403214
0.99978036,0.00046161338,0,0.0008893637,457.5994722207514,732.7042316836126,1303,6928.0776,3.1933072,753.9281,0.21188,9258.343,4.274714,0,,,,,457.5994722207514,0.00060655375,732.7042316836126,0.00062022265,0.0029669134,0.024303151
0.9997119,0.00046161545,0,0.000890187,457.60155667034155,732.7037725147316,1304,6927.568,3.1932564,753.66693,0.21198338,9257.709,4.274733,0,,,,,457.60155667034155,0.00060623937,732.7037725147316,0.00061981665,0.0031760857,0.023721403
1.0004444,0.0004616797,0,0.00089101034,457.6009529022447,732.7048492292967,1305,6932.663,3.193723,753.1891,0.21209246,9264.492,4.275328,0,,,,,457.6009529022447,0.00060684344,732.7048492292967,0.0006205057,0.0032976896,0.023859994
0.999521,0.00046155264,0,0.0008918336,457.6010073608169,732.7048602196079,1306,6926.2334,3.1931894,753.8044,0.21211126,9255.941,4.2741513,0,,,,,457.6010073608169,0.0006066717,732.7048602196079,0.0006203716,0.002984135,0.023855448
0.99954677,0.00046165186,0,0.0008926569,457.6013488445494,732.7040923367116,1307,6925.8286,3.1931257,752.50964,0.2119394,9256.18,4.27507,0,,,,,457.6013488445494,0.0006063412,732.7040923367116,0.0006199262,0.0031625577,0.023389976
0.99943167,0.000461684,0,0.00089348014,457.6007876029075,732.7026632976878,1308,6924.956,3.1931293,753.32465,0.21196383,9255.114,4.2753677,0,,,,,457.6007876029075,0.0006075335,732.7026632976878,0.00062109285,0.0031011724,0.022940038
0.99994546,0.00046166155,0,0.00089430343,457.6000347148633,732.7033098197851,1309,6929.006,3.1934264,753.10236,0.21181376,9259.872,4.27516,0,,,,,457.6000347148633,0.00060707936,732.7033098197851,0.00062076974,0.003115799,0.02378085
0.99968404,0.0004616433,0,0.00089512666,457.5999954424789,732.703656417893,1310,6927.181,3.193263,753.0458,0.21176906,9257.451,4.274991,0,,,,,457.5999954424789,0.0006068459,732.703656417893,0.00062050746,0.003339312,0.023772225
0.9993864,0.00046159027,0,0.0008959499,457.6009220152158,732.7050025671931,1311,6925.2515,3.193151,753.0361,0.21186925,9254.695,4.2745,0,,,,,457.6009220152158,0.00060731574,732.7050025671931,0.0006210984,0.0033153817,0.023774896
1.0002985,0.0004616725,0,0.00089677307,457.6022207144802,732.7052339365193,1312,6931.4062,3.1936417,752.57404,0.21161883,9263.142,4.2752614,0,,,,,457.6022207144802,0.00060644856,732.7052339365193,0.000620118,0.0037807957,0.023546625
0.9999789,0.00046176292,0,0.00089759624,457.6014613680631,732.704677067394,1313,6929.244,3.193499,753.1655,0.21185008,9260.182,4.2760987,0,,,,,457.6014613680631,0.0006069884,732.704677067394,0.0006205964,0.003801488,0.023480829
1.0001234,0.00046168332,0,0.0008984194,457.59988993598256,732.7036849938524,1314,6930.173,3.1935418,752.46857,0.21182694,9261.52,4.2753615,0,,,,,457.59988993598256,0.00060599635,732.7036849938524,0.0006196533,0.0037728045,0.023538597
0.9997125,0.00046157817,0,0.0008992426,457.60078988530597,732.7044247574158,1315,6927.4165,3.1933377,752.6365,0.21196425,9257.715,4.274388,0,,,,,457.60078988530597,0.00060712,732.7044247574158,0.0006208427,0.0034017025,0.023386197
0.99975663,0.00046169263,0,0.00090006576,457.6012665148886,732.7047686623044,1316,6927.688,3.193223,752.56635,0.21165426,9258.123,4.275448,0,,,,,457.6012665148886,0.00060654146,732.7047686623044,0.0006202642,0.0034768116,0.023816286
1.000027,0.00046175325,0,0.0009008889,457.60044376221254,732.7036785575269,1317,6929.6226,3.1934175,752.04266,0.2119589,9260.626,4.276009,0,,,,,457.60044376221254,0.00060650613,732.7036785575269,0.00062013435,0.0036135805,0.02397039
1.0001128,0.00046176225,0,0.000901712,457.60133546849886,732.7051609343714,1318,6930.1543,3.1935565,752.71826,0.21198331,9261.421,4.2760925,0,,,,,457.60133546849886,0.00060711824,732.7051609343714,0.00062085094,0.0036722664,0.023673467
0.9987456,0.00046161184,0,0.00090253504,457.60176816566354,732.7052790676337,1319,6920.6245,3.192611,752.8768,0.21180107,9248.761,4.2746997,0,,,,,457.60176816566354,0.0006074977,732.7052790676337,0.0006212461,0.003856514,0.023961471
0.99922025,0.00046163707,0,0.0009033581,457.6013477090622,732.7034674216206,1320,6923.8896,3.1927254,752.1746,0.21176857,9253.156,4.2749333,0,,,,,457.6013477090622,0.0006074044,732.7034674216206,0.0006210358,0.0040177694,0.023464672
0.9991015,0.00046157005,0,0.00090418116,457.6013490194026,732.7049001190995,1321,6923.011,3.1927757,753.7004,0.21174684,9252.057,4.2743125,0,,,,,457.6013490194026,0.00060753565,732.7049001190995,0.0006212425,0.0039831707,0.023662198
1.0004634,0.00046178512,0,0.0009050042,457.6017959680943,732.7038508809384,1322,6932.579,3.1936593,752.71136,0.2116548,9264.668,4.2763042,0,,,,,457.6017959680943,0.0006067526,732.7038508809384,0.00062038517,0.003969397,0.023425326
0.9998263,0.00046171874,0,0.00090582727,457.6008996811304,732.7046671085438,1323,6928.0845,3.1932755,752.64685,0.21196908,9258.769,4.2756896,0,,,,,457.6008996811304,0.00060691475,732.7046671085438,0.00062061625,0.0041496027,0.023664312
0.9994208,0.00046173384,0,0.00090665027,457.60179702760513,732.7043560087884,1324,6925.358,3.1929076,753.1931,0.21159059,9255.014,4.2758293,0,,,,,457.60179702760513,0.00060704,732.7043560087884,0.00062069873,0.004032656,0.02391418
0.99968743,0.00046171364,0,0.0009074732,457.60119538211654,732.7046076309559,1325,6927.0317,3.1930277,752.7237,0.21156238,9257.482,4.2756424,0,,,,,457.60119538211654,0.00060663867,732.7046076309559,0.000620375,0.0038910168,0.023447024
1.0000639,0.0004617836,0,0.0009082962,457.60198971230835,732.7052781882919,1326,6929.6284,3.1934829,752.59595,0.2117706,9260.969,4.2762904,0,,,,,457.60198971230835,0.0006071913,732.7052781882919,0.0006208458,0.0041252444,0.023789983
0.99993765,0.00046174412,0,0.00090911915,457.60243624523355,732.7041514245622,1327,6928.811,3.1933568,752.79456,0.21175325,9259.8,4.2759247,0,,,,,457.60243624523355,0.00060676754,732.7041514245622,0.00062043965,0.0036642572,0.02349048
1.0003972,0.00046172802,0,0.0009099421,457.6028638394994,732.7044435330484,1328,6931.8696,3.1936412,752.93207,0.21156242,9264.055,4.2757754,0,,,,,457.6028638394994,0.00060710526,732.7044435330484,0.00062069023,0.003595315,0.023183482
1.000227,0.00046175407,0,0.000910765,457.60085310852594,732.7032923733191,1329,6930.7207,3.193508,752.7716,0.21176757,9262.479,4.2760167,0,,,,,457.60085310852594,0.00060656643,732.7032923733191,0.0006201409,0.0036165975,0.023088343
0.99951637,0.00046162415,0,0.0009115879,457.60117940520513,732.7031379278478,1330,6925.7095,3.1930628,752.929,0.21163015,9255.898,4.2748137,0,,,,,457.60117940520513,0.0006069939,732.7031379278478,0.0006205601,0.003874727,0.023146193
0.9996131,0.00046168518,0,0.0009124108,457.601827873249,732.7043065352198,1331,6926.4844,3.1931424,752.1013,0.21193697,9256.794,4.2753787,0,,,,,457.601827873249,0.000607402,732.7043065352198,0.00062103994,0.0035028514,0.023707815
1.0003867,0.00046175567,0,0.00091323367,457.6019540255867,732.7049628379835,1332,6931.725,3.1938026,752.35046,0.21184048,9263.958,4.2760315,0,,,,,457.6019540255867,0.0006073711,732.7049628379835,0.00062106753,0.0032764515,0.023820339
1.0002348,0.000461693,0,0.00091405655,457.6013754367136,732.7038429528975,1333,6930.712,3.193411,752.2169,0.21201059,9262.552,4.275451,0,,,,,457.6013754367136,0.00060679053,732.7038429528975,0.00062022044,0.0028659932,0.023589658
1.0000659,0.00046170098,0,0.0009148794,457.59990538030036,732.7050749470925,1334,6929.5303,3.193408,752.7131,0.2118961,9260.987,4.275525,0,,,,,457.59990538030036,0.00060688495,732.7050749470925,0.00062067545,0.0025909806,0.023554062
1.0000463,0.0004617497,128,0.0009157022,457.59951815048123,732.705201101289,1335,6929.3633,3.193906,751.9699,0.21187118,9260.806,4.275976,128,,,,,457.59951815048123,0.0006065283,732.705201101289,0.00062031444,0.0025736424,0.024046207
0.99912703,0.00046152595,0,0.00091652496,457.6000628369567,732.7049267059421,1336,6923.043,3.1926088,752.1621,0.21199328,9252.293,4.2739043,0,,,,,457.6000628369567,0.0006069001,732.7049267059421,0.0006207583,0.0025124645,0.024111353
0.9993339,0.0004615603,0,0.00091734773,457.6004140373084,732.7049809737482,1337,6924.1523,3.192834,751.8049,0.21162607,9254.209,4.2742224,0,,,,,457.6004140373084,0.00060727913,732.7049809737482,0.0006210291,0.002400944,0.024181189
1.0002142,0.00046159327,0,0.0009181705,457.5998297449845,732.7054029865387,1338,6930.4106,3.1934423,752.9736,0.21194771,9262.36,4.2745275,0,,,,,457.5998297449845,0.00060686213,732.7054029865387,0.0006206691,0.0021070754,0.024438344
0.9998414,0.00046150855,0,0.00091899326,457.59935700210326,732.704425574252,1339,6927.8184,3.193139,751.4425,0.21167673,9258.908,4.273743,0,,,,,457.59935700210326,0.00060714514,732.704425574252,0.00062081515,0.0019687656,0.02402919
1.0000459,0.00046147648,0,0.00091981597,457.59993768295226,732.7044812283425,1340,6929.2124,3.1932695,750.7274,0.21198975,9260.802,4.273446,0,,,,,457.59993768295226,0.00060655223,732.7044812283425,0.00062022737,0.0020118777,0.024604436
1.0002522,0.00046166926,0,0.0009206387,457.60076619631843,732.7051193826836,1341,6930.652,3.193574,751.51654,0.21180518,9262.713,4.2752314,0,,,,,457.60076619631843,0.0006071096,732.7051193826836,0.0006208571,0.0023992914,0.024068845
0.9996927,0.0004616281,0,0.0009214614,457.6001887127027,732.7043843639324,1342,6926.636,3.193024,751.01434,0.21191998,9257.531,4.2748504,0,,,,,457.6001887127027,0.0006065835,732.7043843639324,0.0006202937,0.002218693,0.024245117
0.9996611,0.00046142735,0,0.00092228403,457.59970835673363,732.7048334344238,1343,6926.5376,3.1929865,751.0308,0.21207659,9257.238,4.272991,0,,,,,457.59970835673363,0.0006072649,732.7048334344238,0.00062102114,0.0021299652,0.024311746
0.9999198,0.0004615724,0,0.0009231067,457.5986586831941,732.7041064205589,1344,6928.136,3.1932275,751.4017,0.21164708,9259.634,4.2743344,0,,,,,457.5986586831941,0.000606791,732.7041064205589,0.000620523,0.0024223046,0.02398865
0.9990641,0.00046153614,0,0.0009239293,457.59954218896723,732.7042124484389,1345,6922.2847,3.1925838,751.75696,0.211736,9251.71,4.2739987,0,,,,,457.59954218896723,0.0006077389,732.7042124484389,0.0006214573,0.0025256183,0.023690082
1.0004675,0.00046175774,0,0.0009247519,457.5994522264775,732.7042804643938,1346,6932.0337,3.193645,750.5336,0.21161455,9264.707,4.2760506,0,,,,,457.5994522264775,0.0006066469,732.7042804643938,0.0006204042,0.0026947646,0.023228835
0.99973774,0.0004617332,0,0.0009255745,457.60062609275343,732.7035901490358,1347,6927.0215,3.193112,751.59937,0.21187235,9257.948,4.2758236,0,,,,,457.60062609275343,0.0006070148,732.7035901490358,0.00062063755,0.0032792194,0.023346707
1.0007703,0.00046182208,0,0.0009263971,457.6012753445806,732.7040876087297,1348,6934.067,3.1937919,751.72144,0.21189372,9267.511,4.2766466,0,,,,,457.6012753445806,0.00060632656,732.7040876087297,0.00061994017,0.0037314985,0.023013936
1.0001844,0.00046171312,0,0.00092721963,457.60187156613756,732.7045778250497,1349,6929.96,3.1932878,751.3125,0.21180311,9262.085,4.2756376,0,,,,,457.60187156613756,0.000607109,732.7045778250497,0.0006209093,0.003788694,0.023223054
0.9994722,0.0004617437,0,0.00092804217,457.60186290726983,732.7035202052878,1350,6925.0786,3.1929789,751.7286,0.21163133,9255.489,4.275921,0,,,,,457.60186290726983,0.0006073765,732.7035202052878,0.00062096975,0.0038719845,0.022834092
1.0003866,0.00046174283,0,0.0009288647,457.6026651885095,732.7035955682542,1351,6931.273,3.193434,750.08356,0.21200511,9263.957,4.275913,0,,,,,457.6026651885095,0.00060662744,732.7035955682542,0.00062022806,0.003612002,0.02276614
1.0003814,0.00046176687,0,0.0009296872,457.60049125854255,732.7038430062931,1352,6931.243,3.193511,751.7356,0.21169212,9263.908,4.2761354,0,,,,,457.60049125854255,0.00060689345,732.7038430062931,0.0006206645,0.0036819603,0.022796823
0.9994937,0.0004616621,0,0.00093050965,457.6008467480069,732.7048143408226,1353,6925.125,3.1928318,751.52545,0.2117685,9255.688,4.275165,0,,,,,457.6008467480069,0.00060735986,732.7048143408226,0.00062100746,0.0036945336,0.022587735
0.9994109,0.0004616953,0,0.0009313321,457.6013971307516,732.7044540243384,1354,6924.5464,3.1928213,750.9779,0.21171772,9254.922,4.2754726,0,,,,,457.6013971307516,0.0006069918,732.7044540243384,0.0006206634,0.003826165,0.022859413
0.9997694,0.00046172092,0,0.00093215454,457.6023505977048,732.7036706412518,1355,6927.079,3.1928995,750.7577,0.21182513,9258.241,4.2757096,0,,,,,457.6023505977048,0.00060650066,732.7036706412518,0.000620159,0.0036113586,0.022692693
1.0001034,0.00046169743,0,0.00093297695,457.6019815938648,732.7036937283714,1356,6929.322,3.193185,750.63586,0.2118553,9261.334,4.275492,0,,,,,457.6019815938648,0.0006068768,732.7036937283714,0.000620484,0.003657263,0.022945387
0.99997956,0.00046174636,0,0.00093379937,457.6013121729659,732.7040586261375,1357,6928.4487,3.1930172,750.3431,0.2117531,9260.1875,4.275945,0,,,,,457.6013121729659,0.00060673436,732.7040586261375,0.00062033173,0.0038047968,0.0226361
0.99925756,0.00046165462,0,0.0009346218,457.6013689270926,732.703735486536,1358,6923.366,3.1925576,750.79553,0.21193528,9253.502,4.275096,0,,,,,457.6013689270926,0.00060694263,732.703735486536,0.00062058057,0.0035756256,0.022498578
1.0005112,0.00046177642,0,0.00093544414,457.60195676770087,732.7037219349418,1359,6932.1245,3.1934874,751.25684,0.21156964,9265.11,4.2762237,0,,,,,457.60195676770087,0.0006065464,732.7037219349418,0.00062020554,0.0032221663,0.02257758
1.000203,0.00046175058,0,0.00093626644,457.6003123030631,732.7039104977687,1360,6930.0093,3.1931224,751.1456,0.21171418,9262.257,4.2759843,0,,,,,457.6003123030631,0.0006065872,732.7039104977687,0.0006202853,0.0032797148,0.022462701
1.0006199,0.00046170526,0,0.00093708874,457.60063906050505,732.7029717352401,1361,6932.788,3.1934867,750.9331,0.2119069,9266.117,4.2755647,0,,,,,457.60063906050505,0.0006061023,732.7029717352401,0.00061962614,0.003486947,0.022741351
1.0004954,0.00046178346,0,0.00093791104,457.6004836990119,732.7040974313019,1362,6931.955,3.1933963,750.13556,0.21208136,9264.965,4.276289,0,,,,,457.6004836990119,0.0006065263,732.7040974313019,0.0006202311,0.003571091,0.022634864
1.0001824,0.00046175922,0,0.00093873334,457.60112767761655,732.7039599144463,1363,6929.7715,3.1931431,750.08075,0.21187781,9262.065,4.2760644,0,,,,,457.60112767761655,0.00060699804,732.7039599144463,0.0006207257,0.0035660418,0.022636028
0.9999084,0.00046162182,0,0.0009395556,457.5991389802581,732.7032458961082,1364,6927.8184,3.1929085,750.0641,0.2118114,9259.528,4.274792,0,,,,,457.5991389802581,0.0006060778,732.7032458961082,0.0006196842,0.003177296,0.022603415
1.0001309,0.00046170258,0,0.0009403778,457.6014263620309,732.7031365613763,1365,6929.2876,3.1931841,750.82794,0.2116279,9261.589,4.27554,0,,,,,457.6014263620309,0.00060700753,732.7031365613763,0.00062058296,0.0033924908,0.022320306
1.0008317,0.0004617868,0,0.00094120007,457.60177365410794,732.7029020915825,1366,6934.184,3.1936612,749.97455,0.21183495,9268.079,4.27632,0,,,,,457.60177365410794,0.0006066596,732.7029020915825,0.0006201789,0.0034379575,0.022033025
1.0008023,0.00046177028,0,0.00094202225,457.6011686086761,732.7029330715001,1367,6934.0044,3.1935074,750.2035,0.21174975,9267.807,4.276167,0,,,,,457.6011686086761,0.0006062911,732.7029330715001,0.0006198988,0.0033152816,0.022216234
1.0004878,0.00046174758,0,0.00094284443,457.60068057177784,732.7030075113755,1368,6931.739,3.1933758,750.65375,0.2115225,9264.895,4.2759566,0,,,,,457.60068057177784,0.00060679874,732.7030075113755,0.0006203939,0.003412157,0.022272239
1.0010136,0.0004618153,0,0.00094366656,457.6009534438047,732.7037968937088,1369,6935.343,3.1937807,750.086,0.212088,9269.764,4.2765837,0,,,,,457.6009534438047,0.0006063752,732.7037968937088,0.00062002253,0.0033446227,0.02191229
1.0017668,0.0004618117,0,0.0009444887,457.6000253866797,732.7044480746803,1370,6940.5503,3.1942694,750.13947,0.21183272,9276.738,4.2765503,0,,,,,457.6000253866797,0.00060517,732.7044480746803,0.0006188711,0.0031247307,0.022613773
0.9998277,0.00046167246,0,0.0009453108,457.6008581364954,732.7030466443746,1371,6927.106,3.19299,750.04346,0.21198489,9258.781,4.275261,0,,,,,457.6008581364954,0.00060708186,732.7030466443746,0.00062068604,0.0034151506,0.02225489
1.0000091,0.00046168145,0,0.00094613293,457.60135014684005,732.7030459159471,1372,6928.314,3.1930583,749.68024,0.21189508,9260.461,4.2753444,0,,,,,457.60135014684005,0.0006072379,732.7030459159471,0.0006208276,0.0033571173,0.022538617
1.0010211,0.00046179656,0,0.00094695494,457.60156017802956,732.7029782373361,1373,6935.3745,3.193616,749.98206,0.2119919,9269.833,4.27641,0,,,,,457.60156017802956,0.0006064334,732.7029782373361,0.0006199824,0.0033591648,0.022070842
1.0007602,0.0004618057,0,0.000947777,457.6021497370274,732.7032278359504,1374,6933.537,3.193558,750.54785,0.21153249,9267.417,4.276495,0,,,,,457.6021497370274,0.0006065001,732.7032278359504,0.00062007626,0.0034538633,0.022178318
0.99934393,0.00046163946,0,0.000948599,457.6015941420022,732.7021018773764,1375,6923.731,3.1925805,750.43,0.21168025,9254.302,4.2749553,0,,,,,457.6015941420022,0.00060742296,732.7021018773764,0.00062102365,0.0035725173,0.022327969
0.9996946,0.0004616141,0,0.000949421,457.60100689375076,732.7034330748261,1376,6926.098,3.192745,749.64343,0.21157126,9257.549,4.2747207,0,,,,,457.60100689375076,0.0006071787,732.7034330748261,0.00062082655,0.0035017333,0.022062195
0.9998636,0.00046170593,0,0.00095024303,457.6009598296009,732.7033668556882,1377,6927.271,3.1928172,749.9097,0.21167932,9259.114,4.275571,0,,,,,457.6009598296009,0.00060694956,732.7033668556882,0.00062063924,0.0034657142,0.021997994
0.9995941,0.0004617275,0,0.000951065,457.6004748459859,732.7020857743312,1378,6925.398,3.1928787,750.92303,0.2117817,9256.618,4.2757707,0,,,,,457.6004748459859,0.0006071933,732.7020857743312,0.0006208244,0.0034484642,0.021865046
1.0004263,0.0004617002,0,0.00095188693,457.6019803970775,732.7024754930492,1379,6931.053,3.1932378,749.88336,0.21190757,9264.324,4.275518,0,,,,,457.6019803970775,0.0006066999,732.7024754930492,0.000620283,0.0034766975,0.02243339
0.99970526,0.00046168393,0,0.0009527088,457.60128283208735,732.7031080840494,1380,6926.18,3.1927814,750.9689,0.21174273,9257.647,4.2753673,0,,,,,457.60128283208735,0.00060702703,732.7031080840494,0.000620629,0.0033709565,0.021930637
1.0000448,0.00046174417,0,0.0009535307,457.60165287146253,732.7024920903482,1381,6928.545,3.192986,749.1908,0.2116447,9260.792,4.275925,0,,,,,457.60165287146253,0.0006066278,732.7024920903482,0.0006201552,0.003614119,0.021358557
1.0007702,0.00046170608,0,0.0009543526,457.60178150223055,732.7026043319972,1382,6933.4873,3.1934416,749.336,0.21183878,9267.51,4.2755723,0,,,,,457.60178150223055,0.000606208,732.7026043319972,0.000619848,0.003527438,0.021715183
0.99976957,0.00046172255,0,0.00095517444,457.6023129695103,732.7028953474103,1383,6926.605,3.1927905,750.93933,0.21169515,9258.243,4.275725,0,,,,,457.6023129695103,0.0006070252,732.7028953474103,0.00062073127,0.0037716238,0.021562632
0.9989925,0.00046159403,0,0.0009559963,457.60328989988693,732.7033022352946,1384,6921.0127,3.192368,750.7155,0.21180981,9251.047,4.2745347,0,,,,,457.60328989988693,0.0006073486,732.7033022352946,0.0006207588,0.0040889084,0.021440081
0.9999408,0.00046169007,0,0.00095681805,457.6013536039029,732.7032096235915,1385,6927.5723,3.19291,749.99316,0.21191874,9259.829,4.275424,0,,,,,457.6013536039029,0.00060735084,732.7032096235915,0.0006209591,0.0034866405,0.02147016
1.0004216,0.0004617415,0,0.00095763983,457.60195715826967,732.7027684396883,1386,6930.876,3.1931617,750.11017,0.21143343,9264.281,4.2759004,0,,,,,457.60195715826967,0.000606749,732.7027684396883,0.0006203503,0.0034212673,0.021541715
1.0000019,0.00046171297,0,0.0009584616,457.6008909560596,732.7027849976732,1387,6927.926,3.19305,750.12823,0.21197611,9260.395,4.275636,0,,,,,457.6008909560596,0.00060670904,732.7027849976732,0.0006203171,0.0033448883,0.021326058
1.0002965,0.0004616931,0,0.0009592833,457.60116017702217,732.7030149412467,1388,6929.903,3.1931992,750.8585,0.2116105,9263.122,4.275452,0,,,,,457.60116017702217,0.0006073807,732.7030149412467,0.00062096433,0.0036262916,0.021202076
1.0001482,0.00046175058,0,0.00096010504,457.6019615998686,732.7019822699763,1389,6929.045,3.193177,750.1052,0.21175694,9261.749,4.2759843,0,,,,,457.6019615998686,0.0006069197,732.7019822699763,0.0006204823,0.0035836576,0.02142106
1.0013248,0.00046189464,0,0.00096092676,457.6029046586452,732.7020489949505,1390,6937.1396,3.1939888,750.7626,0.2119865,9272.645,4.2773185,0,,,,,457.6029046586452,0.00060656655,732.7020489949505,0.0006200384,0.0036802217,0.02116397
0.9996927,0.000461631,0,0.0009617484,457.6016317393668,732.7028921059042,1391,6925.8535,3.192812,750.70087,0.21154064,9257.531,4.274877,0,,,,,457.6016317393668,0.0006073194,732.7028921059042,0.00062096736,0.003848511,0.02135542
0.99969405,0.00046170113,0,0.0009633917,457.60296069326336,732.701560036834,1393,6925.6997,3.192822,749.93243,0.21167634,9257.544,4.2755265,0,,,,,457.60296069326336,0.0006073497,732.701560036834,0.0006208582,0.004234515,0.020865293
1.0009757,0.00046182898,0,0.0009642133,457.60242740643525,732.6999675432203,1394,6934.572,3.1936305,750.0525,0.21177019,9269.412,4.2767105,0,,,,,457.60242740643525,0.0006056073,732.6999675432203,0.00061906636,0.0038063014,0.020989714
0.99994475,0.0004616982,0,0.0009650348,457.60232254729067,732.7030143428146,1395,6927.4136,3.19295,750.3247,0.21201856,9259.865,4.2754993,0,,,,,457.60232254729067,0.00060726574,732.7030143428146,0.0006208189,0.0039537936,0.020788781
0.9989215,0.00046155922,0,0.00096585636,457.60128228636063,732.7023628925084,1396,6920.1914,3.1922562,749.9739,0.21191557,9250.39,4.2742124,0,,,,,457.60128228636063,0.00060763716,732.7023628925084,0.000621201,0.0030295006,0.0208844
1.0008522,0.00046177852,0,0.0009666779,457.6008245474992,732.7010631086158,1397,6933.589,3.1934862,749.6148,0.21167493,9268.269,4.276243,0,,,,,457.6008245474992,0.0006064571,732.7010631086158,0.000619868,0.0035239756,0.020356774
1.0002323,0.00046167106,0,0.00096749945,457.6022246558358,732.7021589624459,1398,6929.3564,3.1930926,750.0684,0.21173835,9262.528,4.275248,0,,,,,457.6022246558358,0.00060650794,732.7021589624459,0.00062006153,0.0036474008,0.020664524
1.0012301,0.00046183227,0,0.0009683209,457.6008438949848,732.7018756958081,1399,6936.2847,3.1937532,749.15674,0.21188931,9271.769,4.276741,0,,,,,457.6008438949848,0.000606424,732.7018756958081,0.000620038,0.003272994,0.020865967
1.0003749,0.00046174007,0,0.00096914236,457.6012259967637,732.7006302757554,1400,6929.851,3.1930475,749.5914,0.21174192,9263.849,4.275887,0,,,,,457.6012259967637,0.0006071101,732.7006302757554,0.00062056055,0.002998891,0.02033207
0.9994052,0.00046140226,0,0.0009699638,457.6026577391391,732.7018200068558,1401,6923.0327,3.192486,749.6721,0.21153739,9254.869,4.272759,0,,,,,457.6026577391391,0.0006074095,732.7018200068558,0.00062096474,0.0033048128,0.020353856
0.99920475,0.00046155814,0,0.0009707852,457.601305481212,732.7020178607154,1402,6922.008,3.1923149,749.5819,0.21173775,9253.013,4.2742023,0,,,,,457.601305481212,0.00060725166,732.7020178607154,0.00062084215,0.0036389653,0.020702992
1.0007786,0.0004616825,0,0.0009716066,457.60166346910825,732.7023543674069,1403,6932.878,3.1934502,750.2758,0.21177253,9267.587,4.275354,0,,,,,457.60166346910825,0.0006069519,732.7023543674069,0.0006205789,0.0038413669,0.02057061
0.99965113,0.00046162333,0,0.00097242795,457.6014062263739,732.7016861511287,1404,6925.093,3.1926723,749.992,0.21151191,9257.146,4.274806,0,,,,,457.6014062263739,0.0006071709,732.7016861511287,0.0006207616,0.0035602767,0.020544635
0.9998916,0.000461671,0,0.0009732493,457.6027202621748,732.702383230474,1405,6926.7256,3.1927888,748.8199,0.21164575,9259.373,4.2752476,0,,,,,457.6027202621748,0.00060677616,732.702383230474,0.0006202631,0.0034351249,0.020780876
0.99996233,0.00046162918,0,0.00097407063,457.60149594694326,732.7016248526826,1406,6927.149,3.1928935,750.02625,0.21170463,9260.028,4.2748604,0,,,,,457.60149594694326,0.0006069776,732.7016248526826,0.000620508,0.0032717371,0.020351825
0.99987733,0.00046168207,0,0.0009748919,457.6000664546522,732.7020982021559,1407,6926.6733,3.1927931,749.9886,0.21180858,9259.241,4.27535,0,,,,,457.6000664546522,0.0006079086,732.7020982021559,0.0006216647,0.0030770046,0.020556383
1.0001264,0.00046173733,0,0.00097571313,457.6014257708089,732.7018391676729,1408,6928.343,3.1930077,749.6675,0.2116851,9261.547,4.2758617,0,,,,,457.6014257708089,0.00060726685,732.7018391676729,0.0006207519,0.0029893154,0.020481873
0.9998818,0.00046165576,0,0.0009765344,457.59977324490194,732.7017182348452,1409,6926.593,3.192789,749.23883,0.21185067,9259.282,4.2751064,0,,,,,457.59977324490194,0.00060689996,732.7017182348452,0.0006205747,0.003137319,0.020621493
0.999742,0.00046160741,0,0.0009773556,457.600752498793,732.7018421130716,1410,6925.536,3.1926062,748.48804,0.21184784,9257.987,4.2746587,0,,,,,457.600752498793,0.000606681,732.7018421130716,0.00062018627,0.002776313,0.020647092
0.9989735,0.00046162287,0,0.0009781768,457.60162080589294,732.7018843481964,1411,6919.73,3.1921592,749.37134,0.21160099,9250.871,4.2748017,0,,,,,457.60162080589294,0.0006073971,732.7018843481964,0.00062089576,0.0030869443,0.019715976
0.9999689,0.00046170037,0,0.0009789979,457.60101858793826,732.7023125798996,1412,6926.6377,3.192803,748.9136,0.2117781,9260.089,4.2755194,0,,,,,457.60101858793826,0.0006072042,732.7023125798996,0.00062083127,0.0029347308,0.020013303
1.0000906,0.0004616785,0,0.0009798191,457.600336608638,732.7023811327048,1413,6927.7876,3.1928384,749.5282,0.21176468,9261.216,4.2753167,0,,,,,457.600336608638,0.0006070353,732.7023811327048,0.0006206936,0.003064715,0.020447044
1.0003638,0.000461605,0,0.0009806402,457.60072086777484,732.7028422866575,1414,6929.603,3.1929805,748.9224,0.21141768,9263.746,4.2746363,0,,,,,457.60072086777484,0.00060683495,732.7028422866575,0.00062045845,0.0027335559,0.020773625
0.9998389,0.00046165087,0,0.0009814613,457.6009148582981,732.702352609456,1415,6926.0425,3.1927567,749.01154,0.21155165,9258.885,4.275061,0,,,,,457.6009148582981,0.0006077011,732.702352609456,0.00062138896,0.0026233078,0.020657629
0.9994507,0.00046150546,0,0.0009822823,457.60133585570543,732.7025435394019,1416,6923.317,3.1923995,749.16626,0.21171047,9255.29,4.2737145,0,,,,,457.60133585570543,0.0006075863,732.7025435394019,0.0006212116,0.0028576225,0.020949561
0.99977654,0.00046157764,0,0.0009831034,457.59999532185316,732.7028629982148,1417,6925.669,3.1926045,747.8772,0.21186763,9258.308,4.274383,0,,,,,457.59999532185316,0.0006072671,732.7028629982148,0.00062090065,0.0026851457,0.020878348
0.99992573,0.00046168466,0,0.0009839244,457.60136347168395,732.7016874190895,1418,6926.593,3.1927018,748.91693,0.21202837,9259.689,4.275374,0,,,,,457.60136347168395,0.0006071504,732.7016874190895,0.00062061084,0.002483233,0.020970456
1.0003803,0.0004615743,0,0.0009847454,457.5995186710935,732.7028873410649,1419,6929.6924,3.1931171,748.8954,0.21200636,9263.898,4.274352,0,,,,,457.5995186710935,0.00060713646,732.7028873410649,0.000620871,0.0021950086,0.020839708
0.9993928,0.00046148794,0,0.0009855664,457.59982503445883,732.7031287988034,1420,6922.9136,3.1922722,749.03613,0.2117077,9254.754,4.2735524,0,,,,,457.59982503445883,0.0006071239,732.7031287988034,0.0006208601,0.0020495402,0.020871712
0.99972516,0.0004615863,0,0.0009863873,457.60097364676017,732.7030918871765,1421,6925.2505,3.1926248,748.1363,0.21174917,9257.832,4.274463,0,,,,,457.60097364676017,0.0006071698,732.7030918871765,0.00062089047,0.0022507824,0.021074308
1.0000446,0.00046159423,0,0.0009872082,457.60095252741087,732.7034837069841,1422,6927.2656,3.1927886,748.0651,0.21197398,9260.79,4.2745366,0,,,,,457.60095252741087,0.00060716504,732.7034837069841,0.0006208376,0.0017019779,0.020859167
0.9995468,0.00046124903,0,0.0009880291,457.6003259016554,732.7011121041656,1423,6923.3228,3.1922262,748.18646,0.21183312,9256.181,4.27134,0,,,,,457.6003259016554,0.0006073882,732.7011121041656,0.00062101823,0.0018924474,0.020474698
1.0005735,0.00046160736,0,0.0009888499,457.6004044846154,732.7026583376266,1424,6930.6016,3.193111,747.8977,0.21152823,9265.688,4.274658,0,,,,,457.6004044846154,0.0006069751,732.7026583376266,0.0006206208,0.0020233127,0.020095926
0.99963725,0.00046156262,0,0.0009896707,457.6005598343403,732.7020478407817,1425,6924.369,3.192633,748.34607,0.21192135,9257.018,4.274244,0,,,,,457.6005598343403,0.00060739863,732.7020478407817,0.0006211103,0.00211719,0.020520212
1.0005984,0.00046153847,0,0.0009904916,457.60072194769606,732.7032137959285,1426,6931.0107,3.1929586,747.39276,0.21197405,9265.919,4.27402,0,,,,,457.60072194769606,0.00060681003,732.7032137959285,0.00062041153,0.0019728206,0.020733295
0.9999975,0.00046152453,0,0.0009913123,457.6002683249716,732.7027205058589,1427,6926.8013,3.1927166,748.28125,0.2116945,9260.354,4.273891,0,,,,,457.6002683249716,0.00060709694,732.7027205058589,0.0006208174,0.0018613794,0.020693656
0.99960655,0.00046158538,0,0.0009921332,457.6003122110682,732.7005368637898,1428,6924.084,3.1924894,748.5987,0.21196538,9256.733,4.2744546,0,,,,,457.6003122110682,0.0006072331,732.7005368637898,0.0006208017,0.0019498868,0.020422585
1.0001314,0.00046154883,0,0.0009929539,457.6016281484457,732.7025194721402,1429,6927.6587,3.192752,748.2257,0.21159916,9261.594,4.274116,0,,,,,457.6016281484457,0.00060701073,732.7025194721402,0.0006205768,0.0023387733,0.020149188
0.99949884,0.0004614548,0,0.0009937745,457.60214907447175,732.7007959329118,1430,6923.243,3.1923072,748.5276,0.21171021,9255.736,4.2732453,0,,,,,457.60214907447175,0.00060775026,732.7007959329118,0.00062120834,0.0025264288,0.019810528
1.0005393,0.00046151291,0,0.0009945952,457.5999634354381,732.7020766107684,1431,6930.368,3.1929708,747.4398,0.21206874,9265.371,4.2737837,0,,,,,457.5999634354381,0.00060653273,732.7020766107684,0.00062015606,0.0023543513,0.019717494
1.0001736,0.00046171653,0,0.0009954158,457.6009348080321,732.7003235803099,1432,6927.9155,3.1928067,748.0788,0.21159017,9261.984,4.275669,0,,,,,457.6009348080321,0.0006067511,732.7003235803099,0.0006201698,0.0031513097,0.019540772
0.99982876,0.0004617054,0,0.0009962365,457.60194823652444,732.7026512927621,1433,6925.595,3.1925335,747.58264,0.21176468,9258.791,4.275566,0,,,,,457.60194823652444,0.00060720654,732.7026512927621,0.00062081945,0.002819807,0.019220859
0.9995442,0.00046161184,0,0.0009970571,457.60141455864357,732.7014534757361,1434,6923.3535,3.1923032,748.02966,0.2118901,9256.156,4.2746997,0,,,,,457.60141455864357,0.00060763076,732.7014534757361,0.00062123075,0.0026445116,0.01922993
0.99989885,0.00046160814,0,0.0009978777,457.60141452871306,732.7011501435151,1435,6925.3633,3.1925218,748.4803,0.2115902,9259.44,4.2746654,0,,,,,457.60141452871306,0.00060724065,732.7011501435151,0.0006207375,0.0028804445,0.018647162
1.0002124,0.00046167025,0,0.0009986982,457.601055787106,732.7001061989821,1436,6927.751,3.1928108,748.0719,0.212002,9262.344,4.2752404,0,,,,,457.601055787106,0.0006070341,732.7001061989821,0.0006205592,0.0027661964,0.018795365
1.0000622,0.00046161932,0,0.0009995187,457.6019640393996,732.7010712917911,1437,6926.9253,3.1926212,748.3482,0.21164681,9260.953,4.274769,0,,,,,457.6019640393996,0.0006074051,732.7010712917911,0.00062090217,0.003577688,0.01872694
1.0008229,0.00046180113,8192,0.0010003392,457.6013737413182,732.7000343320688,1438,6932.182,3.1931193,747.056,0.21186084,9267.997,4.2764525,8192,,,,,457.6013737413182,0.0006066741,732.7000343320688,0.00062010123,0.0032838495,0.018715471
0.99958146,0.0004614604,0,0.0010011597,457.60257277405105,732.6998543987952,1439,6923.429,3.1923552,747.9467,0.21175507,9256.501,4.2732973,0,,,,,457.60257277405105,0.0006073121,732.6998543987952,0.00062075653,0.0034376113,0.018724011
0.9991806,0.0004615932,0,0.00100198,457.6028693905665,732.6997436400104,1440,6920.806,3.1919074,747.7528,0.2118099,9252.789,4.274527,0,,,,,457.6028693905665,0.00060768396,732.6997436400104,0.0006209987,0.003354319,0.018518934
0.99956554,0.00046160026,0,0.0010028005,457.5993975535856,732.7005244215511,1441,6923.434,3.1922548,746.9596,0.21174425,9256.354,4.2745924,0,,,,,457.5993975535856,0.0006068428,732.7005244215511,0.0006203471,0.0030639523,0.018839054
1.0000459,0.000461624,0,0.0010036209,457.6024078977836,732.7006851069307,1442,6926.784,3.1925063,747.3254,0.21155818,9260.802,4.274812,0,,,,,457.6024078977836,0.00060734013,732.7006851069307,0.00062084623,0.0033572502,0.018679295
1.0005502,0.0004617555,0,0.0010044412,457.60099900728636,732.6993537447471,1443,6930.2793,3.1929212,747.4855,0.21150558,9265.472,4.27603,0,,,,,457.60099900728636,0.0006062904,732.6993537447471,0.0006196683,0.0038454016,0.018403428
0.99999315,0.0004615067,0,0.0010052616,457.601669674234,732.7012037184996,1444,6926.2817,3.1925588,747.56775,0.2115012,9260.313,4.273726,0,,,,,457.601669674234,0.0006066647,732.7012037184996,0.00062026555,0.003716375,0.018810319
0.9992481,0.00046157234,0,0.0010060818,457.60097921338183,732.700987104445,1445,6921.192,3.192067,747.109,0.2117111,9253.414,4.274334,0,,,,,457.60097921338183,0.00060779456,732.700987104445,0.00062131585,0.0033162204,0.018686622
0.99975944,0.0004614977,0,0.0010069021,457.60107374229034,732.7028240413932,1446,6924.616,3.1924388,747.5935,0.21151924,9258.149,4.2736425,0,,,,,457.60107374229034,0.0006069438,732.7028240413932,0.0006205732,0.0033375982,0.019000197
1.0009428,0.00046164182,0,0.0010077223,457.60090414930085,732.700515868549,1447,6932.708,3.1930485,748.0491,0.21181884,9269.107,4.274977,0,,,,,457.60090414930085,0.0006069466,732.700515868549,0.00062050566,0.0031482182,0.018469332
0.9999166,0.00046153538,0,0.0010085425,457.6016537788598,732.6996701338544,1448,6925.228,3.1923578,746.97516,0.21196839,9259.6045,4.2739916,0,,,,,457.6016537788598,0.00060700724,732.6996701338544,0.00062039227,0.0034413952,0.01827303
0.99965346,0.00046141297,0,0.0010093627,457.6019245391308,732.6990131458429,1449,6923.352,3.1921432,746.62067,0.21196851,9257.168,4.272858,0,,,,,457.6019245391308,0.0006067417,732.6990131458429,0.0006201519,0.003692918,0.017925452
1.0002248,0.00046158244,0,0.0010101829,457.60218013188285,732.7001513254099,1450,6927.62,3.1925826,747.5988,0.21180882,9262.459,4.2744274,0,,,,,457.60218013188285,0.00060685637,732.7001513254099,0.0006203098,0.0032798687,0.018356089
1.0003222,0.00046167502,0,0.001011003,457.6019608839123,732.7004864057578,1451,6928.3257,3.1927102,747.2707,0.21172592,9263.36,4.275285,0,,,,,457.6019608839123,0.0006071621,732.7004864057578,0.00062062434,0.0028532282,0.018534092
1.0004488,0.000461637,0,0.0010118231,457.6013945179268,732.7000954335791,1452,6929.238,3.1928067,747.07465,0.21165444,9264.533,4.274933,0,,,,,457.6013945179268,0.0006067173,732.7000954335791,0.00062012614,0.0031594308,0.018626962
1.0009583,0.00046178198,128,0.0010126431,457.60139836610654,732.6987474463693,1453,6932.6343,3.1940014,747.83997,0.2115892,9269.251,4.276275,128,,,,,457.60139836610654,0.0006066303,732.6987474463693,0.0006198939,0.0033072468,0.0183668
0.9996625,0.00046157328,8192,0.0010134631,457.6021674992597,732.7006077387102,1454,6923.7637,3.1923466,747.3352,0.21144827,9257.252,4.2743425,8192,,,,,457.6021674992597,0.00060773245,732.7006077387102,0.0006211337,0.003290044,0.018219471
0.999542,0.0004615258,0,0.0010142832,457.601490099287,732.7010136149688,1455,6922.9585,3.1921685,746.8795,0.2116631,9256.136,4.273903,0,,,,,457.601490099287,0.00060693285,732.7010136149688,0.00062044954,0.003127929,0.018455597
1.0000224,0.0004615827,0,0.0010151032,457.6010757502322,732.6997383276125,1456,6926.2456,3.1925678,746.98175,0.21154505,9260.584,4.27443,0,,,,,457.6010757502322,0.00060713384,732.6997383276125,0.00062056445,0.003123826,0.018463263
0.9994433,0.00046137348,0,0.0010159231,457.60169546024304,732.7001432692562,1457,6922.067,3.1922534,747.9628,0.21157558,9255.222,4.2724924,0,,,,,457.60169546024304,0.0006078684,732.7001432692562,0.0006213191,0.002977665,0.018491039
0.99940693,0.0004612497,0,0.001016743,457.6005123465298,732.6996415858318,1458,6921.825,3.192084,747.2906,0.21197233,9254.885,4.271346,0,,,,,457.6005123465298,0.00060750055,732.6996415858318,0.0006209568,0.0030124069,0.018027062
1.0004716,0.00046143885,0,0.0010175629,457.60152735916546,732.7006827261287,1459,6929.166,3.1928635,747.4564,0.21130186,9264.744,4.2730975,0,,,,,457.60152735916546,0.0006070655,732.7006827261287,0.0006205822,0.0033076145,0.018152896
0.9997079,0.0004615793,0,0.0010183828,457.60173572018914,732.6996425116923,1460,6924.0137,3.1923106,746.4529,0.21183962,9257.672,4.2743983,0,,,,,457.60173572018914,0.00060738693,732.6996425116923,0.0006207485,0.0034802742,0.017997706
1.0001367,0.00046140444,0,0.0010192026,457.6006253318297,732.7008949122435,1461,6926.8613,3.192585,747.0625,0.2117234,9261.644,4.272779,0,,,,,457.6006253318297,0.0006066876,732.7008949122435,0.0006202432,0.0036715826,0.0178518
0.9999327,0.00046124382,0,0.0010200224,457.60189289635014,732.6997639248584,1462,6925.3804,3.1924422,747.23047,0.21179534,9259.754,4.2712917,0,,,,,457.60189289635014,0.0006068252,732.6997639248584,0.0006203153,0.0037204148,0.017945994
0.9996145,0.00046152118,0,0.0010208422,457.60126105676596,732.7004624411073,1463,6923.1055,3.192228,746.4936,0.21180964,9256.807,4.27386,0,,,,,457.60126105676596,0.0006078045,732.7004624411073,0.000621332,0.003458859,0.017813781
0.99975586,0.000461523,0,0.0010216619,457.6010320256014,732.6995367727961,1464,6923.6865,3.192243,746.98395,0.21178186,9258.116,4.273877,0,,,,,457.6010320256014,0.0006068939,732.6995367727961,0.0006204837,0.00347407,0.017360102
1.0000168,0.0004615793,0,0.0010224817,457.60246801704983,732.6991017895947,1465,6925.61,3.1925607,747.20703,0.21180896,9260.532,4.2743983,0,,,,,457.60246801704983,0.00060755626,732.6991017895947,0.0006209076,0.0036801284,0.017223174
1.0015061,0.00046178876,0,0.0010233014,457.60238409602783,732.6999991405534,1466,6936.1777,3.1934898,746.8841,0.21179913,9274.324,4.276338,0,,,,,457.60238409602783,0.00060626375,732.6999991405534,0.00061971194,0.0038002897,0.017792612
1.0012939,0.00046159053,0,0.0010241211,457.6011969894224,732.700887223718,1467,6934.7515,3.1932712,746.29535,0.21191882,9272.358,4.2745023,0,,,,,457.6011969894224,0.0006064882,732.700887223718,0.0006200278,0.0034593053,0.017877957
0.9997796,0.00046154877,0,0.0010249406,457.6021735704277,732.6987256426476,1468,6924.222,3.1922345,746.9023,0.21138859,9258.336,4.2741156,0,,,,,457.6021735704277,0.00060702517,732.6987256426476,0.0006203223,0.0036586714,0.017760215
0.99968797,0.0004614376,0,0.0010257602,457.6014747009646,732.6993316642078,1469,6923.641,3.1921878,747.39545,0.21180844,9257.487,4.273086,0,,,,,457.6014747009646,0.00060783135,732.6993316642078,0.0006212639,0.0036061083,0.01795886
0.99989706,0.00046141777,0,0.0010265798,457.6020179173514,732.6996092394544,1470,6925.0835,3.1923182,747.3808,0.21161498,9259.424,4.2729025,0,,,,,457.6020179173514,0.00060740893,732.6996092394544,0.00062079786,0.0037945078,0.017915431
0.9997099,0.00046145392,0,0.0010273993,457.6023463868976,732.7000408543178,1471,6923.7925,3.1922076,746.5349,0.21185286,9257.69,4.273237,0,,,,,457.6023463868976,0.00060743536,732.7000408543178,0.0006209041,0.0037800735,0.018026924
1.0001559,0.0004615031,0,0.0010282189,457.6019996403974,732.6989244687472,1472,6926.871,3.1924431,746.5928,0.21165319,9261.821,4.2736926,0,,,,,457.6019996403974,0.0006069485,732.6989244687472,0.00062030164,0.0036990612,0.017804699
0.9997376,0.00046146844,0,0.0010290383,457.60259405794704,732.7010591838709,1473,6923.9775,3.1922977,748.0084,0.21150643,9257.947,4.2733717,0,,,,,457.60259405794704,0.0006075875,732.7010591838709,0.00062105077,0.003717999,0.018166734
0.99973696,0.00046154845,0,0.0010298578,457.60221389715514,732.6995950263512,1474,6923.95,3.192085,746.64044,0.21185082,9257.941,4.2741127,0,,,,,457.60221389715514,0.0006073637,732.6995950263512,0.00062080845,0.0037207473,0.018132241
0.9997776,0.0004613378,0,0.0010306772,457.6021981543787,732.6998217801364,1475,6924.2495,3.192013,746.5205,0.21176147,9258.317,4.272162,0,,,,,457.6021981543787,0.0006072364,732.6998217801364,0.0006206105,0.004060616,0.017859943
1.0001384,0.00046140025,8192,0.0010314966,457.60052369105404,732.7006013263252,1476,6926.759,3.192399,746.1879,0.21176451,9261.658,4.2727404,8192,,,,,457.60052369105404,0.00060737634,732.7006013263252,0.00062096806,0.003800903,0.01822885
1.0002714,0.00046146585,0,0.0010323159,457.60175864210055,732.6999476924261,1477,6927.621,3.1925716,746.20435,0.21192423,9262.891,4.273348,0,,,,,457.60175864210055,0.00060670514,732.6999476924261,0.00062021904,0.0036040328,0.018169967
0.999946,0.00046141175,0,0.0010331352,457.6024404409587,732.6990776553823,1478,6925.4214,3.1923285,746.54724,0.21179081,9259.877,4.2728467,0,,,,,457.6024404409587,0.00060717296,732.6990776553823,0.0006205486,0.0037163685,0.01813746
1.0001981,0.00046150506,0,0.0010339546,457.6017575242081,732.7006332423798,1479,6927.0923,3.1924863,747.3535,0.21139245,9262.212,4.2737107,0,,,,,457.6017575242081,0.00060672924,732.7006332423798,0.00062037265,0.003480759,0.01792928
0.9997538,0.00046122575,0,0.0010347738,457.6008223199925,732.699621257455,1480,6923.9497,3.1921127,746.0569,0.21172823,9258.097,4.2711244,0,,,,,457.6008223199925,0.000606504,732.699621257455,0.0006199231,0.0037065784,0.01830375
1.0004072,0.00046143818,0,0.001035593,457.6007401470605,732.6993159608653,1481,6928.558,3.1924791,745.8682,0.21184574,9264.147,4.2730913,0,,,,,457.6007401470605,0.00060659216,732.6993159608653,0.0006200687,0.003568295,0.018011365
0.9990844,0.00046125305,0,0.0010364122,457.6011902890814,732.7003706521579,1482,6919.3896,3.1916606,746.0564,0.2117973,9251.898,4.271377,0,,,,,457.6011902890814,0.0006073327,732.7003706521579,0.0006208341,0.0036774257,0.018231086
0.9998873,0.00046124804,0,0.0010372314,457.60122135811605,732.6996633829814,1483,6924.7905,3.1922507,746.9663,0.21183589,9259.333,4.271331,0,,,,,457.60122135811605,0.0006071655,732.6996633829814,0.00062056974,0.0035947098,0.017759819
0.99986523,0.00046123625,0,0.0010380505,457.6017525933894,732.7005433969816,1484,6924.6104,3.19227,747.0035,0.21192597,9259.129,4.2712216,0,,,,,457.6017525933894,0.00060732843,732.7005433969816,0.0006208039,0.0037303232,0.01808093
0.9995454,0.00046126664,0,0.0010388696,457.6016970027464,732.7004640416541,1485,6922.4766,3.1919622,746.4584,0.21193372,9256.167,4.271503,0,,,,,457.6016970027464,0.00060701143,732.7004640416541,0.0006204873,0.003564901,0.01808121
0.99990076,0.00046111073,0,0.0010396887,457.60173401889483,732.6990934495439,1486,6924.765,3.1922147,746.45917,0.21166551,9259.458,4.270059,0,,,,,457.60173401889483,0.00060712727,732.6990934495439,0.00062050344,0.0036375816,0.01769565
1.0001385,0.000461288,0,0.0010405078,457.6022549489694,732.6998466435971,1487,6926.511,3.1923928,746.8498,0.21128912,9261.66,4.271701,0,,,,,457.6022549489694,0.0006072174,732.6998466435971,0.00062066125,0.0038571486,0.018068107
1.0006129,0.00046144193,0,0.0010413268,457.60138173171833,732.6998926209283,1488,6929.711,3.1928084,746.505,0.21135809,9266.052,4.273126,0,,,,,457.60138173171833,0.0006068396,732.6998926209283,0.00062032184,0.0036820397,0.017693862
0.99954456,0.00046134376,0,0.0010421458,457.6020247768305,732.6992190935406,1489,6922.332,3.1920319,747.1924,0.21156338,9256.159,4.2722173,0,,,,,457.6020247768305,0.0006074919,732.6992190935406,0.0006209222,0.0040373555,0.017726783
0.9995752,0.0004613979,0,0.0010429646,457.60198612474994,732.7000557205375,1490,6922.581,3.1920087,746.0221,0.21158856,9256.443,4.2727184,0,,,,,457.60198612474994,0.00060747284,732.7000557205375,0.0006209778,0.003906796,0.01775956
0.9994951,0.00046122153,0,0.0010437836,457.6025658970998,732.6990661757651,1491,6921.8843,3.1920063,745.6528,0.2115077,9255.701,4.2710853,0,,,,,457.6025658970998,0.00060727185,732.6990661757651,0.0006205882,0.0039632353,0.017939003
1.0000639,0.00046143058,0,0.0010446025,457.60069367442634,732.6998452135581,1492,6925.988,3.1923573,746.6747,0.21178864,9260.969,4.273021,0,,,,,457.60069367442634,0.00060715707,732.6998452135581,0.00062064367,0.0036623904,0.018113801
0.9990679,0.00046085136,0,0.0010454213,457.60128522315574,732.6993645666594,1493,6918.888,3.191611,745.9521,0.21155964,9251.745,4.2676573,0,,,,,457.60128522315574,0.0006070359,732.6993645666594,0.00062049006,0.0036139106,0.01799555
0.9998244,0.0004614362,0,0.0010462401,457.60090044841496,732.7008051365337,1494,6924.2056,3.1921692,746.46,0.21182942,9258.751,4.273073,0,,,,,457.60090044841496,0.0006069487,732.7008051365337,0.00062048977,0.0037104192,0.017807592
0.9992918,0.0004614485,0,0.001047059,457.601521845217,732.6991921720014,1495,6920.421,3.1918647,746.28345,0.21146199,9253.818,4.273187,0,,,,,457.601521845217,0.0006073818,732.6991921720014,0.0006208623,0.0039413916,0.01742005
0.99951154,0.00046137904,0,0.0010478777,457.6025414742431,732.6989956161528,1496,6921.9233,3.1919336,746.6417,0.2114528,9255.854,4.272544,0,,,,,457.6025414742431,0.0006072628,732.6989956161528,0.00062069716,0.0037839487,0.017958838
1.0002075,0.00046130506,0,0.0010486965,457.6012137725041,732.6996246785953,1497,6926.7446,3.1924624,746.027,0.21173874,9262.299,4.2718587,0,,,,,457.6012137725041,0.00060683803,732.6996246785953,0.0006203539,0.0034895502,0.017818177
0.99941397,0.0004612912,0,0.0010495151,457.60181049903565,732.7001040265975,1498,6921.2695,3.191906,746.39197,0.21151794,9254.95,4.2717304,0,,,,,457.60181049903565,0.000607398,732.7001040265975,0.00062084204,0.003532092,0.018241264
0.99987155,0.0004610982,0,0.0010503337,457.6003258403434,732.7002042587046,1499,6924.4077,3.1921437,746.5293,0.21150643,9259.1875,4.269943,0,,,,,457.6003258403434,0.00060671754,732.7002042587046,0.00062020164,0.003143618,0.018159486
1.0004723,0.00046144755,0,0.0010511524,457.6017296442135,732.6996002750834,1500,6928.586,3.1925538,745.84735,0.21142396,9264.751,4.273178,0,,,,,457.6017296442135,0.0006065419,732.6996002750834,0.0006199466,0.0030399447,0.018410841
1.0000008,0.00046106274,0,0.001051971,457.60102918893796,732.6980811013303,1501,6925.3413,3.192281,746.3398,0.21179068,9260.385,4.2696147,0,,,,,457.60102918893796,0.0006064161,732.6980811013303,0.00061992806,0.0026950978,0.018735345
0.9994939,0.00046114402,0,0.0010527895,457.6013949732577,732.6998083569151,1502,6921.6797,3.192063,746.4698,0.21165805,9255.69,4.2703676,0,,,,,457.6013949732577,0.0006071239,732.6998083569151,0.0006205779,0.002781596,0.018553667
0.99994624,0.00046124568,0,0.001053608,457.60052428136555,732.7002221305479,1503,6924.9604,3.1922262,745.2888,0.21174951,9259.879,4.271309,0,,,,,457.60052428136555,0.0006068966,732.7002221305479,0.0006204365,0.0027534273,0.019011633
0.9997643,0.0004611345,0,0.0010544265,457.6010760980168,732.7003359176654,1504,6923.582,3.1920815,745.0573,0.21165745,9258.194,4.2702794,0,,,,,457.6010760980168,0.0006070586,732.7003359176654,0.0006205767,0.0026274323,0.019043759
1.0003413,0.00046078142,0,0.0010552449,457.6005871553414,732.7012219754957,1505,6927.54,3.192377,745.67377,0.21157964,9263.537,4.2670097,0,,,,,457.6005871553414,0.0006072321,732.7012219754957,0.00062082347,0.0028768918,0.019210512
1.0003014,0.00046113363,0,0.0010560635,457.6013701908214,732.7013918983515,1506,6927.349,3.1924047,745.2634,0.21189491,9263.168,4.2702713,0,,,,,457.6013701908214,0.0006068298,732.7013918983515,0.0006204507,0.002591709,0.019044686
1.0005014,0.00046095398,0,0.0010568817,457.6015295795147,732.6996587538692,1507,6928.668,3.1923888,745.08746,0.21155061,9265.02,4.2686076,0,,,,,457.6015295795147,0.0006057921,732.6996587538692,0.00061918446,0.002720072,0.019176014
1.0005885,0.00046102473,0,0.0010577001,457.6012131568404,732.6994321499537,1508,6929.1353,3.1925614,745.45154,0.21177946,9265.827,4.269263,0,,,,,457.6012131568404,0.00060599565,732.6994321499537,0.00061948656,0.0026768362,0.018748712
1.0006477,0.00046072,8192,0.0010585184,457.60086137307735,732.7010247558286,1509,6929.53,3.1926835,745.68036,0.21153879,9266.374,4.266441,8192,,,,,457.60086137307735,0.0006068882,732.7010247558286,0.00062032737,0.0027106989,0.01882111
0.99911964,0.0004610288,0,0.0010593368,457.59988392089133,732.700155166332,1510,6919.167,3.1916199,744.4685,0.21166769,9252.225,4.2693005,0,,,,,457.59988392089133,0.0006074159,732.700155166332,0.0006209707,0.0028740845,0.018766828
0.9999907,0.00046122412,0,0.001060155,457.6026065657654,732.6998833063813,1511,6925.1104,3.1921833,745.05426,0.21139894,9260.291,4.271109,0,,,,,457.6026065657654,0.0006066914,732.6998833063813,0.00062018284,0.003277102,0.018739864
0.9998433,0.0004610048,0,0.0010609733,457.60081705786547,732.6996844884466,1512,6924.0117,3.192062,745.91296,0.21134265,9258.926,4.2690783,0,,,,,457.60081705786547,0.0006071988,732.6996844884466,0.00062071317,0.0035639177,0.018339444
0.9999874,0.00046137546,0,0.0010617914,457.60223273032653,732.6998603486693,1513,6925.074,3.1923943,745.90607,0.21160655,9260.261,4.2725105,0,,,,,457.60223273032653,0.00060699414,732.6998603486693,0.0006204595,0.003541822,0.017947115
0.99944633,0.0004610322,0,0.0010626096,457.60063768851523,732.6998999255584,1514,6921.22,3.191732,744.6492,0.21161184,9255.25,4.269332,0,,,,,457.60063768851523,0.00060682563,732.6998999255584,0.0006202554,0.0039840406,0.017949026
0.9991433,0.00046127092,0,0.0010634277,457.60271392180135,732.6982197421672,1515,6919.174,3.1916285,746.818,0.21164873,9252.443,4.2715425,0,,,,,457.60271392180135,0.00060716155,732.6982197421672,0.0006205116,0.0039233016,0.01746561
0.9997507,0.00046100758,0,0.0010642458,457.6022313338516,732.6993235111488,1516,6923.3257,3.1920419,745.62714,0.21152993,9258.068,4.269104,0,,,,,457.6022313338516,0.0006068203,732.6993235111488,0.00062016683,0.0038975624,0.017593458
0.99977535,0.00046130357,0,0.0010650639,457.6014984309323,732.6999403413184,1517,6923.499,3.1920805,745.6415,0.21170677,9258.297,4.271845,0,,,,,457.6014984309323,0.0006073899,732.6999403413184,0.0006209721,0.003700025,0.017687693
1.0002004,0.00046086093,0,0.0010658818,457.6022536361162,732.6991225812791,1518,6926.397,3.1921906,744.9284,0.21165863,9262.232,4.267746,0,,,,,457.6022536361162,0.000606115,732.6991225812791,0.000619384,0.0042460933,0.01741856
0.9996928,0.00046058113,0,0.0010666999,457.60156083565755,732.6994460386386,1519,6922.818,3.1918955,745.5387,0.211727,9257.532,4.265155,0,,,,,457.60156083565755,0.00060759834,732.6994460386386,0.00062115456,0.0038999254,0.017770294
1.0007607,0.00046053948,0,0.0010675178,457.6023406068455,732.6980344711643,1520,6930.1655,3.1926007,744.6383,0.21184655,9267.421,4.264769,0,,,,,457.6023406068455,0.00060640095,732.6980344711643,0.0006197469,0.0039587948,0.017357523
0.9993059,0.00046108267,0,0.0010683357,457.6021178176262,732.6996005877158,1521,6920.182,3.1916332,744.73047,0.21176714,9253.949,4.269799,0,,,,,457.6021178176262,0.0006071567,732.6996005877158,0.0006205929,0.0037844225,0.017410511
1.0006025,0.00046110252,0,0.0010691535,457.6001845361644,732.7002733351135,1522,6929.0825,3.1926088,745.8481,0.21170631,9265.956,4.2699833,0,,,,,457.6001845361644,0.0006066758,732.7002733351135,0.000620181,0.003713351,0.017192807
1.0001944,0.00046074096,0,0.0010699714,457.6030093738741,732.6980312745679,1523,6926.1587,3.192397,744.40686,0.21168885,9262.178,4.266635,0,,,,,457.6030093738741,0.00060704467,732.6980312745679,0.0006202462,0.003990236,0.017338574
1.0009993,0.0004610916,0,0.0010707892,457.60198352753645,732.6991004072024,1524,6931.869,3.1927676,745.0484,0.21168786,9269.631,4.269882,0,,,,,457.60198352753645,0.0006063872,732.6991004072024,0.0006198501,0.0036975031,0.017667081
0.99981713,0.0004606419,0,0.001071607,457.6015387448537,732.6983868545904,1525,6923.5176,3.1922026,746.2789,0.21163742,9258.684,4.2657175,0,,,,,457.6015387448537,0.00060715387,732.6983868545904,0.00062052405,0.0042199767,0.017543491
1.0005809,0.000461027,0,0.0010724247,457.60173427882944,732.6984414884431,1526,6928.8438,3.1925278,745.2739,0.21167661,9265.756,4.269284,0,,,,,457.60173427882944,0.0006067123,732.6984414884431,0.00062010286,0.004094522,0.017132428
0.9998473,0.0004606509,0,0.0010732424,457.6030125831068,732.6994925369071,1527,6923.8276,3.19199,745.26495,0.2117246,9258.963,4.265801,0,,,,,457.6030125831068,0.0006072052,732.6994925369071,0.0006206761,0.004085263,0.017506283
1.000383,0.0004608664,0,0.0010740601,457.6031774100966,732.698132211213,1528,6927.4644,3.1924608,745.2593,0.21149468,9263.924,4.2677965,0,,,,,457.6031774100966,0.0006063089,732.698132211213,0.00061955664,0.0038297998,0.017257895
1.0002989,0.00046104006,0,0.0010748777,457.60164747972425,732.7004498127553,1529,6926.996,3.192456,744.9734,0.2116644,9263.145,4.269405,0,,,,,457.60164747972425,0.0006066893,732.7004498127553,0.0006202241,0.0039790403,0.017721307
0.99951154,0.00046090136,0,0.0010756953,457.60195102321967,732.698994285224,1530,6921.412,3.1917524,744.72736,0.21172751,9255.854,4.2681203,0,,,,,457.60195102321967,0.00060734944,732.698994285224,0.00062077725,0.0038660995,0.017406043
1.0005885,0.00046108817,0,0.0010765129,457.6020300359395,732.6987026634068,1531,6928.85,3.1925435,745.3188,0.21169643,9265.827,4.2698503,0,,,,,457.6020300359395,0.0006065721,732.6987026634068,0.00061991473,0.0034836214,0.017404016
1.0006952,0.00046101562,0,0.0010773304,457.60154859561305,732.6987430441387,1532,6929.551,3.1924605,744.2191,0.21178712,9266.815,4.2691784,0,,,,,457.60154859561305,0.0006060756,732.6987430441387,0.00061944465,0.004281082,0.01697168
1.000249,0.00046118576,0,0.0010781479,457.60219305460157,732.698342377769,1533,6926.5005,3.1922007,744.68317,0.21152215,9262.683,4.270754,0,,,,,457.60219305460157,0.00060693204,732.698342377769,0.00062044064,0.0035115904,0.017312814
1.0000465,0.00046111993,0,0.0010789654,457.60316121816277,732.6996614257257,1534,6925.0605,3.1921818,745.27234,0.21174634,9260.808,4.2701445,0,,,,,457.60316121816277,0.00060725946,732.6996614257257,0.00062069047,0.0039851386,0.017128224
0.99993914,0.00046083113,0,0.0010797827,457.60128951062006,732.6994089002837,1535,6924.305,3.191983,744.81256,0.21181113,9259.813,4.26747,0,,,,,457.60128951062006,0.00060688116,732.6994089002837,0.00062049134,0.003936734,0.01703632
1.0004163,0.00046105497,0,0.0010806002,457.6017227337302,732.6977748123048,1536,6927.569,3.1922731,744.44214,0.21175188,9264.231,4.2695427,0,,,,,457.6017227337302,0.00060692383,732.6977748123048,0.000620272,0.0036982354,0.01707172
1.0001248,0.00046106635,0,0.0010814175,457.60039329946085,732.6995164047446,1537,6925.5405,3.1922436,744.5233,0.21183069,9261.532,4.269648,0,,,,,457.60039329946085,0.000607082,732.6995164047446,0.0006206403,0.003368788,0.016963791
1.0006347,0.00046091274,0,0.001083052,457.6014230988615,732.7000887701104,1539,6928.95,3.1924722,744.0226,0.21197177,9266.254,4.2682257,0,,,,,457.6014230988615,0.0006063706,732.7000887701104,0.0006199096,0.0033182034,0.016883377
1.0001044,0.0004609893,0,0.0010838693,457.60096035289575,732.6982048443309,1540,6925.271,3.192099,745.20703,0.2113041,9261.344,4.2689347,0,,,,,457.60096035289575,0.0006073946,732.6982048443309,0.00062076986,0.0033394813,0.01665056
0.99959654,0.000461096,0,0.0010846865,457.60141080287957,732.6986678604748,1541,6921.8667,3.191719,744.87756,0.2115171,9256.641,4.2699227,0,,,,,457.60141080287957,0.00060704246,732.6986678604748,0.00062041305,0.003801718,0.017124867
0.9997061,0.00046103334,0,0.0010855037,457.60215981557326,732.6977207959018,1542,6922.3813,3.1919284,744.4208,0.21167167,9257.655,4.2693424,0,,,,,457.60215981557326,0.0006067026,732.6977207959018,0.0006200649,0.003596622,0.016595831
1.0000045,0.00046069553,0,0.0010863208,457.6015410111247,732.6990048421135,1543,6923.9844,3.1919167,744.5095,0.21178944,9260.419,4.2662144,0,,,,,457.6015410111247,0.0006073778,732.6990048421135,0.0006208349,0.0036962158,0.016389059
1.0005008,0.0004609165,128,0.0010871378,457.6026390496405,732.6975262967637,1544,6927.5376,3.192775,744.3055,0.2120098,9265.015,4.2682605,128,,,,,457.6026390496405,0.00060638133,732.6975262967637,0.00061965315,0.0037541504,0.016155941
0.99903774,0.00046081768,0,0.001087955,457.6024159714009,732.697588895378,1545,6917.706,3.1913111,743.9175,0.21164222,9251.466,4.2673454,0,,,,,457.6024159714009,0.0006077578,732.697588895378,0.0006210496,0.0035307952,0.016449206
0.99924207,0.00046107487,0,0.001088772,457.6005916241463,732.6991311106947,1546,6919.1553,3.1914394,745.1118,0.2115761,9253.358,4.269727,0,,,,,457.6005916241463,0.0006072992,732.6991311106947,0.00062072196,0.0032870271,0.016267551
0.99980646,0.00046107004,0,0.001089589,457.6021805288684,732.6980473195324,1547,6923.0815,3.191834,744.1008,0.21153425,9258.585,4.2696824,0,,,,,457.6021805288684,0.0006076505,732.6980473195324,0.00062096794,0.0034588526,0.01636925
0.9993139,0.00046104976,0,0.0010904059,457.6012985494916,732.6993380531669,1548,6919.669,3.191596,745.1165,0.21160959,9254.023,4.2694945,0,,,,,457.6012985494916,0.00060811517,732.6993380531669,0.00062162284,0.0035547102,0.016524285
0.9993409,0.00046120712,0,0.0010912227,457.6024219084687,732.7006117453143,1549,6919.9146,3.1915536,745.12714,0.21171802,9254.273,4.2709517,0,,,,,457.6024219084687,0.0006078101,732.7006117453143,0.00062131026,0.0037188195,0.016617153
0.9989561,0.00046111122,0,0.0010920396,457.6020789491297,732.6993560461955,1550,6917.2363,3.1912959,744.2524,0.2117861,9250.71,4.270064,0,,,,,457.6020789491297,0.00060819427,732.6993560461955,0.00062165625,0.0040424117,0.016710155
0.9996218,0.00046111783,0,0.0010928565,457.60265517319704,732.698515984586,1551,6921.7217,3.1917365,744.8261,0.21167748,9256.875,4.270125,0,,,,,457.60265517319704,0.000607861,732.698515984586,0.00062140555,0.0041627483,0.016617676
0.99968606,0.00046067036,0,0.0010936733,457.6046021513511,732.6997638201952,1552,6921.6157,3.191585,743.7242,0.21132147,9257.47,4.265981,0,,,,,457.6046021513511,0.00060808065,732.6997638201952,0.00062151614,0.004138212,0.016052214
0.9999051,0.0004611702,0,0.00109449,457.60355307057523,732.6987859309119,1553,6923.156,3.1918888,744.6335,0.21162967,9259.498,4.27061,0,,,,,457.60355307057523,0.00060814264,732.6987859309119,0.000621521,0.0038108376,0.015684389
0.99954844,0.00046100465,0,0.0010953067,457.6012613081946,732.6994606848482,1554,6921.0957,3.1916215,744.3137,0.21169999,9256.195,4.269077,0,,,,,457.6012613081946,0.0006075568,732.6994606848482,0.000621025,0.0039824736,0.016498718
1.0003967,0.00046121216,128,0.0010961234,457.60271268725825,732.6985790078205,1555,6926.9077,3.1928706,744.32654,0.21165217,9264.051,4.2709985,128,,,,,457.60271268725825,0.00060651114,732.6985790078205,0.00061996345,0.0037363581,0.016274318
0.9998532,0.00046116582,0,0.00109694,457.60294838005063,732.6990898275229,1556,6923.1772,3.1919396,744.8201,0.21165317,9259.018,4.2705693,0,,,,,457.60294838005063,0.0006074682,732.6990898275229,0.00062088296,0.003738889,0.01651769
1.0000374,0.00046108803,0,0.0010977567,457.6014376891917,732.697180035759,1557,6924.4375,3.1918645,743.69446,0.21158165,9260.724,4.269849,0,,,,,457.6014376891917,0.0006072273,732.697180035759,0.0006205505,0.0038086397,0.016300732
0.9993661,0.0004612619,0,0.0010985732,457.60243132128153,732.6985870447777,1558,6919.759,3.1915846,744.3245,0.2117684,9254.507,4.271459,0,,,,,457.60243132128153,0.0006073856,732.6985870447777,0.00062080217,0.0036868593,0.016169865
0.99936885,0.00046114073,0,0.0010993897,457.6013229468799,732.6975541628173,1559,6919.789,3.1915605,743.60187,0.21149004,9254.532,4.270337,0,,,,,457.6013229468799,0.0006070247,732.6975541628173,0.0006203496,0.0036165824,0.01646314
1.0000544,0.00046112633,0,0.0011002063,457.6007076820324,732.698358472082,1560,6924.45,3.1919818,744.0872,0.21177492,9260.88,4.2702036,0,,,,,457.6007076820324,0.0006066335,732.698358472082,0.00062011444,0.003886177,0.016215514
0.9998898,0.00046106783,0,0.0011010227,457.60188633243695,732.6978395326303,1561,6922.8228,3.191778,743.6303,0.21160692,9259.356,4.269662,0,,,,,457.60188633243695,0.00060667546,732.6978395326303,0.0006200809,0.004126377,0.015701706
0.9999708,0.0004608499,0,0.0011018391,457.60110393796793,732.6970601921864,1562,6923.3384,3.1917906,743.9007,0.21150425,9260.106,4.267644,0,,,,,457.60110393796793,0.00060683757,732.6970601921864,0.00062018447,0.0035011966,0.015241433
0.99986345,0.00046096483,0,0.0011026554,457.6016320390312,732.6979013181444,1563,6922.863,3.19171,742.78546,0.21194722,9259.112,4.268708,0,,,,,457.6016320390312,0.00060662144,732.6979013181444,0.00062005076,0.0034575767,0.015653986
1.0001273,0.00046129836,0,0.0011034718,457.6011657427227,732.6966767598328,1564,6924.7935,3.191909,744.09033,0.21169578,9261.556,4.2717967,0,,,,,457.6011657427227,0.0006068716,732.6966767598328,0.0006202052,0.003252246,0.015355112
0.9994396,0.00046108328,0,0.0011042882,457.60045434154813,732.6975523303429,1565,6919.8843,3.191501,743.2376,0.21174665,9255.1875,4.269805,0,,,,,457.60045434154813,0.00060655904,732.6975523303429,0.00061999203,0.0034317167,0.01527366
0.9994455,0.0004612572,0,0.0011051043,457.60207596930104,732.696300757452,1566,6919.9927,3.1915042,743.9442,0.21189709,9255.242,4.2714157,0,,,,,457.60207596930104,0.00060650613,732.696300757452,0.0006197058,0.0035256685,0.015190835
1.0001818,0.000461343,0,0.0011059206,457.6012783711973,732.6969153890971,1567,6924.9995,3.1919444,744.5651,0.21158653,9262.061,4.27221,0,,,,,457.6012783711973,0.0006065998,732.6969153890971,0.0006199206,0.0032794843,0.015253293
0.9991428,0.00046122688,0,0.0011067368,457.6012258096962,732.6971061910616,1568,6917.8438,3.1912956,744.6923,0.21140313,9252.439,4.271135,0,,,,,457.6012258096962,0.000607483,732.6971061910616,0.00062085234,0.0033501214,0.01516769
0.9993138,0.0004612685,0,0.0011075529,457.60052080165667,732.6966894825478,1569,6918.9995,3.1914058,744.22565,0.21151094,9254.022,4.27152,0,,,,,457.60052080165667,0.0006070639,732.6966894825478,0.00062044046,0.0033866356,0.014950917
1.0002425,0.00046096309,0,0.001108369,457.60125501018126,732.6966545139544,1570,6924.966,3.1918507,743.08167,0.21176583,9262.622,4.268692,0,,,,,457.60125501018126,0.00060698506,732.6966545139544,0.0006203442,0.0036108973,0.014694738
1.0004761,0.00046114693,0,0.001109185,457.601363289255,732.6967871375,1571,6926.444,3.1921039,744.1151,0.21177608,9264.786,4.2703943,0,,,,,457.601363289255,0.00060695887,732.6967871375,0.000620319,0.0035095976,0.014551307
0.99910355,0.00046101515,0,0.0011100011,457.60163698168105,732.6954271144971,1572,6917.1978,3.191209,743.9817,0.21155082,9252.075,4.269174,0,,,,,457.60163698168105,0.00060748524,732.6954271144971,0.00062079035,0.0037904952,0.014786421
0.9993467,0.0004610057,0,0.0011108171,457.60188611407204,732.6964538682507,1573,6919.0005,3.1912913,743.4221,0.2116018,9254.327,4.2690864,0,,,,,457.60188611407204,0.00060702505,732.6964538682507,0.00062030886,0.0038096523,0.014580914
0.9991247,0.00046104487,0,0.001111633,457.60291386430606,732.69669871725,1574,6917.463,3.1912732,744.1904,0.2116705,9252.271,4.269449,0,,,,,457.60291386430606,0.00060719426,732.69669871725,0.00062049757,0.0040521305,0.014971508
0.9997268,0.000461246,0,0.001112449,457.600656709298,732.6972067028571,1575,6921.6206,3.1915991,744.0373,0.21171813,9257.847,4.2713118,0,,,,,457.600656709298,0.000607263,732.6972067028571,0.000620534,0.0032770263,0.014682511
0.9997214,0.00046135345,0,0.0011132648,457.60194461685376,732.6967002577554,1576,6921.4995,3.1916106,743.52954,0.21172547,9257.797,4.272307,0,,,,,457.60194461685376,0.00060689845,732.6967002577554,0.0006201897,0.0032679054,0.014619145
1.0007838,0.000461215,0,0.0011140807,457.60165673742966,732.696813870986,1577,6928.799,3.1923816,743.85706,0.2114631,9267.636,4.2710247,0,,,,,457.60165673742966,0.0006066221,732.696813870986,0.00061991054,0.0033697993,0.014641935
1.0004084,0.00046149007,0,0.0011148964,457.6018509486503,732.6972856045747,1578,6926.2646,3.1921384,743.9826,0.21136068,9264.159,4.273572,0,,,,,457.6018509486503,0.0006070228,732.6972856045747,0.00062024686,0.0036087143,0.014553842
0.99894553,0.00046119292,0,0.0011157122,457.60028165360853,732.696368349998,1579,6916.129,3.1912043,743.79083,0.21171992,9250.612,4.27082,0,,,,,457.60028165360853,0.00060724997,732.696368349998,0.0006206623,0.003786773,0.0146009475
0.99983907,0.0004608871,0,0.0011165278,457.60036618408293,732.6965483005557,1580,6921.6626,3.1914961,743.27014,0.21174137,9258.887,4.267988,0,,,,,457.60036618408293,0.0006067659,732.6965483005557,0.0006200986,0.0032365057,0.01418715
1.0004035,0.00046108998,0,0.0011173435,457.6016835990681,732.6970161562526,1581,6925.59,3.1919224,743.42737,0.21184498,9264.113,4.269867,0,,,,,457.6016835990681,0.0006065781,732.6970161562526,0.00061989186,0.0033964878,0.0144486
1.000494,0.0004613949,128,0.0011181592,457.59907814011115,732.6968375333165,1582,6926.6807,3.192745,742.9128,0.21160181,9264.952,4.272691,128,,,,,457.59907814011115,0.0006061547,732.6968375333165,0.00061966386,0.0032069152,0.014949796
0.9993775,0.00046117103,0,0.0011189748,457.60020662390787,732.6971721001576,1583,6918.831,3.1914475,742.92975,0.21179324,9254.612,4.2706175,0,,,,,457.60020662390787,0.00060754933,732.6971721001576,0.00062100275,0.002777731,0.0148554025
1.0010659,0.000461422,0,0.0011197902,457.5999006767459,732.6963528548796,1584,6930.6104,3.1924653,742.6145,0.21153376,9270.247,4.2729416,0,,,,,457.5999006767459,0.0006064257,732.6963528548796,0.0006198374,0.0022697083,0.014832604
1.0003397,0.0004613757,0,0.0011206059,457.5989992618513,732.6972600346173,1585,6925.593,3.1919854,742.5145,0.21178588,9263.523,4.272513,0,,,,,457.5989992618513,0.0006065224,732.6972600346173,0.0006199919,0.002467462,0.015155498
0.9991708,0.0004613777,0,0.0011214212,457.60016752837146,732.6963246193857,1586,6917.4175,3.1911728,743.18677,0.21152917,9252.698,4.2725315,0,,,,,457.60016752837146,0.00060714904,732.6963246193857,0.0006204772,0.00260247,0.014671053
1.0003364,0.00046147945,0,0.0011222367,457.59962834662804,732.6970829508514,1587,6925.5547,3.1918993,743.0642,0.21163347,9263.492,4.2734737,0,,,,,457.59962834662804,0.0006067496,732.6970829508514,0.00062016543,0.002426373,0.014905985
1.0002891,0.00046116213,0,0.0011230521,457.60078812021914,732.6960321510742,1588,6925.055,3.1918669,742.57745,0.21167731,9263.054,4.270535,0,,,,,457.60078812021914,0.00060654513,732.6960321510742,0.0006198232,0.0024124417,0.014949867
0.99878186,0.00046123395,0,0.0011238675,457.6002618591335,732.6973813869218,1589,6914.64,3.19088,742.80756,0.21162975,9249.097,4.2712,0,,,,,457.6002618591335,0.000607527,732.6973813869218,0.00062099425,0.0024777022,0.01481844
1.0002191,0.00046119533,0,0.0011246827,457.6002386168826,732.6960652947787,1590,6924.2363,3.1918151,743.26447,0.21189438,9262.406,4.2708426,0,,,,,457.6002386168826,0.00060633,732.6960652947787,0.0006196597,0.0022105859,0.014430974
1.0001361,0.0004611691,0,0.001125498,457.6000030822562,732.6956101347712,1591,6923.3325,3.1917348,743.39166,0.21165054,9261.638,4.2706,0,,,,,457.6000030822562,0.00060682575,732.6956101347712,0.00062013447,0.0025174646,0.013844913
0.9997623,0.00046131082,0,0.0011263132,457.5995279849317,732.6973762824335,1592,6921.0054,3.1914258,742.8199,0.21179977,9258.176,4.271912,0,,,,,457.5995279849317,0.0006069902,732.6973762824335,0.00062046194,0.002448739,0.014339582
0.9993913,0.00046127566,0,0.0011271284,457.599549365167,732.6962383144148,1593,6918.638,3.1911807,742.5892,0.21136987,9254.74,4.2715864,0,,,,,457.599549365167,0.0006068884,732.6962383144148,0.0006202334,0.002625875,0.014183158
1.0000653,0.00046141807,0,0.0011279435,457.6012733939135,732.6964103836264,1594,6923.269,3.1917632,742.7975,0.21186167,9260.981,4.2729053,0,,,,,457.6012733939135,0.00060711434,732.6964103836264,0.00062041177,0.0028376407,0.014311448
1.0003297,0.00046148236,0,0.0011287587,457.6000528925727,732.6955816573852,1595,6925.106,3.191884,743.1266,0.2116161,9263.431,4.2735004,0,,,,,457.6000528925727,0.00060730975,732.6955816573852,0.00062064343,0.0030736588,0.013783848
1.0002154,0.00046138966,0,0.0011295737,457.6002719005413,732.6956386898048,1596,6924.3213,3.1917877,742.7168,0.21171686,9262.372,4.272642,0,,,,,457.6002719005413,0.00060668745,732.6956386898048,0.00061993074,0.003405775,0.013617361
0.99980366,0.0004613031,0,0.0011303887,457.6007671954018,732.695951409301,1597,6921.329,3.191392,742.15045,0.21161103,9258.559,4.2718406,0,,,,,457.6007671954018,0.0006070609,732.695951409301,0.0006204019,0.0031897104,0.013296095
1.0001001,0.00046140578,0,0.0011312037,457.5996397712762,732.6953004463383,1598,6923.319,3.1917112,742.45294,0.2116487,9261.305,4.2727914,0,,,,,457.5996397712762,0.0006067933,732.6953004463383,0.0006201498,0.003216288,0.0130328275
0.9996963,0.0004613029,0,0.0011320186,457.6010426748062,732.694958731334,1599,6920.5723,3.1912935,741.794,0.21167912,9257.564,4.2718387,0,,,,,457.6010426748062,0.00060678046,732.694958731334,0.00062000233,0.0032976253,0.01284193
1.0009336,0.0004615969,128,0.0011328335,457.6017321485228,732.6952404356061,1600,6929.0728,3.1927528,742.3802,0.21152957,9269.022,4.2745614,128,,,,,457.6017321485228,0.00060631754,732.6952404356061,0.00061953854,0.0035084172,0.012854818
0.9996149,0.0004612271,0,0.0011336483,457.6006659665894,732.6955342185955,1601,6919.6753,3.1911795,742.3992,0.21134512,9256.811,4.2711368,0,,,,,457.6006659665894,0.0006067702,732.6955342185955,0.00062003796,0.0032348412,0.012663304
0.9992777,0.00046115197,0,0.0011344631,457.6003569379572,732.6945494688074,1602,6917.03,3.191086,742.66565,0.21154106,9253.688,4.270441,0,,,,,457.6003569379572,0.00060676853,732.6945494688074,0.0006199454,0.003783176,0.011963365
1.0002842,0.00046134723,0,0.0011352779,457.60269834008477,732.6953235974809,1603,6924.1733,3.191734,742.14954,0.21172008,9263.009,4.272249,0,,,,,457.60269834008477,0.00060708367,732.6953235974809,0.0006204462,0.0038609032,0.012262328
1.0000573,0.00046118605,0,0.0011360926,457.6007059484357,732.6938003955353,1604,6922.8315,3.1916215,742.5947,0.21157517,9260.908,4.2707567,0,,,,,457.6007059484357,0.00060679804,732.6938003955353,0.0006199944,0.0039220043,0.012367088
0.99950844,0.00046089708,0,0.0011369073,457.6014306785322,732.6955789045851,1605,6918.9497,3.1911867,742.7626,0.21167108,9255.825,4.2680807,0,,,,,457.6014306785322,0.00060719054,732.6955789045851,0.0006204532,0.0038908694,0.012724827
1.0003341,0.00046110275,0,0.0011377219,457.6023906893824,732.6940193585854,1606,6924.634,3.1917243,742.36664,0.21146698,9263.472,4.269985,0,,,,,457.6023906893824,0.0006066723,732.6940193585854,0.0006198104,0.0036901766,0.012505282
0.99914336,0.00046113154,0,0.0011385365,457.60234946046023,732.6954556818217,1607,6916.4595,3.1908724,742.0433,0.21157305,9252.444,4.2702518,0,,,,,457.60234946046023,0.0006069033,732.6954556818217,0.00062014716,0.0037587972,0.012577707
1.0007498,0.00046139336,0,0.001139351,457.60051265693187,732.6957540091995,1608,6927.5415,3.1920133,741.9232,0.21144043,9267.32,4.2726765,0,,,,,457.60051265693187,0.0006064028,732.6957540091995,0.0006196813,0.0034224915,0.012736684
1.0007668,0.0004614098,0,0.0011401656,457.60277767115446,732.6940519279666,1609,6927.5,3.1919765,741.77295,0.2116095,9267.478,4.2728286,0,,,,,457.60277767115446,0.0006058972,732.6940519279666,0.0006191756,0.0036058277,0.01264447
1.0008613,0.00046132828,0,0.00114098,457.6011222706073,732.6959127940213,1610,6928.376,3.1920462,741.6288,0.21170329,9268.353,4.2720737,0,,,,,457.6011222706073,0.0006061979,732.6959127940213,0.0006195184,0.003519889,0.012658508
0.99965566,0.00046134423,0,0.0011417945,457.6008883531797,732.6946004085396,1611,6920.106,3.1913395,742.4555,0.21169934,9257.188,4.2722216,0,,,,,457.6008883531797,0.0006074859,732.6946004085396,0.00062076974,0.0036731034,0.012317439
1.0006831,0.00046121233,0,0.0011426088,457.6013479974957,732.6941704672126,1612,6926.716,3.19186,742.3325,0.21155049,9266.702,4.271,0,,,,,457.6013479974957,0.00060651277,732.6941704672126,0.0006197295,0.0033651672,0.0122487135
1.0003232,0.0004611778,0,0.0011434233,457.6015733043213,732.6943003830077,1613,6923.827,3.1916232,741.5991,0.21161906,9263.37,4.2706804,0,,,,,457.6015733043213,0.00060663087,732.6943003830077,0.00061979826,0.003444322,0.012044003
1.0003806,0.00046121274,0,0.0011442375,457.60215965135455,732.6941615714776,1614,6924.5356,3.1916914,742.43854,0.21157543,9263.901,4.2710037,0,,,,,457.60215965135455,0.00060721487,732.6941615714776,0.0006204536,0.0037488637,0.012101196
1.0000178,0.00046102912,0,0.0011450518,457.60103788646535,732.6938028356627,1615,6922.2393,3.1900725,741.126,0.21157047,9260.541,4.2693033,0,,,,,457.60103788646535,0.0006065262,732.6938028356627,0.00061975804,0.003890123,0.011363653
0.9998896,0.00046126565,0,0.001145866,457.60097508995034,732.6938777477736,1616,6921.3726,3.1913433,741.6625,0.21139556,9259.3545,4.271494,0,,,,,457.60097508995034,0.0006069456,732.6938777477736,0.00062015385,0.0036751158,0.011692113
0.99879694,0.00046100357,0,0.0011466801,457.6003220775684,732.694368064814,1617,6913.6675,3.1893296,742.0001,0.21170856,9249.236,4.269067,0,,,,,457.6003220775684,0.00060713367,732.694368064814,0.00062035944,0.00355859,0.011416543
0.99989444,0.00046120674,0,0.0011474943,457.6015934635749,732.6936829843997,1618,6921.0093,3.1913052,741.6911,0.21170044,9259.399,4.2709484,0,,,,,457.6015934635749,0.00060632493,732.6936829843997,0.0006194439,0.0036724617,0.011994166
0.9989706,0.00046120337,0,0.0011483083,457.60079000440544,732.6947305686792,1619,6914.7207,3.190708,742.12634,0.21156396,9250.845,4.270917,0,,,,,457.60079000440544,0.00060735975,732.6947305686792,0.0006206086,0.0035708493,0.011404599
0.99927455,0.0004612199,0,0.0011491224,457.60163712200585,732.6938266266518,1620,6917.002,3.1909518,741.5597,0.21162814,9253.659,4.27107,0,,,,,457.60163712200585,0.00060741697,732.6938266266518,0.00062062504,0.0036193035,0.011590325
1.0008259,0.0004611648,0,0.0011499363,457.60082891849345,732.6945415326268,1621,6927.7227,3.1919975,741.9537,0.21165073,9268.025,4.27056,0,,,,,457.60082891849345,0.0006064139,732.6945415326268,0.0006196694,0.0038137839,0.011764151
0.9999908,0.0004611493,0,0.0011507503,457.6004449730057,732.6946636665423,1622,6921.9663,3.1912951,741.9775,0.2115401,9260.292,4.2704163,0,,,,,457.6004449730057,0.0006065009,732.6946636665423,0.00061975326,0.003692172,0.011662325
0.9996174,0.0004612578,0,0.0011515642,457.60174456958316,732.6944250296528,1623,6919.3325,3.191235,742.1288,0.21172607,9256.834,4.271421,0,,,,,457.60174456958316,0.00060738676,732.6944250296528,0.00062053243,0.0037310177,0.011358031
1.0000898,0.00046136422,0,0.001152378,457.6004377149161,732.6938122865845,1624,6922.5576,3.1913958,741.6541,0.21141735,9261.208,4.2724066,0,,,,,457.6004377149161,0.00060628547,732.6938122865845,0.0006195803,0.003327261,0.011600822
0.99927837,0.00046094353,0,0.0011531919,457.6014425603663,732.6941599878885,1625,6916.943,3.1896036,741.92065,0.21162614,9253.694,4.268511,0,,,,,457.6014425603663,0.0006072287,732.6941599878885,0.00062033965,0.003863522,0.011261723
1.0002612,0.00046113893,0,0.0011540056,457.6021163790059,732.6934349288002,1626,6923.6304,3.1914866,741.9241,0.21167909,9262.796,4.2703204,0,,,,,457.6021163790059,0.0006070094,732.6934349288002,0.00062008586,0.003647622,0.011093311
0.9999108,0.00046107426,0,0.0011548194,457.60145408647276,732.6935304661946,1627,6921.104,3.1913207,741.7704,0.21147689,9259.551,4.2697215,0,,,,,457.60145408647276,0.00060660334,732.6935304661946,0.00061973056,0.0039465083,0.01105853
1.0005159,0.00046125002,0,0.001155633,457.60038782196716,732.6929997020632,1628,6925.332,3.1905196,742.7125,0.21154568,9265.154,4.271349,0,,,,,457.60038782196716,0.000606589,732.6929997020632,0.00061976863,0.0035295836,0.011117441
0.99917805,0.00046082758,0,0.0011564468,457.60044630368384,732.6949397340791,1629,6915.9297,3.189577,741.56445,0.2114785,9252.766,4.267437,0,,,,,457.60044630368384,0.0006074015,732.6949397340791,0.0006207368,0.0037124064,0.011284592
0.999902,0.00046089682,0,0.0011572603,457.6019995545111,732.6929670458329,1630,6920.596,3.1888206,741.4799,0.21188092,9259.47,4.2680783,0,,,,,457.6019995545111,0.00060682406,732.6929670458329,0.000620025,0.003558061,0.010628478
0.9991362,0.00046098622,0,0.0011580739,457.60075650623116,732.6941702777954,1631,6915.115,3.1882827,740.9473,0.21164371,9252.378,4.268906,0,,,,,457.60075650623116,0.000607132,732.6941702777954,0.0006204417,0.003272789,0.010517403
0.99869025,0.00046090994,0,0.0011588874,457.60138106399256,732.6926437834634,1632,6912.5083,3.1880243,741.1404,0.21154235,9248.248,4.2682,0,,,,,457.60138106399256,0.000607809,732.6926437834634,0.0006210019,0.0033712338,0.010881393
1.0002719,0.00046104158,0,0.0011597008,457.60116178154533,732.6936672606779,1633,6923.4087,3.1890316,741.7736,0.21171665,9262.8955,4.2694187,0,,,,,457.60116178154533,0.0006062699,732.6936672606779,0.0006194923,0.003647623,0.010863018
1.0003957,0.00046126163,0,0.0011605142,457.6009249493792,732.6941117686836,1634,6924.197,3.1916192,741.6471,0.21140854,9264.041,4.2714567,0,,,,,457.6009249493792,0.0006066454,732.6941117686836,0.00061984354,0.0033843573,0.010938818
1.000249,0.00046124915,0,0.0011613276,457.60089467577575,732.6934498046696,1635,6923.2246,3.1914628,741.3191,0.21171285,9262.683,4.271341,0,,,,,457.60089467577575,0.000606626,732.6934498046696,0.00061969674,0.00366105,0.010746118
1.0007648,0.00046138326,0,0.001162141,457.6018248419481,732.693110020282,1636,6926.775,3.191802,740.9309,0.211661,9267.46,4.272583,0,,,,,457.6018248419481,0.0006059069,732.693110020282,0.00061895465,0.0034974096,0.0107125435
0.99982,0.00046095016,0,0.0011629543,457.60101865588746,732.692467837249,1637,6920.241,3.1888087,741.93024,0.2117848,9258.71,4.2685723,0,,,,,457.60101865588746,0.00060694816,732.692467837249,0.00062007963,0.0035142975,0.010427719
1.0000103,0.00046127473,0,0.0011637674,457.6010629801632,732.6937024797985,1638,6921.5728,3.1912715,741.23425,0.21153128,9260.472,4.271578,0,,,,,457.6010629801632,0.00060675107,732.6937024797985,0.0006198965,0.0035395331,0.010936658
1.0001847,0.00046144615,0,0.0011645807,457.59963429465563,732.6929806357218,1639,6922.864,3.191436,742.1397,0.21134998,9262.087,4.273165,0,,,,,457.59963429465563,0.00060680497,732.6929806357218,0.00061997393,0.003530167,0.0108025335
0.9992301,0.0004609009,0,0.0011653937,457.6007238345786,732.6930538835754,1640,6916.1104,3.1883936,740.6749,0.21161245,9253.247,4.268116,0,,,,,457.6007238345786,0.0006071798,732.6930538835754,0.0006203472,0.0035219265,0.010679554
0.99927825,0.00046094903,0,0.0011662069,457.6007474692084,732.6937685013831,1641,6916.4272,3.1883016,741.28564,0.21163163,9253.693,4.268562,0,,,,,457.6007474692084,0.00060720165,732.6937685013831,0.0006204109,0.003478911,0.010639603
1.0002819,0.00046111355,0,0.00116702,457.601304596937,732.6928270511168,1642,6923.241,3.1901734,740.91327,0.21183275,9262.987,4.2700853,0,,,,,457.601304596937,0.00060624257,732.6928270511168,0.0006195272,0.0035002118,0.010739317
1.0007081,0.00046137904,0,0.001167833,457.6010133143334,732.6925384296272,1643,6926.2817,3.1917439,740.82874,0.21155292,9266.935,4.272544,0,,,,,457.6010133143334,0.0006060442,732.6925384296272,0.0006192056,0.0033880603,0.010681714
1.0002152,0.00046131483,0,0.0011686459,457.6005799679002,732.6941495162605,1644,6922.777,3.191361,740.9908,0.21160503,9262.369,4.2719493,0,,,,,457.6005799679002,0.0006071539,732.6941495162605,0.0006204036,0.0033860763,0.010697099
1.0003088,0.00046123663,0,0.0011694588,457.60048028893124,732.694766311414,1645,6923.518,3.190216,740.77496,0.21146263,9263.236,4.271225,0,,,,,457.60048028893124,0.00060634565,732.694766311414,0.00061967224,0.003345813,0.010765649
1.001196,0.00046146262,0,0.0011702717,457.6004299745373,732.6941779025841,1646,6929.4536,3.1920576,740.29956,0.2115123,9271.453,4.273318,0,,,,,457.6004299745373,0.0006057899,732.6941779025841,0.0006190544,0.003393414,0.010696059
0.9999513,0.0004609207,0,0.0011710846,457.6014286867337,732.6927584684565,1647,6920.8843,3.1886127,741.22577,0.21144556,9259.926,4.2682996,0,,,,,457.6014286867337,0.0006066422,732.6927584684565,0.00061979267,0.0032732484,0.010696796
0.9992521,0.00046091247,0,0.0011718973,457.60008828374737,732.6936648538804,1648,6916.0557,3.1881342,740.93365,0.21162303,9253.451,4.2682233,0,,,,,457.60008828374737,0.0006066957,732.6936648538804,0.00061992864,0.0033804292,0.010260928
1.0001411,0.00046090625,0,0.0011727101,457.6011356023163,732.6910726761487,1649,6922.086,3.1888738,741.6586,0.21113455,9261.684,4.2681656,0,,,,,457.6011356023163,0.0006068523,732.6910726761487,0.00061989756,0.0033663022,0.010430881
1.000202,0.0004611017,0,0.0011735228,457.600533768535,732.6923399718158,1650,6922.5815,3.1900713,740.45935,0.21151847,9262.247,4.2699757,0,,,,,457.600533768535,0.0006063184,732.6923399718158,0.0006194972,0.0034932783,0.010476841
0.99990565,0.00046089766,0,0.0011743354,457.60023278189084,732.6925194455519,1651,6920.4116,3.188696,740.03674,0.21170479,9259.503,4.268086,0,,,,,457.60023278189084,0.00060652616,732.6925194455519,0.00061966747,0.0035334982,0.010702207
0.99942756,0.0004608682,0,0.001175148,457.6013440670157,732.6926371745603,1652,6917.2056,3.1883686,740.3792,0.21152216,9255.076,4.267813,0,,,,,457.6013440670157,0.0006070274,732.6926371745603,0.00062019285,0.0036792199,0.010411485
0.9996776,0.00046091113,0,0.0011759605,457.60142288692856,732.6924423183757,1653,6918.7544,3.188545,740.9074,0.21160267,9257.392,4.268211,0,,,,,457.60142288692856,0.000606644,732.6924423183757,0.0006198267,0.0036103872,0.010677282
1.0002047,0.00046088014,0,0.001176773,457.60150092400147,732.6930032676587,1654,6922.387,3.1888292,741.1607,0.21129869,9262.272,4.267924,0,,,,,457.60150092400147,0.0006067688,732.6930032676587,0.000619977,0.0034621041,0.0101498375
0.9999206,0.00046089749,0,0.0011775855,457.60144118442867,732.6931095028518,1655,6920.3774,3.1886704,740.50635,0.21175095,9259.642,4.2680845,0,,,,,457.60144118442867,0.000606937,732.6931095028518,0.0006201087,0.0035468354,0.010408489
1.0001293,0.0004613914,0,0.0011783979,457.60061089829566,732.6928422504311,1656,6921.8574,3.191376,740.93555,0.21150233,9261.575,4.2726583,0,,,,,457.60061089829566,0.00060710596,732.6928422504311,0.00062024046,0.0034336895,0.0102085415
0.999881,0.00046097077,0,0.0011792103,457.6011432395061,732.6925132996871,1657,6920.1455,3.1885903,740.36414,0.21154416,9259.275,4.268763,0,,,,,457.6011432395061,0.00060654274,732.6925132996871,0.0006197222,0.0036340032,0.010196468
0.99968076,0.0004608162,0,0.0011800226,457.6021539966555,732.6917555651662,1658,6918.6978,3.1884637,740.5034,0.21162121,9257.421,4.2673316,0,,,,,457.6021539966555,0.0006066209,732.6917555651662,0.00061973295,0.0037052913,0.010186692
0.99996877,0.00046097205,0,0.0011808348,457.60032359158174,732.6923761165012,1659,6920.612,3.188619,740.33655,0.21144067,9260.088,4.268775,0,,,,,457.60032359158174,0.00060670363,732.6923761165012,0.00061993545,0.0033844528,0.010347342
1.0005417,0.0004610666,0,0.0011816471,457.59893467246934,732.6933463190089,1660,6924.5815,3.1901972,740.51984,0.21161288,9265.394,4.2696505,0,,,,,457.59893467246934,0.00060629,732.6933463190089,0.0006195733,0.0033979025,0.010265201
0.99942946,0.00046092042,0,0.0011824593,457.6019618335698,732.6928235422303,1661,6916.8755,3.1884067,741.3519,0.21159522,9255.094,4.2682967,0,,,,,457.6019618335698,0.00060681294,732.6928235422303,0.0006200774,0.0032083888,0.0104783885
0.99940753,0.00046083122,0,0.0011832714,457.6020672747005,732.6943915520187,1662,6916.658,3.1883972,741.19244,0.21132937,9254.891,4.267471,0,,,,,457.6020672747005,0.0006070989,732.6943915520187,0.0006203075,0.0033495673,0.01046048
1.0000048,0.00046117057,0,0.0011840834,457.5994644962743,732.6931133648471,1663,6920.818,3.1898315,740.61316,0.21124706,9260.421,4.270613,0,,,,,457.5994644962743,0.00060659216,732.6931133648471,0.0006199428,0.0032556267,0.010440907
0.9995887,0.0004608488,0,0.0011848955,457.60064814028624,732.6931177332985,1664,6917.8955,3.1885257,740.19214,0.21162914,9256.568,4.2676334,0,,,,,457.60064814028624,0.00060728483,732.6931177332985,0.00062051456,0.0033692885,0.010507053
0.9997232,0.00046126524,0,0.0011857075,457.59970983487926,732.6923293448102,1665,6919.0024,3.1895778,740.9383,0.21168534,9257.813,4.27149,0,,,,,457.59970983487926,0.00060636445,732.6923293448102,0.0006195361,0.0027548675,0.010788105
1.0004181,0.00046102426,0,0.0011865194,457.60069897749156,732.6926177935228,1666,6923.6343,3.1889997,740.7436,0.21168128,9264.248,4.2692585,0,,,,,457.60069897749156,0.0006058858,732.6926177935228,0.00061914837,0.0029650822,0.010939573
1.0006174,0.00046161245,0,0.0011873313,457.60034521684577,732.6933686367331,1667,6925.0146,3.1916606,740.57587,0.21147764,9266.094,4.2747054,0,,,,,457.60034521684577,0.00060650846,732.6933686367331,0.00061989226,0.0024840569,0.011011505
1.0002681,0.00046146833,0,0.0011881432,457.5987074152313,732.6941847495355,1668,6922.6367,3.1913075,740.0576,0.2116889,9262.859,4.2733707,0,,,,,457.5987074152313,0.0006066436,732.6941847495355,0.00062003813,0.002517293,0.011600384
0.999389,0.00046139804,0,0.0011889549,457.59945480217687,732.6944345274741,1669,6916.4004,3.190773,741.10614,0.21170604,9254.719,4.27272,0,,,,,457.59945480217687,0.0006068597,732.6944345274741,0.0006201488,0.0025429719,0.011302287
0.9997183,0.00046127324,0,0.0011897667,457.60041338860924,732.6936148488321,1670,6918.6665,3.189705,739.6539,0.21160291,9257.769,4.271564,0,,,,,457.60041338860924,0.0006063413,732.6936148488321,0.0006196496,0.0021678926,0.011377456
0.99937594,0.0004613989,0,0.0011905783,457.5995842211979,732.6934990109662,1671,6916.3486,3.1905708,739.8013,0.21164173,9254.598,4.2727275,0,,,,,457.5995842211979,0.0006067708,732.6934990109662,0.0006200635,0.0020833933,0.01125847
0.9998976,0.00046144912,0,0.00119139,457.5990319790442,732.6934714299257,1672,6919.793,3.19103,740.71783,0.21168515,9259.429,4.273193,0,,,,,457.5990319790442,0.0006065584,732.6934714299257,0.0006198199,0.0023027102,0.011069297
1.0004712,0.0004616372,0,0.0011922016,457.59866302037005,732.6928136915253,1673,6923.787,3.1914823,740.57196,0.21143319,9264.74,4.2749343,0,,,,,457.59866302037005,0.00060651207,732.6928136915253,0.00061979936,0.0021800038,0.011177242
0.99939066,0.0004612362,0,0.0011930132,457.59981376419177,732.6935054029211,1674,6916.275,3.189434,739.57587,0.21151403,9254.734,4.271221,0,,,,,457.59981376419177,0.0006068504,732.6935054029211,0.0006201731,0.002398229,0.011154734
0.9994841,0.00046145645,0,0.0011938247,457.5993944057709,732.6937404841138,1675,6916.9443,3.1907344,740.6394,0.21185867,9255.6,4.2732606,0,,,,,457.5993944057709,0.00060671434,732.6937404841138,0.00061999453,0.0024346414,0.010994028
0.9995731,0.00046131696,0,0.0011946361,457.5990703866447,732.6929149496319,1676,6917.512,3.1896613,740.48004,0.2116752,9256.424,4.271969,0,,,,,457.5990703866447,0.00060618937,732.6929149496319,0.00061947847,0.0024409564,0.010440617
0.9997919,0.000461469,0,0.0011954475,457.6007946861823,732.6932745621236,1677,6918.96,3.1911619,740.7507,0.21142913,9258.45,4.273377,0,,,,,457.6007946861823,0.0006070091,732.6932745621236,0.0006202369,0.0026607814,0.01060998
1.0002866,0.00046094967,0,0.0011962589,457.6010831708336,732.692823537486,1678,6922.423,3.1888158,739.9334,0.21171221,9263.031,4.2685676,0,,,,,457.6010831708336,0.0006063637,732.692823537486,0.0006195423,0.0030640499,0.009922265
1.0000818,0.00046091623,0,0.0011970702,457.60027485787015,732.6925838214863,1679,6920.899,3.188702,741.5482,0.21158934,9261.135,4.268258,0,,,,,457.60027485787015,0.0006068067,732.6925838214863,0.0006200592,0.003286962,0.01011041
1.0006452,0.00046098148,0,0.0011978814,457.6007332850634,732.6923466053639,1680,6924.7783,3.189005,739.3073,0.21186773,9266.352,4.2688622,0,,,,,457.6007332850634,0.00060624914,732.6923466053639,0.0006193612,0.0032623755,0.009224765
1.0000182,0.00046106603,0,0.0011986927,457.59986330378433,732.6906894097663,1681,6920.3994,3.1885848,740.25836,0.21163663,9260.546,4.269645,0,,,,,457.59986330378433,0.00060635747,732.6906894097663,0.00061942963,0.002952405,0.009616001
1.0000526,0.00046096407,0,0.0011995039,457.60050912712194,732.6927335389374,1682,6920.667,3.1885822,740.1452,0.21160328,9260.864,4.268701,0,,,,,457.60050912712194,0.0006071275,732.6927335389374,0.00062043645,0.0032570602,0.0092591345
1.0000391,0.00046093683,0,0.001200315,457.6020178039992,732.6918974124308,1683,6920.4175,3.1887236,741.6644,0.21134306,9260.739,4.268449,0,,,,,457.6020178039992,0.00060703483,732.6918974124308,0.0006201383,0.003244544,0.009056993
0.9998514,0.0004609545,0,0.001201937,457.60006799546045,732.693126444588,1685,6919.1675,3.18851,740.6207,0.21133196,9259.001,4.2686124,0,,,,,457.60006799546045,0.00060680707,732.693126444588,0.00062005746,0.0033791908,0.00917734
0.99976546,0.000460782,0,0.001202748,457.60135618009923,732.6917870595462,1686,6918.654,3.188525,740.3273,0.21184406,9258.205,4.267015,0,,,,,457.60135618009923,0.0006069939,732.6917870595462,0.00062017137,0.0035681499,0.0092682
0.99961436,0.00046079405,0,0.0012035589,457.6009655906946,732.6921226003213,1687,6917.0938,3.1883373,740.5385,0.21171296,9256.806,4.2671266,0,,,,,457.6009655906946,0.0006067659,732.6921226003213,0.0006199036,0.0032781053,0.008791821
0.9991978,0.00046076105,0,0.0012043698,457.60084371883534,732.691922161997,1688,6914.077,3.188042,740.7221,0.21159403,9252.948,4.266821,0,,,,,457.60084371883534,0.00060724706,732.691922161997,0.00062050344,0.0033803978,0.008804158
1.0003676,0.00046102185,0,0.0012051805,457.599685407378,732.6917975102232,1689,6922.413,3.1888256,741.3469,0.21149492,9263.781,4.269236,0,,,,,457.599685407378,0.0006063667,732.6917975102232,0.0006195902,0.0033166073,0.008789792
0.99950206,0.00046077525,0,0.0012059914,457.6013057092493,732.6919047467502,1690,6916.7036,3.1883066,740.036,0.21133132,9255.766,4.2669525,0,,,,,457.6013057092493,0.000607541,732.6919047467502,0.00062059594,0.0036578309,0.009341061
1.0000341,0.00046086017,0,0.0012068021,457.6003394648534,732.6931131413922,1691,6920.4824,3.1886122,739.85364,0.21162619,9260.692,4.267739,0,,,,,457.6003394648534,0.0006066127,732.6931131413922,0.0006199132,0.0034168696,0.009388592
1.0000026,0.0004609875,0,0.0012076127,457.6008203858277,732.6926997608184,1692,6920.127,3.1886473,740.0071,0.21156594,9260.401,4.268918,0,,,,,457.6008203858277,0.000606743,732.6926997608184,0.00061995495,0.0033474136,0.009617601
0.99939734,0.00046091928,0,0.0012084234,457.6000804099725,732.6922034999778,1693,6915.954,3.1881094,739.8264,0.2115479,9254.796,4.268286,0,,,,,457.6000804099725,0.0006068368,732.6922034999778,0.00062003476,0.0032028104,0.00969728
0.99946004,0.0004607735,0,0.0012092339,457.600651400483,732.6922774684887,1694,6916.3574,3.1881382,739.3623,0.21197268,9255.377,4.2669363,0,,,,,457.600651400483,0.00060652726,732.6922774684887,0.00061969063,0.0032998545,0.009835991
0.9998662,0.00046087318,0,0.0012100445,457.60101447167915,732.6924340601443,1695,6918.7617,3.1883936,739.796,0.21134713,9259.138,4.2678595,0,,,,,457.60101447167915,0.0006066898,732.6924340601443,0.0006199077,0.003055056,0.009201729
1.0000566,0.00046089312,0,0.001210855,457.601059535574,732.6916331714283,1696,6919.8647,3.1885338,740.0716,0.21134545,9260.901,4.268044,0,,,,,457.601059535574,0.00060687773,732.6916331714283,0.0006199315,0.003300189,0.00893623
0.99981356,0.00046085063,0,0.0012116653,457.6008459796921,732.6913206067038,1697,6918.5723,3.1882648,740.16956,0.21159771,9258.65,4.2676506,0,,,,,457.6008459796921,0.00060638133,732.6913206067038,0.00061951135,0.0031416686,0.008738469
0.9996541,0.0004609665,0,0.0012124757,457.5996793343494,732.6916910815182,1698,6917.5293,3.1883557,740.2651,0.21123551,9257.174,4.2687235,0,,,,,457.5996793343494,0.00060630793,732.6916910815182,0.00061956485,0.0032081427,0.008996062
0.99982697,0.00046101885,0,0.0012132861,457.5993397669305,732.6930635016303,1699,6918.8535,3.1885524,740.3499,0.21176969,9258.774,4.2692084,0,,,,,457.5993397669305,0.00060705614,732.6930635016303,0.0006204363,0.0032907252,0.009206264
0.9993247,0.0004608932,0,0.0012140963,457.5994098438979,732.6915679754222,1700,6915.3027,3.1880882,739.15137,0.21152134,9254.123,4.268045,0,,,,,457.5994098438979,0.00060661737,732.6915679754222,0.00061986764,0.0031358285,0.008959739
0.99955326,0.00046086722,0,0.0012149065,457.6005912782022,732.6917276354216,1701,6916.9062,3.1882567,739.27386,0.21154645,9256.24,4.267804,0,,,,,457.6005912782022,0.0006071692,732.6917276354216,0.0006203771,0.003207743,0.009121845
1.0001376,0.00046102828,0,0.0012157167,457.59999065988984,732.6916251793185,1702,6920.997,3.18864,740.18933,0.21152286,9261.65,4.2692957,0,,,,,457.59999065988984,0.00060644606,732.6916251793185,0.0006196219,0.0030755051,0.00922895
1.0003396,0.00046105223,0,0.0012165268,457.5996668868256,732.6901500025867,1703,6921.999,3.1888282,740.8032,0.21156779,9263.522,4.2695174,0,,,,,457.5996668868256,0.0006064548,732.6901500025867,0.0006195261,0.0029714492,0.00922823
0.9988918,0.00046080872,0,0.0012173369,457.6009509013526,732.6911402067092,1704,6911.711,3.1878176,739.75385,0.21166556,9250.114,4.2672625,0,,,,,457.6009509013526,0.00060706394,732.6911402067092,0.0006202694,0.0028114566,0.008434052
1.0005251,0.00046102627,0,0.0012181469,457.6026550248715,732.6923760761799,1705,6923.0586,3.188846,740.582,0.21146697,9265.24,4.269277,0,,,,,457.6026550248715,0.00060587295,732.6923760761799,0.0006189867,0.003173896,0.008817086
0.99992436,0.00046104635,0,0.0012189568,457.60022063818053,732.6914037035792,1706,6919.2773,3.1884923,740.4587,0.21155182,9259.677,4.269463,0,,,,,457.60022063818053,0.00060691906,732.6914037035792,0.0006201103,0.0029467037,0.008801873
0.99963415,0.0004610568,0,0.0012197667,457.6018295032795,732.6913262462444,1707,6917.2427,3.1883707,740.28076,0.21149635,9256.989,4.26956,0,,,,,457.6018295032795,0.0006069597,732.6913262462444,0.0006201671,0.0032094733,0.008903693
0.9989055,0.00046093817,0,0.0012205766,457.60101123928683,732.6928631588996,1708,6912.205,3.1877382,739.7717,0.21124992,9250.241,4.268461,0,,,,,457.60101123928683,0.0006069237,732.6928631588996,0.0006202022,0.0032650416,0.008742714
0.9999386,0.0004610276,0,0.0012213864,457.6013837785242,732.692183970175,1709,6919.3613,3.1884649,739.5702,0.21156764,9259.809,4.2692895,0,,,,,457.6013837785242,0.000606533,732.692183970175,0.00061977154,0.0030523804,0.009134158
0.9992807,0.00046081175,0,0.0012221962,457.6004943177734,732.6914739530437,1710,6914.818,3.1881015,739.9845,0.21141753,9253.716,4.2672906,0,,,,,457.6004943177734,0.0006075266,732.6914739530437,0.0006206967,0.0030813213,0.00901367
1.0008343,0.00046100176,0,0.0012230058,457.5996561388828,732.6909338239542,1711,6925.2803,3.1889977,739.5148,0.21174935,9268.104,4.26905,0,,,,,457.5996561388828,0.0006059831,732.6909338239542,0.0006190979,0.0032073094,0.008401722
0.99929166,0.00046088142,0,0.0012238155,457.60077309955113,732.6912608091885,1712,6914.1387,3.1879964,739.202,0.21153699,9253.817,4.2679358,0,,,,,457.60077309955113,0.00060723367,732.6912608091885,0.00062041817,0.0028895591,0.007947742
1.000022,0.00046083803,0,0.001224625,457.6001555935516,732.6914530574893,1713,6919.1636,3.188373,739.98785,0.21153401,9260.581,4.267534,0,,,,,457.6001555935516,0.00060693495,732.6914530574893,0.0006201293,0.0028666519,0.00796021
0.9999979,0.00046097385,0,0.0012254346,457.60114900102445,732.6904344549708,1714,6919.5005,3.1884332,739.8406,0.21124357,9260.357,4.2687917,0,,,,,457.60114900102445,0.00060717884,732.6904344549708,0.00062031404,0.0026327276,0.008892774
0.9999125,0.00046082947,0,0.0012262441,457.60046536793084,732.6909290465261,1715,6918.885,3.1883936,740.12427,0.2114082,9259.566,4.2674546,0,,,,,457.60046536793084,0.00060642004,732.6909290465261,0.0006194985,0.0029463372,0.008218517
0.9996644,0.00046105412,0,0.0012270536,457.60102224824095,732.6911023311801,1716,6917.143,3.188215,740.3378,0.21127982,9257.27,4.269535,0,,,,,457.60102224824095,0.0006070013,732.6911023311801,0.00062022364,0.0028035822,0.008512391
0.9994549,0.00046096783,0,0.001227863,457.60021778405894,732.6904825262964,1717,6915.66,3.1880138,739.0661,0.21156216,9255.329,4.268736,0,,,,,457.60021778405894,0.0006071398,732.6904825262964,0.00062027905,0.0028625308,0.008344861
0.9993328,0.00046083675,0,0.0012286723,457.60118352253096,732.6920166172188,1718,6914.784,3.1880229,740.22485,0.21152566,9254.198,4.267522,0,,,,,457.60118352253096,0.00060694735,732.6920166172188,0.0006201319,0.0033231198,0.008462327
0.9996789,0.00046084894,0,0.0012294815,457.5994698269302,732.6912752516859,1719,6917.1797,3.1882348,739.0912,0.21195267,9257.403,4.267635,0,,,,,457.5994698269302,0.00060669007,732.6912752516859,0.0006197636,0.0030024627,0.008202609
0.99950826,0.00046085552,0,0.0012302909,457.6015582756625,732.6909371814643,1720,6915.674,3.1880026,739.9381,0.21149859,9255.823,4.267696,0,,,,,457.6015582756625,0.00060682883,732.6909371814643,0.0006198367,0.0030459983,0.00801151
1.0007864,0.0004610427,0,0.0012311001,457.5979865655786,732.6903247480711,1721,6924.1797,3.18893,739.425,0.2114094,9267.659,4.269429,0,,,,,457.5979865655786,0.0006061789,732.6903247480711,0.0006194313,0.0028743995,0.0075184014
1.0001991,0.00046095505,0,0.0012319091,457.6000574862031,732.6897604026568,1722,6920.1753,3.18848,739.6297,0.21158472,9262.221,4.2686176,0,,,,,457.6000574862031,0.00060670526,732.6897604026568,0.00061998796,0.0029001045,0.0077272546
0.9998841,0.0004608584,0,0.0012327182,457.60050890367614,732.6901684776938,1723,6918.282,3.188363,738.68665,0.21156664,9259.304,4.2677226,0,,,,,457.60050890367614,0.00060633884,732.6901684776938,0.0006194498,0.003115312,0.0077586123
0.9988707,0.0004608766,0,0.0012335272,457.6000472243077,732.6900268085228,1724,6911.226,3.1875722,738.8421,0.2115765,9249.919,4.267891,0,,,,,457.6000472243077,0.0006064933,732.6900268085228,0.00061969407,0.0030841432,0.007955931
1.0003853,0.00046089414,0,0.0012343362,457.6006417035123,732.6904817695857,1725,6921.7476,3.1886573,738.9669,0.21127218,9263.945,4.2680535,0,,,,,457.6006417035123,0.00060695136,732.6904817695857,0.00062011677,0.0029737854,0.00803755
1.000483,0.00046094117,0,0.0012351451,457.5998520299989,732.6907796421908,1726,6922.4224,3.188696,739.04736,0.21160842,9264.851,4.268489,0,,,,,457.5998520299989,0.00060646003,732.6907796421908,0.00061956863,0.003045089,0.007500103
1.0001519,0.00046096052,0,0.001235954,457.60060263206043,732.6903561811619,1727,6920.141,3.1884887,738.654,0.2116177,9261.783,4.268668,0,,,,,457.60060263206043,0.00060658326,732.6903561811619,0.00061963114,0.0030174768,0.007870461
0.9998226,0.00046102778,0,0.0012367629,457.5997716700191,732.6910847258781,1728,6917.7563,3.1882668,738.7459,0.21151255,9258.734,4.269291,0,,,,,457.5997716700191,0.0006068009,732.6910847258781,0.0006200411,0.0027430065,0.007888979
0.9993353,0.00046082292,0,0.0012375716,457.60010861199487,732.6904463208153,1729,6914.0864,3.1878858,739.4749,0.21147545,9254.222,4.267394,0,,,,,457.60010861199487,0.00060730736,732.6904463208153,0.0006204806,0.0028811526,0.007143229
0.9996465,0.00046093966,0,0.0012383803,457.60094784635976,732.6904098763373,1730,6915.9526,3.1879447,738.37775,0.21169998,9257.104,4.268475,0,,,,,457.60094784635976,0.0006067987,732.6904098763373,0.0006199719,0.0025713556,0.007035878
0.9997553,0.00046101006,0,0.001239189,457.60029456238374,732.6904550594404,1731,6916.9,3.1880565,739.4084,0.21127984,9258.111,4.269127,0,,,,,457.60029456238374,0.0006065605,732.6904550594404,0.00061977986,0.0026722294,0.0074385633
0.9994204,0.00046079393,0,0.0012399976,457.6006012786902,732.690291284632,1732,6914.726,3.187753,739.22833,0.21135159,9255.01,4.2671256,0,,,,,457.6006012786902,0.00060690177,732.690291284632,0.00061995187,0.0028776545,0.007328016
0.9991498,0.00046077062,0,0.0012408061,457.60165993090897,732.6905380613282,1733,6912.8896,3.1876814,739.2527,0.21161066,9252.504,4.2669096,0,,,,,457.60165993090897,0.0006068349,732.6905380613282,0.00062000426,0.003139546,0.007550356
0.9990645,0.00046078736,0,0.0012416146,457.6004424053966,732.6905471085614,1734,6912.246,3.1876602,738.9903,0.21160331,9251.714,4.2670646,0,,,,,457.6004424053966,0.0006074535,732.6905471085614,0.0006206286,0.0027320632,0.0075721205
1.0002389,0.0004608566,0,0.001242423,457.60088612560753,732.6894121312307,1735,6920.2856,3.188343,738.6589,0.21156071,9262.589,4.267706,0,,,,,457.60088612560753,0.0006063554,732.6894121312307,0.0006193728,0.0033890593,0.007153902
0.9987739,0.00046076914,0,0.0012432314,457.5997211633078,732.6898990691177,1736,6910.0957,3.1875584,738.58014,0.21147639,9249.022,4.266896,0,,,,,457.5997211633078,0.000607517,732.6898990691177,0.0006206741,0.002923756,0.006769925
0.99915665,0.0004607982,8192,0.0012440397,457.5997698323681,732.6906559714305,1737,6912.772,3.1876557,737.71155,0.21175274,9252.567,4.267165,8192,,,,,457.5997698323681,0.00060725346,732.6906559714305,0.000620498,0.0029887168,0.006832972
0.9998795,0.000460847,0,0.001244848,457.60042146752664,732.6902363951758,1738,6917.61,3.1880968,738.66736,0.2115238,9259.261,4.2676167,0,,,,,457.60042146752664,0.00060687604,732.6902363951758,0.00061999366,0.0026517634,0.006765335
0.9994692,0.0004609189,0,0.0012456562,457.5995739907591,732.691462934036,1739,6914.4683,3.1879053,738.5288,0.21143061,9255.462,4.268283,0,,,,,457.5995739907591,0.00060750864,732.691462934036,0.0006207834,0.0026419384,0.006950226
0.99990624,0.00046079527,0,0.0012464643,457.6002761299245,732.6893721576266,1740,6917.615,3.1879587,737.87805,0.21167718,9259.509,4.267138,0,,,,,457.6002761299245,0.00060654886,732.6893721576266,0.000619674,0.0031038383,0.0062105483
1.0000905,0.00046082446,0,0.0012472725,457.6005412128677,732.6906609702987,1741,6919.0835,3.1882627,738.2681,0.21157046,9261.215,4.2674084,0,,,,,457.6005412128677,0.00060674053,732.6906609702987,0.00061987876,0.003060235,0.0065670907
1.0006559,0.00046104944,0,0.0012480805,457.5981651768151,732.6888460549612,1742,6922.926,3.1886287,738.3971,0.21176393,9266.45,4.2694917,0,,,,,457.5981651768151,0.00060599326,732.6888460549612,0.00061909517,0.002592325,0.0069443155
0.9999554,0.0004609481,0,0.0012488886,457.6009045905333,732.6904108109666,1743,6917.87,3.1882076,737.92084,0.2113258,9259.964,4.2685533,0,,,,,457.6009045905333,0.0006066636,732.6904108109666,0.0006197754,0.0028992794,0.006291767
0.99987155,0.00046088858,0,0.0012496965,457.60205016703935,732.6897973184756,1744,6917.255,3.188,738.15485,0.21139796,9259.1875,4.268002,0,,,,,457.60205016703935,0.00060663186,732.6897973184756,0.000619674,0.002905423,0.0064029517
0.9995757,0.00046094385,0,0.0012505044,457.5988782245771,732.6906440237581,1745,6915.2393,3.187851,738.0648,0.21180397,9256.447,4.2685137,0,,,,,457.5988782245771,0.000606997,732.6906440237581,0.0006202119,0.002475926,0.006313686
0.9996159,0.00046093535,0,0.0012513122,457.60126732369787,732.6900793324924,1746,6915.561,3.1878033,738.3099,0.21144848,9256.82,4.268435,0,,,,,457.60126732369787,0.0006066741,732.6900793324924,0.00061976555,0.002563118,0.006580946
0.9997624,0.00046100814,0,0.00125212,457.598671610299,732.6898172793008,1747,6916.6157,3.188073,738.0176,0.21148656,9258.177,4.2691092,0,,,,,457.598671610299,0.00060719636,732.6898172793008,0.0006203688,0.0023484086,0.0064034234
0.9994726,0.00046089836,0,0.0012529278,457.5997987976315,732.6899427932346,1748,6914.605,3.1877139,737.69305,0.2114826,9255.493,4.2680926,0,,,,,457.5997987976315,0.0006066178,732.6899427932346,0.0006197234,0.0020542205,0.006594671
0.9992685,0.00046087767,0,0.0012537354,457.5994070974608,732.6897540701325,1749,6912.7446,3.1878023,738.05414,0.21143447,9253.603,4.267901,0,,,,,457.5994070974608,0.00060732604,732.6897540701325,0.0006205618,0.0023256398,0.0060078073
1.0002643,0.0004609963,0,0.0012545431,457.6000054939911,732.6902704750482,1750,6919.7935,3.188258,738.0478,0.21154676,9262.824,4.2689996,0,,,,,457.6000054939911,0.0006067884,732.6902704750482,0.0006200165,0.0023969596,0.00639516
0.9998714,0.00046091285,0,0.0012553507,457.60058402129306,732.6904856646129,1751,6917.317,3.1879864,737.3819,0.211642,9259.186,4.2682266,0,,,,,457.60058402129306,0.0006068315,732.6904856646129,0.00061994354,0.0022415568,0.006637496
0.99980426,0.00046092292,8192,0.0012561581,457.60006020647404,732.6889027554303,1752,6916.7676,3.1881201,738.3988,0.21149296,9258.564,4.26832,8192,,,,,457.60006020647404,0.00060712144,732.6889027554303,0.00062023127,0.002138342,0.006304226
0.99970454,0.0004609972,0,0.0012569656,457.5982499349244,732.6900325402073,1753,6916.0347,3.18795,738.4493,0.21137165,9257.641,4.2690077,0,,,,,457.5982499349244,0.0006065413,732.6900325402073,0.0006198557,0.0017760331,0.00672469
0.9999963,0.00046109775,0,0.001257773,457.5997670708557,732.6902666411651,1754,6917.948,3.1881616,738.17065,0.21142721,9260.343,4.269939,0,,,,,457.5997670708557,0.00060636847,732.6902666411651,0.0006194338,0.0015608475,0.0070974166
0.99976915,0.0004611294,0,0.0012585804,457.59872581537695,732.6882239666925,1755,6916.2324,3.1879075,738.1935,0.2116563,9258.239,4.270232,0,,,,,457.59872581537695,0.0006064411,732.6882239666925,0.0006195093,0.0014484249,0.0062697614
0.9994315,0.00046113142,0,0.0012593876,457.599227757138,732.6885497212253,1756,6913.8433,3.1876802,737.61957,0.21152696,9255.112,4.270251,0,,,,,457.599227757138,0.000607013,732.6885497212253,0.00062009273,0.0016959696,0.0063555534
1.0003165,0.0004611754,0,0.0012601948,457.598625490928,732.6887585604508,1757,6920.092,3.1881971,737.88043,0.21153733,9263.308,4.270658,0,,,,,457.598625490928,0.00060658244,732.6887585604508,0.0006197179,0.0013947339,0.006501513
0.9992483,0.00046090383,0,0.001261002,457.5992733791359,732.6911162060958,1758,6912.682,3.1876488,738.4112,0.21154104,9253.416,4.268143,0,,,,,457.5992733791359,0.0006068869,732.6911162060958,0.0006201575,0.0015947127,0.0069619487
1.0005432,0.00046115788,0,0.0012618091,457.59870918434626,732.6890463427576,1759,6921.318,3.188553,738.0247,0.2112295,9265.407,4.270496,0,,,,,457.59870918434626,0.0006067165,732.6890463427576,0.00061985146,0.0016041291,0.0058687837
1.0002904,0.00046098558,0,0.0012626162,457.59933869153224,732.6877830038386,1760,6919.0786,3.1882522,737.78534,0.21130006,9263.066,4.2689004,0,,,,,457.59933869153224,0.000606759,732.6877830038386,0.0006197692,0.0020056362,0.00522647
0.9997986,0.00046088293,0,0.0012634232,457.60097148793795,732.6889964578282,1761,6916.3066,3.1878438,736.9712,0.2117241,9258.512,4.2679496,0,,,,,457.60097148793795,0.0006071599,732.6889964578282,0.00062024896,0.0023697272,0.0053551323
0.99995995,0.00046087356,0,0.0012642302,457.6002326505194,732.6900755081076,1762,6917.377,3.1880589,737.5296,0.21165083,9260.006,4.267863,0,,,,,457.6002326505194,0.00060677755,732.6900755081076,0.00062000257,0.0023474684,0.0051140576
0.99971515,0.00046079746,0,0.0012650371,457.6001961260598,732.6887151654169,1763,6915.6035,3.1878147,738.0349,0.21165754,9257.739,4.267158,0,,,,,457.6001961260598,0.0006070968,732.6887151654169,0.00062018156,0.002786382,0.0051380266
1.0001156,0.00046085016,0,0.001265844,457.6012699087481,732.6878182113685,1764,6918.347,3.1882114,738.48584,0.21173581,9261.447,4.2676463,0,,,,,457.6012699087481,0.0006063375,732.6878182113685,0.0006192591,0.003200396,0.0046863914
0.99990827,0.00046074658,0,0.0012666507,457.60053172787275,732.688298724038,1765,6917.046,3.187993,737.4192,0.21173911,9259.527,4.266687,0,,,,,457.60053172787275,0.0006067809,732.688298724038,0.0006197504,0.0030539804,0.0051282216
0.9997929,0.0004607182,0,0.0012674575,457.6014006408303,732.6894192150177,1766,6916.216,3.1879015,737.67114,0.21165769,9258.459,4.266424,0,,,,,457.6014006408303,0.0006066149,732.6894192150177,0.00061967364,0.0029118024,0.0049888194
0.9991199,0.0004605958,0,0.0012682641,457.60177503363695,732.6891774559667,1767,6911.4893,3.1873639,737.7814,0.21142039,9252.227,4.2652907,0,,,,,457.60177503363695,0.0006070637,732.6891774559667,0.0006200911,0.0028805002,0.004998846
0.999755,0.0004607381,0,0.0012690708,457.60088357314135,732.6872810940964,1768,6915.9565,3.1879435,738.0108,0.21146749,9258.108,4.2666087,0,,,,,457.60088357314135,0.0006064139,732.6872810940964,0.0006193256,0.0026095673,0.0049670967
1.0003949,0.00046079367,0,0.0012698773,457.60043268108194,732.687805460412,1769,6920.2827,3.1882937,737.6157,0.21158236,9264.034,4.267123,0,,,,,457.60043268108194,0.0006067074,732.687805460412,0.0006197827,0.0028369906,0.004919846
1.0001537,0.00046058715,0,0.0012706838,457.60052946374066,732.6877236749114,1770,6918.613,3.1881726,737.54645,0.21171448,9261.8,4.2652106,0,,,,,457.60052946374066,0.00060661894,732.6877236749114,0.00061954046,0.0029994023,0.0043662237
0.9998746,0.00046057763,0,0.0012714902,457.60154651469117,732.6876637199962,1771,6916.09,3.1879022,738.0042,0.21168004,9259.216,4.2651224,0,,,,,457.60154651469117,0.0006067651,732.6876637199962,0.0006197641,0.0032902742,0.0039425706
1.0001376,0.00046079152,0,0.0012722966,457.5992744804455,732.6870691850013,1772,6917.8315,3.1881206,737.85986,0.21172959,9261.651,4.267103,0,,,,,457.5992744804455,0.0006070754,732.6870691850013,0.000619951,0.0026678317,0.0038262787
0.9995883,0.00046080022,0,0.001273103,457.5994357289228,732.688375606917,1773,6914.366,3.187761,738.12524,0.21131977,9256.564,4.267184,0,,,,,457.5994357289228,0.0006067867,732.688375606917,0.0006199161,0.0025950691,0.0046842746
0.9996463,0.00046074297,0,0.0012739092,457.6000354040642,732.6883185512411,1774,6914.846,3.1876578,737.5512,0.21176931,9257.102,4.2666535,0,,,,,457.6000354040642,0.00060608826,732.6883185512411,0.00061915757,0.0025886472,0.004616353
0.99960256,0.00046056625,0,0.0012747154,457.60211562039024,732.6881197889907,1775,6914.5273,3.1877723,737.59674,0.2116064,9256.696,4.265017,0,,,,,457.60211562039024,0.0006069664,732.6881197889907,0.0006199715,0.003014762,0.0044057257
0.9999002,0.0004606168,0,0.0012755216,457.6015273621406,732.6857698482269,1776,6916.4834,3.187819,736.9948,0.21143158,9259.453,4.2654853,0,,,,,457.6015273621406,0.0006068682,732.6857698482269,0.00061963964,0.0031047128,0.004026832
0.9998588,0.0004606893,0,0.0012763278,457.6000469141912,732.6878903740601,1777,6916.127,3.1878397,737.7822,0.2115321,9259.069,4.2661567,0,,,,,457.6000469141912,0.0006069381,732.6878903740601,0.0006199696,0.002983497,0.003986913
1.00025,0.0004607152,0,0.0012771338,457.6002039907714,732.6885604329524,1778,6918.9243,3.1881528,736.9581,0.21173492,9262.692,4.2663965,0,,,,,457.6002039907714,0.000607093,732.6885604329524,0.00062021735,0.0027149653,0.004259157
1.0003138,0.00046054358,0,0.0012779398,457.60077543397534,732.6879538511957,1779,6919.368,3.1881688,737.16376,0.21157596,9263.282,4.264807,0,,,,,457.60077543397534,0.0006062171,732.6879538511957,0.0006192729,0.0027810757,0.0039055513
0.99964505,0.0004605585,0,0.0012787457,457.6009572859447,732.6878130837365,1780,6914.551,3.1875937,737.1948,0.21126363,9257.09,4.2649455,0,,,,,457.6009572859447,0.00060689164,732.6878130837365,0.0006198905,0.0025166715,0.004098923
0.99966127,0.0004606283,0,0.0012795515,457.60075370991126,732.6860765314638,1781,6914.6616,3.1877258,737.3634,0.21128985,9257.24,4.2655916,0,,,,,457.60075370991126,0.00060685986,732.6860765314638,0.00061974296,0.0024558424,0.0038906303
0.99923927,0.00046052484,0,0.0012803574,457.59986332974245,732.6882055530328,1782,6911.8887,3.1876075,737.5003,0.21158004,9253.332,4.2646337,0,,,,,457.59986332974245,0.00060738786,732.6882055530328,0.0006204562,0.0026371002,0.004114583
1.0003812,0.00046053468,0,0.0012811632,457.6002536112569,732.6870248275777,1783,6919.6567,3.1883051,737.5455,0.2115942,9263.907,4.2647247,0,,,,,457.6002536112569,0.00060655613,732.6870248275777,0.0006195573,0.0026577823,0.0036734052
0.99951047,0.00046054128,0,0.0012819688,457.60049858296134,732.687874126781,1784,6913.5977,3.1876397,737.1253,0.21144904,9255.844,4.264786,0,,,,,457.60049858296134,0.00060712855,732.687874126781,0.00062017934,0.0029083951,0.0036079027
1.0000411,0.00046076937,0,0.0012827745,457.600893339296,732.6867185407165,1785,6916.6924,3.1879075,737.3982,0.21146949,9260.758,4.266898,0,,,,,457.600893339296,0.00060663244,732.6867185407165,0.0006196191,0.0022857373,0.0032335543
1.0003939,0.00046085284,0,0.0012835801,457.60143511172816,732.688334621612,1786,6919.0264,3.1881614,737.9679,0.21128911,9264.024,4.267671,0,,,,,457.60143511172816,0.0006064318,732.688334621612,0.00061949395,0.0027931056,0.0030788006
0.999701,0.00046075997,0,0.0012843856,457.6002644344055,732.6867975499031,1787,6914.573,3.1876879,737.16693,0.2114954,9257.608,4.266811,0,,,,,457.6002644344055,0.000607255,732.6867975499031,0.0006203482,0.0023986017,0.0033661518
1.000569,0.00046080103,0,0.001285191,457.6007829118857,732.6873929262536,1788,6920.6,3.188204,737.1705,0.21137917,9265.646,4.2671914,0,,,,,457.6007829118857,0.00060705515,732.6873929262536,0.0006200905,0.0030150814,0.003511461
0.9998636,0.00046059195,0,0.0012859964,457.6003257730631,732.6873328033462,1789,6915.7754,3.1877162,736.98444,0.21153854,9259.114,4.265255,0,,,,,457.6003257730631,0.0006069057,732.6873328033462,0.00061989005,0.002429445,0.003570257
1.0007225,0.00046073014,0,0.0012868018,457.5992885060447,732.6872258930576,1790,6921.7734,3.1883454,736.9866,0.21133414,9267.067,4.266535,0,,,,,457.5992885060447,0.000606162,732.6872258930576,0.00061918783,0.0024791376,0.0035800836
0.999589,0.00046053875,0,0.0012876071,457.6006553425981,732.6875083520533,1791,6913.878,3.1875322,737.1315,0.21132661,9256.571,4.2647624,0,,,,,457.6006553425981,0.0006075333,732.6875083520533,0.0006206227,0.0024127732,0.003305705
1.0004163,0.00046061559,0,0.0012884123,457.6012163920908,732.6871415511769,1792,6919.637,3.1880984,736.58655,0.21146818,9264.231,4.265474,0,,,,,457.6012163920908,0.0006067908,732.6871415511769,0.00061965734,0.0028504464,0.0031966516
1.0011582,0.00046058334,0,0.0012892175,457.59987489695186,732.6861893701562,1793,6924.711,3.1885443,736.55835,0.21158212,9271.103,4.2651753,0,,,,,457.59987489695186,0.0006058808,732.6861893701562,0.0006188377,0.0028032507,0.00277001
1.0004127,0.00046077825,0,0.0012900226,457.60103921582265,732.6871053555079,1794,6919.487,3.1881602,736.22296,0.21150343,9264.199,4.26698,0,,,,,457.60103921582265,0.00060665276,732.6871053555079,0.0006196093,0.0026868049,0.0032751348
1.0004802,0.0004606581,0,0.0012908276,457.6004946014715,732.6859799350775,1795,6920.0933,3.188117,736.5226,0.21157898,9264.823,4.2658677,0,,,,,457.6004946014715,0.00060635596,732.6859799350775,0.0006193795,0.0026669137,0.0035435709
1.0005517,0.00046069614,0,0.0012916327,457.60038189016666,732.6853112676454,1796,6920.356,3.1881504,736.5043,0.21153456,9265.486,4.26622,0,,,,,457.60038189016666,0.0006063474,732.6853112676454,0.00061917264,0.0026825997,0.002784739
1.0011688,0.0004609375,128,0.0012924375,457.59874404736945,732.6862820311405,1797,6924.608,3.1892042,736.7805,0.21137555,9271.201,4.268455,128,,,,,457.59874404736945,0.000605943,732.6862820311405,0.0006189153,0.0027381412,0.0029353208
1.0001705,0.00046061445,0,0.0012932424,457.60048796968067,732.6869408465074,1798,6917.757,3.1878462,736.12573,0.21127956,9261.956,4.2654634,0,,,,,457.60048796968067,0.0006064692,732.6869408465074,0.00061953557,0.0026049567,0.0031278366
1.0005059,0.00046088963,0,0.0012940472,457.5993640709339,732.6889518671098,1799,6919.978,3.188008,735.65485,0.21155456,9265.0625,4.2680116,0,,,,,457.5993640709339,0.00060661684,732.6889518671098,0.0006197609,0.0022108878,0.0033721183
1.0002488,0.0004609383,0,0.001294852,457.5987454077775,732.6867240758763,1800,6918.2056,3.187909,735.49286,0.21114282,9262.681,4.268462,0,,,,,457.5987454077775,0.0006059746,732.6867240758763,0.0006189429,0.001891207,0.0035894853
0.99953103,0.00046053817,0,0.0012956568,457.600622292337,732.6871369361731,1801,6913.3257,3.1875937,735.8835,0.21143417,9256.034,4.264757,0,,,,,457.600622292337,0.00060694077,732.6871369361731,0.00061998743,0.0021906837,0.0035174885
1.0001897,0.00046085572,0,0.0012964613,457.59979351126117,732.686590143424,1802,6917.8457,3.1878824,735.55865,0.21146962,9262.134,4.267698,0,,,,,457.59979351126117,0.00060659746,732.686590143424,0.0006195995,0.0016975108,0.003626013
0.9997416,0.00046082938,0,0.001297266,457.59884808697075,732.6859536564607,1803,6914.6704,3.1875114,735.92285,0.2117641,9257.984,4.2674537,0,,,,,457.59884808697075,0.00060627965,732.6859536564607,0.0006192985,0.0019400899,0.0037668399
0.99977356,0.00046080016,0,0.0012980704,457.5992438721595,732.6872848131406,1804,6914.738,3.1876364,735.8254,0.21129143,9258.28,4.2671833,0,,,,,457.5992438721595,0.0006063697,732.6872848131406,0.00061949424,0.0019166191,0.0034641374
0.99959767,0.0004607895,0,0.001298875,457.59992126984,732.6863673836231,1805,6913.5293,3.1874197,735.5894,0.21180785,9256.651,4.2670846,0,,,,,457.59992126984,0.0006063183,732.6863673836231,0.0006193039,0.0019054305,0.0037941348
1.0002873,0.00046074297,0,0.0012996793,457.59923791360546,732.6864520929734,1806,6918.26,3.1878405,735.7996,0.21165647,9263.037,4.2666535,0,,,,,457.59923791360546,0.0006064467,732.6864520929734,0.0006194537,0.0019894333,0.0031268746
1.0011325,0.0004611321,0,0.0013004837,457.59898399996507,732.6872909828622,1807,6923.9863,3.1884007,735.9586,0.21126486,9270.864,4.270257,0,,,,,457.59898399996507,0.0006059328,732.6872909828622,0.0006189104,0.0019758565,0.0034861895
0.99984425,0.00046091556,0,0.0013012879,457.6002657043289,732.686448218991,1808,6915.05,3.187722,736.031,0.21154368,9258.935,4.268252,0,,,,,457.6002657043289,0.0006069749,732.686448218991,0.0006200383,0.0018329959,0.0033458092
1.0004169,0.00046093878,0,0.0013020922,457.6017059692631,732.6860143913491,1809,6919.0737,3.1880152,735.553,0.21132654,9264.237,4.268467,0,,,,,457.6017059692631,0.00060685497,732.6860143913491,0.00061969366,0.0020236883,0.0034456819
0.9997135,0.0004609167,0,0.0013028963,457.5987933299072,732.6864794838536,1810,6914.139,3.1875231,735.6198,0.21178167,9257.724,4.2682624,0,,,,,457.5987933299072,0.0006073234,732.6864794838536,0.00062037434,0.0017977105,0.003236678
0.99989665,0.00046064085,0,0.0013037004,457.6000711327872,732.6867473102373,1811,6915.4307,3.1874168,736.1872,0.21147816,9259.42,4.265708,0,,,,,457.6000711327872,0.0006065973,732.6867473102373,0.0006195953,0.0021415637,0.0029410687
0.999529,0.00046071073,0,0.0013045045,457.5995683633972,732.6862386055332,1812,6912.819,3.1873972,736.0871,0.21146269,9256.016,4.266355,0,,,,,457.5995683633972,0.00060708285,732.6862386055332,0.00062014034,0.002062386,0.0030410814
1.0005653,0.00046083188,0,0.0013053084,457.60042011689325,732.6856809887654,1813,6919.9194,3.1880069,735.433,0.21143334,9265.612,4.267477,0,,,,,457.60042011689325,0.0006066266,732.6856809887654,0.00061956845,0.0022497051,0.003058352
0.99961233,0.00046071113,0,0.0013061124,457.5993382680508,732.6863018035406,1814,6913.35,3.187504,735.5805,0.21178299,9256.787,4.266359,0,,,,,457.5993382680508,0.0006065531,732.6863018035406,0.000619623,0.002058665,0.0031258175
1.0005403,0.00046076087,0,0.0013069162,457.6003303183681,732.6867558949147,1815,6919.7397,3.1880374,735.2225,0.21154308,9265.38,4.2668195,0,,,,,457.6003303183681,0.00060644606,732.6867558949147,0.0006195148,0.0024243817,0.0028444114
0.99998283,0.00046078963,0,0.00130772,457.60017605250493,732.6869299270488,1816,6915.9443,3.1877363,735.4747,0.21169454,9260.218,4.2670856,0,,,,,457.60017605250493,0.00060677674,732.6869299270488,0.0006197261,0.0019678434,0.0034065582
1.0000132,0.0004609294,0,0.0013085237,457.59945696652454,732.6867058435541,1817,6915.978,3.187655,735.7043,0.21136081,9260.499,4.26838,0,,,,,457.59945696652454,0.0006068001,732.6867058435541,0.0006197398,0.0019014045,0.0031674437
1.0007384,0.00046085383,0,0.0013093274,457.5992409047724,732.6862411427336,1818,6920.955,3.1881661,735.35736,0.21177217,9267.215,4.26768,0,,,,,457.5992409047724,0.00060573366,732.6862411427336,0.0006186513,0.0019305047,0.002903472
1.0008229,0.0004609822,0,0.001310131,457.59994416018867,732.6863696403353,1819,6921.5215,3.1883705,735.1669,0.21143858,9267.997,4.268869,0,,,,,457.59994416018867,0.0006064723,732.6863696403353,0.00061945984,0.0018103522,0.0029316568
1.0002115,0.00046093776,0,0.0013109345,457.59946075081007,732.6868280350244,1820,6917.331,3.1876857,734.9637,0.21154986,9262.335,4.2684574,0,,,,,457.59946075081007,0.00060619664,732.6868280350244,0.0006192837,0.001713672,0.0029596954
1.0006928,0.00046085456,0,0.001311738,457.5987700898353,732.686627866899,1821,6920.6035,3.188053,735.45087,0.21161892,9266.793,4.267687,0,,,,,457.5987700898353,0.00060688914,732.686627866899,0.0006198659,0.0021272819,0.0025992547
0.9998088,0.00046067985,0,0.0013125415,457.6000829733608,732.6870554827713,1822,6914.5107,3.1875699,735.1771,0.21152294,9258.606,4.266069,0,,,,,457.6000829733608,0.0006067777,732.6870554827713,0.00061984686,0.0022321949,0.0029693919
0.9996644,0.0004608006,0,0.0013133449,457.6001291402215,732.686695190377,1823,6913.512,3.187411,735.2179,0.21166691,9257.27,4.267187,0,,,,,457.6001291402215,0.00060657907,732.686695190377,0.0006196437,0.0020200366,0.0029851214
0.99977124,0.0004607312,0,0.0013141482,457.59940478803867,732.6867599643746,1824,6914.2876,3.1875565,736.36224,0.21149895,9258.259,4.2665443,0,,,,,457.59940478803867,0.0006073814,732.6867599643746,0.0006204553,0.002178961,0.0030074902
1.0013971,0.00046073788,0,0.0013149515,457.5997570688029,732.6861182091716,1825,6925.401,3.188498,735.187,0.21134406,9273.315,4.2666063,0,,,,,457.5997570688029,0.0006056411,732.6861182091716,0.00061864953,0.002536415,0.0024886292
0.9998896,0.00046063503,0,0.0013157546,457.6014434803766,732.6865188057719,1826,6915.062,3.187595,735.9834,0.21133578,9259.3545,4.265654,0,,,,,457.6014434803766,0.0006070561,732.6865188057719,0.0006199848,0.0024721208,0.0027339077
0.99939436,0.00046060042,0,0.0013165578,457.600828879712,732.6860727573644,1827,6911.5996,3.1872592,735.7627,0.21119055,9254.769,4.2653337,0,,,,,457.600828879712,0.0006075019,732.6860727573644,0.0006205525,0.0021085734,0.00239195
1.0001348,0.00046081623,0,0.0013173608,457.6002302270108,732.6866772897409,1828,6916.609,3.18774,735.289,0.2114524,9261.625,4.267332,0,,,,,457.6002302270108,0.0006065685,732.6866772897409,0.0006195169,0.002357021,0.002446484
1.0024704,0.0004614538,128,0.0013181638,457.5993282977953,732.6873315748519,1829,6932.744,3.19195,735.27075,0.21145082,9283.254,4.2732363,128,,,,,457.5993282977953,0.0006053916,732.6873315748519,0.0006184831,0.001495114,0.002674316
1.0002402,0.00046104708,0,0.0013197695,457.5985272316383,732.6862068345179,1831,6917.259,3.1880188,735.75146,0.21133074,9262.602,4.2694697,0,,,,,457.5985272316383,0.00060702645,732.6862068345179,0.00062004704,0.0010024968,0.0033139756
0.99997586,0.00046088395,0,0.0013205725,457.5992475040343,732.6873458936499,1832,6915.062,3.1876426,735.6012,0.21149747,9260.153,4.267959,0,,,,,457.5992475040343,0.00060688384,732.6873458936499,0.00062003353,0.0009383133,0.0032986759
0.999946,0.00046090325,8192,0.0013213751,457.5988064453297,732.6866823428543,1833,6914.765,3.1875474,735.1841,0.21155912,9259.877,4.268138,8192,,,,,457.5988064453297,0.0006069584,732.6866823428543,0.00062005344,0.00111034,0.0027739042
1.000722,0.000460911,0,0.0013221778,457.60106561632983,732.6877910615351,1834,6920.485,3.1881576,735.1663,0.2115931,9267.063,4.2682095,0,,,,,457.60106561632983,0.00060626323,732.6877910615351,0.00061913865,0.0017176699,0.0034603563
1.0010246,0.00046108972,0,0.0013229805,457.5982550540831,732.6878191120377,1835,6922.7017,3.188423,735.2716,0.21142119,9269.865,4.2698646,0,,,,,457.5982550540831,0.0006058192,732.6878191120377,0.00061901554,0.0010660379,0.0035806098
1.0003153,0.00046101876,0,0.0013237831,457.59956571266616,732.6881657896083,1836,6917.836,3.1878912,735.6858,0.21138372,9263.297,4.2692075,0,,,,,457.59956571266616,0.000606753,732.6881657896083,0.00061992696,0.0011148091,0.003693178
1.0002,0.0004609342,0,0.0013245855,457.5994523408014,732.6878970335554,1837,6917.06,3.1879272,735.33014,0.21162944,9262.2295,4.2684245,0,,,,,457.5994523408014,0.0006064791,732.6878970335554,0.0006196552,0.0015576434,0.0032133386
1.0000473,0.0004609547,0,0.001325388,457.5988926056324,732.6871882614057,1838,6915.9873,3.1877599,735.3578,0.21144135,9260.815,4.2686143,0,,,,,457.5988926056324,0.0006066213,732.6871882614057,0.00061976095,0.0012010239,0.0034194053
1.0008447,0.00046101012,0,0.0013261903,457.599002015065,732.6868133538555,1839,6921.132,3.1880639,735.56793,0.21163905,9268.199,4.2691274,0,,,,,457.599002015065,0.0006058708,732.6868133538555,0.00061889295,0.0008177787,0.0035123806
0.9988655,0.0004608026,0,0.0013269926,457.59858606625045,732.6873020456338,1840,6907.1143,3.186711,735.2836,0.21148352,9249.871,4.2672057,0,,,,,457.59858606625045,0.0006069559,732.6873020456338,0.0006200711,0.0005247772,0.0033331127
1.0002028,0.00046090965,0,0.0013277949,457.5982864208886,732.6864014870649,1841,6916.668,3.187547,736.3146,0.2114282,9262.255,4.268197,0,,,,,457.5982864208886,0.0006062277,732.6864014870649,0.000619319,0.00097511435,0.0032752962
1.000708,0.0004610755,128,0.0013285971,457.5994226723628,732.6879163933299,1842,6920.3623,3.188763,734.8085,0.21170668,9266.933,4.269733,128,,,,,457.5994226723628,0.0006064196,732.6879163933299,0.00061962206,0.0012220418,0.003162931
1.0010942,0.0004610064,0,0.0013293992,457.600059567922,732.6873371482372,1843,6923.191,3.188448,735.3299,0.21144183,9270.51,4.269093,0,,,,,457.600059567922,0.00060657726,732.6873371482372,0.00061966805,0.0011829283,0.0035383343
1.0008488,0.0004609991,0,0.0013302013,457.59963765046814,732.6858054150204,1844,6921.3667,3.188189,735.8592,0.21164949,9268.237,4.2690253,0,,,,,457.59963765046814,0.00060643477,732.6858054150204,0.0006194414,0.0016234055,0.0032970365
1.0001725,0.00046074085,128,0.0013310033,457.6005654467083,732.6861984264041,1845,6916.8384,3.1884418,735.9627,0.21165673,9261.975,4.266634,128,,,,,457.6005654467083,0.0006060515,732.6861984264041,0.00061900803,0.002206201,0.002679614
1.000607,0.00046097828,0,0.0013318051,457.59954000385017,732.6867441239933,1846,6919.4175,3.1880589,735.7929,0.21138471,9265.998,4.2688327,0,,,,,457.59954000385017,0.00060654583,732.6867441239933,0.00061958516,0.002029318,0.0024470156
1.0005246,0.0004608391,0,0.001332607,457.59901757349394,732.6864281265671,1847,6918.5625,3.188039,735.71185,0.21155599,9265.235,4.267544,0,,,,,457.59901757349394,0.00060685736,732.6864281265671,0.00061986415,0.00170867,0.0021918153
0.99992955,0.0004606754,0,0.0013334089,457.6010937267474,732.6857877568495,1848,6914.5474,3.1875348,736.4465,0.21134837,9259.725,4.266028,0,,,,,457.6010937267474,0.0006066265,732.6857877568495,0.0006195421,0.0018115224,0.0021358184
0.999976,0.0004607528,0,0.0013342106,457.5998619012315,732.6875043936224,1849,6915.2383,3.187677,736.3788,0.21140651,9260.154,4.2667446,0,,,,,457.5998619012315,0.0006066287,732.6875043936224,0.0006197199,0.0020876252,0.0027540873
1.0019578,0.00046100412,0,0.0013350123,457.5999202415478,732.6860306757217,1850,6929.0093,3.1891277,735.98834,0.21156421,9278.507,4.269072,0,,,,,457.5999202415478,0.0006057567,732.6860306757217,0.00061873597,0.0016576921,0.0031280364
0.999997,0.0004606083,0,0.0013358139,457.6013068125644,732.6868768717468,1851,6915.4946,3.1876166,735.4618,0.21155253,9260.35,4.2654066,0,,,,,457.6013068125644,0.00060656405,732.6868768717468,0.0006196014,0.0022740543,0.0026350198
0.9997929,0.00046061873,0,0.0013366154,457.6010999002975,732.6862847565428,1852,6914.1226,3.1875563,736.8425,0.21112521,9258.459,4.265503,0,,,,,457.6010999002975,0.00060672866,732.6862847565428,0.0006197457,0.0020726416,0.0026862936
1.000289,0.00046079492,0,0.0013374169,457.59950806095173,732.6868801265604,1853,6917.2944,3.1878414,735.1394,0.21154433,9263.053,4.2671347,0,,,,,457.59950806095173,0.0006063968,732.6868801265604,0.0006194293,0.0019134621,0.002740474
1.0013719,0.00046097668,0,0.0013382183,457.60092949350826,732.6853122979701,1854,6924.2695,3.1885788,735.7389,0.21173657,9273.081,4.268818,0,,,,,457.60092949350826,0.0006060228,732.6853122979701,0.0006189772,0.0017401985,0.001582618
1.0002022,0.0004606901,0,0.0013390196,457.60066813179367,732.6849752728292,1855,6916.0513,3.1875935,735.85736,0.21147881,9262.249,4.266164,0,,,,,457.60066813179367,0.0006064389,732.6849752728292,0.00061929127,0.0019463476,0.0016885247
0.99974597,0.00046064972,0,0.0013398209,457.6002490851364,732.6861097736821,1856,6913.38,3.187452,735.6318,0.21125042,9258.024,4.26579,0,,,,,457.6002490851364,0.00060676667,732.6861097736821,0.000619735,0.0020560026,0.0019816244
1.0003064,0.0004608251,0,0.0013406222,457.60007140236894,732.687658625224,1857,6917.316,3.187966,735.3028,0.21149501,9263.214,4.267414,0,,,,,457.60007140236894,0.0006068267,732.687658625224,0.00062000245,0.0017769679,0.002984354
1.0003183,0.0004608805,0,0.0013414234,457.600239556402,732.6863575184549,1858,6917.4,3.1878242,735.655,0.21136904,9263.324,4.267927,0,,,,,457.600239556402,0.00060698,732.6863575184549,0.0006200375,0.001525092,0.0027376951
0.9999213,0.00046087627,0,0.0013422244,457.5990522733327,732.6857131796746,1859,6914.537,3.1876073,735.71014,0.21122691,9259.648,4.267888,0,,,,,457.5990522733327,0.00060698786,732.6857131796746,0.0006200381,0.0020941154,0.0023502684
1.0007188,0.00046073415,0,0.0013430255,457.5986515475769,732.6867121276975,1860,6920.1787,3.1881037,735.62463,0.21158916,9267.033,4.266572,0,,,,,457.5986515475769,0.00060647185,732.6867121276975,0.0006195072,0.0015395352,0.0025247734
1.0008609,0.00046085851,0,0.0013438264,457.600242833783,732.6851679394657,1861,6920.6357,3.1880946,736.22064,0.21141616,9268.35,4.2677236,0,,,,,457.600242833783,0.00060630095,732.6851679394657,0.00061920704,0.0020501588,0.00202937
1.0003724,0.00046069658,0,0.0013446274,457.601596404518,732.6860905541182,1862,6917.079,3.1877794,736.5263,0.2113336,9263.825,4.266224,0,,,,,457.601596404518,0.0006066516,732.6860905541182,0.0006195447,0.0016309611,0.0016941262
0.9995912,0.0004608477,0,0.0013454282,457.59897557097906,732.687376764801,1863,6911.775,3.1873498,736.24603,0.21157761,9256.591,4.2676234,0,,,,,457.59897557097906,0.0006064366,732.687376764801,0.0006195868,0.0012977272,0.002380639
1.0003469,0.00046081608,0,0.001346229,457.599188657008,732.6874028702379,1864,6917.351,3.1879108,736.1699,0.21128702,9263.589,4.2673306,0,,,,,457.599188657008,0.0006071952,732.6874028702379,0.00062036375,0.0014857723,0.002236569
1.0000371,0.00046074472,0,0.0013470297,457.6008957802415,732.6856100971885,1865,6915.141,3.1876197,735.2897,0.2116316,9260.721,4.2666698,0,,,,,457.6008957802415,0.00060628477,732.6856100971885,0.0006193751,0.0016230441,0.002041444
1.0003514,0.0004607701,0,0.0013478303,457.60037488156786,732.6857841136855,1866,6917.4204,3.1878326,734.7854,0.2116797,9263.631,4.266905,0,,,,,457.60037488156786,0.0006066859,732.6857841136855,0.0006197105,0.0018394109,0.0019915807
1.0006402,0.00046087318,0,0.0013486309,457.59976313819897,732.6863092277713,1867,6919.2183,3.1880858,734.77704,0.21143615,9266.305,4.2678595,0,,,,,457.59976313819897,0.00060693116,732.6863092277713,0.00061995466,0.0017010131,0.002017269
0.999532,0.00046069833,0,0.0013494315,457.59983743260534,732.6856029197754,1868,6911.3525,3.1872525,735.4833,0.21120983,9256.043,4.26624,0,,,,,457.59983743260534,0.0006073307,732.6856029197754,0.0006203798,0.0018113313,0.001689899
0.9996579,0.0004607504,0,0.0013502318,457.60068440261745,732.6851967712431,1869,6911.6807,3.1872513,734.76965,0.21138209,9257.209,4.266722,0,,,,,457.60068440261745,0.0006074418,732.6851967712431,0.00062039663,0.0017809503,0.0010156721
0.9997004,0.00046056003,0,0.0013510323,457.6005214197763,732.6848309985777,1870,6912.041,3.1870904,734.8149,0.21143112,9257.603,4.2649593,0,,,,,457.6005214197763,0.000607098,732.6848309985777,0.0006200358,0.0018323297,0.0008457099
1.0001858,0.00046065744,0,0.0013518325,457.6000108897741,732.6849768275813,1871,6915.7573,3.1876247,735.11,0.2113975,9262.098,4.2658615,0,,,,,457.6000108897741,0.0006062598,732.6849768275813,0.0006192571,0.001974513,0.0012264261
1.0006256,0.00046086506,0,0.0013526328,457.60011649410785,732.6858070589271,1872,6918.9897,3.1880817,736.0485,0.21154647,9266.17,4.267784,0,,,,,457.60011649410785,0.00060689397,732.6858070589271,0.0006199527,0.0019811,0.0012107219
0.9997561,0.00046044934,0,0.001353433,457.59926902707866,732.6863007832012,1873,6912.9067,3.1873267,734.2915,0.21170631,9258.118,4.2639346,0,,,,,457.59926902707866,0.000606355,732.6863007832012,0.0006194059,0.002016867,0.0012271438
0.9998403,0.00046078148,0,0.0013542331,457.5998962055389,732.6842430001752,1874,6913.3584,3.1873198,734.4923,0.21139191,9258.898,4.26701,0,,,,,457.5998962055389,0.0006062854,732.6842430001752,0.0006190928,0.0019472666,0.0012780634
0.9998299,0.00046078386,0,0.0013550331,457.60162978224514,732.6859386990374,1875,6913.2534,3.1874528,734.5318,0.21117751,9258.802,4.267032,0,,,,,457.60162978224514,0.0006073322,732.6859386990374,0.00062032015,0.0018225883,0.0013806429
1.0010114,0.00046083875,0,0.0013558331,457.60012354897606,732.6863326446738,1876,6921.247,3.1879935,734.22815,0.21147858,9269.742,4.2675405,0,,,,,457.60012354897606,0.0006059303,732.6863326446738,0.0006188344,0.0019964715,0.001228183
1.0005817,0.00046089126,0,0.001356633,457.6007366249127,732.6846286567755,1877,6917.747,3.187837,735.0477,0.21131505,9265.765,4.268027,0,,,,,457.6007366249127,0.0006069092,732.6846286567755,0.0006197833,0.0015930213,0.0008976474
1.0005186,0.0004607408,0,0.0013574329,457.6002620689568,732.6843940414184,1878,6917.4023,3.1878047,734.2118,0.21165256,9265.179,4.2666335,0,,,,,457.6002620689568,0.0006067567,732.6843940414184,0.00061965187,0.0018357722,0.00064359466
1.000026,0.0004606154,0,0.0013582327,457.5995899169923,732.6850043942126,1879,6914.512,3.1873903,733.8844,0.21145529,9260.617,4.2654724,0,,,,,457.5995899169923,0.0006061575,732.6850043942126,0.0006193659,0.0013774907,0.0013476908
1.0005486,0.00046085584,0,0.0013590325,457.5987640730823,732.6854152351148,1880,6918.0337,3.187682,734.16394,0.2110625,9265.457,4.267699,0,,,,,457.5987640730823,0.0006065441,732.6854152351148,0.00061952946,0.0012701887,0.001714472
1.0004183,0.00046066171,0,0.0013598321,457.59831121256457,732.6854188865709,1881,6917.182,3.1876075,734.632,0.21109027,9264.251,4.265901,0,,,,,457.59831121256457,0.0006060568,732.6854188865709,0.0006190679,0.0014862532,0.0016836213
0.9998162,0.0004606512,0,0.0013606317,457.6004842420822,732.6854199063705,1882,6912.991,3.1873193,733.9157,0.2113461,9258.675,4.265804,0,,,,,457.6004842420822,0.0006068684,732.6854199063705,0.00061986863,0.0017465341,0.0013619646
0.9998917,0.00046064606,0,0.0013614312,457.59961285188035,732.6858295227822,1883,6913.459,3.1871333,733.31946,0.21122046,9259.374,4.265756,0,,,,,457.59961285188035,0.000606635,732.6858295227822,0.0006197402,0.0009722082,0.0016511382
1.0004725,0.00046077237,0,0.0013622306,457.60031273862904,732.684627038489,1884,6917.1807,3.1877148,734.7955,0.21146734,9264.753,4.266926,0,,,,,457.60031273862904,0.0006062019,732.684627038489,0.00061917055,0.001641419,0.0012038714
0.9997512,0.00046055784,0,0.00136303,457.60040648704,732.6849404577018,1885,6911.889,3.187251,734.0612,0.21147591,9258.073,4.2649393,0,,,,,457.60040648704,0.0006075826,732.6849404577018,0.00062049436,0.0016945901,0.00069015956
1.0002382,0.0004605868,0,0.0013638294,457.60031231750463,732.684587269427,1886,6915.2783,3.1874146,733.56244,0.21136568,9262.583,4.2652073,0,,,,,457.60031231750463,0.0006068444,732.684587269427,0.000619819,0.0017342663,0.00095260714
1.0006992,0.00046077432,0,0.0013646287,457.59942790505886,732.6852271557367,1887,6918.7563,3.187785,733.964,0.21130887,9266.852,4.266944,0,,,,,457.59942790505886,0.00060641964,732.6852271557367,0.0006194046,0.0014335939,0.0011117604
1.0004,0.00046057973,0,0.0013654279,457.5993360326194,732.6842803629165,1888,6916.7705,3.18751,733.79565,0.21132158,9264.081,4.265142,0,,,,,457.5993360326194,0.00060655945,732.6842803629165,0.00061961845,0.0018575849,0.0011337014
1.0000432,0.00046071288,0,0.0013662269,457.60060923881406,732.6847597487958,1889,6914.224,3.1872892,733.31274,0.21147981,9260.776,4.266375,0,,,,,457.60060923881406,0.0006064968,732.6847597487958,0.00061941583,0.0018420457,0.0008315464
1.0007035,0.0004606454,0,0.001367026,457.6000361680086,732.6861589509476,1890,6918.899,3.1878629,733.5441,0.21158448,9266.892,4.26575,0,,,,,457.6000361680086,0.000607051,732.6861589509476,0.0006201744,0.001906596,0.00087287504
0.9998629,0.00046076556,0,0.001367825,457.59994559135805,732.6852095561555,1891,6913.0483,3.1872778,734.36414,0.2114456,9259.107,4.266863,0,,,,,457.59994559135805,0.0006068286,732.6852095561555,0.00061991264,0.0011553569,0.0011087965
1.0010021,0.00046071995,0,0.0013686239,457.600732259329,732.6852845980674,1892,6920.653,3.1879454,733.5327,0.21146561,9269.656,4.2664404,0,,,,,457.600732259329,0.0006066403,732.6852845980674,0.0006195586,0.0017042287,0.0007824228
0.999905,0.00046058279,0,0.0013694228,457.60032565081747,732.6833730480648,1893,6912.683,3.1873262,733.41156,0.21173629,9259.497,4.26517,0,,,,,457.60032565081747,0.00060703745,732.6833730480648,0.00061997003,0.001399241,0.00017950321
1.0005044,0.00046055755,0,0.0013702215,457.60079454690094,732.6848182905425,1894,6916.841,3.1876118,733.6912,0.21133214,9265.048,4.2649364,0,,,,,457.60079454690094,0.00060655194,732.6848182905425,0.0006195247,0.001887679,-3.8023267e-05
1.0007808,0.00046063447,0,0.0013710202,457.5984854470738,732.6839582444275,1895,6919.172,3.1876917,732.9567,0.21171312,9267.607,4.265649,0,,,,,457.5984854470738,0.00060597796,732.6839582444275,0.0006189964,0.0009999713,0.00034036892
0.9999279,0.0004606964,0,0.001371819,457.5990153696819,732.6843497823859,1896,6913.2437,3.1873765,733.70465,0.21103413,9259.709,4.2662225,0,,,,,457.5990153696819,0.0006070426,732.6843497823859,0.00062004745,0.0008332697,0.0008286364
1.0004274,0.00046078095,0,0.0013726174,457.5995506072767,732.6846893477275,1897,6916.656,3.187522,733.5712,0.21159798,9264.334,4.2670054,0,,,,,457.5995506072767,0.00060649164,732.6846893477275,0.00061951485,0.0011371952,0.000565476
0.9993772,0.0004603728,0,0.001373416,457.60047933815497,732.6843794602845,1898,6909.5312,3.1867845,733.02625,0.21152,9254.609,4.2632256,0,,,,,457.60047933815497,0.00060695346,732.6843794602845,0.0006199606,0.0012904947,0.00062427233
1.0009592,0.00046070115,0,0.0013742144,457.60001986341933,732.6848667384469,1899,6920.393,3.1878614,733.41187,0.21167007,9269.259,4.2662663,0,,,,,457.60001986341933,0.0006062197,732.6848667384469,0.0006191929,0.0012058892,0.0004930732
1.000078,0.00046057356,0,0.0013750128,457.60054014744856,732.6842921742557,1900,6914.181,3.187161,734.09344,0.21104473,9261.099,4.2650847,0,,,,,457.60054014744856,0.0006065825,732.6842921742557,0.00061963184,0.001654849,0.0004036143
1.0012283,0.0004606334,0,0.0013758112,457.59990620397525,732.6831666732184,1901,6921.6123,3.1881084,733.7199,0.21113679,9271.752,4.265639,0,,,,,457.59990620397525,0.0006065533,732.6831666732184,0.0006195132,0.0013245237,-0.00024266183
1.0004117,0.0004605356,0,0.0013766093,457.59985278193665,732.6833181168527,1902,6915.7266,3.1873217,732.7666,0.21158144,9264.189,4.2647333,0,,,,,457.59985278193665,0.00060648646,732.6833181168527,0.0006193817,0.0017549382,-0.0006949799
1.000762,0.00046050147,0,0.0013774076,457.5989110283922,732.6839253518326,1903,6918.552,3.1877472,733.4852,0.21135277,9267.434,4.264417,0,,,,,457.5989110283922,0.0006062572,732.6839253518326,0.00061926414,0.0018599719,-0.00056948274
1.0001438,0.0004607372,0,0.0013782056,457.60011430953,732.684321174819,1904,6914.341,3.1872604,733.1196,0.21134408,9261.708,4.2666,0,,,,,457.60011430953,0.0006068884,732.684321174819,0.0006198931,0.0011405702,0.0002964765
1.0013527,0.00046084292,0,0.0013790036,457.59968292934957,732.6843028597734,1905,6922.695,3.188231,732.89874,0.21139646,9272.903,4.267579,0,,,,,457.59968292934957,0.00060561055,732.6843028597734,0.000618467,0.0012957476,0.00023119038
1.0001764,0.0004606444,0,0.0013798017,457.59960140899454,732.6837774551516,1906,6914.5903,3.187345,732.85,0.21159595,9262.011,4.265741,0,,,,,457.59960140899454,0.00060613797,732.6837774551516,0.0006190405,0.0014085898,0.0002629594
1.0005493,0.00046063674,0,0.0013813974,457.5998261980442,732.6829162811061,1908,6917.2593,3.18771,732.4423,0.21142194,9265.464,4.26567,0,,,,,457.5998261980442,0.00060628966,732.6829162811061,0.0006190919,0.0011761078,0.00011503563
1.0004402,0.0004607138,0,0.0013821952,457.5998783752051,732.6843081942515,1909,6916.3613,3.1874454,732.1578,0.21136236,9264.454,4.2663836,0,,,,,457.5998783752051,0.0006063673,732.6843081942515,0.00061936944,0.00073433993,0.00039760408
1.0002587,0.0004605508,0,0.0013829928,457.5997638091794,732.6831641687648,1910,6914.5005,3.1872294,732.8672,0.21149088,9262.772,4.264874,0,,,,,457.5997638091794,0.000607001,732.6831641687648,0.00061995763,0.0014357796,-0.000655175
1.000103,0.00046055595,0,0.0013837904,457.59940722585725,732.6826982427821,1911,6913.485,3.187135,732.7111,0.21138681,9261.331,4.2649217,0,,,,,457.59940722585725,0.0006062808,732.6826982427821,0.00061915704,0.0009961529,-0.00014476734
0.9997488,0.00046038057,0,0.001384588,457.6001731947855,732.6845156744778,1912,6911.2837,3.186973,733.0262,0.21144776,9258.051,4.2632976,0,,,,,457.6001731947855,0.00060673576,732.6845156744778,0.0006197297,0.001257379,-0.00020324643
1.0003438,0.00046046625,0,0.0013853854,457.60099064693566,732.683519446105,1913,6915.499,3.1873758,733.15564,0.21125576,9263.561,4.264091,0,,,,,457.60099064693566,0.00060655,732.683519446105,0.0006193941,0.0014652752,-0.00013419442
1.0003003,0.00046042778,0,0.0013861828,457.59870470838666,732.6850505689389,1914,6915.2695,3.1872041,732.78864,0.21133499,9263.158,4.263735,0,,,,,457.59870470838666,0.0006063541,732.6850505689389,0.0006194489,0.0010037766,7.200516e-05
1.0011889,0.00046078744,8192,0.0013869802,457.5984265390466,732.6839215537639,1915,6921.393,3.1879184,732.4491,0.2110489,9271.387,4.2670655,8192,,,,,457.5984265390466,0.00060606963,732.6839215537639,0.0006190002,0.00025581705,0.00087606563
0.99984753,0.00046072536,0,0.0013877775,457.5996876493485,732.6857024269461,1916,6912.0566,3.1870797,732.42633,0.21141511,9258.965,4.2664905,0,,,,,457.5996876493485,0.0006070722,732.6857024269461,0.0006201964,0.00037219434,0.0007148111
0.9997066,0.00046079472,0,0.0013885747,457.59866879467137,732.6842845222922,1917,6911.0503,3.1868362,732.3934,0.21128854,9257.66,4.2671328,0,,,,,457.59866879467137,0.00060676975,732.6842845222922,0.00061979616,0.00031540933,0.0010452498
1.0011001,0.0004607982,0,0.0013893718,457.59794607126423,732.6859531361787,1918,6920.7236,3.1877773,732.1088,0.21133007,9270.563,4.267165,0,,,,,457.59794607126423,0.0006059996,732.6859531361787,0.0006190911,7.859164e-05,0.0006373971
0.9999375,0.00046070127,0,0.0013901689,457.5986756128292,732.685156198254,1919,6912.0444,3.1869798,733.15985,0.21134177,9259.798,4.2662673,0,,,,,457.5986756128292,0.0006065106,732.685156198254,0.00061961164,8.058703e-05,0.00028764957
0.99954474,0.00046062566,0,0.0013909659,457.59867419547254,732.6843636904732,1920,6909.1846,3.186731,732.54675,0.21118334,9256.161,4.2655673,0,,,,,457.59867419547254,0.0006069356,732.6843636904732,0.00061992626,0.0002735035,-0.00046291374
1.0003762,0.0004606229,0,0.0013917629,457.5986423822875,732.6853333489744,1921,6915.363,3.187409,732.9029,0.21129043,9263.861,4.2655416,0,,,,,457.5986423822875,0.0006066003,732.6853333489744,0.00061966444,0.0006593472,-0.00018513465
0.99952406,0.0004606968,0,0.0013925597,457.59908439181226,732.6832533998574,1922,6909.4644,3.1866972,732.83636,0.21131441,9255.97,4.2662263,0,,,,,457.59908439181226,0.0006071738,732.6832533998574,0.0006200765,0.0004372849,-0.0002996602
1.000802,0.00046070578,0,0.0013933565,457.59787935242923,732.6854229615744,1923,6918.356,3.1877296,732.4253,0.21136023,9267.805,4.2663093,0,,,,,457.59787935242923,0.0006058006,732.6854229615744,0.0006188659,0.0005019422,0.0001443845
1.0002908,0.0004606405,0,0.0013941532,457.5997063910857,732.6847287892995,1924,6914.8345,3.1871493,732.84796,0.21125557,9263.069,4.2657046,0,,,,,457.5997063910857,0.0006067166,732.6847287892995,0.0006197244,0.0,0.0
1.0002567,0.000460815,0,0.0013949499,457.59889744199046,732.6845102431947,1925,6914.5205,3.187253,731.5644,0.2116717,9262.754,4.2673206,0,,,,,457.59889744199046,0.00060698047,732.6845102431947,0.00061999843,-8.617548e-05,0.0003792786
1.0012476,0.00046073482,0,0.0013957464,457.5981969478639,732.682686807696,1926,6921.403,3.1878176,732.6929,0.21130732,9271.931,4.266578,0,,,,,457.5981969478639,0.0006057044,732.682686807696,0.00061870087,0.00056391367,-0.00046581088
0.999297,0.00046072545,0,0.0013965429,457.59941424836256,732.683947559903,1927,6907.724,3.1865697,732.3625,0.21128908,9253.867,4.2664914,0,,,,,457.59941424836256,0.0006069085,732.683947559903,0.00061987696,0.0003659057,-0.00025194723
1.000326,0.00046067222,0,0.0013973393,457.5993795430702,732.6837471618603,1928,6914.627,3.1872113,731.672,0.21119165,9263.396,4.2659984,0,,,,,457.5993795430702,0.00060650596,732.6837471618603,0.0006194951,0.00038572904,-0.00096591935
1.0000587,0.00046067082,0,0.0013981357,457.5988457080788,732.682940183435,1929,6912.2524,3.186835,732.4847,0.21134815,9260.92,4.2659855,0,,,,,457.5988457080788,0.0006068255,732.682940183435,0.0006197258,0.0007728258,-0.0014186708
1.0002251,0.00046077248,0,0.001398932,457.5987764828474,732.6829708172262,1930,6913.5117,3.1869583,731.8841,0.21122271,9262.461,4.266927,0,,,,,457.5987764828474,0.00060680544,732.6829708172262,0.00061972375,0.00045123624,-0.0014712936
0.9995487,0.000460683,0,0.0013997282,457.6003410817531,732.6848099213096,1931,6909.2725,3.186573,731.9975,0.21135451,9256.197,4.266098,0,,,,,457.6003410817531,0.00060706545,732.6848099213096,0.0006200302,0.00042129937,-0.00058986706
1.0006169,0.00046054766,0,0.0014005244,457.5993079023639,732.6826223463636,1932,6916.664,3.1873832,733.062,0.21129216,9266.09,4.264845,0,,,,,457.5993079023639,0.000606709,732.6826223463636,0.0006194406,0.00035818745,-0.0010138323
1.0007987,0.00046053232,0,0.0014013204,457.5988571012891,732.6826456914051,1933,6917.933,3.1875515,732.10785,0.21131226,9267.773,4.264703,0,,,,,457.5988571012891,0.00060591643,732.6826456914051,0.00061885687,0.0010392619,-0.001099465
1.0008012,0.00046046372,0,0.0014021165,457.5995143106133,732.6809407427244,1934,6917.9224,3.1875658,732.5876,0.21127306,9267.796,4.2640676,0,,,,,457.5995143106133,0.0006060328,732.6809407427244,0.0006188133,0.00086390105,-0.0015722197
1.000628,0.00046063436,128,0.0014029124,457.59860123267225,732.6826185786869,1935,6916.656,3.188174,732.4456,0.21119839,9266.192,4.265648,128,,,,,457.59860123267225,0.00060638454,732.6826185786869,0.0006193162,0.0012113543,-0.0015939542
1.0000488,0.00046070156,128,0.0014037082,457.59842972056003,732.6838388544933,1936,6912.585,3.1878207,734.05206,0.21119305,9260.828,4.26627,128,,,,,457.59842972056003,0.00060654024,732.6838388544933,0.0006195566,0.00062985753,-0.001470321
1.0002058,0.00046058279,0,0.0014045041,457.59885956640574,732.6834899861877,1937,6913.7646,3.1872523,732.8212,0.2113349,9262.282,4.26517,0,,,,,457.59885956640574,0.00060666096,732.6834899861877,0.00061966263,0.0005653713,-0.001120102
0.99967796,0.0004606083,0,0.0014052998,457.6002447828756,732.6840626458886,1938,6910.015,3.1868126,732.75165,0.21113531,9257.395,4.2654066,0,,,,,457.6002447828756,0.0006069702,732.6840626458886,0.00062000647,0.0007482231,-0.0014928498
1.0001531,0.00046069713,0,0.0014060955,457.60010141551925,732.6825183808223,1939,6912.7305,3.1871731,733.2045,0.2110361,9261.794,4.266229,0,,,,,457.60010141551925,0.0006068602,732.6825183808223,0.0006196932,0.0008966359,-0.0021450473
0.9994892,0.00046054914,0,0.001406891,457.5988031925836,732.6820541734269,1940,6907.8975,3.186578,733.4252,0.21140286,9255.646,4.2648587,0,,,,,457.5988031925836,0.00060712406,732.6820541734269,0.00062003266,0.00094691885,-0.0027381196
1.0002669,0.0004604471,0,0.0014076865,457.6003483547439,732.6835331037486,1941,6913.7397,3.1872337,732.87555,0.2113162,9262.849,4.2639136,0,,,,,457.6003483547439,0.0006066209,732.6835331037486,0.00061953644,0.00085850625,-0.0022635115
1.0000306,0.00046054667,0,0.001408482,457.59961555372945,732.6827731341514,1942,6912.1895,3.1870782,733.4396,0.21113893,9260.661,4.264836,0,,,,,457.59961555372945,0.000606841,732.6827731341514,0.0006197599,0.00088841235,-0.0020884143
1.0006974,0.0004608703,0,0.0014092773,457.5983900259294,732.6835233349111,1943,6916.815,3.1878037,735.52594,0.21165465,9266.835,4.2678328,0,,,,,457.5983900259294,0.0006062391,732.6835233349111,0.00061929936,0.0004829823,-0.0015978969
1.0005375,0.00046052632,0,0.0014100726,457.59924731056867,732.6828234695276,1944,6915.743,3.187361,733.0143,0.21122651,9265.3545,4.2646475,0,,,,,457.59924731056867,0.00060671667,732.6828234695276,0.00061970274,0.0008163634,-0.001896348
1.0005085,0.0004606648,0,0.0014108678,457.5994107753629,732.6832131314491,1945,6915.4307,3.1873457,732.96796,0.2114988,9265.086,4.2659297,0,,,,,457.5994107753629,0.0006064642,732.6832131314491,0.0006193071,0.00089436484,-0.0023852563
0.9998041,0.00046050275,0,0.001411663,457.6002322659929,732.6821623071875,1946,6910.642,3.1867924,732.5565,0.2113461,9258.5625,4.264429,0,,,,,457.6002322659929,0.0006069418,732.6821623071875,0.0006197722,0.0012992753,-0.0025032258
0.9997512,0.00046059894,0,0.001412458,457.60030139017033,732.6831999062886,1947,6910.212,3.1868532,731.83527,0.21149485,9258.073,4.26532,0,,,,,457.60030139017033,0.0006070196,732.6831999062886,0.0006199619,0.00055679,-0.0015671923
1.0006695,0.00046053616,0,0.001413253,457.60052810727086,732.6808181710386,1948,6916.462,3.1872756,732.9263,0.21141629,9266.576,4.2647386,0,,,,,457.60052810727086,0.00060618203,732.6808181710386,0.000618931,0.0011396281,-0.0030884016
1.0012454,0.00046084833,128,0.001414048,457.599287205491,732.6809526655896,1949,6920.423,3.1884334,732.3161,0.2112749,9271.91,4.267629,128,,,,,457.599287205491,0.0006061467,732.6809526655896,0.0006188931,0.0010252596,-0.002789477
1.0003083,0.0004606011,0,0.0014148429,457.59858549155126,732.6815603355788,1950,6913.8003,3.1873157,733.3139,0.21110143,9263.231,4.26534,0,,,,,457.59858549155126,0.0006068847,732.6815603355788,0.000619757,0.00044575825,-0.002555533
0.99957323,0.00046057967,0,0.0014156377,457.59924850117557,732.6819825989256,1951,6908.636,3.1866496,732.81445,0.21128586,9256.425,4.2651415,0,,,,,457.59924850117557,0.000607043,732.6819825989256,0.0006200032,0.0008945408,-0.0027800545
0.99952143,0.00046066727,0,0.0014164323,457.5998253920769,732.6807642116767,1952,6907.712,3.1868024,732.4927,0.21146739,9255.945,4.2659526,0,,,,,457.5998253920769,0.0006069107,732.6807642116767,0.00061970775,0.000951921,-0.0034621481
0.99977666,0.0004605886,0,0.001417227,457.59885780035347,732.6825347249336,1953,6909.6094,3.1867445,732.6675,0.2117857,9258.309,4.265224,0,,,,,457.59885780035347,0.0006068751,732.6825347249336,0.00061975064,0.0006484274,-0.002988743
1.0001333,0.0004607664,0,0.0014180215,457.59829868263745,732.6825627911734,1954,6912.3784,3.1871011,732.4649,0.21187228,9261.611,4.2668705,0,,,,,457.59829868263745,0.00060666783,732.6825627911734,0.0006197002,0.00084982626,-0.0030416753
1.000612,0.00046077438,0,0.001418816,457.5992116194324,732.682290223418,1955,6915.703,3.1872463,732.4975,0.211361,9266.045,4.2669444,0,,,,,457.5992116194324,0.0006067702,732.682290223418,0.0006197555,0.0006967211,-0.0028587654
0.9995147,0.0004603526,0,0.0014196105,457.5999497350889,732.6809520069401,1956,6908.126,3.1865976,731.82074,0.21132942,9255.883,4.2630386,0,,,,,457.5999497350889,0.00060741307,732.6809520069401,0.0006202418,0.0012350588,-0.0034127394
0.9992227,0.00046058928,0,0.0014204049,457.6000218480157,732.6806333666635,1957,6906.0547,3.1863673,733.1418,0.21133663,9253.179,4.26523,0,,,,,457.6000218480157,0.000607394,732.6806333666635,0.0006202065,0.0009967228,-0.0032132317
1.0006505,0.0004606696,0,0.0014211991,457.5982281377193,732.6820847022168,1958,6915.945,3.1873221,732.9628,0.21125223,9266.401,4.265974,0,,,,,457.5982281377193,0.0006068636,732.6820847022168,0.0006196497,0.00051544135,-0.0030600415
0.9995688,0.00046054734,0,0.0014219934,457.59865363760747,732.6820332366428,1959,6908.4785,3.1866436,732.4389,0.21136218,9256.384,4.264842,0,,,,,457.59865363760747,0.0006070798,732.6820332366428,0.0006199921,0.00060584006,-0.0030055712
1.0003356,0.0004608043,0,0.0014227874,457.5981665330002,732.6819066846706,1960,6913.7124,3.1872191,732.1476,0.21146883,9263.484,4.2672215,0,,,,,457.5981665330002,0.00060713926,732.6819066846706,0.0006201142,0.0006132799,-0.0029847422
0.9994152,0.00046069323,0,0.0014235815,457.59817673493916,732.6820439817088,1961,6907.2695,3.186533,731.748,0.21137989,9254.962,4.266193,0,,,,,457.59817673493916,0.00060715416,732.6820439817088,0.0006201105,0.0002185725,-0.0023878466
1.0002863,0.0004606476,0,0.0014243755,457.59816627727724,732.6816946546608,1962,6913.241,3.1870453,731.9589,0.21138713,9263.028,4.2657704,0,,,,,457.59816627727724,0.0006065583,732.6816946546608,0.0006195293,0.00053764676,-0.0026307302
0.9996155,0.0004606112,0,0.0014251694,457.5997242530807,732.6819548528698,1963,6908.662,3.1865835,731.64795,0.21132879,9256.816,4.2654333,0,,,,,457.5997242530807,0.0006067991,732.6819548528698,0.00061977323,0.00071680755,-0.002891321
1.0005082,0.0004607901,0,0.0014259632,457.59870243894375,732.6818149053842,1964,6914.7437,3.1871316,731.69617,0.21157333,9265.083,4.26709,0,,,,,457.59870243894375,0.0006073184,732.6818149053842,0.0006202792,-0.00012073786,-0.0023245993
1.0005449,0.0004606405,0,0.001426757,457.5991909766251,732.6815924757867,1965,6914.893,3.1871462,732.04706,0.211038,9265.423,4.2657046,0,,,,,457.5991909766251,0.00060700165,732.6815924757867,0.00061993796,0.0005960382,-0.0031710488
1.0005639,0.00046074457,0,0.0014275507,457.59941173607876,732.6818270654884,1966,6915.021,3.1873407,731.32733,0.21143213,9265.599,4.2666683,0,,,,,457.59941173607876,0.000607453,732.6818270654884,0.0006203078,0.000656222,-0.0033686715
0.9987425,0.00046056855,0,0.0014283443,457.59944384678,732.6823866374499,1967,6902.151,3.1859236,732.0704,0.21137652,9248.732,4.2650385,0,,,,,457.59944384678,0.00060815574,732.6823866374499,0.0006211467,0.00024599646,-0.003240652
0.99937695,0.0004604771,0,0.0014291378,457.5996252324595,732.6819416495302,1968,6906.2153,3.1864054,732.9552,0.21131101,9254.607,4.2641916,0,,,,,457.5996252324595,0.0006076955,732.6819416495302,0.00062069553,0.00017100689,-0.0035730563
1.0006992,0.00046073148,0,0.0014299313,457.59947031607174,732.6813165223055,1969,6915.5806,3.1873116,731.3137,0.21132146,9266.852,4.266547,0,,,,,457.59947031607174,0.0006073646,732.6813165223055,0.00062027056,0.0005466099,-0.0037704878
0.99961084,0.00046045313,0,0.0014307247,457.59878132115864,732.6820366997758,1970,6908.331,3.186524,732.1899,0.21130627,9256.773,4.2639694,0,,,,,457.59878132115864,0.0006072212,732.6820366997758,0.0006201549,0.00052324956,-0.0034148844
0.9989691,0.0004604832,0,0.001431518,457.59758537719756,732.6825881127816,1971,6903.8564,3.1860993,732.0686,0.21128532,9250.83,4.264248,0,,,,,457.59758537719756,0.0006077262,732.6825881127816,0.0006207424,0.00013360896,-0.0030838985
0.99943876,0.00046073855,8192,0.0014323113,457.59963403916026,732.6806131925474,1972,6906.996,3.186507,731.57465,0.21115224,9255.18,4.2666125,8192,,,,,457.59963403916026,0.0006074771,732.6806131925474,0.0006204267,0.00053838716,-0.0033964505
1.0002043,0.000460703,0,0.0014331044,457.6000590375693,732.6815636640549,1973,6912.328,3.1870062,732.1526,0.21145953,9262.269,4.2662835,0,,,,,457.6000590375693,0.00060713076,732.6815636640549,0.0006199413,0.0002032699,-0.0035277626
0.99923193,0.0004606544,0,0.0014338975,457.59960814717044,732.6814801123202,1974,6905.5405,3.1862729,732.3942,0.21129598,9253.265,4.2658334,0,,,,,457.59960814717044,0.0006078107,732.6814801123202,0.0006207189,0.00035260565,-0.0035978297
1.0023552,0.00046125727,128,0.0014346906,457.5998800718342,732.6793160906678,1975,6927.28,3.1933575,732.83246,0.21162194,9282.1875,4.271416,128,,,,,457.5998800718342,0.0006059553,732.6793160906678,0.0006188957,-7.075671e-05,-0.003355795
1.00043,0.0004607251,0,0.0014362764,457.59932683444083,732.6808194374778,1977,6913.749,3.1871037,732.0357,0.21150245,9264.358,4.266488,0,,,,,457.59932683444083,0.00060674746,732.6808194374778,0.0006195686,0.00019525122,-0.0035612267
0.9993757,0.00046072772,0,0.0014370691,457.5993633915357,732.6814899393418,1978,6906.1304,3.1864908,732.61224,0.21138507,9254.596,4.2665124,0,,,,,457.5993633915357,0.00060681574,732.6814899393418,0.0006196112,0.00044166573,-0.0037575231
1.0004778,0.00046046948,0,0.0014378618,457.6001486624474,732.6802327829602,1979,6913.491,3.1871426,732.37146,0.21162553,9264.802,4.264121,0,,,,,457.6001486624474,0.00060672016,732.6802327829602,0.000619596,0.00014314911,-0.004358595
0.99972266,0.0004607069,0,0.0014386545,457.5980433751066,732.6792840651954,1980,6908.075,3.186629,732.1966,0.21143624,9257.809,4.2663198,0,,,,,457.5980433751066,0.0006071296,732.6792840651954,0.00061976747,-3.016022e-05,-0.003969987
0.99986494,0.0004605739,0,0.001439447,457.59938365953843,732.6798600303057,1981,6909.627,3.186824,732.23114,0.2112451,9259.126,4.265088,0,,,,,457.59938365953843,0.00060697907,732.6798600303057,0.00061976456,0.00042444665,-0.0043550413
1.0005846,0.0004606042,0,0.0014402396,457.59923761689777,732.6802258363257,1982,6914.57,3.1871552,732.34656,0.2112495,9265.791,4.2653685,0,,,,,457.59923761689777,0.00060648023,732.6802258363257,0.0006192983,0.001104678,-0.0045200414
1.0000168,0.000460502,0,0.001441032,457.60277478294194,732.6812719564493,1983,6910.7715,3.1867826,731.7518,0.21170658,9260.532,4.264422,0,,,,,457.60277478294194,0.000608037,732.6812719564493,0.0006192951,0.00071912666,-0.004323725
1.000776,0.00046077042,0,0.0014418244,457.600195543277,732.6811173713791,1984,6915.991,3.1872995,733.1365,0.21108912,9267.563,4.2669077,0,,,,,457.600195543277,0.0006071541,732.6811173713791,0.000620042,0.00061215955,-0.0042922646
0.9998303,0.0004605417,0,0.0014426166,457.6003491307582,732.680251777499,1985,6909.049,3.1867087,732.3071,0.2113836,9258.806,4.2647896,0,,,,,457.6003491307582,0.0006073599,732.680251777499,0.0006201059,0.00080385915,-0.005173311
1.0005183,0.0004606093,0,0.0014434088,457.5993055855555,732.6785025097731,1986,6913.5127,3.1871424,731.8125,0.21134987,9265.177,4.2654157,0,,,,,457.5993055855555,0.00060646556,732.6785025097731,0.0006192273,0.0010120857,-0.005461041
1.0002648,0.00046028555,0,0.001444201,457.5996508384575,732.6784173512765,1987,6911.931,3.1868055,732.0481,0.21138106,9262.829,4.262418,0,,,,,457.5996508384575,0.00060641376,732.6784173512765,0.0006191955,0.0011946311,-0.005378988
1.0002079,0.00046058508,0,0.001444993,457.5983975912501,732.68072035787,1988,6911.7744,3.186837,732.3911,0.21123761,9262.302,4.2651916,0,,,,,457.5983975912501,0.0006066744,732.68072035787,0.00061947654,0.0009642871,-0.004433961
1.000507,0.00046054705,0,0.0014457849,457.60015578696925,732.6801810040183,1989,6914.0044,3.1871092,731.5911,0.211387,9265.072,4.264839,0,,,,,457.60015578696925,0.00060682313,732.6801810040183,0.00061947835,0.0007423674,-0.0044843964
1.0002486,0.0004605306,0,0.0014465768,457.5993049775975,732.679725825554,1990,6912.192,3.1867998,731.7331,0.21125889,9262.679,4.264687,0,,,,,457.5993049775975,0.0006064384,732.679725825554,0.0006191608,0.001178187,-0.0046193684
1.0011426,0.00046067365,0,0.0014473686,457.5996157195083,732.679781324224,1991,6918.2554,3.1874259,731.4513,0.21123187,9270.958,4.2660117,0,,,,,457.5996157195083,0.0006065566,732.679781324224,0.00061936595,0.0006575646,-0.0046967287
0.9999827,0.0004604469,0,0.0014481604,457.5980561381186,732.6805560854807,1992,6909.9976,3.1866899,732.19104,0.21112521,9260.217,4.2639117,0,,,,,457.5980561381186,0.00060687406,732.6805560854807,0.0006197147,0.00019138546,-0.0044063507
0.9996648,0.0004605026,0,0.001448952,457.5987936626033,732.6802499108082,1993,6907.403,3.1864123,730.57764,0.21158119,9257.272,4.2644277,0,,,,,457.5987936626033,0.00060687953,732.6802499108082,0.00061968365,0.0004133486,-0.005305752
1.0000563,0.00046049137,0,0.0014497436,457.5996384428297,732.6794475022984,1994,6910.2847,3.1866856,731.25226,0.21148169,9260.898,4.2643237,0,,,,,457.5996384428297,0.00060702587,732.6794475022984,0.00061982207,0.0005935427,-0.0052095456
1.0001277,0.00046056876,0,0.0014505351,457.59767367764005,732.6791262036902,1995,6911.0796,3.1868136,731.25146,0.21149798,9261.56,4.2650404,0,,,,,457.59767367764005,0.0006063871,732.6791262036902,0.0006192251,-0.0008739095,-0.004038129
0.9988977,0.0004604575,0,0.0014513265,457.5985005519117,732.6808325688492,1996,6902.6357,3.186016,730.9082,0.21153384,9250.169,4.26401,0,,,,,457.5985005519117,0.00060722756,732.6808325688492,0.0006197222,-0.00085267425,-0.0038629274
1.0002729,0.00046065697,0,0.0014521179,457.59723611309414,732.6813456621749,1997,6912.018,3.186917,731.377,0.21141183,9262.904,4.265857,0,,,,,457.59723611309414,0.00060655497,732.6813456621749,0.0006195813,-0.0010813465,-0.003898036
1.000653,0.000460658,0,0.0014529092,457.5988258467671,732.6808473342854,1998,6914.44,3.1869812,731.7831,0.21144652,9266.424,4.2658668,0,,,,,457.5988258467671,0.0006067905,732.6808473342854,0.00061976246,-0.0012756274,-0.0033501515
1.0002844,0.00046080296,0,0.0014537005,457.59679828292224,732.6806601312489,1999,6911.2314,3.1867998,731.12946,0.21148193,9263.011,4.267209,0,,,,,457.59679828292224,0.00060620846,732.6806601312489,0.00061915524,-0.0011622168,-0.004261513
1.0001588,0.00046064935,0,0.0014544915,457.59889423092454,732.6801019136781,2000,6910.3433,3.1866083,730.9505,0.21153836,9261.848,4.2657866,0,,,,,457.59889423092454,0.00060627784,732.6801019136781,0.0006190959,-0.00081199984,-0.0043114377
0.99890894,0.00046045714,0,0.0014552826,457.59835464525884,732.6813543688661,2001,6902.2363,3.185911,731.8242,0.2109219,9250.273,4.2640066,0,,,,,457.59835464525884,0.00060717884,732.6813543688661,0.000620119,-0.0011825794,-0.0039207293
0.9998763,0.00046067918,0,0.0014560736,457.59742616110395,732.6820375699541,2002,6909.2476,3.1865447,730.26587,0.21140695,9259.231,4.2660627,0,,,,,457.59742616110395,0.0006067119,732.6820375699541,0.0006197496,-0.00055741443,-0.0040779584
0.999929,0.00046035694,0,0.0014568645,457.59877165389935,732.6815746305051,2003,6909.553,3.1864002,730.2496,0.21122126,9259.72,4.2630787,0,,,,,457.59877165389935,0.0006069371,732.6815746305051,0.0006199397,-0.0008649597,-0.0043255338
1.0004628,0.00046082833,0,0.0014576553,457.59876782888136,732.6806456619083,2004,6913.1562,3.186841,731.01825,0.2110978,9264.662,4.267444,0,,,,,457.59876782888136,0.0006067565,732.6806456619083,0.00061958976,-0.0008024758,-0.003897165
1.0007745,0.00046074807,8192,0.001458446,457.5973853327549,732.6798476242977,2005,6915.3027,3.1870384,731.2304,0.21161659,9267.549,4.2667007,8192,,,,,457.5973853327549,0.00060617493,732.6798476242977,0.00061899883,-0.00063095003,-0.004481
0.99988824,0.00046058634,0,0.0014592367,457.597822205073,732.6781648212996,2006,6908.697,3.1864164,730.7126,0.21120906,9259.342,4.265203,0,,,,,457.597822205073,0.0006065285,732.6781648212996,0.000619343,-0.0006877394,-0.004799636
1.0007147,0.0004606612,0,0.0014600273,457.5994631241099,732.6791867906182,2007,6914.0825,3.1868646,730.3463,0.2116166,9266.995,4.2658963,0,,,,,457.5994631241099,0.0006063105,732.6791867906182,0.00061905273,-0.000817045,-0.0054649552
0.99973595,0.00046060543,0,0.0014608178,457.59780988202624,732.6794218439675,2008,6907.781,3.1863482,730.368,0.21134536,9257.932,4.26538,0,,,,,457.59780988202624,0.0006068241,732.6794218439675,0.00061966747,-0.0008708126,-0.004612993
1.000072,0.0004604873,0,0.0014616082,457.5986179287572,732.6793932019978,2009,6910.403,3.1865466,729.7064,0.21165526,9261.044,4.264286,0,,,,,457.5986179287572,0.0006071754,732.6793932019978,0.00062006165,-0.00096871913,-0.0044379383
1.0009664,0.00046079903,0,0.0014623986,457.5983319497701,732.6802262091018,2010,6916.431,3.187131,730.4427,0.21130806,9269.326,4.267173,0,,,,,457.5983319497701,0.000606628,732.6802262091018,0.0006195106,-0.0007469742,-0.0044787326
1.0000682,0.0004606138,0,0.0014631889,457.5978851735862,732.680952980696,2011,6910.1997,3.186518,730.67053,0.21101424,9261.009,4.2654576,0,,,,,457.5978851735862,0.00060682755,732.680952980696,0.00061976584,-0.00039471363,-0.0050802813
0.9999046,0.00046058596,0,0.001463979,457.5989139354782,732.6788902723654,2012,6909.0493,3.186422,729.90247,0.21140365,9259.493,4.2651997,0,,,,,457.5989139354782,0.0006065045,732.6788902723654,0.0006192493,7.123521e-05,-0.005379748
0.9999154,0.00046065229,0,0.0014647692,457.59943302156796,732.6791592369967,2013,6908.515,3.1862555,730.6721,0.2112553,9259.594,4.265814,0,,,,,457.59943302156796,0.00060703495,732.6791592369967,0.00061976607,-4.357729e-06,-0.0059306114
1.0001444,0.00046068575,0,0.0014655592,457.598434814554,732.6782893616481,2014,6909.9453,3.1864414,730.1178,0.2114467,9261.714,4.266124,0,,,,,457.598434814554,0.00060712436,732.6782893616481,0.00061991555,-0.00037163397,-0.005945875
1.0001104,0.00046022944,0,0.0014663492,457.5974008911845,732.6784025968176,2015,6909.9487,3.1864512,730.47125,0.21123803,9261.399,4.261898,0,,,,,457.5974008911845,0.00060691935,732.6784025968176,0.0006197803,-0.00038315973,-0.0061629233
1.0017353,0.0004609373,0,0.0014671391,457.598741790221,732.6811042583529,2016,6921.325,3.187628,730.6306,0.21122748,9276.447,4.268453,0,,,,,457.598741790221,0.00060570013,732.6811042583529,0.00061864994,-0.00094414596,-0.004921811
0.9999655,0.00046051253,0,0.0014679289,457.59846366560834,732.6791591895815,2017,6909.2793,3.1864552,730.3313,0.21153668,9260.058,4.2645197,0,,,,,457.59846366560834,0.00060664007,732.6791591895815,0.00061936525,-0.0006661034,-0.005424691
1.0007836,0.0004606415,0,0.0014687186,457.5995720350885,732.6796627581076,2018,6914.9473,3.1869588,729.62024,0.21146668,9267.633,4.2657137,0,,,,,457.5995720350885,0.00060611195,732.6796627581076,0.00061890914,-0.00028060254,-0.005344702
1.0002084,0.00046065086,0,0.0014695083,457.5976556520335,732.6797774509973,2019,6910.8516,3.1864393,729.62317,0.21138847,9262.307,4.2658005,0,,,,,457.5976556520335,0.0006062145,732.6797774509973,0.00061908306,-0.00045429968,-0.0052800654
0.99977684,0.00046075677,0,0.0014702978,457.5980718729086,732.6793850036485,2020,6907.32,3.1861968,729.7087,0.21135183,9258.311,4.2667813,0,,,,,457.5980718729086,0.0006069644,732.6793850036485,0.0006198051,-0.00014796884,-0.0058632884
1.0005019,0.0004606725,0,0.0014710873,457.59812963020534,732.6788206938952,2021,6912.044,3.1864817,729.93414,0.2114922,9265.024,4.266001,0,,,,,457.59812963020534,0.0006064156,732.6788206938952,0.0006191943,-0.00069181394,-0.0062463433
1.0007781,0.00046077324,0,0.0014718767,457.598805453292,732.6794879512461,2022,6914.145,3.1866944,729.823,0.21139237,9267.582,4.266934,0,,,,,457.598805453292,0.0006062608,732.6794879512461,0.0006190442,-0.00057292636,-0.0057447883
1.0003977,0.0004606881,0,0.0014726662,457.59740198794543,732.6788224707076,2023,6911.8154,3.186557,729.53986,0.2112248,9264.06,4.2661457,0,,,,,457.59740198794543,0.00060660375,732.6788224707076,0.00061944633,-0.0010283268,-0.0052323844
1.0005009,0.0004606243,0,0.0014734553,457.59922947439054,732.6791054114871,2024,6912.6,3.186707,729.82556,0.21094292,9265.016,4.2655544,0,,,,,457.59922947439054,0.0006065955,732.6791054114871,0.0006193705,-0.0005910123,-0.0054795444
1.0008872,0.00046060843,0,0.0014742445,457.5967431386606,732.6794999922688,2025,6915.2964,3.1869226,729.5104,0.2112751,9268.592,4.2654076,0,,,,,457.5967431386606,0.0006061783,732.6794999922688,0.0006190926,-0.0011519861,-0.005306572
0.999555,0.00046052932,0,0.0014750337,457.59652336176134,732.6792590267712,2026,6906.05,3.186052,730.4609,0.21149004,9256.256,4.264675,0,,,,,457.59652336176134,0.00060697785,732.6792590267712,0.0006198578,-0.001396383,-0.0050837668
0.9994755,0.0004604782,0,0.0014758226,457.59782031977807,732.6790151334484,2027,6905.2783,3.1860137,730.1012,0.21119958,9255.52,4.2642016,0,,,,,457.59782031977807,0.00060735445,732.6790151334484,0.0006202319,-0.0007589587,-0.00613027
0.9998706,0.00046065263,0,0.0014766116,457.59794278719255,732.6805526806133,2028,6907.5,3.1861458,729.639,0.21136868,9259.179,4.265817,0,,,,,457.59794278719255,0.00060708297,732.6805526806133,0.0006199469,-0.0011955237,-0.006250271
1.0007452,0.00046068788,0,0.0014774005,457.5980111841907,732.6783169280209,2029,6913.537,3.1865962,729.44025,0.21140683,9267.277,4.2661433,0,,,,,457.5980111841907,0.00060643227,732.6783169280209,0.00061924185,-0.0011258605,-0.0067213634
1.0001068,0.00046059687,0,0.0014781893,457.59668003866244,732.6798454399554,2030,6909.5835,3.1864061,729.5182,0.21149367,9261.366,4.2653008,0,,,,,457.59668003866244,0.00060673215,732.6798454399554,0.0006196665,-0.0016278698,-0.005318869
0.99964935,0.00046052603,0,0.001478978,457.5972112082634,732.6800001809983,2031,6906.421,3.1860988,729.744,0.2112268,9257.13,4.2646446,0,,,,,457.5972112082634,0.00060711015,732.6800001809983,0.0006200344,-0.0015294978,-0.005586697
1.000041,0.00046071087,0,0.0014797666,457.59728706024924,732.6785079997851,2032,6909.17,3.1862833,728.7319,0.21164148,9260.757,4.2663565,0,,,,,457.59728706024924,0.0006068506,732.6785079997851,0.00061969686,-0.0012069977,-0.0056345
1.0010169,0.00046092097,128,0.0014805552,457.5969998286953,732.6781825150952,2033,6915.921,3.1884646,729.58136,0.21147175,9269.794,4.268302,128,,,,,457.5969998286953,0.00060611125,732.6781825150952,0.00061928184,-0.0009883071,-0.005768463
0.99906164,0.00046046206,0,0.0014813436,457.59718305904045,732.6792770754747,2034,6902.3765,3.1855855,729.1993,0.21123496,9251.6875,4.2640524,0,,,,,457.59718305904045,0.0006070314,732.6792770754747,0.00061991456,-0.0013999472,-0.005374997
1.0017285,0.00046103616,128,0.001482132,457.5973949142056,732.6786423170712,2035,6920.2095,3.1906435,728.34503,0.21129248,9276.384,4.2693686,128,,,,,457.5973949142056,0.0006055598,732.6786423170712,0.0006183048,-0.0015257894,-0.0061108954
1.0003343,0.00046054195,0,0.0014829203,457.5976243783243,732.6787891303318,2036,6910.4106,3.1864233,728.51666,0.21150054,9263.473,4.264792,0,,,,,457.5976243783243,0.00060647976,732.6787891303318,0.0006193056,-0.0010590305,-0.0064388
0.9996539,0.00046058124,0,0.0014837085,457.59710677886164,732.6787332180664,2037,6906.0156,3.1859343,729.05554,0.2114485,9257.172,4.265156,0,,,,,457.59710677886164,0.00060666114,732.6787332180664,0.00061951956,-0.0012390686,-0.006371232
0.999708,0.0004604056,0,0.0014844968,457.5978996383211,732.679279643279,2038,6906.6577,3.1860511,729.3582,0.21153615,9257.673,4.2635293,0,,,,,457.5978996383211,0.0006068731,732.679279643279,0.00061972975,-0.0013015228,-0.0058711097
1.0003899,0.00046067897,8192,0.0014852848,457.59667424646096,732.6780673149624,2039,6911.3184,3.186475,728.92773,0.21117114,9263.988,4.266061,8192,,,,,457.59667424646096,0.0006063248,732.6780673149624,0.0006191809,-0.00093669974,-0.006276402
0.99990404,0.00046062877,0,0.0014860728,457.5979407622897,732.6800058261246,2040,6908.004,3.1861668,728.0378,0.2116625,9259.488,4.265596,0,,,,,457.5979407622897,0.00060645933,732.6800058261246,0.0006193296,-0.0010866845,-0.005772276
0.99975103,0.00046044617,0,0.0014868607,457.5981430378048,732.6789149936465,2041,6906.984,3.1861138,728.65497,0.21134084,9258.071,4.263905,0,,,,,457.5981430378048,0.0006071529,732.6789149936465,0.00062005693,-0.001231827,-0.0058611957
1.00032,0.00046046404,0,0.0014876485,457.5976605736369,732.6795834392234,2042,6910.807,3.1864269,728.65063,0.21130894,9263.34,4.2640705,0,,,,,457.5976605736369,0.0006062872,732.6795834392234,0.00061912375,-0.0011391983,-0.005702441
1.0001161,0.00046057598,0,0.0014884362,457.59749513882826,732.678073838632,2043,6908.7197,3.1862948,728.0601,0.21156676,9261.452,4.265107,0,,,,,457.59749513882826,0.00060686254,732.678073838632,0.0006196997,-0.0014402083,-0.006441737
1.0000533,0.0004605186,0,0.0014892239,457.5969252223729,732.6791722849083,2044,6908.2686,3.186051,728.5062,0.21125093,9260.87,4.264576,0,,,,,457.5969252223729,0.00060616,732.6791722849083,0.00061902264,-0.0012331323,-0.006317914
1.0001376,0.00046056672,0,0.0014900115,457.5967028482668,732.6788440547111,2045,6909.2856,3.1862419,728.4119,0.21160881,9261.651,4.2650213,0,,,,,457.5967028482668,0.0006064022,732.6788440547111,0.00061931065,-0.0016922717,-0.005865085
1.0002228,0.00046048308,0,0.001490799,457.5977258434191,732.6783707593534,2046,6910.032,3.1864743,728.97797,0.21157837,9262.44,4.264247,0,,,,,457.5977258434191,0.00060653326,732.6783707593534,0.000619335,-0.0014939855,-0.0055984748
1.0002612,0.00046059818,0,0.0014915864,457.59767794229106,732.6779256759033,2047,6910.1104,3.186487,729.431,0.2113022,9262.796,4.2653127,0,,,,,457.59767794229106,0.00060649845,732.6779256759033,0.0006192889,-0.00162478,-0.0058633694
1.000228,0.00046061454,0,0.0014923738,457.59752861879747,732.6793455512516,2048,6909.985,3.1864026,729.1244,0.21116987,9262.488,4.2654643,0,,,,,457.59752861879747,0.00060657755,732.6793455512516,0.0006195231,-0.0013656861,-0.00579622
1.0000389,0.00046021718,0,0.001493161,457.5969460818993,732.6794087652718,2049,6908.756,3.1861596,728.01636,0.21145716,9260.736,4.2617846,0,,,,,457.5969460818993,0.00060674944,732.6794087652718,0.00061966863,-0.0015958063,-0.005952402
1.0001446,0.00046046526,0,0.0014939482,457.59773140487044,732.6793521451378,2050,6909.069,3.186191,728.4864,0.21137859,9261.716,4.264082,0,,,,,457.59773140487044,0.00060611946,732.6793521451378,0.0006190132,-0.0013683784,-0.0062225806
0.9997356,0.0004604559,0,0.0014947352,457.5971815593982,732.6789905842476,2051,6905.669,3.1859055,729.3535,0.21101853,9257.929,4.263995,0,,,,,457.5971815593982,0.000607035,732.6789905842476,0.00061999855,-0.0010351794,-0.0071524647
0.99996847,0.00046041855,0,0.0014955223,457.5969704116968,732.6788318953994,2052,6907.5747,3.1861444,728.73486,0.21102335,9260.085,4.2636495,0,,,,,457.5969704116968,0.00060680986,732.6788318953994,0.0006197152,-0.0010450882,-0.006979177
0.9996999,0.0004604407,0,0.0014963093,457.5979630619156,732.6787522218145,2053,6906.007,3.1858335,729.2154,0.21131484,9257.598,4.2638545,0,,,,,457.5979630619156,0.0006064119,732.6787522218145,0.0006191944,-0.00120633,-0.0064422805
1.0006675,0.00046069527,0,0.0014970961,457.597324220956,732.6779655864301,2054,6912.6484,3.186629,728.6355,0.21134993,9266.558,4.266212,0,,,,,457.597324220956,0.00060644053,732.6779655864301,0.00061924086,-0.00071755773,-0.0069529046
1.0007511,0.0004604891,0,0.0014978829,457.59755120640864,732.6795491266864,2055,6913.3174,3.1866753,728.1157,0.21142201,9267.333,4.2643027,0,,,,,457.59755120640864,0.00060658425,732.6795491266864,0.00061952247,-0.0009969238,-0.006444696
1.0011481,0.00046081253,128,0.0014986696,457.59683204743123,732.6786742636591,2056,6916.0415,3.1874018,728.4893,0.2113119,9271.009,4.2672977,128,,,,,457.59683204743123,0.00060540624,732.6786742636591,0.00061823643,-0.0013053193,-0.0061024176
1.0000154,0.00046024643,0,0.0014994562,457.59760382726125,732.6779409723782,2057,6908.3022,3.1861641,728.92303,0.21123382,9260.52,4.2620554,0,,,,,457.59760382726125,0.00060669257,732.6779409723782,0.00061947835,-0.00096211414,-0.006684026
1.0008405,0.00046065776,0,0.0015002427,457.5987355410633,732.6797933010059,2058,6913.417,3.1866064,727.9346,0.21141113,9268.161,4.2658644,0,,,,,457.5987355410633,0.000606747,732.6797933010059,0.00061962823,-0.0011100264,-0.007009437
1.0000441,0.0004605514,0,0.0015010291,457.596969551838,732.6779125951468,2059,6907.4463,3.1860206,728.14124,0.211217,9260.785,4.2648797,0,,,,,457.596969551838,0.0006070403,732.6779125951468,0.0006199434,-0.0014072647,-0.0072965105
1.0003811,0.0004604702,0,0.0015018155,457.5982874360518,732.67757300245,2060,6910.214,3.1862621,727.947,0.21134709,9263.906,4.2641277,0,,,,,457.5982874360518,0.0006065784,732.67757300245,0.0006194538,-0.0016616484,-0.0069503915
0.99965835,0.00046044958,0,0.0015026018,457.5974801717602,732.6785940604797,2061,6905.4673,3.1858766,728.40784,0.21123427,9257.213,4.2639365,0,,,,,457.5974801717602,0.0006071083,732.6785940604797,0.00062002474,-0.0013135028,-0.006496627
1.000634,0.0004606263,0,0.001503388,457.59750396253344,732.6792758485203,2062,6912.2104,3.186418,728.6523,0.21126512,9266.248,4.265573,0,,,,,457.59750396253344,0.0006063451,732.6792758485203,0.0006192369,-0.0015303536,-0.0060730823
1.0003443,0.00046046995,0,0.0015041742,457.5984121690484,732.6775401275241,2063,6910.239,3.1862612,727.8192,0.21126544,9263.565,4.2641253,0,,,,,457.5984121690484,0.0006063417,732.6775401275241,0.00061906886,-0.0014292427,-0.0064089065
0.9998247,0.00046044806,0,0.0015049602,457.5959690480414,732.6776138168221,2064,6906.677,3.185958,728.66736,0.21141821,9258.754,4.2639227,0,,,,,457.5959690480414,0.0006066125,732.6776138168221,0.00061947876,-0.001759172,-0.0061019636
1.0009184,0.00046047248,0,0.0015057462,457.59790037807414,732.6778332036562,2065,6914.2266,3.1865985,728.4163,0.21111475,9268.882,4.2641487,0,,,,,457.59790037807414,0.0006061499,732.6778332036562,0.0006189397,-0.0019271073,-0.006057287
0.99922144,0.0004604178,0,0.001506532,457.59733184592676,732.678609743068,2066,6902.1997,3.1857991,728.7051,0.21117353,9253.167,4.2636423,0,,,,,457.59733184592676,0.00060748786,732.678609743068,0.0006204309,-0.0014234623,-0.0067913425
1.0003424,0.0004605417,0,0.0015073178,457.59735203409923,732.6778103892821,2067,6909.3296,3.1861572,728.70154,0.21130891,9263.548,4.2647896,0,,,,,457.59735203409923,0.000606713,732.6778103892821,0.00061954476,-0.0017071522,-0.0070770485
0.99990857,0.00046034483,0,0.0015081036,457.5968679647225,732.6778615109454,2068,6906.571,3.1859157,728.68665,0.21111114,9259.53,4.2629666,0,,,,,457.5968679647225,0.0006066997,732.6778615109454,0.0006195975,-0.0018238021,-0.007045526
0.99945986,0.00046049818,0,0.0015088891,457.5977631056113,732.6778483343323,2069,6903.678,3.1857429,728.1759,0.21139175,9255.375,4.2643867,0,,,,,457.5977631056113,0.0006074279,732.6778483343323,0.0006200986,-0.0012811949,-0.007428399
1.0002369,0.00046038875,0,0.0015096747,457.5972599453846,732.6784105722518,2070,6909.2656,3.1862187,728.4033,0.21124698,9262.57,4.2633734,0,,,,,457.5972599453846,0.00060669065,732.6784105722518,0.00061957043,-0.0015184175,-0.0071092774
0.9989742,0.0004604737,0,0.0015104602,457.5972042133868,732.6782032990308,2071,6900.347,3.185366,728.7379,0.21106716,9250.878,4.26416,0,,,,,457.5972042133868,0.00060736464,732.6782032990308,0.00062025845,-0.0016335793,-0.0068491194
0.99975157,0.0004604808,0,0.0015112455,457.5962808067304,732.6775390694429,2072,6905.663,3.18579,727.90063,0.2115329,9258.076,4.264226,0,,,,,457.5962808067304,0.0006065851,732.6775390694429,0.0006194728,-0.0020550515,-0.0067365584
1.0001531,0.0004605992,0,0.0015120308,457.5977404997486,732.678665332721,2073,6908.491,3.1859856,728.12683,0.21133779,9261.794,4.265322,0,,,,,457.5977404997486,0.0006067083,732.678665332721,0.00061959896,-0.0019727775,-0.006522827
1.000125,0.00046038092,0,0.0015128161,457.5968788121365,732.6786172200756,2074,6908.4146,3.1860826,727.77856,0.21148652,9261.535,4.263301,0,,,,,457.5968788121365,0.00060636736,732.6786172200756,0.0006192948,-0.0022525073,-0.0066772853
1.0000602,0.00046045575,8192,0.0015136012,457.59757687603474,732.6773216113234,2075,6907.3623,3.1859252,727.95526,0.21120474,9260.935,4.2639937,8192,,,,,457.59757687603474,0.0006070002,732.6773216113234,0.00061986136,-0.0017819473,-0.0074704546
1.0004661,0.00046039064,0,0.0015143862,457.59628699775305,732.678077808488,2076,6909.781,3.1861136,728.2335,0.21105923,9264.693,4.263391,0,,,,,457.59628699775305,0.0006062404,732.678077808488,0.000619289,-0.002388712,-0.007434565
1.0002131,0.00046014987,0,0.0015151711,457.5965922558996,732.6762288512825,2077,6908.394,3.1858432,727.45715,0.21132919,9262.351,4.2611613,0,,,,,457.5965922558996,0.00060612714,732.6762288512825,0.0006188975,-0.0023757368,-0.0072598946
0.9991184,0.00046027856,0,0.001515956,457.5949285489874,732.6796580860406,2078,6901.0674,3.1853068,728.0507,0.21127705,9252.213,4.262353,0,,,,,457.5949285489874,0.00060667424,732.6796580860406,0.0006197226,-0.002494088,-0.006726627
0.99980956,0.00046002475,0,0.0015167409,457.5968639334267,732.6784726093458,2079,6905.976,3.1857371,727.54364,0.21125071,9258.613,4.2600026,0,,,,,457.5968639334267,0.00060678564,732.6784726093458,0.0006197645,-0.0028805581,-0.0064079845
1.0000666,0.00046018593,0,0.0015175255,457.5954970277384,732.6783230317925,2080,6907.5757,3.1860075,728.72656,0.21127078,9260.994,4.261495,0,,,,,457.5954970277384,0.0006064664,732.6783230317925,0.00061948935,-0.0031949712,-0.0062810373
1.0000972,0.00046007903,0,0.0015183102,457.5956586089976,732.6785637130647,2081,6907.9346,3.1860049,728.0942,0.21130115,9261.276,4.260505,0,,,,,457.5956586089976,0.00060602074,732.6785637130647,0.00061891606,-0.003231616,-0.006150713
0.99925643,0.00046013886,0,0.0015190947,457.5953711044171,732.6785018595017,2082,6902.0977,3.1859205,731.66907,0.21091135,9253.491,4.2610593,0,,,,,457.5953711044171,0.00060707825,732.6785018595017,0.0006201053,-0.003166624,-0.006341358
1.0005611,0.00046026413,0,0.0015198792,457.5955617097235,732.6778049452056,2083,6911.2095,3.1861596,727.2937,0.21117587,9265.573,4.2622194,0,,,,,457.5955617097235,0.0006058659,732.6778049452056,0.00061871484,-0.0029214239,-0.00632539
0.9997771,0.00046019154,0,0.0015206635,457.59612025698993,732.6783146633148,2084,6905.535,3.1858318,728.08,0.2111214,9258.3125,4.261547,0,,,,,457.59612025698993,0.00060737715,732.6783146633148,0.0006202908,-0.0031715264,-0.0066332296
1.000145,0.0004601093,0,0.0015214479,457.5943243629323,732.678031439644,2085,6907.5806,3.1858454,727.74646,0.21112257,9261.72,4.2607856,0,,,,,457.5943243629323,0.0006061105,732.678031439644,0.0006190567,-0.0029910356,-0.006850675
1.0005239,0.0004600629,0,0.0015222321,457.59535291800717,732.6786092893385,2086,6910.0874,3.1862116,728.15845,0.21115498,9265.229,4.260356,0,,,,,457.59535291800717,0.0006067718,732.6786092893385,0.00061979104,-0.003554447,-0.0067470204
1.0005736,0.00046023366,0,0.0015230161,457.5972616887402,732.6763107888153,2087,6910.8,3.1863675,727.4515,0.21166,9265.689,4.261937,0,,,,,457.5972616887402,0.00060630194,732.6763107888153,0.00061900227,-0.0029367115,-0.006794222
1.0007124,0.00046035915,0,0.0015238002,457.5961473100018,732.6782140691791,2088,6911.6113,3.1863286,728.04565,0.21121152,9266.974,4.263099,0,,,,,457.5961473100018,0.00060643203,732.6782140691791,0.00061935553,-0.0028905459,-0.007182993
1.0005159,0.0004604026,0,0.0015245841,457.59672202271076,732.6772907629556,2089,6910.3574,3.1861956,727.3155,0.21159643,9265.154,4.2635016,0,,,,,457.59672202271076,0.00060655136,732.6772907629556,0.0006193805,-0.0025571985,-0.0069708074
0.99998575,0.00046023933,0,0.0015253681,457.59544920178126,732.6781149783482,2090,6906.7275,3.185866,727.7967,0.21118098,9260.245,4.2619896,0,,,,,457.59544920178126,0.00060682226,732.6781149783482,0.0006197221,-0.0028768799,-0.0071622403
0.9998363,0.0004604472,0,0.0015269355,457.5974348133354,732.6771100031973,2092,6906.2144,3.1858346,728.33966,0.21124622,9258.861,4.2639146,0,,,,,457.5974348133354,0.0006070235,732.6771100031973,0.0006198862,-0.0018933999,-0.008056294
1.0001618,0.00046050362,0,0.0015277192,457.5981871473342,732.677115889714,2093,6908.5435,3.1860645,727.891,0.21145296,9261.875,4.264437,0,,,,,457.5981871473342,0.00060631003,732.677115889714,0.0006190337,-0.0018573928,-0.007893218
1.0006905,0.00046038968,0,0.0015285027,457.5957728937111,732.6775385276846,2094,6911.835,3.186271,727.5339,0.21114133,9266.7705,4.263382,0,,,,,457.5957728937111,0.0006063641,732.6775385276846,0.0006191996,-0.0020536117,-0.007783651
0.9999364,0.00046045816,0,0.0015292861,457.5965990713131,732.6767784176242,2095,6905.401,3.1856027,727.29376,0.21131955,9259.788,4.264016,0,,,,,457.5965990713131,0.0006063554,732.6767784176242,0.00061919604,-0.0020953468,-0.0082972925
0.999929,0.00046033226,0,0.0015300695,457.5966843241289,732.6765137945296,2096,6904.465,3.1854966,727.5422,0.21132207,9259.72,4.2628503,0,,,,,457.5966843241289,0.0006063407,732.6765137945296,0.0006191777,-0.0022772646,-0.008556839
0.9994197,0.00046031142,0,0.0015308528,457.59583783836064,732.6771406333493,2097,6901.3364,3.1851697,727.13727,0.21103331,9255.003,4.262657,0,,,,,457.59583783836064,0.0006068608,732.6771406333493,0.0006198564,-0.0022013418,-0.0077530355
0.9999967,0.00046029448,8192,0.001531636,457.5969915758859,732.676849518386,2098,6905.801,3.185619,727.57837,0.21131219,9260.347,4.2625003,8192,,,,,457.5969915758859,0.0006064685,732.676849518386,0.0006192439,-0.0023283497,-0.007998278
0.9999184,0.00046048482,0,0.0015324191,457.5987740411646,732.6769295183707,2099,6905.9023,3.1858249,726.85187,0.21143535,9259.621,4.264263,0,,,,,457.5987740411646,0.0006068772,732.6769295183707,0.0006196398,-0.0019897865,-0.0081515
0.99991375,0.0004603338,0,0.0015332021,457.5956663919015,732.6765824155559,2100,6906.73,3.1856966,727.5635,0.21120237,9259.578,4.2628646,0,,,,,457.5956663919015,0.000606632,732.6765824155559,0.00061947276,-0.0023560715,-0.008117666
1.0001265,0.0004603441,0,0.001533985,457.59729732972886,732.6767321100201,2101,6908.5796,3.1859179,727.4253,0.2114683,9261.548,4.26296,0,,,,,457.59729732972886,0.0006060852,732.6767321100201,0.0006189609,-0.0020103687,-0.0083381515
0.9994856,0.00046023916,8192,0.0015347679,457.5961763864941,732.6758794377802,2102,6904.275,3.1855547,727.32153,0.21116489,9255.613,4.261988,8192,,,,,457.5961763864941,0.0006061509,732.6758794377802,0.000618847,-0.0025073823,-0.007992799
1.0000987,0.0004602706,0,0.0015355507,457.5970757970058,732.6762141862383,2103,6908.16,3.1859193,726.82715,0.21158847,9261.291,4.262279,0,,,,,457.5970757970058,0.0006064219,732.6762141862383,0.0006190239,-0.0023500351,-0.008095737
0.99960655,0.00046043505,0,0.0015363334,457.59537340889966,732.6762223401552,2104,6904.1187,3.1855195,726.90985,0.21149118,9256.733,4.263802,0,,,,,457.59537340889966,0.0006064434,732.6762223401552,0.00061930076,-0.0020394067,-0.008858744
1.0007398,0.0004605203,0,0.0015371159,457.5981664769785,732.6777383367455,2105,6911.5435,3.1862497,726.7524,0.21116991,9267.228,4.2645917,0,,,,,457.5981664769785,0.0006065866,732.6777383367455,0.000619432,-0.0021955506,-0.00815818
0.99973255,0.0004603281,0,0.0015378984,457.59619443654435,732.6762161565607,2106,6904.0244,3.185384,727.7743,0.211341,9257.9,4.2628117,0,,,,,457.59619443654435,0.0006068732,732.6762161565607,0.00061978085,-0.0024621831,-0.008928353
1.0006748,0.00046039576,0,0.0015386809,457.59760288470864,732.6756689724998,2107,6909.876,3.1859944,726.90955,0.21126547,9266.626,4.263438,0,,,,,457.59760288470864,0.0006063359,732.6756689724998,0.0006191136,-0.0022669425,-0.009261417
0.9995834,0.00046036727,0,0.0015394632,457.5962521883289,732.6756575245287,2108,6902.3438,3.1854184,726.908,0.2113055,9256.52,4.2631745,0,,,,,457.5962521883289,0.0006068008,732.6756575245287,0.0006195535,-0.0018159517,-0.010182605
1.0006557,0.0004606253,128,0.0015402455,457.59693700695607,732.6743018436249,2109,6910.1387,3.1868486,727.75275,0.21130088,9266.448,4.265564,128,,,,,457.59693700695607,0.00060637615,732.6743018436249,0.00061911973,-0.0021267189,-0.009257043
1.0011557,0.00046065703,0,0.0015410276,457.59630661643325,732.6752069964521,2110,6913.72,3.1865215,727.16565,0.211279,9271.079,4.2658577,0,,,,,457.59630661643325,0.00060628104,732.6752069964521,0.0006190292,-0.0021041525,-0.00952523
1.0001718,0.00046054446,0,0.0015418096,457.5978199509334,732.6755384266264,2111,6907.149,3.1859426,726.9354,0.21120158,9261.968,4.2648153,0,,,,,457.5978199509334,0.00060665753,732.6755384266264,0.0006193352,-0.0018501993,-0.009546527
1.0001395,0.0004605057,0,0.0015425917,457.5979657041927,732.6760179977887,2112,6907.0,3.1856632,726.65283,0.21129967,9261.669,4.2644563,0,,,,,457.5979657041927,0.00060699513,732.6760179977887,0.00061971013,-0.0018535808,-0.00962851
1.0006285,0.00046051465,0,0.0015433736,457.59587081127233,732.6763420405275,2113,6910.463,3.1860895,727.1041,0.21130395,9266.196,4.2645392,0,,,,,457.59587081127233,0.00060617516,732.6763420405275,0.00061899406,-0.0018760329,-0.009164603
0.9998178,0.00046042143,0,0.0015441554,457.59618974172076,732.6754002455855,2114,6904.808,3.1854582,727.11536,0.2112674,9258.689,4.263676,0,,,,,457.59618974172076,0.0006063037,732.6754002455855,0.0006190633,-0.0021696389,-0.009372804
0.99973035,0.00046056428,0,0.0015449371,457.59704473816834,732.6761749168382,2115,6904.223,3.1854644,726.837,0.21147637,9257.88,4.264999,0,,,,,457.59704473816834,0.0006065104,732.6761749168382,0.0006192996,-0.0018090628,-0.009749961
1.0004885,0.0004605105,0,0.0015457188,457.5948505482644,732.6759051551784,2116,6909.478,3.1859274,726.19574,0.2112985,9264.901,4.2645006,0,,,,,457.5948505482644,0.00060598715,732.6759051551784,0.00061886775,-0.0019534212,-0.009683203
0.999967,0.00046060735,0,0.0015465004,457.5956953134149,732.6749428867275,2117,6905.7817,3.1856585,726.19574,0.21120647,9260.071,4.2653975,0,,,,,457.5956953134149,0.00060650485,732.6749428867275,0.00061920163,-0.0016454466,-0.009839469
0.99975145,0.0004605146,0,0.0015472819,457.5959600475986,732.6757432023941,2118,6904.222,3.1856213,726.1754,0.21133453,9258.075,4.264539,0,,,,,457.5959600475986,0.0006067446,732.6757432023941,0.0006196187,-0.0020995333,-0.01009286
1.0004575,0.00046058535,0,0.0015480632,457.5973373859679,732.6764402080297,2119,6909.0664,3.1858418,726.55255,0.21142942,9264.613,4.265194,0,,,,,457.5973373859679,0.00060687546,732.6764402080297,0.00061967113,-0.0021817058,-0.009884003
0.9998348,0.00046053206,0,0.0015488445,457.5960157973707,732.6747007520611,2120,6904.6367,3.1854067,726.1742,0.2110056,9258.847,4.2647004,0,,,,,457.5960157973707,0.0006062296,732.6747007520611,0.0006188329,-0.0015064423,-0.010043003
1.0013224,0.00046064344,0,0.0015496258,457.59647977448606,732.6761255679636,2121,6914.939,3.1865573,727.08545,0.21136335,9272.623,4.265732,0,,,,,457.59647977448606,0.0006059708,732.6761255679636,0.000618777,-0.0021339394,-0.00974643
1.0005379,0.00046052723,0,0.001551188,457.59672389976055,732.6744296972447,2123,6908.72,3.1858706,726.6941,0.21139331,9265.358,4.2646556,0,,,,,457.59672389976055,0.00060638937,732.6744296972447,0.0006191068,-0.0018919145,-0.011116851
1.0002247,0.00046051986,0,0.0015519689,457.5969203265607,732.6733770519095,2124,6906.631,3.185747,726.2239,0.21148722,9262.458,4.2645874,0,,,,,457.5969203265607,0.00060704054,732.6733770519095,0.0006196906,-0.0019145814,-0.011014381
1.0007327,0.0004605251,0,0.0015527497,457.59791898280446,732.6738513316783,2125,6910.613,3.185931,726.22327,0.21136764,9267.161,4.264636,0,,,,,457.59791898280446,0.0006057085,732.6738513316783,0.0006183401,-0.0019260882,-0.010772867
1.0001935,0.00046063415,0,0.0015535305,457.59621430193545,732.6741455802437,2126,6906.7563,3.1857083,726.8102,0.21111093,9262.169,4.265646,0,,,,,457.59621430193545,0.0006067129,732.6741455802437,0.0006194358,-0.0017862602,-0.010727205
1.0007998,0.00046078107,128,0.0015543111,457.5970888264046,732.6743732269263,2127,6911.016,3.1865637,726.26227,0.21121442,9267.783,4.2670064,128,,,,,457.5970888264046,0.00060580176,732.6743732269263,0.00061838,-0.0019303664,-0.011002485
0.99950045,0.00046063957,8192,0.0015550918,457.59503985763814,732.6746505486582,2128,6901.762,3.1851983,726.29987,0.21109606,9255.751,4.265696,8192,,,,,457.59503985763814,0.0006071421,732.6746505486582,0.00061988056,-0.0020752887,-0.010907172
0.9999453,0.00046054705,0,0.0015558723,457.5967285875364,732.6737447811045,2129,6904.429,3.1854558,726.5989,0.21128032,9259.87,4.264839,0,,,,,457.5967285875364,0.00060664746,732.6737447811045,0.0006193141,-0.0019087024,-0.011639566
1.0001289,0.00046060287,0,0.0015566527,457.5963562792191,732.6740668504527,2130,6905.6274,3.1854897,726.36273,0.21109048,9261.57,4.265356,0,,,,,457.5963562792191,0.00060635427,732.6740668504527,0.00061910547,-0.0019455598,-0.011396041
1.0000964,0.0004605198,0,0.001557433,457.5959852858584,732.6737083756457,2131,6905.941,3.1854815,726.1009,0.2109351,9261.27,4.264587,0,,,,,457.5959852858584,0.00060629024,732.6737083756457,0.0006190452,-0.0022712436,-0.010956304
1.0004508,0.00046067362,0,0.0015582133,457.5974882391592,732.6738776264904,2132,6908.485,3.185785,726.329,0.21121638,9264.552,4.266011,0,,,,,457.5974882391592,0.0006067701,732.6738776264904,0.0006194072,-0.002190612,-0.010631182
0.99980426,0.0004602801,0,0.0015589935,457.59630050331555,732.6752605770264,2133,6904.1216,3.1853085,725.87384,0.21122026,9258.564,4.2623672,0,,,,,457.59630050331555,0.0006064545,732.6752605770264,0.0006191953,-0.0024713976,-0.010848784
1.0001512,0.00046060167,0,0.0015597736,457.5958543371698,732.6749138573725,2134,6906.439,3.1856248,726.5167,0.21091193,9261.776,4.265345,0,,,,,457.5958543371698,0.0006062573,732.6749138573725,0.00061900495,-0.0023134744,-0.01045301
0.99982464,0.00046044236,0,0.0015605536,457.5966278987241,732.6746599256853,2135,6903.617,3.1852582,725.89557,0.21102482,9258.753,4.26387,0,,,,,457.5966278987241,0.00060697744,732.6746599256853,0.00061970303,-0.0022237222,-0.0114545915
0.9997146,0.00046049873,0,0.0015613334,457.59675777799134,732.6746871290361,2136,6902.6206,3.1851027,726.7975,0.21142001,9257.734,4.264392,0,,,,,457.59675777799134,0.0006069393,732.6746871290361,0.0006196898,-0.0019533401,-0.011733491
0.9997778,0.00046054285,0,0.0015621132,457.59723423061735,732.6736065291461,2137,6903.2217,3.1852663,726.216,0.21119611,9258.319,4.2648005,0,,,,,457.59723423061735,0.0006065259,732.6736065291461,0.000619209,-0.0023131107,-0.0116283195
1.0003215,0.00046062793,0,0.0015628929,457.59577511427295,732.6734700542385,2138,6907.2485,3.185727,725.9102,0.21136977,9263.3545,4.2655883,0,,,,,457.59577511427295,0.0006061723,732.6734700542385,0.0006188633,-0.0021326104,-0.011282124
0.9990704,0.000460201,0,0.0015636726,457.5966889178254,732.6728707203763,2139,6898.691,3.1847475,726.02423,0.21110126,9251.769,4.261635,0,,,,,457.5966889178254,0.0006069257,732.6728707203763,0.0006195593,-0.0024256369,-0.011341568
1.0002983,0.00046052597,0,0.0015652316,457.5969531754543,732.6737398046681,2141,6906.7637,3.185727,727.4548,0.2110684,9263.139,4.264644,0,,,,,457.5969531754543,0.00060659606,732.6737398046681,0.0006192969,-0.0024741068,-0.011690459
0.99954295,0.0004604471,0,0.001566011,457.59761979632094,732.6746989582418,2142,6901.2134,3.1851127,725.99225,0.21142198,9256.145,4.2639136,0,,,,,457.59761979632094,0.0006063755,732.6746989582418,0.0006192249,-0.0022736425,-0.011820439
1.0000048,0.0004604488,16,0.0015667902,457.5961148345293,732.6733203247047,2143,6904.37,3.1854587,726.27014,0.21132334,9260.421,4.2639294,16,,,,,457.5961148345293,0.0006059994,732.6733203247047,0.0006186987,-0.0024261628,-0.011985695
1.0006301,0.00046048372,16,0.0015675694,457.5959379118848,732.6731044672711,2144,6909.056,3.185876,726.3065,0.2112266,9266.212,4.2642527,16,,,,,457.5959379118848,0.000606236,732.6731044672711,0.0006187962,-0.0024496017,-0.011953454
0.99906796,0.00046038622,16,0.0015683485,457.5968040403054,732.6731338755644,2145,6898.2485,3.1847742,727.0451,0.21141082,9251.746,4.26335,16,,,,,457.5968040403054,0.00060731504,732.6731338755644,0.0006199533,-0.0030411526,-0.011863699
1.0003614,0.00046052638,16,0.0015691275,457.59677524660566,732.6728240025074,2146,6907.334,3.185948,729.39233,0.21136385,9263.724,4.264648,16,,,,,457.59677524660566,0.00060663157,732.6728240025074,0.00061923993,-0.0026027816,-0.011905289
0.9996072,0.0004604929,16,0.0015699065,457.5958875257092,732.6732386578719,2147,6902.0244,3.185134,726.3985,0.21129864,9256.739,4.264338,16,,,,,457.5958875257092,0.0006064812,732.6732386578719,0.0006191538,-0.0026238153,-0.011995386
1.0004295,0.00046057274,16,0.0015706853,457.5970152052396,732.6728818559377,2148,6907.026,3.18571,725.69507,0.21146646,9264.3545,4.265077,16,,,,,457.5970152052396,0.000606573,732.6728818559377,0.0006191823,-0.0026202179,-0.0128822
1.000727,0.0004606062,16,0.001571464,457.5956184872757,732.673054556971,2149,6908.8125,3.1858442,726.9132,0.21161054,9267.109,4.265387,16,,,,,457.5956184872757,0.0006060612,732.673054556971,0.000618741,-0.0025494609,-0.012164581
0.999739,0.0004605562,0,0.0015722427,457.5965651241753,732.6736342103882,2150,6902.391,3.185126,726.6013,0.21115592,9257.96,4.264924,0,,,,,457.5965651241753,0.00060716906,732.6736342103882,0.00061986886,-0.0022897073,-0.01196929
1.0006183,0.00046056218,0,0.0015730212,457.59746885804253,732.672158533821,2151,6908.882,3.185923,726.4957,0.21135303,9266.104,4.2649794,0,,,,,457.59746885804253,0.0006062528,732.672158533821,0.00061883236,-0.0019927463,-0.012191549
1.0006448,0.00046066026,0,0.0015737996,457.59672712030255,732.6734355995753,2152,6909.1,3.1859796,727.79614,0.21120858,9266.348,4.2658877,0,,,,,457.59672712030255,0.0006063125,732.6734355995753,0.00061896397,-0.0021636647,-0.0120245945
0.9992941,0.0004605218,16,0.0015745781,457.5976847067445,732.673846960824,2153,6899.52,3.1849608,727.1898,0.21135277,9253.84,4.2646055,16,,,,,457.5976847067445,0.0006069783,732.673846960824,0.00061963045,-0.0018066983,-0.012095663
0.9998814,0.00046052752,16,0.0015753563,457.5957393844261,732.6726637716606,2154,6902.9453,3.1853669,726.71075,0.21117893,9259.278,4.2646585,16,,,,,457.5957393844261,0.0006062481,732.6726637716606,0.0006189788,-0.0024896914,-0.012656639
0.9997172,0.00046049932,8208,0.0015761346,457.59651109988874,732.6731757329923,2155,6902.148,3.18523,727.2247,0.21132822,9257.758,4.264397,8208,,,,,457.59651109988874,0.0006069103,732.6731757329923,0.0006195679,-0.0025500224,-0.0130675845
1.0004761,0.00046054483,16,0.0015769127,457.5959483135328,732.6726270754832,2156,6907.8057,3.185915,728.3824,0.21109244,9264.786,4.2648187,16,,,,,457.5959483135328,0.0006063039,732.6726270754832,0.0006188634,-0.0026584049,-0.013158432
1.0000215,0.00046055377,16,0.0015776907,457.5966842503461,732.6724366699946,2157,6904.2554,3.185532,727.663,0.21108875,9260.576,4.2649016,16,,,,,457.5966842503461,0.00060718664,732.6724366699946,0.00061987,-0.002755451,-0.0124346
1.0002829,0.0004605075,16,0.0015784686,457.59665571275195,732.672231025638,2158,6905.4233,3.1855345,728.1373,0.21112876,9262.997,4.264473,16,,,,,457.59665571275195,0.0006061205,732.672231025638,0.00061868964,-0.0029923227,-0.012606833
1.0010918,0.0004606737,16,0.0015792465,457.5956998394577,732.6729223158187,2159,6911.277,3.186227,728.12964,0.21100593,9270.488,4.266012,16,,,,,457.5956998394577,0.0006057688,732.6729223158187,0.0006184508,-0.002804308,-0.01259869
1.0001705,0.00046056727,16,0.0015800243,457.5960420582337,732.6740038008185,2160,6905.5435,3.1856885,727.4803,0.21124743,9261.956,4.2650266,16,,,,,457.5960420582337,0.00060628855,732.6740038008185,0.0006189579,-0.0035196175,-0.01197882
1.0003332,0.0004604888,16,0.0015808019,457.59599137591795,732.6732624854636,2161,6905.974,3.185703,727.63995,0.21106423,9263.463,4.2643,16,,,,,457.59599137591795,0.00060699397,732.6732624854636,0.00061972626,-0.0033616198,-0.011983104
0.9997234,0.0004603022,16,0.0015815794,457.59602631558363,732.673832769987,2162,6901.835,3.185307,727.60486,0.21125507,9257.815,4.262572,16,,,,,457.59602631558363,0.00060639,732.673832769987,0.0006191533,-0.0028284702,-0.011948102
1.0004797,0.00046057202,0,0.001582357,457.5948627807585,732.6725934023219,2163,6907.007,3.1856642,727.6062,0.21119627,9264.819,4.2650704,0,,,,,457.5948627807585,0.0006059611,732.6725934023219,0.00061869365,-0.003216144,-0.011839249
1.0001988,0.0004603279,0,0.0015831343,457.5951338539432,732.6731855075153,2164,6905.3506,3.1856308,727.72394,0.21142486,9262.219,4.2628098,0,,,,,457.5951338539432,0.0006060595,732.6731855075153,0.0006187064,-0.0036458322,-0.011276962
0.9992015,0.00046036558,0,0.0015839116,457.5951816692975,732.6737572572597,2165,6898.3745,3.1849084,727.9973,0.21127065,9252.982,4.263159,0,,,,,457.5951816692975,0.0006065863,732.6737572572597,0.0006193701,-0.003443475,-0.011133864
1.0006373,0.00046042557,0,0.0015846889,457.5956994955432,732.6739208933813,2166,6908.321,3.1859174,727.48676,0.21104069,9266.278,4.2637143,0,,,,,457.5956994955432,0.000606413,732.6739208933813,0.0006191367,-0.0036202813,-0.011221112
1.000505,0.0004605097,0,0.001585466,457.5965658955112,732.6738178817271,2167,6907.421,3.1858,727.5661,0.2111938,9265.053,4.2644935,0,,,,,457.5965658955112,0.00060651137,732.6738178817271,0.0006192074,-0.0033641679,-0.011550562
0.9994107,0.00046032053,0,0.001586243,457.59483363937505,732.6724992708525,2168,6899.269,3.1850705,727.1875,0.21141614,9254.92,4.2627416,0,,,,,457.59483363937505,0.00060672365,732.6724992708525,0.000619422,-0.003579667,-0.012142934
0.99974227,0.00046029492,0,0.0015870199,457.59544867069,732.6739997933321,2169,6901.4907,3.1851952,728.46576,0.21099289,9257.99,4.2625046,0,,,,,457.59544867069,0.00060685154,732.6739997933321,0.0006196,-0.0037027001,-0.011970841
0.9993927,0.0004602137,0,0.0015877967,457.5945683089074,732.6745611843944,2170,6899.474,3.1852143,727.71576,0.211231,9254.753,4.261752,0,,,,,457.5945683089074,0.0006075192,732.6745611843944,0.00062038965,-0.004208072,-0.011441695
0.9992888,0.0004601576,0,0.0015885736,457.5943235411762,732.6744959356654,2171,6899.0845,3.184867,727.4197,0.21137479,9253.791,4.261233,0,,,,,457.5943235411762,0.00060624006,732.6744959356654,0.0006189869,-0.003852727,-0.010793529
1.0000473,0.0004602837,0,0.0015893502,457.59566838156155,732.671733308608,2172,6904.226,3.1855662,726.9456,0.21147309,9260.815,4.2624006,0,,,,,457.59566838156155,0.00060719927,732.671733308608,0.00062040234,-0.0036762864,-0.011422233
1.0002855,0.00046038534,0,0.0015901268,457.59547234782394,732.6726119580271,2173,6905.8584,3.185633,726.5395,0.2112607,9263.0205,4.263342,0,,,,,457.59547234782394,0.00060579507,732.6726119580271,0.0006184838,-0.003365503,-0.011702195
1.0002632,0.00046046404,0,0.0015909033,457.59634503790437,732.6737704066999,2174,6905.34,3.1855533,727.03186,0.21135737,9262.814,4.2640705,0,,,,,457.59634503790437,0.00060674053,732.6737704066999,0.0006193993,-0.0031430896,-0.012441417
0.9994063,0.0004603603,0,0.0015916796,457.5966863541046,732.6723105794592,2175,6898.9307,3.1849418,727.3738,0.21131873,9254.879,4.2631097,0,,,,,457.5966863541046,0.0006067383,732.6723105794592,0.00061938824,-0.0030341705,-0.012986295
1.0003431,0.00046050368,0,0.0015924559,457.59624701044334,732.6720876198189,2176,6905.3066,3.1854172,726.3156,0.21099897,9263.554,4.2644377,0,,,,,457.59624701044334,0.0006063575,732.6720876198189,0.00061910425,-0.0026493063,-0.01362988
1.0006247,0.00046068634,0,0.0015932322,457.5962251859672,732.671770067818,2177,6907.6914,3.185634,726.54596,0.21138366,9266.161,4.266129,0,,,,,457.5962251859672,0.00060603704,732.671770067818,0.0006186097,-0.0024792545,-0.013330763
1.0006161,0.0004607053,0,0.0015940083,457.5970711183504,732.671659896461,2178,6907.7466,3.1857111,726.53424,0.21143803,9266.082,4.266305,0,,,,,457.5970711183504,0.0006064274,732.671659896461,0.0006190704,-0.002286485,-0.013653001
0.9998425,0.0004605569,0,0.0015947842,457.5962986811139,732.67167806925,2179,6902.4697,3.1851335,726.61426,0.2112772,9258.919,4.2649307,0,,,,,457.5962986811139,0.00060665165,732.67167806925,0.0006192555,-0.0024251034,-0.0132809905
1.0004009,0.00046060074,0,0.0015955602,457.5951704863571,732.67367341728,2180,6906.302,3.1855154,726.6815,0.21149473,9264.09,4.2653365,0,,,,,457.5951704863571,0.0006064031,732.67367341728,0.0006191226,-0.0024968563,-0.013298333
1.000619,0.00046057964,0,0.001596336,457.5971023709146,732.6724498660099,2181,6907.369,3.1856236,727.1098,0.21099736,9266.109,4.265141,0,,,,,457.5971023709146,0.0006064644,732.6724498660099,0.0006190305,-0.0026898803,-0.01354958
0.9999848,0.00046052923,0,0.0015971118,457.59648009986864,732.6722241939782,2182,6902.5947,3.1852517,726.20886,0.21141128,9260.236,4.264674,0,,,,,457.59648009986864,0.00060720893,732.6722241939782,0.00061984005,-0.0026411521,-0.013979323
1.0007623,0.0004605531,0,0.0015978874,457.59590679282076,732.6714706935962,2183,6908.199,3.1857994,726.5884,0.21104075,9267.437,4.2648954,0,,,,,457.59590679282076,0.00060649985,732.6714706935962,0.000618933,-0.0028026833,-0.013825452
0.9996148,0.00046051588,0,0.0015986629,457.5968326378115,732.6709499401272,2184,6900.5205,3.1848962,727.0797,0.21129723,9256.81,4.2645507,0,,,,,457.5968326378115,0.0006066958,732.6709499401272,0.0006192011,-0.0028356165,-0.013393246
0.99979234,0.00046049478,0,0.0015994385,457.5970835671388,732.6726930741178,2185,6901.8433,3.185224,726.42346,0.2114546,9258.454,4.264355,0,,,,,457.5970835671388,0.0006068259,732.6726930741178,0.00061944034,-0.002976992,-0.013469526
1.0001888,0.00046059038,0,0.0016002138,457.5955523528962,732.6729367075166,2186,6904.428,3.1853383,726.8331,0.21110646,9262.126,4.2652407,0,,,,,457.5955523528962,0.000606331,732.6729367075166,0.00061905786,-0.0027281004,-0.013450913
1.0000057,0.00046052464,0,0.0016009891,457.5966547848583,732.6716124677673,2187,6903.3267,3.1852148,726.8573,0.21130735,9260.43,4.2646317,0,,,,,457.5966547848583,0.0006070121,732.6716124677673,0.00061959674,-0.0027814377,-0.0133850435
1.000633,0.00046054178,0,0.0016017644,457.59503800864525,732.6712619198845,2188,6907.0044,3.1855488,726.0392,0.21113726,9266.239,4.2647905,0,,,,,457.59503800864525,0.0006059439,732.6712619198845,0.0006184954,-0.0028934695,-0.013862779
1.00011,0.00046047504,0,0.0016025394,457.5958527954262,732.6714305629556,2189,6903.1777,3.1851985,726.4969,0.21105915,9261.3955,4.2641726,0,,,,,457.5958527954262,0.0006060595,732.6714305629556,0.0006185842,-0.0029256972,-0.014060259
1.000791,0.00046075744,128,0.0016033144,457.5968053658555,732.6718122543505,2190,6908.1133,3.1863186,725.8636,0.21117052,9267.701,4.2667875,128,,,,,457.5968053658555,0.00060635223,732.6718122543505,0.00061880023,-0.002658375,-0.013874085
1.0013539,0.0004606964,0,0.0016040893,457.59553488067615,732.6717825845328,2191,6912.4375,3.1861963,726.41833,0.21132338,9272.914,4.2662225,0,,,,,457.59553488067615,0.00060586864,732.6717825845328,0.00061851915,-0.002533296,-0.013790451
0.9994814,0.00046050147,0,0.0016048641,457.5956198534585,732.6727662958862,2192,6899.431,3.1848505,726.2249,0.21118343,9255.574,4.264417,0,,,,,457.5956198534585,0.00060675293,732.6727662958862,0.0006194702,-0.0026341414,-0.013489394
0.9996415,0.00046044524,0,0.0016056389,457.59606989367444,732.6725046911695,2193,6900.5635,3.1850352,726.6366,0.21139638,9257.057,4.2638965,0,,,,,457.59606989367444,0.00060670363,732.6725046911695,0.00061941234,-0.0027834817,-0.01347742
1.0001957,0.0004605401,0,0.0016064135,457.59736965678786,732.6708837235816,2194,6904.4233,3.1852665,726.5857,0.21108878,9262.189,4.264775,0,,,,,457.59736965678786,0.00060651917,732.6708837235816,0.0006190572,-0.0024624213,-0.013355165
0.99964374,0.00046044457,0,0.001607188,457.5965412769957,732.6714547299588,2195,6900.0073,3.1848545,725.1669,0.2113466,9257.078,4.2638903,0,,,,,457.5965412769957,0.00060669146,732.6714547299588,0.00061930745,-0.0025893801,-0.014292759
1.0006943,0.0004604498,0,0.0016079624,457.59469960712283,732.6709944577751,2196,6907.026,3.1855617,726.44574,0.21096078,9266.806,4.263939,0,,,,,457.59469960712283,0.00060599536,732.6709944577751,0.0006186393,-0.0025526637,-0.014260143
1.0006052,0.00046057388,0,0.0016087368,457.5963162606391,732.6708389208534,2197,6906.541,3.18547,725.7037,0.21125902,9265.981,4.2650876,0,,,,,457.5963162606391,0.0006058921,732.6708389208534,0.0006182899,-0.0022785915,-0.01450456
0.99989253,0.0004605785,0,0.0016095111,457.59807615791226,732.6711857488726,2198,6901.959,3.185039,725.6806,0.21125442,9259.382,4.2651305,0,,,,,457.59807615791226,0.0006065198,732.6711857488726,0.0006191058,-0.0018562817,-0.014323132
0.9996015,0.00046063098,0,0.0016102853,457.59704176579356,732.6708911344399,2199,6899.9404,3.184977,726.226,0.21123488,9256.687,4.2656164,0,,,,,457.59704176579356,0.00060681556,732.6708911344399,0.0006193149,-0.0022490239,-0.014377956
1.0001138,0.0004606528,0,0.0016110593,457.59603522260306,732.6716281073291,2200,6903.4507,3.1852312,725.4175,0.21105553,9261.431,4.2658186,0,,,,,457.59603522260306,0.000606841,732.6716281073291,0.00061945413,-0.002170247,-0.014139224
0.9999742,0.00046057324,0,0.0016118332,457.5970004321742,732.6703540236476,2201,6902.5225,3.1850045,725.7004,0.21137853,9260.138,4.265082,0,,,,,457.5970004321742,0.0006066976,732.6703540236476,0.0006191476,-0.0020975373,-0.014473451
0.9995483,0.0004603642,0,0.0016126072,457.59614825143063,732.6715183430204,2202,6899.1143,3.1848059,725.80927,0.21086551,9256.194,4.263146,0,,,,,457.59614825143063,0.0006067214,732.6715183430204,0.00061932456,-0.0022441004,-0.014609672
1.0001456,0.00046045924,0,0.001613381,457.5969664355899,732.6710126075734,2203,6902.8696,3.1850953,725.71985,0.21180768,9261.725,4.264026,0,,,,,457.5969664355899,0.00060635287,732.6710126075734,0.00061890524,-0.002304557,-0.014979703
1.0000699,0.00046039914,0,0.0016141547,457.597267054469,732.6725489076622,2204,6902.6304,3.185213,726.40466,0.2112589,9261.023,4.2634697,0,,,,,457.597267054469,0.0006068378,732.6725489076622,0.0006194448,-0.0022894726,-0.014381211
0.9999825,0.00046033843,0,0.0016149282,457.59632089675597,732.6716146273318,2205,6902.4326,3.184945,725.7581,0.21149528,9260.215,4.2629075,0,,,,,457.59632089675597,0.0006065892,732.6716146273318,0.00061926706,-0.0024606558,-0.01416356
1.0000689,0.00046042932,0,0.0016157017,457.5965684004291,732.6705239178357,2206,6903.0864,3.185094,725.5704,0.21119641,9261.015,4.263749,0,,,,,457.5965684004291,0.00060665957,732.6705239178357,0.00061931135,-0.0025563147,-0.014034477
1.0006567,0.00046062082,0,0.0016164752,457.5974625155466,732.6715305562916,2207,6907.022,3.1855507,726.1051,0.21106471,9266.459,4.2655225,0,,,,,457.5974625155466,0.00060609885,732.6715305562916,0.00061872223,-0.0026365982,-0.014224571
1.0004766,0.00046058194,0,0.0016172485,457.59675986784106,732.6711552703541,2208,6905.9375,3.1854692,725.8428,0.21139708,9264.79,4.2651625,0,,,,,457.59675986784106,0.0006060762,732.6711552703541,0.0006187004,-0.0024757949,-0.014219736
0.99956477,0.000460419,0,0.0016180217,457.5953051910687,732.6694301346936,2209,6899.119,3.1846287,725.0246,0.21107753,9256.347,4.2636533,0,,,,,457.5953051910687,0.0006060465,732.6694301346936,0.00061853393,-0.0024084253,-0.014665888
0.99938023,0.00046038354,0,0.0016187949,457.59582158505435,732.6710198807697,2210,6897.46,3.184524,725.5677,0.2111134,9254.638,4.263325,0,,,,,457.59582158505435,0.00060680846,732.6710198807697,0.0006194055,-0.0024509188,-0.014933949
1.0010431,0.00046046806,0,0.0016195679,457.5972982813048,732.6706170636336,2211,6908.9688,3.1855967,725.67847,0.21110976,9270.036,4.2641077,0,,,,,457.5972982813048,0.0006057544,732.6706170636336,0.0006183479,-0.0023129247,-0.01472363
1.0011513,0.00046064498,0,0.0016203409,457.59557522354726,732.6721579096796,2212,6910.118,3.1857867,725.4101,0.21100484,9271.039,4.265746,0,,,,,457.59557522354726,0.0006058158,732.6721579096796,0.00061838445,-0.0024312832,-0.014559449
1.0010222,0.00046053962,0,0.0016211136,457.5963534398224,732.6710181556039,2213,6909.219,3.185707,724.76166,0.21129468,9269.843,4.2647705,0,,,,,457.5963534398224,0.0006063153,732.6710181556039,0.0006188819,-0.0024651224,-0.014424398
0.99962986,0.00046053968,0,0.0016218864,457.5966006527638,732.6703022604042,2214,6899.6406,3.1847215,725.7856,0.21120892,9256.949,4.264771,0,,,,,457.5966006527638,0.00060674234,732.6703022604042,0.00061924756,-0.0025821824,-0.014534059
1.00007,0.00046053494,0,0.001622659,457.59507757506094,732.6724637763767,2215,6902.7085,3.1851184,725.4355,0.21111166,9261.024,4.264727,0,,,,,457.59507757506094,0.0006066411,732.6724637763767,0.00061941077,-0.0029085353,-0.013931848
0.9997676,0.00046037824,0,0.0016234317,457.59690005098696,732.6712820184134,2216,6900.5454,3.184781,725.5369,0.2111376,9258.225,4.263276,0,,,,,457.59690005098696,0.000606857,732.6712820184134,0.0006194267,-0.0028803372,-0.014205087
1.0005693,0.0004603474,0,0.0016242041,457.59630974821096,732.6707402722027,2217,6905.57,3.185314,725.5215,0.211549,9265.649,4.2629905,0,,,,,457.59630974821096,0.0006062057,732.6707402722027,0.0006187668,-0.0028120212,-0.014789274
1.0001757,0.00046031264,0,0.0016249765,457.59674417808856,732.6709019275903,2218,6902.6367,3.1849847,724.7535,0.21108405,9262.004,4.2626686,0,,,,,457.59674417808856,0.00060672377,732.6709019275903,0.0006193647,-0.0028122468,-0.015190836
0.99900925,0.0004603226,0,0.0016257487,457.59662217406424,732.6705949375682,2219,6895.031,3.184367,725.49023,0.2111685,9251.202,4.2627606,0,,,,,457.59662217406424,0.00060693023,732.6705949375682,0.00061944954,-0.0024851304,-0.014536562
1.0004996,0.00046045115,0,0.0016265209,457.5966888061355,732.6701307143627,2220,6905.427,3.1853497,725.4549,0.2111971,9265.004,4.2639513,0,,,,,457.5966888061355,0.00060656905,732.6701307143627,0.000619052,-0.002944134,-0.014651188
1.0010581,0.00046061695,0,0.0016272931,457.59526886328956,732.67013822676,2221,6909.253,3.1857052,724.6985,0.21125485,9270.176,4.2654867,0,,,,,457.59526886328956,0.0006059348,732.67013822676,0.00061857514,-0.0026873958,-0.014601844
1.0010293,0.00046055642,0,0.001628065,457.5961352842021,732.6706635939241,2222,6909.0806,3.1856499,725.7948,0.21094005,9269.908,4.264926,0,,,,,457.5961352842021,0.00060624804,732.6706635939241,0.00061883277,-0.0028843058,-0.014510707
1.0004513,0.0004605681,0,0.0016288368,457.59617552006125,732.6718231313396,2223,6905.096,3.185319,725.2873,0.2109247,9264.557,4.265034,0,,,,,457.59617552006125,0.0006062468,732.6718231313396,0.00061890634,-0.0028165202,-0.014330369
1.0004177,0.00046041413,0,0.0016296087,457.59572657022557,732.6697845103396,2224,6904.5347,3.1852193,724.8946,0.2112284,9264.245,4.2636085,0,,,,,457.59572657022557,0.0006065637,732.6697845103396,0.00061911996,-0.0029215005,-0.014723142
1.0002458,0.00046036177,0,0.0016303804,457.5963834125024,732.6711436701428,2225,6902.9126,3.1849675,725.0666,0.21115586,9262.653,4.2631235,0,,,,,457.5963834125024,0.0006067046,732.6711436701428,0.0006193427,-0.0029731612,-0.015138034
1.0006452,0.00046032944,0,0.001631152,457.5959236696055,732.669726298043,2226,6905.6426,3.1853375,725.2624,0.21135804,9266.352,4.262824,0,,,,,457.5959236696055,0.0006066343,732.669726298043,0.0006191341,-0.0028841472,-0.015277376
1.0002354,0.00046026887,0,0.0016319235,457.59699429288173,732.6702063676469,2227,6903.387,3.1850827,724.90283,0.21126872,9262.558,4.2622633,0,,,,,457.59699429288173,0.00060588674,732.6702063676469,0.00061835663,-0.0032474264,-0.0142808985
1.0000298,0.00046039958,0,0.001632695,457.59568804917103,732.6714773756356,2228,6901.9414,3.184969,724.2761,0.21106282,9260.653,4.2634735,0,,,,,457.59568804917103,0.0006064066,732.6714773756356,0.00061907544,-0.0029355814,-0.014493003
1.0001175,0.000460356,0,0.0016334662,457.5945423617396,732.6729505940043,2229,6902.598,3.1850266,724.8129,0.2111014,9261.466,4.26307,0,,,,,457.5945423617396,0.00060625764,732.6729505940043,0.0006189687,-0.003096919,-0.01447967
1.0003853,0.00046045313,0,0.0016342375,457.59633903678,732.6709033286029,2230,6904.3384,3.185126,724.7129,0.21098234,9263.944,4.2639694,0,,,,,457.59633903678,0.0006064704,732.6709033286029,0.00061914156,-0.0031277898,-0.014570007
1.0004306,0.00046050313,0,0.0016350086,457.59497652075356,732.6707507493948,2231,6904.7817,3.1852467,725.1276,0.21130581,9264.364,4.2644324,0,,,,,457.59497652075356,0.00060606207,732.6707507493948,0.0006187959,-0.003206602,-0.014599328
1.0009481,0.00046023994,0,0.0016357796,457.59667759113665,732.6704416025275,2232,6907.942,3.185425,724.4481,0.21108879,9269.156,4.2619953,0,,,,,457.59667759113665,0.0006058635,732.6704416025275,0.0006184015,-0.0027489122,-0.015031891
0.99948084,0.0004603075,0,0.0016365505,457.59622239812484,732.6683068897822,2233,6897.3457,3.1844718,724.2005,0.21138637,9255.569,4.262621,0,,,,,457.59622239812484,0.0006057301,732.6683068897822,0.00061830087,-0.0030008832,-0.015796296
0.99969226,0.0004602165,0,0.0016373214,457.5956272372272,732.6697892050023,2234,6898.892,3.1846437,724.21216,0.21134284,9257.527,4.2617784,0,,,,,457.5956272372272,0.0006070552,732.6697892050023,0.00061963,-0.0029904516,-0.0154814115
0.9999061,0.0004602575,0,0.0016380921,457.5954555850054,732.6699209978729,2235,6900.8105,3.1847444,724.4781,0.21118279,9259.508,4.262158,0,,,,,457.5954555850054,0.000605833,732.6699209978729,0.0006184643,-0.0029227766,-0.015200918
0.9998859,0.0004603594,0,0.0016388628,457.5963283415415,732.6715382925487,2236,6900.6353,3.184966,727.15027,0.21145464,9259.32,4.2631016,0,,,,,457.5963283415415,0.0006063688,732.6715382925487,0.00061890634,-0.002853342,-0.014977516
1.0004176,0.00046039643,0,0.0016396333,457.5969786738084,732.6708266904574,2237,6904.2646,3.185114,725.1497,0.21113762,9264.244,4.2634444,0,,,,,457.5969786738084,0.0006066102,732.6708266904574,0.0006192486,-0.002882877,-0.01513439
1.0002228,0.0004603198,8192,0.0016404038,457.595354942448,732.6702816371007,2238,6903.0283,3.1850808,723.6493,0.21127875,9262.44,4.262735,8192,,,,,457.595354942448,0.0006064639,732.6702816371007,0.00061903003,-0.0026737072,-0.015026018
1.0002645,0.00046042277,0,0.0016411741,457.5959461955382,732.6700039004998,2239,6903.291,3.1850111,724.83655,0.21126609,9262.826,4.2636886,0,,,,,457.5959461955382,0.0006068824,732.6700039004998,0.000619483,-0.0028990994,-0.015307104
1.000202,0.00046029966,8192,0.0016419444,457.59701346842695,732.6698089231833,2240,6902.586,3.1849008,723.99164,0.21139075,9262.247,4.2625484,8192,,,,,457.59701346842695,0.0006066306,732.6698089231833,0.0006191476,-0.003066854,-0.015200728
0.999501,0.000460008,0,0.0016427146,457.59623443748717,732.6704716369245,2241,6897.155,3.184436,724.6549,0.2112403,9255.756,4.2598476,0,,,,,457.59623443748717,0.0006065177,732.6704716369245,0.00061915914,-0.003078072,-0.015789067
1.0004861,0.00046015054,0,0.0016434846,457.59580915240235,732.6698712484465,2242,6904.0415,3.1849627,724.0749,0.21143356,9264.879,4.2611675,0,,,,,457.59580915240235,0.000606184,732.6698712484465,0.0006187203,-0.0030904005,-0.01590532
1.0005071,0.00046032236,0,0.0016442545,457.5960950852401,732.6700905015052,2243,6904.571,3.1850889,724.4374,0.21115743,9265.073,4.2627587,0,,,,,457.5960950852401,0.0006066486,732.6700905015052,0.0006192048,-0.0034926138,-0.015446349
1.0007252,0.0004601364,0,0.0016450244,457.59567510397017,732.6703468155506,2244,6906.213,3.1853225,724.0861,0.2113038,9267.092,4.2610364,0,,,,,457.59567510397017,0.0006068933,732.6703468155506,0.0006196004,-0.0037806192,-0.014685949
1.000746,0.00046001733,0,0.0016457943,457.5954434775956,732.6712606839541,2245,6906.344,3.185279,723.954,0.2113181,9267.285,4.259934,0,,,,,457.5954434775956,0.0006060173,732.6712606839541,0.00061870535,-0.00393344,-0.014688929
0.9997992,0.00045997996,0,0.0016465639,457.5940202345425,732.6706699279606,2246,6899.862,3.184859,724.25323,0.21134323,9258.518,4.259588,0,,,,,457.5940202345425,0.0006069153,732.6706699279606,0.0006196563,-0.0041954974,-0.014240138
1.0003406,0.00046005132,0,0.0016473335,457.59357911254875,732.6705437321027,2247,6903.4595,3.1850753,724.43365,0.21131429,9263.531,4.2602487,0,,,,,457.59357911254875,0.00060599286,732.6705437321027,0.0006187714,-0.0045726774,-0.01405112
1.0000306,0.0004600991,0,0.0016481029,457.5944642402376,732.6701955422537,2248,6901.356,3.1848774,724.49786,0.21130864,9260.661,4.260691,0,,,,,457.5944642402376,0.00060682313,732.6701955422537,0.00061944046,-0.0041518873,-0.014337276
0.99986047,0.00045983685,0,0.0016488723,457.5952120244045,732.6709716586411,2249,6899.961,3.1844351,723.9718,0.21120338,9259.085,4.2582626,0,,,,,457.5952120244045,0.0006063825,732.6709716586411,0.0006190376,-0.0043520005,-0.014398662
0.9995767,0.00045975874,0,0.0016496415,457.59484495249035,732.6721982908223,2250,6897.5854,3.1843932,723.44257,0.21134537,9256.457,4.2575393,0,,,,,457.59484495249035,0.00060639135,732.6721982908223,0.00061906787,-0.004367271,-0.014776806
0.9999944,0.00045970245,0,0.0016504108,457.5956534485166,732.6704542805523,2251,6900.338,3.184607,723.036,0.21102957,9260.325,4.257018,0,,,,,457.5956534485166,0.00060644315,732.6704542805523,0.00061905145,-0.0044079376,-0.015029277
1.0010306,0.0004600058,0,0.0016511799,457.59460769725274,732.6704916964675,2252,6908.042,3.185457,723.1467,0.21099341,9269.92,4.259827,0,,,,,457.59460769725274,0.00060619705,732.6704916964675,0.00061887316,-0.0043856353,-0.014610303
1.0000553,0.0004599003,0,0.0016519489,457.595017110473,732.6711077486618,2253,6901.182,3.1847212,723.88477,0.21136792,9260.889,4.25885,0,,,,,457.595017110473,0.0006061276,732.6711077486618,0.00061884674,-0.0043442883,-0.014152164
1.0008157,0.00045997556,0,0.0016527177,457.5949235696301,732.6708094464723,2254,6906.495,3.185316,723.9215,0.21075033,9267.932,4.259547,0,,,,,457.5949235696301,0.00060617435,732.6708094464723,0.0006188607,-0.00434055,-0.01452846
0.999482,0.00045988345,0,0.0016534865,457.59482535648465,732.6721206326771,2255,6897.297,3.184505,723.66425,0.21100812,9255.58,4.258694,0,,,,,457.59482535648465,0.0006067448,732.6721206326771,0.0006195301,-0.0041738614,-0.0144595085
1.0012648,0.0004602398,128,0.0016542552,457.595319393155,732.6704023215407,2256,6909.6333,3.1865826,724.3553,0.21127962,9272.09,4.261994,128,,,,,457.595319393155,0.00060624187,732.6704023215407,0.0006189557,-0.0037464844,-0.015118805
1.0001271,0.00046023974,0,0.0016550238,457.59513017909956,732.6705590661725,2257,6901.694,3.1848006,722.8156,0.21159029,9261.554,4.2619934,0,,,,,457.59513017909956,0.0006063374,732.6705590661725,0.00061899965,-0.0037117042,-0.014928659
1.0001554,0.00046029492,0,0.0016557924,457.59562621034377,732.6684927299973,2258,6901.74,3.1847615,723.7218,0.21117385,9261.816,4.2625046,0,,,,,457.59562621034377,0.00060627295,732.6684927299973,0.0006187268,-0.0033676077,-0.015972434
0.999179,0.00045972498,0,0.0016565607,457.59673649842114,732.6695142001049,2259,6894.307,3.1841996,722.9833,0.21130767,9252.774,4.2572265,0,,,,,457.59673649842114,0.00060714845,732.6695142001049,0.0006197137,-0.0032832674,-0.016362434
1.0004327,0.0004600075,0,0.001657329,457.5965208719339,732.6696625307986,2260,6902.919,3.1847825,723.15497,0.21108991,9264.384,4.259843,0,,,,,457.5965208719339,0.0006065239,732.6696625307986,0.0006191195,-0.0032951091,-0.01654405
1.0007577,0.0004602546,8192,0.0016580973,457.5976537828871,732.668778562489,2261,6905.648,3.1850495,723.2919,0.21121693,9267.394,4.262131,8192,,,,,457.5976537828871,0.0006059976,732.668778562489,0.00061840564,-0.00303748,-0.016224936
1.0001966,0.00046022978,0,0.0016588653,457.5956937501821,732.6690223806856,2262,6901.7876,3.1847174,722.7145,0.21119185,9262.197,4.2619014,0,,,,,457.5956937501821,0.00060618995,732.6690223806856,0.0006186654,-0.003156654,-0.016340027
0.9999164,0.00046036518,0,0.0016596334,457.59585947760127,732.6692455085662,2263,6899.9385,3.1846385,723.1158,0.21123573,9259.603,4.263155,0,,,,,457.59585947760127,0.0006068678,732.6692455085662,0.000619441,-0.0031035368,-0.016198022
1.0002531,0.0004603295,0,0.0016604012,457.5967635008635,732.669833126333,2264,6902.274,3.1848297,722.2288,0.2112114,9262.721,4.2628245,0,,,,,457.5967635008635,0.0006068138,732.669833126333,0.00061933196,-0.0029633215,-0.016252859
0.99985605,0.00046014617,0,0.001661169,457.5959935447063,732.6702052361529,2265,6899.4727,3.1845257,722.76324,0.2112435,9259.044,4.261127,0,,,,,457.5959935447063,0.0006068834,732.6702052361529,0.00061945943,-0.003112377,-0.016297469
1.0004195,0.00046033808,0,0.0016619368,457.5963739445872,732.6701848459652,2266,6903.32,3.1849203,722.2487,0.21107087,9264.262,4.262904,0,,,,,457.5963739445872,0.0006067828,732.6701848459652,0.0006193034,-0.003213145,-0.016133498
0.99950033,0.00046030543,0,0.0016627043,457.59650736166486,732.6689076402561,2267,6897.0225,3.18411,722.3466,0.21106063,9255.75,4.262602,0,,,,,457.59650736166486,0.0006065666,732.6689076402561,0.0006190231,-0.0029694338,-0.016708681
1.0008123,0.00046035487,0,0.0016642392,457.59690996470766,732.6679568121965,2269,6905.2783,3.1851397,723.1919,0.21116638,9267.899,4.2630596,0,,,,,457.59690996470766,0.00060606503,732.6679568121965,0.0006185596,-0.0030758134,-0.017515147
0.9996866,0.0004601633,0,0.0016650065,457.5960398748306,732.6680946371981,2270,6897.3906,3.1842291,723.1846,0.21115355,9257.475,4.261286,0,,,,,457.5960398748306,0.000606803,732.6680946371981,0.0006192142,-0.0029764967,-0.017763799
1.0002013,0.0004601692,0,0.0016657738,457.59562844640294,732.6687091152123,2271,6901.135,3.1846235,722.12714,0.21132119,9262.241,4.26134,0,,,,,457.59562844640294,0.0006062844,732.6687091152123,0.00061887584,-0.0031512626,-0.017285788
1.0005898,0.00046036404,0,0.0016665409,457.59511024493463,732.669156754085,2272,6904.173,3.184757,723.0148,0.2109983,9265.839,4.2631445,0,,,,,457.59511024493463,0.0006060138,732.669156754085,0.00061860937,-0.00313972,-0.016788034
1.0004824,0.0004604202,0,0.0016673079,457.5957209762428,732.6686923192422,2273,6903.595,3.1847637,722.6388,0.21122856,9264.845,4.2636647,0,,,,,457.5957209762428,0.000606156,732.6686923192422,0.00061876356,-0.0032092028,-0.01683593
0.999509,0.00046024183,0,0.0016680748,457.5963915869118,732.6683790038423,2274,6896.864,3.1842134,723.488,0.2112756,9255.83,4.262013,0,,,,,457.5963915869118,0.0006066307,732.6683790038423,0.0006191376,-0.0030336822,-0.01676193
0.99989474,0.0004602382,0,0.0016688416,457.59565018206365,732.6690364310917,2275,6899.0537,3.184488,722.7887,0.2113902,9259.402,4.261979,0,,,,,457.59565018206365,0.00060685904,732.6690364310917,0.0006194814,-0.0031932888,-0.017558018
0.99926615,0.00046025764,0,0.0016696083,457.59739861098166,732.6691322527138,2276,6894.4487,3.1839092,723.1381,0.21119742,9253.581,4.2621593,0,,,,,457.59739861098166,0.00060683425,732.6691322527138,0.00061933335,-0.0031454177,-0.017749226
1.0005007,0.00046027242,0,0.0016703749,457.5967721892781,732.6676267289051,2277,6902.8535,3.1849747,723.01245,0.21100551,9265.014,4.262296,0,,,,,457.5967721892781,0.00060685776,732.6676267289051,0.0006193502,-0.0032785167,-0.018015767
0.9994116,0.00046022216,0,0.0016711414,457.59632987695875,732.6681137175367,2278,6895.8657,3.1841753,722.3189,0.21113816,9254.928,4.261831,0,,,,,457.59632987695875,0.00060691586,732.6681137175367,0.00061943074,-0.0030208703,-0.01735589
1.000704,0.00046047056,0,0.0016719078,457.5962750937391,732.6680571656763,2279,6904.917,3.184994,722.35516,0.21131808,9266.896,4.264131,0,,,,,457.5962750937391,0.00060676754,732.6680571656763,0.000619269,-0.0031017165,-0.017731776
0.9998544,0.0004602943,0,0.0016726741,457.59464785281614,732.6673100683952,2280,6898.975,3.184367,722.7027,0.21113127,9259.028,4.262499,0,,,,,457.59464785281614,0.00060629396,732.6673100683952,0.0006188309,-0.0029830278,-0.017636549
1.0003912,0.00046033313,0,0.0016734403,457.59588964649015,732.667728398242,2281,6902.444,3.1848176,722.9496,0.21114312,9264.0,4.2628584,0,,,,,457.59588964649015,0.00060667493,732.667728398242,0.0006190728,-0.0031638595,-0.017874453
1.0002761,0.00045988872,0,0.0016749725,457.59645918324264,732.6675786503681,2283,6901.0635,3.1846385,722.65186,0.2113152,9262.934,4.258743,0,,,,,457.59645918324264,0.0006063646,732.6675786503681,0.0006187757,-0.003175136,-0.01834227
0.9997853,0.00046040426,0,0.0016757384,457.5963546793964,732.6683977500861,2284,6898.2773,3.1842918,722.3117,0.21149701,9258.389,4.263517,0,,,,,457.5963546793964,0.0006067039,732.6683977500861,0.00061921263,-0.0031709436,-0.018098889
1.0004109,0.00046040677,0,0.0016765042,457.5954775106686,732.6678378434781,2285,6902.603,3.1847286,722.4675,0.21109344,9264.182,4.2635403,0,,,,,457.5954775106686,0.00060642173,732.6678378434781,0.0006187721,-0.0030149801,-0.01807004
0.99949056,0.00046040944,0,0.0016772698,457.5969134369425,732.6675100496584,2286,6896.372,3.1842117,722.6154,0.2113549,9255.659,4.263565,0,,,,,457.5969134369425,0.0006064947,732.6675100496584,0.0006188917,-0.0031983114,-0.01788498
1.000264,0.0004604212,0,0.0016780355,457.5969903514841,732.6672351617867,2287,6901.486,3.184674,722.087,0.21104689,9262.822,4.263674,0,,,,,457.5969903514841,0.0006064754,732.6672351617867,0.0006189124,-0.0030291434,-0.018218279
1.0008671,0.00046033406,0,0.0016788009,457.595498240363,732.6672946432919,2288,6905.1343,3.185126,722.58923,0.21111204,9268.407,4.262867,0,,,,,457.595498240363,0.00060653547,732.6672946432919,0.00061901304,-0.0033042869,-0.018898996
0.99935037,0.00046000085,0,0.0016795663,457.59657120061024,732.667786655471,2289,6894.506,3.1839256,722.3058,0.21109998,9254.361,4.2597814,0,,,,,457.59657120061024,0.00060726266,732.667786655471,0.000619594,-0.0032854343,-0.018947897
0.9995266,0.00046029556,0,0.0016803317,457.59641621147364,732.66763437392,2290,6895.9316,3.18416,723.4265,0.21117494,9255.993,4.2625103,0,,,,,457.59641621147364,0.0006073785,732.66763437392,0.0006197953,-0.00314294,-0.018953485
1.0000019,0.0004603109,0,0.0016810969,457.5971776395839,732.6677106809966,2291,6899.452,3.184437,723.08264,0.21124558,9260.395,4.2626524,0,,,,,457.5971776395839,0.00060580176,732.6677106809966,0.0006181726,-0.0031209702,-0.018657027
1.0003089,0.00046049364,0,0.0016818619,457.59585495503234,732.6671395301007,2292,6901.693,3.1847072,722.69836,0.211153,9263.237,4.2643447,0,,,,,457.59585495503234,0.000606367,732.6671395301007,0.00061877846,-0.0031931824,-0.01874901
0.99993366,0.00046048153,0,0.0016826269,457.59619187540284,732.6683266940831,2293,6899.185,3.1844246,721.9708,0.21132645,9259.763,4.2642326,0,,,,,457.59619187540284,0.00060650625,732.6683266940831,0.00061904115,-0.00309685,-0.018546026
1.0003175,0.00046053855,0,0.0016833919,457.59534327027006,732.6676309037916,2294,6901.313,3.1846368,721.65125,0.21149138,9263.316,4.2647605,0,,,,,457.59534327027006,0.0006065109,732.6676309037916,0.0006190176,-0.0031577398,-0.019366859
1.0007321,0.0004603041,8192,0.0016841566,457.59499586617187,732.66673057049,2295,6903.7993,3.1849406,722.13153,0.21118969,9267.156,4.2625895,8192,,,,,457.59499586617187,0.0006063466,732.66673057049,0.000618829,-0.0031598804,-0.019395394
1.0000354,0.00046024745,0,0.0016849213,457.5976807761796,732.6652230257268,2296,6898.8535,3.1844878,723.08746,0.21103874,9260.705,4.262065,0,,,,,457.5976807761796,0.0006066344,732.6652230257268,0.00061891024,-0.0033210504,-0.019782767
0.9999593,0.00046051928,0,0.001685686,457.5966219397118,732.6674016159172,2297,6898.8823,3.1844249,723.0515,0.211192,9260.0,4.264582,0,,,,,457.5966219397118,0.0006064576,732.6674016159172,0.0006188899,-0.0031886385,-0.019211357
1.0005553,0.00046032242,0,0.0016864504,457.5954949394013,732.6671040531002,2298,6902.9805,3.184757,723.3844,0.21095398,9265.52,4.262759,0,,,,,457.5954949394013,0.0006065038,732.6671040531002,0.0006189745,-0.0032435397,-0.019099923
1.0003587,0.0004604777,0,0.0016872148,457.59611260805826,732.6679691396486,2299,6901.7764,3.1847823,722.03845,0.21128537,9263.698,4.264197,0,,,,,457.59611260805826,0.00060651056,732.6679691396486,0.0006189593,-0.003151095,-0.019173862
1.0000618,0.00046045493,0,0.0016879791,457.59533803032673,732.6672232487899,2300,6899.5083,3.1845617,722.2656,0.21117355,9260.948,4.263986,0,,,,,457.59533803032673,0.000606602,732.6672232487899,0.00061910413,-0.0032846287,-0.01937278
1.0006367,0.00046044565,0,0.0016887432,457.5957260542881,732.6646906635963,2301,6902.882,3.1847575,722.3183,0.21119608,9266.273,4.2639003,0,,,,,457.5957260542881,0.0006062356,732.6646906635963,0.0006185204,-0.00320843,-0.020300722
1.0005885,0.00046046748,0,0.0016895074,457.59637689373466,732.665724586483,2302,6902.4956,3.1847153,723.15674,0.21099485,9265.827,4.2641025,0,,,,,457.59637689373466,0.00060637575,732.665724586483,0.00061874144,-0.0032958356,-0.020224225
1.0000105,0.00046039312,0,0.0016902713,457.5943575015891,732.6662316203008,2303,6898.8955,3.1843133,722.6388,0.21114407,9260.475,4.263414,0,,,,,457.5943575015891,0.0006066221,732.6662316203008,0.00061905605,-0.00332061,-0.01979313
1.000548,0.00046057897,0,0.0016910352,457.59628815260794,732.6670958659241,2304,6902.7817,3.1848712,722.4079,0.21126632,9265.452,4.265135,0,,,,,457.59628815260794,0.00060657685,732.6670958659241,0.0006189444,-0.0031496985,-0.019597994
1.0002525,0.0004605203,0,0.0016917989,457.59573256447663,732.6659121011619,2305,6900.859,3.1845422,722.36224,0.21096899,9262.715,4.2645917,0,,,,,457.59573256447663,0.000606327,732.6659121011619,0.0006187966,-0.0033481247,-0.019699872
1.0005934,0.00046047335,0,0.0016925626,457.5958733060846,732.6660410297411,2306,6903.057,3.1848238,723.00085,0.21137275,9265.872,4.264157,0,,,,,457.5958733060846,0.00060609943,732.6660410297411,0.0006185061,-0.0032623175,-0.019561188
1.0002799,0.00046045563,0,0.0016933262,457.5964641648267,732.6663281140791,2307,6900.426,3.1845274,723.4852,0.21111074,9262.969,4.263993,0,,,,,457.5964641648267,0.00060648564,732.6663281140791,0.00061886327,-0.003321887,-0.020348087
1.0002044,0.00046036526,0,0.0016940896,457.59681395894637,732.6669551495327,2308,6899.548,3.1845586,722.1058,0.21138632,9262.2705,4.263156,0,,,,,457.59681395894637,0.00060670037,732.6669551495327,0.000619135,-0.0032092058,-0.020505376
1.0003794,0.00046038313,0,0.0016948531,457.59731483193076,732.6657814398047,2309,6900.778,3.184505,722.2599,0.21125829,9263.891,4.2633214,0,,,,,457.59731483193076,0.00060669315,732.6657814398047,0.00061906583,-0.0032449907,-0.02067938
1.0004976,0.00046051125,0,0.0016956163,457.595676408946,732.666269099473,2310,6902.2,3.184629,722.29987,0.21122977,9264.984,4.264508,0,,,,,457.595676408946,0.0006061218,732.666269099473,0.00061852526,-0.0034978506,-0.019797798
1.0003853,0.00046037752,0,0.0016963794,457.59564732882814,732.666424296456,2311,6901.234,3.184494,722.751,0.2111269,9263.944,4.2632694,0,,,,,457.59564732882814,0.0006062442,732.666424296456,0.00061863783,-0.0037297944,-0.020035444
1.0006615,0.0004604978,0,0.0016971425,457.5976937501023,732.6665719857339,2312,6903.3184,3.1846247,722.58026,0.21108039,9266.503,4.2643833,0,,,,,457.5976937501023,0.0006061552,732.6665719857339,0.00061851705,-0.003563045,-0.020061996
1.0009245,0.0004605266,0,0.0016979055,457.595949810859,732.6659155065802,2313,6904.887,3.1849673,722.40466,0.2110487,9268.9375,4.26465,0,,,,,457.595949810859,0.00060585665,732.6659155065802,0.0006182734,-0.0033391765,-0.020245707
0.99955803,0.00046036651,0,0.0016986683,457.59600035100163,732.6652014936678,2314,6895.0547,3.1838634,721.5532,0.21116067,9256.284,4.2631674,0,,,,,457.59600035100163,0.00060687814,732.6652014936678,0.0006192287,-0.0032383294,-0.0209526
1.0004356,0.0004604198,0,0.001699431,457.5952807878851,732.6657231582544,2315,6900.8354,3.1845074,722.6447,0.21105127,9264.411,4.263661,0,,,,,457.5952807878851,0.00060631626,732.6657231582544,0.00061863754,-0.0036170634,-0.02100471
1.0002737,0.00046039684,0,0.0017001936,457.59560719879255,732.6657130073138,2316,6900.163,3.1844726,721.53735,0.21106704,9262.912,4.263448,0,,,,,457.59560719879255,0.00060658104,732.6657130073138,0.0006189578,-0.0035366602,-0.02068519
1.0003555,0.00046046186,0,0.0017009563,457.59675294888774,732.6662217768326,2317,6900.842,3.184617,721.65936,0.21113883,9263.669,4.2640505,0,,,,,457.59675294888774,0.00060678745,732.6662217768326,0.0006191586,-0.0033463675,-0.020545771
1.0009803,0.00046050735,0,0.0017017187,457.596055021694,732.6652255581143,2318,6905.2476,3.1850057,722.0654,0.21119599,9269.454,4.2644715,0,,,,,457.596055021694,0.0006059971,732.6652255581143,0.00061838084,-0.0034787168,-0.020333167
1.0008546,0.00046062813,0,0.001702481,457.59408475279076,732.6664893954019,2319,6904.356,3.184796,722.4418,0.21093756,9268.291,4.26559,0,,,,,457.59408475279076,0.00060625287,732.6664893954019,0.00061875785,-0.003599733,-0.020419193
1.0001318,0.00046039277,0,0.0017032432,457.5957963985868,732.6659675871442,2320,6898.979,3.1843944,721.67786,0.21148132,9261.598,4.2634106,0,,,,,457.5957963985868,0.0006064848,732.6659675871442,0.00061881094,-0.0034507408,-0.020913886
0.9996478,0.0004603332,0,0.0017040053,457.59586484528336,732.6656430021465,2321,6895.2764,3.1839714,721.5127,0.21157585,9257.115,4.262859,0,,,,,457.59586484528336,0.0006068633,732.6656430021465,0.00061936775,-0.0034696783,-0.021178862
1.0004466,0.00046036713,0,0.0017047673,457.5964713672457,732.6658828698054,2322,6900.839,3.1845837,722.3232,0.2110414,9264.512,4.263173,0,,,,,457.5964713672457,0.00060688495,732.6658828698054,0.0006192196,-0.0035498503,-0.021248743
1.0004013,0.000460513,0,0.0017055293,457.5958757130437,732.6667498323121,2323,6900.922,3.1846077,721.62354,0.21129735,9264.093,4.264524,0,,,,,457.5958757130437,0.00060668273,732.6667498323121,0.00061908964,-0.0033822935,-0.020742005
1.000144,0.00046042434,0,0.0017062911,457.59621036333164,732.665754075419,2324,6899.2773,3.1843312,721.6294,0.21103084,9261.711,4.263703,0,,,,,457.59621036333164,0.00060626754,732.665754075419,0.0006186619,-0.0037541997,-0.020970603
1.001164,0.0004605055,0,0.0017070528,457.59628638153185,732.6655336311433,2325,6906.23,3.1852427,722.6565,0.21108082,9271.155,4.2644544,0,,,,,457.59628638153185,0.0006064912,732.6655336311433,0.00061887805,-0.0040034153,-0.020243896
1.0001447,0.00046035583,0,0.0017078144,457.59482984456827,732.6660903757089,2326,6899.2095,3.1843586,722.6216,0.21117781,9261.717,4.2630687,0,,,,,457.59482984456827,0.0006064266,732.6660903757089,0.00061894325,-0.0042154286,-0.020354597
1.0001836,0.0004601283,0,0.0017085759,457.59474937262775,732.6649021637543,2327,6898.9097,3.184438,721.67804,0.21100897,9262.077,4.2609615,0,,,,,457.59474937262775,0.00060628407,732.6649021637543,0.0006186091,-0.0043846355,-0.020558398
0.99945766,0.00046000935,0,0.0017093372,457.59485455078635,732.6658492171565,2328,6893.6157,3.1839218,723.11475,0.21100946,9255.3545,4.25986,0,,,,,457.59485455078635,0.0006072702,732.6658492171565,0.0006198159,-0.004698424,-0.02054043
0.9999504,0.00046021605,0,0.0017100986,457.5954072047487,732.6654986578068,2329,6897.3076,3.1840994,722.374,0.21133557,9259.918,4.261774,0,,,,,457.5954072047487,0.0006060116,732.6654986578068,0.0006184415,-0.0047767283,-0.020501535
0.9998608,0.0004603072,0,0.0017108597,457.5949311866749,732.6671815790274,2330,6896.98,3.184115,722.36676,0.2113971,9259.088,4.262618,0,,,,,457.5949311866749,0.000606835,732.6671815790274,0.000619382,-0.0047535845,-0.019893775
1.0001651,0.0004601635,0,0.0017116208,457.5963669128048,732.6666264997916,2331,6899.2163,3.184346,721.61145,0.21118356,9261.906,4.261287,0,,,,,457.5963669128048,0.0006066923,732.6666264997916,0.00061920926,-0.0047778892,-0.01985755
1.0010809,0.0004601224,0,0.0017123818,457.59417671942504,732.6668291259122,2332,6905.423,3.1850078,721.9497,0.21124966,9270.387,4.2609067,0,,,,,457.59417671942504,0.0006058825,732.6668291259122,0.00061832584,-0.0049406574,-0.019871518
1.0010556,0.00046017976,0,0.0017131427,457.5941987148238,732.6655358143578,2333,6905.1475,3.1849003,721.6996,0.21127987,9270.152,4.261438,0,,,,,457.5941987148238,0.0006059532,732.6655358143578,0.0006184492,-0.0049609644,-0.020235127
1.0004392,0.00045999335,0,0.0017139035,457.5940563302816,732.6654994567325,2334,6900.277,3.1844332,721.97034,0.21111315,9264.444,4.2597117,0,,,,,457.5940563302816,0.0006063405,732.6654994567325,0.0006187919,-0.005075861,-0.020569185
0.9999339,0.00045986235,0,0.0017146642,457.594214487993,732.6651383003339,2335,6896.677,3.1840227,721.55835,0.21105279,9259.765,4.2584987,0,,,,,457.594214487993,0.00060661236,732.6651383003339,0.0006191111,-0.0052407547,-0.02096015
1.000462,0.00046028197,0,0.0017154247,457.5950625231902,732.6663904590395,2336,6900.6865,3.1844876,721.4827,0.21109115,9264.656,4.2623844,0,,,,,457.5950625231902,0.0006063406,732.6663904590395,0.00061883224,-0.0048160604,-0.020673575
0.9999198,0.00046005828,0,0.0017161851,457.59530717184623,732.665508693708,2337,6897.162,3.1840894,721.19025,0.21122643,9259.634,4.260313,0,,,,,457.59530717184623,0.0006061491,732.665508693708,0.0006185145,-0.004990413,-0.020509034
0.9998791,0.00046023406,0,0.0017169454,457.5945804234816,732.6645123146716,2338,6896.9185,3.1841295,722.0198,0.21094178,9259.258,4.261941,0,,,,,457.5945804234816,0.0006063967,732.6645123146716,0.00061880273,-0.004734348,-0.020364307
0.9999989,0.00046033828,0,0.0017177057,457.59576766075054,732.6658215909999,2339,6897.6885,3.1841745,720.4523,0.211233,9260.367,4.262906,0,,,,,457.59576766075054,0.00060596684,732.6658215909999,0.0006183172,-0.004535108,-0.020907987
0.9994071,0.00046017763,0,0.0017184658,457.59550205692545,732.6662069778488,2340,6893.3516,3.1836832,720.93805,0.21126272,9254.887,4.2614183,0,,,,,457.59550205692545,0.000607414,732.6662069778488,0.000619903,-0.0043471376,-0.021267409
1.0000234,0.00046016794,0,0.0017192259,457.5947597689271,732.6651934075503,2341,6897.0293,3.1840267,721.3065,0.21142496,9260.593,4.2613287,0,,,,,457.5947597689271,0.0006065254,732.6651934075503,0.00061895914,-0.004186387,-0.022356957
1.0000799,0.00046022589,0,0.0017199859,457.5968881098644,732.6634890859922,2342,6897.399,3.1840525,721.18585,0.21110894,9261.116,4.261865,0,,,,,457.5968881098644,0.0006065333,732.6634890859922,0.00061877415,-0.0037786078,-0.022458471
1.0005856,0.00046046558,0,0.0017207456,457.5961553941593,732.6642533162469,2343,6901.366,3.1843681,720.89233,0.21129306,9265.8,4.264085,0,,,,,457.5961553941593,0.00060662336,732.6642533162469,0.0006189363,-0.0039424514,-0.022263337
0.99945456,0.00046046064,0,0.0017215053,457.5957859051392,732.6627517865218,2344,6893.754,3.1835988,720.6722,0.2110361,9255.326,4.264039,0,,,,,457.5957859051392,0.0006063283,732.6627517865218,0.0006185069,-0.0039114817,-0.022023084
0.9998843,0.00046045842,0,0.0017222649,457.5953213300377,732.664251645272,2345,6896.6,3.1840882,721.5109,0.21095242,9259.306,4.2640185,0,,,,,457.5953213300377,0.00060660794,732.664251645272,0.00061884505,-0.0039601126,-0.022196742
1.0000343,0.00046045374,0,0.0017230245,457.5961689824628,732.6647270610964,2346,6897.652,3.1841412,720.73975,0.21127217,9260.694,4.263975,0,,,,,457.5961689824628,0.0006066224,732.6647270610964,0.0006189304,-0.0040265843,-0.02204265
0.99968636,0.00046026634,0,0.0017237839,457.5954575614933,732.6634217550148,2347,6894.943,3.1837313,721.36395,0.21103266,9257.473,4.26224,0,,,,,457.5954575614933,0.0006062923,732.6634217550148,0.000618645,-0.00397735,-0.022377662
0.99948317,0.00046021392,0,0.0017245432,457.5951607326226,732.6640026913074,2348,6893.1,3.183697,720.5326,0.21103925,9255.591,4.2617545,0,,,,,457.5951607326226,0.00060697115,732.6640026913074,0.0006193751,-0.0040451745,-0.022722058
0.9997413,0.00046010874,8192,0.0017253023,457.5970624009155,732.6634245672764,2349,6894.7666,3.1838984,720.8876,0.2110859,9257.981,4.2607803,8192,,,,,457.5970624009155,0.0006073138,732.6634245672764,0.0006196282,-0.0037620931,-0.022984728
0.9998515,0.00046043494,0,0.0017260615,457.59640339813575,732.6647929817337,2350,6896.056,3.1840081,721.22955,0.21115845,9259.002,4.263801,0,,,,,457.59640339813575,0.00060693367,732.6647929817337,0.00061928405,-0.003869656,-0.022790208
1.0008636,0.00046054317,0,0.0017268204,457.59474674008163,732.6639101753935,2351,6903.127,3.1846385,720.17554,0.21108426,9268.374,4.2648034,0,,,,,457.59474674008163,0.0006058017,732.6639101753935,0.00061816926,-0.0037789363,-0.022285525
1.000279,0.00046041218,0,0.0017275793,457.5952914998518,732.6633106790719,2352,6898.9775,3.1842346,721.1955,0.21113962,9262.96,4.2635903,0,,,,,457.5952914998518,0.00060662866,732.6633106790719,0.0006189582,-0.0036116617,-0.022794424
0.99871135,0.00046031486,0,0.0017283381,457.5972214724758,732.6645445361949,2353,6888.2075,3.1833282,720.4663,0.21134782,9248.443,4.262689,0,,,,,457.5972214724758,0.0006073338,732.6645445361949,0.00061950105,-0.0036809228,-0.022517348
1.0003169,0.00046038127,0,0.0017290966,457.5948238180662,732.6639419127772,2354,6899.1074,3.184185,721.298,0.2107817,9263.312,4.263304,0,,,,,457.5948238180662,0.00060627674,732.6639419127772,0.00061860506,-0.0039137476,-0.022467999
0.99855703,0.00046009463,0,0.0017298552,457.5951003535252,732.6631455994187,2355,6886.4526,3.1830196,720.45465,0.21127707,9247.015,4.2606497,0,,,,,457.5951003535252,0.0006072661,732.6631455994187,0.00061953353,-0.0037808644,-0.0231858
0.9997253,0.00046028706,0,0.0017306136,457.59569803788867,732.6631129875896,2356,6894.368,3.1838007,720.6322,0.21095243,9257.833,4.2624316,0,,,,,457.59569803788867,0.0006068102,732.6631129875896,0.000619121,-0.003844842,-0.023532921
1.0002981,0.00046033016,0,0.001731372,457.5959894067082,732.6630558314961,2357,6898.7544,3.1841624,721.54425,0.21100493,9263.138,4.2628307,0,,,,,457.5959894067082,0.000606765,732.6630558314961,0.00061910873,-0.003652473,-0.022935284
0.9997484,0.00046033197,0,0.0017321302,457.59577362873375,732.664208449885,2358,6895.0693,3.1838715,721.21173,0.21091011,9258.047,4.2628474,0,,,,,457.59577362873375,0.00060686376,732.664208449885,0.0006192083,-0.0038536792,-0.022876132
1.0003284,0.0004604496,0,0.0017328884,457.5962697198845,732.6626356521958,2359,6899.2046,3.1841288,720.28876,0.2111202,9263.418,4.263937,0,,,,,457.5962697198845,0.0006059719,732.6626356521958,0.00061822595,-0.0038111873,-0.023043158
0.99937266,0.00046038954,0,0.0017336464,457.5970381832799,732.6630689737558,2360,6892.4854,3.183521,719.7215,0.21113071,9254.567,4.2633805,0,,,,,457.5970381832799,0.0006072424,732.6630689737558,0.00061945483,-0.0037644084,-0.022918971
0.99943835,0.00046035094,0,0.0017344042,457.59486331846654,732.6638071380735,2361,6892.9106,3.1835206,720.297,0.21123028,9255.176,4.2630234,0,,,,,457.59486331846654,0.0006068531,732.6638071380735,0.0006192377,-0.0038332408,-0.023116201
0.9996607,0.0004600479,0,0.0017351621,457.5970473204724,732.6631363234313,2362,6893.7744,3.18361,720.43494,0.21114539,9257.234,4.2602167,0,,,,,457.5970473204724,0.00060667435,732.6631363234313,0.00061895564,-0.0037013206,-0.023459168
0.9996423,0.00046030193,0,0.0017359197,457.5964832417854,732.6626609632717,2363,6893.4785,3.1835234,720.2255,0.21106103,9257.064,4.2625694,0,,,,,457.5964832417854,0.00060636987,732.6626609632717,0.0006185712,-0.0037874188,-0.02405715
0.9988844,0.00046023505,0,0.0017366774,457.59645994901257,732.6627640846419,2364,6888.7544,3.1831365,719.9885,0.21112886,9250.046,4.26195,0,,,,,457.59645994901257,0.0006066827,732.6627640846419,0.0006189071,-0.0037919008,-0.023394428
1.0006266,0.00046053308,0,0.0017374349,457.59640947035655,732.662213201226,2365,6900.844,3.1843042,720.47015,0.21132663,9266.179,4.26471,0,,,,,457.59640947035655,0.00060611457,732.662213201226,0.00061832654,-0.0038275789,-0.02376934
0.99930876,0.00046029844,0,0.0017381922,457.59527341757735,732.6637920516408,2366,6891.794,3.183388,720.32605,0.21105808,9253.976,4.262537,0,,,,,457.59527341757735,0.0006066773,732.6637920516408,0.0006190491,-0.0038616748,-0.023368903
0.99919254,0.00046026692,0,0.0017389494,457.59517292383305,732.6631277835224,2367,6890.8877,3.1834307,720.6818,0.21109548,9252.899,4.262245,0,,,,,457.59517292383305,0.0006072069,732.6631277835224,0.0006195022,-0.0036154715,-0.02392238
0.9997454,0.00046038674,0,0.0017397066,457.59524335484736,732.6634684408688,2368,6894.73,3.1837368,721.4099,0.21120885,9258.02,4.263355,0,,,,,457.59524335484736,0.0006067558,732.6634684408688,0.00061899936,-0.0038539781,-0.023652097
0.9993355,0.00046036352,0,0.0017404637,457.59493740939064,732.6627116293852,2369,6891.4883,3.1834552,721.31836,0.21115616,9254.224,4.2631397,0,,,,,457.59493740939064,0.00060716417,732.6627116293852,0.0006195367,-0.00371477,-0.024177635
1.0012558,0.00046037417,0,0.0017412206,457.5965005395775,732.6614845581064,2370,6904.416,3.18465,720.37476,0.21105404,9272.006,4.2632384,0,,,,,457.5965005395775,0.00060591084,732.6614845581064,0.00061799714,-0.0038742507,-0.024344377
1.0000683,0.00046007286,0,0.0017419774,457.596013975367,732.6620935391004,2371,6896.3325,3.1837776,720.4771,0.21119677,9261.01,4.260448,0,,,,,457.596013975367,0.000606519,732.6620935391004,0.00061880035,-0.0037286882,-0.024192927
0.9999075,0.00046037865,0,0.0017427342,457.59405221932104,732.663361969012,2372,6895.765,3.183782,720.385,0.21090637,9259.5205,4.26328,0,,,,,457.59405221932104,0.0006068598,732.663361969012,0.00061924645,-0.0038008492,-0.023771685
1.0003681,0.00046040342,0,0.0017434908,457.59495663857797,732.662662252053,2373,6898.8237,3.1841946,720.4562,0.21084578,9263.786,4.2635093,0,,,,,457.59495663857797,0.0006066438,732.662662252053,0.00061893824,-0.0037985723,-0.023637658
0.99933743,0.00046039117,0,0.0017442473,457.5967245141932,732.6627848551375,2374,6891.808,3.1834207,720.4725,0.21095799,9254.241,4.263396,0,,,,,457.5967245141932,0.00060776185,732.6627848551375,0.0006197772,-0.003729304,-0.02383652
0.99990886,0.0004602572,0,0.0017450037,457.5959231737154,732.6620839999183,2375,6895.603,3.1838343,720.8752,0.2111243,9259.533,4.262155,0,,,,,457.5959231737154,0.00060659245,732.6620839999183,0.00061878975,-0.0039320523,-0.023631588
0.9997836,0.00046034303,0,0.00174576,457.59516367436754,732.6625038722011,2376,6894.8354,3.1836889,719.66504,0.21135224,9258.373,4.26295,0,,,,,457.59516367436754,0.0006065701,732.6625038722011,0.000618633,-0.003952909,-0.023734882
0.9994807,0.0004601939,0,0.0017465162,457.5948979047764,732.6627936124723,2377,6892.0356,3.1835744,719.9179,0.2111402,9255.568,4.261569,0,,,,,457.5948979047764,0.00060701155,732.6627936124723,0.0006193956,-0.00387159,-0.023952099
1.0001246,0.00046015708,0,0.0017472722,457.59496675324505,732.6627964359151,2378,6896.22,3.1837964,719.11945,0.2111344,9261.53,4.261228,0,,,,,457.59496675324505,0.0006065564,732.6627964359151,0.000618835,-0.0040166355,-0.024444738
0.99921227,0.0004602745,0,0.0017480282,457.59533778105447,732.6636958531154,2379,6890.4434,3.1832044,720.0265,0.21105695,9253.082,4.2623153,0,,,,,457.59533778105447,0.0006070268,732.6636958531154,0.0006192715,-0.00404583,-0.023948833
0.99997145,0.00046013648,0,0.0017487841,457.5951813797428,732.6616582822871,2380,6895.8467,3.1837223,719.64453,0.21118475,9260.112,4.2610373,0,,,,,457.5951813797428,0.0006065797,732.6616582822871,0.00061882485,-0.0038529292,-0.024018137
1.0005788,0.0004603101,0,0.0017495399,457.59562177448834,732.6622300236063,2381,6900.111,3.184169,719.98944,0.2112321,9265.736,4.2626452,0,,,,,457.59562177448834,0.0006059938,732.6622300236063,0.0006185852,-0.0042844685,-0.02385464
0.9994592,0.0004603305,0,0.0017502955,457.59604914683615,732.6623821846492,2382,6892.3433,3.1833591,718.785,0.21108758,9255.369,4.262834,0,,,,,457.59604914683615,0.0006068708,732.6623821846492,0.00061909866,-0.004053366,-0.02402417
0.9997356,0.0004601512,0,0.001751051,457.5952366967214,732.6628493014541,2383,6894.233,3.1835,719.6629,0.21124502,9257.929,4.2611737,0,,,,,457.5952366967214,0.0006073148,732.6628493014541,0.0006196211,-0.004009885,-0.023857635
1.0002099,0.00046045127,0,0.0017518065,457.5962408886156,732.6621155070187,2384,6897.5034,3.1839933,719.5808,0.21126832,9262.321,4.2639523,0,,,,,457.5962408886156,0.00060655054,732.6621155070187,0.0006187836,-0.004106902,-0.023757743
0.9999774,0.00046031506,0,0.0017525618,457.5953477431542,732.663434002862,2385,6895.3145,3.1837194,718.8458,0.21118677,9260.168,4.262691,0,,,,,457.5953477431542,0.00060700637,732.663434002862,0.0006193178,-0.0041997503,-0.02448439
0.9994271,0.00046020432,0,0.001753317,457.5960597299928,732.6617819086796,2386,6891.336,3.18317,719.30133,0.21119842,9255.071,4.2616653,0,,,,,457.5960597299928,0.00060704706,732.6617819086796,0.0006191881,-0.0040788245,-0.024825199
0.9986413,0.00046022082,0,0.001754072,457.5960487006943,732.6632227072737,2387,6886.3164,3.1829057,719.30316,0.21105893,9247.795,4.2618184,0,,,,,457.5960487006943,0.00060782465,732.6632227072737,0.00062016235,-0.0040800967,-0.024664383
0.9994298,0.00046034245,8192,0.0017548271,457.5962086484998,732.6629130389465,2388,6891.8706,3.1832232,719.10986,0.21129395,9255.097,4.2629447,8192,,,,,457.5962086484998,0.00060762186,732.6629130389465,0.0006200025,-0.0041721496,-0.024138162
1.0002276,0.00046036486,0,0.0017555819,457.59607091640373,732.662806601747,2389,6897.337,3.1838074,719.5828,0.2112389,9262.484,4.263152,0,,,,,457.59607091640373,0.00060708827,732.662806601747,0.0006193296,-0.0040385877,-0.024441514
0.999439,0.00046026372,0,0.0017563367,457.5965153368803,732.6618729095436,2390,6891.8887,3.1833076,718.06793,0.21117051,9255.182,4.2622156,0,,,,,457.5965153368803,0.00060741854,732.6618729095436,0.0006196492,-0.003912074,-0.0241152
0.9993857,0.00046024303,0,0.0017570914,457.59706910415935,732.6624793392909,2391,6891.466,3.1832647,719.01654,0.2109432,9254.688,4.262024,0,,,,,457.59706910415935,0.0006077437,732.6624793392909,0.00061997515,-0.0039962535,-0.024544293
0.9994725,0.00046025697,0,0.0017578459,457.5961039263745,732.6636334749746,2392,6892.0967,3.1832504,718.64594,0.21096763,9255.492,4.262153,0,,,,,457.5961039263745,0.0006075646,732.6636334749746,0.00061992195,-0.004063191,-0.024366044
0.99973285,0.00046026177,0,0.0017586004,457.5967161687728,732.6630151025769,2393,6893.5625,3.1835444,720.6259,0.2109989,9257.903,4.2621975,0,,,,,457.5967161687728,0.0006073304,732.6630151025769,0.00061957445,-0.004209009,-0.024749251
0.99888533,0.00045999262,0,0.0017593547,457.5965948302724,732.6622971284935,2394,6887.2793,3.1828635,718.8893,0.21113081,9250.055,4.259705,0,,,,,457.5965948302724,0.0006077997,732.6622971284935,0.00062013,-0.004098223,-0.0252136
0.9991671,0.0004601848,0,0.0017601089,457.5959038756739,732.6611210653822,2395,6889.2466,3.1830914,719.57806,0.21064435,9252.664,4.2614846,0,,,,,457.5959038756739,0.0006077705,732.6611210653822,0.0006199995,-0.004011851,-0.025324745
0.9999098,0.00046015708,0,0.001760863,457.59538159877127,732.6618050030078,2396,6894.86,3.1835997,718.2591,0.21130668,9259.542,4.261228,0,,,,,457.59538159877127,0.00060690887,732.6618050030078,0.0006191708,-0.003935108,-0.025038548
0.99939847,0.00046014262,0,0.001761617,457.5956343297064,732.662341211547,2397,6891.458,3.1832173,719.82654,0.21113268,9254.807,4.261094,0,,,,,457.5956343297064,0.00060701184,732.662341211547,0.00061923376,-0.004032069,-0.024444995
0.9996233,0.00046034972,0,0.0017623709,457.5966838996617,732.6626924191164,2398,6892.928,3.1834848,720.0804,0.2108695,9256.889,4.263012,0,,,,,457.5966838996617,0.00060712075,732.6626924191164,0.00061937637,-0.004189662,-0.024640854
0.999579,0.0004601249,0,0.0017631247,457.59603908604345,732.6625522204911,2399,6892.6323,3.1833115,719.06964,0.21101892,9256.479,4.26093,0,,,,,457.59603908604345,0.0006069116,732.6625522204911,0.0006191949,-0.0039096093,-0.024476523
1.00062,0.0004604162,0,0.0017638784,457.59513535493653,732.6615065338589,2400,6899.827,3.1840954,718.8639,0.21131694,9266.118,4.2636275,0,,,,,457.59513535493653,0.0006065674,732.6615065338589,0.00061885,-0.0042290012,-0.024785219
1.0005394,0.00046032795,0,0.001764632,457.5949101746959,732.6631408620422,2401,6899.146,3.1839263,718.84845,0.21098506,9265.372,4.26281,0,,,,,457.5949101746959,0.0006056374,732.6631408620422,0.00061798183,-0.0040128,-0.024696084
0.99949425,0.00046027015,0,0.0017653854,457.59639012885657,732.6621273438611,2402,6891.8228,3.183199,719.1359,0.210947,9255.693,4.262275,0,,,,,457.59639012885657,0.00060670124,732.6621273438611,0.0006189491,-0.004165846,-0.025167085
0.99987537,0.00045996663,0,0.0017661387,457.5963892434687,732.6604852365648,2403,6893.91,3.1833491,718.8095,0.21120268,9259.223,4.2594643,0,,,,,457.5963892434687,0.0006070737,732.6604852365648,0.00061926193,-0.0041313334,-0.025501605
1.0000824,0.00046014375,0,0.0017668919,457.59507485384955,732.6623695265303,2404,6895.2773,3.1836662,718.8272,0.21104106,9261.14,4.2611046,0,,,,,457.59507485384955,0.00060681655,732.6623695265303,0.00061915535,-0.0043617487,-0.02581528
1.0003576,0.00046013814,0,0.0017676451,457.5940843180343,732.6610558433342,2405,6897.565,3.18376,718.3814,0.2110726,9263.688,4.2610526,0,,,,,457.5940843180343,0.00060574926,732.6610558433342,0.0006180048,-0.00433655,-0.025162525
1.0001699,0.00046028313,0,0.0017683981,457.5943345880272,732.6620860246728,2406,6896.394,3.1836958,718.28894,0.2109939,9261.95,4.2623954,0,,,,,457.5943345880272,0.00060660206,732.6620860246728,0.00061898486,-0.0045339786,-0.024941204
0.9997756,0.0004601782,0,0.001769151,457.59458821573764,732.6611974087211,2407,6893.7793,3.1833444,717.70667,0.21111435,9258.299,4.2614236,0,,,,,457.59458821573764,0.0006063386,732.6611974087211,0.00061859586,-0.0043366943,-0.025171522
1.0000774,0.00045981535,0,0.0017699038,457.5950628219377,732.6612635698655,2408,6895.4443,3.1835234,718.2481,0.21096799,9261.094,4.2580633,0,,,,,457.5950628219377,0.00060641736,732.6612635698655,0.00061874185,-0.004534347,-0.025074873
0.9996192,0.00046022394,0,0.0017706564,457.59531565949646,732.6621652253092,2409,6892.15,3.1833727,718.3415,0.21104868,9256.851,4.261847,0,,,,,457.59531565949646,0.0006066916,732.6621652253092,0.0006189744,-0.0048513734,-0.024779126
0.9991189,0.00045994236,8192,0.0017714091,457.5958991248634,732.6624698780543,2410,6889.2314,3.1830482,719.60315,0.21119656,9252.218,4.2592397,8192,,,,,457.5958991248634,0.00060684944,732.6624698780543,0.0006191493,-0.0050337757,-0.024454353
0.99998957,0.00046014236,0,0.0017721615,457.59474171208353,732.6626986275323,2411,6895.887,3.1835387,718.4595,0.21091051,9260.28,4.2610917,0,,,,,457.59474171208353,0.00060645223,732.6626986275323,0.0006188255,-0.0052958447,-0.02439893
0.999366,0.00046002222,0,0.0017729138,457.5935688649861,732.661963014017,2412,6890.6016,3.1832228,718.407,0.21123447,9254.506,4.2599792,0,,,,,457.5935688649861,0.00060658914,732.661963014017,0.00061892415,-0.0055715223,-0.024015533
0.99946344,0.00045956363,0,0.001773666,457.59500870286774,732.6623099780458,2413,6889.9624,3.183054,719.00555,0.21119645,9255.408,4.2557325,0,,,,,457.59500870286774,0.000606798,732.6623099780458,0.00061910646,-0.005711895,-0.024616877
0.9996809,0.00045992938,0,0.0017751702,457.59509725035934,732.6618439382197,2415,6892.865,3.1832857,718.9905,0.21094935,9257.422,4.2591195,0,,,,,457.59509725035934,0.00060680916,732.6618439382197,0.0006190647,-0.005471673,-0.02461334
0.9995054,0.0004601113,0,0.001775922,457.59393804243206,732.6620892049812,2416,6891.9595,3.1833417,718.47076,0.2113394,9255.797,4.260804,0,,,,,457.59393804243206,0.00060604315,732.6620892049812,0.0006183953,-0.005221975,-0.024276216
1.0003611,0.0004601224,0,0.0017766738,457.5932322057886,732.662962522875,2417,6897.8257,3.1838603,718.0675,0.21114871,9263.721,4.2609067,0,,,,,457.5932322057886,0.0006055293,732.662962522875,0.00061799487,-0.005168874,-0.024347005
0.99926126,0.00045984448,0,0.0017774255,457.59521509361497,732.6622633279478,2418,6889.462,3.182986,718.561,0.21095829,9253.536,4.258333,0,,,,,457.59521509361497,0.0006073663,732.6622633279478,0.00061969773,-0.0053172098,-0.024948075
0.99905795,0.00045966293,0,0.0017781771,457.59432369722083,732.6625679651951,2419,6887.619,3.1827998,717.83575,0.21095513,9251.653,4.256652,0,,,,,457.59432369722083,0.00060691126,732.6625679651951,0.00061924837,-0.00536881,-0.025216574
0.9990375,0.00045980417,0,0.0017789286,457.5940485903043,732.6616859374138,2420,6887.474,3.1828032,717.866,0.21131511,9251.464,4.25796,0,,,,,457.5940485903043,0.0006067977,732.6616859374138,0.0006190568,-0.0053582843,-0.025432592
0.99970186,0.000459891,0,0.0017796799,457.593211629842,732.6620052244158,2421,6892.5635,3.1832771,717.8822,0.2111017,9257.616,4.258764,0,,,,,457.593211629842,0.00060630246,732.6620052244158,0.00061869394,-0.0050016507,-0.02484461
0.9994518,0.00046018267,0,0.0017804311,457.5948919449239,732.6612552508657,2422,6891.1113,3.1832237,717.581,0.21142921,9255.301,4.261465,0,,,,,457.5948919449239,0.00060656935,732.6612552508657,0.0006189051,-0.0047128545,-0.025203813
1.0002244,0.00046021212,0,0.0017811822,457.5951808305101,732.6621189777032,2423,6896.4688,3.1836462,717.4695,0.21089627,9262.455,4.261738,0,,,,,457.5951808305101,0.00060644746,732.6621189777032,0.00061865785,-0.0045070658,-0.02515991
0.99987084,0.00046018974,0,0.0017819332,457.5950430236472,732.6606115199758,2424,6893.575,3.1832795,717.8241,0.21095519,9259.181,4.2615304,0,,,,,457.5950430236472,0.00060658663,732.6606115199758,0.0006187932,-0.004472461,-0.026031375
1.0001476,0.00046020854,0,0.0017826841,457.59510666629717,732.660751144944,2425,6895.2637,3.183544,718.10016,0.2112597,9261.743,4.2617044,0,,,,,457.59510666629717,0.00060646475,732.660751144944,0.0006186947,-0.004158583,-0.026401415
0.9998398,0.00046019087,0,0.0017834349,457.5946031056404,732.6598353829676,2426,6892.968,3.1832774,717.8693,0.21115686,9258.894,4.261541,0,,,,,457.5946031056404,0.00060728064,732.6598353829676,0.0006191491,-0.004253873,-0.026583847
0.9997196,0.00046021934,0,0.0017841855,457.59634765032314,732.6594903024911,2427,6892.623,3.1832104,717.3858,0.21102431,9257.78,4.2618046,0,,,,,457.59634765032314,0.00060667057,732.6594903024911,0.00061881955,-0.004144506,-0.026064757
1.000262,0.00046028587,0,0.0017849362,457.5949964689103,732.6618960894587,2428,6896.5117,3.1836362,718.5532,0.21117505,9262.804,4.2624207,0,,,,,457.5949964689103,0.0006063456,732.6618960894587,0.0006186755,-0.004269389,-0.026025897
0.9997945,0.00046034282,0,0.0017856866,457.5950783697181,732.6613369147906,2429,6893.4644,3.1832564,717.588,0.21073978,9258.474,4.262948,0,,,,,457.5950783697181,0.0006066927,732.6613369147906,0.0006189357,-0.0041472083,-0.025885152
1.0004894,0.00046029885,0,0.0017864369,457.5952765063412,732.6609908401081,2430,6897.8394,3.1838992,718.5057,0.21099138,9264.908,4.262541,0,,,,,457.5952765063412,0.0006066641,732.6609908401081,0.000618882,-0.004460358,-0.02627874
0.9995203,0.00046003284,0,0.0017871871,457.59464232821483,732.6611556895808,2431,6890.756,3.183177,717.6824,0.2108064,9255.935,4.2600775,0,,,,,457.59464232821483,0.000607165,732.6611556895808,0.00061938725,-0.004304243,-0.026593668
0.9999053,0.00046020586,0,0.0017879372,457.59554362375036,732.6603184448896,2432,6893.3174,3.1832268,717.99475,0.21117017,9259.5,4.2616796,0,,,,,457.59554362375036,0.00060718885,732.6603184448896,0.0006193416,-0.0042101904,-0.026982479
0.9998825,0.00046035493,0,0.0017886872,457.59615724067737,732.6602503063698,2433,6893.463,3.183371,718.16364,0.21084392,9259.289,4.26306,0,,,,,457.59615724067737,0.00060671056,732.6602503063698,0.0006188512,-0.0040125563,-0.027093444
1.0000336,0.0004601764,0,0.0017894371,457.59526083930905,732.6600416096177,2434,6894.852,3.1833935,717.6713,0.21086045,9260.688,4.261407,0,,,,,457.59526083930905,0.0006065344,732.6600416096177,0.00061871036,-0.004217323,-0.02607598
1.000472,0.00046039725,0,0.0017901869,457.5952747367495,732.6607098848117,2435,6898.0195,3.183766,717.4547,0.2111972,9264.747,4.263452,0,,,,,457.5952747367495,0.0006061691,732.6607098848117,0.00061838486,-0.0042933174,-0.026125787
1.0059611,0.00046309756,2176,0.0017909365,457.59266071043976,732.6558180768094,2436,6935.6455,3.2028427,717.8855,0.21088701,9315.579,4.288458,2176,,,,,457.59266071043976,0.00060332683,732.6558180768094,0.00061859447,-0.0039261985,-0.026315762
0.9995912,0.00046007903,0,0.001791686,457.5949886009541,732.6590397534776,2437,6891.15,3.183119,717.39526,0.21105519,9256.591,4.260505,0,,,,,457.5949886009541,0.0006069483,732.6590397534776,0.00061913405,-0.0042571737,-0.027187819
0.99889755,0.00046015246,0,0.0017924354,457.5958494211785,732.661268956158,2438,6886.282,3.182725,718.0677,0.21113563,9250.168,4.261185,0,,,,,457.5958494211785,0.00060732843,732.661268956158,0.00061952294,-0.004177972,-0.02694062
0.999321,0.0004601271,0,0.0017931848,457.5952991618051,732.6591353989102,2439,6889.4004,3.1829698,717.7479,0.21113114,9254.089,4.2609506,0,,,,,457.5952991618051,0.0006064579,732.6591353989102,0.000618523,-0.004352733,-0.026873857
0.9995243,0.00046023144,0,0.001793934,457.5943703043542,732.6597192282454,2440,6891.1978,3.1830792,717.76227,0.21101311,9255.972,4.2619166,0,,,,,457.5943703043542,0.0006062307,732.6597192282454,0.0006184679,-0.00422018,-0.026380906
0.99992347,0.00046033092,0,0.001794683,457.59588074625617,732.660099137031,2441,6894.005,3.183341,718.16077,0.21076198,9259.668,4.262838,0,,,,,457.59588074625617,0.00060685736,732.660099137031,0.0006190578,-0.0041379663,-0.026473887
0.9996576,0.00046033083,0,0.0017954321,457.5980678740215,732.6588705858113,2442,6892.2056,3.18315,717.7128,0.21126533,9257.206,4.262837,0,,,,,457.5980678740215,0.0006067524,732.6588705858113,0.00061881356,-0.0041297656,-0.026643291
0.999521,0.0004601137,0,0.0017961808,457.59561843421534,732.6590571311307,2443,6890.4814,3.1829398,718.107,0.2110361,9255.941,4.260826,0,,,,,457.59561843421534,0.00060699694,732.6590571311307,0.0006189629,-0.004390468,-0.027168507
1.0007664,0.00046036296,0,0.0017969296,457.59556038427365,732.6600038155431,2444,6899.0073,3.183831,718.21497,0.2112261,9267.474,4.2631345,0,,,,,457.59556038427365,0.00060607493,732.6600038155431,0.00061825,-0.004464785,-0.027659062
1.0005957,0.00046034798,0,0.0017976783,457.594795173571,732.6603357671689,2445,6897.7876,3.1837604,717.4999,0.21075043,9265.894,4.2629957,0,,,,,457.594795173571,0.00060638273,732.6603357671689,0.00061866315,-0.0044861967,-0.027321322
1.0002971,0.00046037068,0,0.0017984267,457.5950103728174,732.6612043878227,2446,6896.245,3.1835198,717.78345,0.21116704,9263.128,4.263206,0,,,,,457.5950103728174,0.0006057424,732.6612043878227,0.0006180279,-0.0045586177,-0.027264087
0.99980134,0.0004603474,0,0.0017991752,457.5962289044934,732.6589818944678,2447,6892.8867,3.1832209,717.44775,0.21106972,9258.537,4.2629905,0,,,,,457.5962289044934,0.00060659734,732.6589818944678,0.0006186151,-0.0042704856,-0.02709018
1.000684,0.00046047845,0,0.0017999235,457.5946636457405,732.6603789886485,2448,6898.913,3.1840074,718.31464,0.21095307,9266.711,4.264204,0,,,,,457.5946636457405,0.00060646824,732.6603789886485,0.0006185284,-0.0042575677,-0.02750762
1.0004934,0.00046027737,0,0.0018006717,457.59557354413744,732.6595089354665,2449,6897.059,3.1835868,717.316,0.21128774,9264.946,4.262342,0,,,,,457.59557354413744,0.0006062446,732.6595089354665,0.00061828934,-0.004420466,-0.027629426
0.99925506,0.00046010085,0,0.0018014197,457.5951471946047,732.6589466469685,2450,6888.2505,3.1828754,717.7735,0.21080087,9253.479,4.2607074,0,,,,,457.5951471946047,0.00060676725,732.6589466469685,0.00061884196,-0.004527859,-0.027986838
0.999449,0.00046021008,0,0.0018021676,457.59491215540817,732.6592582708295,2451,6889.586,3.1828506,718.3436,0.2109547,9255.274,4.2617188,0,,,,,457.59491215540817,0.0006069922,732.6592582708295,0.0006190939,-0.0042978,-0.028214907
1.0002478,0.0004602579,0,0.0018029155,457.5962161846911,732.6587656441095,2452,6895.52,3.183587,717.64417,0.21141239,9262.672,4.2621617,0,,,,,457.5962161846911,0.0006061052,732.6587656441095,0.0006182521,-0.0042492948,-0.027796902
0.9992442,0.00046020836,8192,0.0018036632,457.5960644676629,732.6602891108896,2453,6888.7896,3.1828916,717.733,0.21119854,9253.378,4.261703,8192,,,,,457.5960644676629,0.00060733,732.6602891108896,0.0006194954,-0.004364258,-0.027662566
1.0004853,0.00046035563,0,0.0018044108,457.59480581244384,732.6595380072199,2454,6897.366,3.1837153,717.0365,0.21125248,9264.871,4.263067,0,,,,,457.59480581244384,0.0006066869,732.6595380072199,0.0006188349,-0.004169892,-0.027458562
1.0000167,0.00046025112,0,0.0018051583,457.59410330892786,732.6597860897904,2455,6893.632,3.18331,718.71796,0.2110791,9260.531,4.262099,0,,,,,457.59410330892786,0.00060649135,732.6597860897904,0.00061865896,-0.004494077,-0.02807298
0.99945974,0.00046026064,0,0.0018059057,457.5946792807919,732.6586587192572,2456,6889.609,3.1828938,718.07874,0.21110901,9255.374,4.262187,0,,,,,457.5946792807919,0.00060699735,732.6586587192572,0.0006191532,-0.004468212,-0.028254654
1.0004776,0.0004604247,0,0.0018066529,457.5946120843748,732.6575373875287,2457,6896.5005,3.183546,717.94104,0.21087699,9264.8,4.263706,0,,,,,457.5946120843748,0.0006060615,732.6575373875287,0.0006181236,-0.004194903,-0.028966382
1.000161,0.0004603089,0,0.0018074,457.59544185350046,732.6586236329541,2458,6894.666,3.1834078,717.9335,0.21098395,9261.868,4.262634,0,,,,,457.59544185350046,0.00060658384,732.6586236329541,0.0006187355,-0.0042346753,-0.028239008
0.999844,0.0004602275,0,0.0018081471,457.5959460115066,732.6588613030939,2459,6892.605,3.1831915,716.76935,0.21086831,9258.933,4.26188,0,,,,,457.5959460115066,0.00060647004,732.6588613030939,0.00061860064,-0.0045482554,-0.02812439
0.9992555,0.0004601592,0,0.001808894,457.5961078252376,732.6587694207244,2460,6888.5195,3.182821,717.288,0.21119359,9253.482,4.2612476,0,,,,,457.5961078252376,0.0006066667,732.6587694207244,0.00061849406,-0.0042880997,-0.027816784
0.99967986,0.00046021913,0,0.0018096408,457.59372748742766,732.6595455254771,2461,6891.158,3.1831417,717.4427,0.2113332,9257.412,4.2618027,0,,,,,457.59372748742766,0.0006067296,732.6595455254771,0.0006189499,-0.0045049484,-0.028291145
0.999878,0.0004602266,0,0.0018103875,457.59472628069807,732.6583525631022,2462,6892.172,3.1833432,718.31085,0.21114016,9259.247,4.261872,0,,,,,457.59472628069807,0.0006065981,732.6583525631022,0.00061862345,-0.0048017344,-0.028513359
0.9996204,0.00046008648,0,0.001811134,457.5945133207571,732.6586520470003,2463,6890.1436,3.1829126,718.3668,0.21076159,9256.861,4.2605743,0,,,,,457.5945133207571,0.00060646504,732.6586520470003,0.0006186891,-0.0045551728,-0.028819842
1.0008947,0.00046040246,0,0.0018118805,457.5953900847429,732.6577845803376,2464,6899.511,3.1838698,717.2872,0.21148296,9268.662,4.2635,0,,,,,457.5953900847429,0.00060579454,732.6577845803376,0.0006179393,-0.0044780616,-0.028806543
0.99996054,0.00046026323,0,0.0018126268,457.5953445776408,732.6580999262109,2465,6893.108,3.183362,717.91504,0.21110745,9260.012,4.262211,0,,,,,457.5953445776408,0.0006064947,732.6580999262109,0.00061859627,-0.004383736,-0.028320173
1.0005261,0.0004602279,0,0.0018133731,457.5956060271478,732.6587950375233,2466,6897.002,3.1836674,717.3532,0.21124871,9265.248,4.2618837,0,,,,,457.5956060271478,0.00060649205,732.6587950375233,0.0006186213,-0.004477131,-0.028561018
1.0001671,0.0004602266,0,0.0018141192,457.5945793934584,732.6577194078216,2467,6894.354,3.1835253,717.4316,0.21119073,9261.925,4.261872,0,,,,,457.5945793934584,0.00060639274,732.6577194078216,0.00061842595,-0.0044901674,-0.028387971
0.99985015,0.00046004503,0,0.0018148652,457.5946223552771,732.6588017375453,2468,6891.475,3.1830223,718.51825,0.21101202,9258.989,4.2601905,0,,,,,457.5946223552771,0.00060617353,732.6588017375453,0.0006182896,-0.0046605803,-0.029261554
1.000124,0.0004601163,0,0.001815611,457.5948102587754,732.6576825478942,2469,6893.437,3.1833048,717.2197,0.21094494,9261.525,4.2608504,0,,,,,457.5948102587754,0.0006061403,732.6576825478942,0.00061826844,-0.0046515507,-0.029034002
1.0002915,0.00046012527,0,0.0018163568,457.5945308575964,732.6582746858941,2470,6894.8174,3.1833363,717.2408,0.21101049,9263.076,4.2609334,0,,,,,457.5945308575964,0.0006064161,732.6582746858941,0.00061846414,-0.0047569196,-0.029064203
1.0006567,0.00046022134,0,0.0018171024,457.5943191878061,732.6589727701224,2471,6897.655,3.1835406,717.05383,0.21113797,9266.458,4.261823,0,,,,,457.5943191878061,0.00060605566,732.6589727701224,0.00061823975,-0.004614612,-0.028625906
1.0003481,0.00046019384,0,0.001817848,457.59467306002944,732.6590259092262,2472,6895.4824,3.1835432,717.88873,0.21098511,9263.601,4.2615685,0,,,,,457.59467306002944,0.0006064074,732.6590259092262,0.0006185677,-0.0046680765,-0.02885391
1.0001725,0.0004601639,0,0.0018185934,457.59535537176833,732.6583790942153,2473,6894.2437,3.183291,717.5418,0.21094353,9261.975,4.261291,0,,,,,457.59535537176833,0.0006066161,732.6583790942153,0.0006188445,-0.0044420348,-0.028951136
1.0008157,0.0004603119,0,0.0018193386,457.59490292509815,732.6581512604004,2474,6898.1626,3.1836975,717.69666,0.21086673,9267.932,4.2626615,0,,,,,457.59490292509815,0.0006063674,732.6581512604004,0.0006184144,-0.0045105508,-0.029510936
1.0000426,0.00046005828,0,0.0018200838,457.59612590529315,732.6578235946248,2475,6892.539,3.1830912,717.60376,0.2109142,9260.771,4.260313,0,,,,,457.59612590529315,0.0006060462,732.6578235946248,0.0006180254,-0.0046456354,-0.029796256
0.99973047,0.00046014355,0,0.0018208289,457.59514513400063,732.6582093124039,2476,6890.6113,3.182887,716.6418,0.21112181,9257.881,4.2611027,0,,,,,457.59514513400063,0.0006066885,732.6582093124039,0.00061885454,-0.0047088643,-0.029310083
1.0003501,0.00046032263,0,0.0018215738,457.594131339764,732.6576572600666,2477,6895.717,3.183445,717.3464,0.21084797,9263.619,4.262761,0,,,,,457.594131339764,0.0006061556,732.6576572600666,0.0006182925,-0.004677036,-0.029386362
1.000469,0.00046032903,0,0.0018223186,457.59521612390574,732.6571182867808,2478,6896.453,3.1835337,716.8651,0.21104583,9264.72,4.2628202,0,,,,,457.59521612390574,0.0006063143,732.6571182867808,0.0006184048,-0.004302558,-0.029429724
1.0017111,0.00046044777,0,0.0018230634,457.59490664153793,732.6567895015431,2479,6904.002,3.1843722,717.65326,0.21092977,9276.223,4.26392,0,,,,,457.59490664153793,0.00060591457,732.6567895015431,0.0006180739,-0.0047177062,-0.029271005
0.999975,0.0004599813,0,0.001823808,457.5951816312013,732.6566394497668,2480,6891.5,3.1830072,716.52264,0.21113092,9260.1455,4.2596,0,,,,,457.5951816312013,0.00060665474,732.6566394497668,0.0006187431,-0.0044819145,-0.029710049
1.0000694,0.00046023153,0,0.0018245525,457.59645890616036,732.6558013275394,2481,6893.399,3.1832383,716.6739,0.21104443,9261.02,4.2619176,0,,,,,457.59645890616036,0.00060624816,732.6558013275394,0.0006182083,-0.0042329775,-0.030543426
1.0001844,0.00046010278,0,0.0018252968,457.5949347201563,732.6563581097787,2482,6894.6035,3.1832452,717.28595,0.21073881,9262.085,4.260725,0,,,,,457.5949347201563,0.000606171,732.6563581097787,0.00061814557,-0.0044317455,-0.030393194
1.0002867,0.0004602455,0,0.0018260411,457.5950907637079,732.6570041249877,2483,6894.6333,3.1831806,716.14404,0.21127382,9263.032,4.262047,0,,,,,457.5950907637079,0.00060599897,732.6570041249877,0.00061812985,-0.0046455916,-0.029745372
1.0000309,0.00046020863,0,0.0018267853,457.59436514413244,732.6580657863051,2484,6891.944,3.1829343,715.7429,0.2113049,9260.663,4.2617054,0,,,,,457.59436514413244,0.00060678617,732.6580657863051,0.0006189291,-0.0047297142,-0.029556543
0.9999092,0.00046015024,0,0.0018275293,457.59529136304525,732.6572544402255,2485,6891.337,3.1829808,716.7591,0.21098885,9259.536,4.2611647,0,,,,,457.59529136304525,0.0006066167,732.6572544402255,0.0006186848,-0.0043074675,-0.029658187
1.0000464,0.00046017623,0,0.0018282732,457.596737871861,732.65830885685,2486,6892.84,3.1832128,716.47455,0.21130444,9260.807,4.2614055,0,,,,,457.596737871861,0.0006067866,732.65830885685,0.0006188776,-0.0045492025,-0.029990526
0.9998983,0.000460006,0,0.001829017,457.5957580717907,732.6561488412542,2487,6891.624,3.1829576,717.0839,0.21111259,9259.436,4.259829,0,,,,,457.5957580717907,0.0006064399,732.6561488412542,0.000618515,-0.00447576,-0.030529233
1.0000554,0.00046008592,8192,0.0018297606,457.59494742810983,732.6548476714834,2488,6892.656,3.1829886,716.32697,0.21121179,9260.891,4.260569,8192,,,,,457.59494742810983,0.0006063676,732.6548476714834,0.00061833416,-0.00476439,-0.030922767
0.99996096,0.00046004154,0,0.0018305042,457.59568083872364,732.6565677802049,2489,6892.015,3.183116,717.53894,0.2111391,9260.016,4.260158,0,,,,,457.59568083872364,0.00060665165,732.6565677802049,0.0006187021,-0.004759996,-0.030446934
0.9994063,0.00046009474,0,0.0018312476,457.59584454355047,732.6562044517361,2490,6888.3257,3.1827273,716.9013,0.21064368,9254.879,4.2606506,0,,,,,457.59584454355047,0.0006070807,732.6562044517361,0.0006190634,-0.0049745794,-0.030156136
1.0006417,0.00046020365,0,0.0018319909,457.59434261080287,732.657244739632,2491,6896.8384,3.183425,716.5656,0.21078943,9266.319,4.261659,0,,,,,457.59434261080287,0.0006062818,732.657244739632,0.0006184046,-0.0051875175,-0.029504819
1.0013626,0.00046028307,0,0.001832734,457.5939003054053,732.6575385445869,2492,6901.593,3.18404,716.7611,0.21087632,9272.995,4.262395,0,,,,,457.5939003054053,0.0006056481,732.6575385445869,0.0006177078,-0.005292913,-0.02957715
1.0008773,0.00046004046,0,0.001833477,457.5942622957032,732.6579055600912,2493,6897.884,3.1835709,716.83234,0.21116005,9268.501,4.260148,0,,,,,457.5942622957032,0.00060608546,732.6579055600912,0.0006183085,-0.0055577126,-0.029727465
1.0004164,0.00045977166,0,0.00183422,457.5945011647441,732.6575852861332,2494,6894.579,3.1831536,716.1062,0.21108477,9264.233,4.257659,0,,,,,457.5945011647441,0.0006064014,732.6575852861332,0.0006185254,-0.0059413905,-0.029676858
0.998489,0.00045989052,8192,0.0018349629,457.59342074612505,732.6574246159439,2495,6880.95,3.182268,716.2705,0.21108726,9246.385,4.2587595,8192,,,,,457.59342074612505,0.00060720864,732.6574246159439,0.000619411,-0.005904331,-0.030026665
0.999555,0.0004600105,0,0.0018357056,457.5935497692303,732.6585220874151,2496,6888.5767,3.1829355,716.0392,0.21101402,9256.256,4.2598705,0,,,,,457.5935497692303,0.0006070695,732.6585220874151,0.0006193814,-0.0059491373,-0.029255932
0.99989885,0.00045999922,8192,0.0018364482,457.5938895836829,732.6573995355509,2497,6891.873,3.1830044,716.6326,0.21104342,9259.44,4.259766,8192,,,,,457.5938895836829,0.000606871,732.6573995355509,0.0006190271,-0.0060952725,-0.02911612
0.99962604,0.0004599461,0,0.0018371907,457.59472727650905,732.6584277753625,2498,6890.103,3.1828356,717.01196,0.21095695,9256.914,4.2592745,0,,,,,457.59472727650905,0.00060666836,732.6584277753625,0.0006188361,-0.0058159223,-0.028891256
1.0011665,0.000460105,0,0.0018379331,457.5934358689216,732.6571804395845,2499,6900.9287,3.1839776,716.927,0.2109523,9271.179,4.2607455,0,,,,,457.5934358689216,0.000606011,732.6571804395845,0.0006181259,-0.0058616805,-0.02934309
1.0002574,0.00045988947,0,0.0018386754,457.5945085934905,732.6563900019582,2500,6889.7476,3.182728,715.6149,0.21115799,9262.761,4.25875,0,,,,,457.5945085934905,0.0006066449,732.6563900019582,0.00061872444,-0.005652978,-0.029851789
1.0000938,0.00045989937,0,0.0018394175,457.59341854583545,732.6561854496335,2501,6892.3574,3.1830475,716.11194,0.21135078,9261.246,4.2588415,0,,,,,457.59341854583545,0.00060646405,732.6561854496335,0.00061851024,-0.0059425337,-0.03023628
1.000092,0.00045992245,0,0.0018401594,457.59276791184436,732.6578674903915,2502,6893.6045,3.1831574,716.5881,0.21126793,9261.2295,4.259055,0,,,,,457.59276791184436,0.0006065594,732.6578674903915,0.0006186648,-0.0059430003,-0.029509958
1.0001066,0.0004598936,0,0.0018409013,457.5941597814639,732.6576928761081,2503,6892.859,3.1831348,715.6408,0.21097986,9261.364,4.258788,0,,,,,457.5941597814639,0.00060618564,732.6576928761081,0.00061839353,-0.0058138072,-0.029458366
0.99957776,0.0004599835,0,0.0018416431,457.5942403847891,732.6571919608571,2504,6888.8,3.1826463,716.63086,0.21080126,9256.467,4.2596207,0,,,,,457.5942403847891,0.0006064534,732.6571919608571,0.00061866874,-0.0058231307,-0.029946435
1.0007206,0.00046010004,0,0.0018423848,457.59504736847043,732.6569680402572,2505,6896.7656,3.183521,715.7615,0.21111394,9267.05,4.2606997,0,,,,,457.59504736847043,0.0006062934,732.6569680402572,0.0006183632,-0.0052834693,-0.03017255
1.0007311,0.00046021162,0,0.0018431263,457.59680187516847,732.6558517628268,2506,6896.062,3.1832626,716.5164,0.21115546,9267.147,4.261733,0,,,,,457.59680187516847,0.00060569507,732.6558517628268,0.0006175302,-0.005321061,-0.031263538
1.0004885,0.000460004,0,0.0018438677,457.5944458724186,732.6553861992459,2507,6894.236,3.1831756,715.74066,0.21114881,9264.9,4.2598104,0,,,,,457.5944458724186,0.0006061938,732.6553861992459,0.0006181692,-0.0048501804,-0.031819377
1.0007117,0.00046020132,0,0.001844609,457.5955541931116,732.6547727972409,2508,6895.9375,3.1832407,714.6643,0.21124387,9266.968,4.2616377,0,,,,,457.5955541931116,0.00060579815,732.6547727972409,0.00061771687,-0.0048341337,-0.032022238
1.0003932,0.0004602176,0,0.0018453503,457.59417448181716,732.6552522529344,2509,6894.29,3.183184,716.0928,0.2111755,9264.018,4.2617884,0,,,,,457.59417448181716,0.0006058573,732.6552522529344,0.0006178788,-0.0049406323,-0.031521525
1.0001673,0.0004602382,0,0.0018460912,457.59487462420657,732.6568773091157,2510,6892.941,3.1832945,716.7765,0.21101338,9261.926,4.261979,0,,,,,457.59487462420657,0.00060657243,732.6568773091157,0.00061870215,-0.0046535223,-0.03141347
1.0001893,0.0004601921,0,0.0018468322,457.59713317952514,732.6563306565738,2511,6893.1426,3.1830223,716.0474,0.21099423,9262.13,4.2615523,0,,,,,457.59713317952514,0.000606749,732.6563306565738,0.0006187121,-0.004669012,-0.03133178
0.9999538,0.0004601805,0,0.0018475731,457.5949761995365,732.6561612013847,2512,6891.411,3.1829245,716.0768,0.21099433,9259.949,4.261445,0,,,,,457.5949761995365,0.00060622604,732.6561612013847,0.00061827624,-0.0047431947,-0.031421993
1.0002253,0.0004601502,0,0.0018483137,457.59570656142034,732.6548446880506,2513,6892.731,3.1829467,715.8236,0.21097663,9262.464,4.261164,0,,,,,457.59570656142034,0.00060558005,732.6548446880506,0.00061758497,-0.004707232,-0.03242445
0.99961454,0.0004600165,0,0.0018490544,457.5939402182066,732.6542613499182,2514,6888.2646,3.1824741,715.7602,0.21089321,9256.808,4.2599263,0,,,,,457.5939402182066,0.0006062479,732.6542613499182,0.00061832654,-0.0046493723,-0.03245847
0.9999701,0.00046021276,0,0.0018497948,457.5952435038247,732.654593993201,2515,6891.2505,3.1828926,716.11774,0.2107019,9260.1,4.2617435,0,,,,,457.5952435038247,0.0006066201,732.654593993201,0.00061857933,-0.0049636257,-0.031880867
1.0008295,0.00046027836,128,0.0018505352,457.59462039839184,732.6532533955399,2516,6897.3164,3.1839116,715.8567,0.21108957,9268.059,4.262351,128,,,,,457.59462039839184,0.00060577027,732.6532533955399,0.00061749096,-0.0045955884,-0.03184575
1.000323,0.00046014163,0,0.0018512753,457.5963423206789,732.6559007061662,2517,6893.7837,3.1830928,715.19415,0.21098195,9263.368,4.261085,0,,,,,457.5963423206789,0.0006058207,732.6559007061662,0.0006177307,-0.0046937894,-0.032095242
0.99995816,0.00046014026,0,0.0018520155,457.59629713379684,732.655439102847,2518,6891.4346,3.1829512,715.7289,0.21105483,9259.989,4.261072,0,,,,,457.59629713379684,0.0006064797,732.655439102847,0.00061835593,-0.0047698007,-0.03161179
1.000164,0.00046016058,0,0.0018527554,457.59568065936696,732.6547745208013,2519,6892.363,3.1831574,716.34827,0.21083686,9261.896,4.2612605,0,,,,,457.59568065936696,0.0006063269,732.6547745208013,0.000618244,-0.004663539,-0.032448735
0.9998763,0.00046011928,0,0.0018534954,457.59448899976485,732.654759669748,2520,6890.0405,3.1827137,716.04865,0.21096292,9259.231,4.260878,0,,,,,457.59448899976485,0.0006065295,732.654759669748,0.00061853504,-0.004767814,-0.032581758
0.9993879,0.00046008258,0,0.0018542351,457.5952626516698,732.6538692297175,2521,6886.5977,3.18239,715.0662,0.21126771,9254.709,4.260538,0,,,,,457.5952626516698,0.0006068137,732.6538692297175,0.0006187879,-0.00471437,-0.032870937
1.0000727,0.00046014544,0,0.0018549747,457.594844942481,732.6547450784193,2522,6891.8174,3.1828647,715.8924,0.21092139,9261.05,4.2611203,0,,,,,457.594844942481,0.00060608156,732.6547450784193,0.0006179031,-0.0047756326,-0.03230368
1.000401,0.0004601888,0,0.0018557142,457.5944943764756,732.6556670541964,2523,6894.1597,3.1832595,716.8021,0.21092372,9264.091,4.261522,0,,,,,457.5944943764756,0.00060676364,732.6556670541964,0.00061879033,-0.0045251264,-0.03214657
1.0003606,0.00046013467,0,0.0018564536,457.5948353770542,732.6546541351515,2524,6893.8804,3.1830633,717.18317,0.21090999,9263.716,4.2610207,0,,,,,457.5948353770542,0.00060590985,732.6546541351515,0.0006178935,-0.004641181,-0.03233721
0.9999996,0.0004601392,0,0.0018571928,457.59394460188594,732.6547532891773,2525,6891.5015,3.18275,716.26135,0.21106504,9260.373,4.2610626,0,,,,,457.59394460188594,0.0006061753,732.6547532891773,0.0006178379,-0.0042930376,-0.032258835
1.0003058,0.00046015411,0,0.001857932,457.5961584620545,732.6541429930752,2526,6893.19,3.1830158,715.489,0.21120603,9263.208,4.2612004,0,,,,,457.5961584620545,0.0006066432,732.6541429930752,0.0006185143,-0.00457678,-0.03279142
0.9998317,0.00046001477,0,0.001858671,457.5944847341053,732.6535836123329,2527,6889.44,3.1826022,715.82056,0.21105014,9258.818,4.25991,0,,,,,457.5944847341053,0.0006062367,732.6535836123329,0.0006181319,-0.0047639087,-0.032831423
0.9993465,0.00046001826,0,0.00185941,457.59520083012137,732.6541282737601,2528,6886.1475,3.1823566,716.6217,0.21106903,9254.325,4.2599425,0,,,,,457.59520083012137,0.0006073209,732.6541282737601,0.0006192556,-0.0047642887,-0.03314019
0.9995217,0.00046008747,0,0.0018601487,457.5944410845965,732.6548193800795,2529,6887.94,3.182556,716.5231,0.21111055,9255.947,4.2605834,0,,,,,457.5944410845965,0.00060655514,732.6548193800795,0.00061852165,-0.004774524,-0.032415733
1.000159,0.00046016296,0,0.0018608874,457.59530923014125,732.6547307612852,2530,6892.259,3.1829822,716.13715,0.21107225,9261.85,4.2612824,0,,,,,457.59530923014125,0.0006062743,732.6547307612852,0.0006182546,-0.004959618,-0.032483876
0.9994932,0.00046004582,0,0.0018616259,457.59510486945135,732.6558634124023,2531,6887.746,3.1825063,716.33856,0.21107599,9255.684,4.2601976,0,,,,,457.59510486945135,0.0006065261,732.6558634124023,0.00061857305,-0.004903597,-0.032573212
1.0002753,0.00046007536,0,0.0018623644,457.59416759792475,732.6542542467541,2532,6893.0625,3.1831245,716.27045,0.21099591,9262.926,4.2604713,0,,,,,457.59416759792475,0.00060590816,732.6542542467541,0.0006178106,-0.00506198,-0.032485213
0.99992883,0.00046013625,0,0.0018631027,457.59457187265355,732.6549090356333,2533,6890.3516,3.1827629,715.85,0.21084629,9259.718,4.261035,0,,,,,457.59457187265355,0.0006069585,732.6549090356333,0.0006189971,-0.0050804843,-0.032961767
0.99965674,0.00046009256,0,0.0018638409,457.5944859402442,732.6545042112145,2534,6888.188,3.1824758,715.1084,0.21092153,9257.198,4.2606306,0,,,,,457.5944859402442,0.0006067943,732.6545042112145,0.0006187466,-0.004864075,-0.033153925
0.99988735,0.00046009885,0,0.0018645788,457.5960969251079,732.6541563730403,2535,6889.653,3.1826606,715.52783,0.21073288,9259.334,4.260689,0,,,,,457.5960969251079,0.00060682447,732.6541563730403,0.00061868795,-0.0047371876,-0.03370476
1.0001243,0.0004600731,0,0.0018653168,457.5951277461714,732.6542696741518,2536,6891.74,3.1828105,715.7601,0.21105383,9261.528,4.2604504,0,,,,,457.5951277461714,0.0006061961,732.6542696741518,0.0006182068,-0.0048322245,-0.032693513
0.9996848,0.00046008645,0,0.0018660546,457.5959122009801,732.6544813883204,2537,6888.7705,3.182614,715.35944,0.21111867,9257.458,4.260574,0,,,,,457.5959122009801,0.00060685806,732.6544813883204,0.00061874965,-0.004755318,-0.032914363
0.9997671,0.00046001797,0,0.0018667923,457.593711602668,732.6531283677367,2538,6889.299,3.1825607,715.7052,0.21104838,9258.221,4.2599397,0,,,,,457.593711602668,0.0006064272,732.6531283677367,0.00061834004,-0.0046717636,-0.032739047
0.9995864,0.00045999215,0,0.0018675299,457.59492310119646,732.6538528982915,2539,6888.047,3.1825259,716.3279,0.21088383,9256.547,4.259701,0,,,,,457.59492310119646,0.0006066335,732.6538528982915,0.00061861135,-0.0045264694,-0.03286974
0.9991872,0.00045997728,0,0.0018682673,457.5936524883907,732.6547588547265,2540,6885.086,3.182243,715.6915,0.21103515,9252.85,4.259563,0,,,,,457.5936524883907,0.0006070641,732.6547588547265,0.00061907934,-0.004891667,-0.032956176
1.0000368,0.00046010493,0,0.0018690047,457.5954615120701,732.6533119663925,2541,6890.479,3.182708,715.42804,0.210773,9260.718,4.260745,0,,,,,457.5954615120701,0.00060607377,732.6533119663925,0.00061792927,-0.004766721,-0.03366052
0.9997251,0.00045998892,0,0.0018697418,457.59607543042307,732.653054669233,2542,6888.224,3.1825047,716.23584,0.21087077,9257.831,4.2596707,0,,,,,457.59607543042307,0.0006065582,732.653054669233,0.0006183723,-0.004979616,-0.03385769
0.9999457,0.0004600936,0,0.001870479,457.59516433002364,732.6533953296432,2543,6890.3125,3.1828282,715.5593,0.21081874,9259.874,4.26064,0,,,,,457.59516433002364,0.00060637,732.6533953296432,0.0006183346,-0.004563901,-0.033192676
1.0001698,0.00046005653,0,0.0018712159,457.59446596365996,732.6542678101462,2544,6891.9155,3.18285,715.1231,0.21128969,9261.949,4.260297,0,,,,,457.59446596365996,0.0006066549,732.6542678101462,0.00061864103,-0.0046537644,-0.03317793
1.0000551,0.0004601074,0,0.0018719528,457.595849226452,732.6541439213462,2545,6891.229,3.1827505,715.1901,0.21096776,9260.887,4.260768,0,,,,,457.595849226452,0.0006064073,732.6541439213462,0.0006182991,-0.004520691,-0.03294227
1.0010909,0.00046017877,0,0.0018726895,457.59432450489544,732.6532960017857,2546,6898.2646,3.1835315,715.2601,0.21099032,9270.479,4.261429,0,,,,,457.59432450489544,0.0006061556,732.6532960017857,0.0006180178,-0.004604352,-0.03345166
1.0005002,0.0004600374,8192,0.0018734261,457.59561790127657,732.6529802295868,2547,6894.2056,3.183096,714.9197,0.2111754,9265.009,4.26012,8192,,,,,457.59561790127657,0.00060630374,732.6529802295868,0.0006182305,-0.0044256593,-0.033427875
1.0019721,0.00046023788,0,0.0018741626,457.59497732287736,732.6535506148048,2548,6903.7495,3.184025,714.6796,0.21095449,9278.639,4.2619762,0,,,,,457.59497732287736,0.0006054954,732.6535506148048,0.0006173003,-0.0045080218,-0.034050107
0.9998421,0.00046011028,0,0.0018748989,457.59604231486367,732.6525014623812,2549,6888.873,3.182604,715.7104,0.21094911,9258.915,4.2607946,0,,,,,457.59604231486367,0.00060660345,732.6525014623812,0.0006184494,-0.004478747,-0.034589827
1.0004232,0.0004599959,0,0.0018756351,457.59411597608863,732.6531730863159,2550,6893.1074,3.1828809,715.1008,0.21091028,9264.296,4.2597356,0,,,,,457.59411597608863,0.00060615735,732.6531730863159,0.00061808515,-0.0047271135,-0.033912808
1.0008743,0.00046011806,0,0.0018763713,457.59502194811046,732.6520318510595,2551,6896.411,3.1834044,715.94574,0.21075636,9268.474,4.2608666,0,,,,,457.59502194811046,0.0006058939,732.6520318510595,0.00061781984,-0.004717877,-0.03375578
1.0002152,0.00046003645,0,0.0018771073,457.59545294263876,732.6538699940872,2552,6891.967,3.1828246,715.3876,0.21113543,9262.369,4.260111,0,,,,,457.59545294263876,0.0006064695,732.6538699940872,0.0006182776,-0.004707987,-0.033410136
0.99975806,0.00046001002,0,0.0018778432,457.5947658730571,732.6534262781008,2553,6888.863,3.1824503,714.92303,0.21104507,9258.137,4.259866,0,,,,,457.5947658730571,0.0006066666,732.6534262781008,0.0006186638,-0.004619926,-0.03375478
1.0002038,0.00045993004,0,0.0018785789,457.59582012471117,732.653781506427,2554,6891.8906,3.182738,715.35645,0.21089955,9262.265,4.2591257,0,,,,,457.59582012471117,0.000605887,732.653781506427,0.00061786105,-0.0042776475,-0.033751737
1.0001799,0.00046001284,0,0.0018793145,457.59522579461304,732.6529846898733,2555,6891.607,3.1827734,715.2276,0.21102783,9262.043,4.2598925,0,,,,,457.59522579461304,0.0006061721,732.6529846898733,0.0006180084,-0.004741718,-0.033930052
1.0003438,0.00046013773,0,0.00188005,457.5949585731115,732.6535730008865,2556,6892.2275,3.182993,715.79034,0.21087058,9263.561,4.261049,0,,,,,457.5949585731115,0.00060608727,732.6535730008865,0.0006179954,-0.004916923,-0.034135353
0.999386,0.0004598894,0,0.0018807853,457.59393368737756,732.6517695101177,2557,6885.3154,3.182188,715.0301,0.21104486,9254.691,4.258749,0,,,,,457.59393368737756,0.00060658995,732.6517695101177,0.00061833946,-0.0047902996,-0.034795698
0.99994993,0.00046006183,8192,0.0018815206,457.5957633667017,732.6516220829184,2558,6889.8325,3.1825526,714.44244,0.21096748,9259.913,4.260346,8192,,,,,457.5957633667017,0.0006061047,732.6516220829184,0.0006178636,-0.004658159,-0.03443416
0.9998436,0.00046005746,0,0.0018822558,457.5935320335046,732.6543905514974,2559,6889.2783,3.183164,720.34937,0.2109487,9258.929,4.2603054,0,,,,,457.5935320335046,0.0006065629,732.6543905514974,0.0006185559,-0.0047169398,-0.03379395
1.0001832,0.00045997408,0,0.0018837256,457.5956125533547,732.6525356273328,2561,6891.491,3.182779,714.92487,0.21083252,9262.074,4.2595334,0,,,,,457.5956125533547,0.00060661853,732.6525356273328,0.00061846495,-0.004353046,-0.034277827
0.999136,0.00045988784,0,0.0018844604,457.5943054942262,732.6518675593292,2562,6883.842,3.182024,714.57874,0.21076994,9252.376,4.2587347,0,,,,,457.5943054942262,0.0006065609,732.6518675593292,0.0006183049,-0.004424467,-0.034841776
1.0003823,0.00046001512,8192,0.001885195,457.5949857488805,732.6525556682598,2563,6892.2856,3.1828327,714.3341,0.2109736,9263.917,4.2599134,8192,,,,,457.5949857488805,0.0006060167,732.6525556682598,0.00061794627,-0.0043976326,-0.03493344
1.0000348,0.00046000726,0,0.0018859296,457.59607555224517,732.6519872574667,2564,6889.748,3.1825206,714.4879,0.21073058,9260.699,4.2598405,0,,,,,457.59607555224517,0.0006065189,732.6519872574667,0.0006181612,-0.0044430243,-0.035442565
1.000043,0.00046006625,0,0.001886664,457.5955833681602,732.6527405995243,2565,6890.1553,3.1825585,714.87006,0.21089697,9260.775,4.260387,0,,,,,457.5955833681602,0.0006063669,732.6527405995243,0.00061816064,-0.0045829127,-0.03487951
1.0013275,0.00046002373,0,0.0018873982,457.5944553817741,732.6534229834858,2566,6899.2954,3.1835616,715.1864,0.21106777,9272.67,4.259993,0,,,,,457.5944553817741,0.00060561014,732.6534229834858,0.0006174726,-0.004181855,-0.03440693
0.9995568,0.0004599015,0,0.0018881324,457.59478617738836,732.6532090894453,2567,6887.0674,3.1824255,714.5871,0.21087055,9256.272,4.258861,0,,,,,457.59478617738836,0.00060681795,732.6532090894453,0.0006187306,-0.0042943987,-0.03461384
1.0004897,0.0004599747,0,0.0018888664,457.5952673870222,732.6528577713461,2568,6893.145,3.182857,714.5656,0.21103579,9264.912,4.259539,0,,,,,457.5952673870222,0.0006063887,732.6528577713461,0.0006182229,-0.004311188,-0.034962963
0.99987566,0.00045992795,0,0.0018896003,457.59546939684094,732.652109747369,2569,6888.5605,3.1824007,715.0759,0.21094885,9259.226,4.259106,0,,,,,457.59546939684094,0.000606312,732.652109747369,0.00061816344,-0.004556254,-0.0353119
0.99955595,0.00045991194,0,0.0018903341,457.5944008982023,732.6524333344219,2570,6886.2866,3.1824982,715.1416,0.21074437,9256.265,4.258958,0,,,,,457.5944008982023,0.0006058471,732.6524333344219,0.0006178199,-0.004473762,-0.035114747
1.000175,0.00046000947,0,0.0018910677,457.5936077499896,732.6514391356156,2571,6890.7056,3.1827142,715.2137,0.21099758,9261.998,4.259861,0,,,,,457.5936077499896,0.00060680707,732.6514391356156,0.00061878486,-0.004589622,-0.035363894
0.99912715,0.00045988036,0,0.0018918013,457.59545883658296,732.6531562393285,2572,6883.9956,3.1819959,714.29095,0.21111052,9252.294,4.2586656,0,,,,,457.59545883658296,0.0006063667,732.6531562393285,0.0006181657,-0.0042785737,-0.035017338
0.9998548,0.00045998927,0,0.0018925347,457.5952025093119,732.6525865095624,2573,6889.109,3.1824477,714.6488,0.21100922,9259.032,4.259674,0,,,,,457.5952025093119,0.0006065366,732.6525865095624,0.0006183521,-0.0045803054,-0.034550525
1.0004634,0.0004600401,0,0.001893268,457.5936800821235,732.6527052646964,2574,6893.082,3.182977,714.5028,0.2107248,9264.668,4.2601447,0,,,,,457.5936800821235,0.0006060341,732.6527052646964,0.00061789545,-0.004586471,-0.034366097
0.99980754,0.0004599745,0,0.001894001,457.5964584923535,732.6524365904424,2575,6888.1016,3.182296,714.94867,0.21080343,9258.595,4.259537,0,,,,,457.5964584923535,0.0006061257,732.6524365904424,0.0006178467,-0.004699839,-0.034637447
1.0003488,0.00046005688,0,0.0018947341,457.5949403020984,732.6522233390089,2576,6891.7266,3.1827447,714.5071,0.21100737,9263.607,4.2603,0,,,,,457.5949403020984,0.0006059008,732.6522233390089,0.0006178054,-0.004947592,-0.035158534
1.0004869,0.00046009474,0,0.001895467,457.59457979475957,732.6526551443593,2577,6892.8574,3.1828232,714.4628,0.21101585,9264.886,4.2606506,0,,,,,457.59457979475957,0.00060634804,732.6526551443593,0.0006182515,-0.0053599095,-0.034287382
1.000178,0.00046000862,0,0.0018961998,457.5943750038332,732.6533543689729,2578,6891.144,3.1827145,715.546,0.2110369,9262.025,4.2598534,0,,,,,457.5943750038332,0.00060592307,732.6533543689729,0.00061783846,-0.0052204733,-0.03417015
1.0002497,0.0004600787,16,0.0018969324,457.5940429239033,732.6531931788614,2579,6891.764,3.182748,714.84973,0.21103737,9262.689,4.2605023,16,,,,,457.5940429239033,0.00060663605,732.6531931788614,0.0006186254,-0.0051556565,-0.033345446
1.0001309,0.0004600121,16,0.001897665,457.5940166272462,732.6542263667197,2580,6890.7026,3.182778,715.15424,0.21113609,9261.589,4.2598853,16,,,,,457.5940166272462,0.0006062459,732.6542263667197,0.00061824336,-0.005781,-0.03411291
0.999733,0.0004600145,16,0.0018983973,457.5949903491279,732.6528571707158,2581,6887.413,3.182359,715.0173,0.21110734,9257.904,4.2599077,16,,,,,457.5949903491279,0.00060634373,732.6528571707158,0.0006181737,-0.005497522,-0.03478004
1.0005666,0.0004602117,144,0.0018991296,457.59226324565856,732.6512572782967,2582,6893.105,3.183579,714.13007,0.21131656,9265.624,4.261734,144,,,,,457.59226324565856,0.00060532585,732.6512572782967,0.00061726937,-0.005773931,-0.03485761
0.99970156,0.00046005327,16,0.0018998618,457.5940201141839,732.6528627293442,2583,6887.0654,3.1823761,714.35095,0.2110303,9257.613,4.260267,16,,,,,457.5940201141839,0.00060644787,732.6528627293442,0.0006184119,-0.0055160336,-0.035040222
0.9999398,0.00046002018,16,0.0019005939,457.5948375892216,732.6524007559376,2584,6889.215,3.1823888,714.21655,0.21104227,9259.819,4.25996,16,,,,,457.5948375892216,0.0006067808,732.6524007559376,0.0006186136,-0.005384889,-0.03451131
0.9997877,0.00045997393,16,0.0019013258,457.59360339483953,732.6524991126033,2585,6888.24,3.182675,714.5997,0.2110074,9258.411,4.259532,16,,,,,457.59360339483953,0.0006068434,732.6524991126033,0.00061880477,-0.005503892,-0.034453027
1.0006999,0.00046001986,16,0.0019020576,457.59485545983057,732.6515120659437,2586,6894.55,3.1830628,714.5169,0.21084815,9266.858,4.2599573,16,,,,,457.59485545983057,0.00060602097,732.6515120659437,0.0006178282,-0.004932842,-0.03474625
0.99951005,0.00045988505,16,0.0019027892,457.5951786811805,732.6517550931178,2587,6885.742,3.1821046,713.7779,0.21105304,9255.84,4.258709,16,,,,,457.5951786811805,0.0006070403,732.6517550931178,0.0006189144,-0.0051260423,-0.03552047
1.0001549,0.00045995286,16,0.0019035207,457.59507827196467,732.6517996561595,2588,6890.0625,3.18246,713.49475,0.21119428,9261.811,4.259337,16,,,,,457.59507827196467,0.00060628145,732.6517996561595,0.00061816635,-0.0051152115,-0.035644397
0.99960846,0.00045992888,16,0.0019042521,457.5953852414452,732.6505584018163,2589,6886.031,3.1821625,713.9592,0.21087606,9256.751,4.2591147,16,,,,,457.5953852414452,0.00060665916,732.6505584018163,0.00061845384,-0.0048134425,-0.036102746
1.0008656,0.0004599234,16,0.0019049834,457.5962674409181,732.6512671319548,2590,6895.163,3.1830764,713.6849,0.21116453,9268.393,4.259064,16,,,,,457.5962674409181,0.0006055511,732.6512671319548,0.0006173306,-0.0046171984,-0.03591847
0.9993856,0.00045974588,16,0.0019057145,457.5962917826911,732.6523714664322,2591,6884.9927,3.1820884,714.4409,0.2110348,9254.6875,4.25742,16,,,,,457.5962917826911,0.00060685736,732.6523714664322,0.00061872107,-0.0043711406,-0.035749257
0.999405,0.00045987332,16,0.0019064456,457.59582963882724,732.6531568962893,2592,6885.282,3.1820908,713.18335,0.2110845,9254.867,4.2586,16,,,,,457.59582963882724,0.0006063718,732.6531568962893,0.00061821844,-0.0043172524,-0.03510368
0.99899375,0.00045983453,16,0.0019071765,457.59622697808334,732.6508465648617,2593,6881.997,3.1817183,714.15076,0.21094477,9251.059,4.258241,16,,,,,457.59622697808334,0.00060668116,732.6508465648617,0.0006185022,-0.004267517,-0.03564559
0.9999132,0.00045996817,0,0.0019079073,457.59493813122424,732.65195220034,2594,6888.165,3.1823657,713.8645,0.21101475,9259.573,4.2594786,0,,,,,457.59493813122424,0.00060680334,732.65195220034,0.00061860395,-0.004339656,-0.03618276
0.99954706,0.0004599261,0,0.0019086379,457.59543684657,732.6518234325428,2595,6885.5312,3.182132,714.25226,0.21081235,9256.183,4.259089,0,,,,,457.59543684657,0.000606745,732.6518234325428,0.00061862846,-0.004511928,-0.035745956
0.9992411,0.00045996482,0,0.0019093684,457.59551549877335,732.6528648412816,2596,6883.8853,3.1819823,713.7844,0.21110344,9253.35,4.2594476,0,,,,,457.59551549877335,0.0006069313,732.6528648412816,0.0006188245,-0.0044841007,-0.035666626
1.0001718,0.00045988505,0,0.0019100988,457.5949692032425,732.6522837306791,2597,6890.437,3.18253,713.99384,0.21081357,9261.968,4.258709,0,,,,,457.5949692032425,0.00060592743,732.6522837306791,0.00061774807,-0.0044768997,-0.03546001
1.0000283,0.00045984256,0,0.0019108291,457.5945531951599,732.6524205102392,2598,6889.4517,3.1825013,713.858,0.2110736,9260.639,4.2583156,0,,,,,457.5945531951599,0.00060667645,732.6524205102392,0.00061850634,-0.004462152,-0.035397347
0.99943125,0.00045980312,0,0.0019115593,457.59606017663685,732.6501693156392,2599,6884.859,3.1819084,714.0167,0.21108003,9255.11,4.2579503,0,,,,,457.59606017663685,0.0006067292,732.6501693156392,0.00061854353,-0.004580202,-0.0360338
0.9996442,0.00045990967,0,0.0019122893,457.5961134742441,732.6514533820175,2600,6886.027,3.182205,714.16583,0.21114427,9257.082,4.258937,0,,,,,457.5961134742441,0.0006068648,732.6514533820175,0.0006186088,-0.0041778893,-0.03645431
0.99938416,0.00045987903,0,0.0019130192,457.59514489886783,732.6504965557994,2601,6884.1787,3.1818714,713.54926,0.21112199,9254.674,4.258653,0,,,,,457.59514489886783,0.0006067481,732.6504965557994,0.00061848736,-0.0043932674,-0.036778674
1.0001655,0.00045990193,0,0.0019137489,457.5957329121243,732.6527431305169,2602,6889.973,3.1824758,713.861,0.21089676,9261.909,4.2588654,0,,,,,457.5957329121243,0.0006063469,732.6527431305169,0.0006181904,-0.0042870813,-0.036103025
1.0003136,0.00045987024,0,0.0019144786,457.596359171143,732.65008054322,2603,6891.2485,3.1825285,713.0461,0.21110871,9263.281,4.2585716,0,,,,,457.596359171143,0.00060578843,732.65008054322,0.00061744277,-0.0042261463,-0.036208287
0.9997232,0.00045987038,0,0.0019152081,457.5959239471871,732.6507862656828,2604,6887.2207,3.1822374,713.2368,0.21098183,9257.813,4.258573,0,,,,,457.5959239471871,0.0006068145,732.6507862656828,0.00061864674,-0.004363525,-0.03578988
0.99985576,0.0004598155,0,0.0019159375,457.5944304206983,732.6506747762321,2605,6887.723,3.1822562,714.08124,0.21093757,9259.041,4.2580647,0,,,,,457.5944304206983,0.0006067625,732.6506747762321,0.0006185812,-0.004344993,-0.036372498
1.0003167,0.00045994655,0,0.0019166667,457.59582225866177,732.6495476707183,2606,6890.431,3.1824849,713.51666,0.21078429,9263.311,4.2592783,0,,,,,457.59582225866177,0.0006060779,732.6495476707183,0.0006177657,-0.004478278,-0.036871016
0.999725,0.00045982574,0,0.0019173959,457.5951009324521,732.6508412219745,2607,6886.1924,3.182033,713.82996,0.21108092,9257.83,4.2581596,0,,,,,457.5951009324521,0.0006068698,732.6508412219745,0.00061872316,-0.0043752356,-0.03698494
0.99964,0.00045986864,0,0.001918125,457.5947353347285,732.6516712748894,2608,6885.894,3.1820724,713.8073,0.21094474,9257.043,4.258557,0,,,,,457.5947353347285,0.0006063349,732.6516712748894,0.0006181958,-0.004465105,-0.03666822
1.0000635,0.00045986194,0,0.0019188538,457.59489411010657,732.6526871483541,2609,6889.2173,3.1823845,713.5549,0.2111433,9260.966,4.258495,0,,,,,457.59489411010657,0.00060637237,732.6526871483541,0.00061819516,-0.0043838397,-0.035801373
0.9987558,0.00045975152,0,0.0019195825,457.59498828739436,732.6509561589447,2610,6880.218,3.1816487,713.6253,0.21093695,9248.855,4.2574725,0,,,,,457.59498828739436,0.0006069395,732.6509561589447,0.0006188163,-0.00451649,-0.03598157
1.001199,0.00046014474,128,0.0019203111,457.5955937282155,732.6513055684412,2611,6896.9707,3.183732,713.29645,0.21132414,9271.48,4.2611136,128,,,,,457.5955937282155,0.00060577865,732.6513055684412,0.0006174093,-0.0046507497,-0.035900984
0.9999117,0.00045995257,0,0.0019210397,457.596188535974,732.6519915474262,2612,6887.46,3.1823506,713.77167,0.21085496,9259.56,4.259334,0,,,,,457.596188535974,0.0006066094,732.6519915474262,0.00061836053,-0.005049846,-0.03636599
1.0002965,0.00046000548,0,0.0019217681,457.59592930753274,732.6499318082256,2613,6890.057,3.18245,713.4747,0.2107975,9263.122,4.2598243,0,,,,,457.59592930753274,0.000605998,732.6499318082256,0.00061766454,-0.00481181,-0.036626298
0.9992955,0.00045982975,0,0.0019224964,457.5954622270729,732.6505359510979,2614,6883.2544,3.1816983,714.1076,0.21098934,9253.853,4.258197,0,,,,,457.5954622270729,0.000606837,732.6505359510979,0.00061873236,-0.0045719454,-0.036804307
0.9998215,0.00045982073,0,0.0019232244,457.59573126565596,732.6504188740495,2615,6887.265,3.182165,713.4546,0.2108159,9258.724,4.2581134,0,,,,,457.59573126565596,0.0006060567,732.6504188740495,0.00061781827,-0.0046376,-0.036271032
0.99941915,0.0004597673,0,0.0019239524,457.5950746392318,732.6516541039759,2616,6884.5464,3.182017,713.55566,0.21117562,9254.998,4.2576184,0,,,,,457.5950746392318,0.0006061908,732.6516541039759,0.0006179894,-0.004320762,-0.036193464
1.0000448,0.00045990333,0,0.0019246803,457.5957671700735,732.6508126545968,2617,6888.7295,3.1823823,714.2358,0.21086387,9260.792,4.258878,0,,,,,457.5957671700735,0.0006067442,732.6508126545968,0.000618593,-0.0044555226,-0.036420472
0.9994285,0.0004598121,0,0.001925408,457.5954483174578,732.6487388181266,2618,6883.91,3.1820073,713.06647,0.21089412,9255.085,4.2580333,0,,,,,457.5954483174578,0.00060644076,732.6487388181266,0.0006182271,-0.0045189974,-0.03689296
0.99970406,0.00045981188,0,0.0019261356,457.59558934749464,732.6501073648699,2619,6885.579,3.1820204,713.0064,0.21117404,9257.637,4.2580314,0,,,,,457.59558934749464,0.0006065348,732.6501073648699,0.0006183004,-0.00425057,-0.03766924
0.998995,0.00045977306,0,0.0019268631,457.59557968883996,732.65015076852,2620,6880.947,3.181605,713.79297,0.21087626,9251.07,4.257672,0,,,,,457.59557968883996,0.00060699316,732.65015076852,0.000618737,-0.0046416097,-0.037085623
0.9991509,0.0004598019,0,0.0019275905,457.59465948950475,732.6508903850095,2621,6882.425,3.1818278,714.48584,0.21094058,9252.514,4.257939,0,,,,,457.59465948950475,0.0006068296,732.6508903850095,0.00061866874,-0.0047948495,-0.036343653
0.9993602,0.0004598951,0,0.0019283177,457.59437644025957,732.6509268276913,2622,6883.968,3.18189,713.4616,0.21085936,9254.452,4.258802,0,,,,,457.59437644025957,0.0006067163,732.6509268276913,0.000618527,-0.004967958,-0.03605657
1.0003294,0.00045982614,0,0.0019290447,457.59572118738834,732.6513258498045,2623,6890.561,3.182449,713.2094,0.21098433,9263.427,4.2581635,0,,,,,457.59572118738834,0.00060627796,732.6513258498045,0.0006181286,-0.0046533938,-0.036372777
1.0000746,0.00045986337,0,0.0019297717,457.5949965190275,732.6504147678054,2624,6888.138,3.1822314,713.77625,0.2111469,9261.068,4.258508,0,,,,,457.5949965190275,0.00060651044,732.6504147678054,0.00061842025,-0.0049385913,-0.037065577
1.0000005,0.00045989515,0,0.0019304985,457.5951917652816,732.6503839270172,2625,6887.569,3.1823013,713.50793,0.21068378,9260.381,4.2588024,0,,,,,457.5951917652816,0.0006064122,732.6503839270172,0.00061818876,-0.004636197,-0.03710739
0.999355,0.00045983758,0,0.0019312253,457.5949190846252,732.6486268416999,2626,6883.1045,3.1817558,713.6225,0.2109575,9254.404,4.2582693,0,,,,,457.5949190846252,0.00060647895,732.6486268416999,0.00061820075,-0.0047096796,-0.037379075
0.9999088,0.0004598669,0,0.0019319518,457.59597184037807,732.6504303285797,2627,6887.4854,3.1824,714.5345,0.21094066,9259.532,4.2585406,0,,,,,457.59597184037807,0.00060654426,732.6504303285797,0.00061835645,-0.004782629,-0.03649625
1.0000437,0.00045982312,16,0.0019326783,457.59526658858283,732.6517611767582,2628,6888.2944,3.1823184,713.5601,0.21081735,9260.782,4.2581353,16,,,,,457.59526658858283,0.0006060397,732.6517611767582,0.00061793084,-0.0047398196,-0.036994733
1.000248,0.00045986194,16,0.0019334047,457.59466689725195,732.6506601657168,2629,6889.814,3.1823933,713.32605,0.2108213,9262.673,4.258495,16,,,,,457.59466689725195,0.0006060043,732.6506601657168,0.000617813,-0.0044121994,-0.03704114
0.9994954,0.00045979428,16,0.0019341309,457.594690345467,732.6493966545871,2630,6883.996,3.181982,713.62476,0.21066585,9255.704,4.2578683,16,,,,,457.594690345467,0.0006062556,732.6493966545871,0.0006180441,-0.004659359,-0.037620053
0.999242,0.00045970464,8208,0.001934857,457.5947063020051,732.6493950431818,2631,6881.9346,3.181803,713.51794,0.21099043,9253.357,4.257038,8208,,,,,457.5947063020051,0.0006072472,732.6493950431818,0.00061901775,-0.004733025,-0.038000267
0.999854,0.00045977609,16,0.0019355828,457.5951389912664,732.6505419405013,2632,6886.243,3.1823196,713.667,0.21114539,9259.025,4.2577,16,,,,,457.5951389912664,0.00060674245,732.6505419405013,0.0006184917,-0.0045284466,-0.037962507
0.99940735,0.00045960376,16,0.0019363087,457.59540428894724,732.6491062304656,2633,6883.567,3.1819024,713.79034,0.21107122,9254.889,4.256104,16,,,,,457.59540428894724,0.0006065949,732.6491062304656,0.00061830424,-0.0045060907,-0.03775653
0.9990758,0.00045944398,16,0.0019370344,457.5952256708664,732.6492503593015,2634,6881.452,3.181817,713.69824,0.21106352,9251.818,4.2546244,16,,,,,457.5952256708664,0.0006069441,732.6492503593015,0.00061860983,-0.00401401,-0.037593238
0.99996656,0.00045947815,16,0.0019377599,457.5947249165888,732.6501280425374,2635,6887.394,3.18237,714.0239,0.2110769,9260.067,4.254941,16,,,,,457.5947249165888,0.000606487,732.6501280425374,0.0006182953,-0.0042197765,-0.038176175
0.9989761,0.00045950737,16,0.0019384853,457.59549066570906,732.6488964348531,2636,6880.355,3.1815002,713.66925,0.21100026,9250.8955,4.2552114,16,,,,,457.59549066570906,0.00060644414,732.6488964348531,0.0006182443,-0.00426092,-0.03847304
0.9994659,0.00045968837,16,0.0019392107,457.59473620688084,732.6485926234009,2637,6883.239,3.1818147,713.3174,0.2112254,9255.431,4.2568874,16,,,,,457.59473620688084,0.0006065904,732.6485926234009,0.00061833026,-0.004273509,-0.03891179
1.0002813,0.00045983063,16,0.0019399358,457.59554849944834,732.6485274162551,2638,6888.8364,3.1823757,713.6538,0.2109856,9262.982,4.258205,16,,,,,457.59554849944834,0.00060653815,732.6485274162551,0.00061828335,-0.0047497307,-0.038891375
0.9999454,0.0004595689,16,0.0019406609,457.59506037076534,732.6497771166482,2639,6887.0513,3.1822064,713.2719,0.2109723,9259.871,4.255781,16,,,,,457.59506037076534,0.00060656446,732.6497771166482,0.0006183129,-0.004399371,-0.038320836
0.99973077,0.00045962573,16,0.0019413858,457.59523527644876,732.6496303865899,2640,6885.6743,3.181982,714.06445,0.21096434,9257.884,4.2563076,16,,,,,457.59523527644876,0.00060635834,732.6496303865899,0.00061815744,-0.00443872,-0.03838026
1.0005544,0.00045958738,16,0.0019421106,457.5964765999213,732.6492950802494,2641,6891.414,3.1825783,712.6557,0.21090564,9265.512,4.2559524,16,,,,,457.5964765999213,0.0006057821,732.6492950802494,0.0006174143,-0.003639133,-0.038027853
0.99997145,0.0004595988,16,0.0019428353,457.5947515932734,732.6497941446179,2642,6887.199,3.1820564,712.78937,0.21086812,9260.112,4.256058,16,,,,,457.5947515932734,0.0006062455,732.6497941446179,0.00061797735,-0.004292864,-0.0381964
0.9991281,0.00045967713,16,0.0019435597,457.5956253980284,732.6497748126108,2643,6880.9736,3.1815407,713.1062,0.2111975,9252.303,4.2567835,16,,,,,457.5956253980284,0.0006066732,732.6497748126108,0.00061851216,-0.004083125,-0.038474955
0.99957794,0.00045965004,16,0.0019442842,457.5952281703935,732.6491336587546,2644,6883.818,3.1817796,713.15967,0.21068397,9256.469,4.2565327,16,,,,,457.5952281703935,0.0006062222,732.6491336587546,0.00061788555,-0.0042015105,-0.038953636
0.9995634,0.00045974716,16,0.0019450084,457.5956739930938,732.6493123097241,2645,6884.041,3.1817896,712.8144,0.210911,9256.334,4.257432,16,,,,,457.5956739930938,0.00060620706,732.6493123097241,0.00061796606,-0.004678294,-0.038834263
0.99978507,0.00045953758,16,0.0019457325,457.5968672547943,732.6495935847236,2646,6885.853,3.1819286,712.7173,0.21104138,9258.387,4.2554913,16,,,,,457.5968672547943,0.00060646376,732.6495935847236,0.00061806367,-0.0043480606,-0.03841708
0.99955225,0.00045947172,16,0.0019464565,457.5967177172795,732.64803476859,2647,6884.2593,3.181789,712.44867,0.21085848,9256.23,4.2548814,16,,,,,457.5967177172795,0.00060663687,732.64803476859,0.0006182314,-0.0042460784,-0.03853857
0.99993557,0.0004596899,16,0.0019471804,457.5953546429539,732.6487798884475,2648,6886.8687,3.1820195,713.719,0.21075359,9259.78,4.2569017,16,,,,,457.5953546429539,0.0006059073,732.6487798884475,0.0006175454,-0.004270431,-0.037973728
0.9992035,0.00045964433,16,0.0019479041,457.59579903962725,732.6476900684797,2649,6881.266,3.181381,712.4862,0.21119164,9253.001,4.2564797,16,,,,,457.59579903962725,0.00060681085,732.6476900684797,0.0006184657,-0.0045796772,-0.03900099
0.99921364,0.0004596644,16,0.0019486278,457.5950970570414,732.6489442122231,2650,6881.1865,3.1815014,713.3105,0.21128762,9253.095,4.2566657,16,,,,,457.5950970570414,0.00060707313,732.6489442122231,0.0006188524,-0.004693084,-0.03937034
0.99968415,0.00045958604,16,0.0019493513,457.59621865342467,732.6473041772837,2651,6884.4287,3.1818376,712.73505,0.21094647,9257.452,4.25594,16,,,,,457.59621865342467,0.00060628244,732.6473041772837,0.00061789236,-0.004558056,-0.03954151
0.9992071,0.00045948816,16,0.0019500746,457.59530642658484,732.6480874927147,2652,6881.548,3.181575,712.39105,0.21115002,9253.034,4.2550335,16,,,,,457.59530642658484,0.0006065421,732.6480874927147,0.0006181817,-0.0045956364,-0.039325576
0.99927384,0.00045958598,16,0.0019507979,457.59634956795367,732.6487603654828,2653,6882.2783,3.1815965,712.3845,0.21124746,9253.652,4.2559395,16,,,,,457.59634956795367,0.0006064017,732.6487603654828,0.0006181224,-0.004156818,-0.038838353
1.0001074,0.00045951194,16,0.0019515209,457.5948422973653,732.6482766693821,2654,6887.937,3.1821737,712.41656,0.21109585,9261.371,4.255254,16,,,,,457.5948422973653,0.00060590927,732.6482766693821,0.0006176104,-0.004209788,-0.039159432
0.99981177,0.00045958578,16,0.0019522439,457.59569626770326,732.6492714207823,2655,6885.3877,3.181924,712.3763,0.21101439,9258.634,4.2559376,16,,,,,457.59569626770326,0.00060634286,732.6492714207823,0.00061808975,-0.004882639,-0.03928169
1.0001184,0.00045975077,16,0.0019529667,457.5941500776385,732.6476135800494,2656,6887.2163,3.1820288,713.3318,0.2108522,9261.474,4.2574654,16,,,,,457.5941500776385,0.0006062754,732.6476135800494,0.0006180036,-0.005536841,-0.03929615
0.99903363,0.00045958316,16,0.0019536894,457.59549781522605,732.6491833210118,2657,6879.6514,3.1814504,713.0293,0.21079075,9251.428,4.2559133,16,,,,,457.59549781522605,0.00060716696,732.6491833210118,0.00061892247,-0.0051331953,-0.039443083
0.9992389,0.0004597243,16,0.001954412,457.59493187716464,732.6498915496024,2658,6881.705,3.1816075,711.8728,0.2108805,9253.329,4.2572203,16,,,,,457.59493187716464,0.00060672,732.6498915496024,0.0006185537,-0.0054513495,-0.038194582
0.9992112,0.0004597432,16,0.0019551343,457.5938589547694,732.6500666089333,2659,6881.741,3.18152,712.78735,0.21067046,9253.072,4.2573953,16,,,,,457.5938589547694,0.00060638785,732.6500666089333,0.0006182315,-0.0059111337,-0.037577294
0.99949497,0.0004595503,16,0.0019558568,457.5940932742967,732.6509463319386,2660,6883.6523,3.1816993,712.2074,0.21078058,9255.7,4.255609,16,,,,,457.5940932742967,0.00060636323,732.6509463319386,0.00061834184,-0.005820393,-0.037184417
0.99930876,0.00045958176,16,0.0019565788,457.5944851353852,732.6497822713995,2661,6882.0005,3.1815536,712.37177,0.21122068,9253.976,4.2559004,16,,,,,457.5944851353852,0.0006067753,732.6497822713995,0.0006185258,-0.005818932,-0.03799659
0.99931294,0.00045965446,16,0.001957301,457.5935760022458,732.649901762341,2662,6881.6187,3.1815407,712.8003,0.21084817,9254.015,4.2565737,16,,,,,457.5935760022458,0.00060646766,732.649901762341,0.00061841845,-0.0061356,-0.038417403
0.99933994,0.00045964133,16,0.0019580228,457.5945537041465,732.6491764581456,2663,6881.5786,3.1814945,713.0553,0.21094805,9254.265,4.256452,16,,,,,457.5945537041465,0.0006067396,732.6491764581456,0.0006185677,-0.006322458,-0.038768485
1.0003076,0.00045960015,16,0.0019587446,457.59328942047915,732.6500313422522,2664,6888.5815,3.182166,712.70776,0.21085416,9263.225,4.2560706,16,,,,,457.59328942047915,0.0006060434,732.6500313422522,0.00061796576,-0.0066115498,-0.038581137
1.0000689,0.00045961086,16,0.0019594664,457.5937574522863,732.6498480037484,2665,6887.225,3.182015,711.52856,0.21081252,9261.015,4.25617,16,,,,,457.5937574522863,0.0006063082,732.6498480037484,0.00061815017,-0.006246799,-0.038343158
0.99972594,0.0004596073,16,0.001960188,457.59403509367473,732.6499463472474,2666,6884.679,3.1818435,712.6527,0.21095672,9257.839,4.256137,16,,,,,457.59403509367473,0.00060694583,732.6499463472474,0.0006188041,-0.0061281323,-0.038414616
0.999464,0.00045968176,16,0.0019609092,457.5943454076496,732.6495896033235,2667,6883.158,3.181559,712.33936,0.21093538,9255.413,4.2568264,16,,,,,457.5943454076496,0.00060624594,732.6495896033235,0.0006179162,-0.005980525,-0.037633117
0.9991214,0.00045973383,16,0.0019616305,457.5939618796745,732.648850684381,2668,6880.2534,3.181411,711.79596,0.2110362,9252.241,4.2573085,16,,,,,457.5939618796745,0.0006060949,732.648850684381,0.0006179179,-0.0057399236,-0.03867162
0.999463,0.0004596899,16,0.0019623516,457.5936302749943,732.6488002113542,2669,6882.3057,3.1814823,712.14764,0.21075794,9255.404,4.2569017,16,,,,,457.5936302749943,0.00060629856,732.6488002113542,0.00061814656,-0.005599472,-0.039013874
1.000047,0.00045975577,16,0.0019630727,457.59473225393526,732.6474590937719,2670,6886.4116,3.1819484,711.2347,0.21112417,9260.812,4.2575116,16,,,,,457.59473225393526,0.0006060777,732.6474590937719,0.0006178165,-0.0056105717,-0.0395155
1.0000396,0.00045965848,16,0.0019637935,457.5955781145076,732.6482446677982,2671,6886.7837,3.18196,712.7527,0.21086189,9260.743,4.256611,16,,,,,457.5955781145076,0.0006062669,732.6482446677982,0.00061808294,-0.0050775153,-0.03910274
0.99929196,0.00045950993,16,0.0019645141,457.5948320495089,732.6481721993564,2672,6881.523,3.181478,712.965,0.2107395,9253.82,4.255235,16,,,,,457.5948320495089,0.0006071382,732.6481721993564,0.00061893015,-0.005064139,-0.039040193
0.9994015,0.00045927044,16,0.0019652348,457.5953540374053,732.6476202138881,2673,6882.361,3.1816113,711.91364,0.21081954,9254.835,4.2530174,16,,,,,457.5953540374053,0.0006069411,732.6476202138881,0.00061860296,-0.005181053,-0.03990022
1.0004328,0.00045956697,16,0.0019659554,457.59542276430557,732.6484703231567,2674,6889.239,3.1822145,712.80994,0.21090405,9264.385,4.2557635,16,,,,,457.59542276430557,0.000606087,732.6484703231567,0.00061781757,-0.005252955,-0.039900746
1.0004979,0.00045963738,16,0.0019666755,457.5946427616929,732.6477443076622,2675,6889.1777,3.1822753,712.4781,0.21113296,9264.988,4.2564154,16,,,,,457.5946427616929,0.0006066803,732.6477443076622,0.00061842834,-0.004754267,-0.04052409
1.0002322,0.00045961436,16,0.001967396,457.59540535115116,732.6464618010799,2676,6887.247,3.1817937,711.5753,0.21087317,9262.527,4.256202,16,,,,,457.59540535115116,0.00060603186,732.6464618010799,0.00061765756,-0.004924241,-0.04103756
0.9995524,0.0004593896,16,0.0019681158,457.5946747273442,732.6471603602077,2677,6882.7964,3.1815636,711.92847,0.21097368,9256.232,4.254121,16,,,,,457.5946747273442,0.0006065161,732.6471603602077,0.0006181887,-0.0046200384,-0.0406331
0.9998329,0.00045929351,16,0.0019688357,457.5954089542987,732.6466346522806,2678,6884.964,3.1817439,712.6045,0.2110072,9258.83,4.253231,16,,,,,457.5954089542987,0.00060638896,732.6466346522806,0.0006180427,-0.004502654,-0.040732313
1.000639,0.00045942861,16,0.0019695556,457.5957785478598,732.6476280083823,2679,6890.6074,3.1822927,712.02496,0.21103953,9266.294,4.2544823,16,,,,,457.5957785478598,0.00060576195,732.6476280083823,0.00061739713,-0.0043870914,-0.040323246
0.99969155,0.0004593192,16,0.0019702753,457.59695457156624,732.6470324853296,2680,6884.0747,3.1817918,711.9188,0.21115513,9257.5205,4.253469,16,,,,,457.59695457156624,0.000606936,732.6470324853296,0.0006185159,-0.0041733314,-0.040608045
0.9985327,0.0004594569,16,0.0019709948,457.59673527176517,732.6469617712524,2681,6875.72,3.1809607,712.7276,0.21084669,9246.789,4.254744,16,,,,,457.59673527176517,0.0006071644,732.6469617712524,0.000618808,-0.0041176067,-0.040545613
1.0002509,0.00045934352,16,0.0019717142,457.5963949826547,732.6465127930919,2682,6887.0767,3.1821058,711.9073,0.2112168,9262.701,4.253694,16,,,,,457.5963949826547,0.0006062923,732.6465127930919,0.00061791786,-0.0038141846,-0.041540302
0.99974173,0.0004593978,16,0.0019724334,457.59527341393607,732.6464652419011,2683,6883.646,3.1816862,712.79803,0.21095608,9257.985,4.2541966,16,,,,,457.59527341393607,0.00060674537,732.6464652419011,0.00061838806,-0.0044092457,-0.041537553
1.000357,0.0004592828,144,0.0019731526,457.596474127006,732.6476883927942,2684,6888.331,3.1827161,712.2733,0.21091412,9263.684,4.253132,144,,,,,457.596474127006,0.00060579675,732.6476883927942,0.0006174475,-0.004202935,-0.041250467
1.0001694,0.00045926962,16,0.0019738716,457.59634942598984,732.6458961734004,2685,6887.0645,3.1820228,711.7318,0.21107164,9261.945,4.25301,16,,,,,457.59634942598984,0.0006063678,732.6458961734004,0.00061793637,-0.004150823,-0.04145866
1.0007739,0.0004589708,16,0.0019745906,457.5957678525288,732.6465744788103,2686,6891.1245,3.1824594,711.99713,0.21098192,9267.544,4.2502427,16,,,,,457.5957678525288,0.0006063605,732.6465744788103,0.0006179642,-0.0042192265,-0.04186444
0.9990142,0.0004590118,16,0.0019753093,457.5957106124881,732.6468956398958,2687,6879.1157,3.18111,711.9453,0.21094488,9251.248,4.2506223,16,,,,,457.5957106124881,0.0006069059,732.6468956398958,0.000618592,-0.0041872994,-0.041344132
0.9995575,0.00045930187,16,0.0019760279,457.5964633589168,732.6453030136353,2688,6882.104,3.1815884,712.4718,0.21081445,9256.279,4.2533083,16,,,,,457.5964633589168,0.00060593314,732.6453030136353,0.00061749184,-0.0040721884,-0.041848578
1.0006257,0.0004591095,16,0.0019767464,457.5958749617188,732.6448750685689,2689,6889.2847,3.1823199,712.591,0.21093874,9266.172,4.251527,16,,,,,457.5958749617188,0.000606039,732.6448750685689,0.000617577,-0.004016352,-0.04258823
0.99998015,0.0004594043,16,0.0019774646,457.5953418902242,732.645888449063,2690,6885.328,3.1818588,711.6331,0.21114294,9260.193,4.254257,16,,,,,457.5953418902242,0.0006062597,732.645888449063,0.00061793765,-0.0045707845,-0.041465938
0.99956656,0.00045926982,8208,0.001978183,457.59546685728566,732.6472328229295,2691,6882.671,3.1816528,711.7361,0.21100864,9256.363,4.2530117,8208,,,,,457.59546685728566,0.00060649693,732.6472328229295,0.00061820075,-0.004701889,-0.041276757
1.0001812,0.00045929092,16,0.001978901,457.59617549433153,732.646096041263,2692,6887.0293,3.181885,712.3313,0.21108499,9262.055,4.253207,16,,,,,457.59617549433153,0.00060614967,732.646096041263,0.0006176758,-0.0044646226,-0.041165482
1.0003105,0.00045937946,16,0.001979619,457.59519887430577,732.6459240938913,2693,6887.834,3.1821635,712.33923,0.21096058,9263.253,4.254027,16,,,,,457.59519887430577,0.00060584955,732.6459240938913,0.00061739946,-0.004867772,-0.041031998
0.9998317,0.00045905088,16,0.0019803368,457.5951341111846,732.6468673521995,2694,6884.4175,3.181745,712.2564,0.21109115,9258.818,4.250984,16,,,,,457.5951341111846,0.00060634286,732.6468673521995,0.00061813823,-0.0047509647,-0.041370437
0.9997931,0.00045937393,16,0.0019810544,457.59529244665566,732.6463248415981,2695,6883.6147,3.1815798,711.7571,0.2109799,9258.461,4.253976,16,,,,,457.59529244665566,0.0006066383,732.6463248415981,0.00061829947,-0.0046043773,-0.04186097
1.0006263,0.00045939058,8208,0.001981772,457.59543179548825,732.6462518897083,2696,6889.135,3.182137,711.521,0.21081159,9266.177,4.25413,8208,,,,,457.59543179548825,0.00060576596,732.6462518897083,0.0006173924,-0.0047143293,-0.042621568
1.0000426,0.00045918,16,0.0019824894,457.5945285533723,732.646961799401,2697,6885.5957,3.181862,711.54254,0.2112366,9260.771,4.25218,16,,,,,457.5945285533723,0.00060689746,732.646961799401,0.00061864016,-0.0045397924,-0.042044494
0.9994083,0.00045911586,16,0.0019832067,457.5959728423988,732.645487944636,2698,6881.2305,3.181317,711.75635,0.21117575,9254.897,4.251586,16,,,,,457.5959728423988,0.0006064731,732.645487944636,0.0006179665,-0.0048641125,-0.042095512
0.9999458,0.00045919084,16,0.0019839238,457.59562249435703,732.6457943387121,2699,6885.054,3.1829598,711.8738,0.21112897,9259.875,4.25228,16,,,,,457.59562249435703,0.0006068066,732.6457943387121,0.0006185002,-0.0045084604,-0.04229596
1.0001346,0.0004589875,16,0.001984641,457.59453857155967,732.6462752351644,2700,6886.136,3.1819084,711.93854,0.2106429,9261.623,4.250397,16,,,,,457.59453857155967,0.00060621154,732.6462752351644,0.000617952,-0.004483268,-0.041882563
0.99877703,0.00045888373,16,0.0019853576,457.59547668454087,732.6463299095614,2701,6876.4253,3.1811507,711.6528,0.21076407,9249.052,4.2494364,16,,,,,457.59547668454087,0.0006071448,732.6463299095614,0.00061874883,-0.0046628607,-0.042511087
0.9994549,0.00045942343,16,0.0019860745,457.5961934514243,732.6452958579821,2702,6881.183,3.18246,711.9478,0.21098094,9255.329,4.254434,16,,,,,457.5961934514243,0.0006069333,732.6452958579821,0.000618549,-0.0044363555,-0.042496257
0.9999619,0.00045958316,16,0.0019867911,457.5949232405874,732.6439191101683,2703,6884.6797,3.1839406,711.30304,0.21108818,9260.024,4.2559133,16,,,,,457.5949232405874,0.0006067068,732.6439191101683,0.00061833963,-0.004426129,-0.043452974
0.9999257,0.00045906045,16,0.0019875076,457.5965411492048,732.6445203157455,2704,6884.481,3.1816797,712.2273,0.2108562,9259.688,4.251073,16,,,,,457.5965411492048,0.00060709676,732.6445203157455,0.00061855494,-0.0048522865,-0.04293775
0.9995871,0.00045903338,16,0.001988224,457.5952453859136,732.645598822141,2705,6881.8306,3.1814764,711.7117,0.21110998,9256.554,4.250822,16,,,,,457.5952453859136,0.0006064605,732.645598822141,0.0006180661,-0.00454469,-0.0427601
1.000505,0.00045895088,0,0.0019896561,457.59709913761805,732.6447492632483,2707,6888.7627,3.1842377,711.7479,0.21072315,9265.053,4.250058,0,,,,,457.59709913761805,0.00060617056,732.6447492632483,0.00061773,-0.0042154808,-0.043207236
0.9996503,0.00045909386,0,0.001990372,457.59652121726015,732.6432280082485,2708,6882.2856,3.1835835,710.7234,0.21106446,9257.139,4.2513824,0,,,,,457.59652121726015,0.0006068249,732.6432280082485,0.0006182819,-0.003915289,-0.04435847
1.0001968,0.00045906726,0,0.0019910878,457.595455453715,732.6438545302069,2709,6885.958,3.1827495,711.6166,0.21082416,9262.199,4.251136,0,,,,,457.595455453715,0.00060679816,732.6438545302069,0.0006182699,-0.0043498455,-0.044567898
1.0002545,0.00045912518,0,0.0019918035,457.5968276362091,732.6434585429887,2710,6886.161,3.1839068,711.5375,0.21064311,9262.734,4.2516723,0,,,,,457.5968276362091,0.00060663203,732.6434585429887,0.0006181118,-0.0044043246,-0.0445687
1.0006948,0.00045913382,0,0.001992519,457.59569257579216,732.6445562658411,2711,6889.364,3.1842628,711.5743,0.21114501,9266.811,4.2517524,0,,,,,457.59569257579216,0.0006060182,732.6445562658411,0.00061765563,-0.004495351,-0.04429845
1.0003601,0.0004589581,0,0.0019932345,457.59483759495015,732.6439338803475,2712,6887.496,3.1840954,711.2683,0.21095589,9263.712,4.250125,0,,,,,457.59483759495015,0.00060677854,732.6439338803475,0.0006181764,-0.004339701,-0.04338002
1.0002966,0.00045889075,0,0.0019939498,457.59629887669706,732.6441125818338,2713,6887.0566,3.1828945,711.8682,0.21086578,9263.123,4.249501,0,,,,,457.59629887669706,0.0006063053,732.6441125818338,0.00061786524,-0.004638239,-0.04316029
0.9996307,0.00045927992,0,0.0019946648,457.5958404583722,732.6448562138804,2714,6881.9995,3.1824248,712.01337,0.211005,9256.957,4.253105,0,,,,,457.5958404583722,0.00060696376,732.6448562138804,0.0006185395,-0.004453846,-0.043521892
1.0001193,0.00045906,0,0.0019953798,457.5949975094439,732.64407360465,2715,6885.172,3.1838827,711.3015,0.21102695,9261.482,4.2510686,0,,,,,457.5949975094439,0.0006061898,732.64407360465,0.00061769446,-0.0045807,-0.04419497
1.0002935,0.00045900347,0,0.0019960948,457.5966998100158,732.643011759222,2716,6886.3945,3.1839755,711.7671,0.21127225,9263.095,4.250545,0,,,,,457.5966998100158,0.0006059492,732.643011759222,0.0006173817,-0.0044946102,-0.044177514
1.0002837,0.00045925294,0,0.0019968094,457.59591010594215,732.6445364864043,2717,6886.277,3.1839902,711.9919,0.21095958,9263.004,4.2528553,0,,,,,457.59591010594215,0.00060635095,732.6445364864043,0.0006178989,-0.0045482703,-0.044282857
0.99975616,0.0004583908,0,0.001997524,457.59637229623127,732.6440151702205,2718,6883.1875,3.1814656,711.42865,0.21075858,9258.119,4.2448716,0,,,,,457.59637229623127,0.0006061742,732.6440151702205,0.0006177024,-0.0044057835,-0.04371795
1.0004687,0.00045893365,0,0.0019982385,457.59577438878256,732.6445764685146,2719,6888.1255,3.1829686,712.00415,0.21101007,9264.718,4.2498984,0,,,,,457.59577438878256,0.0006063904,732.6445764685146,0.0006179298,-0.0045602215,-0.0434993
1.000533,0.0004589026,0,0.0019989528,457.5940707830082,732.6452759372677,2720,6888.3115,3.1821659,712.4531,0.21078722,9265.3125,4.249611,0,,,,,457.5940707830082,0.00060624455,732.6452759372677,0.0006178931,-0.0046179006,-0.043500405
0.9992566,0.00045912116,0,0.001999667,457.5965372840392,732.6443064601194,2721,6879.138,3.1821842,711.37067,0.211355,9253.493,4.251635,0,,,,,457.5965372840392,0.00060660305,732.6443064601194,0.000618141,-0.0045350106,-0.04355288
0.9998647,0.0004592395,0,0.002000381,457.5949367039011,732.6445613088624,2722,6883.153,3.1836326,711.2751,0.21093619,9259.124,4.252731,0,,,,,457.5949367039011,0.0006064997,732.6445613088624,0.0006180127,-0.0049529923,-0.044242315
0.99967235,0.00045914698,0,0.0020010949,457.5945370431718,732.6438186470109,2723,6881.9893,3.1836407,711.27435,0.21065038,9257.343,4.251874,0,,,,,457.5945370431718,0.0006064388,732.6438186470109,0.0006180491,-0.004477605,-0.04390337
0.99998546,0.00045878132,0,0.0020018087,457.59604819944707,732.6446522415384,2724,6884.6567,3.1827374,710.8661,0.21108961,9260.242,4.248488,0,,,,,457.59604819944707,0.0006065129,732.6446522415384,0.00061806967,-0.004435229,-0.04344834
1.0001402,0.00045884927,0,0.0020025223,457.5947643084347,732.6462175424716,2725,6885.75,3.1816936,710.51105,0.21088704,9261.675,4.2491174,0,,,,,457.5947643084347,0.00060594257,732.6462175424716,0.0006176606,-0.0044179484,-0.043290038
0.9997911,0.00045883853,0,0.0020032357,457.59543188993223,732.6447705011731,2726,6883.2505,3.1836789,709.7365,0.2109008,9258.442,4.2490177,0,,,,,457.59543188993223,0.00060599984,732.6447705011731,0.00061759225,-0.0047296383,-0.043320786
1.0001065,0.00045912663,0,0.0020039491,457.59459511689954,732.6435220098017,2727,6884.7715,3.1826427,710.85175,0.21068412,9261.362,4.2516856,0,,,,,457.59459511689954,0.000606332,732.6435220098017,0.00061787857,-0.0048459037,-0.0445074
1.0004436,0.00045885594,0,0.0020046625,457.59486148592964,732.6438868013657,2728,6887.0464,3.1819363,711.30896,0.21080156,9264.484,4.249179,0,,,,,457.59486148592964,0.0006064257,732.6438868013657,0.0006179396,-0.0049331086,-0.04415578
1.000719,0.00045897302,0,0.0020053755,457.5957131525745,732.6429702314022,2729,6888.891,3.184257,710.7114,0.21095398,9267.035,4.250263,0,,,,,457.5957131525745,0.0006054765,732.6429702314022,0.00061687944,-0.0044857804,-0.044655018
1.0004474,0.00045889255,0,0.0020060884,457.59367614653985,732.6453299845515,2730,6887.66,3.1829977,711.6627,0.21066877,9264.52,4.249518,0,,,,,457.59367614653985,0.00060646766,732.6453299845515,0.0006181347,-0.0044452394,-0.043842275
1.000335,0.00045883033,0,0.0020068013,457.5954694480189,732.6432064860799,2731,6886.8096,3.184,711.2959,0.21109319,9263.4795,4.248942,0,,,,,457.5954694480189,0.00060633227,732.6432064860799,0.0006176896,-0.004239245,-0.044202033
0.99949056,0.00045856385,0,0.002007514,457.59669732446923,732.643145682685,2732,6880.863,3.1835463,711.90955,0.21092963,9255.659,4.2464743,0,,,,,457.59669732446923,0.00060707313,732.643145682685,0.000618549,-0.0040502744,-0.044469584
0.99983,0.00045911822,0,0.0020082265,457.5961827658192,732.6435651073812,2733,6882.6943,3.183542,711.06,0.21089922,9258.803,4.251608,0,,,,,457.5961827658192,0.00060632115,732.6435651073812,0.00061780354,-0.004399225,-0.04440044
0.9996634,0.00045907404,0,0.002008939,457.595089111932,732.6437706676915,2734,6881.4375,3.183427,711.2784,0.21081442,9257.26,4.251199,0,,,,,457.595089111932,0.00060625956,732.6437706676915,0.0006178642,-0.0048212023,-0.044802796
0.9988483,0.00045906106,0,0.0020096512,457.5964866941176,732.6435549592904,2735,6875.717,3.182928,711.1002,0.21094523,9249.712,4.2510786,0,,,,,457.5964866941176,0.000606666,732.6435549592904,0.00061825826,-0.004613587,-0.044846606
0.99941885,0.00045896787,0,0.0020103634,457.5957526203197,732.6434946976951,2736,6880.16,3.182378,711.2012,0.211067,9254.995,4.2502155,0,,,,,457.5957526203197,0.0006070563,732.6434946976951,0.0006185418,-0.0044346624,-0.044361245
1.0002241,0.00045901834,0,0.0020110754,457.594431962272,732.6451129860691,2737,6885.794,3.1839008,711.4437,0.2108128,9262.452,4.250683,0,,,,,457.594431962272,0.00060634577,732.6451129860691,0.0006180189,-0.0046997876,-0.044063438
0.9998078,0.00045870044,0,0.0020117871,457.5951657310519,732.644119790225,2738,6883.009,3.1837459,710.4728,0.21100694,9258.597,4.247739,0,,,,,457.5951657310519,0.0006066133,732.644119790225,0.00061819615,-0.0048201657,-0.04402169
1.000066,0.0004592936,0,0.002012499,457.5952311918919,732.6429063024884,2739,6884.2,3.1836479,710.30634,0.21085677,9260.988,4.253232,0,,,,,457.5952311918919,0.0006061125,732.6429063024884,0.0006176012,-0.005065576,-0.044388067
1.0005153,0.0004593348,0,0.0020132104,457.59500995739364,732.6447708116468,2740,6887.083,3.1840005,710.37634,0.2110264,9265.149,4.2536135,0,,,,,457.59500995739364,0.0006061744,732.6447708116468,0.00061774417,-0.0055777365,-0.044532932
0.9994222,0.00045923132,0,0.002013922,457.5947681143019,732.6458212632206,2741,6879.5103,3.1822107,710.6375,0.2107281,9255.026,4.252655,0,,,,,457.5947681143019,0.0006066693,732.6458212632206,0.0006184016,-0.005246457,-0.04448906
1.0002906,0.00045908554,0,0.0020146333,457.5963258248257,732.6446070312132,2742,6885.9736,3.1817825,710.4577,0.21086192,9263.068,4.251305,0,,,,,457.5963258248257,0.00060649385,732.6446070312132,0.00061806384,-0.005234698,-0.043520432
0.9994588,0.00045884162,0,0.0020153443,457.5950410330224,732.6445801582545,2743,6880.284,3.1812797,711.4462,0.21101858,9255.365,4.2490463,0,,,,,457.5950410330224,0.0006062442,732.6445801582545,0.0006178278,-0.005638778,-0.043654263
