flux,flux_err,quality,timecorr,centroid_col,centroid_row,cadenceno,sap_flux,sap_flux_err,sap_bkg,sap_bkg_err,pdcsap_flux,pdcsap_flux_err,sap_quality,psf_centr1,psf_centr1_err,psf_centr2,psf_centr2_err,mom_centr1,mom_centr1_err,mom_centr2,mom_centr2_err,pos_corr1,pos_corr2
0.9996884,0.00038565183,0,0.0017093298,234.63697190599584,780.6401290658307,1105,9332.854,3.4438548,726.4198,0.24014941,12027.341,4.639812,0,,,,,234.63697190599584,0.00040643814,780.6401290658307,0.00039049538,0.03966816,-0.05200159
1.0002059,0.00038581097,0,0.0017103005,234.63595882168613,780.640288348972,1106,9335.7705,3.444238,727.2452,0.24021746,12033.567,4.6417265,0,,,,,234.63595882168613,0.00040620507,780.640288348972,0.00039031045,0.039322622,-0.05169962
1.000012,0.0003856222,0,0.0017112709,234.63738242218713,780.6411693752327,1107,9334.296,3.444069,727.1469,0.24032082,12031.234,4.6394553,0,,,,,234.63738242218713,0.00040649046,780.6411693752327,0.00039053246,0.039190326,-0.051451825
1.0002989,0.00038574685,0,0.0017122413,234.63692692006617,780.6401754771172,1108,9338.539,3.4443152,726.4037,0.24075484,12034.686,4.640955,0,,,,,234.63692692006617,0.0004062111,780.6401754771172,0.00039024494,0.039248347,-0.051655352
0.99991566,0.00038568786,0,0.0017132115,234.63567365572214,780.6404000760725,1109,9332.253,3.4437606,727.1322,0.24038872,12030.075,4.6402454,0,,,,,234.63567365572214,0.00040654,780.6404000760725,0.0003906066,0.03873038,-0.05166601
0.9995073,0.00038557258,0,0.0017141817,234.63617897569992,780.6395980078746,1110,9329.457,3.4435568,727.8682,0.24051328,12025.162,4.6388583,0,,,,,234.63617897569992,0.00040662277,780.6395980078746,0.00039063484,0.038993627,-0.05174759
1.0002786,0.00038576222,0,0.0017151518,234.63615816814826,780.6404993373238,1111,9336.61,3.4441962,727.0193,0.24040027,12034.441,4.64114,0,,,,,234.63615816814826,0.0004063362,780.6404993373238,0.0003904136,0.039074864,-0.051735334
1.0001574,0.00038565142,0,0.0017161218,234.63570988162473,780.6419215901983,1112,9334.178,3.4440532,726.7589,0.24050468,12032.982,4.6398067,0,,,,,234.63570988162473,0.00040645464,780.6419215901983,0.00039055402,0.03904128,-0.05165704
0.9999073,0.000385787,0,0.0017170917,234.6359904161436,780.6405763717647,1113,9331.857,3.4436913,726.83575,0.24029249,12029.975,4.641438,0,,,,,234.6359904161436,0.0004063442,780.6405763717647,0.00039041368,0.038834322,-0.051633276
1.000089,0.00038575748,0,0.0017180613,234.63549460165515,780.6403355174353,1114,9333.23,3.4438593,726.2451,0.24040014,12032.161,4.641083,0,,,,,234.63549460165515,0.0004064155,780.6403355174353,0.00039052864,0.038886897,-0.051702723
1.0000628,0.00038578096,0,0.0017190309,234.63583627122972,780.6402914394298,1115,9334.056,3.4439895,727.18677,0.2404379,12031.846,4.6413655,0,,,,,234.63583627122972,0.00040600143,780.6402914394298,0.00039009005,0.038898814,-0.0517237
0.9997748,0.0003857086,0,0.0017200004,234.6354906040176,780.6408149099342,1116,9329.009,3.4435081,725.8107,0.24043775,12028.381,4.640495,0,,,,,234.6354906040176,0.00040644192,780.6408149099342,0.00039051974,0.03834462,-0.051252544
0.9995313,0.00038563067,0,0.0017209698,234.63490290736206,780.640880941171,1117,9328.061,3.443525,726.9739,0.24075636,12025.451,4.6395574,0,,,,,234.63490290736206,0.000406452,780.640880941171,0.00039052137,0.03822647,-0.051448412
1.0000561,0.0003857186,0,0.0017219392,234.63726559402852,780.6415594942185,1118,9333.288,3.4438915,727.0326,0.24054807,12031.766,4.640615,0,,,,,234.63726559402852,0.0004062206,780.6415594942185,0.0003902569,0.038503345,-0.05132644
1.0004667,0.00038585707,0,0.0017229083,234.63517772804937,780.6411575617994,1119,9334.481,3.44389,725.94806,0.24054897,12036.704,4.642281,0,,,,,234.63517772804937,0.0004063336,780.6411575617994,0.00039047867,0.038039573,-0.05078877
1.0000125,0.00038557197,0,0.0017238774,234.6342571059244,780.6414418719423,1120,9332.284,3.443705,726.346,0.24052289,12031.24,4.638851,0,,,,,234.6342571059244,0.00040638147,780.6414418719423,0.00039053164,0.03803308,-0.05106317
0.99962354,0.00038554458,0,0.0017248463,234.63498369609727,780.641174711639,1121,9328.327,3.4433887,726.0813,0.24050395,12026.561,4.6385217,0,,,,,234.63498369609727,0.00040667987,780.641174711639,0.00039074803,0.037837654,-0.051334325
0.99988824,0.00038559517,0,0.0017258151,234.63526173843013,780.6411406871173,1122,9331.276,3.4437065,727.01184,0.24021733,12029.745,4.63913,0,,,,,234.63526173843013,0.00040658348,780.6411406871173,0.00039068883,0.037784856,-0.051143646
1.0001808,0.00038558198,0,0.0017267839,234.63553115686295,780.6406785733413,1123,9332.846,3.4438038,726.3908,0.24050933,12033.266,4.6389713,0,,,,,234.63553115686295,0.00040622312,780.6406785733413,0.00039033344,0.037659604,-0.05126289
0.99962574,0.00038561935,0,0.0017277525,234.6352686761716,780.640824339066,1124,9327.518,3.4433568,726.91235,0.24021623,12026.587,4.639421,0,,,,,234.6352686761716,0.0004065764,780.640824339066,0.000390676,0.03755815,-0.051247228
1.0000113,0.00038565352,0,0.001728721,234.63503508002225,780.6413574053734,1125,9332.885,3.443866,726.4638,0.2407329,12031.227,4.639832,0,,,,,234.63503508002225,0.00040644448,780.6413574053734,0.00039053924,0.038317766,-0.051357213
0.9998318,0.00038553556,0,0.0017296894,234.63523121405194,780.640332488766,1126,9329.055,3.4434516,726.7077,0.24055484,12029.066,4.638413,0,,,,,234.63523121405194,0.00040670246,780.640332488766,0.00039074832,0.03747983,-0.051138725
0.99961597,0.00038574336,0,0.0017306576,234.63607136876198,780.64040373284,1127,9327.471,3.4433956,726.879,0.2404532,12026.47,4.640913,0,,,,,234.63607136876198,0.0004064931,780.64040373284,0.00039055184,0.038017143,-0.051165257
0.99943614,0.00038565914,0,0.0017316259,234.63535018742445,780.6406629193689,1128,9326.802,3.443202,725.71857,0.24071805,12024.306,4.6398997,0,,,,,234.63535018742445,0.00040670155,780.6406629193689,0.00039078426,0.03811437,-0.05114402
1.0001825,0.00038577625,0,0.0017325939,234.63537239811188,780.6407954728496,1129,9332.426,3.4437768,726.2438,0.24052297,12033.285,4.641309,0,,,,,234.63537239811188,0.00040651707,780.6407954728496,0.00039054523,0.03767454,-0.05104416
0.99991494,0.00038576112,0,0.0017335619,234.63505881231112,780.6406238187881,1130,9330.231,3.4437456,726.73755,0.24034774,12030.066,4.6411266,0,,,,,234.63505881231112,0.0004064744,780.6406238187881,0.0003906125,0.038007196,-0.051080704
1.0008187,0.00038560352,0,0.0017345297,234.63566178191138,780.6408895473778,1131,9337.481,3.4441009,726.00024,0.24099141,12040.939,4.6392307,0,,,,,234.63566178191138,0.00040623895,780.6408895473778,0.0003902992,0.03758098,-0.051290985
1.0003362,0.00038579595,0,0.0017354974,234.63596579182922,780.6413602759224,1132,9335.189,3.4439688,726.63855,0.24042095,12035.135,4.641546,0,,,,,234.63596579182922,0.00040641142,780.6413602759224,0.00039049593,0.03830984,-0.05150586
0.99892765,0.000385557,0,0.001736465,234.6352326368002,780.6409623670029,1133,9320.385,3.4427094,725.7793,0.24043097,12018.188,4.638671,0,,,,,234.6352326368002,0.00040664955,780.6409623670029,0.0003907442,0.03773555,-0.051312093
1.0000372,0.00038568606,0,0.0017374326,234.6338850181952,780.6410801153763,1134,9331.01,3.443555,725.72705,0.2400015,12031.537,4.6402235,0,,,,,234.6338850181952,0.0004063216,780.6410801153763,0.00039043828,0.037537903,-0.051069386
0.9992392,0.00038551446,0,0.0017383998,234.6361087074358,780.6402069546405,1135,9324.729,3.4430065,726.15717,0.24055949,12021.937,4.6381593,0,,,,,234.6361087074358,0.00040656232,780.6402069546405,0.00039055722,0.037927322,-0.051545292
0.99963635,0.00038565078,0,0.0017393671,234.63482481769984,780.6416454952289,1136,9327.09,3.4433367,726.20166,0.2407942,12026.715,4.639799,0,,,,,234.63482481769984,0.00040653098,780.6416454952289,0.00039062946,0.037677214,-0.0511636
0.99949276,0.0003853583,0,0.0017403343,234.63467027871454,780.6411861334268,1137,9327.035,3.4432352,725.9306,0.24069503,12024.987,4.63628,0,,,,,234.63467027871454,0.00040653138,780.6411861334268,0.00039063708,0.03756185,-0.051206514
0.9997583,0.00038571018,0,0.0017413014,234.63420660160926,780.6425045554732,1138,9327.351,3.4434133,726.4592,0.24052708,12028.182,4.640514,0,,,,,234.63420660160926,0.00040661456,780.6425045554732,0.0003907376,0.0371958,-0.05056776
0.99943614,0.0003854886,8192,0.0017422682,234.63505960698242,780.6403974146441,1139,9327.31,3.4433057,726.8613,0.24011713,12024.306,4.637848,8192,,,,,234.63505960698242,0.0004063728,780.6403974146441,0.00039044264,0.037593197,-0.051162645
1.0000731,0.0003854867,0,0.001743235,234.63488468464402,780.6415397938501,1140,9330.612,3.4435725,725.7748,0.24043703,12031.969,4.637825,0,,,,,234.63488468464402,0.00040648025,780.6415397938501,0.0003906166,0.03725569,-0.05103411
1.0000589,0.00038557797,0,0.0017442018,234.63388331897113,780.6414672626842,1141,9330.501,3.4436047,726.21747,0.24044812,12031.798,4.638923,0,,,,,234.63388331897113,0.00040640714,780.6414672626842,0.00039055495,0.03711048,-0.05074807
1.0001345,0.0003855998,0,0.0017451684,234.6352285785773,780.6413468979606,1142,9332.741,3.443782,726.40344,0.24034187,12032.708,4.639186,0,,,,,234.6352285785773,0.00040655737,780.6413468979606,0.000390689,0.037847638,-0.0515009
1.0003662,0.00038577773,0,0.0017461348,234.63523783635372,780.6407465545159,1143,9333.295,3.4438531,726.1045,0.24068335,12035.495,4.6413264,0,,,,,234.63523783635372,0.00040640243,780.6407465545159,0.0003904645,0.037458535,-0.050788257
1.000336,0.00038580757,0,0.0017471012,234.63502013817876,780.6406895260219,1144,9333.948,3.4437551,725.7059,0.24039981,12035.133,4.6416855,0,,,,,234.63502013817876,0.0004064762,780.6406895260219,0.0003905308,0.03776003,-0.051291347
0.9996164,0.00038576065,0,0.0017480674,234.6349368456448,780.6422701197787,1145,9325.6,3.4432502,725.62317,0.24044248,12026.475,4.641121,0,,,,,234.6349368456448,0.00040666715,780.6422701197787,0.00039078455,0.03796349,-0.0507465
0.99983734,0.00038581388,0,0.0017490336,234.63610682487155,780.6410052699542,1146,9329.342,3.4434423,725.4025,0.24072139,12029.133,4.6417613,0,,,,,234.63610682487155,0.00040644035,780.6410052699542,0.00039065751,0.038311463,-0.051094573
0.9989413,0.00038552683,0,0.0017499996,234.63454810346792,780.6417692866862,1147,9321.185,3.442768,726.22736,0.24040988,12018.353,4.638308,0,,,,,234.63454810346792,0.0004068282,780.6417692866862,0.00039098278,0.037741028,-0.051276024
1.0000674,0.00038535986,0,0.0017509655,234.63429192737914,780.6413274258402,1148,9329.668,3.4435377,725.25806,0.24099773,12031.9,4.636299,0,,,,,234.63429192737914,0.00040642155,780.6413274258402,0.00039049503,0.037334893,-0.05091143
0.9997687,0.00038565023,0,0.0017519313,234.63417506435536,780.6407662356214,1149,9329.707,3.4436488,727.50336,0.24073866,12028.307,4.6397924,0,,,,,234.63417506435536,0.00040646672,780.6407662356214,0.00039054215,0.037687406,-0.051180277
1.0002664,0.0003855047,0,0.0017528969,234.63465115078785,780.6409971228081,1150,9332.248,3.4437916,725.7375,0.24026474,12034.296,4.638042,0,,,,,234.63465115078785,0.0004064273,780.6409971228081,0.00039062256,0.037153203,-0.051017977
0.99995923,0.00038548865,0,0.0017538625,234.6346354996343,780.6414237822189,1151,9329.895,3.443611,726.3206,0.24029836,12030.6,4.6378484,0,,,,,234.6346354996343,0.0004065836,780.6414237822189,0.00039071523,0.037382923,-0.051196836
0.99956506,0.00038546027,0,0.0017548279,234.63517398312402,780.6408054087551,1152,9326.072,3.4431481,726.0626,0.24039488,12025.857,4.637507,0,,,,,234.63517398312402,0.00040659946,780.6408054087551,0.00039071834,0.037229627,-0.05087249
1.0004636,0.00038592573,0,0.0017557932,234.6344006319289,780.6411345882279,1153,9334.887,3.4468644,725.6924,0.2406732,12036.668,4.643107,0,,,,,234.6344006319289,0.00040636177,780.6411345882279,0.00039048612,0.037211057,-0.05091648
1.0004731,0.00038550908,0,0.0017567584,234.63387566851162,780.6409340739148,1154,9334.844,3.443998,725.6164,0.24046823,12036.782,4.6380944,0,,,,,234.63387566851162,0.0004061981,780.6409340739148,0.00039041313,0.037208505,-0.051133044
0.99945086,0.00038550838,0,0.0017577236,234.63457046413248,780.6411645399367,1155,9323.213,3.442862,725.78674,0.24035206,12024.483,4.638086,0,,,,,234.63457046413248,0.00040666712,780.6411645399367,0.00039077527,0.036854077,-0.050315704
0.9997319,0.0003856557,0,0.0017586886,234.6341248291123,780.641672241172,1156,9328.046,3.443294,725.90424,0.24034645,12027.864,4.6398582,0,,,,,234.6341248291123,0.00040669754,780.641672241172,0.00039079174,0.03737843,-0.050967287
1.0002091,0.00038548344,0,0.0017596534,234.6338001318761,780.6412606641898,1157,9331.812,3.4436195,726.0024,0.24037595,12033.605,4.637786,0,,,,,234.6338001318761,0.00040618662,780.6412606641898,0.0003903605,0.03723957,-0.05056765
1.0001858,0.00038572724,0,0.0017606182,234.63427206340515,780.6423547999168,1158,9330.334,3.443558,725.53796,0.24031848,12033.326,4.640719,0,,,,,234.63427206340515,0.0004064104,780.6423547999168,0.00039060027,0.03693095,-0.050349668
1.0000421,0.00038573222,0,0.0017615828,234.63434943442132,780.6416932947343,1159,9329.806,3.4435196,726.2195,0.24036996,12031.596,4.640779,0,,,,,234.63434943442132,0.00040662632,780.6416932947343,0.00039079317,0.037450008,-0.050785214
0.9999531,0.00038576243,8192,0.0017625473,234.63465517760812,780.6417522121036,1160,9328.124,3.4433012,724.81647,0.24020164,12030.525,4.6411424,8192,,,,,234.63465517760812,0.00040641933,780.6417522121036,0.00039057358,0.037762713,-0.050775003
1.0001721,0.00038575774,0,0.0017635118,234.63432803233172,780.6411197445279,1161,9331.746,3.4436584,725.559,0.24075395,12033.16,4.641086,0,,,,,234.63432803233172,0.00040638814,780.6411197445279,0.0003904933,0.03752862,-0.051120196
1.0001725,0.00038555075,0,0.0017644761,234.63464295182752,780.6419599731846,1162,9329.674,3.4434562,724.8464,0.24055439,12033.165,4.6385956,0,,,,,234.63464295182752,0.0004063887,780.6419599731846,0.00039051622,0.036911894,-0.050476667
1.0001738,0.00038582488,8192,0.0017654402,234.63481268344236,780.6413414132544,1163,9329.918,3.4448597,724.275,0.24060068,12033.181,4.641894,8192,,,,,234.63481268344236,0.00040639818,780.6413414132544,0.00039049625,0.036938548,-0.05026278
0.99953383,0.00038565253,0,0.0017664043,234.6347419167796,780.6412824990198,1164,9326.098,3.443154,725.36005,0.23995875,12025.481,4.63982,0,,,,,234.6347419167796,0.00040663636,780.6412824990198,0.0003907404,0.03725804,-0.0505525
1.0010283,0.00038619747,0,0.0017673682,234.63302583329266,780.6426494002094,1165,9337.181,3.4469006,725.0309,0.24041565,12043.462,4.6463766,0,,,,,234.63302583329266,0.00040597166,780.6426494002094,0.00039008455,0.036799237,-0.049960338
1.000475,0.00038609552,0,0.001768332,234.63339742618444,780.6411520301244,1166,9333.495,3.4465175,723.3284,0.24102914,12036.806,4.6451497,0,,,,,234.63339742618444,0.0004062861,780.6411520301244,0.00039042384,0.03699128,-0.050131343
1.0005572,0.0003860165,0,0.0017692958,234.63323324554767,780.6414693129532,1167,9332.436,3.4464304,725.20154,0.24061628,12037.794,4.6441994,0,,,,,234.63323324554767,0.0004062954,780.6414693129532,0.00039049872,0.03652294,-0.049488522
0.99989206,0.00038586475,0,0.0017702593,234.63337139134217,780.6417432097948,1168,9329.006,3.4462173,725.6721,0.24054576,12029.791,4.6423736,0,,,,,234.63337139134217,0.00040644326,780.6417432097948,0.00039065024,0.036417536,-0.04990421
0.99975747,0.0003859528,0,0.0017712228,234.63410859759654,780.642295821421,1169,9326.142,3.4458544,724.5192,0.24060364,12028.172,4.6434326,0,,,,,234.63410859759654,0.00040644742,780.642295821421,0.00039054774,0.036305685,-0.0496491
0.9997685,0.00038602029,0,0.0017721861,234.6329126439627,780.6417634095575,1170,9325.164,3.4463756,729.2743,0.24033146,12028.305,4.6442447,0,,,,,234.6329126439627,0.00040658546,780.6417634095575,0.00039075842,0.036003344,-0.049247786
0.9994556,0.00038571368,0,0.0017731495,234.6333829652415,780.6420552028121,1171,9325.339,3.445821,725.9713,0.24034056,12024.54,4.640556,0,,,,,234.6333829652415,0.00040657385,780.6420552028121,0.0003907196,0.03632072,-0.04982759
0.9997669,0.0003858925,0,0.0017741126,234.63362139905934,780.6427797251689,1172,9325.531,3.4460032,724.7538,0.24099499,12028.285,4.6427073,0,,,,,234.63362139905934,0.00040639038,780.6427797251689,0.000390598,0.035783593,-0.049089056
1.0000697,0.00038601895,0,0.0017750756,234.63398273521227,780.642709801256,1173,9329.712,3.4462097,725.09033,0.24063724,12031.929,4.6442285,0,,,,,234.63398273521227,0.00040643723,780.642709801256,0.0003905915,0.036268868,-0.049281612
0.99974364,0.00038618132,0,0.0017760384,234.63400947905427,780.6420019284255,1174,9323.561,3.445675,725.2104,0.24051733,12028.006,4.646182,0,,,,,234.63400947905427,0.00040652067,780.6420019284255,0.00039064325,0.03600807,-0.048743587
0.9998108,0.00038598105,0,0.0017770012,234.633092603978,780.6428076630136,1175,9327.246,3.4460676,725.158,0.24067968,12028.813,4.6437726,0,,,,,234.633092603978,0.00040651768,780.6428076630136,0.00039066828,0.03648284,-0.049320452
0.99992245,0.00038591138,0,0.0017779638,234.63435773358978,780.6419085518683,1176,9327.248,3.4458933,725.2202,0.2404154,12030.157,4.6429343,0,,,,,234.63435773358978,0.00040641165,780.6419085518683,0.00039056476,0.036383796,-0.049347248
0.9990795,0.00038600704,0,0.0017789265,234.633535902873,780.6424713501411,1177,9318.639,3.4452221,725.37415,0.2405327,12020.016,4.6440854,0,,,,,234.633535902873,0.00040667242,780.6424713501411,0.0003908075,0.03620983,-0.049014103
1.0000261,0.0003860708,0,0.0017798889,234.63279127973465,780.6422122760418,1178,9327.479,3.4458642,724.37836,0.24062937,12031.404,4.6448526,0,,,,,234.63279127973465,0.0004062349,780.6422122760418,0.00039042105,0.036336895,-0.049273044
0.9989426,0.00038588498,0,0.0017808512,234.6342375500734,780.6421547469208,1179,9317.592,3.4423337,725.4875,0.24055368,12018.368,4.6426167,0,,,,,234.6342375500734,0.00040672786,780.6421547469208,0.00039088808,0.036757447,-0.049420454
1.0003463,0.0003861846,0,0.0017818133,234.634668410025,780.6422697934731,1180,9331.021,3.4463637,725.11633,0.24046418,12035.257,4.6462216,0,,,,,234.634668410025,0.00040648074,780.6422697934731,0.0003906598,0.036616612,-0.04922949
0.999427,0.00038590087,0,0.0017827754,234.63415622676112,780.6433087559192,1181,9320.668,3.4440238,725.0805,0.2404807,12024.196,4.642808,0,,,,,234.63415622676112,0.00040646683,780.6433087559192,0.00039067387,0.036785826,-0.048999995
1.0002437,0.00038627695,0,0.0017837373,234.63457508645578,780.6431252843561,1182,9328.247,3.4460802,724.7647,0.24051133,12034.021,4.6473327,0,,,,,234.63457508645578,0.00040657126,780.6431252843561,0.00039074052,0.037092563,-0.04922959
1.0008343,0.0003862937,0,0.0017846992,234.6342554733883,780.642794534694,1183,9335.348,3.4466803,724.8129,0.24077828,12041.128,4.647534,0,,,,,234.6342554733883,0.00040614489,780.642794534694,0.00039031098,0.03732522,-0.049400765
1.000174,0.00038614235,0,0.0017856609,234.63435918974454,780.6429240959189,1184,9326.083,3.445893,725.112,0.24067482,12033.184,4.6457133,0,,,,,234.63435918974454,0.00040641255,780.6429240959189,0.0003906025,0.03744162,-0.048542105
0.99937904,0.00038578841,0,0.0017866225,234.63410619101606,780.642272153936,1185,9321.999,3.442616,725.5765,0.24044609,12023.619,4.641455,0,,,,,234.63410619101606,0.00040653086,780.642272153936,0.0003907082,0.037370082,-0.04939141
1.0005434,0.00038620047,0,0.0017875839,234.633200676387,780.6425135920166,1186,9329.633,3.4462466,724.96423,0.24084228,12037.627,4.6464124,0,,,,,234.633200676387,0.00040645988,780.6425135920166,0.00039064098,0.03663744,-0.049342982
1.0003027,0.00038629593,0,0.0017885453,234.63474082084178,780.642082553974,1187,9329.012,3.4461012,724.77124,0.24061957,12034.731,4.647561,0,,,,,234.63474082084178,0.0004065702,780.642082553974,0.00039068816,0.037237138,-0.04912486
0.9992576,0.00038584587,0,0.0017895065,234.63395093774704,780.6427224561137,1188,9319.379,3.442475,725.2654,0.24062021,12022.158,4.642146,0,,,,,234.63395093774704,0.00040636637,780.6427224561137,0.0003905402,0.037211526,-0.04864237
0.99998814,0.00038596816,0,0.0017904676,234.6335717160392,780.643722275172,1189,9323.94,3.4427118,724.45703,0.24051079,12030.947,4.6436176,0,,,,,234.6335717160392,0.00040639442,780.643722275172,0.0003906791,0.03725462,-0.04880046
0.9999591,0.00038614188,0,0.0017914287,234.6337506600265,780.6434579667706,1190,9325.178,3.4443512,724.9947,0.24047928,12030.598,4.6457076,0,,,,,234.6337506600265,0.00040630248,780.6434579667706,0.0003904084,0.03734718,-0.04876853
0.99948573,0.0003859531,0,0.0017923896,234.6340776696976,780.642271125442,1191,9320.46,3.4425879,725.3725,0.24042013,12024.902,4.6434364,0,,,,,234.6340776696976,0.00040637868,780.642271125442,0.00039063903,0.03710088,-0.048635732
0.9998564,0.0003859642,0,0.0017933503,234.6348045123319,780.6431556675976,1192,9324.9795,3.4444587,726.197,0.24040364,12029.362,4.64357,0,,,,,234.6348045123319,0.00040660833,780.6431556675976,0.00039074468,0.03747759,-0.048674032
1.0003446,0.00038631397,0,0.001794311,234.63402579198282,780.6430645440022,1193,9327.503,3.445936,725.9402,0.24032007,12035.236,4.647778,0,,,,,234.63402579198282,0.00040635423,780.6430645440022,0.0003905838,0.03684567,-0.04877211
1.0008204,0.0003862352,0,0.0017952715,234.63451700852232,780.6433674714193,1194,9330.955,3.4463878,724.8168,0.24051462,12040.96,4.64683,0,,,,,234.63451700852232,0.0004064777,780.6433674714193,0.00039054672,0.036952086,-0.048737187
0.99994665,0.0003858346,0,0.001796232,234.6339257619599,780.6421250283817,1195,9325.446,3.443004,724.5282,0.2402478,12030.448,4.6420107,0,,,,,234.6339257619599,0.0004062675,780.6421250283817,0.0003907954,0.038014974,-0.04900762
0.9997548,0.00038582267,0,0.0017971923,234.6343501172731,780.6436058369592,1196,9320.619,3.4424717,724.65936,0.2408216,12028.14,4.641867,0,,,,,234.6343501172731,0.00040650717,780.6436058369592,0.00039066072,0.037876412,-0.048449107
0.99969155,0.00038577217,0,0.0017981525,234.63451334758014,780.6428153151642,1197,9320.804,3.4425817,725.7009,0.24025086,12027.379,4.6412597,0,,,,,234.63451334758014,0.00040666613,780.6428153151642,0.00039086957,0.038030934,-0.048379343
0.99961054,0.00038582622,0,0.0017991124,234.6343034824074,780.6434552293223,1198,9318.363,3.4423409,725.48505,0.24045086,12026.404,4.64191,0,,,,,234.6343034824074,0.0004065513,780.6434552293223,0.0003908295,0.03734279,-0.047720585
0.9997019,0.0003857721,0,0.0018000724,234.63431667052706,780.6426605679948,1199,9321.818,3.4427335,724.54443,0.24040525,12027.504,4.6412587,0,,,,,234.63431667052706,0.00040646773,780.6426605679948,0.0003906862,0.037642367,-0.048425402
0.9998149,0.00038606708,0,0.0018010322,234.63378850434836,780.6434311014489,1200,9321.574,3.4439929,724.6096,0.24064581,12028.863,4.644808,0,,,,,234.63378850434836,0.00040661969,780.6434311014489,0.00039087492,0.037201785,-0.048112996
1.0005652,0.0003859467,0,0.0018019918,234.6332884107779,780.6433569666169,1201,9326.905,3.4430716,724.44354,0.24064186,12037.89,4.6433597,0,,,,,234.6332884107779,0.00040621698,780.6433569666169,0.00039049092,0.037388876,-0.047781
0.9997128,0.0003862179,0,0.0018029514,234.63340968540302,780.6441906197415,1202,9320.487,3.4454074,724.2279,0.24053891,12027.635,4.646622,0,,,,,234.63340968540302,0.00040661902,780.6441906197415,0.00039078874,0.037104815,-0.047872525
0.9995178,0.00038613688,0,0.001803911,234.63482800593988,780.6423689809454,1203,9318.53,3.4439018,724.75726,0.24077682,12025.288,4.6456475,0,,,,,234.63482800593988,0.0004064569,780.6423689809454,0.00039058624,0.03708975,-0.048079323
0.9993835,0.00038582677,0,0.0018048702,234.6352159115321,780.6436371694945,1204,9317.848,3.4423604,725.02576,0.24065937,12023.673,4.6419168,0,,,,,234.6352159115321,0.00040682856,780.6436371694945,0.00039102553,0.03746645,-0.04820745
1.0010967,0.00038634622,8192,0.0018058295,234.63319427088152,780.6440078972212,1205,9331.623,3.4463534,724.25934,0.24079426,12044.284,4.648166,8192,,,,,234.63319427088152,0.00040616258,780.6440078972212,0.0003903412,0.03688356,-0.047493983
0.99946266,0.00038610914,0,0.0018067885,234.63401321468157,780.6439931329653,1206,9316.14,3.443537,724.48083,0.24078628,12024.625,4.6453137,0,,,,,234.63401321468157,0.00040655344,780.6439931329653,0.00039079183,0.03712861,-0.047259536
0.99945754,0.00038586248,0,0.0018077475,234.63425044730803,780.643423265331,1207,9317.601,3.4422972,725.43097,0.2404631,12024.563,4.6423464,0,,,,,234.63425044730803,0.00040667813,780.643423265331,0.00039089384,0.037486386,-0.04764121
0.99999064,0.00038632014,0,0.0018087063,234.63375839653415,780.6446033320192,1208,9321.117,3.4455547,725.27124,0.24063185,12030.978,4.6478524,0,,,,,234.63375839653415,0.00040654826,780.6446033320192,0.0003907613,0.037032902,-0.04763356
1.0004512,0.00038641808,0,0.0018096651,234.63379280464275,780.6434957019067,1209,9326.844,3.4459133,724.62006,0.24051036,12036.519,4.6490307,0,,,,,234.63379280464275,0.0004064371,780.6434957019067,0.00039066985,0.037117936,-0.047799546
0.9999849,0.00038631144,0,0.0018106237,234.63316375246333,780.6438018819276,1210,9320.221,3.4451876,724.3773,0.24104063,12030.908,4.6477475,0,,,,,234.63316375246333,0.00040641992,780.6438018819276,0.00039065737,0.036466043,-0.047343604
1.0010082,0.00038629828,0,0.0018115821,234.63350457598852,780.6442378097324,1211,9330.16,3.4461703,724.25385,0.24052992,12043.22,4.647589,0,,,,,234.63350457598852,0.00040623872,780.6442378097324,0.00039047867,0.03713817,-0.047452126
0.9993131,0.00038577386,0,0.0018125406,234.63411396748796,780.6440799873473,1212,9315.139,3.4418614,724.3114,0.24043682,12022.826,4.64128,0,,,,,234.63411396748796,0.0004067609,780.6440799873473,0.0003909883,0.037448246,-0.047590457
1.0000578,0.00038627104,0,0.0018134988,234.632586416373,780.643898510869,1213,9321.133,3.445292,724.4835,0.24010772,12031.785,4.6472616,0,,,,,234.632586416373,0.00040661884,780.643898510869,0.0003908584,0.036853082,-0.0474564
0.9999073,0.0003861784,0,0.0018144569,234.63360509454031,780.6434693211816,1214,9319.628,3.4437518,723.6562,0.24008633,12029.975,4.6461473,0,,,,,234.63360509454031,0.00040665068,780.6434693211816,0.00039095466,0.036894247,-0.047455296
0.99995184,0.00038640032,0,0.0018154149,234.6333220994092,780.6446928665971,1215,9318.3545,3.4450061,723.5332,0.24022238,12030.511,4.648817,0,,,,,234.6333220994092,0.00040661366,780.6446928665971,0.0003908409,0.03670224,-0.047154564
0.99974304,0.00038591435,0,0.0018163729,234.6337558667629,780.6430291298066,1216,9319.81,3.442343,723.73303,0.24055497,12027.998,4.64297,0,,,,,234.6337558667629,0.0004064149,780.6430291298066,0.00039075012,0.0376073,-0.048251428
1.0004997,0.00038629535,0,0.0018173306,234.63420894154189,780.644186273757,1217,9324.841,3.4456186,722.9897,0.24090037,12037.102,4.647554,0,,,,,234.63420894154189,0.0004064326,780.644186273757,0.00039067303,0.036809724,-0.047357876
0.99932647,0.00038618682,0,0.0018182882,234.6340262304161,780.6440454399858,1218,9313.896,3.4447033,723.39124,0.24061508,12022.986,4.6462483,0,,,,,234.6340262304161,0.00040669297,780.6440454399858,0.00039087067,0.036882076,-0.0475275
1.000003,0.00038621647,0,0.0018192458,234.63331038789627,780.6441528755513,1219,9319.913,3.445139,723.5897,0.24020602,12031.126,4.646605,0,,,,,234.63331038789627,0.00040642638,780.6441528755513,0.00039063228,0.03675315,-0.047289122
0.9999271,0.00038616438,0,0.0018202031,234.63351994225155,780.6434967969819,1220,9319.622,3.4451725,722.68506,0.24071701,12030.213,4.6459785,0,,,,,234.63351994225155,0.0004067816,780.6434967969819,0.00039098045,0.036594532,-0.04730093
1.0003384,0.00038636505,0,0.0018211604,234.6335544952902,780.6442907116336,1221,9324.469,3.445573,723.8923,0.24062076,12035.162,4.6483927,0,,,,,234.6335544952902,0.0004062116,780.6442907116336,0.0003904512,0.036684163,-0.04739618
1.0000145,0.00038639747,8192,0.0018221175,234.63245183159552,780.6442037317418,1222,9319.332,3.4450781,722.9725,0.24042645,12031.265,4.6487827,8192,,,,,234.63245183159552,0.00040644227,780.6442037317418,0.00039070862,0.036288463,-0.0470209
0.9996875,0.00038624392,0,0.0018230745,234.63360384090043,780.6448939018672,1223,9316.754,3.4448807,723.41425,0.24110124,12027.33,4.6469355,0,,,,,234.63360384090043,0.00040649774,780.6448939018672,0.00039075417,0.03646621,-0.046997864
1.0002751,0.00038629447,0,0.0018240315,234.63383221837762,780.6437737278247,1224,9321.803,3.4453075,722.55524,0.24088985,12034.399,4.6475434,0,,,,,234.63383221837762,0.0004065313,780.6437737278247,0.00039073918,0.03650198,-0.04704765
1.0002731,0.00038627605,0,0.0018249883,234.63357303701795,780.6440786428926,1225,9321.669,3.4452455,723.23364,0.24033828,12034.376,4.6473217,0,,,,,234.63357303701795,0.00040630842,780.6440786428926,0.0003905751,0.036765587,-0.04685714
0.99938416,0.0003857358,0,0.0018259449,234.63422230392467,780.6449861619697,1226,9314.833,3.4418833,724.2151,0.24025023,12023.681,4.640822,0,,,,,234.63422230392467,0.00040650522,780.6449861619697,0.0003908078,0.03706525,-0.0470963
1.0003974,0.00038632166,0,0.0018269015,234.6331214658057,780.644172433887,1227,9321.38,3.445265,723.35693,0.24044698,12035.871,4.6478705,0,,,,,234.6331214658057,0.00040627772,780.644172433887,0.00039058618,0.036571264,-0.04655518
1.0004357,0.0003862943,0,0.0018278579,234.63332052999849,780.6452309622274,1228,9323.078,3.4453435,722.51324,0.24069878,12036.332,4.6475415,0,,,,,234.63332052999849,0.00040635926,780.6452309622274,0.0003906828,0.036673907,-0.04677568
0.9995242,0.00038616513,0,0.0018288142,234.63373369290477,780.6448373806818,1229,9314.508,3.4446936,722.7199,0.24050274,12025.365,4.6459875,0,,,,,234.63373369290477,0.00040677865,780.6448373806818,0.0003909791,0.036654454,-0.04673913
0.99939185,0.00038612567,0,0.0018297703,234.63330199656568,780.644536978506,1230,9314.42,3.4447923,723.8014,0.24055892,12023.773,4.6455126,0,,,,,234.63330199656568,0.00040693165,780.644536978506,0.0003911598,0.036637634,-0.047014948
0.9991278,0.00038609625,0,0.0018307264,234.6340048901503,780.643987986092,1231,9310.863,3.4429753,723.8523,0.24030295,12020.597,4.645159,0,,,,,234.6340048901503,0.0004069116,780.643987986092,0.00039110618,0.03682417,-0.04684707
0.99968255,0.00038623367,0,0.0018316823,234.63240594853,780.6453552133516,1232,9314.519,3.444571,722.93097,0.24064457,12027.2705,4.646812,0,,,,,234.63240594853,0.00040643848,780.6453552133516,0.0003907582,0.036263756,-0.046349537
1.0003333,0.00038637652,0,0.001832638,234.63290169915695,780.6447517153273,1233,9322.228,3.4452503,723.7825,0.24019654,12035.1,4.6485305,0,,,,,234.63290169915695,0.00040654652,780.6447517153273,0.0003908606,0.03632473,-0.04673638
0.9997272,0.00038628298,0,0.0018335938,234.63378190008277,780.6445379324086,1234,9316.161,3.4447694,722.8718,0.24039711,12027.808,4.647405,0,,,,,234.63378190008277,0.00040662327,780.6445379324086,0.00039087384,0.036330402,-0.046532303
0.99940264,0.0003863326,0,0.0018345494,234.63275762870376,780.6446841369134,1235,9314.316,3.4447017,722.5806,0.24051872,12023.903,4.648002,0,,,,,234.63275762870376,0.00040643453,780.6446841369134,0.0003906859,0.036090843,-0.046595268
1.0001081,0.00038631036,0,0.0018355048,234.63379678365482,780.6447996604431,1236,9318.311,3.4449437,723.3904,0.24048968,12032.391,4.6477346,0,,,,,234.63379678365482,0.0004062011,780.6447996604431,0.0003904653,0.03627323,-0.046319816
0.9991652,0.00038630248,0,0.0018364601,234.63333122412234,780.645717255285,1237,9309.5625,3.4442174,723.0585,0.24052303,12021.046,4.6476398,0,,,,,234.63333122412234,0.0004065015,780.645717255285,0.00039078703,0.036242407,-0.046276886
0.9993933,0.00038609636,0,0.0018374153,234.63300796411613,780.6446819609207,1238,9313.542,3.444429,722.2286,0.24102148,12023.79,4.64516,0,,,,,234.63300796411613,0.0004066923,780.6446819609207,0.00039097722,0.036428045,-0.04642441
0.9996621,0.00038628766,0,0.0018383703,234.63346620073395,780.6450092226826,1239,9314.734,3.4446044,722.9528,0.24059202,12027.024,4.6474614,0,,,,,234.63346620073395,0.00040653013,780.6450092226826,0.0003908263,0.03590674,-0.046044588
0.9994571,0.00038625515,0,0.0018393253,234.63298780085455,780.6450183876739,1240,9313.713,3.4445848,723.4016,0.24044637,12024.559,4.6470704,0,,,,,234.63298780085455,0.00040666605,780.6450183876739,0.00039098924,0.036427535,-0.046308536
0.99971783,0.00038640204,0,0.00184028,234.63299007233277,780.6459335149002,1241,9313.437,3.4444714,723.5926,0.24043076,12027.695,4.6488376,0,,,,,234.63299007233277,0.00040666704,780.6459335149002,0.00039100097,0.035705734,-0.045832995
0.9995439,0.00038612392,0,0.0018412347,234.63309338418418,780.645039727318,1242,9312.93,3.44449,723.51953,0.24048525,12025.603,4.6454916,0,,,,,234.63309338418418,0.00040659748,780.645039727318,0.00039087216,0.035885148,-0.045977127
0.99995667,0.00038631845,0,0.0018421893,234.6328642901762,780.6455988095793,1243,9317.643,3.4449022,723.5158,0.24034183,12030.568,4.647832,0,,,,,234.6328642901762,0.00040654166,780.6455988095793,0.00039081278,0.035871502,-0.04620644
0.99989057,0.00038622215,0,0.0018431437,234.63191441301933,780.6457251598733,1244,9316.114,3.4446964,723.4797,0.24054962,12029.773,4.646673,0,,,,,234.63191441301933,0.00040641893,780.6457251598733,0.00039072905,0.03613973,-0.045820776
0.9998243,0.00038610978,0,0.0018440981,234.63306813555852,780.6446432979003,1245,9316.074,3.4447174,722.36847,0.24054581,12028.976,4.6453214,0,,,,,234.63306813555852,0.00040663825,780.6446432979003,0.00039092093,0.036440734,-0.04622903
0.9997642,0.00038627448,0,0.0018460064,234.63317767645464,780.6450304877358,1247,9314.164,3.4444058,721.7484,0.24033153,12028.253,4.647303,0,,,,,234.63317767645464,0.00040649538,780.6450304877358,0.00039078775,0.035967737,-0.046077088
0.99986136,0.00038630707,0,0.0018469603,234.63247930255392,780.6458528197265,1248,9313.894,3.4444764,721.6607,0.24079207,12029.422,4.647695,0,,,,,234.63247930255392,0.00040635112,780.6458528197265,0.00039065882,0.035822164,-0.045650892
0.9997793,0.00038643013,128,0.0018479141,234.6319104016332,780.6458229959946,1249,9313.147,3.4450269,722.1178,0.2403302,12028.435,4.6491756,128,,,,,234.6319104016332,0.00040675414,780.6458229959946,0.0003910456,0.03551817,-0.045591082
0.9999749,0.00038638242,0,0.0018488677,234.63200694257603,780.6458113901774,1250,9313.74,3.444374,722.9574,0.24042146,12030.788,4.6486015,0,,,,,234.63200694257603,0.00040653165,780.6458113901774,0.00039087047,0.0349269,-0.045244846
0.9996608,0.00038635187,0,0.0018498213,234.63242835570145,780.645928663612,1251,9310.061,3.4441147,721.8787,0.24079289,12027.009,4.648234,0,,,,,234.63242835570145,0.0004064215,780.645928663612,0.00039073755,0.03455432,-0.044693828
1.0003283,0.00038645748,0,0.0018507747,234.63099089520682,780.6461125776323,1252,9317.115,3.4447849,721.1399,0.24073805,12035.039,4.6495047,0,,,,,234.63099089520682,0.0004064043,780.6461125776323,0.00039080335,0.034210656,-0.044568904
0.999583,0.0003862735,0,0.0018517281,234.63276147255027,780.6470333222712,1253,9309.491,3.4440956,722.71643,0.2408345,12026.073,4.647291,0,,,,,234.63276147255027,0.00040664585,780.6470333222712,0.00039098106,0.034795564,-0.04396128
1.000053,0.0003863494,8192,0.0018526813,234.63192187021696,780.6459925392328,1254,9315.392,3.4445732,721.5096,0.24073102,12031.728,4.6482043,8192,,,,,234.63192187021696,0.00040649413,780.6459925392328,0.00039084462,0.034224275,-0.043960966
0.9990614,0.00038638167,0,0.0018536344,234.63131870849077,780.6472049129864,1255,9303.922,3.443573,721.7022,0.24060531,12019.798,4.6485925,0,,,,,234.63131870849077,0.0004065938,780.6472049129864,0.00039105557,0.033794515,-0.043184273
1.0003995,0.0003864911,0,0.0018545872,234.63118160405185,780.6471821066434,1256,9315.014,3.4445744,722.09735,0.24028423,12035.896,4.649909,0,,,,,234.63118160405185,0.0004064134,780.6471821066434,0.00039086153,0.033620577,-0.042993896
1.0000248,0.0003864472,0,0.0018555401,234.63054163103857,780.6466744740364,1257,9312.44,3.4443655,723.055,0.24055126,12031.388,4.649381,0,,,,,234.63054163103857,0.00040633787,780.6466744740364,0.00039070798,0.032993294,-0.043594528
1.0001466,0.0003864082,0,0.0018564928,234.63002053421388,780.6473728244559,1258,9313.866,3.4445179,721.79895,0.24056913,12032.8545,4.648912,0,,,,,234.63002053421388,0.00040628438,780.6473728244559,0.0003907432,0.033214726,-0.043523096
0.99968207,0.00038640742,0,0.0018574453,234.63009965535028,780.647308868228,1259,9309.443,3.4440563,721.9219,0.24027458,12027.265,4.6489024,0,,,,,234.63009965535028,0.00040649722,780.647308868228,0.0003909439,0.03311083,-0.043823823
1.0003773,0.00038643435,0,0.0018583977,234.62933943860924,780.6468436534794,1260,9312.809,3.4443674,722.1302,0.24075483,12035.629,4.649226,0,,,,,234.62933943860924,0.0004063282,780.6468436534794,0.0003908356,0.032676704,-0.04278517
0.99987006,0.00038642762,0,0.0018593501,234.63010976604133,780.6475813490053,1261,9309.187,3.4440153,722.3905,0.2400552,12029.526,4.6491456,0,,,,,234.63010976604133,0.00040646043,780.6475813490053,0.00039093397,0.032826617,-0.043698184
1.0000664,0.00038648455,0,0.0018603023,234.63066742370438,780.6471409082305,1262,9309.751,3.4441283,722.43243,0.24064897,12031.889,4.6498303,0,,,,,234.63066742370438,0.0004065173,780.6471409082305,0.00039094666,0.032817066,-0.043442637
1.0004894,0.00038648304,0,0.0018612543,234.63024686780437,780.6474221944893,1263,9314.065,3.444567,722.952,0.24028355,12036.978,4.649812,0,,,,,234.63024686780437,0.00040643496,780.6474221944893,0.00039091287,0.03325472,-0.04359502
1.0000467,0.00038641074,0,0.0018622063,234.6294160109023,780.6469772230029,1264,9310.085,3.444111,721.9832,0.24070399,12031.651,4.6489425,0,,,,,234.6294160109023,0.0004064694,780.6469772230029,0.0003908874,0.033631563,-0.043620665
1.0002561,0.00038650303,0,0.0018631581,234.63033169541524,780.6470416700616,1265,9312.892,3.4443917,722.028,0.24055082,12034.17,4.6500525,0,,,,,234.63033169541524,0.00040622373,780.6470416700616,0.00039066776,0.033521935,-0.04382598
1.0000218,0.00038637655,0,0.0018641098,234.63139712532518,780.6463759789286,1266,9314.051,3.4444218,721.76215,0.24088001,12031.353,4.648531,0,,,,,234.63139712532518,0.00040631733,780.6463759789286,0.00039068348,0.033665642,-0.044470046
0.99945086,0.00038634444,0,0.0018650612,234.63061828314187,780.6471105581005,1267,9305.6,3.4436705,721.47864,0.24057509,12024.483,4.6481447,0,,,,,234.63061828314187,0.00040669827,780.6471105581005,0.0003910556,0.033892497,-0.04386329
0.99973285,0.00038640335,0,0.0018660127,234.63072107419453,780.6463887565795,1268,9309.538,3.4439988,722.402,0.2405922,12027.876,4.6488533,0,,,,,234.63072107419453,0.000406354,780.6463887565795,0.00039070088,0.034136195,-0.043825757
0.9997533,0.000386417,0,0.001866964,234.63111906400863,780.6465391750293,1269,9308.063,3.4438906,722.0694,0.24064974,12028.122,4.649018,0,,,,,234.63111906400863,0.00040637355,780.6465391750293,0.0003907906,0.034117553,-0.04327314
0.99930674,0.00038644645,0,0.0018679152,234.63082718517666,780.647365809553,1270,9303.449,3.4434927,721.6072,0.24075244,12022.749,4.649372,0,,,,,234.63082718517666,0.00040668726,780.647365809553,0.0003911394,0.033884358,-0.043050867
1.0004104,0.00038658126,128,0.0018688663,234.63034709205715,780.6473170278605,1271,9314.093,3.44531,723.71155,0.2406333,12036.028,4.650994,128,,,,,234.63034709205715,0.00040631706,780.6473170278605,0.0003907162,0.033806674,-0.043544114
1.0000881,0.0003864723,0,0.0018698171,234.63190949684554,780.6474881237343,1272,9309.447,3.4439688,721.63043,0.24057958,12032.149,4.649683,0,,,,,234.63190949684554,0.00040629503,780.6474881237343,0.0003908274,0.034156166,-0.04301571
0.9994562,0.00038635547,0,0.0018707679,234.63071440961346,780.6472176490689,1273,9305.386,3.4435678,722.70953,0.24017219,12024.548,4.6482773,0,,,,,234.63071440961346,0.0004066271,780.6472176490689,0.00039108333,0.034327943,-0.04363302
0.9997588,0.00038637032,0,0.0018717186,234.63134497390277,780.6474250191345,1274,9305.021,3.4435236,721.7905,0.24069025,12028.1875,4.648456,0,,,,,234.63134497390277,0.00040665973,780.6474250191345,0.00039109946,0.034109138,-0.043211684
1.0002158,0.0003864956,0,0.0018726691,234.6307043021667,780.6460294858836,1275,9309.341,3.4438484,720.88306,0.24069118,12033.686,4.6499634,0,,,,,234.6307043021667,0.00040618706,780.6460294858836,0.00039061665,0.033983607,-0.043397926
1.0005709,0.0003864252,8192,0.0018736195,234.6308926129697,780.646518929088,1276,9311.864,3.4442186,720.8941,0.24055748,12037.958,4.6491165,8192,,,,,234.6308926129697,0.00040630743,780.646518929088,0.00039065603,0.03376045,-0.043281123
1.0004811,0.0003864698,0,0.0018745698,234.63170791970134,780.6470424333454,1277,9311.779,3.4441812,720.9466,0.24107035,12036.879,4.649653,0,,,,,234.63170791970134,0.0004064111,780.6470424333454,0.0003907972,0.033725444,-0.043803886
0.99965674,0.00038642055,0,0.00187552,234.63042367764058,780.6473750303772,1278,9305.749,3.4437158,720.60345,0.24065527,12026.96,4.6490602,0,,,,,234.63042367764058,0.00040682638,780.6473750303772,0.00039122035,0.033672728,-0.04391666
0.99991673,0.00038642203,0,0.0018764699,234.6303262129582,780.6469312166125,1279,9304.491,3.443472,721.13336,0.24064557,12030.088,4.6490784,0,,,,,234.6303262129582,0.0004064707,780.6469312166125,0.0003908728,0.0333205,-0.043305956
1.000135,0.00038651752,128,0.0018774199,234.63091031587197,780.6476129465113,1280,9308.25,3.4444578,720.9536,0.2406597,12032.714,4.650227,128,,,,,234.63091031587197,0.0004064856,780.6476129465113,0.00039097262,0.033573933,-0.04383407
0.99969864,0.00038636863,0,0.0018783696,234.6303575663629,780.6477708839898,1281,9301.534,3.4432411,720.37225,0.24049479,12027.464,4.6484356,0,,,,,234.6303575663629,0.00040674544,780.6477708839898,0.00039122222,0.033384163,-0.042942002
1.00014,0.00038648595,0,0.0018793193,234.63098481344997,780.6464360912128,1282,9310.268,3.443941,721.07935,0.24038923,12032.773,4.649847,0,,,,,234.63098481344997,0.00040649023,780.6464360912128,0.00039087812,0.033708286,-0.0440003
0.99991524,0.00038642724,0,0.0018802688,234.6303074198039,780.6468843091504,1283,9310.914,3.4440634,721.25977,0.24058999,12030.07,4.649141,0,,,,,234.6303074198039,0.00040684547,780.6468843091504,0.00039129722,0.033667587,-0.044575628
1.0001798,0.00038645725,0,0.0018812182,234.6305725507034,780.6477603733795,1284,9309.852,3.4438915,720.8223,0.24060407,12033.252,4.649502,0,,,,,234.6305725507034,0.00040638223,780.6477603733795,0.00039078866,0.033675347,-0.043544892
1.000136,0.0003864819,0,0.0018821674,234.63101070578432,780.6472374801604,1285,9309.978,3.4439201,721.0216,0.24060787,12032.726,4.6497984,0,,,,,234.63101070578432,0.0004065768,780.6472374801604,0.00039094267,0.033905428,-0.04350746
0.99959797,0.000386458,0,0.0018831166,234.63132170863523,780.6476466071921,1286,9302.417,3.4433439,721.34247,0.2402755,12026.253,4.649511,0,,,,,234.63132170863523,0.0004066097,780.6476466071921,0.000391027,0.03376106,-0.043205928
1.0002023,0.00038648557,0,0.0018840656,234.62989562971035,780.6473677297686,1287,9309.937,3.4437773,719.8606,0.24108925,12033.523,4.6498427,0,,,,,234.62989562971035,0.00040648895,780.6473677297686,0.00039092638,0.03363368,-0.043591056
1.0000077,0.00038634325,0,0.0018850144,234.63087449159718,780.6477353702685,1288,9307.053,3.4437935,721.38257,0.24051298,12031.183,4.6481304,0,,,,,234.63087449159718,0.0004066647,780.6477353702685,0.00039112166,0.033968482,-0.043405697
1.000335,0.0003865253,0,0.0018859631,234.6310175506268,780.6476989752495,1289,9309.791,3.4439807,721.31335,0.24055952,12035.12,4.6503205,0,,,,,234.6310175506268,0.0004064322,780.6476989752495,0.00039094017,0.033994537,-0.043426126
1.0002253,0.00038638915,0,0.0018869117,234.63112632049598,780.6472298897172,1290,9308.721,3.4437547,720.4334,0.2405624,12033.801,4.6486826,0,,,,,234.63112632049598,0.00040637335,780.6472298897172,0.0003908142,0.034132652,-0.04341573
1.0002902,0.00038645268,8192,0.0018878602,234.6300867054374,780.6475240768794,1291,9307.358,3.4437904,719.616,0.24074152,12034.581,4.649447,8192,,,,,234.6300867054374,0.00040655944,780.6475240768794,0.00039104192,0.03343464,-0.04287496
1.0003133,0.00038653056,0,0.0018888086,234.63044518120404,780.6466400726922,1292,9309.071,3.4438918,721.2573,0.24054478,12034.858,4.650384,0,,,,,234.63044518120404,0.00040617565,780.6466400726922,0.00039067,0.033605453,-0.04278162
0.99982363,0.00038645815,0,0.0018897568,234.6300341812323,780.6470702048414,1293,9304.348,3.4434917,721.28986,0.24029496,12028.968,4.649513,0,,,,,234.6300341812323,0.00040666695,780.6470702048414,0.000391148,0.033374112,-0.043227457
0.99975,0.00038633664,0,0.0018907049,234.63033459139288,780.6489759035346,1294,9304.572,3.4433956,720.41174,0.24050014,12028.082,4.648051,0,,,,,234.63033459139288,0.00040665342,780.6489759035346,0.00039116305,0.03395784,-0.042927697
0.9993615,0.00038632037,0,0.0018916528,234.63038145353823,780.6481555875285,1295,9298.759,3.443055,720.45917,0.24056631,12023.408,4.6478553,0,,,,,234.63038145353823,0.00040676995,780.6481555875285,0.0003912489,0.033861283,-0.04245755
0.9997237,0.0003864556,0,0.0018926007,234.63032994248275,780.6482673573714,1296,9302.152,3.443234,720.87146,0.2402815,12027.766,4.649482,0,,,,,234.63032994248275,0.00040657085,780.6482673573714,0.0003910652,0.03350037,-0.04258793
0.99996215,0.00038646045,0,0.0018935484,234.6308709420257,780.6481290177696,1297,9304.459,3.4434445,720.5482,0.24083625,12030.635,4.6495404,0,,,,,234.6308709420257,0.00040650414,780.6481290177696,0.00039094916,0.033540998,-0.042531274
0.99932224,0.0003863108,0,0.0018944959,234.62967748930518,780.6471355051783,1298,9297.673,3.4426937,720.41724,0.24045026,12022.936,4.64774,0,,,,,234.62967748930518,0.0004065719,780.6471355051783,0.00039111977,0.033562455,-0.042188488
0.99971366,0.00038643807,0,0.0018954434,234.62932953395645,780.6481053890504,1299,9303.235,3.443212,720.5371,0.24049933,12027.645,4.649271,0,,,,,234.62932953395645,0.00040646037,780.6481053890504,0.00039097152,0.03332131,-0.04251196
1.0000832,0.00038647596,0,0.0018963907,234.62953184236628,780.6490542499439,1300,9304.178,3.4433708,719.4735,0.2409348,12032.091,4.649727,0,,,,,234.62953184236628,0.0004065204,780.6490542499439,0.0003909957,0.03252725,-0.0417243
0.9996996,0.00038633303,0,0.0018973378,234.62938489723064,780.6481457530772,1301,9300.955,3.4430785,720.32007,0.24048483,12027.476,4.6480074,0,,,,,234.62938489723064,0.00040668604,780.6481457530772,0.00039122606,0.033245612,-0.041877005
0.9998117,0.00038636982,0,0.0018982849,234.62973093230607,780.6494563580125,1302,9300.41,3.4431844,720.6076,0.24048793,12028.824,4.64845,0,,,,,234.62973093230607,0.0004066764,780.6494563580125,0.00039118514,0.032987352,-0.041435845
0.999793,0.00038641688,0,0.0018992318,234.62960168198202,780.6488247451168,1303,9299.901,3.4429917,720.19476,0.2404985,12028.6,4.6490164,0,,,,,234.62960168198202,0.00040659006,780.6488247451168,0.00039114238,0.032664385,-0.041460104
0.99936706,0.00038626275,0,0.0019001786,234.62979600618553,780.6482175785997,1304,9298.538,3.442914,720.1942,0.24067065,12023.475,4.647162,0,,,,,234.62979600618553,0.00040654393,780.6482175785997,0.0003910348,0.033401567,-0.042287443
1.0002474,0.00038643694,0,0.0019011253,234.63027448461406,780.6490570561051,1305,9304.395,3.4433486,719.6834,0.24058701,12034.065,4.6492577,0,,,,,234.63027448461406,0.00040661893,780.6490570561051,0.00039114378,0.033137493,-0.04180352
0.99985796,0.00038636324,0,0.0019020718,234.62998350367423,780.6481166165358,1306,9302.671,3.4432695,720.2214,0.24047363,12029.381,4.6483707,0,,,,,234.62998350367423,0.0004065446,780.6481166165358,0.00039101526,0.033144817,-0.041865475
0.9997106,0.0003864565,0,0.0019030182,234.62904519742233,780.6485646047345,1307,9301.61,3.4431288,720.05536,0.24040475,12027.608,4.6494927,0,,,,,234.62904519742233,0.00040676343,780.6485646047345,0.00039117396,0.03294745,-0.04211237
0.99934626,0.00038641415,0,0.0019039644,234.63008475166808,780.6476717388673,1308,9300.338,3.4430263,719.57227,0.24057518,12023.225,4.6489835,0,,,,,234.63008475166808,0.00040671107,780.6476717388673,0.0003911722,0.03353745,-0.04242937
1.0002745,0.0003864933,0,0.0019049107,234.62965997659393,780.6492823658716,1309,9307.024,3.4435422,719.7745,0.24040894,12034.393,4.6499357,0,,,,,234.62965997659393,0.00040666945,780.6492823658716,0.00039122524,0.03293324,-0.04211042
1.0005552,0.00038653935,0,0.0019058567,234.62951551227474,780.6471364825593,1310,9309.458,3.4438853,719.6953,0.24038745,12037.77,4.65049,0,,,,,234.62951551227474,0.00040618493,780.6471364825593,0.00039081156,0.033184506,-0.04227
1.0002229,0.0003865572,0,0.0019068025,234.6296486816408,780.6483967288898,1311,9306.812,3.4435723,719.90674,0.24063835,12033.772,4.6507044,0,,,,,234.6296486816408,0.0004066481,780.6483967288898,0.00039114297,0.033102598,-0.042361613
0.99922764,0.00038637695,0,0.0019077483,234.63030321159405,780.6484393771266,1312,9295.626,3.442502,720.2572,0.24057625,12021.798,4.6485357,0,,,,,234.63030321159405,0.0004067972,780.6484393771266,0.00039127946,0.033163473,-0.04200605
1.0001316,0.00038644252,0,0.0019086938,234.63049635360187,780.6480435359999,1313,9305.195,3.443502,720.33466,0.24044794,12032.674,4.649325,0,,,,,234.63049635360187,0.00040670118,780.6480435359999,0.0003911617,0.03338081,-0.042223454
1.0004895,0.00038650073,0,0.0019096393,234.6301889496496,780.6486861213923,1314,9305.464,3.4434543,719.52924,0.24035439,12036.979,4.650025,0,,,,,234.6301889496496,0.00040643624,780.6486861213923,0.0003909653,0.032929886,-0.04171676
0.99956393,0.00038640614,8192,0.0019105846,234.6300318628692,780.6484799676808,1315,9300.199,3.443092,719.83936,0.24074565,12025.844,4.648887,8192,,,,,234.6300318628692,0.00040674736,780.6484799676808,0.00039120502,0.033293825,-0.042055756
0.99927586,0.0003863448,0,0.0019115299,234.62889214558714,780.6485977093403,1316,9296.995,3.442614,719.8687,0.24062029,12022.378,4.648149,0,,,,,234.62889214558714,0.0004065012,780.6485977093403,0.0003910378,0.032888982,-0.041968595
0.99920833,0.0003863519,0,0.001912475,234.62890621388064,780.6488282755031,1317,9295.842,3.442518,718.68256,0.24051079,12021.565,4.6482344,0,,,,,234.62890621388064,0.00040691026,780.6488282755031,0.00039142906,0.032633543,-0.041850142
0.999674,0.0003864555,0,0.0019134199,234.6297910688715,780.6485060481523,1318,9300.832,3.4429095,719.53754,0.24043259,12027.168,4.649481,0,,,,,234.6297910688715,0.00040666165,780.6485060481523,0.00039115897,0.032771323,-0.04211277
0.99997145,0.00038648752,0,0.0019143648,234.62960365448862,780.6492303883778,1319,9301.172,3.4428446,718.8734,0.24079809,12030.746,4.649866,0,,,,,234.62960365448862,0.00040649262,780.6492303883778,0.0003910203,0.03228376,-0.041658927
0.9998145,0.00038646764,0,0.0019153095,234.6294741221379,780.6484185515246,1320,9301.353,3.4429846,719.61536,0.24044175,12028.858,4.6496267,0,,,,,234.6294741221379,0.00040654308,780.6484185515246,0.00039110865,0.032781273,-0.042162385
1.0002377,0.00038655967,0,0.0019162539,234.62952439900988,780.6477154182132,1321,9304.123,3.4432151,719.2918,0.24040924,12033.95,4.650734,0,,,,,234.62952439900988,0.00040654527,780.6477154182132,0.00039107873,0.032494705,-0.0419518
0.9996902,0.00038636368,0,0.0019171984,234.63030849711845,780.6478555251438,1322,9300.548,3.4429765,719.8963,0.24036966,12027.362,4.648376,0,,,,,234.63030849711845,0.00040670417,780.6478555251438,0.00039124078,0.032954335,-0.042241357
1.0006157,0.0003865772,0,0.0019181427,234.62995652340547,780.6488788670803,1323,9307.333,3.4434938,718.8598,0.24009717,12038.498,4.6509447,0,,,,,234.62995652340547,0.0004065998,780.6488788670803,0.0003910662,0.032535896,-0.04208622
1.0003227,0.00038655216,0,0.0019190869,234.62939491834567,780.647977582016,1324,9304.288,3.4432564,718.9704,0.24053589,12034.973,4.650644,0,,,,,234.62939491834567,0.00040651762,780.647977582016,0.00039104317,0.032087535,-0.041741025
1.0007069,0.00038656726,0,0.0019200309,234.62918454264337,780.6483787601198,1325,9307.879,3.4435565,719.4621,0.24058037,12039.595,4.6508255,0,,,,,234.62918454264337,0.00040622457,780.6483787601198,0.0003908002,0.03248328,-0.0417059
1.0002626,0.00038655128,0,0.0019209748,234.6294841464764,780.6494725436655,1326,9301.859,3.4429994,718.3792,0.24053447,12034.249,4.6506333,0,,,,,234.6294841464764,0.00040657763,780.6494725436655,0.00039114352,0.03190219,-0.04139047
0.99998873,0.00038652954,0,0.0019219186,234.6295396774587,780.6484028764216,1327,9302.372,3.4431312,718.4794,0.2404991,12030.954,4.6503716,0,,,,,234.6295396774587,0.0004066909,780.6484028764216,0.00039116057,0.03241429,-0.04185595
0.9996588,0.0003864402,0,0.0019228621,234.62838557169619,780.6487041489227,1328,9297.177,3.4426017,718.8671,0.24025777,12026.985,4.6492968,0,,,,,234.62838557169619,0.00040661823,780.6487041489227,0.000391207,0.03245884,-0.04124499
0.9995499,0.00038639593,0,0.0019238057,234.6291582461254,780.6493007556478,1329,9296.387,3.442537,718.6408,0.2406487,12025.675,4.648764,0,,,,,234.6291582461254,0.00040677804,780.6493007556478,0.0003913059,0.03265201,-0.041302357
1.0010986,0.00038653944,0,0.001924749,234.62979214130468,780.6490385574511,1330,9309.546,3.4437,719.1059,0.24070066,12044.308,4.6504908,0,,,,,234.62979214130468,0.00040644495,780.6490385574511,0.00039102667,0.032359093,-0.041311685
0.9998515,0.00038639124,0,0.0019256922,234.62864225070635,780.6498478550801,1331,9297.948,3.442629,718.656,0.24045216,12029.304,4.648708,0,,,,,234.62864225070635,0.00040671634,780.6498478550801,0.00039122373,0.031702332,-0.0408123
1.0000062,0.00038650018,0,0.0019266354,234.62984280856602,780.6493778765322,1332,9300.347,3.4428842,719.3216,0.24036637,12031.165,4.650018,0,,,,,234.62984280856602,0.00040666558,780.6493778765322,0.00039119011,0.031450827,-0.040881913
0.9996741,0.0003863465,0,0.0019275784,234.6291886036864,780.6500426946121,1333,9297.2705,3.442647,718.86835,0.24057525,12027.169,4.6481695,0,,,,,234.6291886036864,0.00040655516,780.6500426946121,0.00039111814,0.031736784,-0.040275205
1.0002465,0.00038642113,0,0.0019285211,234.6286366620734,780.6489713341771,1334,9303.99,3.443176,718.9128,0.24057214,12034.056,4.6490674,0,,,,,234.6286366620734,0.0004064752,780.6489713341771,0.00039106517,0.03172188,-0.04062552
1.0003492,0.00038648583,0,0.0019294638,234.62820604502156,780.6499433233763,1335,9302.096,3.4430828,719.85986,0.24031132,12035.291,4.6498456,0,,,,,234.62820604502156,0.00040650365,780.6499433233763,0.00039108444,0.030935207,-0.03996208
0.99998564,0.0003864382,0,0.0019304064,234.62746274647338,780.6501801911661,1336,9300.136,3.4428277,719.4122,0.24068819,12030.917,4.6492724,0,,,,,234.62746274647338,0.00040640918,780.6501801911661,0.0003910191,0.030979011,-0.040009737
1.0002222,0.00038646546,0,0.0019313488,234.62798546246415,780.6505235668938,1337,9300.9,3.4428444,718.68475,0.24035639,12033.763,4.6496005,0,,,,,234.62798546246415,0.00040632157,780.6505235668938,0.00039090347,0.030580765,-0.039659195
0.99938166,0.00038642046,0,0.0019322911,234.6271003541271,780.6507529374384,1338,9293.54,3.4424996,718.4425,0.24076104,12023.65,4.6490593,0,,,,,234.6271003541271,0.00040678884,780.6507529374384,0.00039142228,0.030211609,-0.039398987
1.0002232,0.0003865015,0,0.0019332332,234.6275097932754,780.6498819793753,1339,9302.09,3.4430435,719.15875,0.24046485,12033.775,4.650034,0,,,,,234.6275097932754,0.00040635726,780.6498819793753,0.00039099334,0.030624684,-0.03971533
0.9998543,0.0003862853,0,0.0019341753,234.62586827976082,780.6506265284318,1340,9298.088,3.442634,718.4648,0.2406154,12029.337,4.6474333,0,,,,,234.62586827976082,0.00040652638,780.6506265284318,0.0003911656,0.030055515,-0.03951914
0.9995455,0.0003863123,0,0.0019351172,234.6277989239986,780.6500943501999,1341,9296.43,3.4424965,718.5344,0.2402086,12025.622,4.647758,0,,,,,234.6277989239986,0.0004064567,780.6500943501999,0.00039112562,0.030617382,-0.040117867
0.99969167,0.00038634005,0,0.001936059,234.62661207516248,780.6502240069858,1342,9295.324,3.4424238,717.3653,0.24052447,12027.38,4.648092,0,,,,,234.62661207516248,0.00040652198,780.6502240069858,0.00039117667,0.0301468,-0.039292205
1.0003015,0.00038643501,128,0.0019370005,234.6282546655725,780.6495305402758,1343,9301.7,3.4435399,719.27014,0.24082436,12034.717,4.6492343,128,,,,,234.6282546655725,0.0004060127,780.6495305402758,0.00039066438,0.03023198,-0.03935809
1.0001737,0.00038644893,0,0.001937942,234.627851780921,780.6501945043947,1344,9298.716,3.4427578,718.4969,0.24012074,12033.18,4.6494017,0,,,,,234.627851780921,0.00040649084,780.6501945043947,0.00039110248,0.030292591,-0.03915171
1.0001119,0.0003863887,0,0.0019388834,234.63069566394344,780.6511430622877,1345,9299.405,3.4428387,718.54395,0.24065322,12032.437,4.6486773,0,,,,,234.63069566394344,0.0004074289,780.6511430622877,0.00039063278,0.030676752,-0.03949574
1.0005213,0.00038646144,0,0.0019398245,234.627816669695,780.6497972518821,1346,9304.27,3.4431727,719.35596,0.24001269,12037.362,4.6495523,0,,,,,234.627816669695,0.00040659233,780.6497972518821,0.00039109844,0.03128757,-0.04002445
0.9996723,0.00038632046,0,0.0019407657,234.6279258193989,780.6506337234603,1347,9294.772,3.442303,718.23694,0.24050047,12027.147,4.647856,0,,,,,234.6279258193989,0.00040656255,780.6506337234603,0.00039123232,0.030983245,-0.039920576
1.0003295,0.0003865187,0,0.0019417066,234.62777742215985,780.6491925030449,1348,9302.314,3.4430172,717.90717,0.24084254,12035.054,4.650241,0,,,,,234.62777742215985,0.0004063244,780.6491925030449,0.00039090542,0.031360377,-0.040671922
0.99979454,0.00038637785,0,0.0019426475,234.6277854481822,780.6489862726635,1349,9294.672,3.4422672,717.78076,0.24056706,12028.618,4.6485467,0,,,,,234.6277854481822,0.0004063968,780.6489862726635,0.00039104602,0.030839708,-0.04013425
1.0001053,0.00038644686,0,0.0019435881,234.62792184001137,780.6503010443535,1350,9299.021,3.4426298,717.2704,0.24049917,12032.356,4.649377,0,,,,,234.62792184001137,0.00040659524,780.6503010443535,0.00039122583,0.03129776,-0.040400185
0.9993692,0.0003863777,0,0.0019445287,234.6284952585656,780.6502376787173,1351,9290.99,3.4420295,718.48016,0.24043272,12023.501,4.648545,0,,,,,234.6284952585656,0.00040695214,780.6502376787173,0.00039159233,0.031261574,-0.039724723
0.9993653,0.00038639037,0,0.0019454691,234.6284881330534,780.6498813705479,1352,9293.121,3.4421122,717.95,0.24050426,12023.454,4.6486974,0,,,,,234.6284881330534,0.00040647987,780.6498813705479,0.0003910904,0.031478323,-0.040370118
1.0001305,0.00038639407,0,0.0019464093,234.62791095584853,780.6508088051165,1353,9299.863,3.4426901,718.7329,0.24023817,12032.66,4.6487417,0,,,,,234.62791095584853,0.0004065753,780.6508088051165,0.00039123168,0.031579666,-0.04038646
1.0000541,0.00038642136,0,0.0019473495,234.6278700055613,780.6498049579407,1354,9296.761,3.442503,717.89526,0.24023554,12031.741,4.6490703,0,,,,,234.6278700055613,0.0004067491,780.6498049579407,0.00039131418,0.031210594,-0.039878655
0.9994104,0.000386346,0,0.0019482895,234.62779306980713,780.6505850884895,1355,9292.895,3.4421206,718.3867,0.24038744,12023.996,4.6481633,0,,,,,234.62779306980713,0.00040667955,780.6505850884895,0.00039128293,0.031442106,-0.03998439
1.0008516,0.00038670728,128,0.0019492294,234.63247663435277,780.6475231131983,1356,9303.331,3.4448907,717.01196,0.24056998,12041.336,4.65251,128,,,,,234.63247663435277,0.00040640772,780.6475231131983,0.00038969712,0.030878318,-0.039505515
1.0006562,0.00038640416,0,0.0019501691,234.6282046728055,780.6502536292877,1357,9302.762,3.4428918,716.7552,0.24064977,12038.985,4.6488633,0,,,,,234.6282046728055,0.00040628845,780.6502536292877,0.00039089323,0.031201499,-0.039854463
1.0006769,0.00038638638,0,0.0019511087,234.6277569476698,780.6502659193882,1358,9302.405,3.442987,716.54364,0.24072866,12039.233,4.648649,0,,,,,234.6277569476698,0.00040625175,780.6502659193882,0.00039088292,0.03127013,-0.03966
1.0004125,0.0003862453,0,0.0019520482,234.62836426602223,780.6501227874654,1359,9300.912,3.4427931,717.2617,0.24048945,12036.053,4.6469517,0,,,,,234.62836426602223,0.00040638057,780.6501227874654,0.0003910233,0.03143984,-0.039400425
1.0006768,0.00038634802,0,0.0019529874,234.62830854084103,780.6501829117475,1360,9303.652,3.4429214,716.33875,0.24082744,12039.231,4.6481876,0,,,,,234.62830854084103,0.0004060294,780.6501829117475,0.00039063752,0.03127623,-0.039679546
1.0003319,0.0003864162,0,0.0019539266,234.62758417269828,780.6503722810394,1361,9298.662,3.4426048,716.8233,0.24037638,12035.082,4.6490083,0,,,,,234.62758417269828,0.00040665895,780.6503722810394,0.0003912909,0.030901976,-0.039384417
0.9998725,0.0003863969,0,0.0019548656,234.62797450511113,780.6507428148518,1362,9296.095,3.4423494,717.8869,0.24008259,12029.556,4.6487756,0,,,,,234.62797450511113,0.0004067237,780.6507428148518,0.00039142027,0.031052817,-0.039839335
0.9994901,0.0003863851,0,0.0019558046,234.6279628401773,780.6500457402103,1363,9289.614,3.441671,717.41315,0.24006,12024.955,4.648634,0,,,,,234.6279628401773,0.00040651276,780.6500457402103,0.00039115365,0.030770268,-0.03914109
1.0000012,0.00038635745,0,0.0019567434,234.62721845306993,780.6501937573089,1364,9295.844,3.4422724,717.52954,0.24036424,12031.104,4.648301,0,,,,,234.62721845306993,0.0004065155,780.6501937573089,0.0003912232,0.030944487,-0.038985953
1.0004284,0.0003863535,0,0.001957682,234.62799512908515,780.6510152869478,1365,9299.052,3.44258,716.97144,0.24049859,12036.244,4.6482534,0,,,,,234.62799512908515,0.00040645766,780.6510152869478,0.00039110382,0.031109245,-0.039051224
1.0004479,0.00038635914,0,0.0019586205,234.62762572194168,780.6501681563497,1366,9300.609,3.442667,716.98975,0.24033873,12036.478,4.6483216,0,,,,,234.62762572194168,0.0004065359,780.6501681563497,0.0003912061,0.031486943,-0.03951164
1.0004467,0.00038633295,0,0.0019595588,234.627967235732,780.6505139297204,1367,9300.458,3.4426508,716.7406,0.24060436,12036.464,4.6480064,0,,,,,234.627967235732,0.00040646293,780.6505139297204,0.00039110877,0.03131606,-0.039274883
0.9991732,0.00038635914,0,0.0019604971,234.62657351342565,780.6511179784545,1368,9287.949,3.4415834,717.7589,0.24026613,12021.143,4.6483216,0,,,,,234.62657351342565,0.00040690214,780.6511179784545,0.00039157708,0.0310317,-0.03897065
1.0002385,0.0003862098,0,0.0019614352,234.6281483570277,780.6508863038158,1369,9298.71,3.4425504,716.7928,0.24048245,12033.96,4.646525,0,,,,,234.6281483570277,0.00040666154,780.6508863038158,0.00039131244,0.031413436,-0.039205283
1.0000483,0.00038628318,0,0.001962373,234.62821733484634,780.6518400843322,1370,9294.759,3.4420877,717.0241,0.24025227,12031.671,4.6474075,0,,,,,234.62821733484634,0.00040639873,780.6518400843322,0.00039116738,0.030462101,-0.038437694
0.9999591,0.00038633225,0,0.0019633109,234.62764725071335,780.6504871286711,1371,9295.339,3.4421709,716.5896,0.24016643,12030.598,4.647998,0,,,,,234.62764725071335,0.00040647783,780.6504871286711,0.0003911204,0.030854812,-0.039094377
0.99912345,0.00038625769,0,0.0019642487,234.6272436441485,780.6512175512746,1372,9286.466,3.4413753,717.05945,0.24029143,12020.544,4.647101,0,,,,,234.6272436441485,0.0004065643,780.6512175512746,0.00039125246,0.03037381,-0.03859901
1.0004742,0.00038636907,0,0.001965186,234.62892902191732,780.649979283139,1373,9300.431,3.4426322,716.3583,0.24029398,12036.795,4.648441,0,,,,,234.62892902191732,0.00040638118,780.649979283139,0.0003909555,0.0310815,-0.039211508
1.0001535,0.0003863315,0,0.0019661235,234.62755527357783,780.6509368125368,1374,9297.51,3.4424345,717.18665,0.24027473,12032.9375,4.647989,0,,,,,234.62755527357783,0.00040662693,780.6509368125368,0.00039124434,0.030900301,-0.03918424
1.0006326,0.0003862967,0,0.0019670608,234.62752754577653,780.6504415904841,1375,9300.18,3.442543,716.8889,0.24057813,12038.701,4.6475706,0,,,,,234.62752754577653,0.00040624203,780.6504415904841,0.00039091663,0.030680241,-0.038834225
1.0002738,0.00038627215,0,0.001967998,234.62726988610706,780.6506056616562,1376,9298.195,3.4423327,716.62396,0.2407523,12034.385,4.647275,0,,,,,234.62726988610706,0.00040658956,780.6506056616562,0.0003912115,0.030865142,-0.039067466
0.9998488,0.00038618286,0,0.001968935,234.62721474260528,780.6513911703014,1377,9291.709,3.441756,716.99835,0.24035132,12029.2705,4.6462007,0,,,,,234.62721474260528,0.00040640982,780.6513911703014,0.00039116017,0.030692188,-0.038230836
0.99960154,0.00038631665,0,0.0019698718,234.62718560687324,780.6514766975089,1378,9291.088,3.4419298,717.62317,0.24024026,12026.296,4.6478105,0,,,,,234.62718560687324,0.0004066407,780.6514766975089,0.00039131613,0.030932292,-0.038680993
1.000254,0.00038627608,0,0.0019708085,234.62705274881768,780.6511719326393,1379,9295.21,3.4420738,715.8723,0.24039514,12034.1455,4.647322,0,,,,,234.62705274881768,0.0004064815,780.6511719326393,0.00039117443,0.030057171,-0.038346052
0.99974215,0.00038620422,0,0.0019717452,234.62802123222306,780.6515492892215,1380,9292.774,3.4418294,715.5606,0.24071655,12027.987,4.6464577,0,,,,,234.62802123222306,0.0004067039,780.6515492892215,0.0003913467,0.030757679,-0.038583606
0.9994241,0.00038608184,0,0.0019726816,234.62763361816167,780.650463541722,1381,9289.349,3.4416864,716.58875,0.24036638,12024.161,4.644985,0,,,,,234.62763361816167,0.0004068817,780.650463541722,0.00039156168,0.031330124,-0.038977463
1.00072,0.00038632003,0,0.0019736178,234.62714896888957,780.6516184327263,1382,9300.237,3.442785,717.2424,0.24029885,12039.753,4.647851,0,,,,,234.62714896888957,0.000406404,780.6516184327263,0.00039111235,0.03086811,-0.03850518
1.0004907,0.0003863362,8192,0.001974554,234.62706336694393,780.6506878804746,1383,9299.331,3.442507,715.5763,0.2408336,12036.993,4.6480455,8192,,,,,234.62706336694393,0.00040611884,780.6506878804746,0.0003908312,0.030963408,-0.038945593
1.0001527,0.0003862089,0,0.00197549,234.62744250574517,780.6514840650264,1384,9294.122,3.4421818,716.0469,0.24085535,12032.928,4.646514,0,,,,,234.62744250574517,0.00040665912,780.6514840650264,0.00039135583,0.03092068,-0.038629994
0.9994145,0.00038615207,0,0.0019764258,234.62791844692836,780.6512928765621,1385,9288.817,3.4414895,716.3993,0.24016844,12024.046,4.64583,0,,,,,234.62791844692836,0.0004066986,780.6512928765621,0.00039132155,0.030886497,-0.038452793
1.0000153,0.00038624014,0,0.0019773615,234.62769992131166,780.6516574771854,1386,9291.904,3.4417465,715.5935,0.24061833,12031.273,4.6468897,0,,,,,234.62769992131166,0.0004064096,780.6516574771854,0.00039110635,0.03058511,-0.03766539
1.0004491,0.00038609141,0,0.0019782973,234.62737222366036,780.6521560688802,1387,9296.653,3.4421797,715.5572,0.24026056,12036.493,4.6451006,0,,,,,234.62737222366036,0.00040644506,780.6521560688802,0.00039118878,0.03079158,-0.03786041
0.999653,0.0003860239,0,0.0019792328,234.62659347837473,780.6515729834435,1388,9289.232,3.4416788,716.82056,0.24053699,12026.915,4.644288,0,,,,,234.62659347837473,0.00040679832,780.6515729834435,0.0003915228,0.030796217,-0.038093437
0.9999475,0.00038620803,0,0.001980168,234.62705864420371,780.6511840280688,1389,9293.41,3.4419935,715.70593,0.24066693,12030.458,4.6465034,0,,,,,234.62705864420371,0.00040661532,780.6511840280688,0.00039128572,0.030777518,-0.038461503
0.99984455,0.0003862662,0,0.001981103,234.62771950493124,780.652141027678,1390,9293.16,3.4419978,716.56104,0.24061553,12029.22,4.6472034,0,,,,,234.62771950493124,0.00040665848,780.652141027678,0.00039140973,0.030879771,-0.03856066
0.99947786,0.00038622846,0,0.0019820381,234.6271901945014,780.6519477877387,1391,9287.815,3.441476,715.5806,0.24017814,12024.808,4.6467495,0,,,,,234.6271901945014,0.00040659006,780.6519477877387,0.00039129952,0.030615777,-0.03829579
0.9995821,0.0003862128,0,0.001983908,234.62758031746938,780.651910066187,1393,9287.247,3.4413142,715.72455,0.24069726,12026.0625,4.646561,0,,,,,234.62758031746938,0.00040667783,780.651910066187,0.00039144402,0.0307857,-0.038012184
1.0003451,0.00038629616,0,0.0019848426,234.6272004244184,780.6519419885044,1394,9295.2,3.4420512,716.2565,0.24050497,12035.242,4.647564,0,,,,,234.6272004244184,0.00040643688,780.6519419885044,0.00039117353,0.030630283,-0.037885424
1.0005716,0.00038608536,0,0.001985777,234.6271280612314,780.6523409083852,1395,9294.517,3.4420478,715.9156,0.24021032,12037.967,4.6450276,0,,,,,234.6271280612314,0.0004065845,780.6523409083852,0.00039132996,0.030614058,-0.03750425
0.9998917,0.00038581874,0,0.0019867113,234.62734016519255,780.6525903627889,1396,9287.525,3.441536,715.83044,0.24063785,12029.787,4.64182,0,,,,,234.62734016519255,0.00040679076,780.6525903627889,0.00039154003,0.030484384,-0.036526747
0.99942976,0.000385832,0,0.0019876456,234.62724500039266,780.6523217896154,1397,9285.494,3.4412446,716.4249,0.24044962,12024.2295,4.6419797,0,,,,,234.62724500039266,0.00040669658,780.6523217896154,0.0003914609,0.030964958,-0.037342623
1.0005077,0.0003860444,0,0.0019885798,234.62676732983724,780.6532596042804,1398,9293.686,3.4419963,716.68774,0.24031486,12037.198,4.644535,0,,,,,234.62676732983724,0.0004063083,780.6532596042804,0.00039114134,0.030669717,-0.037240095
0.9996935,0.00038598944,0,0.0019895136,234.62694490745025,780.6528188783459,1399,9288.282,3.4414551,716.21533,0.24046305,12027.402,4.6438737,0,,,,,234.62694490745025,0.00040662536,780.6528188783459,0.0003913396,0.030399648,-0.037183598
0.99949723,0.0003859305,0,0.0019904473,234.62710739290523,780.6524643707062,1400,9286.366,3.441343,716.87164,0.24039958,12025.041,4.6431646,0,,,,,234.62710739290523,0.0004067209,780.6524643707062,0.00039148735,0.030267496,-0.036947496
0.9996159,0.00038598554,0,0.001991381,234.62613326980482,780.6515461562999,1401,9290.778,3.441731,715.9769,0.24072441,12026.469,4.6438265,0,,,,,234.62613326980482,0.00040650557,780.6515461562999,0.000391365,0.030376907,-0.037926167
0.9993913,0.00038610093,0,0.0019923146,234.62598768206135,780.6521971077734,1402,9284.507,3.4411862,717.1873,0.24008712,12023.767,4.645215,0,,,,,234.62598768206135,0.00040680653,780.6521971077734,0.00039155013,0.030046871,-0.03719147
0.9994914,0.00038593286,0,0.0019932478,234.62711023395866,780.6534232663535,1403,9285.001,3.4411652,715.65784,0.24090269,12024.971,4.643193,0,,,,,234.62711023395866,0.0004068319,780.6534232663535,0.0003915887,0.030196702,-0.03726949
1.0004836,0.00038612567,0,0.0019941812,234.62721595916196,780.653105560054,1404,9293.079,3.4419544,716.9749,0.24017406,12036.909,4.6455126,0,,,,,234.62721595916196,0.0004061023,780.653105560054,0.00039094474,0.0300741,-0.03680899
0.9998881,0.00038624363,128,0.0019951141,234.62558789330484,780.6527496307522,1405,9286.483,3.442592,716.5188,0.2404811,12029.744,4.6469316,128,,,,,234.62558789330484,0.00040652914,780.6527496307522,0.0003914413,0.029651787,-0.036429066
1.0002345,0.00038596924,0,0.001996047,234.62718384311046,780.6534520703249,1406,9290.024,3.4416325,715.7828,0.24043293,12033.911,4.6436305,0,,,,,234.62718384311046,0.0004065298,780.6534520703249,0.00039124666,0.030121015,-0.03638763
1.0000716,0.00038606368,0,0.00199698,234.625687997921,780.6526245977961,1407,9287.814,3.441557,715.9449,0.24034862,12031.952,4.644767,0,,,,,234.625687997921,0.0004065218,780.6526245977961,0.00039131305,0.029893506,-0.036124744
1.000034,0.00038601286,0,0.0019979125,234.6269957094064,780.6529559430094,1408,9289.904,3.4415739,715.8029,0.24058154,12031.498,4.6441555,0,,,,,234.6269957094064,0.00040637195,780.6529559430094,0.000391139,0.029968051,-0.03657822
0.99995184,0.0003859266,0,0.001998845,234.62630275003636,780.6540117605696,1409,9286.486,3.4414923,716.59033,0.24047995,12030.511,4.6431174,0,,,,,234.62630275003636,0.00040683174,780.6540117605696,0.00039167344,0.029565895,-0.03590711
1.0001398,0.00038595864,0,0.0019997775,234.62603980127201,780.6535330582278,1410,9288.612,3.4414957,716.45355,0.2406194,12032.772,4.643503,0,,,,,234.62603980127201,0.00040644666,780.6535330582278,0.0003913902,0.02946049,-0.03584081
0.9995608,0.00038605198,0,0.0020007098,234.62675632738907,780.6530875998476,1411,9285.248,3.4411364,715.97723,0.24020998,12025.806,4.644626,0,,,,,234.62675632738907,0.00040668517,780.6530875998476,0.0003914577,0.029713443,-0.036494907
1.000095,0.00038602247,0,0.0020016418,234.62623376003626,780.6526203745452,1412,9290.545,3.4416385,716.1453,0.24038367,12032.233,4.644271,0,,,,,234.62623376003626,0.0004064039,780.6526203745452,0.00039130595,0.029452385,-0.036554832
1.0008172,0.00038616153,0,0.0020025738,234.62478867080534,780.6530051615453,1413,9296.272,3.4422355,715.90063,0.24021849,12040.921,4.645944,0,,,,,234.62478867080534,0.00040618097,780.6530051615453,0.00039102332,0.029230082,-0.036320146
1.0007299,0.00038619203,0,0.0020035056,234.62555288925904,780.6539610376585,1414,9292.69,3.4418352,715.67194,0.24066938,12039.871,4.646311,0,,,,,234.62555288925904,0.00040618828,780.6539610376585,0.00039109983,0.028744759,-0.035305172
0.9999348,0.0003859597,0,0.0020044374,234.62600942670127,780.6538428248853,1415,9286.717,3.4413326,716.7936,0.24048609,12030.306,4.6435156,0,,,,,234.62600942670127,0.00040662728,780.6538428248853,0.00039150493,0.028843485,-0.035622742
1.0002322,0.00038604345,0,0.002005369,234.6247681785237,780.6540150511635,1416,9286.929,3.4413714,716.1031,0.24046932,12033.884,4.6445236,0,,,,,234.6247681785237,0.00040640286,780.6540150511635,0.00039138927,0.028257841,-0.035178762
1.0003133,0.0003861164,0,0.0020063003,234.62556405403905,780.6536425658359,1417,9289.079,3.4414365,716.119,0.24024555,12034.859,4.645401,0,,,,,234.62556405403905,0.00040639046,780.6536425658359,0.00039138098,0.028206075,-0.035492603
0.99968433,0.00038613257,0,0.0020072313,234.62475151996088,780.6536404340691,1418,9282.224,3.440942,715.7048,0.24037695,12027.292,4.6455956,0,,,,,234.62475151996088,0.0004066562,780.6536404340691,0.00039154803,0.028002167,-0.034803495
0.999934,0.00038582698,0,0.0020081627,234.62524032704135,780.6541489559272,1419,9285.677,3.441192,715.759,0.24016055,12030.296,4.641919,0,,,,,234.62524032704135,0.00040639623,780.6541489559272,0.00039127137,0.028346812,-0.035045575
1.0001036,0.00038598667,0,0.0020090935,234.62501128353702,780.6544743285154,1420,9286.2295,3.441204,715.69586,0.2403084,12032.336,4.6438403,0,,,,,234.62501128353702,0.00040634756,780.6544743285154,0.00039126957,0.02818681,-0.034651898
1.0003893,0.00038606676,0,0.0020100244,234.6237229386367,780.6544525636821,1421,9287.362,3.441309,715.245,0.24042067,12035.774,4.644804,0,,,,,234.6237229386367,0.0004062766,780.6544525636821,0.0003912751,0.027777264,-0.034416463
1.0007061,0.0003859013,0,0.002010955,234.62561339233986,780.6542330547426,1422,9292.499,3.4418025,715.7201,0.24050774,12039.585,4.642813,0,,,,,234.62561339233986,0.00040617245,780.6542330547426,0.000391151,0.02780442,-0.034599494
1.0001276,0.00038592968,0,0.0020118856,234.6249403485999,780.6531559535962,1423,9287.672,3.4413846,715.1758,0.2404681,12032.624,4.6431546,0,,,,,234.6249403485999,0.00040645667,780.6531559535962,0.00039141634,0.027776849,-0.0347952
1.0009514,0.00038596606,0,0.002012816,234.62450381064406,780.6539419186817,1424,9295.863,3.4420207,715.5908,0.24042803,12042.536,4.6435924,0,,,,,234.62450381064406,0.00040610658,780.6539419186817,0.0003910846,0.028490022,-0.034964547
1.0000062,0.00038576804,0,0.0020137462,234.62579691218184,780.654094573131,1425,9283.465,3.4409792,716.0397,0.24029453,12031.165,4.64121,0,,,,,234.62579691218184,0.0004064629,780.654094573131,0.0003912028,0.027877606,-0.034156337
0.99897224,0.00038564534,0,0.0020146763,234.62401434803922,780.6548889503811,1426,9274.972,3.4401727,715.37915,0.24062505,12018.725,4.639734,0,,,,,234.62401434803922,0.0004065994,780.6548889503811,0.00039166314,0.027758526,-0.03416298
1.000078,0.00038576187,0,0.0020156063,234.62363330694802,780.6549935237967,1427,9283.951,3.440965,715.29504,0.24059047,12032.028,4.6411357,0,,,,,234.62363330694802,0.00040642425,780.6549935237967,0.00039146654,0.027579002,-0.033793397
1.0002608,0.00038582357,0,0.0020165362,234.62436927657518,780.6547870926646,1428,9284.554,3.4410832,715.12946,0.24017885,12034.229,4.641878,0,,,,,234.62436927657518,0.00040609314,780.6547870926646,0.00039114148,0.027743481,-0.033608098
0.99983335,0.00038575358,0,0.002017466,234.62456138791657,780.65445753264,1429,9281.235,3.4407446,715.5518,0.24042542,12029.085,4.641036,0,,,,,234.62456138791657,0.00040649922,780.65445753264,0.00039149867,0.02801715,-0.034092866
1.0001742,0.00038575125,0,0.0020183953,234.62482079749776,780.6550366565418,1430,9281.827,3.440836,715.5125,0.24059565,12033.185,4.641008,0,,,,,234.62482079749776,0.00040638834,780.6550366565418,0.00039143278,0.028164063,-0.033602916
0.99971217,0.00038549546,0,0.0020193248,234.62522490951224,780.6550009335986,1431,9279.79,3.440437,714.6847,0.24072191,12027.627,4.6379304,0,,,,,234.62522490951224,0.00040662126,780.6550009335986,0.000391623,0.028352408,-0.03388813
1.0002588,0.00038583847,0,0.002020254,234.62561217685567,780.6543762938334,1432,9282.714,3.4407895,714.7101,0.24051675,12034.203,4.6420574,0,,,,,234.62561217685567,0.00040627678,780.6543762938334,0.00039126608,0.028384507,-0.03413139
1.000237,0.00038539415,0,0.002021183,234.62579362652042,780.6544418872559,1433,9285.294,3.4410906,715.3432,0.24044053,12033.941,4.6367116,0,,,,,234.62579362652042,0.0004065178,780.6544418872559,0.00039149908,0.029013388,-0.034432
0.99977237,0.00038550838,0,0.002022112,234.62451825135378,780.6546540676277,1434,9279.984,3.4405286,714.824,0.24046075,12028.352,4.638086,0,,,,,234.62451825135378,0.0004064761,780.6546540676277,0.00039148898,0.028480804,-0.034147333
1.0000012,0.0003859074,0,0.0020230408,234.62589244385765,780.6538047095933,1435,9285.614,3.4410994,714.78406,0.24056768,12031.104,4.6428866,0,,,,,234.62589244385765,0.00040653383,780.6538047095933,0.00039136957,0.02890911,-0.034990467
1.0005815,0.00038587494,0,0.0020239695,234.6249171484127,780.653578418055,1436,9290.721,3.4415174,714.97375,0.24040692,12038.086,4.642496,0,,,,,234.6249171484127,0.00040621217,780.653578418055,0.00039122626,0.028808158,-0.034852028
0.9994694,0.00038570017,0,0.002024898,234.6257163880392,780.654319319551,1437,9277.505,3.440286,715.0407,0.24055433,12024.706,4.6403933,0,,,,,234.6257163880392,0.0004064891,780.654319319551,0.0003914587,0.029068919,-0.03449786
1.000136,0.00038586702,0,0.0020258264,234.62576914492303,780.6538256890741,1438,9284.151,3.4409294,713.4866,0.24057588,12032.726,4.6424007,0,,,,,234.62576914492303,0.00040652425,780.6538256890741,0.0003915151,0.02896861,-0.03459876
1.0000403,0.00038573588,0,0.0020267547,234.62533740706886,780.6550785746396,1439,9280.098,3.4406536,714.6302,0.24055807,12031.574,4.640823,0,,,,,234.62533740706886,0.00040625615,780.6550785746396,0.00039128825,0.028768787,-0.033862513
0.9997988,0.0003857188,0,0.0020276827,234.62550373473397,780.6541152532644,1440,9279.68,3.4407299,715.62714,0.24046125,12028.669,4.6406174,0,,,,,234.62550373473397,0.00040675286,780.6541152532644,0.00039178305,0.029027998,-0.034195796
1.0000219,0.00038580393,0,0.0020286108,234.6251524488022,780.6554869366404,1441,9279.361,3.4405558,714.693,0.24039108,12031.354,4.6416416,0,,,,,234.6251524488022,0.00040638895,780.6554869366404,0.00039135115,0.0284803,-0.03331635
1.0004148,0.00038583853,0,0.0020295386,234.62541208200383,780.6554266988546,1442,9283.827,3.440978,714.60516,0.24052507,12036.081,4.642058,0,,,,,234.62541208200383,0.0004064296,780.6554266988546,0.00039145272,0.028621214,-0.03387304
1.0002694,0.00038580687,0,0.0020304662,234.6252760968124,780.654676859058,1443,9281.146,3.440823,715.0244,0.24025899,12034.331,4.641677,0,,,,,234.6252760968124,0.0004064566,780.654676859058,0.00039163546,0.028686395,-0.033906303
1.0000569,0.00038595937,0,0.0020313936,234.6251361302269,780.6541093097151,1444,9279.673,3.440592,715.19073,0.24007268,12031.774,4.643512,0,,,,,234.6251361302269,0.00040664466,780.6541093097151,0.0003916701,0.028217928,-0.03382736
1.0000951,0.00038573574,0,0.002032321,234.62473780950654,780.6548331811564,1445,9279.991,3.4404373,714.82635,0.24044614,12032.234,4.6408215,0,,,,,234.62473780950654,0.00040616767,780.6548331811564,0.00039124367,0.028195659,-0.033683196
1.0005183,0.00038603856,0,0.0020332483,234.62453974162293,780.6554670745295,1446,9282.544,3.4407873,715.1078,0.24071811,12037.326,4.6444645,0,,,,,234.62453974162293,0.0004063177,780.6554670745295,0.00039132446,0.02767291,-0.0332097
1.0000939,0.000385834,0,0.0020341754,234.62464233733408,780.6552980821898,1447,9280.882,3.4406958,714.3948,0.24020547,12032.22,4.6420035,0,,,,,234.62464233733408,0.00040626863,780.6552980821898,0.0003913311,0.028259058,-0.033513855
0.99924546,0.0003859444,0,0.0020351023,234.62427548495688,780.654826799003,1448,9273.741,3.4400687,715.2417,0.24003541,12022.012,4.643332,0,,,,,234.62427548495688,0.00040659914,780.654826799003,0.0003916199,0.027823033,-0.033993404
1.0003134,0.00038612555,0,0.002036029,234.62566393236494,780.6531859769242,1449,9285.658,3.4411814,714.0549,0.24059197,12034.86,4.645511,0,,,,,234.62566393236494,0.00040629267,780.6531859769242,0.00039126197,0.028468195,-0.03466924
1.0004592,0.00038590896,0,0.0020369557,234.62474009893583,780.6551590374463,1450,9283.184,3.4407942,714.85284,0.2404146,12036.614,4.642905,0,,,,,234.62474009893583,0.00040631057,780.6551590374463,0.00039129943,0.02798857,-0.033309933
0.9995049,0.00038572258,0,0.0020378823,234.62470061808702,780.6558761308523,1451,9274.505,3.4400556,715.1077,0.24042386,12025.134,4.640663,0,,,,,234.62470061808702,0.00040639262,780.6558761308523,0.0003913566,0.027875511,-0.033098694
0.9997232,0.00038581993,0,0.0020388085,234.62378075226366,780.6555474265072,1452,9276.126,3.440109,714.8246,0.24026527,12027.76,4.6418343,0,,,,,234.62378075226366,0.00040641415,780.6555474265072,0.00039148828,0.02764448,-0.033207413
1.0002927,0.00038581097,0,0.0020397347,234.6229537249601,780.6561607934588,1453,9279.718,3.4404511,714.42944,0.24011397,12034.61,4.6417265,0,,,,,234.6229537249601,0.00040650138,780.6561607934588,0.0003916103,0.0278841,-0.032894354
0.9994147,0.0003857812,0,0.002040661,234.6245484943556,780.655266708261,1454,9273.604,3.439873,713.3349,0.24051258,12024.048,4.6413684,0,,,,,234.6245484943556,0.00040643034,780.655266708261,0.0003914389,0.027947813,-0.03324663
1.0000541,0.0003859316,0,0.002041587,234.62376539988725,780.656280618945,1455,9276.744,3.440292,714.8469,0.24047194,12031.741,4.643178,0,,,,,234.62376539988725,0.00040641168,780.656280618945,0.00039143022,0.02759538,-0.03250219
1.0006009,0.0003859243,0,0.0020425126,234.62450026451057,780.6558649172126,1456,9283.7,3.4408772,715.2838,0.24037486,12038.319,4.64309,0,,,,,234.62450026451057,0.00040635222,780.6558649172126,0.00039142696,0.027610028,-0.033070307
1.0004435,0.00038576,0,0.0020434381,234.6238489031628,780.6565948558813,1457,9279.338,3.4406114,716.5141,0.24074191,12036.426,4.6411133,0,,,,,234.6238489031628,0.00040646348,780.6565948558813,0.0003915865,0.02729797,-0.032174114
1.0004069,0.0003857072,0,0.0020443636,234.62478380902598,780.6560543155189,1458,9280.252,3.4405448,714.2465,0.240208,12035.985,4.6404777,0,,,,,234.62478380902598,0.00040624198,780.6560543155189,0.00039128782,0.027842635,-0.03259115
0.9998028,0.00038577046,0,0.0020452891,234.62369215170804,780.6560636712973,1459,9273.82,3.440072,714.87213,0.24069908,12028.718,4.641239,0,,,,,234.62369215170804,0.0004067097,780.6560636712973,0.00039178398,0.027571898,-0.03242954
1.0004644,0.00038590026,0,0.0020462142,234.62435211162557,780.6565292811756,1460,9279.638,3.440439,715.2074,0.24008843,12036.678,4.642801,0,,,,,234.62435211162557,0.0004064611,780.6565292811756,0.00039159352,0.027695814,-0.03250312
1.0001823,0.00038582677,0,0.0020471392,234.62365483931558,780.6555620922402,1461,9277.981,3.440253,714.66254,0.2402979,12033.282,4.6419168,0,,,,,234.62365483931558,0.0004063644,780.6555620922402,0.00039136343,0.027713485,-0.03281916
1.0002869,0.000385772,0,0.0020480643,234.62389420216167,780.6567274370367,1462,9277.222,3.4401925,713.88965,0.24024333,12034.542,4.641258,0,,,,,234.62389420216167,0.00040634925,780.6567274370367,0.00039149588,0.02755966,-0.03234874
0.99913305,0.0003856481,0,0.0020489888,234.62384972449883,780.6564366622111,1463,9269.3125,3.439553,715.09314,0.24059814,12020.659,4.639767,0,,,,,234.62384972449883,0.0004068713,780.6564366622111,0.0003919434,0.027480548,-0.03282034
1.0003936,0.00038602532,0,0.0020499136,234.62332851148489,780.6558760472958,1464,9282.142,3.4406903,713.8574,0.2405366,12035.826,4.644305,0,,,,,234.62332851148489,0.00040631663,780.6558760472958,0.00039138782,0.027651664,-0.033072557
0.99888414,0.0003857602,0,0.002050838,234.62440826929935,780.654847824286,1465,9269.884,3.4396095,713.8006,0.24064717,12017.665,4.6411157,0,,,,,234.62440826929935,0.00040647207,780.654847824286,0.0003915397,0.028099492,-0.033612043
0.9997935,0.00038577273,0,0.0020517623,234.6244480033825,780.6554144320719,1466,9274.278,3.440184,715.54675,0.24038212,12028.605,4.6412663,0,,,,,234.6244480033825,0.00040668913,780.6554144320719,0.00039177106,0.027476743,-0.03279675
0.999888,0.00038567066,0,0.0020526864,234.6244264972549,780.6559630805154,1467,9275.4795,3.4400938,714.4395,0.24041516,12029.742,4.6400385,0,,,,,234.6244264972549,0.00040656613,780.6559630805154,0.00039162536,0.027522411,-0.032632783
0.99953604,0.00038579127,0,0.0020536105,234.62403097904854,780.6554565625553,1468,9271.712,3.4398355,714.073,0.2407574,12025.508,4.6414895,0,,,,,234.62403097904854,0.00040640903,780.6554565625553,0.00039149562,0.027433602,-0.032661542
1.0010356,0.00038596126,128,0.0020545344,234.62358923228246,780.655311888147,1469,9284.326,3.441588,713.94116,0.24043465,12043.549,4.6435347,128,,,,,234.62358923228246,0.00040616805,780.655311888147,0.00039118863,0.027260287,-0.032435935
1.0001311,0.00038577404,0,0.002055458,234.62411222359592,780.6556579541714,1470,9278.033,3.4404304,714.50024,0.24042375,12032.668,4.641282,0,,,,,234.62411222359592,0.00040650895,780.6556579541714,0.00039149856,0.027255043,-0.032890033
1.0004472,0.0003859047,0,0.0020563817,234.62399607006842,780.65659872955,1471,9278.442,3.4403913,714.32385,0.2402826,12036.47,4.642854,0,,,,,234.62399607006842,0.00040632792,780.65659872955,0.00039138048,0.027020805,-0.032306712
1.0004183,0.00038591248,0,0.002057305,234.62307887530085,780.6565866173514,1472,9280.151,3.4404728,713.7466,0.24022882,12036.122,4.6429477,0,,,,,234.62307887530085,0.00040603982,780.6565866173514,0.00039112684,0.027274895,-0.032691635
0.99981207,0.0003859359,0,0.0020582282,234.623017424021,780.6568417331724,1473,9271.998,3.4398897,714.8289,0.24054688,12028.829,4.6432295,0,,,,,234.623017424021,0.0004065546,780.6568417331724,0.00039164064,0.026575338,-0.032070424
1.0002815,0.0003859064,0,0.0020591514,234.6234136624896,780.6558810021761,1474,9278.178,3.4403138,713.43695,0.24074425,12034.476,4.6428747,0,,,,,234.6234136624896,0.00040632463,780.6558810021761,0.00039137522,0.026737783,-0.032477833
1.0001814,0.00038585305,0,0.0020600744,234.62260142389317,780.6558571239623,1475,9275.423,3.4400558,713.5171,0.24056043,12033.273,4.642233,0,,,,,234.62260142389317,0.00040626104,780.6558571239623,0.0003913739,0.026822131,-0.032307923
0.9996718,0.0003856934,0,0.0020609973,234.6233035622514,780.6564194372592,1476,9271.455,3.4395766,713.8363,0.24020909,12027.142,4.6403117,0,,,,,234.6233035622514,0.0004065786,780.6564194372592,0.00039162798,0.02638223,-0.032353655
0.9999311,0.00038593926,0,0.00206192,234.6233434130786,780.6563586733841,1477,9273.762,3.4398494,715.0679,0.24025576,12030.261,4.64327,0,,,,,234.6233434130786,0.00040653243,780.6563586733841,0.00039164477,0.02636046,-0.03214664
1.0002807,0.0003860296,0,0.0020628425,234.62307428580363,780.6565169320187,1478,9275.991,3.4400756,713.66364,0.23996633,12034.467,4.6443567,0,,,,,234.62307428580363,0.00040636133,780.6565169320187,0.0003914373,0.026276506,-0.03203793
1.0001879,0.00038571953,0,0.002063765,234.62233203194666,780.6562964176765,1479,9275.923,3.4400678,714.1834,0.24024838,12033.35,4.6406264,0,,,,,234.62233203194666,0.0004063642,780.6562964176765,0.00039150895,0.026545782,-0.031965174
0.9998611,0.00038579298,0,0.0020646872,234.62226587588464,780.6572376563993,1480,9271.311,3.4395976,712.65216,0.24037136,12029.419,4.64151,0,,,,,234.62226587588464,0.00040666945,780.6572376563993,0.00039178407,0.025948964,-0.03173208
0.9998784,0.00038583562,0,0.0020656092,234.6226416484203,780.6566711113439,1481,9273.415,3.439754,713.099,0.24044997,12029.627,4.642023,0,,,,,234.6226416484203,0.00040642224,780.6566711113439,0.00039156282,0.026401179,-0.03206034
1.0002264,0.00038598746,0,0.0020665312,234.621958185561,780.6569240558737,1482,9274.38,3.4398572,713.8642,0.24023871,12033.813,4.64385,0,,,,,234.621958185561,0.00040628316,780.6569240558737,0.00039135633,0.02581623,-0.031576235
0.99982834,0.00038571414,0,0.002067453,234.6232460179464,780.6564481780067,1483,9271.86,3.4397016,713.84125,0.24015062,12029.024,4.6405616,0,,,,,234.6232460179464,0.00040644594,780.6564481780067,0.00039151465,0.026416132,-0.031785745
1.0000441,0.0003859074,0,0.0020683748,234.62239804390953,780.6569140277157,1484,9272.735,3.4397264,713.6071,0.24011564,12031.621,4.6428866,0,,,,,234.62239804390953,0.0004062742,780.6569140277157,0.00039136418,0.025814617,-0.03169072
1.0004965,0.0003859609,8192,0.002069296,234.6220209469477,780.6569657166874,1485,9277.588,3.440185,713.1177,0.24061517,12037.063,4.6435304,8192,,,,,234.6220209469477,0.00040621392,780.6569657166874,0.00039134934,0.02579846,-0.03163269
1.0001438,0.00038568114,0,0.0020702176,234.62235170618797,780.6573061459014,1486,9274.032,3.4398594,713.6179,0.2401348,12032.819,4.6401644,0,,,,,234.62235170618797,0.00040648977,780.6573061459014,0.0003916314,0.026030615,-0.03161558
1.0008012,0.0003859901,0,0.0020711387,234.62138705303283,780.6568343033355,1487,9279.098,3.4402368,713.4324,0.24046898,12040.729,4.643882,0,,,,,234.62138705303283,0.00040622757,780.6568343033355,0.00039132856,0.025498675,-0.03170224
0.9999174,0.00038593923,0,0.0020720598,234.6227861405336,780.656687165357,1488,9272.661,3.439857,713.4541,0.24046867,12030.096,4.6432695,0,,,,,234.6227861405336,0.0004063145,780.656687165357,0.00039141744,0.025937993,-0.0318122
0.9998917,0.00038578798,0,0.0020729806,234.62241515586152,780.6569749783694,1489,9270.07,3.4394634,713.4318,0.24007738,12029.787,4.64145,0,,,,,234.62241515586152,0.00040634285,780.6569749783694,0.00039147452,0.02576999,-0.031398937
0.99958813,0.0003858723,0,0.0020739015,234.62242972418568,780.6565274754851,1490,9269.691,3.4394803,713.92194,0.24009581,12026.135,4.642464,0,,,,,234.62242972418568,0.000406589,780.6565274754851,0.00039172484,0.025773056,-0.03186501
0.99992895,0.00038591237,0,0.002074822,234.6223169299786,780.6574717817,1491,9270.841,3.4395404,714.073,0.24021778,12030.235,4.6429462,0,,,,,234.6223169299786,0.0004064677,780.6574717817,0.0003915891,0.025331844,-0.03146406
1.000165,0.00038573693,0,0.0020757425,234.62155066119826,780.6567388615742,1492,9273.968,3.4399278,712.68274,0.24066111,12033.074,4.640836,0,,,,,234.62155066119826,0.0004062632,780.6567388615742,0.0003913749,0.025159234,-0.031549767
0.99972004,0.00038604857,0,0.0020766628,234.62140319091606,780.6571267575134,1493,9269.399,3.439446,713.3485,0.24040218,12027.722,4.644585,0,,,,,234.62140319091606,0.00040659064,780.6571267575134,0.00039171294,0.025138928,-0.03119391
1.0002192,0.00038587864,0,0.002077583,234.621463552767,780.6578420847309,1494,9273.51,3.4398851,713.4236,0.2407269,12033.728,4.6425405,0,,,,,234.621463552767,0.00040661707,780.6578420847309,0.0003917315,0.025290718,-0.031171797
0.999738,0.00038574185,0,0.002078503,234.62283205954412,780.6564633500839,1495,9269.866,3.4395063,714.1008,0.24011682,12027.9375,4.640895,0,,,,,234.62283205954412,0.000406381,780.6564633500839,0.00039154536,0.025558483,-0.031648874
1.000187,0.0003857782,0,0.0020794228,234.62096299047073,780.6569429026179,1496,9272.601,3.439767,713.44727,0.24013588,12033.34,4.641332,0,,,,,234.62096299047073,0.00040638645,780.6569429026179,0.00039148144,0.02479981,-0.031160984
1.0002137,0.00038585727,0,0.0020803425,234.62198722792112,780.6572273126005,1497,9274.381,3.4398446,713.75305,0.24035482,12033.662,4.6422834,0,,,,,234.62198722792112,0.00040642836,780.6572273126005,0.00039156966,0.025058271,-0.031343237
1.0004135,0.00038591196,0,0.0020812622,234.62114259503664,780.6574926549881,1498,9274.319,3.439937,713.6132,0.24046476,12036.064,4.6429415,0,,,,,234.62114259503664,0.00040621663,780.6574926549881,0.00039133197,0.024411274,-0.030734526
1.0000199,0.0003857832,0,0.0020821816,234.62074927599787,780.6570520974843,1499,9272.891,3.4397082,712.2364,0.24074593,12031.329,4.641392,0,,,,,234.62074927599787,0.00040612242,780.6570520974843,0.0003912846,0.024470268,-0.030953139
0.9994346,0.00038567773,0,0.0020831008,234.62148223516192,780.6573591427118,1500,9265.56,3.4390864,713.9499,0.24027593,12024.287,4.6401234,0,,,,,234.62148223516192,0.00040655088,780.6573591427118,0.00039175394,0.02405358,-0.03044677
0.99972445,0.00038562613,0,0.0020840198,234.6206892546079,780.6575346431155,1501,9269.561,3.4393866,712.8,0.24093795,12027.774,4.6395025,0,,,,,234.6206892546079,0.00040642856,780.6575346431155,0.00039164376,0.023723336,-0.030496137
0.99992776,0.0003855806,0,0.0020849388,234.62070958295266,780.6570163939244,1502,9270.693,3.4395082,713.2364,0.24031055,12030.221,4.638955,0,,,,,234.62070958295266,0.0004064304,780.6570163939244,0.00039150953,0.023706505,-0.030377602
1.0002434,0.00038552107,0,0.0020858576,234.6201168151456,780.6573990552073,1503,9272.807,3.439744,713.2025,0.24027319,12034.019,4.6382384,0,,,,,234.6201168151456,0.00040637777,780.6573990552073,0.0003915978,0.023233226,-0.030323835
1.0007782,0.00038549173,0,0.0020867763,234.61943559012656,780.6569796860638,1504,9278.58,3.440189,713.2328,0.24023454,12040.453,4.6378856,0,,,,,234.61943559012656,0.00040598345,780.6569796860638,0.00039123037,0.023077816,-0.030607602
1.0001138,0.0003852664,0,0.0020876948,234.62007420524782,780.6577160420445,1505,9271.948,3.4397476,712.74066,0.24043569,12032.459,4.6351748,0,,,,,234.62007420524782,0.00040644352,780.6577160420445,0.00039166873,0.022823561,-0.030346213
1.0004836,0.00038533338,0,0.002088613,234.61977288518136,780.658083438017,1506,9277.035,3.4400868,712.2713,0.24074654,12036.909,4.6359806,0,,,,,234.61977288518136,0.00040629567,780.658083438017,0.0003915463,0.023110867,-0.030484254
0.9999672,0.000385382,0,0.0020895314,234.61948006207163,780.6576680364303,1507,9270.362,3.439518,712.7033,0.2404228,12030.695,4.6365657,0,,,,,234.61948006207163,0.00040629966,780.6576680364303,0.00039151136,0.022760598,-0.030071778
1.0003409,0.00038524444,0,0.0020904494,234.6203379922283,780.6581214806613,1508,9275.166,3.4398897,712.0093,0.24106698,12035.192,4.6349106,0,,,,,234.6203379922283,0.00040611502,780.6581214806613,0.00039135147,0.02329739,-0.030425034
1.0004333,0.00038558696,0,0.0020913673,234.62054196767716,780.6581409124208,1509,9274.456,3.4399238,712.3651,0.24062812,12036.303,4.6390314,0,,,,,234.62054196767716,0.0004061567,780.6581409124208,0.00039133336,0.023014773,-0.029975092
1.0004661,0.0003854425,0,0.002092285,234.6198896552032,780.6573060839268,1510,9275.94,3.4399786,713.1817,0.24068156,12036.698,4.6372933,0,,,,,234.6198896552032,0.000406121,780.6573060839268,0.0003913329,0.023099557,-0.03043291
0.9994306,0.00038509775,0,0.0020932027,234.62078860817394,780.6575236285694,1511,9265.879,3.438998,712.0844,0.24074404,12024.239,4.633146,0,,,,,234.62078860817394,0.00040647268,780.6575236285694,0.00039164387,0.023006085,-0.030720556
1.00001,0.00038561874,0,0.0020941203,234.62099410260583,780.6566973205931,1512,9270.384,3.4394624,713.1373,0.24005546,12031.211,4.639414,0,,,,,234.62099410260583,0.00040642294,780.6566973205931,0.00039161823,0.023457207,-0.030769078
1.0005014,0.0003857853,0,0.0020950374,234.6204165807152,780.6571860619013,1513,9276.069,3.4400833,712.71545,0.2403958,12037.122,4.6414175,0,,,,,234.6204165807152,0.00040614285,780.6571860619013,0.00039131296,0.023854919,-0.030860588
1.0002571,0.0003856189,0,0.0020959545,234.62081892420423,780.6577531409812,1514,9272.052,3.439589,713.10254,0.24050204,12034.184,4.6394157,0,,,,,234.62081892420423,0.00040643732,780.6577531409812,0.00039160872,0.023729999,-0.030803679
1.0000353,0.00038578303,0,0.0020968716,234.62079838016757,780.6569346002047,1515,9271.758,3.4395392,712.2745,0.24040326,12031.514,4.6413903,0,,,,,234.62079838016757,0.0004063397,780.6569346002047,0.0003915372,0.024292814,-0.031133395
1.000301,0.00038561012,0,0.0020977885,234.61926564676287,780.6582487808225,1516,9272.173,3.4395328,712.17755,0.24015544,12034.711,4.63931,0,,,,,234.61926564676287,0.0004062701,780.6582487808225,0.00039151413,0.02393916,-0.03054813
1.0000725,0.00038560195,8192,0.0020987052,234.62113055335283,780.6575762689963,1517,9272.198,3.4394848,712.50494,0.24031806,12031.962,4.6392117,8192,,,,,234.62113055335283,0.00040648854,780.6575762689963,0.00039164064,0.024132779,-0.030801097
1.000753,0.00038587628,0,0.0020996216,234.6204081428528,780.6575123000705,1518,9276.441,3.4399576,712.37366,0.24032813,12040.149,4.6425123,0,,,,,234.6204081428528,0.00040614107,780.6575123000705,0.00039131384,0.024124594,-0.030755084
1.0001569,0.00038556024,0,0.002100538,234.62034454155162,780.6567551057658,1519,9272.241,3.4396732,712.5436,0.24059545,12032.977,4.63871,0,,,,,234.62034454155162,0.00040632245,780.6567551057658,0.00039148604,0.023773232,-0.030884463
0.9997398,0.00038536376,0,0.0021014542,234.6205566585898,780.6571597166517,1520,9267.76,3.4392335,712.40875,0.24049366,12027.96,4.636346,0,,,,,234.6205566585898,0.00040652367,780.6571597166517,0.0003917214,0.024077639,-0.030732082
0.99964124,0.0003855156,0,0.0021023704,234.621138284067,780.6583047779146,1521,9266.356,3.4389691,712.93915,0.24029128,12026.773,4.6381726,0,,,,,234.621138284067,0.00040649396,780.6583047779146,0.0003916914,0.024032684,-0.030279474
1.0000191,0.0003856698,0,0.0021032863,234.62011799573105,780.6578582362225,1522,9270.465,3.4395018,712.79517,0.24018037,12031.319,4.640028,0,,,,,234.62011799573105,0.00040631645,780.6578582362225,0.00039152647,0.024185477,-0.030511111
0.9999366,0.00038567677,0,0.002104202,234.62011645133154,780.6580450694805,1523,9268.29,3.4392722,712.2208,0.24057914,12030.327,4.640112,0,,,,,234.62011645133154,0.00040628755,780.6580450694805,0.00039146055,0.02397739,-0.030456332
0.9999944,0.00038540838,0,0.0021051178,234.62035110398617,780.6579195540999,1524,9271.34,3.439627,712.59875,0.24023059,12031.022,4.636883,0,,,,,234.62035110398617,0.00040619232,780.6579195540999,0.0003914014,0.023569966,-0.030688317
1.0000808,0.00038553152,0,0.0021060333,234.6194823632527,780.657089162165,1525,9269.685,3.4394455,713.00146,0.2404166,12032.0625,4.6383643,0,,,,,234.6194823632527,0.0004061483,780.657089162165,0.00039139483,0.023517298,-0.030572293
1.0009736,0.00038559147,0,0.0021069485,234.62135713440486,780.6585998562671,1526,9279.028,3.4402554,712.321,0.24032158,12042.803,4.639086,0,,,,,234.62135713440486,0.00040607635,780.6585998562671,0.00039131672,0.024085088,-0.030796465
1.0002551,0.00038523422,0,0.0021078638,234.6203490680694,780.6581405019406,1527,9271.077,3.4394386,712.7368,0.2401871,12034.159,4.6347876,0,,,,,234.6203490680694,0.00040622347,780.6581405019406,0.00039141497,0.023414921,-0.030470021
1.0001638,0.00038542412,0,0.0021087786,234.62047228487398,780.6577060245929,1528,9271.282,3.4394417,712.6891,0.24026036,12033.061,4.637072,0,,,,,234.62047228487398,0.00040640286,780.6577060245929,0.00039162152,0.023784287,-0.030446524
0.9998117,0.00038504656,0,0.0021096936,234.61980098094432,780.6581805901003,1529,9267.917,3.4392428,712.3067,0.24040028,12028.824,4.6325297,0,,,,,234.61980098094432,0.00040617454,780.6581805901003,0.0003914355,0.023063755,-0.030503394
0.99949884,0.0003854128,0,0.0021106082,234.61926257659644,780.657987563181,1530,9264.728,3.439026,712.6933,0.24061786,12025.061,4.636936,0,,,,,234.61926257659644,0.00040637178,780.657987563181,0.00039165636,0.023435252,-0.030256428
0.9995378,0.00038542462,0,0.0021115227,234.62020383021695,780.6578002809129,1531,9265.711,3.4389677,711.64966,0.24054122,12025.529,4.6370783,0,,,,,234.62020383021695,0.0004064334,780.6578002809129,0.0003916941,0.023322517,-0.030096361
1.0006086,0.00038541536,0,0.0021124373,234.62082356326658,780.6572203617332,1532,9273.597,3.4396517,711.4414,0.2407505,12038.412,4.6369667,0,,,,,234.62082356326658,0.00040617096,780.6572203617332,0.00039136966,0.023699893,-0.030395733
1.0001782,0.0003851478,0,0.0021133514,234.62026818600197,780.6574725339615,1533,9271.031,3.4395142,712.6314,0.24001276,12033.234,4.633748,0,,,,,234.62026818600197,0.00040627556,780.6574725339615,0.00039147542,0.023296017,-0.030173624
0.9997504,0.00038546213,0,0.0021142655,234.61996358998942,780.6582700732988,1534,9265.87,3.4390256,713.07983,0.23992589,12028.087,4.6375294,0,,,,,234.61996358998942,0.00040649812,780.6582700732988,0.00039174347,0.023373423,-0.03000123
1.0009024,0.00038546827,0,0.0021151796,234.62020391302775,780.6576551747012,1535,9278.007,3.4400213,711.7958,0.2401637,12041.947,4.6376033,0,,,,,234.62020391302775,0.00040610123,780.6576551747012,0.0003912935,0.023572825,-0.030233335
1.0002131,0.0003854465,0,0.0021160932,234.62036030469645,780.658196094925,1536,9269.754,3.439303,711.899,0.24027848,12033.654,4.6373415,0,,,,,234.62036030469645,0.00040615155,780.658196094925,0.000391396,0.023248313,-0.029537128
0.99986964,0.0003855738,0,0.0021170068,234.62006835609645,780.6580079063501,1537,9268.131,3.4392655,712.10767,0.23996165,12029.521,4.638873,0,,,,,234.62006835609645,0.00040655554,780.6580079063501,0.00039182283,0.023461321,-0.029652767
1.0004686,0.00038561336,0,0.0021188336,234.61953944273267,780.6583977326594,1539,9272.321,3.439548,711.52954,0.24056332,12036.728,4.639349,0,,,,,234.61953944273267,0.0004061367,780.6583977326594,0.00039136395,0.023243817,-0.029428273
0.99981296,0.00038550387,0,0.002119747,234.61975562994877,780.6578240446053,1540,9265.725,3.4388778,711.2396,0.24041313,12028.84,4.6380315,0,,,,,234.61975562994877,0.00040628432,780.6578240446053,0.00039149655,0.023359587,-0.029192196
1.0001314,0.00038566967,0,0.00212066,234.6189993905331,780.6588306835215,1541,9267.768,3.439115,712.2375,0.240142,12032.67,4.6400266,0,,,,,234.6189993905331,0.000406325,780.6588306835215,0.00039158572,0.02281785,-0.029411998
1.0009887,0.00038566033,0,0.0021215728,234.61985172608783,780.6577413058528,1542,9277.29,3.4400268,711.6596,0.24020216,12042.985,4.639914,0,,,,,234.61985172608783,0.00040615178,780.6577413058528,0.00039139646,0.023129195,-0.029604584
1.0005139,0.0003850871,0,0.0021224855,234.61905645861754,780.6580215935796,1543,9274.084,3.4398303,711.8011,0.24025162,12037.273,4.6330175,0,,,,,234.61905645861754,0.00040635708,780.6580215935796,0.00039160208,0.022825519,-0.02996381
1.0002501,0.0003852091,0,0.002123398,234.61930793260268,780.6580156594848,1544,9273.817,3.4395854,710.7331,0.2406383,12034.099,4.6344852,0,,,,,234.61930793260268,0.00040604413,780.6580156594848,0.00039131474,0.02335362,-0.030432632
1.0004411,0.00038554828,0,0.0021243105,234.61992971918414,780.6586679852464,1545,9270.454,3.439391,712.50555,0.24038094,12036.396,4.638566,0,,,,,234.61992971918414,0.00040635513,780.6586679852464,0.00039163372,0.02318276,-0.028907103
1.0001669,0.0003855506,0,0.0021252227,234.62036782349168,780.6576974808761,1546,9269.212,3.4392164,711.3554,0.2399688,12033.098,4.638594,0,,,,,234.62036782349168,0.0004062041,780.6576974808761,0.00039140927,0.023403207,-0.02903907
1.000315,0.00038562572,0,0.0021261347,234.61998786458656,780.6584753566466,1547,9268.683,3.4391787,711.72156,0.24019995,12034.879,4.6394978,0,,,,,234.61998786458656,0.0004063314,780.6584753566466,0.00039157775,0.023012418,-0.028730072
1.0000039,0.00038566175,0,0.0021270467,234.61993771609596,780.6582988284213,1548,9266.495,3.438962,712.14465,0.24030454,12031.137,4.639931,0,,,,,234.61993771609596,0.00040640245,780.6582988284213,0.00039164076,0.022904709,-0.028934415
1.000439,0.0003854979,0,0.0021279585,234.61918344708513,780.6590894940452,1549,9270.004,3.4392772,711.38855,0.240643,12036.372,4.63796,0,,,,,234.61918344708513,0.00040620827,780.6590894940452,0.00039149367,0.022596,-0.028941527
0.99950457,0.00038543734,0,0.00212887,234.61931197626248,780.6578027849756,1550,9260.795,3.4384723,711.7866,0.24038656,12025.129,4.6372313,0,,,,,234.61931197626248,0.0004063484,780.6578027849756,0.0003916001,0.022379339,-0.028977834
1.000199,0.0003853146,0,0.0021297815,234.61985336275902,780.6582295313243,1551,9269.166,3.4392116,712.6862,0.24015997,12033.483,4.6357546,0,,,,,234.61985336275902,0.00040644768,780.6582295313243,0.00039168872,0.022292646,-0.02968497
1.0006201,0.00038524912,0,0.0021306928,234.61983315473628,780.6575744733523,1552,9273.9375,3.4396212,712.4948,0.23997654,12038.551,4.634967,0,,,,,234.61983315473628,0.00040612146,780.6575744733523,0.0003913522,0.022520188,-0.02984598
1.0003793,0.00038534755,0,0.0021316041,234.6202729422209,780.6579850158321,1553,9274.006,3.4396112,711.66284,0.2401841,12035.653,4.636151,0,,,,,234.6202729422209,0.00040609884,780.6579850158321,0.00039129233,0.023057142,-0.029926924
0.99972045,0.00038510517,0,0.002132515,234.61883496819067,780.6585218723328,1554,9262.804,3.4386196,712.6226,0.23998412,12027.727,4.633235,0,,,,,234.61883496819067,0.00040634917,780.6585218723328,0.00039165435,0.022237683,-0.028955527
1.0004486,0.0003854727,0,0.0021334258,234.6191588737426,780.6585716857251,1555,9270.568,3.4393866,712.5712,0.2400708,12036.486,4.6376567,0,,,,,234.6191588737426,0.00040639497,780.6585716857251,0.0003916781,0.022533568,-0.02898061
0.99962586,0.00038518832,0,0.0021343366,234.6202834994921,780.6592683212903,1556,9260.3,3.438437,712.9324,0.24005094,12026.589,4.6342354,0,,,,,234.6202834994921,0.000406717,780.6592683212903,0.00039200173,0.021976294,-0.028363507
0.99997944,0.00038537232,0,0.002135247,234.61895255545383,780.6585698181359,1557,9263.981,3.4388392,711.80646,0.24020375,12030.843,4.636449,0,,,,,234.61895255545383,0.0004065351,780.6585698181359,0.00039181765,0.02236561,-0.028504685
1.0007142,0.00038560064,0,0.0021361574,234.61877791788697,780.6590066608205,1558,9269.632,3.4392297,711.4341,0.24032353,12039.683,4.639196,0,,,,,234.61877791788697,0.00040584774,780.6590066608205,0.0003912336,0.022158334,-0.028168645
0.9999365,0.00038551455,0,0.0021370677,234.61945344398976,780.6591393688525,1559,9262.358,3.4385295,712.483,0.24019894,12030.326,4.63816,0,,,,,234.61945344398976,0.00040625193,780.6591393688525,0.0003915206,0.021900874,-0.027928844
0.99944896,0.00038514577,0,0.0021379779,234.6193193458451,780.65915578047,1560,9259.454,3.4383323,711.7238,0.24015985,12024.46,4.6337233,0,,,,,234.6193193458451,0.0004064301,780.65915578047,0.0003916671,0.021876626,-0.028439496
1.0005852,0.000385007,0,0.0021388878,234.61833803700029,780.6593112438743,1561,9271.115,3.4394426,712.35645,0.24020736,12038.13,4.632054,0,,,,,234.61833803700029,0.00040619902,780.6593112438743,0.0003915133,0.021898972,-0.028923254
1.0005206,0.00038561915,0,0.0021397974,234.61890717029405,780.6588015021966,1562,9272.996,3.4395473,711.0512,0.24042338,12037.353,4.6394186,0,,,,,234.61890717029405,0.00040610487,780.6588015021966,0.00039140115,0.022516778,-0.02899434
0.99965376,0.00038541603,0,0.002140707,234.61836188367192,780.659578209855,1563,9259.928,3.438413,711.82117,0.2400841,12026.924,4.636975,0,,,,,234.61836188367192,0.00040658642,780.659578209855,0.0003919231,0.022086788,-0.027720705
1.0002184,0.00038569132,0,0.0021416165,234.61924628425447,780.6598531318863,1564,9265.777,3.438765,712.21924,0.24004737,12033.718,4.640287,0,,,,,234.61924628425447,0.00040635985,780.6598531318863,0.00039164428,0.022474231,-0.027663935
1.0004029,0.00038571173,0,0.0021425257,234.61843413222238,780.6606277876259,1565,9264.929,3.4387388,711.00867,0.24049786,12035.9375,4.6405325,0,,,,,234.61843413222238,0.00040643732,780.6606277876259,0.00039176637,0.022255367,-0.027142113
1.0009323,0.0003856946,0,0.002143435,234.6180952217796,780.6596136893444,1566,9270.437,3.4392538,710.6972,0.24047379,12042.307,4.6403265,0,,,,,234.6180952217796,0.00040626165,780.6596136893444,0.0003916064,0.022300951,-0.027497286
0.99995965,0.00038561947,0,0.002144344,234.61816293846942,780.6606833942967,1567,9260.84,3.4385571,710.9201,0.2404694,12030.6045,4.6394224,0,,,,,234.61816293846942,0.00040639253,780.6606833942967,0.00039171538,0.021913737,-0.026992626
0.9992219,0.00038582477,0,0.0021452527,234.61856194738158,780.6601624872039,1568,9253.484,3.437797,711.89685,0.24024658,12021.729,4.6418924,0,,,,,234.61856194738158,0.0004065296,780.6601624872039,0.00039190563,0.022051688,-0.026914
0.99968755,0.00038564217,0,0.0021461614,234.61835565092548,780.6602533121302,1569,9257.653,3.4381142,712.1341,0.23996228,12027.331,4.6396956,0,,,,,234.61835565092548,0.0004064037,780.6602533121302,0.00039172577,0.022080565,-0.026802953
1.000073,0.0003856162,0,0.00214707,234.61921121624408,780.660301541476,1570,9262.6,3.4385273,710.97943,0.24022777,12031.968,4.6393833,0,,,,,234.61921121624408,0.0004062885,780.660301541476,0.00039155938,0.021959381,-0.027532676
1.0003251,0.00038555745,0,0.0021479782,234.61881335440285,780.6591974356276,1571,9268.26,3.4392676,711.18585,0.24015439,12035.001,4.638676,0,,,,,234.61881335440285,0.00040629524,780.6591974356276,0.00039163293,0.022031877,-0.028182406
1.0001621,0.00038561935,0,0.0021488864,234.6187799583539,780.6599558947615,1572,9262.871,3.4386814,711.3488,0.24033387,12033.041,4.639421,0,,,,,234.6187799583539,0.00040647978,780.6599558947615,0.00039181032,0.021912495,-0.027358318
0.99983597,0.0003856419,0,0.0021497945,234.619376241208,780.6603672428946,1573,9260.626,3.438363,711.8108,0.24036656,12029.116,4.6396923,0,,,,,234.619376241208,0.00040673313,780.6603672428946,0.00039204868,0.022224462,-0.027534105
1.0001526,0.00038554354,0,0.0021507023,234.61994954613425,780.6604616634617,1574,9260.579,3.4382067,710.58606,0.24035485,12032.926,4.638509,0,,,,,234.61994954613425,0.00040620152,780.6604616634617,0.00039157452,0.02163431,-0.026934355
0.9999056,0.00038582063,0,0.0021516099,234.61922226429928,780.6602862034872,1575,9259.293,3.438258,711.6485,0.24035254,12029.954,4.641843,0,,,,,234.61922226429928,0.0004062496,780.6602862034872,0.00039161122,0.021980753,-0.026517067
1.0003704,0.00038572616,0,0.0021525174,234.6176427161408,780.661463824171,1576,9260.963,3.4383342,712.00275,0.24004139,12035.546,4.640706,0,,,,,234.6176427161408,0.00040657786,780.661463824171,0.00039198276,0.021654665,-0.02602604
0.99988174,0.00038573606,0,0.002153425,234.6188947567743,780.6608192287359,1577,9257.71,3.4380887,711.7729,0.24036413,12029.667,4.6408253,0,,,,,234.6188947567743,0.00040645592,780.6608192287359,0.00039180694,0.021788355,-0.026261006
0.99979925,0.00038570733,0,0.0021543321,234.61831767150733,780.6609888111776,1578,9256.374,3.4379437,710.6476,0.24016961,12028.675,4.6404796,0,,,,,234.61831767150733,0.0004064679,780.6609888111776,0.00039178933,0.021547114,-0.026213637
1.000097,0.00038564982,0,0.0021552392,234.61849011833277,780.6612222505297,1579,9258.753,3.4382112,711.403,0.23993142,12032.258,4.6397877,0,,,,,234.61849011833277,0.0004063113,780.6612222505297,0.00039167254,0.021475624,-0.026317125
1.0001307,0.00038546478,0,0.002156146,234.61776479426175,780.6606062858591,1580,9263.044,3.438642,711.1377,0.24070412,12032.662,4.6375613,0,,,,,234.61776479426175,0.00040631057,780.6606062858591,0.0003916801,0.021389963,-0.026824595
0.9999266,0.00038526178,0,0.002157053,234.61871527453295,780.6597827857041,1581,9261.357,3.4383776,712.0642,0.23996165,12030.207,4.635119,0,,,,,234.61871527453295,0.00040621185,780.6597827857041,0.0003914903,0.02106778,-0.026997933
0.9995614,0.00038545066,0,0.0021579596,234.6182534450228,780.6607702691765,1582,9256.921,3.4381993,711.2957,0.24056883,12025.813,4.6373916,0,,,,,234.6182534450228,0.00040661485,780.6607702691765,0.00039192216,0.020856263,-0.026501844
1.0007001,0.0003857508,0,0.002158866,234.6173467945174,780.6616961867317,1583,9263.316,3.4386394,711.42834,0.2401025,12039.513,4.6410027,0,,,,,234.6173467945174,0.000406331,780.6616961867317,0.0003917383,0.020783268,-0.025157446
1.0008156,0.00038554633,0,0.0021597722,234.6177582925551,780.6615381982674,1584,9265.557,3.4386916,711.25165,0.2402941,12040.903,4.6385427,0,,,,,234.6177582925551,0.00040624366,780.6615381982674,0.00039165223,0.020796066,-0.025193665
0.99987346,0.0003854599,0,0.0021606784,234.61693765150423,780.6619780448373,1585,9254.627,3.4377935,711.7516,0.24005878,12029.567,4.6375027,0,,,,,234.61693765150423,0.00040669952,780.6619780448373,0.0003921158,0.020208534,-0.024651572
1.0000813,0.00038555087,0,0.0021615843,234.61771126835603,780.6615830044632,1586,9257.977,3.438216,711.4332,0.23987223,12032.067,4.638597,0,,,,,234.61771126835603,0.00040648834,780.6615830044632,0.00039191885,0.020733189,-0.02504343
0.9999767,0.0003856188,0,0.0021624903,234.61751249085341,780.6620500653685,1587,9254.894,3.437869,710.96674,0.24041602,12030.81,4.6394143,0,,,,,234.61751249085341,0.00040645033,780.6620500653685,0.0003918744,0.020285739,-0.024343478
0.9996731,0.00038548472,0,0.0021633958,234.61826144178207,780.6620244728707,1588,9252.968,3.4376285,710.29114,0.24045171,12027.157,4.637801,0,,,,,234.61826144178207,0.00040639626,780.6620244728707,0.0003918062,0.020189216,-0.024492282
1.0002265,0.00038546932,0,0.0021643015,234.61711847817344,780.6620387105686,1589,9257.129,3.4380715,711.0876,0.24034181,12033.815,4.637616,0,,,,,234.61711847817344,0.0004065074,780.6620387105686,0.00039190418,0.020133229,-0.024356415
1.0005422,0.00038573594,0,0.0021652067,234.61766016295567,780.6614222383953,1590,9261.104,3.4383965,710.2895,0.24030815,12037.612,4.640824,0,,,,,234.61766016295567,0.00040644224,780.6614222383953,0.00039188477,0.020319909,-0.024319537
1.0007317,0.0003855613,0,0.002166112,234.61665451578054,780.6614445105438,1591,9266.396,3.4388201,710.3707,0.24056277,12039.894,4.6387224,0,,,,,234.61665451578054,0.00040615475,780.6614445105438,0.00039156838,0.020615209,-0.025463453
1.0000509,0.0003854474,0,0.002167017,234.61744879212824,780.6617487131082,1592,9257.337,3.4381275,710.58704,0.24058853,12031.702,4.6373525,0,,,,,234.61744879212824,0.00040634465,780.6617487131082,0.0003918176,0.020260083,-0.02461578
0.99937886,0.0003855643,0,0.0021679217,234.61746655309702,780.6620674516291,1593,9251.694,3.4376156,711.7212,0.24024099,12023.617,4.6387587,0,,,,,234.61746655309702,0.0004065796,780.6620674516291,0.00039198474,0.020551147,-0.024842603
0.99922943,0.00038563294,0,0.0021688265,234.61673872097123,780.6628040685043,1594,9247.38,3.437206,711.04724,0.24046819,12021.819,4.6395845,0,,,,,234.61673872097123,0.00040669332,780.6628040685043,0.0003921231,0.020275814,-0.024279596
0.9999876,0.0003857807,0,0.002169731,234.61811535977006,780.661682084437,1595,9255.542,3.4378276,710.9073,0.24049501,12030.94,4.641362,0,,,,,234.61811535977006,0.00040625958,780.661682084437,0.0003916512,0.020882636,-0.024845429
0.99985635,0.00038565265,0,0.0021706354,234.61771091542283,780.6620638569132,1596,9251.875,3.437582,710.7092,0.2404995,12029.361,4.6398215,0,,,,,234.61771091542283,0.00040650237,780.6620638569132,0.00039198864,0.02075349,-0.024465276
0.9999711,0.00038553917,0,0.0021715397,234.61774713142603,780.6622159646824,1597,9253.735,3.437736,710.5153,0.24042547,12030.742,4.6384563,0,,,,,234.61774713142603,0.00040623776,780.6622159646824,0.00039165237,0.021267394,-0.024380866
0.99974567,0.00038556955,0,0.0021724438,234.6181216366479,780.6631986016369,1598,9249.774,3.4373128,711.1367,0.24056278,12028.03,4.638822,0,,,,,234.6181216366479,0.00040640662,780.6631986016369,0.00039187618,0.02121823,-0.023986457
1.0002288,0.0003855562,0,0.0021733476,234.618685724555,780.6626554900595,1599,9254.614,3.4378161,709.9744,0.24085763,12033.843,4.6386614,0,,,,,234.618685724555,0.00040648933,780.6626554900595,0.00039189146,0.021436872,-0.02408881
1.0006346,0.00038567898,0,0.0021742512,234.61888980478693,780.6621667615773,1600,9258.037,3.4379826,709.4143,0.24038056,12038.725,4.6401386,0,,,,,234.61888980478693,0.00040635112,780.6621667615773,0.0003918036,0.021137446,-0.024218217
1.0000567,0.00038575716,0,0.0021751549,234.61710369296225,780.6631831339073,1601,9253.477,3.4376152,710.2909,0.24031308,12031.772,4.641079,0,,,,,234.61710369296225,0.00040647478,780.6631831339073,0.00039183855,0.021057498,-0.024107931
1.0001097,0.00038574202,0,0.0021760582,234.61865074157998,780.6610417886927,1602,9257.734,3.4380753,710.33655,0.2402755,12032.409,4.640897,0,,,,,234.61865074157998,0.00040634486,780.6610417886927,0.0003917184,0.021450276,-0.025463972
0.9997055,0.00038574258,0,0.0021769616,234.6176925309083,780.6614780737555,1603,9251.951,3.437578,710.08093,0.24057512,12027.547,4.6409035,0,,,,,234.6176925309083,0.00040674023,780.6614780737555,0.00039210118,0.021405328,-0.024838353
1.000023,0.00038560948,0,0.0021778648,234.6186572350918,780.6615701624853,1604,9254.427,3.4376955,709.5512,0.24032404,12031.366,4.6393023,0,,,,,234.6186572350918,0.00040641456,780.6615701624853,0.00039184908,0.021478752,-0.024853159
0.99949884,0.00038564295,0,0.0021787677,234.6178962013172,780.6616676014423,1605,9247.037,3.4370143,710.7249,0.23991485,12025.061,4.639705,0,,,,,234.6178962013172,0.00040661992,780.6616676014423,0.0003920302,0.020973213,-0.024221191
1.0003164,0.00038572046,0,0.0021796704,234.61853965582358,780.6616809083384,1606,9256.017,3.4379048,711.16626,0.24028283,12034.896,4.6406374,0,,,,,234.61853965582358,0.00040631136,780.6616809083384,0.00039180793,0.021247426,-0.024409864
0.99965245,0.0003856844,0,0.002180573,234.6181451025277,780.662808252947,1607,9247.874,3.4370253,710.1206,0.24076197,12026.908,4.6402035,0,,,,,234.6181451025277,0.00040640723,780.662808252947,0.00039184347,0.020842528,-0.023814742
0.99971044,0.00038571554,0,0.0021814755,234.6178650535025,780.6620924492761,1608,9249.597,3.4372592,708.99,0.24043605,12027.606,4.6405783,0,,,,,234.6178650535025,0.00040651858,780.6620924492761,0.00039196623,0.020759515,-0.023957068
1.0008396,0.0003856837,0,0.0021823777,234.6163427066079,780.6631297831213,1609,9257.515,3.4379478,710.1839,0.24012743,12041.19,4.6401954,0,,,,,234.6163427066079,0.0004062761,780.6631297831213,0.0003917464,0.020664947,-0.023551712
0.99992126,0.0003856388,0,0.00218328,234.61760753595655,780.6627284497698,1610,9249.976,3.437334,709.844,0.23999983,12030.143,4.639655,0,,,,,234.61760753595655,0.00040639035,780.6627284497698,0.00039186954,0.020663708,-0.02358118
0.99996436,0.0003857689,0,0.002184182,234.6172405350843,780.6628152036128,1611,9250.189,3.437298,710.506,0.24001744,12030.661,4.64122,0,,,,,234.6172405350843,0.00040670842,780.6628152036128,0.0003921278,0.020757055,-0.023619326
0.9993655,0.00038553437,0,0.0021850837,234.6177585215941,780.6630726575256,1612,9243.615,3.4366503,709.7962,0.2402906,12023.456,4.6383986,0,,,,,234.6177585215941,0.00040666078,780.6630726575256,0.00039210217,0.02064606,-0.023136456
0.99990493,0.00038553786,0,0.0021859854,234.61799721038793,780.6626430563016,1613,9248.688,3.4373446,710.05334,0.24030223,12029.946,4.6384406,0,,,,,234.61799721038793,0.00040665822,780.6626430563016,0.00039212222,0.020925574,-0.023181258
1.0002108,0.00038567762,0,0.002186887,234.61764587547447,780.6622747033252,1614,9252.219,3.437559,710.05365,0.2402438,12033.625,4.640122,0,,,,,234.61764587547447,0.00040637635,780.6622747033252,0.00039188116,0.020386465,-0.023662876
1.000165,0.00038578652,0,0.0021877883,234.61773217179453,780.6620394404265,1615,9256.176,3.4378698,708.7701,0.24018203,12033.074,4.6414323,0,,,,,234.61773217179453,0.00040640222,780.6620394404265,0.00039184914,0.020968504,-0.024683544
1.0004497,0.0003855932,0,0.0021886893,234.61741006934417,780.6629204460398,1616,9254.354,3.4376123,709.3841,0.24009971,12036.5,4.6391063,0,,,,,234.61741006934417,0.00040608618,780.6629204460398,0.00039163654,0.02078667,-0.02351297
0.9999904,0.0003856047,0,0.0021895904,234.61793306850853,780.6630859799631,1617,9251.371,3.4373934,708.9717,0.24033381,12030.975,4.639245,0,,,,,234.61793306850853,0.00040630338,780.6630859799631,0.0003918371,0.02118863,-0.023468256
0.9999951,0.00038559953,0,0.0021904912,234.6175595666378,780.6631459241046,1618,9248.645,3.4370928,709.3682,0.24029355,12031.031,4.6391826,0,,,,,234.6175595666378,0.00040642347,780.6631459241046,0.00039189143,0.020374117,-0.023040315
1.0002031,0.00038560215,0,0.002191392,234.61817641741376,780.6635922152514,1619,9251.771,3.43741,709.06616,0.240202,12033.534,4.639214,0,,,,,234.61817641741376,0.0004063212,780.6635922152514,0.000391805,0.021003483,-0.023292944
0.9990918,0.00038549726,0,0.0021922924,234.61755218811635,780.6637684050885,1620,9239.945,3.4363594,709.58966,0.24025586,12020.163,4.6379523,0,,,,,234.61755218811635,0.0004066989,780.6637684050885,0.000392194,0.020532865,-0.022821294
0.9999807,0.00038570873,0,0.0021931927,234.6165320541384,780.6626962880146,1621,9249.244,3.437169,709.0177,0.24038301,12030.857,4.6404963,0,,,,,234.6165320541384,0.00040639765,780.6626962880146,0.0003918296,0.020416189,-0.023370996
1.0001403,0.00038554973,0,0.002194093,234.6168231120231,780.6638200952345,1622,9248.872,3.4372282,709.73517,0.24004792,12032.778,4.6385837,0,,,,,234.6168231120231,0.0004063621,780.6638200952345,0.000391858,0.020404838,-0.022795528
0.99994993,0.0003855305,0,0.002194993,234.61872474765374,780.6635152313722,1623,9246.745,3.4370902,709.87134,0.2402985,12030.487,4.638352,0,,,,,234.61872474765374,0.0004064239,780.6635152313722,0.00039194044,0.020603975,-0.022610635
0.99974036,0.00038566135,0,0.0021958929,234.61714670071504,780.6632085182332,1624,9245.557,3.436897,709.3347,0.24020082,12027.966,4.6399264,0,,,,,234.61714670071504,0.00040642414,780.6632085182332,0.00039194126,0.020090032,-0.022596162
1.0002164,0.0003855761,0,0.0021967927,234.61774584870707,780.6632135506723,1625,9247.861,3.437056,709.24243,0.24037199,12033.692,4.6389008,0,,,,,234.61774584870707,0.00040627967,780.6632135506723,0.00039176902,0.02042723,-0.022455042
1.000941,0.00038567663,128,0.0021976922,234.61664107055378,780.6637261489257,1626,9255.571,3.4385474,709.3034,0.24021843,12042.412,4.64011,128,,,,,234.61664107055378,0.00040617734,780.6637261489257,0.00039168136,0.020611407,-0.022478847
1.0006281,0.0003854989,0,0.0021985916,234.6177242324739,780.6641150913387,1627,9250.859,3.4374025,709.58264,0.2402176,12038.646,4.637972,0,,,,,234.6177242324739,0.0004064119,780.6641150913387,0.0003919685,0.020310689,-0.022303673
1.0001011,0.00038563972,0,0.0021994908,234.61677050753775,780.6642775421909,1628,9247.993,3.4370682,710.23303,0.2401576,12032.306,4.639666,0,,,,,234.61677050753775,0.00040653453,780.6642775421909,0.00039212342,0.020229042,-0.02250654
1.0006473,0.00038560116,0,0.0022003897,234.6158303549135,780.6645709226332,1629,9250.369,3.4371874,708.711,0.2404487,12038.877,4.639202,0,,,,,234.6158303549135,0.00040649436,780.6645709226332,0.00039195904,0.019875798,-0.021928731
1.0000719,0.00038572564,0,0.0022012887,234.61716782973318,780.6626871187386,1630,9250.71,3.4372427,708.868,0.24022125,12031.955,4.6407,0,,,,,234.61716782973318,0.00040628246,780.6626871187386,0.00039174285,0.02009646,-0.02329117
1.0002049,0.00038572433,0,0.0022021874,234.61747175060765,780.6632451121428,1631,9251.483,3.437325,709.932,0.24024616,12033.555,4.640684,0,,,,,234.61747175060765,0.00040621162,780.6632451121428,0.00039173287,0.020037994,-0.022776179
0.99945366,0.0003855793,0,0.0022030862,234.61750238848703,780.6631988323984,1632,9243.747,3.4366987,710.3003,0.23952708,12024.517,4.6389394,0,,,,,234.61750238848703,0.0004068383,780.6631988323984,0.00039233256,0.020179758,-0.022606602
1.000331,0.00038553876,0,0.0022039844,234.61674956432847,780.6640194534442,1633,9249.476,3.4371426,709.65625,0.24041839,12035.072,4.6384516,0,,,,,234.61674956432847,0.0004065352,780.6640194534442,0.0003921212,0.019992681,-0.022362178
1.0001205,0.00038554156,0,0.0022048827,234.6168864162873,780.6641423155236,1634,9247.69,3.436949,710.0535,0.23998648,12032.54,4.638485,0,,,,,234.6168864162873,0.00040650333,780.6641423155236,0.0003920158,0.019926641,-0.022126611
0.9999129,0.00038558713,0,0.0022057807,234.617546803315,780.6641692328419,1635,9245.647,3.4369335,710.70184,0.24011885,12030.042,4.6390333,0,,,,,234.617546803315,0.00040680132,780.6641692328419,0.00039230596,0.01994828,-0.022226265
1.0003965,0.00038556286,0,0.0022066787,234.6169570874086,780.6636245771192,1636,9248.91,3.4370718,709.2475,0.24012063,12035.859,4.6387415,0,,,,,234.6169570874086,0.00040626523,780.6636245771192,0.00039178587,0.019888893,-0.02185057
0.9996902,0.00038540224,0,0.0022075765,234.61678215269146,780.6636878152176,1637,9243.319,3.4365535,708.32806,0.24044655,12027.362,4.636809,0,,,,,234.61678215269146,0.00040643415,780.6636878152176,0.00039192,0.020150896,-0.021962611
0.9999989,0.0003855277,0,0.002208474,234.616694774819,780.6650654152174,1638,9244.106,3.4366052,709.0756,0.2403412,12031.077,4.6383185,0,,,,,234.616694774819,0.0004066122,780.6650654152174,0.00039215665,0.019404592,-0.021674244
1.0003357,0.00038561053,128,0.0022093714,234.6173842076181,780.6641124917205,1639,9248.733,3.4377065,709.9037,0.2406219,12035.129,4.639315,128,,,,,234.6173842076181,0.00040620595,780.6641124917205,0.00039175476,0.019654503,-0.021988435
1.0007297,0.00038556993,0,0.0022102688,234.61654375925343,780.6653625169803,1640,9249.908,3.4373686,709.9215,0.24046761,12039.869,4.6388264,0,,,,,234.61654375925343,0.0004063682,780.6653625169803,0.000391958,0.019460643,-0.021287313
0.9999309,0.00038558288,0,0.0022111658,234.61642017838264,780.6642059101137,1641,9244.78,3.4366422,709.7192,0.24011612,12030.259,4.6389823,0,,,,,234.61642017838264,0.00040648234,780.6642059101137,0.00039206355,0.01966315,-0.0217762
1.0001343,0.00038549223,0,0.0022120627,234.61606378502648,780.6643293914433,1642,9243.797,3.436573,709.5638,0.23993087,12032.706,4.637892,0,,,,,234.61606378502648,0.00040636375,780.6643293914433,0.0003919154,0.019230546,-0.021099832
1.0001512,0.00038562066,0,0.0022129596,234.6157958311852,780.6650908931333,1643,9246.121,3.436887,709.978,0.23996085,12032.908,4.6394367,0,,,,,234.6157958311852,0.00040654457,780.6650908931333,0.00039210188,0.019257318,-0.021516228
1.0005144,0.00038558943,0,0.0022138562,234.61559851250945,780.6646719298717,1644,9246.996,3.436978,709.86615,0.24047278,12037.278,4.639061,0,,,,,234.61559851250945,0.0004063361,780.6646719298717,0.0003919146,0.019025847,-0.020986177
1.000669,0.00038560742,0,0.0022147526,234.61564004839263,780.664334684111,1645,9249.6,3.4372602,709.55835,0.24032475,12039.139,4.6392775,0,,,,,234.61564004839263,0.00040649282,780.664334684111,0.000392104,0.018870816,-0.021261852
0.99913895,0.0003855692,0,0.002215649,234.61619102937271,780.6649880008159,1646,9235.565,3.435917,709.07904,0.24058262,12020.73,4.638818,0,,,,,234.61619102937271,0.00040655976,780.6649880008159,0.0003920979,0.01879564,-0.021029728
0.99999154,0.00038558367,0,0.002216545,234.616103526871,780.6645316154224,1647,9242.326,3.4365435,709.56494,0.24076512,12030.988,4.638992,0,,,,,234.616103526871,0.00040637198,780.6645316154224,0.00039197755,0.01874059,-0.020853965
0.99949884,0.00038545398,0,0.0022174409,234.61644429857216,780.6644824806592,1648,9237.92,3.436039,709.14795,0.24025883,12025.061,4.6374316,0,,,,,234.61644429857216,0.00040661337,780.6644824806592,0.00039213244,0.018994903,-0.021005632
0.9999962,0.00038543344,0,0.0022183368,234.61602809246338,780.6655613038406,1649,9241.113,3.4363348,708.9663,0.2400829,12031.044,4.637184,0,,,,,234.61602809246338,0.00040653866,780.6655613038406,0.0003921147,0.018703872,-0.020538839
1.0001159,0.0003855987,0,0.0022192325,234.61569091326655,780.6656511186402,1650,9244.302,3.4366503,708.8377,0.24038334,12032.483,4.6391726,0,,,,,234.61569091326655,0.00040653566,780.6656511186402,0.00039210523,0.018587299,-0.02111382
1.0000688,0.00038546443,0,0.0022201277,234.61561020130844,780.6648764303792,1651,9241.752,3.4364228,708.98114,0.2401785,12031.917,4.637557,0,,,,,234.61561020130844,0.000406562,780.6648764303792,0.00039211096,0.018258706,-0.020784916
0.9997501,0.00038560218,0,0.0022210232,234.6153386473846,780.6645410580385,1652,9240.516,3.4362917,709.3801,0.24029504,12028.083,4.6392145,0,,,,,234.6153386473846,0.00040653057,780.6645410580385,0.00039211442,0.018499976,-0.021131594
0.9995168,0.00038557098,0,0.0022219182,234.61481477477884,780.6650645316327,1653,9236.262,3.435919,709.1237,0.2402549,12025.276,4.6388392,0,,,,,234.61481477477884,0.00040657673,780.6650645316327,0.00039221422,0.017874258,-0.020645605
0.9997019,0.0003855117,0,0.0022228132,234.6161383392307,780.6652246728544,1654,9239.341,3.436194,709.3351,0.24016605,12027.504,4.638126,0,,,,,234.6161383392307,0.00040656235,780.6652246728544,0.00039217953,0.018535418,-0.020833561
0.9999905,0.00038556912,0,0.002223708,234.6150064620236,780.6653756571334,1655,9239.835,3.4362159,709.89056,0.24038707,12030.976,4.638817,0,,,,,234.6150064620236,0.00040657076,780.6653756571334,0.0003921113,0.017882522,-0.02044997
0.99977225,0.0003855728,0,0.0022246027,234.61505503965822,780.6645307863503,1656,9239.038,3.4361615,708.49585,0.24057864,12028.35,4.638861,0,,,,,234.61505503965822,0.00040644262,780.6645307863503,0.00039200895,0.018262275,-0.020574983
1.0003054,0.0003855486,0,0.002225497,234.61508632723763,780.6651068881397,1657,9242.846,3.4364753,708.66425,0.24046117,12034.765,4.63857,0,,,,,234.61508632723763,0.00040630525,780.6651068881397,0.0003918981,0.018004961,-0.02044249
1.0001013,0.0003855346,0,0.0022263913,234.61585049161505,780.6650557472894,1658,9241.557,3.4363031,709.3047,0.24002372,12032.31,4.6384015,0,,,,,234.61585049161505,0.00040653715,780.6650557472894,0.0003921253,0.018021667,-0.020576565
1.0009651,0.00038573792,0,0.0022272856,234.61461633687094,780.6647178298279,1659,9249.192,3.4370449,708.4132,0.24021213,12042.701,4.6408477,0,,,,,234.61461633687094,0.00040633068,780.6647178298279,0.00039197074,0.017535245,-0.020335209
1.0012041,0.00038563003,0,0.0022281795,234.61480306246472,780.665130250585,1660,9250.2705,3.4370751,708.5646,0.24027385,12045.577,4.6395497,0,,,,,234.61480306246472,0.00040608822,780.665130250585,0.000391711,0.017741429,-0.02014528
1.0006672,0.00038571618,0,0.0022290733,234.61440010110206,780.664761231212,1661,9246.358,3.4368882,708.8923,0.24050559,12039.117,4.640586,0,,,,,234.61440010110206,0.0004061828,780.664761231212,0.00039179978,0.017340777,-0.020224795
1.000127,0.00038552622,0,0.002229967,234.61466842973326,780.6653298240517,1662,9240.314,3.436271,709.0885,0.24025372,12032.617,4.6383004,0,,,,,234.61466842973326,0.0004064328,780.6653298240517,0.000392033,0.0172646,-0.019939024
1.0001242,0.00038558946,0,0.0022308605,234.61479766633204,780.6657569352599,1663,9241.898,3.4363685,709.34534,0.23984015,12032.585,4.6390615,0,,,,,234.61479766633204,0.00040630234,780.6657569352599,0.0003918897,0.017198008,-0.020260742
1.0003875,0.00038543865,0,0.0022317537,234.6142489263134,780.6656945955752,1664,9241.886,3.4363668,709.1265,0.24020696,12035.753,4.637247,0,,,,,234.6142489263134,0.00040640286,780.6656945955752,0.00039207612,0.016939353,-0.019820636
0.99953365,0.00038562,0,0.0022326468,234.61493945624437,780.6656254744197,1665,9236.608,3.4359083,709.4593,0.23982202,12025.4795,4.6394286,0,,,,,234.61493945624437,0.00040661963,780.6656254744197,0.0003922764,0.016653322,-0.01988929
1.0007238,0.0003856301,0,0.00223354,234.61433022298874,780.66562321107,1666,9245.124,3.4366455,708.7089,0.24040599,12039.799,4.63955,0,,,,,234.61433022298874,0.00040623828,780.66562321107,0.000391893,0.01633234,-0.019441344
1.0004684,0.00038558882,0,0.0022344326,234.61357611666733,780.6660910043017,1667,9244.852,3.436619,708.29456,0.2404872,12036.725,4.639054,0,,,,,234.61357611666733,0.00040639742,780.6660910043017,0.0003921155,0.016259504,-0.019524172
1.0002205,0.00038531065,0,0.0022353253,234.61334022921744,780.6654873413064,1668,9240.927,3.436305,708.4927,0.2404748,12033.743,4.635707,0,,,,,234.61334022921744,0.00040648447,780.6654873413064,0.00039213878,0.015352516,-0.0192134
0.9994387,0.00038552732,0,0.0022362177,234.61378880633072,780.6656865883607,1669,9235.581,3.4357781,708.4707,0.24021432,12024.337,4.638314,0,,,,,234.61378880633072,0.0004065642,780.6656865883607,0.000392218,0.015795736,-0.01959755
1.0000505,0.0003855047,0,0.0022371102,234.61283222351753,780.6652503749362,1670,9239.656,3.4362667,709.3178,0.24027377,12031.698,4.638042,0,,,,,234.61283222351753,0.00040628453,780.6652503749362,0.00039203875,0.015383869,-0.01881467
0.999674,0.00038564237,0,0.0022380021,234.61291141354923,780.6670941510001,1671,9236.741,3.4359362,709.2443,0.2401811,12027.168,4.639698,0,,,,,234.61291141354923,0.0004066277,780.6670941510001,0.00039230727,0.015602701,-0.018815845
1.0003873,0.00038567372,0,0.002238894,234.61430907954878,780.6654381993656,1672,9242.64,3.4366353,708.6574,0.24015784,12035.75,4.640075,0,,,,,234.61430907954878,0.00040615656,780.6654381993656,0.0003917722,0.015605724,-0.01901941
1.000084,0.0003856134,0,0.002239786,234.61275630596538,780.6662356456546,1673,9239.519,3.4360814,707.94794,0.24050024,12032.102,4.6393495,0,,,,,234.61275630596538,0.00040633502,780.6662356456546,0.00039204967,0.015415288,-0.018645441
0.9996293,0.00038520186,0,0.0022406776,234.61326121941755,780.6657802936782,1674,9236.495,3.435817,708.2443,0.24059984,12026.63,4.634398,0,,,,,234.61326121941755,0.00040650484,780.6657802936782,0.00039215124,0.015351177,-0.019106472
1.0000285,0.00038542697,0,0.002241569,234.61292084600126,780.6658469761493,1675,9238.268,3.4359527,709.0542,0.24031618,12031.433,4.6371064,0,,,,,234.61292084600126,0.00040637673,780.6658469761493,0.00039205488,0.015378137,-0.018610956
1.0001701,0.00038554802,0,0.0022424604,234.61428796306012,780.6656405647949,1676,9240.845,3.43627,708.5103,0.24030638,12033.137,4.6385627,0,,,,,234.61428796306012,0.0004063588,780.6656405647949,0.00039200648,0.015958527,-0.019064942
1.0001917,0.00038557223,0,0.0022433514,234.61301573598934,780.666889778817,1677,9239.607,3.436133,708.4695,0.24008477,12033.396,4.638854,0,,,,,234.61301573598934,0.00040623292,780.666889778817,0.0003919714,0.015646676,-0.018731622
1.0000933,0.00038560043,0,0.0022442425,234.61397925449472,780.6660619896147,1678,9239.917,3.4361718,708.7436,0.24027355,12032.213,4.6391935,0,,,,,234.61397925449472,0.0004062912,780.6660619896147,0.0003919779,0.01656631,-0.01946879
1.0004836,0.00038553434,0,0.0022451333,234.61309926806376,780.6655513982882,1679,9241.41,3.4363706,708.25,0.24039425,12036.909,4.638398,0,,,,,234.61309926806376,0.0004062557,780.6655513982882,0.00039195202,0.015972292,-0.019101992
0.99982935,0.00038551938,0,0.0022460239,234.61465222169568,780.6660559142438,1680,9236.759,3.4359543,709.1598,0.24035466,12029.037,4.6382184,0,,,,,234.61465222169568,0.0004065999,780.6660559142438,0.0003923069,0.017012756,-0.019472182
1.0001879,0.00038549572,0,0.0022469144,234.61428211951977,780.6656250759258,1681,9238.258,3.436057,709.1741,0.23995766,12033.35,4.6379337,0,,,,,234.61428211951977,0.00040631843,780.6656250759258,0.00039199638,0.016263334,-0.01875813
1.00062,0.00038559825,0,0.0022478048,234.61434620957522,780.6652699435833,1682,9243.123,3.436472,708.284,0.24031663,12038.55,4.6391673,0,,,,,234.61434620957522,0.00040619227,780.6652699435833,0.0003918547,0.016761675,-0.019230591
0.99916714,0.00038546592,0,0.002248695,234.61468344462784,780.6665068788207,1683,9229.323,3.435429,708.8562,0.24065718,12021.069,4.637575,0,,,,,234.61468344462784,0.00040674352,780.6665068788207,0.00039243244,0.016744258,-0.018938284
0.99969065,0.0003853489,0,0.0022504746,234.61439751058734,780.6655967513118,1685,9234.278,3.4356961,708.3531,0.24038967,12027.368,4.636167,0,,,,,234.61439751058734,0.00040627868,780.6655967513118,0.0003919145,0.016453354,-0.019173335
0.9996969,0.000385443,0,0.0022513643,234.61354262404063,780.6658452991784,1686,9233.624,3.4356024,709.0251,0.24018945,12027.443,4.6372995,0,,,,,234.61354262404063,0.0004065774,780.6658452991784,0.00039224527,0.01635279,-0.018993113
1.000256,0.00038556196,0,0.0022522537,234.61489585769831,780.6658114419088,1687,9241.262,3.436397,708.1089,0.24027963,12034.169,4.6387305,0,,,,,234.61489585769831,0.00040634262,780.6658114419088,0.00039198596,0.016422344,-0.019494243
0.9992975,0.0003852475,0,0.002253143,234.61427637202283,780.663993089154,1688,9233.56,3.4356797,708.92303,0.23989232,12022.638,4.6349473,0,,,,,234.61427637202283,0.00040644314,780.663993089154,0.0003920508,0.016235616,-0.01987632
1.0009254,0.00038568312,0,0.002254032,234.61357088024147,780.6649476044912,1689,9249.398,3.437036,708.3922,0.24008524,12042.224,4.640188,0,,,,,234.61357088024147,0.00040617623,780.6649476044912,0.00039179964,0.016534386,-0.019909946
1.0004934,0.00038536175,0,0.002254921,234.6136205342373,780.6660465325897,1690,9241.449,3.4363182,708.4816,0.2402842,12037.026,4.636322,0,,,,,234.6136205342373,0.00040647874,780.6660465325897,0.00039216282,0.016000003,-0.01908782
1.0006373,0.0003854312,0,0.0022558097,234.61399262154896,780.6661542093436,1691,9244.365,3.4366786,708.3529,0.24024287,12038.757,4.6371574,0,,,,,234.61399262154896,0.0004064707,780.6661542093436,0.0003921412,0.015926773,-0.0193727
1.0004883,0.00038548527,0,0.0022566984,234.61364030796847,780.6667814034083,1692,9239.808,3.4362328,707.688,0.24052836,12036.964,4.637808,0,,,,,234.61364030796847,0.00040638147,780.6667814034083,0.00039207592,0.0154837,-0.018560188
0.99955976,0.00038530663,0,0.002257587,234.61302034978925,780.666459928551,1693,9233.599,3.4356773,708.8954,0.24011405,12025.793,4.6356587,0,,,,,234.61302034978925,0.00040654957,780.666459928551,0.0003922599,0.015462462,-0.018920079
0.9994983,0.0003852813,0,0.0022584752,234.61280532002314,780.6666755271854,1694,9230.465,3.4353771,709.508,0.23991384,12025.054,4.635354,0,,,,,234.61280532002314,0.0004067578,780.6666755271854,0.0003924634,0.0149863325,-0.018460488
1.000197,0.0003854845,0,0.0022593632,234.6135955435883,780.6656817385422,1695,9239.699,3.436247,709.33,0.23985213,12033.46,4.637799,0,,,,,234.6135955435883,0.00040646648,780.6656817385422,0.00039216064,0.015408592,-0.019057576
0.9999702,0.00038533675,0,0.0022602512,234.61326245877666,780.6648543719699,1696,9239.368,3.436141,708.9778,0.24000607,12030.731,4.636021,0,,,,,234.61326245877666,0.00040634448,780.6648543719699,0.00039198282,0.015366925,-0.019508077
1.0002967,0.00038562613,0,0.002261139,234.612776896978,780.6661566083259,1697,9241.474,3.4363782,709.1071,0.2401347,12034.659,4.6395025,0,,,,,234.612776896978,0.00040612867,780.6661566083259,0.0003917923,0.015914533,-0.019007087
0.9997844,0.00038537005,0,0.0022620265,234.61307565002977,780.6656315588456,1698,9234.629,3.4357214,708.951,0.24009277,12028.496,4.6364217,0,,,,,234.61307565002977,0.0004063991,780.6656315588456,0.0003921068,0.015612823,-0.018558389
1.0007268,0.00038551915,0,0.0022629139,234.61349646774525,780.6670833279986,1699,9242.47,3.436392,709.325,0.23986885,12039.834,4.6382155,0,,,,,234.61349646774525,0.00040630158,780.6670833279986,0.00039198023,0.015405612,-0.018429443
1.0004872,0.00038543818,0,0.0022638012,234.61325696384466,780.6661616889169,1700,9240.068,3.436163,708.79065,0.24038017,12036.951,4.6372414,0,,,,,234.61325696384466,0.0004062191,780.6661616889169,0.0003919183,0.015522583,-0.018219426
1.0003825,0.0003854713,0,0.0022646883,234.61236898687434,780.6670870475,1701,9237.2295,3.4359145,709.4189,0.23998997,12035.692,4.63764,0,,,,,234.61236898687434,0.00040665097,780.6670870475,0.0003924346,0.015195324,-0.017886853
0.99982554,0.00038525197,0,0.002265575,234.61331487697385,780.6664869014868,1702,9233.325,3.4356325,708.51166,0.23996614,12028.991,4.635001,0,,,,,234.61331487697385,0.00040667466,780.6664869014868,0.00039241088,0.0150106875,-0.01808634
1.000565,0.00038522074,0,0.002266462,234.61249720398305,780.6669364206159,1703,9239.8545,3.4362311,709.0808,0.2400734,12037.889,4.6346254,0,,,,,234.61249720398305,0.00040627897,780.6669364206159,0.0003919986,0.0145922275,-0.017981395
1.0001705,0.00038547075,0,0.0022673486,234.61411843055492,780.6664270433427,1704,9241.178,3.4362442,707.6812,0.24006994,12033.141,4.6376333,0,,,,,234.61411843055492,0.000406218,780.6664270433427,0.00039207083,0.015302189,-0.018897133
1.0006542,0.00038539368,0,0.002268235,234.61335168796353,780.6666747592745,1705,9242.623,3.4363637,707.90424,0.2403149,12038.961,4.636706,0,,,,,234.61335168796353,0.0004063797,780.6666747592745,0.0003920239,0.014829379,-0.018474752
0.99989325,0.0003853193,0,0.0022691211,234.61293064961808,780.6657098659201,1706,9235.7,3.4357083,707.7413,0.2401886,12029.806,4.635811,0,,,,,234.61293064961808,0.00040648933,780.6657098659201,0.0003921847,0.015058508,-0.018216444
1.0011126,0.00038551475,0,0.0022700073,234.61311506820113,780.6673217035952,1707,9243.689,3.4365246,708.99347,0.24034862,12044.476,4.6381626,0,,,,,234.61311506820113,0.00040634393,780.6673217035952,0.0003921372,0.014720171,-0.017620742
1.0002817,0.00038541923,0,0.0022708932,234.61226058107366,780.6666621709053,1708,9237.425,3.4359212,708.5605,0.24010582,12034.4795,4.6370134,0,,,,,234.61226058107366,0.0004062987,780.6666621709053,0.00039203113,0.014924848,-0.017994262
1.0000271,0.00038530375,0,0.0022717789,234.61261930368843,780.6674581220202,1709,9232.715,3.4355295,708.0048,0.24031648,12031.416,4.635624,0,,,,,234.61261930368843,0.0004066423,780.6674581220202,0.00039242508,0.014238653,-0.017381635
1.0003731,0.0003854111,0,0.0022726646,234.61234691902732,780.6671710546918,1710,9235.91,3.4358313,708.333,0.24027857,12035.579,4.6369157,0,,,,,234.61234691902732,0.00040635228,780.6671710546918,0.00039216882,0.014430013,-0.01747039
1.0001991,0.00038531097,0,0.0022735498,234.6120143232446,780.6674121228297,1711,9234.396,3.4357054,708.4214,0.24011993,12033.485,4.6357107,0,,,,,234.6120143232446,0.00040616596,780.6674121228297,0.00039200496,0.014732324,-0.01726999
0.9999399,0.00038553786,0,0.002274435,234.61260925264932,780.6673021107556,1712,9234.603,3.4357176,708.0027,0.24064645,12030.367,4.6384406,0,,,,,234.61260925264932,0.00040652437,780.6673021107556,0.00039225488,0.014884747,-0.017736724
0.9997792,0.00038532633,0,0.00227532,234.6126036281016,780.6660660687071,1713,9234.548,3.4356973,708.51996,0.24002285,12028.434,4.6358957,0,,,,,234.6126036281016,0.00040648936,780.6660660687071,0.00039220817,0.014840332,-0.018189706
1.0003052,0.000385443,0,0.002276205,234.61133075636445,780.6664000610178,1714,9235.849,3.4358695,708.1165,0.24051227,12034.761,4.6372995,0,,,,,234.61133075636445,0.00040627658,780.6664000610178,0.0003920834,0.014042054,-0.017092798
1.0001603,0.00038539976,0,0.0022770897,234.61240802937533,780.667291688127,1715,9234.132,3.4357014,707.9895,0.240176,12033.02,4.6367793,0,,,,,234.61240802937533,0.0004062738,780.667291688127,0.0003920249,0.014708127,-0.017114447
1.0000098,0.00038523308,0,0.0022779743,234.6125463898282,780.6677179957937,1716,9230.763,3.4353554,708.5454,0.24014045,12031.208,4.6347737,0,,,,,234.6125463898282,0.00040656055,780.6677179957937,0.00039233235,0.014133024,-0.016556263
0.9994805,0.00038530712,0,0.0022788586,234.61221975814573,780.6675740450391,1717,9227.713,3.435177,708.78766,0.24007273,12024.84,4.6356645,0,,,,,234.61221975814573,0.0004066205,780.6675740450391,0.00039247292,0.01433714,-0.016915457
1.0000772,0.00038512488,0,0.0022797429,234.6112355827952,780.6681527565131,1718,9230.245,3.4353466,708.843,0.23981819,12032.019,4.633472,0,,,,,234.6112355827952,0.00040641686,780.6681527565131,0.0003923004,0.014008816,-0.016558502
1.0014173,0.00038556918,0,0.002280627,234.61055632016473,780.6684644629261,1719,9243.78,3.4365175,707.98456,0.24037468,12048.142,4.6388173,0,,,,,234.61055632016473,0.00040600778,780.6684644629261,0.00039186768,0.01426973,-0.016649367
0.9992184,0.000385087,0,0.0022815107,234.6127530471552,780.6668679967886,1720,9223.233,3.4347482,708.55774,0.2405926,12021.687,4.6330166,0,,,,,234.6127530471552,0.0004065805,780.6668679967886,0.0003923257,0.013935138,-0.016553814
0.9999244,0.00038523402,0,0.0022823943,234.6123603141035,780.6662396161923,1721,9234.678,3.435749,709.0316,0.24008721,12030.181,4.634785,0,,,,,234.6123603141035,0.00040638715,780.6662396161923,0.000392179,0.014318301,-0.017746033
0.9995442,0.00038533518,0,0.002283278,234.61184011304425,780.6681504284632,1722,9228.41,3.4352345,709.26416,0.24012397,12025.606,4.636002,0,,,,,234.61184011304425,0.00040659652,780.6681504284632,0.0003923704,0.014098719,-0.016872963
0.9996432,0.0003852708,0,0.002284161,234.61174157043783,780.6677523379784,1723,9228.645,3.4352775,709.6564,0.24035612,12026.797,4.6352277,0,,,,,234.61174157043783,0.00040649058,780.6677523379784,0.0003923149,0.014268631,-0.016876573
1.0008897,0.00038525654,0,0.0022850444,234.61105415401283,780.6683214775364,1724,9237.465,3.4359567,709.5207,0.24018998,12041.793,4.635056,0,,,,,234.61105415401283,0.0004063491,780.6683214775364,0.00039214967,0.013682472,-0.016263587
1.0003225,0.00038529755,0,0.0022859273,234.6116613939598,780.6672172965364,1725,9233.251,3.4356296,708.7359,0.24026862,12034.969,4.6355495,0,,,,,234.6116613939598,0.0004061671,780.6672172965364,0.0003919516,0.013680147,-0.016339088
1.0004842,0.0003853801,0,0.0022868102,234.61071847475148,780.6672220485798,1726,9232.351,3.4355202,708.53326,0.24060261,12036.916,4.6365423,0,,,,,234.61071847475148,0.00040615207,780.6672220485798,0.00039204932,0.014026468,-0.015712809
1.0000596,0.00038535558,0,0.0022876929,234.61144581898085,780.668037066001,1727,9228.716,3.4352663,708.7284,0.24023569,12031.808,4.6362476,0,,,,,234.61144581898085,0.00040652833,780.668037066001,0.0003923821,0.013555679,-0.015848916
0.9998008,0.00038525104,0,0.0022885753,234.61098660746924,780.6685060328422,1728,9225.882,3.4348838,709.00305,0.24016948,12028.693,4.6349897,0,,,,,234.61098660746924,0.00040648377,780.6685060328422,0.0003922762,0.013261517,-0.015507869
0.99974686,0.00038539252,0,0.0022894575,234.6105304077587,780.667725733481,1729,9226.133,3.4350116,708.72974,0.23998554,12028.044,4.636692,0,,,,,234.6105304077587,0.00040649562,780.667725733481,0.0003923179,0.013727362,-0.015745128
1.0004064,0.00038557613,0,0.0022903397,234.61160849036264,780.6673865235466,1730,9236.249,3.4358597,708.59064,0.24040954,12035.9795,4.638901,0,,,,,234.61160849036264,0.00040612352,780.6673865235466,0.000391955,0.013643036,-0.016467135
1.0002531,0.00038548594,0,0.0022912216,234.61160565534885,780.6678587694246,1731,9233.149,3.435623,708.13525,0.24027377,12034.135,4.637816,0,,,,,234.61160565534885,0.00040634556,780.6678587694246,0.000392169,0.013387986,-0.016042182
0.99964577,0.0003853033,0,0.0022921034,234.61143616368602,780.6681678821856,1732,9226.27,3.4349523,709.2833,0.24000189,12026.828,4.6356187,0,,,,,234.61143616368602,0.00040653386,780.6681678821856,0.0003923854,0.013591037,-0.015959255
0.9996796,0.00038532625,0,0.002292985,234.6110203939606,780.6686231176516,1733,9224.417,3.4348044,708.3157,0.24021702,12027.235,4.635895,0,,,,,234.6110203939606,0.0004065509,780.6686231176516,0.00039234682,0.01306928,-0.01552664
0.9999192,0.0003851506,0,0.0022938664,234.61142005063903,780.6687113586997,1734,9227.507,3.4350343,708.59314,0.23986556,12030.117,4.6337814,0,,,,,234.61142005063903,0.000406412,780.6687113586997,0.000392241,0.013075651,-0.01560179
1.0008847,0.00038508733,0,0.0022947476,234.6114288549712,780.668827267042,1735,9232.926,3.4355075,708.3534,0.24032158,12041.733,4.6330204,0,,,,,234.6114288549712,0.00040623543,780.668827267042,0.00039201317,0.01326173,-0.015124668
0.99941146,0.00038524426,0,0.002295629,234.61067932251217,780.6696447398278,1736,9221.309,3.4345138,709.08435,0.23974244,12024.009,4.634908,0,,,,,234.61067932251217,0.0004065958,780.6696447398278,0.00039251798,0.013668955,-0.015088675
0.99977094,0.00038516126,0,0.0022965097,234.61155352665813,780.6693696849253,1737,9221.457,3.4344115,709.23737,0.23987812,12028.334,4.6339097,0,,,,,234.61155352665813,0.00040628563,780.6693696849253,0.00039228014,0.013259479,-0.014523391
0.99986446,0.00038524263,0,0.0022973905,234.61110027945594,780.668392158151,1738,9225.516,3.4347348,707.7002,0.24033366,12029.459,4.6348886,0,,,,,234.61110027945594,0.00040641613,780.668392158151,0.0003922401,0.013178701,-0.015022845
0.99954665,0.0003853471,0,0.002298271,234.61049136248283,780.6680022061169,1739,9224.284,3.4346957,708.0323,0.24013558,12025.636,4.6361456,0,,,,,234.61049136248283,0.0004065048,780.6680022061169,0.0003923504,0.012534568,-0.015316285
1.0001242,0.00038539097,0,0.0022991514,234.61129654730945,780.6681816119969,1740,9230.947,3.4352982,708.3147,0.24009839,12032.585,4.6366735,0,,,,,234.61129654730945,0.00040636986,780.6681816119969,0.00039218806,0.013567436,-0.015873238
1.0011392,0.000385262,0,0.0023000317,234.61139013161016,780.6691143318524,1741,9235.544,3.4357448,708.96545,0.24027613,12044.796,4.635122,0,,,,,234.61139013161016,0.0004061818,780.6691143318524,0.0003921066,0.013192489,-0.014748341
1.0001544,0.00038532855,0,0.0023009118,234.61078666357133,780.6695033245184,1742,9226.805,3.4349945,707.95105,0.24030738,12032.947,4.6359224,0,,,,,234.61078666357133,0.000406443,780.6695033245184,0.00039233523,0.012868718,-0.014520113
1.0001332,0.00038510276,0,0.0023017917,234.61116916929282,780.6697407968936,1743,9225.25,3.4346688,707.21606,0.24007268,12032.692,4.633206,0,,,,,234.61116916929282,0.00040636424,780.6697407968936,0.00039233337,0.013289805,-0.01426662
0.9991655,0.000385171,0,0.0023026713,234.6113016644615,780.6696743464674,1744,9215.958,3.4338708,707.892,0.24031337,12021.05,4.634027,0,,,,,234.6113016644615,0.00040676462,780.6696743464674,0.0003926866,0.013183126,-0.0141321
0.9991768,0.00038515445,0,0.002303551,234.61138815350682,780.6689342189542,1745,9215.628,3.433839,707.3295,0.23990925,12021.186,4.6338277,0,,,,,234.61138815350682,0.00040658837,780.6689342189542,0.00039253355,0.01312956,-0.013699341
1.0005453,0.00038529455,8192,0.0023044301,234.6102906407787,780.6701360201245,1746,9226.489,3.4350054,708.4675,0.24008009,12037.649,4.6355133,8192,,,,,234.6102906407787,0.0004064468,780.6701360201245,0.00039236454,0.012600899,-0.013499306
1.0002536,0.00038520058,8192,0.0023053093,234.61104091985592,780.6704064812777,1747,9225.082,3.4348233,708.5325,0.24042214,12034.141,4.6343827,8192,,,,,234.61104091985592,0.00040662888,780.6704064812777,0.0003925611,0.01273564,-0.01333579
0.99895954,0.00038526775,0,0.0023061885,234.6098524850126,780.6707059186795,1748,9213.217,3.4337585,707.94885,0.24046236,12018.572,4.635191,0,,,,,234.6098524850126,0.00040668246,780.6707059186795,0.00039266248,0.012149896,-0.013122152
0.9997068,0.0003854799,8192,0.0023070672,234.6105919013209,780.6696433102927,1749,9225.349,3.4346378,707.7679,0.24021345,12027.5625,4.6377435,8192,,,,,234.6105919013209,0.00040629134,780.6696433102927,0.00039216198,0.012635819,-0.014526419
1.0000066,0.00038535226,0,0.0023079459,234.61051855877906,780.6691430490755,1750,9224.616,3.4347427,708.19727,0.24013971,12031.169,4.6362076,0,,,,,234.61051855877906,0.0004064837,780.6691430490755,0.00039236026,0.012122043,-0.013750536
0.9991129,0.00038540093,0,0.0023088243,234.61083588716514,780.6691967825627,1751,9217.22,3.4339302,706.70044,0.2400982,12020.417,4.636793,0,,,,,234.61083588716514,0.00040663232,780.6691967825627,0.0003925232,0.012159136,-0.013698084
0.99941856,0.000385109,0,0.0023097026,234.6106540791043,780.6701857940104,1752,9216.088,3.4340563,707.2086,0.24006514,12024.095,4.6332808,0,,,,,234.6106540791043,0.00040644268,780.6701857940104,0.0003923718,0.012239081,-0.012576216
0.9995146,0.0003851663,0,0.0023105808,234.61107122484756,780.669487160091,1753,9218.783,3.4341047,708.2911,0.24001142,12025.25,4.6339703,0,,,,,234.61107122484756,0.00040630746,780.669487160091,0.0003922426,0.01184383,-0.012915095
0.9993952,0.0003851019,128,0.0023114588,234.60957342180683,780.6707134031956,1754,9214.833,3.4320395,706.9643,0.240149,12023.813,4.633196,128,,,,,234.60957342180683,0.0004065651,780.6707134031956,0.00039255136,0.011137466,-0.0121181505
0.9996491,0.00038505113,0,0.0023123366,234.60965408459109,780.670919091884,1755,9217.908,3.4339454,707.5709,0.24026687,12026.868,4.6325846,0,,,,,234.60965408459109,0.00040657562,780.670919091884,0.00039254344,0.012089242,-0.0121081155
0.9999309,0.00038517173,0,0.0023132141,234.60908747473138,780.672264480519,1756,9218.688,3.4329658,707.5174,0.24054506,12030.259,4.6340356,0,,,,,234.60908747473138,0.0004063326,780.672264480519,0.0003923384,0.011675619,-0.011827658
0.99946004,0.0003850873,0,0.0023140917,234.6101008566239,780.6711489883501,1757,9215.751,3.4315472,707.5397,0.24045879,12024.594,4.63302,0,,,,,234.6101008566239,0.0004065926,780.6711489883501,0.00039254484,0.011558446,-0.011917872
0.99960184,0.00038494455,0,0.002314969,234.608778843918,780.6713646498919,1758,9215.888,3.4315357,706.6867,0.24051067,12026.3,4.6313024,0,,,,,234.608778843918,0.00040651872,780.6713646498919,0.00039253145,0.010967266,-0.011940282
1.0005836,0.00038540125,0,0.002315846,234.6093569049682,780.6702870561105,1759,9226.62,3.4347813,707.675,0.239774,12038.111,4.636797,0,,,,,234.6093569049682,0.00040621537,780.6702870561105,0.0003921811,0.011778174,-0.0123175755
1.0004382,0.00038545154,0,0.0023167229,234.611941300762,780.6696913253649,1760,9227.367,3.4348066,706.90784,0.24014187,12036.362,4.637402,0,,,,,234.611941300762,0.00040636485,780.6696913253649,0.00039230895,0.012143143,-0.013055697
1.0005107,0.00038533908,0,0.0023175997,234.6105733325108,780.6707715247167,1761,9226.469,3.4348598,707.21783,0.23997405,12037.233,4.6360493,0,,,,,234.6105733325108,0.00040630245,780.6707715247167,0.00039226515,0.012274004,-0.012873323
0.999916,0.000385149,0,0.002318476,234.61120373710787,780.6708062491091,1762,9220.111,3.4342887,708.1255,0.23984414,12030.079,4.6337624,0,,,,,234.61120373710787,0.00040664792,780.6708062491091,0.0003925674,0.012487904,-0.012534678
0.99951965,0.00038502278,0,0.0023193525,234.6098980935974,780.6705634982521,1763,9214.664,3.433797,707.46716,0.2404814,12025.311,4.6322436,0,,,,,234.6098980935974,0.0004065033,780.6705634982521,0.00039244795,0.012331223,-0.012568807
0.99997085,0.00038487895,0,0.0023202288,234.61040125302023,780.6707744879778,1764,9219.835,3.4341354,706.7641,0.24022427,12030.739,4.630513,0,,,,,234.61040125302023,0.0004065097,780.6707744879778,0.00039247607,0.012797737,-0.012972592
0.99951226,0.00038473238,0,0.0023211048,234.61029537993738,780.6703410667537,1765,9213.683,3.4335496,707.4269,0.2400589,12025.222,4.62875,0,,,,,234.61029537993738,0.0004068408,780.6703410667537,0.0003927777,0.012180303,-0.012356059
1.0002319,0.00038505282,0,0.0023219807,234.61062618424472,780.6704555690792,1766,9221.618,3.434395,706.74335,0.24018829,12033.879,4.632605,0,,,,,234.61062618424472,0.00040648022,780.6704555690792,0.00039247493,0.012254108,-0.01273366
1.0001122,0.00038494208,0,0.0023228563,234.6096420511676,780.6713261006328,1767,9217.618,3.433955,706.875,0.24045062,12032.439,4.631273,0,,,,,234.6096420511676,0.00040639602,780.6713261006328,0.00039244458,0.012120901,-0.011943591
0.9994332,0.0003849436,0,0.0023237318,234.61092711573758,780.6713165733562,1768,9213.053,3.4335995,708.73706,0.23999451,12024.2705,4.631291,0,,,,,234.61092711573758,0.00040666346,780.6713165733562,0.0003926465,0.012170917,-0.012141619
0.9996887,0.00038484848,0,0.0023246072,234.61045334100544,780.671211083823,1769,9212.703,3.4335382,707.6788,0.24011032,12027.345,4.6301465,0,,,,,234.61045334100544,0.0004064232,780.671211083823,0.00039236966,0.0119341025,-0.011600947
0.99993205,0.00038472482,0,0.0023254824,234.61055273935955,780.671058159996,1770,9216.869,3.433934,706.6346,0.24022377,12030.272,4.628659,0,,,,,234.61055273935955,0.00040643825,780.671058159996,0.00039243195,0.012522904,-0.01213505
1.000053,0.0003848693,0,0.0023263574,234.6107587265343,780.6710482349949,1771,9218.885,3.4340324,707.45825,0.24048224,12031.728,4.630397,0,,,,,234.6107587265343,0.00040645283,780.6710482349949,0.0003924105,0.012293415,-0.012507957
1.0003769,0.00038525218,0,0.0023272322,234.6105147624677,780.6703488529722,1772,9226.52,3.434627,707.2959,0.24026452,12035.625,4.6350036,0,,,,,234.6105147624677,0.00040638266,780.6703488529722,0.0003923157,0.01245148,-0.013181411
1.0005655,0.0003852169,128,0.0023281067,234.60963680003186,780.6705424562093,1773,9224.002,3.4351509,707.76337,0.23972395,12037.894,4.634579,128,,,,,234.60963680003186,0.00040615362,780.6705424562093,0.00039214053,0.011627816,-0.0121113425
0.9997927,0.00038493492,0,0.0023289812,234.60932284469087,780.6706478859696,1774,9217.281,3.4339535,707.525,0.24007308,12028.596,4.6311865,0,,,,,234.60932284469087,0.00040640248,780.6706478859696,0.0003923978,0.011918054,-0.012060002
0.9996175,0.00038452545,0,0.0023298555,234.6099316829311,780.6715883148782,1775,9214.039,3.4313655,706.76105,0.24018218,12026.488,4.6262603,0,,,,,234.6099316829311,0.0004065926,780.6715883148782,0.00039253497,0.01177863,-0.011901392
0.9996875,0.00038465724,0,0.0023307295,234.61019520488804,780.6708625356899,1776,9214.697,3.433723,707.17896,0.2401245,12027.33,4.627846,0,,,,,234.61019520488804,0.0004064756,780.6708625356899,0.00039246783,0.01224163,-0.0119649125
0.9996671,0.00038467994,0,0.0023316036,234.61052808532784,780.6711731575158,1777,9212.698,3.433482,706.9749,0.24002296,12027.085,4.628119,0,,,,,234.61052808532784,0.00040642422,780.6711731575158,0.00039238489,0.012005753,-0.011608248
0.9996073,0.00038460988,0,0.0023324771,234.61090866424362,780.6721947576834,1778,9211.675,3.4333334,706.7754,0.24015401,12026.365,4.627276,0,,,,,234.61090866424362,0.0004064743,780.6721947576834,0.00039246876,0.0118204495,-0.011271806
1.000556,0.00038480447,0,0.0023333507,234.60943044790235,780.671446410317,1779,9219.819,3.4341118,707.59436,0.23964718,12037.779,4.629617,0,,,,,234.60943044790235,0.00040619314,780.671446410317,0.00039228587,0.011912707,-0.011218989
0.99982524,0.00038481885,0,0.0023342243,234.60966215879276,780.6717775274587,1780,9212.608,3.4334695,707.0513,0.24024445,12028.987,4.6297903,0,,,,,234.60966215879276,0.00040647405,780.6717775274587,0.00039249152,0.011635246,-0.010860801
1.0001839,0.00038492813,128,0.0023350974,234.61017131930925,780.671455981406,1781,9216.781,3.434777,706.64233,0.24065262,12033.303,4.631105,128,,,,,234.61017131930925,0.00040649384,780.671455981406,0.00039244935,0.011745557,-0.010855531
1.0003492,0.00038459565,0,0.0023359705,234.61050379152374,780.6724345797568,1782,9216.906,3.432825,706.7978,0.24018998,12035.29,4.6271048,0,,,,,234.61050379152374,0.00040625964,780.6724345797568,0.00039222962,0.011359937,-0.01070091
0.9999894,0.00038467487,0,0.0023368434,234.6104518867951,780.6718169740195,1783,9214.99,3.433709,706.7047,0.24036789,12030.962,4.628058,0,,,,,234.6104518867951,0.00040653694,780.6718169740195,0.0003925168,0.011687282,-0.011021146
0.99939454,0.00038412094,0,0.002337716,234.60936167716534,780.6719034340575,1784,9208.344,3.4307616,706.7453,0.23998784,12023.806,4.6213937,0,,,,,234.60936167716534,0.00040661666,780.6719034340575,0.0003926512,0.011533066,-0.010842697
0.99907047,0.0003848471,0,0.0023385885,234.60929964437145,780.671304000999,1785,9210.761,3.4310565,707.5858,0.23994933,12019.906,4.6301303,0,,,,,234.60929964437145,0.00040677591,780.671304000999,0.00039280936,0.01157757,-0.011689806
0.9992404,0.00038451975,0,0.002339461,234.60973000930719,780.6713274846634,1786,9210.6875,3.4310086,707.7107,0.24029301,12021.951,4.6261916,0,,,,,234.60973000930719,0.00040678398,780.6713274846634,0.00039277275,0.011513407,-0.011722744
0.9995917,0.00038463456,0,0.0023403328,234.60970598542306,780.6718679137778,1787,9213.35,3.431209,707.4817,0.23978806,12026.178,4.627573,0,,,,,234.60970598542306,0.0004065125,780.6718679137778,0.00039255217,0.011600309,-0.011073728
0.9999507,0.00038441244,0,0.0023412048,234.60948235375037,780.6720097682629,1788,9213.01,3.4312124,706.9033,0.24013557,12030.497,4.624901,0,,,,,234.60948235375037,0.00040642958,780.6720097682629,0.00039244082,0.011199955,-0.01084797
0.99961174,0.0003846314,0,0.0023420767,234.61058782512328,780.6715878977029,1789,9212.082,3.4311311,705.97327,0.24013513,12026.419,4.627535,0,,,,,234.61058782512328,0.00040658546,780.6715878977029,0.00039256684,0.011185842,-0.010769525
0.99969375,0.0003844604,0,0.0023429482,234.60998784215946,780.6726219466972,1790,9210.138,3.430982,706.5341,0.24037828,12027.405,4.625478,0,,,,,234.60998784215946,0.00040665045,780.6726219466972,0.00039269286,0.01088082,-0.010294479
1.0007777,0.00038444254,0,0.0023438197,234.609427823762,780.6723122340802,1791,9220.95,3.4319675,706.0031,0.24039872,12040.446,4.6252627,0,,,,,234.609427823762,0.00040629308,780.6723122340802,0.00039234347,0.01131602,-0.010421246
1.001604,0.00038520416,8320,0.002344691,234.610021875335,780.6722540164112,1792,9226.276,3.438987,705.9321,0.24088149,12050.387,4.6344256,8320,,,,,234.610021875335,0.00040604136,780.6722540164112,0.0003926756,0.011097792,-0.01013024
0.99984366,0.00038446762,0,0.002345562,234.60992550132067,780.6716436259219,1793,9211.776,3.4334908,706.27026,0.24056435,12029.209,4.6255646,0,,,,,234.60992550132067,0.0004064843,780.6716436259219,0.00039250043,0.011512128,-0.010409141
1.0000155,0.00038444463,0,0.002346433,234.6088201566194,780.6718030667266,1794,9211.2295,3.4310133,707.1704,0.24003607,12031.276,4.625288,0,,,,,234.6088201566194,0.00040638272,780.6718030667266,0.00039252682,0.010714217,-0.0099487575
0.999881,0.00038447406,0,0.0023473038,234.6093756203967,780.6719575078915,1795,9211.441,3.431069,706.5829,0.24050447,12029.658,4.625642,0,,,,,234.6093756203967,0.00040657714,780.6719575078915,0.00039264365,0.010529999,-0.010410543
0.9991178,0.00038405493,0,0.0023481743,234.61006666210312,780.67259956163,1796,9202.946,3.4302337,706.3025,0.24002056,12020.476,4.6205993,0,,,,,234.61006666210312,0.00040669364,780.67259956163,0.00039278637,0.011164347,-0.009686598
0.99991906,0.00038420263,0,0.0023490447,234.6101191106794,780.6727284529425,1797,9210.709,3.4311376,706.763,0.2404602,12030.116,4.6223764,0,,,,,234.6101191106794,0.0004065834,780.6727284529425,0.00039268433,0.010964827,-0.009901251
1.000063,0.00038450494,0,0.0023499148,234.6088453994392,780.6729486099836,1798,9211.775,3.4311097,707.15625,0.24011536,12031.847,4.6260133,0,,,,,234.6088453994392,0.00040632923,780.6729486099836,0.00039242595,0.010643272,-0.009769025
1.0002484,0.00038447988,0,0.0023507848,234.6086392347458,780.673399613856,1799,9212.974,3.4311593,706.298,0.24027309,12034.078,4.625712,0,,,,,234.6086392347458,0.00040632527,780.673399613856,0.00039243422,0.010255047,-0.0093335295
1.0001013,0.00038446742,0,0.0023516547,234.608972035847,780.673069841891,1800,9211.91,3.4310691,706.77356,0.24036671,12032.31,4.625562,0,,,,,234.608972035847,0.00040618374,780.673069841891,0.0003922986,0.009892242,-0.009262551
1.0001818,0.00038440726,0,0.0023525243,234.60814236578275,780.6730548278258,1801,9211.056,3.4309616,706.7503,0.24000895,12033.277,4.6248384,0,,,,,234.60814236578275,0.0004063593,780.6730548278258,0.0003924751,0.009821088,-0.009050527
0.99949414,0.0003845991,0,0.0023533937,234.60804092029002,780.6738272314133,1802,9206.096,3.430442,704.8601,0.24012893,12025.004,4.6271462,0,,,,,234.60804092029002,0.00040654893,780.6738272314133,0.0003926889,0.009740627,-0.008935124
1.0005418,0.0003845616,8192,0.002354263,234.6068828487109,780.6734237109745,1803,9213.918,3.4311519,705.5072,0.24025905,12037.608,4.626695,8192,,,,,234.6068828487109,0.0004061965,780.6734237109745,0.00039232586,0.009270737,-0.008724533
0.99966633,0.00038451713,0,0.002355132,234.6079530136438,780.6729982100874,1804,9207.231,3.4306927,706.38995,0.23999111,12027.075,4.62616,0,,,,,234.6079530136438,0.00040635566,780.6729982100874,0.0003925319,0.009604257,-0.009006322
1.0000592,0.00038460156,0,0.0023560012,234.6084039447665,780.6735302213117,1805,9208.938,3.4306924,705.81525,0.23985144,12031.803,4.627176,0,,,,,234.6084039447665,0.00040636034,780.6735302213117,0.0003924981,0.00897812,-0.008634772
0.9996175,0.0003843823,0,0.0023568699,234.6076751931371,780.6729435292606,1806,9206.616,3.4304345,705.6667,0.24046232,12026.488,4.624538,0,,,,,234.6076751931371,0.00040621054,780.6729435292606,0.00039240567,0.009732713,-0.008998706
0.99982363,0.00038448232,0,0.0023577383,234.60877929133082,780.6740940650138,1807,9206.01,3.4305604,705.1358,0.24029082,12028.968,4.6257415,0,,,,,234.60877929133082,0.00040624896,780.6740940650138,0.00039239522,0.009048715,-0.008335559
1.000196,0.0003845581,0,0.0023586068,234.60792558652548,780.6728770596449,1808,9211.255,3.4308538,705.1033,0.24025223,12033.448,4.626653,0,,,,,234.60792558652548,0.00040599646,780.6728770596449,0.0003921203,0.009202944,-0.00879153
1.000062,0.00038449446,0,0.002359475,234.6085645691333,780.6737262660029,1809,9207.781,3.4305744,705.02844,0.24029306,12031.836,4.6258874,0,,,,,234.6085645691333,0.0004063774,780.6737262660029,0.00039254618,0.00890042,-0.008304514
0.99972445,0.00038460945,8192,0.002360343,234.6071738778525,780.6734801385061,1810,9206.81,3.4305305,704.53534,0.24012265,12027.774,4.6272707,8192,,,,,234.6071738778525,0.00040647577,780.6734801385061,0.0003925991,0.009092664,-0.00872899
1.000051,0.00038444364,0,0.0023612108,234.60836906870531,780.6730206626802,1811,9207.045,3.4304612,704.8182,0.24026687,12031.704,4.625276,0,,,,,234.60836906870531,0.00040634122,780.6730206626802,0.00039252383,0.00909897,-0.008271938
0.99978125,0.00038453104,0,0.0023620785,234.6079442682155,780.6735544201572,1812,9206.889,3.430439,705.8139,0.24005407,12028.458,4.6263275,0,,,,,234.6079442682155,0.00040657903,780.6735544201572,0.00039269828,0.009076566,-0.008672263
1.0002438,0.00038465156,0,0.002362946,234.6079485446632,780.6733414359785,1813,9209.022,3.430739,705.9771,0.2396135,12034.023,4.6277776,0,,,,,234.6079485446632,0.00040624558,780.6733414359785,0.00039242313,0.008725409,-0.008324738
0.9994577,0.00038455654,0,0.0023638133,234.60721485316742,780.6730835114442,1814,9203.604,3.4303021,705.74725,0.23975264,12024.565,4.626634,0,,,,,234.60721485316742,0.00040645056,780.6730835114442,0.0003926018,0.008828068,-0.008474306
0.99945706,0.0003843719,0,0.0023646804,234.60820998589912,780.6728744818321,1815,9202.26,3.4300096,705.5677,0.24028395,12024.558,4.624413,0,,,,,234.60820998589912,0.00040623848,780.6728744818321,0.00039236157,0.008805653,-0.008488567
0.9997804,0.00038465118,0,0.0023655475,234.60693337753062,780.6739383742221,1816,9205.78,3.4303215,705.2215,0.23997658,12028.448,4.627773,0,,,,,234.60693337753062,0.0004063037,780.6739383742221,0.00039246614,0.008386798,-0.00836529
1.0005431,0.00038470433,0,0.0023664143,234.60692879522816,780.6733210036657,1817,9211.59,3.4309847,705.7902,0.24022257,12037.624,4.6284122,0,,,,,234.60692879522816,0.00040616404,780.6733210036657,0.0003924195,0.008294781,-0.0079077
0.9996011,0.000384532,0,0.002367281,234.60814519988395,780.6735294652524,1818,9203.925,3.43026,705.575,0.23985344,12026.291,4.626339,0,,,,,234.60814519988395,0.0004064054,780.6735294652524,0.00039253238,0.008558514,-0.008238184
0.9999131,0.0003846365,0,0.0023681473,234.6068394801009,780.6732636819925,1819,9206.476,3.4305084,705.2251,0.23990178,12030.044,4.6275964,0,,,,,234.6068394801009,0.00040617722,780.6732636819925,0.0003924035,0.008428517,-0.008089748
1.0000883,0.00038454548,0,0.0023690134,234.60702883140482,780.6740015462165,1820,9207.396,3.4304178,705.3041,0.2401316,12032.152,4.626501,0,,,,,234.60702883140482,0.00040613333,780.6740015462165,0.00039236297,0.0083937645,-0.00774853
0.99979854,0.00038452624,0,0.0023698795,234.60817053854092,780.6737351165582,1821,9204.854,3.4302301,705.959,0.23989405,12028.666,4.62627,0,,,,,234.60817053854092,0.0004064805,780.6737351165582,0.00039262496,0.008545293,-0.008078076
1.0003971,0.00038456405,0,0.0023707454,234.6075164941174,780.6732252302422,1822,9210.136,3.430781,705.567,0.24012098,12035.867,4.6267247,0,,,,,234.6075164941174,0.00040617466,780.6732252302422,0.00039233826,0.00806699,-0.008134735
0.99919266,0.00038468992,0,0.002371611,234.6075645701241,780.6737850493045,1823,9200.58,3.4298632,705.03845,0.23994954,12021.377,4.628239,0,,,,,234.6075645701241,0.0004063993,780.6737850493045,0.00039260485,0.007951164,-0.008088903
1.0005615,0.0003848183,128,0.0023724765,234.60678752828414,780.674287480324,1824,9210.902,3.431373,705.6226,0.24030516,12037.846,4.6297836,128,,,,,234.60678752828414,0.00040626165,780.674287480324,0.0003924136,0.007862189,-0.007895346
0.9996797,0.00038486975,0,0.002373342,234.60602961873818,780.6740008424673,1825,9204.583,3.4302871,704.8852,0.24022707,12027.236,4.6304026,0,,,,,234.60602961873818,0.00040615076,780.6740008424673,0.00039234455,0.008383731,-0.008483282
1.0002462,0.00038460622,0,0.002374207,234.60716563425584,780.6737649598076,1826,9208.036,3.430595,704.3809,0.24033752,12034.052,4.627232,0,,,,,234.60716563425584,0.00040621724,780.6737649598076,0.00039240162,0.007937466,-0.007949593
1.0001978,0.00038452022,0,0.0023750719,234.60803137922147,780.6741411690411,1827,9209.291,3.4306762,703.9489,0.24025533,12033.469,4.6261973,0,,,,,234.60803137922147,0.00040621246,780.6741411690411,0.00039242988,0.008292224,-0.008017195
1.0001001,0.00038454705,0,0.0023759368,234.60796178520553,780.67366424003,1828,9206.926,3.4304843,704.9451,0.24011143,12032.294,4.62652,0,,,,,234.60796178520553,0.0004064009,780.67366424003,0.00039252313,0.008108857,-0.00779174
0.9989245,0.0003847316,0,0.0023768013,234.6068218095319,780.6741363065058,1829,9198.118,3.4296632,706.3341,0.23955382,12018.15,4.6287403,0,,,,,234.6068218095319,0.00040641826,780.6741363065058,0.00039250753,0.00797308,-0.0074286745
0.99957705,0.00038475185,0,0.0023785299,234.60586069889564,780.6743608970788,1831,9203.547,3.430125,705.12836,0.24005441,12026.001,4.628984,0,,,,,234.60586069889564,0.00040641383,780.6743608970788,0.00039262447,0.007055605,-0.0071351156
1.0002776,0.00038496268,0,0.0023793941,234.60592449457965,780.6743035720143,1832,9211.012,3.430722,703.9977,0.24021763,12034.43,4.6315207,0,,,,,234.60592449457965,0.00040610015,780.6743035720143,0.00039235008,0.00644841,-0.0073479456
1.0002761,0.00038506466,0,0.002380258,234.605986482095,780.6730377141341,1833,9215.595,3.431223,705.10846,0.24051927,12034.411,4.6327477,0,,,,,234.605986482095,0.0004058442,780.6730377141341,0.00039202237,0.0072746123,-0.00836379
0.99944717,0.0003845815,8192,0.0023811215,234.60519023546507,780.6739679602158,1834,9204.247,3.4302676,704.4765,0.24006408,12024.438,4.6269345,8192,,,,,234.60519023546507,0.00040634943,780.6739679602158,0.00039255404,0.0065377313,-0.007972601
0.9999573,0.00038500995,0,0.002381985,234.60567743959547,780.6741346950282,1835,9208.322,3.4306188,704.13727,0.23996925,12030.576,4.632089,0,,,,,234.60567743959547,0.00040632245,780.6741346950282,0.00039253733,0.0066722273,-0.0072643994
1.000325,0.0003849092,0,0.0023828484,234.60517376018498,780.6743371485229,1836,9209.429,3.430691,705.06366,0.24040999,12035.0,4.630877,0,,,,,234.60517376018498,0.00040612134,780.6743371485229,0.00039236303,0.006291237,-0.0068097706
0.9997631,0.00038494947,0,0.0023837115,234.60580607815487,780.6736959777652,1837,9205.437,3.430356,703.98694,0.24019969,12028.239,4.6313615,0,,,,,234.60580607815487,0.00040639617,780.6736959777652,0.00039258512,0.0068721185,-0.0071945037
0.99941677,0.0003846501,0,0.0023845746,234.60597791470403,780.6745821019448,1838,9199.686,3.4298432,704.4593,0.2403153,12024.073,4.62776,0,,,,,234.60597791470403,0.00040633543,780.6745821019448,0.00039255776,0.006395727,-0.006366319
0.9999376,0.00038504982,0,0.0023854373,234.60510009796758,780.6739482966668,1839,9208.276,3.4304867,705.2587,0.24000826,12030.339,4.632569,0,,,,,234.60510009796758,0.00040605044,780.6739482966668,0.0003922692,0.006010174,-0.0070574293
1.0002676,0.0003848661,0,0.0023863,234.60496538444107,780.6729364487568,1840,9212.402,3.430928,704.6756,0.23995101,12034.31,4.6303587,0,,,,,234.60496538444107,0.00040592364,780.6729364487568,0.0003925306,0.0059445812,-0.007167038
0.99977005,0.00038503006,0,0.0023871623,234.60585937245088,780.6739560939634,1841,9208.423,3.4305198,705.5492,0.24003962,12028.323,4.6323314,0,,,,,234.60585937245088,0.00040626424,780.6739560939634,0.0003924708,0.0063699386,-0.007402413
1.0000948,0.00038493448,0,0.0023880245,234.6051212675917,780.6746322871542,1842,9207.935,3.4305098,704.78845,0.24017185,12032.2295,4.6311812,0,,,,,234.6051212675917,0.00040605845,780.6746322871542,0.00039228104,0.0063973367,-0.0069638155
1.0007079,0.00038506076,0,0.0023888866,234.60577311934475,780.6745190644147,1843,9212.639,3.4308238,705.4078,0.2398254,12039.606,4.6327004,0,,,,,234.60577311934475,0.00040594183,780.6745190644147,0.000392208,0.0060150214,-0.006845872
1.0001745,0.00038487234,0,0.0023897483,234.60634570163757,780.6745667079364,1844,9207.314,3.430404,705.7772,0.24007228,12033.189,4.6304336,0,,,,,234.60634570163757,0.00040626596,780.6745667079364,0.00039245622,0.0061561665,-0.006988978
0.99938935,0.00038462988,0,0.00239061,234.6060530802568,780.6750614503105,1845,9199.029,3.4296782,704.79285,0.24005838,12023.743,4.6275167,0,,,,,234.6060530802568,0.00040641654,780.6750614503105,0.00039265066,0.0067246393,-0.0069908607
0.9999353,0.00038488468,0,0.0023914715,234.60635127025432,780.6744764020566,1846,9206.289,3.4303951,704.5824,0.24014457,12030.312,4.6305823,0,,,,,234.60635127025432,0.00040620498,780.6744764020566,0.00039238395,0.0066139046,-0.007467023
0.9997236,0.000384897,0,0.002392333,234.60644225185342,780.6743741346145,1847,9205.94,3.4304464,705.5951,0.24042901,12027.765,4.63073,0,,,,,234.60644225185342,0.00040628584,780.6743741346145,0.00039249164,0.00663114,-0.007498686
0.99977416,0.0003846914,0,0.002393194,234.60543063994754,780.6732613669333,1848,9207.743,3.4304752,705.37177,0.24001853,12028.373,4.628257,0,,,,,234.60543063994754,0.00040617413,780.6732613669333,0.0003924183,0.0067801983,-0.007827357
0.99953806,0.0003847566,0,0.002394055,234.60646087694226,780.6741230147034,1849,9201.734,3.4300478,705.5569,0.24005516,12025.532,4.629041,0,,,,,234.60646087694226,0.00040652917,780.6741230147034,0.00039268358,0.006238653,-0.0071291705
1.0000477,0.00038473884,0,0.0023949158,234.60494874522968,780.6742947030083,1850,9207.032,3.4306638,705.832,0.24018568,12031.664,4.6288276,0,,,,,234.60494874522968,0.00040626328,780.6742947030083,0.00039247778,0.00594111,-0.007103065
0.99930966,0.00038459012,0,0.0023957763,234.60541440282222,780.6744733103027,1851,9198.124,3.4296668,705.13116,0.24049623,12022.784,4.6270385,0,,,,,234.60541440282222,0.0004063271,780.6744733103027,0.00039257083,0.0061201947,-0.0068589873
1.0002329,0.0003849463,0,0.0023966366,234.6061861823021,780.6739005338923,1852,9207.694,3.430762,707.6396,0.23999585,12033.893,4.6313233,0,,,,,234.6061861823021,0.00040633001,780.6739005338923,0.00039253905,0.006061697,-0.0070491917
0.99946845,0.00038482153,0,0.002397497,234.60522569288628,780.6741496368318,1853,9198.4,3.4297152,705.4303,0.24034514,12024.694,4.6298223,0,,,,,234.60522569288628,0.00040614617,780.6741496368318,0.00039237944,0.005674049,-0.0063606226
0.9998856,0.00038496693,0,0.002398357,234.6056194131048,780.6735445598606,1854,9206.809,3.4305134,705.7488,0.23982452,12029.714,4.631572,0,,,,,234.6056194131048,0.00040636104,780.6735445598606,0.0003925604,0.0065199784,-0.0073145875
1.0001882,0.00038474816,0,0.0023992169,234.60573995625884,780.6735845857361,1855,9208.46,3.4306543,706.07776,0.2402802,12033.3545,4.6289396,0,,,,,234.60573995625884,0.00040611552,780.6735845857361,0.00039239723,0.006106857,-0.0072065145
0.999668,0.00038485843,0,0.0024000765,234.60593940598108,780.6742843542822,1856,9203.91,3.430315,706.0987,0.24053653,12027.096,4.630266,0,,,,,234.60593940598108,0.00040614486,780.6742843542822,0.00039238716,0.0063586296,-0.007201907
0.99997467,0.00038444213,8192,0.0024009359,234.60450125856022,780.6752650151606,1857,9203.234,3.4301307,705.5331,0.24030295,12030.785,4.625258,8192,,,,,234.60450125856022,0.00040613193,780.6752650151606,0.0003924288,0.0050565023,-0.006289885
0.99986064,0.0003847244,0,0.0024017952,234.6050581711644,780.6741521001587,1858,9204.0625,3.4302175,704.9379,0.24038002,12029.413,4.628654,0,,,,,234.6050581711644,0.0004061633,780.6741521001587,0.0003923879,0.0053424574,-0.006470395
1.0000116,0.00038472962,0,0.0024026544,234.60547732282294,780.6746029917684,1859,9201.822,3.4298906,704.8795,0.2398682,12031.2295,4.6287165,0,,,,,234.60547732282294,0.00040608807,780.6746029917684,0.00039232132,0.0053253165,-0.0060750856
0.99902606,0.00038469755,0,0.0024035133,234.60455078415364,780.6751765473219,1860,9194.754,3.4293268,706.1064,0.24015673,12019.372,4.6283307,0,,,,,234.60455078415364,0.00040647632,780.6751765473219,0.0003927757,0.0052752416,-0.0060258643
1.0011455,0.00038469775,0,0.002404372,234.6049680117057,780.675006469819,1861,9214.081,3.4311767,705.6613,0.24008943,12044.871,4.628333,0,,,,,234.6049680117057,0.0004060489,780.675006469819,0.00039233267,0.0052184067,-0.0064977063
1.0000955,0.0003847352,0,0.0024052304,234.60575312469024,780.6742606690092,1862,9209.068,3.4307878,707.1604,0.23989955,12032.239,4.6287837,0,,,,,234.60575312469024,0.00040629736,780.6742606690092,0.0003925002,0.0055884165,-0.007186425
0.9997362,0.0003845444,0,0.0024060889,234.60472537237646,780.6751696306874,1863,9203.218,3.4302363,706.0859,0.24019864,12027.916,4.626488,0,,,,,234.60472537237646,0.00040600993,780.6751696306874,0.00039234446,0.0047703744,-0.006343397
1.0005158,0.00038486934,0,0.002406947,234.60478778777417,780.6746757014112,1864,9209.274,3.4306695,706.10645,0.23993139,12037.296,4.630398,0,,,,,234.60478778777417,0.00040605065,780.6746757014112,0.00039231664,0.0051724883,-0.006041977
1.0003781,0.00038485866,0,0.002407805,234.60395003916943,780.6754656123511,1865,9204.814,3.4302287,705.9432,0.24020475,12035.64,4.630269,0,,,,,234.60395003916943,0.0004061824,780.6754656123511,0.00039248727,0.00488731,-0.005486409
0.99970675,0.000384704,0,0.0024086628,234.60451507513176,780.6752881690131,1866,9199.389,3.429783,705.55566,0.23998143,12027.562,4.6284084,0,,,,,234.60451507513176,0.00040624256,780.6752881690131,0.0003925238,0.0050509963,-0.0058749723
1.0002245,0.00038448215,0,0.0024095206,234.6049282901298,780.6753409264968,1867,9201.774,3.4299452,705.55365,0.24010153,12033.79,4.625739,0,,,,,234.6049282901298,0.00040608062,780.6753409264968,0.00039243334,0.0046892622,-0.0051988275
1.0006838,0.00038475427,0,0.0024103778,234.605864175857,780.6757587568025,1868,9206.497,3.430442,705.4814,0.24005215,12039.316,4.629013,0,,,,,234.605864175857,0.00040601188,780.6757587568025,0.00039229944,0.0049905335,-0.0053187013
1.0004869,0.0003847349,0,0.0024112351,234.60501952161917,780.6751134204343,1869,9207.539,3.430449,705.6426,0.23981068,12036.947,4.6287804,0,,,,,234.60501952161917,0.00040610673,780.6751134204343,0.0003924138,0.0049798163,-0.0060053603
1.0001227,0.00038486088,0,0.0024120922,234.60522536911677,780.6739429759064,1870,9205.7,3.4304175,704.8706,0.24012442,12032.565,4.6302958,0,,,,,234.60522536911677,0.00040618452,780.6739429759064,0.00039239775,0.0052545676,-0.0064306166
0.99922895,0.0003846957,0,0.0024129492,234.60506186378848,780.6760645356266,1871,9194.976,3.4292748,704.7674,0.23986503,12021.813,4.628309,0,,,,,234.60506186378848,0.0004063565,780.6760645356266,0.0003926101,0.005069462,-0.005763567
0.9992607,0.00038452755,0,0.0024138058,234.60479412392385,780.6754247147844,1872,9193.753,3.4293473,706.6083,0.23992485,12022.195,4.6262856,0,,,,,234.60479412392385,0.00040623642,780.6754247147844,0.00039249216,0.0050220056,-0.0054518
1.0000176,0.0003847048,0,0.0024146624,234.60470850368824,780.6756369294288,1873,9200.805,3.4299393,706.01056,0.24002743,12031.302,4.628418,0,,,,,234.60470850368824,0.0004062098,780.6756369294288,0.00039253655,0.0048954836,-0.0054421234
1.0005296,0.00038476434,0,0.0024155187,234.60457972420988,780.6763781707771,1874,9203.095,3.430091,704.7808,0.24006951,12037.462,4.629134,0,,,,,234.60457972420988,0.00040623298,780.6763781707771,0.00039252004,0.004609276,-0.004842887
0.9996296,0.00038449687,0,0.0024163749,234.60431030224976,780.6747847838628,1875,9195.561,3.4293585,704.65247,0.23982021,12026.634,4.6259165,0,,,,,234.60431030224976,0.00040629285,780.6747847838628,0.00039260756,0.00441117,-0.004810243
1.0000243,0.00038466876,0,0.0024172307,234.60481468213624,780.674951307353,1876,9198.849,3.4296505,705.6785,0.23991111,12031.383,4.6279845,0,,,,,234.60481468213624,0.0004060482,780.674951307353,0.00039229315,0.0041386313,-0.0050123986
0.99969584,0.00038471833,0,0.0024180866,234.60473919451684,780.6750696615438,1877,9200.347,3.4297614,704.14075,0.24016495,12027.431,4.6285806,0,,,,,234.60473919451684,0.00040639297,780.6750696615438,0.00039269452,0.0043274793,-0.00569409
0.9997378,0.00038469807,0,0.002418942,234.6041707399811,780.6752327414871,1878,9199.76,3.429684,703.88654,0.24022381,12027.936,4.628337,0,,,,,234.6041707399811,0.00040597777,780.6752327414871,0.00039230165,0.0043813586,-0.0055743232
1.0000293,0.00038478352,8192,0.0024197975,234.60407580080462,780.6755519084028,1879,9200.802,3.4298544,703.80164,0.24011451,12031.443,4.629365,8192,,,,,234.60407580080462,0.00040602914,780.6755519084028,0.00039232627,0.0038092663,-0.0049990057
1.0002717,0.00038447487,0,0.0024206527,234.60374672792926,780.6762414578014,1880,9199.861,3.4295335,704.29114,0.24008733,12034.358,4.625652,0,,,,,234.60374672792926,0.00040595073,780.6762414578014,0.00039231498,0.0032926907,-0.0041557867
1.0003107,0.00038457752,0,0.0024215078,234.6035350483483,780.676040656884,1881,9201.821,3.4299912,705.71796,0.24028766,12034.827,4.626887,0,,,,,234.6035350483483,0.00040590964,780.676040656884,0.0003922406,0.0032726412,-0.004668125
0.9998613,0.00038440537,0,0.0024223626,234.60410232447106,780.6758868041525,1882,9195.07,3.4291537,703.5927,0.24058549,12029.421,4.6248155,0,,,,,234.60410232447106,0.00040612393,780.6758868041525,0.00039244886,0.0034112162,-0.0040512825
1.000998,0.0003848437,8192,0.0024232173,234.60388447242778,780.6760435063193,1883,9206.461,3.4303362,704.0334,0.24006401,12043.097,4.6300893,8192,,,,,234.60388447242778,0.000405729,780.6760435063193,0.00039212548,0.0031051284,-0.0038109657
1.0001993,0.00038444932,0,0.0024240718,234.60263928410257,780.6757968169102,1884,9197.86,3.429546,703.52893,0.24022116,12033.487,4.6253443,0,,,,,234.60263928410257,0.00040596232,780.6757968169102,0.00039235983,0.003028536,-0.0041316105
1.0007797,0.0003847134,0,0.002424926,234.6041452692466,780.6758575826891,1885,9207.549,3.4303489,703.8077,0.24011761,12040.472,4.6285214,0,,,,,234.6041452692466,0.00040567623,780.6758575826891,0.00039201253,0.003404316,-0.00525555
1.0008311,0.00038444015,0,0.00242578,234.60321437511834,780.675379054502,1886,9205.191,3.430129,703.0826,0.24043016,12041.09,4.625234,0,,,,,234.60321437511834,0.0004057673,780.675379054502,0.00039216454,0.00302698,-0.0047412617
0.9994925,0.00038459589,0,0.002426634,234.60333604151958,780.6758590572299,1887,9193.07,3.4291182,703.8883,0.2401327,12024.984,4.6271076,0,,,,,234.60333604151958,0.0004060465,780.6758590572299,0.0003924121,0.003140466,-0.004392904
0.9991493,0.00038453846,0,0.0024274876,234.60310940277682,780.6760742229725,1888,9186.662,3.4284592,704.4674,0.23994468,12020.855,4.6264167,0,,,,,234.60310940277682,0.0004065916,780.6760742229725,0.00039290162,0.0029915574,-0.0039654993
0.99886316,0.00038450368,0,0.0024283412,234.60272778286011,780.6761043762202,1889,9186.1045,3.4285088,703.92194,0.24009174,12017.412,4.6259985,0,,,,,234.60272778286011,0.00040675636,780.6761043762202,0.00039309787,0.003237344,-0.0042757243
0.9999437,0.00038444737,0,0.0024291945,234.60327622020344,780.6765651115146,1890,9192.763,3.4290183,703.90784,0.24000446,12030.412,4.625321,0,,,,,234.60327622020344,0.00040620993,780.6765651115146,0.00039254114,0.002854997,-0.0035301184
0.99993765,0.00038456236,0,0.0024300478,234.60301697313497,780.6768291438234,1891,9195.29,3.429159,704.0911,0.24019013,12030.34,4.626704,0,,,,,234.60301697313497,0.00040616348,780.6768291438234,0.00039253524,0.0027659605,-0.003371045
0.99969983,0.0003845364,0,0.0024309007,234.6032885649231,780.6772995304249,1892,9191.316,3.4288025,704.4088,0.23996128,12027.479,4.626392,0,,,,,234.6032885649231,0.0004062422,780.6772995304249,0.00039264586,0.0025181728,-0.0034628154
1.0004895,0.00038471018,0,0.0024317536,234.6037741616908,780.6763858354385,1893,9203.202,3.4298913,704.43176,0.24008802,12036.979,4.628483,0,,,,,234.6037741616908,0.00040599506,780.6763858354385,0.00039234717,0.0030999938,-0.004264036
0.99969107,0.00038448832,0,0.0024326062,234.60290303139902,780.6759179254315,1894,9195.026,3.4292023,703.60724,0.24032952,12027.373,4.6258135,0,,,,,234.60290303139902,0.00040600402,780.6759179254315,0.00039244126,0.0031062276,-0.0041410155
0.9992588,0.0003847218,0,0.0024334586,234.6034707560326,780.6768827104225,1895,9190.443,3.4288409,703.9047,0.24026908,12022.173,4.6286225,0,,,,,234.6034707560326,0.00040639803,780.6768827104225,0.00039277785,0.003185152,-0.0032319066
1.0006711,0.00038474123,0,0.0024343107,234.6015407352252,780.6772325577429,1896,9199.942,3.4295616,704.05945,0.24035573,12039.164,4.628856,0,,,,,234.6015407352252,0.00040655647,780.6772325577429,0.00039313358,0.0023594403,-0.0025403865
1.0002036,0.00038478544,0,0.0024351627,234.6033072924783,780.6768890761878,1897,9197.282,3.4293358,703.7402,0.2400324,12033.539,4.6293883,0,,,,,234.6033072924783,0.00040582736,780.6768890761878,0.0003922884,0.002634554,-0.0030429384
1.0005989,0.0003846451,0,0.0024360146,234.6029064482488,780.6774345257891,1898,9198.565,3.4295113,703.37897,0.24017651,12038.295,4.6277,0,,,,,234.6029064482488,0.00040612204,780.6774345257891,0.00039247493,0.0024681923,-0.0026182877
0.99935114,0.0003845299,0,0.0024368663,234.6033118803186,780.6781969832966,1899,9188.737,3.4285567,703.8413,0.24017647,12023.283,4.6263137,0,,,,,234.6033118803186,0.0004063491,780.6781969832966,0.0003927979,0.0025806827,-0.002832406
1.0001096,0.0003844525,0,0.0024377177,234.6036728035698,780.6766246500608,1900,9193.374,3.4290183,703.5801,0.2401667,12032.407,4.6253824,0,,,,,234.6036728035698,0.0004059987,780.6766246500608,0.00039248457,0.0023727014,-0.0026726103
0.99970716,0.00038471795,0,0.002438569,234.60417009094266,780.6767826579736,1901,9193.2,3.4291127,703.61145,0.24007024,12027.566,4.6285763,0,,,,,234.60417009094266,0.00040623438,780.6767826579736,0.00039261096,0.0026040904,-0.003374459
1.0001109,0.00038471716,0,0.00243942,234.6038466728717,780.6758624425502,1902,9197.12,3.4293027,702.94977,0.24039704,12032.424,4.6285667,0,,,,,234.6038466728717,0.0004060033,780.6758624425502,0.0003923258,0.0026943851,-0.0036166795
1.0001372,0.00038468465,0,0.002440271,234.60405411115704,780.6769388655755,1903,9196.054,3.4292715,703.86804,0.24005257,12032.741,4.6281757,0,,,,,234.60405411115704,0.000406194,780.6769388655755,0.00039254918,0.0029210525,-0.0032862767
0.9998284,0.00038456245,0,0.0024411217,234.60243391882366,780.6771789921033,1904,9190.482,3.428755,702.6379,0.23987615,12029.025,4.626705,0,,,,,234.60243391882366,0.00040625804,780.6771789921033,0.00039270084,0.0019715829,-0.0022235755
0.9997916,0.00038453238,0,0.0024419723,234.60336919560632,780.6778017089939,1905,9190.751,3.4286947,703.10547,0.23988026,12028.583,4.6263437,0,,,,,234.60336919560632,0.00040625542,780.6778017089939,0.00039261286,0.0019197189,-0.002402412
1.0002178,0.00038445691,0,0.0024428226,234.60187278730706,780.6773873703978,1906,9193.333,3.428956,703.0562,0.24014962,12033.71,4.625436,0,,,,,234.60187278730706,0.00040597917,780.6773873703978,0.00039247793,0.0016551352,-0.0022698494
0.99949694,0.00038451672,0,0.0024445227,234.6027756773911,780.677828433177,1908,9186.985,3.4284327,703.0971,0.24019927,12025.037,4.6261554,0,,,,,234.6027756773911,0.00040639914,780.677828433177,0.0003928381,0.0016612906,-0.001965137
1.0012859,0.0003847497,0,0.0024453723,234.60185335244978,780.6767319389219,1909,9202.059,3.4297495,703.2485,0.23992278,12046.561,4.628958,0,,,,,234.60185335244978,0.00040582963,780.6767319389219,0.0003923295,0.0012562224,-0.0014651519
0.99959266,0.0003843721,0,0.002446222,234.60208542346226,780.6774228888514,1910,9190.418,3.428741,703.9417,0.24019475,12026.189,4.6244154,0,,,,,234.60208542346226,0.00040612117,780.6774228888514,0.00039250316,0.0018056069,-0.0027832305
1.0002372,0.00038453192,0,0.0024470715,234.602302241953,780.677142913414,1911,9196.176,3.4292853,703.30194,0.24026828,12033.944,4.626338,0,,,,,234.602302241953,0.00040603205,780.677142913414,0.0003924141,0.0011330497,-0.0025685413
1.0002286,0.0003844237,0,0.0024479206,234.60121975309073,780.677233468527,1912,9194.22,3.4290805,702.9095,0.24019413,12033.841,4.6250362,0,,,,,234.60121975309073,0.00040586028,780.677233468527,0.0003922933,0.0014344204,-0.0021203938
1.0003903,0.00038452665,0,0.0024487695,234.60151385538475,780.6780164815979,1913,9193.897,3.429066,703.29297,0.24028419,12035.785,4.6262746,0,,,,,234.60151385538475,0.000406116,780.6780164815979,0.00039257767,0.0011457452,-0.0019637872
0.999794,0.00038451827,0,0.0024496184,234.60212500302362,780.6776200009947,1914,9189.422,3.4286292,703.4142,0.23976019,12028.611,4.626174,0,,,,,234.60212500302362,0.0004061165,780.6776200009947,0.000392515,0.001095452,-0.0016873218
1.0002173,0.00038458253,0,0.002450467,234.60125946095263,780.679048132648,1915,9191.368,3.4287,703.084,0.24043496,12033.705,4.626947,0,,,,,234.60125946095263,0.0004061781,780.679048132648,0.00039271713,7.104282e-05,-0.000650885
0.99997354,0.0003846144,0,0.0024513155,234.60155662694126,780.6796488411095,1916,9190.211,3.4286082,703.5118,0.24021836,12030.771,4.6273303,0,,,,,234.60155662694126,0.00040596124,780.6796488411095,0.0003924707,0.00014394187,-0.0010053783
1.0004026,0.00038459958,0,0.0024521637,234.60036118400905,780.6780584095889,1917,9192.253,3.4288356,702.96783,0.24031055,12035.933,4.627152,0,,,,,234.60036118400905,0.00040580804,780.6780584095889,0.00039231748,-0.0003552078,-0.0004723514
1.0002716,0.00038468197,0,0.0024530117,234.60118509088298,780.6789556348034,1918,9193.116,3.4289522,702.0205,0.24053599,12034.357,4.6281433,0,,,,,234.60118509088298,0.00040591403,780.6789556348034,0.00039246338,6.7660825e-05,-0.00075793813
1.0002075,0.0003843021,0,0.0024538597,234.60112785749487,780.6782369664837,1919,9193.569,3.4288821,702.8721,0.24022593,12033.587,4.6235733,0,,,,,234.60112785749487,0.00040567282,780.6782369664837,0.00039216178,-0.00033958151,-0.0010604011
1.000649,0.0003843584,0,0.0024547074,234.6021579651898,780.6783184561368,1920,9199.849,3.4294763,703.1805,0.23981586,12038.897,4.6242504,0,,,,,234.6021579651898,0.00040602477,780.6783184561368,0.00039241035,0.0004970481,-0.0015770876
0.99970603,0.00038472592,0,0.002455555,234.60043873867605,780.6787363878195,1921,9185.995,3.428162,702.7677,0.24001384,12027.553,4.628672,0,,,,,234.60043873867605,0.0004059367,780.6787363878195,0.00039244365,0.00028122313,-0.0006265572
0.99993837,0.00038456995,0,0.0024564022,234.6010882417293,780.6786410283962,1922,9189.087,3.4284422,702.8981,0.24017791,12030.349,4.626796,0,,,,,234.6010882417293,0.00040586008,780.6786410283962,0.0003923939,0.000411899,-0.0006531606
1.0004859,0.00038460578,0,0.0024572492,234.60125106182278,780.6793772416645,1923,9191.622,3.4288218,702.7335,0.23981543,12036.936,4.627227,0,,,,,234.60125106182278,0.0004061971,780.6793772416645,0.00039271466,-0.00024311327,-0.00010799149
0.9998059,0.00038461032,0,0.0024580962,234.60124853068288,780.6794979214033,1924,9186.537,3.4282393,702.2474,0.23996124,12028.755,4.627281,0,,,,,234.60124853068288,0.00040597923,780.6794979214033,0.00039254213,0.0,0.0
1.000104,0.00038452426,0,0.0024589428,234.60141646220515,780.6802823969238,1925,9186.68,3.4281611,702.49963,0.24024636,12032.341,4.626246,0,,,,,234.60141646220515,0.00040597713,780.6802823969238,0.00039249056,-0.00059270865,0.0006690528
0.9999066,0.00038457013,0,0.0024597894,234.60072792815242,780.6789172678182,1926,9186.4,3.4282594,702.4665,0.24021466,12029.966,4.6267977,0,,,,,234.60072792815242,0.00040610344,780.6789172678182,0.0003926205,0.0002963722,-0.00025612253
0.9999284,0.00038463887,0,0.0024606357,234.60094311957175,780.6793963058465,1927,9184.15,3.428051,702.6098,0.24003135,12030.229,4.627625,0,,,,,234.60094311957175,0.0004060642,780.6793963058465,0.00039260104,-0.00010526704,0.000529704
0.9993028,0.0003846646,0,0.002461482,234.6004833874416,780.6788972378899,1928,9181.269,3.427723,702.8098,0.23964472,12022.702,4.6279345,0,,,,,234.6004833874416,0.00040615367,780.6788972378899,0.00039269048,0.0004094712,-0.0001577239
1.0000924,0.00038459885,0,0.002462328,234.60068190326422,780.6791223259142,1929,9188.996,3.4283981,702.3251,0.24015728,12032.201,4.6271434,0,,,,,234.60068190326422,0.00040592442,780.6791223259142,0.00039244196,0.0002971965,-0.0004595193
1.0001866,0.00038460598,0,0.0024631738,234.60171717975305,780.6791390864171,1930,9192.1045,3.4287455,702.3083,0.24014859,12033.334,4.627229,0,,,,,234.60171717975305,0.00040575952,780.6791390864171,0.00039225045,0.0006196291,-0.00069783477
1.0001204,0.00038474167,8192,0.0024640192,234.6007370282035,780.678920363054,1931,9186.755,3.4281557,702.1549,0.24009016,12032.539,4.6288614,8192,,,,,234.6007370282035,0.00040589925,780.678920363054,0.0003924523,-0.0003148067,0.00034311131
0.9996565,0.00038467278,0,0.0024648646,234.6012227082914,780.6783581568731,1932,9184.203,3.4280176,703.3752,0.23982932,12026.957,4.6280327,0,,,,,234.6012227082914,0.000406035,780.6783581568731,0.000392558,0.00024614425,7.7661825e-05
0.999509,0.0003844642,0,0.00246571,234.60123466644296,780.6793349781527,1933,9179.9,3.4277,702.78326,0.24010362,12025.183,4.625523,0,,,,,234.60123466644296,0.00040616465,780.6793349781527,0.00039271658,4.6116114e-05,0.0003537811
1.0001392,0.0003845738,0,0.002466555,234.6012854872475,780.6794881787207,1934,9186.752,3.4282875,703.1231,0.23979552,12032.765,4.626842,0,,,,,234.6012854872475,0.00040616898,780.6794881787207,0.0003926977,0.0005144521,0.00010103351
1.0000297,0.00038455802,0,0.0024673997,234.60090660804127,780.6800672664638,1935,9182.668,3.4280016,703.13257,0.23984958,12031.447,4.6266522,0,,,,,234.60090660804127,0.00040630376,780.6800672664638,0.0003928407,0.000227808,0.00060590415
0.9999571,0.00038452412,0,0.0024682444,234.6016286170817,780.6798167598124,1936,9184.215,3.427967,702.2495,0.2398426,12030.573,4.626244,0,,,,,234.6016286170817,0.00040610155,780.6798167598124,0.00039262814,0.00020146344,0.0006242112
0.99998176,0.0003846243,8192,0.0024690889,234.60082533445774,780.6801122486171,1937,9182.45,3.4278665,702.16644,0.24031784,12030.87,4.6274495,8192,,,,,234.60082533445774,0.0004060283,780.6801122486171,0.0003926028,-0.00045411856,0.0011489121
1.0005112,0.0003845371,0,0.0024699331,234.6016911207504,780.6796208831952,1938,9188.749,3.4284565,703.00964,0.23999676,12037.24,4.6264005,0,,,,,234.6016911207504,0.0004058921,780.6796208831952,0.00039243576,0.00011452136,0.0005557098
0.9997814,0.00038453029,0,0.0024707771,234.60111342706074,780.6794952862733,1939,9181.946,3.4278674,702.76166,0.23974076,12028.46,4.6263185,0,,,,,234.60111342706074,0.00040610915,780.6794952862733,0.00039264164,-1.1176904e-05,0.0005343429
0.999993,0.00038463774,0,0.002471621,234.60142755254464,780.6787792170092,1940,9188.635,3.4283376,702.38257,0.2402584,12031.006,4.627611,0,,,,,234.60142755254464,0.00040602937,780.6787792170092,0.0003924875,0.00046980326,-0.00046574304
0.99949586,0.00038454065,0,0.0024724647,234.60083789235784,780.679517892673,1941,9179.581,3.427684,702.1593,0.2403285,12025.024,4.626443,0,,,,,234.60083789235784,0.00040607114,780.679517892673,0.00039260575,3.714096e-05,0.000772081
0.9995219,0.00038467345,0,0.0024733082,234.60113870570495,780.6799651819176,1942,9181.082,3.4277372,701.8162,0.2401023,12025.338,4.628041,0,,,,,234.60113870570495,0.00040620737,780.6799651819176,0.0003927748,4.6572855e-05,0.00044271714
1.0002726,0.00038472936,0,0.0024741516,234.60056292394168,780.6795281768009,1943,9184.907,3.4282694,704.71747,0.23995551,12034.37,4.6287136,0,,,,,234.60056292394168,0.00040570635,780.6795281768009,0.0003922958,-0.0006316214,0.0014027996
1.0007,0.00038464463,0,0.0024749946,234.60115255471072,780.6796241530845,1944,9190.41,3.428594,702.2409,0.23984954,12039.512,4.627694,0,,,,,234.60115255471072,0.0004060477,780.6796241530845,0.00039259015,-0.0003333524,0.0007616553
0.9993131,0.00038439585,0,0.0024758375,234.60086913015238,780.6799343942721,1945,9175.428,3.4271836,702.2339,0.24033736,12022.826,4.624701,0,,,,,234.60086913015238,0.00040616273,780.6799343942721,0.00039277587,4.6537138e-05,0.0014482613
0.9998233,0.00038465197,0,0.00247668,234.60088667746555,780.6804974826962,1946,9181.677,3.4278147,701.4364,0.24055421,12028.964,4.6277823,0,,,,,234.60088667746555,0.00040590632,780.6804974826962,0.00039251806,0.00019206492,0.00081029546
0.9995046,0.0003845938,0,0.0024775227,234.6001203802233,780.680108603691,1947,9177.402,3.427465,702.21844,0.24031337,12025.13,4.6270823,0,,,,,234.6001203802233,0.00040620528,780.680108603691,0.00039278483,-0.0009517904,0.0016704063
0.9998972,0.00038433538,0,0.002478365,234.6014827995154,780.6805450980032,1948,9180.913,3.4277384,701.8586,0.24041496,12029.853,4.6239734,0,,,,,234.6014827995154,0.00040598723,780.6805450980032,0.00039263547,0.0006282434,0.001329982
0.99998534,0.00038439673,0,0.0024792072,234.60123897159474,780.680947108767,1949,9180.202,3.4276445,701.4055,0.2399096,12030.913,4.6247115,0,,,,,234.60123897159474,0.00040610493,780.680947108767,0.00039274062,9.8449935e-05,0.0017514382
0.99922234,0.00038445773,0,0.0024800492,234.60084718876905,780.6806091105018,1950,9173.942,3.4271152,702.4592,0.23999149,12021.733,4.6254454,0,,,,,234.60084718876905,0.0004060681,780.6806091105018,0.00039266594,-0.00014512523,0.0020804026
0.9999573,0.00038455732,0,0.0024808908,234.6009367071337,780.6804179938053,1951,9179.547,3.427681,702.4083,0.24009705,12030.576,4.6266437,0,,,,,234.6009367071337,0.0004060584,780.6804179938053,0.00039261262,-0.0005520407,0.001909341
1.000221,0.00038475217,0,0.0024817325,234.60239530848418,780.6797512963296,1952,9186.428,3.428122,702.1531,0.24035208,12033.749,4.628988,0,,,,,234.60239530848418,0.00040582955,780.6797512963296,0.0003923612,-1.3660416e-06,0.0009348757
0.9996423,0.0003846693,0,0.0024825737,234.60072030617198,780.6802014744409,1953,9180.522,3.4276571,702.0474,0.24013299,12026.786,4.627991,0,,,,,234.60072030617198,0.00040581633,780.6802014744409,0.00039238512,-0.0005255594,0.0012856605
1.0002505,0.00038460392,0,0.002483415,234.60073276703045,780.6803487091815,1954,9184.322,3.428043,702.2906,0.23983853,12034.104,4.6272044,0,,,,,234.60073276703045,0.00040601482,780.6803487091815,0.00039256725,-5.7379024e-05,0.0015304202
0.9998127,0.00038449545,0,0.002484256,234.59999472375586,780.6800870705308,1955,9179.232,3.4275382,702.3603,0.24014753,12028.837,4.6258993,0,,,,,234.59999472375586,0.0004058956,780.6800870705308,0.00039251812,-0.00044383487,0.0019361639
1.0002893,0.00038448581,0,0.0024850967,234.60140775572125,780.6802868783741,1956,9183.231,3.4279556,702.4511,0.24031256,12034.571,4.6257834,0,,,,,234.60140775572125,0.00040591296,780.6802868783741,0.00039249813,1.55077e-05,0.0015862031
1.0002023,0.00038447592,0,0.0024859372,234.6005786107519,780.6800649233054,1957,9182.4,3.4277186,703.0893,0.23994511,12033.524,4.625664,0,,,,,234.6005786107519,0.00040586753,780.6800649233054,0.00039252779,-0.00045855597,0.0018237144
1.0006328,0.00038455654,0,0.0024867777,234.60116709441945,780.6805631430823,1958,9185.769,3.428215,702.3208,0.24005704,12038.703,4.626634,0,,,,,234.60116709441945,0.0004059156,780.6805631430823,0.00039246996,-0.000597332,0.0024020695
1.0004523,0.0003844635,0,0.002487618,234.60001396294342,780.681343524396,1959,9182.6045,3.427801,702.65704,0.24009109,12036.531,4.625515,0,,,,,234.60001396294342,0.00040583932,780.681343524396,0.00039247688,-0.0010080581,0.002574718
1.0014411,0.00038470665,128,0.0024884578,234.60029540671457,780.6803869938179,1960,9191.361,3.4291878,702.83215,0.24019732,12048.428,4.6284404,128,,,,,234.60029540671457,0.000405442,780.6803869938179,0.000392302,-0.0010000512,0.0026317567
0.99980325,0.00038445444,0,0.0024892977,234.59940514414177,780.6816838701639,1961,9176.141,3.4272938,702.78357,0.23955664,12028.723,4.625406,0,,,,,234.59940514414177,0.00040608988,780.6816838701639,0.00039275043,-0.0017673429,0.0029958112
0.9999637,0.00038455,0,0.0024901375,234.59980859595586,780.6814961339985,1962,9177.366,3.4273543,702.4461,0.24008287,12030.653,4.6265554,0,,,,,234.59980859595586,0.0004061369,780.6814961339985,0.00039279385,-0.0016050667,0.0028711017
1.0002713,0.00038436506,0,0.0024909768,234.59975681973296,780.6810957443394,1963,9179.426,3.4276059,702.7112,0.23961693,12034.354,4.6243305,0,,,,,234.59975681973296,0.00040615816,780.6810957443394,0.0003927843,-0.0015364699,0.0028497155
1.00107,0.00038459105,0,0.002491816,234.5993563107914,780.6805373524692,1964,9186.59,3.4282653,702.5355,0.24002714,12043.963,4.6270494,0,,,,,234.5993563107914,0.00040563452,780.6805373524692,0.00039230697,-0.00218039,0.003503272
1.0000479,0.0003844311,0,0.002492655,234.60065103298413,780.6815687093804,1965,9177.476,3.4273884,702.20715,0.2404402,12031.667,4.625125,0,,,,,234.60065103298413,0.00040613906,780.6815687093804,0.00039271766,-0.001553106,0.0031974013
1.0000654,0.00038437004,0,0.002493494,234.59960263356487,780.6819023886469,1966,9176.875,3.427418,702.712,0.23972301,12031.878,4.6243906,0,,,,,234.59960263356487,0.00040598947,780.6819023886469,0.000392665,-0.0013324152,0.003288384
0.99970204,0.00038447313,0,0.0024943326,234.60069140773084,780.6801203550549,1967,9176.29,3.4272656,701.81323,0.24031404,12027.505,4.625631,0,,,,,234.60069140773084,0.00040564119,780.6801203550549,0.00039223034,-0.001802028,0.0028943177
0.99996614,0.00038456204,0,0.002495171,234.59953608284104,780.6810739582272,1968,9180.982,3.4276457,702.63196,0.23985185,12030.683,4.6267004,0,,,,,234.59953608284104,0.00040594023,780.6810739582272,0.00039261347,-0.0017468315,0.0024947126
0.99977535,0.00038450208,0,0.0024960092,234.5997394205542,780.6800553661026,1969,9178.23,3.4274886,702.3805,0.24027961,12028.387,4.625979,0,,,,,234.5997394205542,0.000405952,780.6800553661026,0.0003925624,-0.0013160652,0.0024823942
0.99993366,0.00038440758,0,0.0024968474,234.60038087048872,780.6809773942265,1970,9177.871,3.4273767,702.17285,0.2399815,12030.292,4.624842,0,,,,,234.60038087048872,0.0004060836,780.6809773942265,0.00039270238,-0.0016069609,0.0029617096
0.9995094,0.00038456335,0,0.0024976854,234.5987797587627,780.6819511289054,1971,9174.0,3.4271302,701.5853,0.24019118,12025.1875,4.626716,0,,,,,234.5987797587627,0.00040603237,780.6819511289054,0.00039273422,-0.002079929,0.0031857505
0.99990827,0.00038467173,0,0.0024985229,234.59968636618282,780.6809431800183,1972,9176.474,3.4271374,700.9323,0.24028131,12029.986,4.6280203,0,,,,,234.59968636618282,0.0004059002,780.6809431800183,0.0003925414,-0.0019583942,0.0031363382
1.0003368,0.00038440936,0,0.0024993604,234.59989282019643,780.6806761558829,1973,9180.58,3.4276469,702.2468,0.23991558,12035.142,4.6248636,0,,,,,234.59989282019643,0.00040580746,780.6806761558829,0.00039245756,-0.0017834504,0.0034295074
1.001275,0.00038457723,0,0.0025001976,234.60003261681254,780.6819938072251,1974,9187.914,3.4284267,702.67426,0.24028142,12046.429,4.626883,0,,,,,234.60003261681254,0.0004054682,780.6819938072251,0.00039211937,-0.0017767667,0.003594973
0.99972296,0.0003844952,0,0.0025010349,234.6001235971137,780.6818864175596,1975,9175.159,3.4271119,702.2472,0.24011704,12027.757,4.625896,0,,,,,234.6001235971137,0.00040601756,780.6818864175596,0.00039268375,-0.0021598986,0.0036546127
0.9997938,0.00038435974,0,0.0025027085,234.59983392167396,780.6816873320013,1977,9174.078,3.4270737,702.02795,0.23983485,12028.609,4.6242666,0,,,,,234.59983392167396,0.00040586016,780.6816873320013,0.00039256166,-0.0023445014,0.003897051
1.0004712,0.00038455965,0,0.002503545,234.59916820016565,780.6815014801055,1978,9178.957,3.4273825,702.8017,0.24021567,12036.76,4.626672,0,,,,,234.59916820016565,0.00040585396,780.6815014801055,0.00039250182,-0.0025322067,0.003938231
0.99967176,0.00038436987,0,0.0025043814,234.59927059917794,780.6814641892373,1979,9175.874,3.4272163,702.5012,0.23970394,12027.141,4.624388,0,,,,,234.59927059917794,0.00040596683,780.6814641892373,0.00039264167,-0.0021694452,0.0033852851
0.99996233,0.00038456282,0,0.0025052174,234.59926829868837,780.6815658273224,1980,9178.078,3.4274578,702.0924,0.23965138,12030.637,4.62671,0,,,,,234.59926829868837,0.00040587856,780.6815658273224,0.000392558,-0.0026810735,0.0035454554
0.9998239,0.0003844642,0,0.0025060533,234.60018669544357,780.6811050675988,1981,9175.093,3.4271328,702.49976,0.23982286,12028.972,4.625523,0,,,,,234.60018669544357,0.00040615915,780.6811050675988,0.00039285238,-0.0018926152,0.0037585865
1.0001937,0.00038443774,0,0.002506889,234.5996929870785,780.6821632991127,1982,9175.905,3.427204,702.0977,0.23997441,12033.42,4.625205,0,,,,,234.5996929870785,0.00040570652,780.6821632991127,0.00039235555,-0.0019174794,0.003897932
0.99957573,0.00038442799,0,0.0025077246,234.60033102230278,780.6816354505758,1983,9171.237,3.426774,702.1222,0.24026792,12025.985,4.6250877,0,,,,,234.60033102230278,0.0004059891,780.6816354505758,0.00039261766,-0.0021506238,0.0040182285
0.9994787,0.00038411128,0,0.00250856,234.59931179902793,780.6823619097086,1984,9167.737,3.4266028,703.28015,0.23994668,12024.818,4.6212773,0,,,,,234.59931179902793,0.00040608709,780.6823619097086,0.00039278268,-0.002318827,0.004704073
0.99946296,0.00038444207,0,0.0025093951,234.5997974752142,780.681658327145,1985,9170.936,3.4267898,701.7576,0.24016361,12024.629,4.625257,0,,,,,234.5997974752142,0.00040631765,780.681658327145,0.00039292258,-0.0016912405,0.0037078522
0.9998108,0.00038445403,0,0.00251023,234.5995389729468,780.6816605408446,1986,9174.981,3.4271135,701.71594,0.24026087,12028.813,4.625401,0,,,,,234.5995389729468,0.00040601403,780.6816605408446,0.00039273352,-0.0017710472,0.0034900967
0.9997644,0.00038450913,0,0.0025110648,234.59948882788453,780.681413540748,1987,9176.474,3.4271646,701.2336,0.24019897,12028.255,4.626064,0,,,,,234.59948882788453,0.00040596828,780.681413540748,0.00039257304,-0.0018513723,0.0030496537
1.0008326,0.00038432458,0,0.0025118995,234.5996720587063,780.6813049693242,1988,9181.097,3.427646,700.4895,0.24035153,12041.106,4.6238437,0,,,,,234.5996720587063,0.00040553458,780.6813049693242,0.0003923117,-0.0025381418,0.004269554
0.9992152,0.00038432193,0,0.0025127337,234.59948048704592,780.6815996114158,1989,9167.771,3.426417,701.1139,0.24029171,12021.647,4.6238117,0,,,,,234.59948048704592,0.00040608807,780.6815996114158,0.00039278212,-0.0024093206,0.004145824
0.9997108,0.00038442345,0,0.002513568,234.59955260429135,780.6815709467496,1990,9169.631,3.4267817,701.2957,0.24006748,12027.61,4.625033,0,,,,,234.59955260429135,0.00040602943,780.6815709467496,0.00039271824,-0.0025165773,0.0045237215
0.9994127,0.00038428296,0,0.002514402,234.5992174005174,780.6820230669526,1991,9167.591,3.4265406,702.25134,0.23970693,12024.024,4.623343,0,,,,,234.5992174005174,0.0004061682,780.6820230669526,0.00039287162,-0.0024699103,0.00470204
1.0000223,0.00038432903,0,0.0025152357,234.5974621423106,780.6824102821499,1992,9173.481,3.4270506,701.70154,0.24013393,12031.357,4.623897,0,,,,,234.5974621423106,0.00040552212,780.6824102821499,0.00039234446,-0.00328525,0.004876759
0.9998104,0.00038450139,0,0.0025160692,234.59922223818637,780.6815203637033,1993,9174.837,3.4270494,700.77014,0.24005696,12028.809,4.625971,0,,,,,234.59922223818637,0.00040579404,780.6815203637033,0.00039239955,-0.0026532118,0.004095478
0.99952435,0.00038432857,0,0.0025169025,234.59913158567292,780.682078706968,1994,9169.985,3.426717,701.1537,0.23982184,12025.367,4.6238914,0,,,,,234.59913158567292,0.0004057573,780.682078706968,0.00039252776,-0.0025809933,0.0045689456
1.0000879,0.00038421154,0,0.0025177358,234.59861196060652,780.68312180575,1995,9173.6875,3.4253237,700.9487,0.23998642,12032.146,4.6224837,0,,,,,234.59861196060652,0.0004059154,780.68312180575,0.0003926707,-0.0037450497,0.0058937916
1.0000241,0.00038410773,0,0.0025185687,234.59909401132978,780.6835500818129,1996,9170.353,3.425038,701.05255,0.24002008,12031.38,4.6212344,0,,,,,234.59909401132978,0.00040587975,780.6835500818129,0.0003926287,-0.004088932,0.0065564862
1.0001024,0.0003841103,0,0.0025194015,234.59871983507134,780.6841397998312,1997,9172.502,3.4252384,701.3457,0.24003856,12032.322,4.6212654,0,,,,,234.59871983507134,0.00040593167,780.6841397998312,0.00039276227,-0.0040709,0.0064432085
1.0001388,0.00038412528,8192,0.002520234,234.5977961417192,780.6843128280699,1998,9170.5625,3.4249825,700.9442,0.24025178,12032.759,4.6214457,8192,,,,,234.5977961417192,0.0004056864,780.6843128280699,0.00039251818,-0.004877571,0.007105249
1.0000647,0.00038441218,0,0.0025210665,234.59805815265517,780.6825245133507,1999,9174.841,3.4270892,701.7815,0.24010614,12031.869,4.6248975,0,,,,,234.59805815265517,0.00040588912,780.6825245133507,0.0003926336,-0.004339069,0.0058491947
0.9998422,0.00038425653,0,0.0025218986,234.59784233957316,780.682541464956,2000,9173.176,3.4268918,700.9946,0.24051204,12029.191,4.623025,0,,,,,234.59784233957316,0.00040594963,780.682541464956,0.00039267828,-0.0044868863,0.0057103313
0.99973506,0.00038428215,0,0.0025227307,234.5973404158239,780.6818811354717,2001,9172.186,3.4267585,701.6418,0.23973066,12027.902,4.623333,0,,,,,234.5973404158239,0.0004058414,780.6818811354717,0.00039257415,-0.0045868377,0.0059049614
0.999995,0.00038429198,0,0.0025235624,234.59807505694124,780.6839903774384,2002,9170.974,3.4259827,701.8135,0.2397142,12031.029,4.623451,0,,,,,234.59807505694124,0.00040599905,780.6839903774384,0.00039278567,-0.004437509,0.006382077
1.0000634,0.0003841321,0,0.002524394,234.59750745626957,780.6845525977283,2003,9172.449,3.4260128,701.8558,0.2396492,12031.854,4.6215277,0,,,,,234.59750745626957,0.0004057583,780.6845525977283,0.00039266277,-0.004188132,0.00647792
0.99927175,0.0003840873,0,0.0025252255,234.5973311613963,780.6837897174626,2004,9162.236,3.424257,701.8322,0.23980391,12022.328,4.620989,0,,,,,234.5973311613963,0.00040593772,780.6837897174626,0.00039278693,-0.004902401,0.00708906
1.000825,0.00038411623,0,0.0025260567,234.5982839969548,780.6832718774829,2005,9176.953,3.4255583,701.90704,0.23971178,12041.017,4.621337,0,,,,,234.5982839969548,0.00040554215,780.6832718774829,0.0003922901,-0.004512492,0.0067766295
1.0001564,0.00038442772,0,0.0025268877,234.59738858732578,780.6831039995385,2006,9171.889,3.4268222,703.10565,0.23978889,12032.972,4.6250844,0,,,,,234.59738858732578,0.00040592664,780.6831039995385,0.00039276425,-0.0048623118,0.006569999
0.99966234,0.000384255,0,0.0025277184,234.59840905396874,780.6828969098699,2007,9170.725,3.4258854,701.90283,0.24018832,12027.027,4.6230063,0,,,,,234.59840905396874,0.0004057512,780.6828969098699,0.00039252985,-0.0042091347,0.006066111
0.99902743,0.00038400866,0,0.0025285492,234.5973106107723,780.6837110405536,2008,9161.916,3.4250462,701.7198,0.24009994,12019.389,4.620043,0,,,,,234.5973106107723,0.00040587047,780.6837110405536,0.00039275966,-0.0047883852,0.006611004
0.9997855,0.00038431733,0,0.0025293797,234.5978664131843,780.6843994827025,2009,9169.177,3.4249423,702.13245,0.24028413,12028.509,4.6237564,0,,,,,234.5978664131843,0.00040597806,780.6843994827025,0.00039279435,-0.0046654833,0.0066569103
0.9996049,0.00038407938,0,0.0025302097,234.59766447847142,780.6841362587725,2010,9164.232,3.4243221,701.08875,0.23992927,12026.336,4.6208935,0,,,,,234.59766447847142,0.00040584023,780.6841362587725,0.00039265474,-0.0049036806,0.0073702107
1.0005745,0.0003841655,0,0.0025310398,234.5980778789159,780.684268713276,2011,9173.926,3.4261928,702.1557,0.23983803,12038.001,4.6219296,0,,,,,234.5980778789159,0.0004057871,780.684268713276,0.00039260054,-0.0044483826,0.006746218
0.9992013,0.00038391034,0,0.0025318696,234.5980494095315,780.6845145124227,2012,9159.411,3.423875,700.8978,0.24010195,12021.48,4.61886,0,,,,,234.5980494095315,0.0004060401,780.6845145124227,0.0003928281,-0.0044296943,0.0071499893
1.0004908,0.0003841787,0,0.0025326994,234.5979359305636,780.6831711350463,2013,9175.056,3.4270236,701.8824,0.24008791,12036.994,4.6220884,0,,,,,234.5979359305636,0.00040568292,780.6831711350463,0.00039247735,-0.004181372,0.006083325
0.99969214,0.00038419542,0,0.0025335287,234.59754124702602,780.6841324333047,2014,9166.712,3.4245303,702.09515,0.23980133,12027.386,4.6222897,0,,,,,234.59754124702602,0.00040591098,780.6841324333047,0.00039269731,-0.004434517,0.006639611
0.99978393,0.00038414073,0,0.0025343578,234.59806915698607,780.6839701398733,2015,9168.741,3.4247746,701.6041,0.24001805,12028.49,4.6216316,0,,,,,234.59806915698607,0.0004056351,780.6839701398733,0.00039242723,-0.004053431,0.006543815
1.000272,0.00038397487,0,0.002535187,234.59585630601202,780.6848210783346,2016,9169.062,3.4248478,701.799,0.23971975,12034.362,4.619636,0,,,,,234.59585630601202,0.000405647,780.6848210783346,0.00039248983,-0.005077891,0.007872148
0.999361,0.00038398695,0,0.0025360158,234.5977534848382,780.6842543115201,2017,9162.348,3.4241393,702.4145,0.24004628,12023.401,4.6197815,0,,,,,234.5977534848382,0.00040612702,780.6842543115201,0.0003929074,-0.0046682893,0.007333792
0.9994066,0.00038389975,0,0.0025368445,234.59908229186624,780.6837865496109,2018,9160.222,3.4240737,702.0791,0.24015002,12023.95,4.6187325,0,,,,,234.59908229186624,0.00040584948,780.6837865496109,0.00039263497,-0.0049282475,0.0076724337
0.9998131,0.0003839316,0,0.0025376729,234.59776466200054,780.6843352973281,2019,9165.222,3.4244034,701.3971,0.23995642,12028.841,4.6191154,0,,,,,234.59776466200054,0.00040589957,780.6843352973281,0.00039269545,-0.0050344914,0.0074863154
0.9996219,0.00038406803,0,0.002538501,234.59623790840988,780.684014633468,2020,9163.359,3.4243522,701.66174,0.23972498,12026.541,4.620757,0,,,,,234.59623790840988,0.00040579683,780.684014633468,0.00039262342,-0.005076229,0.0073985327
1.0001235,0.00038409064,0,0.0025393292,234.59797633246427,780.6840312409809,2021,9170.828,3.424992,701.32996,0.23976631,12032.575,4.621029,0,,,,,234.59797633246427,0.0004058187,780.6840312409809,0.0003926564,-0.0048211184,0.007160201
1.0004934,0.00038439978,0,0.002540157,234.59736094198658,780.682144938075,2022,9171.646,3.4267838,701.08606,0.23994945,12037.026,4.624748,0,,,,,234.59736094198658,0.0004055582,780.682144938075,0.0003924028,-0.005474518,0.0075796805
0.9998632,0.00038407109,0,0.0025409847,234.59658656867492,780.6850632640914,2023,9165.286,3.4245043,701.05194,0.24038455,12029.444,4.620794,0,,,,,234.59658656867492,0.00040579418,780.6850632640914,0.0003927177,-0.0057490948,0.008090869
0.9990405,0.0003838269,0,0.0025418121,234.59713876079076,780.6851735526244,2024,9155.337,3.4238403,701.72363,0.24027713,12019.546,4.617856,0,,,,,234.59713876079076,0.00040636226,780.6851735526244,0.00039324237,-0.0056880834,0.0083311265
1.0007132,0.00038389384,0,0.0025426394,234.59687589662525,780.6839916880112,2025,9170.921,3.4249456,702.0345,0.2402005,12039.671,4.6186614,0,,,,,234.59687589662525,0.00040547238,780.6839916880112,0.00039235025,-0.005808336,0.008667649
1.0004381,0.0003840045,0,0.0025434664,234.59708451246826,780.6855347207511,2026,9166.232,3.4245558,701.382,0.24012475,12036.36,4.6199927,0,,,,,234.59708451246826,0.00040540646,780.6855347207511,0.0003923458,-0.006267016,0.009361147
1.0003625,0.0003840131,0,0.0025442932,234.5970045697506,780.6846276351623,2027,9168.419,3.424799,701.57074,0.24021699,12035.451,4.620096,0,,,,,234.5970045697506,0.00040571415,780.6846276351623,0.000392614,-0.005435612,0.00816179
0.99955183,0.00038410112,0,0.0025451197,234.5971340556197,780.6845065945352,2028,9162.339,3.424125,701.52954,0.24009068,12025.698,4.6211553,0,,,,,234.5971340556197,0.00040598324,780.6845065945352,0.00039282613,-0.0057905465,0.008337072
0.9992615,0.0003837256,0,0.0025459463,234.59687772593003,780.6852572009673,2029,9161.051,3.4241123,701.2206,0.23986198,12022.205,4.616637,0,,,,,234.59687772593003,0.0004057392,780.6852572009673,0.0003926308,-0.005339475,0.008033245
0.9999091,0.00038400776,0,0.0025467726,234.59581745531878,780.6854354977828,2030,9163.359,3.424262,701.15784,0.24008293,12029.996,4.620032,0,,,,,234.59581745531878,0.00040564442,780.6854354977828,0.00039256795,-0.0064741275,0.00916245
1.0006154,0.00038375182,0,0.0025475984,234.59647694426565,780.6859159863993,2031,9169.755,3.424844,702.1596,0.23992613,12038.493,4.6169524,0,,,,,234.59647694426565,0.00040549022,780.6859159863993,0.00039245744,-0.0061195493,0.009061773
0.99974966,0.00038384902,0,0.0025484243,234.59624761228736,780.684598263074,2032,9160.049,3.4239674,702.10986,0.24002495,12028.078,4.618122,0,,,,,234.59624761228736,0.0004057754,780.684598263074,0.00039268148,-0.006287117,0.009315071
1.0001316,0.00038377297,0,0.0025492501,234.5955647616558,780.686059037155,2033,9164.682,3.4243138,701.4015,0.24024037,12032.673,4.617207,0,,,,,234.5955647616558,0.00040585667,780.686059037155,0.00039278594,-0.0063849865,0.0089231515
1.0002934,0.00038388462,0,0.0025500755,234.59603798588202,780.6853624418136,2034,9163.118,3.4241965,700.38116,0.23977426,12034.619,4.6185503,0,,,,,234.59603798588202,0.0004057336,780.6853624418136,0.00039265543,-0.0069478145,0.009811688
1.0002117,0.00038405805,0,0.0025509007,234.59576655561835,780.6858973639137,2035,9166.566,3.424567,699.6603,0.24042735,12033.638,4.620637,0,,,,,234.59576655561835,0.00040571703,780.6858973639137,0.00039258308,-0.0068174796,0.00894341
1.0005552,0.00038405324,0,0.0025517258,234.5967888648012,780.6849945522872,2036,9169.78,3.424624,699.3809,0.2401119,12037.769,4.6205792,0,,,,,234.5967888648012,0.00040532526,780.6849945522872,0.0003922866,-0.006672376,0.008609968
0.99990284,0.000383938,0,0.0025525505,234.59645118515806,780.6856499573692,2037,9163.301,3.4241838,700.85333,0.24012579,12029.921,4.6191926,0,,,,,234.59645118515806,0.00040576354,780.6856499573692,0.00039269516,-0.006370703,0.008943446
1.0000148,0.00038402627,0,0.0025533752,234.59554613403174,780.6856002100657,2038,9161.518,3.4239814,699.9926,0.23986845,12031.268,4.6202545,0,,,,,234.59554613403174,0.00040578272,780.6856002100657,0.00039274423,-0.006806435,0.009596775
1.0000541,0.00038394824,0,0.0025541997,234.5959205587197,780.6850202074088,2039,9163.194,3.424188,700.2021,0.24033006,12031.741,4.6193156,0,,,,,234.5959205587197,0.0004056625,780.6850202074088,0.00039259988,-0.006533868,0.009127476
0.9997514,0.0003839646,0,0.0025550239,234.5954052911133,780.6863760423402,2040,9158.791,3.4237738,700.91864,0.23976092,12028.099,4.6195126,0,,,,,234.5954052911133,0.00040570777,780.6863760423402,0.00039269266,-0.007258835,0.009443517
0.9994284,0.00038390764,0,0.0025558479,234.5961725154983,780.6860167288714,2041,9156.497,3.4234838,699.98376,0.2400727,12024.213,4.6188273,0,,,,,234.5961725154983,0.0004058767,780.6860167288714,0.00039277185,-0.0071813744,0.009525827
1.0001832,0.00038400939,0,0.0025566719,234.5963991046363,780.6857081987101,2042,9162.739,3.4240973,701.1629,0.23969942,12033.294,4.6200514,0,,,,,234.5963991046363,0.00040594258,780.6857081987101,0.00039279152,-0.0077295457,0.009528134
1.000044,0.0003838844,0,0.0025574954,234.59560742730346,780.6857636637942,2043,9164.709,3.4243484,700.33624,0.23975275,12031.619,4.618548,0,,,,,234.59560742730346,0.0004056522,780.6857636637942,0.0003925012,-0.007446133,0.009050593
1.0000774,0.00038374722,0,0.002558319,234.59598380552126,780.685788973404,2044,9165.108,3.4244087,699.63354,0.23992,12032.0205,4.616897,0,,,,,234.59598380552126,0.000405791,780.685788973404,0.0003927239,-0.007679192,0.008877701
0.9998276,0.00038389384,0,0.0025591422,234.59504166151947,780.6857393291748,2045,9160.79,3.4240153,700.2706,0.23999585,12029.016,4.6186614,0,,,,,234.59504166151947,0.00040573772,780.6857393291748,0.00039273823,-0.007832605,0.009703605
0.9990481,0.00038399716,0,0.0025599652,234.59468049813347,780.6864088817041,2046,9151.835,3.4231012,700.6563,0.23986477,12019.638,4.6199045,0,,,,,234.59468049813347,0.0004060417,780.6864088817041,0.00039301574,-0.008282115,0.009975989
0.99947816,0.00038354853,0,0.002560788,234.5952101239058,780.6865509825814,2047,9155.677,3.4234831,700.27094,0.24024607,12024.812,4.6145067,0,,,,,234.5952101239058,0.000406055,780.6865509825814,0.0003930614,-0.007995608,0.010171082
0.9992651,0.00038391017,0,0.0025616107,234.5944581045179,780.6863403588045,2048,9152.861,3.4232638,700.55194,0.24018149,12022.248,4.618858,0,,,,,234.5944581045179,0.00040604878,780.6863403588045,0.00039310206,-0.008193852,0.010140937
0.9999825,0.00038390158,0,0.002562433,234.59495583549898,780.6868532205383,2049,9158.776,3.4236836,699.60156,0.23975202,12030.879,4.6187544,0,,,,,234.59495583549898,0.00040586045,780.6868532205383,0.0003928446,-0.008173225,0.010461998
1.0002036,0.0003838945,0,0.0025632554,234.5940286440818,780.6858323670765,2050,9162.451,3.424074,700.3076,0.24015576,12033.539,4.6186695,0,,,,,234.5940286440818,0.0004056535,780.6858323670765,0.00039266874,-0.008411423,0.009945743
0.9999917,0.00038392132,8192,0.0025640773,234.5952843087943,780.6852993598094,2051,9162.418,3.424066,699.7085,0.23984714,12030.99,4.618992,8192,,,,,234.5952843087943,0.00040597265,780.6852993598094,0.00039290724,-0.007914011,0.009206546
0.9989721,0.0003839074,0,0.0025648992,234.59498595770307,780.6850863419031,2052,9152.397,3.4231296,699.27295,0.24030417,12018.724,4.6188245,0,,,,,234.59498595770307,0.00040586627,780.6850863419031,0.00039276032,-0.007931217,0.009595153
1.0004115,0.0003840781,0,0.0025657208,234.5940582297863,780.6862142407026,2053,9163.551,3.4242036,700.4061,0.23976061,12036.041,4.620878,0,,,,,234.5940582297863,0.00040555806,780.6862142407026,0.0003925385,-0.0083147,0.010063457
0.9998208,0.00038399087,0,0.0025665422,234.59547574890723,780.6858269921552,2054,9157.094,3.4235668,700.5368,0.2398969,12028.935,4.6198287,0,,,,,234.59547574890723,0.00040572794,780.6858269921552,0.00039267077,-0.007963398,0.009979962
0.9997851,0.00038388668,0,0.0025673634,234.5937775942612,780.6852947178551,2055,9156.633,3.4234788,699.9427,0.23994641,12028.505,4.618575,0,,,,,234.5937775942612,0.00040560283,780.6852947178551,0.00039274304,-0.008573825,0.010158198
0.99961483,0.0003838906,0,0.0025681844,234.59519838152733,780.6868043707648,2056,9154.121,3.423242,700.3341,0.23995921,12026.456,4.6186223,0,,,,,234.59519838152733,0.00040584,780.6868043707648,0.0003928293,-0.008972618,0.010749184
1.00057,0.00038398692,0,0.0025690054,234.59404163589923,780.6866478027152,2057,9162.175,3.423873,700.38763,0.24002258,12037.948,4.619781,0,,,,,234.59404163589923,0.00040549575,780.6866478027152,0.00039258355,-0.008685283,0.010406888
0.99993694,0.00038402952,0,0.0025698259,234.5941824129184,780.6856649851013,2058,9158.63,3.423696,699.5611,0.2401252,12030.331,4.6202936,0,,,,,234.5941824129184,0.00040564148,780.6856649851013,0.00039260852,-0.008666879,0.010175222
0.9999573,0.00038373587,0,0.0025706463,234.59491287159008,780.6853970755204,2059,9160.552,3.423851,699.7682,0.24046677,12030.576,4.6167607,0,,,,,234.59491287159008,0.0004057335,780.6853970755204,0.0003927027,-0.00878921,0.010132885
0.99992055,0.00038391506,8192,0.0025714664,234.59425494735837,780.686522355272,2060,9159.03,3.423719,699.17633,0.23999214,12030.134,4.6189165,8192,,,,,234.59425494735837,0.00040561915,780.686522355272,0.0003926497,-0.008712436,0.010598983
0.99968904,0.00038402944,0,0.0025722864,234.5940041431408,780.6860946979702,2061,9154.81,3.4233387,699.8596,0.23974049,12027.349,4.6202927,0,,,,,234.5940041431408,0.00040574206,780.6860946979702,0.00039274705,-0.009168826,0.010700725
0.99973774,0.0003839414,0,0.0025731062,234.59309746309708,780.6858760949651,2062,9155.555,3.423359,700.09875,0.24010117,12027.935,4.6192336,0,,,,,234.59309746309708,0.00040593636,780.6858760949651,0.00039293818,-0.009575458,0.010705442
1.000267,0.0003839252,0,0.002573926,234.59404049634986,780.6859530292023,2063,9158.942,3.423711,699.1021,0.24006598,12034.303,4.6190386,0,,,,,234.59404049634986,0.00040576994,780.6859530292023,0.0003928105,-0.009499998,0.011014687
0.9998925,0.00038371494,0,0.0025747453,234.59286376036198,780.6870835938623,2064,9156.326,3.423383,699.4519,0.24023704,12029.796,4.616509,0,,,,,234.59286376036198,0.00040575908,780.6870835938623,0.00039283908,-0.009819445,0.01111116
1.0003506,0.00038389012,0,0.0025755644,234.5932945031447,780.6873170015378,2065,9158.905,3.4235158,699.89844,0.23968516,12035.308,4.6186166,0,,,,,234.5932945031447,0.00040561482,780.6873170015378,0.00039272057,-0.01002107,0.011536208
0.9995201,0.00038389576,0,0.0025763835,234.59293403725064,780.6858621643,2066,9153.411,3.4232008,699.72546,0.2398692,12025.316,4.6186843,0,,,,,234.59293403725064,0.00040585492,780.6858621643,0.00039284586,-0.00956648,0.010857779
0.99972516,0.00038388255,0,0.0025772022,234.59354475893588,780.6875976210995,2067,9156.109,3.4234254,699.58594,0.23995176,12027.783,4.6185255,0,,,,,234.59354475893588,0.00040576264,780.6875976210995,0.00039283372,-0.009952767,0.010766383
0.99940866,0.00038390662,0,0.0025780208,234.59349160434124,780.6867487804113,2068,9154.323,3.4232347,699.23065,0.23987263,12023.976,4.618815,0,,,,,234.59349160434124,0.00040588246,780.6867487804113,0.00039289668,-0.0097418185,0.010831613
1.0008293,0.00038411826,0,0.0025788392,234.59411059649693,780.6873476998987,2069,9163.378,3.4241533,699.80365,0.240062,12041.067,4.6213613,0,,,,,234.59411059649693,0.00040555993,780.6873476998987,0.00039262357,-0.009426332,0.011232833
0.9995663,0.0003839216,0,0.0025796574,234.59458606321286,780.6865959360807,2070,9153.412,3.4232829,699.5518,0.23978058,12025.872,4.618995,0,,,,,234.59458606321286,0.00040592582,780.6865959360807,0.00039291856,-0.009577669,0.011234532
0.99975884,0.00038403145,0,0.0025804753,234.59361134009637,780.6871022171149,2071,9152.427,3.4231718,699.41376,0.23990092,12028.188,4.620317,0,,,,,234.59361134009637,0.00040579028,780.6871022171149,0.00039284583,-0.010204245,0.011898792
0.99991995,0.00038398628,0,0.0025812932,234.59398464721676,780.6869869015711,2072,9153.839,3.423256,699.27905,0.24005176,12030.127,4.6197734,0,,,,,234.59398464721676,0.00040571348,780.6869869015711,0.00039278585,-0.010293231,0.012133985
0.99988765,0.0003837063,0,0.0025821107,234.59280778003665,780.6881496709706,2073,9152.35,3.4232116,699.16504,0.24035764,12029.738,4.616405,0,,,,,234.59280778003665,0.00040573624,780.6881496709706,0.0003929123,-0.010718095,0.012331519
0.9997193,0.0003839452,0,0.0025829282,234.59349994973695,780.6872934739115,2074,9152.329,3.4232104,699.25433,0.24006137,12027.713,4.6192794,0,,,,,234.59349994973695,0.00040574247,780.6872934739115,0.0003928347,-0.010527821,0.012230694
1.000958,0.0003839845,0,0.0025837452,234.59262288583105,780.6872930767141,2075,9162.805,3.423986,699.7693,0.23977925,12042.615,4.619752,0,,,,,234.59262288583105,0.00040531158,780.6872930767141,0.00039249967,-0.010467531,0.012009998
0.99960893,0.0003839197,0,0.0025845622,234.59293600559107,780.6866697977475,2076,9154.454,3.4232147,699.6648,0.24012513,12026.385,4.6189723,0,,,,,234.59293600559107,0.0004056849,780.6866697977475,0.00039277406,-0.010592128,0.011611398
0.9999845,0.0003838755,0,0.002585379,234.59285387016558,780.6876763219605,2077,9154.291,3.4231353,699.26483,0.23982638,12030.903,4.6184406,0,,,,,234.59285387016558,0.00040558455,780.6876763219605,0.00039268285,-0.010769491,0.012425869
1.000493,0.0003838879,0,0.0025861955,234.5924835003395,780.6875923157479,2078,9159.612,3.4236648,698.89355,0.24004498,12037.021,4.61859,0,,,,,234.5924835003395,0.00040562745,780.6875923157479,0.00039272907,-0.011109984,0.012450975
0.99955827,0.00038390653,0,0.0025870118,234.59159181678885,780.6880714212882,2079,9148.522,3.4229078,699.6684,0.23991753,12025.775,4.618814,0,,,,,234.59159181678885,0.00040585877,780.6880714212882,0.0003929986,-0.011613323,0.013263867
0.9998802,0.0003836557,0,0.002587828,234.5918222634106,780.688136250255,2080,9153.714,3.4231381,698.9826,0.2400789,12029.648,4.615796,0,,,,,234.5918222634106,0.0004056044,780.688136250255,0.00039273608,-0.011714892,0.01304024
0.99936414,0.00038370106,0,0.002588644,234.59184812440327,780.6892162528807,2081,9145.979,3.4223895,698.84125,0.23998894,12023.439,4.616342,0,,,,,234.59184812440327,0.00040560478,780.6892162528807,0.00039276804,-0.012104858,0.013852119
0.9997759,0.00038393264,0,0.0025894598,234.59238040704233,780.6883451413569,2082,9151.9375,3.423415,703.2654,0.2403027,12028.394,4.619128,0,,,,,234.59238040704233,0.0004058154,780.6883451413569,0.00039296417,-0.011757142,0.013276452
1.0000478,0.0003836114,128,0.0025902751,234.59157674656382,780.6885455387852,2083,9151.333,3.4234288,698.3578,0.24002318,12031.665,4.615263,128,,,,,234.59157674656382,0.00040589654,780.6885455387852,0.0003928134,-0.012115988,0.013845674
0.99915236,0.00038374463,0,0.0025910905,234.59231052085954,780.6889284377949,2084,9144.836,3.4223783,699.1994,0.2398391,12020.892,4.616866,0,,,,,234.59231052085954,0.00040605763,780.6889284377949,0.00039321254,-0.011827096,0.013661197
1.0000325,0.0003834505,0,0.0025919056,234.59235935948738,780.6879951474152,2085,9153.751,3.423192,698.6148,0.24004427,12031.481,4.6133275,0,,,,,234.59235935948738,0.0004056187,780.6879951474152,0.0003927775,-0.012462843,0.013247096
1.0001867,0.00038330536,0,0.0025927206,234.59200897770432,780.6881818236789,2086,9158.027,3.4235437,698.24084,0.24015038,12033.336,4.6115813,0,,,,,234.59200897770432,0.00040556878,780.6881818236789,0.0003927155,-0.012324953,0.013043339
0.99926007,0.00038369518,0,0.0025935352,234.59204750513027,780.688422349871,2087,9144.4,3.42225,699.70074,0.2398216,12022.1875,4.616271,0,,,,,234.59204750513027,0.000405927,780.688422349871,0.00039307465,-0.012267764,0.013838214
0.9993607,0.00038370275,0,0.00259435,234.59288191374247,780.688022267213,2088,9146.868,3.4224422,698.6899,0.23977707,12023.398,4.616362,0,,,,,234.59288191374247,0.00040589835,780.688022267213,0.00039303463,-0.011789053,0.013580907
0.9998271,0.00038386515,0,0.002595164,234.5919881053484,780.6886780538359,2089,9148.04,3.4226542,698.4044,0.24001688,12029.01,4.618316,0,,,,,234.5919881053484,0.00040562803,780.6886780538359,0.00039283195,-0.012215996,0.014153825
0.9990964,0.00038361916,0,0.0025959783,234.59272586722568,780.6885287199193,2090,9143.327,3.4222307,699.0125,0.24006073,12020.219,4.6153564,0,,,,,234.59272586722568,0.00040584587,780.6885287199193,0.00039299214,-0.011941642,0.013830815
0.99994797,0.00038380147,0,0.0025976058,234.5928344138681,780.6888666600737,2092,9150.117,3.4228265,698.8551,0.23971187,12030.464,4.61755,0,,,,,234.5928344138681,0.00040570673,780.6888666600737,0.00039287473,-0.011244141,0.013502856
0.99951714,0.0003839409,0,0.0025984193,234.591929341066,780.6894883516319,2093,9143.48,3.4221747,697.952,0.23986194,12025.28,4.6192274,0,,,,,234.591929341066,0.00040608796,780.6894883516319,0.00039323606,-0.011687228,0.014008619
1.0000148,0.00038386334,0,0.0025992326,234.5918491999435,780.6889068065276,2094,9150.642,3.4227257,698.00244,0.24003838,12031.268,4.6182942,0,,,,,234.5918491999435,0.00040569933,780.6889068065276,0.00039284964,-0.011507101,0.013531697
1.000331,0.0003838222,0,0.0026000456,234.59228570950228,780.6880944928553,2095,9153.283,3.4230545,698.8041,0.23983452,12035.073,4.6177993,0,,,,,234.59228570950228,0.00040574517,780.6880944928553,0.00039284243,-0.011643363,0.013633842
1.0006759,0.00038354084,0,0.0026008585,234.5916964122429,780.6886758881465,2096,9160.87,3.4237263,699.34753,0.2396791,12039.222,4.614414,0,,,,,234.5916964122429,0.0004054613,780.6886758881465,0.000392673,-0.011464063,0.012797842
1.0000215,0.00038375516,0,0.0026016713,234.59148512585517,780.6879845995757,2097,9150.415,3.42279,697.51263,0.24022539,12031.348,4.616993,0,,,,,234.59148512585517,0.0004057291,780.6879845995757,0.00039286693,-0.012175565,0.013764727
1.0001347,0.0003838174,0,0.0026024836,234.59304909103233,780.6886729785965,2098,9152.783,3.4230175,699.50665,0.240038,12032.711,4.6177416,0,,,,,234.59304909103233,0.00040553705,780.6886729785965,0.00039270628,-0.011638843,0.013587775
1.0002967,0.00038394716,0,0.002603296,234.59166608025834,780.688784528348,2099,9151.454,3.4228249,698.0325,0.24000245,12034.66,4.6193027,0,,,,,234.59166608025834,0.00040557477,780.688784528348,0.0003927431,-0.011651581,0.014063182
1.0002338,0.00038366136,0,0.0026041078,234.59170420901842,780.6884295499282,2100,9152.847,3.4230494,699.0216,0.24014252,12033.902,4.6158643,0,,,,,234.59170420901842,0.00040593508,780.6884295499282,0.00039290797,-0.011587966,0.0140341865
0.9994845,0.00038382536,0,0.0026049197,234.59291081594878,780.6886703608193,2101,9143.513,3.4221454,697.3865,0.23994167,12024.888,4.6178374,0,,,,,234.59291081594878,0.0004058895,780.6886703608193,0.00039304447,-0.011621784,0.01440693
0.9995488,0.0003835939,0,0.0026057314,234.5919678788936,780.6896716545132,2102,9145.91,3.4222944,697.80707,0.2401711,12025.661,4.6150527,0,,,,,234.5919678788936,0.00040572017,780.6896716545132,0.00039290913,-0.012107591,0.014388137
1.0001761,0.00038380222,0,0.0026065428,234.5927818177511,780.6892068553642,2103,9148.874,3.4227498,698.5262,0.2399803,12033.208,4.617559,0,,,,,234.5927818177511,0.00040585507,780.6892068553642,0.00039305576,-0.012205716,0.0148725705
0.9999436,0.00038377303,0,0.002607354,234.59227215766995,780.6896290952216,2104,9147.198,3.4225411,698.57733,0.23983261,12030.411,4.617208,0,,,,,234.59227215766995,0.00040573257,780.6896290952216,0.00039297575,-0.011576826,0.014548131
1.0003289,0.00038381648,0,0.0026081651,234.59083004205493,780.6893314593925,2105,9149.128,3.4225981,697.5799,0.24017294,12035.047,4.6177306,0,,,,,234.59083004205493,0.00040574264,780.6893314593925,0.00039299618,-0.012543015,0.01505663
1.0003376,0.0003838386,8192,0.0026089759,234.59160189910392,780.6885663627352,2106,9150.132,3.4225512,698.0631,0.23955967,12035.151,4.6179967,8192,,,,,234.59160189910392,0.00040556898,780.6885663627352,0.00039275584,-0.011995167,0.014922824
1.0002202,0.00038366424,0,0.0026097863,234.59193558669168,780.6893819591739,2107,9150.981,3.4228587,697.6657,0.23997694,12033.739,4.615899,0,,,,,234.59193558669168,0.00040565245,780.6893819591739,0.00039282668,-0.01211843,0.014492299
1.001021,0.00038372734,0,0.0026105968,234.59236516012515,780.6878903232415,2108,9159.674,3.423651,698.6635,0.23967865,12043.374,4.616658,0,,,,,234.59236516012515,0.0004054778,780.6878903232415,0.0003925925,-0.01107104,0.013942442
0.9992071,0.00038371945,0,0.002611407,234.5929518394185,780.6893881720277,2109,9139.782,3.421753,698.2571,0.2399261,12021.55,4.6165633,0,,,,,234.5929518394185,0.00040568516,780.6893881720277,0.00039292657,-0.011829368,0.01504731
0.9997512,0.00038348886,0,0.002612217,234.5926642554039,780.6894439327252,2110,9145.85,3.422342,698.58435,0.24012701,12028.097,4.613789,0,,,,,234.5926642554039,0.0004057171,780.6894439327252,0.00039293777,-0.0116026765,0.01472181
0.99949247,0.00038373508,0,0.0026130269,234.5921721484743,780.688683378611,2111,9142.209,3.4219477,697.6068,0.23998839,12024.983,4.616751,0,,,,,234.5921721484743,0.00040563144,780.688683378611,0.00039281047,-0.011717742,0.014901024
1.0004886,0.00038400176,0,0.0026138364,234.5922175386109,780.6891402416768,2112,9150.776,3.4228253,698.36127,0.23967275,12036.969,4.61996,0,,,,,234.5922175386109,0.00040575204,780.6891402416768,0.00039296987,-0.011779401,0.014869367
0.99961257,0.0003839621,0,0.0026146458,234.59124918915447,780.6889001756069,2113,9142.398,3.4219236,697.5997,0.23994163,12026.429,4.6194825,0,,,,,234.59124918915447,0.00040591697,780.6889001756069,0.00039311041,-0.012223572,0.015134609
0.9996792,0.00038395473,0,0.0026154548,234.59054491373482,780.6898205306874,2114,9142.794,3.4220967,697.69495,0.23981366,12027.23,4.619394,0,,,,,234.59054491373482,0.00040563595,780.6898205306874,0.00039288815,-0.012273642,0.015409442
1.0003841,0.00038391585,0,0.0026162637,234.59195602493986,780.6894417364615,2115,9147.927,3.4224854,697.5213,0.2401082,12035.711,4.618926,0,,,,,234.59195602493986,0.0004056687,780.6894417364615,0.00039291373,-0.011964523,0.015492459
1.0003041,0.0003838773,8192,0.0026170725,234.5914451751866,780.6898775221043,2116,9146.583,3.4223988,698.35364,0.24017182,12034.749,4.6184626,8192,,,,,234.5914451751866,0.00040552983,780.6898775221043,0.0003927745,-0.012183346,0.01564763
1.0002577,0.00038379096,0,0.0026178812,234.59192715021243,780.6898316817139,2117,9145.869,3.422343,697.9965,0.24010965,12034.19,4.6174235,0,,,,,234.59192715021243,0.0004057464,780.6898316817139,0.00039297054,-0.012151608,0.015539386
1.0000876,0.0003836484,0,0.0026186893,234.59225025730046,780.6902211686723,2118,9143.422,3.4222372,698.8647,0.24027194,12032.144,4.6157084,0,,,,,234.59225025730046,0.0004057594,780.6902211686723,0.00039305043,-0.012093672,0.016178075
1.0001886,0.00038352254,0,0.0026194975,234.59270594119496,780.6905128473526,2119,9144.583,3.4220533,697.6341,0.23978166,12033.358,4.614194,0,,,,,234.59270594119496,0.00040561098,780.6905128473526,0.00039288422,-0.012200954,0.01619223
0.99952555,0.0003838419,0,0.0026203054,234.5916654172111,780.690617774683,2120,9138.224,3.4216392,698.34863,0.23961419,12025.382,4.6180363,0,,,,,234.5916654172111,0.0004059387,780.690617774683,0.0003931639,-0.012368147,0.01574107
0.99985105,0.00038389076,0,0.002621113,234.5917192247174,780.6904581347543,2121,9141.254,3.4218717,697.8905,0.23988776,12029.298,4.618624,0,,,,,234.5917192247174,0.0004056752,780.6904581347543,0.00039292805,-0.012601617,0.016242856
1.0002779,0.00038370246,0,0.002622728,234.59188326186498,780.6898523333429,2123,9150.167,3.4225762,697.4312,0.23990723,12034.433,4.6163588,0,,,,,234.59188326186498,0.00040554287,780.6898523333429,0.00039277587,-0.012045324,0.015084901
0.9992532,0.0003834561,0,0.002623535,234.59237266640895,780.6897094529777,2124,9138.672,3.4215796,697.9099,0.23980737,12022.105,4.6133947,0,,,,,234.59237266640895,0.00040573234,780.6897094529777,0.0003929852,-0.012137354,0.015721813
1.0003338,0.00038361904,0,0.0026243418,234.5914865101698,780.6909763089701,2125,9147.143,3.4222412,696.1609,0.24016556,12035.105,4.615355,0,,,,,234.5914865101698,0.0004054089,780.6909763089701,0.00039271222,-0.012023713,0.015999679
0.9996473,0.00038354384,8192,0.0026251485,234.59290944600951,780.6905896558944,2126,9138.112,3.4216707,698.41156,0.23996449,12026.847,4.6144505,8192,,,,,234.59290944600951,0.00040590783,780.6905896558944,0.00039302625,-0.012374919,0.016494906
0.99953914,0.00038332838,0,0.002625955,234.59155127973366,780.690761415417,2127,9138.806,3.4216647,697.7244,0.24003384,12025.545,4.6118584,0,,,,,234.59155127973366,0.000405843,780.690761415417,0.00039313635,-0.011841287,0.016385468
0.9998062,0.00038356826,0,0.002626761,234.59129279000075,780.6913875517555,2128,9140.186,3.4217482,697.27466,0.23983291,12028.759,4.614744,0,,,,,234.59129279000075,0.00040579907,780.6913875517555,0.00039313888,-0.012418739,0.016682345
0.9995483,0.00038374308,0,0.0026275672,234.59285594345147,780.6901396709457,2129,9142.274,3.4219112,697.9291,0.23977289,12025.655,4.6168475,0,,,,,234.59285594345147,0.000405728,780.6901396709457,0.00039294615,-0.011809246,0.015630387
0.9996079,0.00038379707,0,0.002628373,234.59160200248854,780.6907771069234,2130,9141.1875,3.421816,698.10657,0.23966804,12026.373,4.617497,0,,,,,234.59160200248854,0.00040564287,780.6907771069234,0.00039295302,-0.012436979,0.01599151
0.99907666,0.00038343837,0,0.0026291786,234.59225575652187,780.6903678114961,2131,9136.872,3.421354,697.8582,0.2398776,12019.981,4.6131816,0,,,,,234.59225575652187,0.00040594238,780.6903678114961,0.00039313963,-0.012206856,0.01634981
0.99993813,0.00038355804,0,0.0026299842,234.59160984882445,780.6903173017615,2132,9140.633,3.4217918,698.05365,0.24000321,12030.346,4.614621,0,,,,,234.59160984882445,0.00040546095,780.6903173017615,0.00039282328,-0.012799281,0.017007086
0.9999526,0.0003831122,0,0.0026307893,234.59222641001577,780.6911810250257,2133,9141.829,3.4219322,698.2863,0.23953685,12030.52,4.609257,0,,,,,234.59222641001577,0.0004057764,780.6911810250257,0.0003931132,-0.012358961,0.016982844
1.0006162,0.00038368654,0,0.0026315942,234.5910853532097,780.690811075847,2134,9144.838,3.42219,696.8366,0.24003738,12038.503,4.616167,0,,,,,234.5910853532097,0.0004053744,780.690811075847,0.0003927656,-0.013095321,0.017403511
1.0006661,0.0003834942,0,0.002632399,234.59074416252764,780.69026430595,2135,9151.234,3.4226968,697.31305,0.23981325,12039.1045,4.613853,0,,,,,234.59074416252764,0.0004053715,780.69026430595,0.00039262438,-0.012572164,0.016191449
0.9997909,0.00038372853,0,0.0026332038,234.59073421759476,780.6899136182178,2136,9140.937,3.421774,697.59344,0.23980469,12028.574,4.6166725,0,,,,,234.59073421759476,0.00040553228,780.6899136182178,0.00039276725,-0.012691545,0.016519452
0.99898535,0.00038362434,0,0.002634008,234.59198378655827,780.690015432579,2137,9136.045,3.4213934,698.37555,0.23979382,12018.883,4.615419,0,,,,,234.59198378655827,0.0004058356,780.690015432579,0.00039309033,-0.012473281,0.016491706
0.9990878,0.0003833829,8192,0.0026348121,234.592570392272,780.6915905016172,2138,9131.442,3.4209926,696.9346,0.23972932,12020.115,4.612514,8192,,,,,234.592570392272,0.0004059802,780.6915905016172,0.0003932383,-0.012886704,0.017604882
0.998489,0.00038331412,0,0.002635616,234.59181845803744,780.6906564357672,2139,9127.002,3.4206657,697.8423,0.23993322,12012.911,4.6116867,0,,,,,234.59181845803744,0.00040607984,780.6906564357672,0.0003933494,-0.012813019,0.017543186
0.99948376,0.00038336898,0,0.0026372233,234.59129123301014,780.691006353177,2141,9136.603,3.4213042,697.1486,0.24001777,12024.879,4.6123466,0,,,,,234.59129123301014,0.0004057968,780.691006353177,0.00039316295,-0.012850284,0.017540557
0.9999442,0.00038356244,0,0.0026380266,234.5910740721735,780.6905831153686,2142,9140.003,3.4216626,698.06757,0.23967314,12030.419,4.614674,0,,,,,234.5910740721735,0.00040571028,780.6905831153686,0.00039303186,-0.01328522,0.017339109
1.0000899,0.00038372097,16,0.0026388299,234.5908136510534,780.6903514454173,2143,9143.513,3.4219391,696.8146,0.23994179,12032.172,4.6165814,16,,,,,234.5908136510534,0.00040559206,780.6903514454173,0.00039296076,-0.013161126,0.016860608
0.99962425,0.00038338415,16,0.0026396327,234.5911724897539,780.6925146723468,2144,9134.983,3.4212675,697.704,0.2404104,12026.569,4.6125293,16,,,,,234.5911724897539,0.00040567966,780.6925146723468,0.0003930552,-0.012964067,0.018169854
0.9990005,0.00038355164,16,0.0026404355,234.59167502255062,780.6916773017185,2145,9130.848,3.420748,697.0717,0.24017178,12019.064,4.6145444,16,,,,,234.59167502255062,0.00040582436,780.6916773017185,0.00039318364,-0.013031168,0.018572098
0.9999919,0.00038356023,16,0.0026412378,234.59064602005824,780.6921252403876,2146,9137.026,3.4218588,701.2452,0.24024522,12030.992,4.6146474,16,,,,,234.59064602005824,0.00040566898,780.6921252403876,0.00039311495,-0.013201717,0.01873302
0.9996725,0.00038331977,16,0.0026420401,234.59077330911464,780.6925982690084,2147,9134.279,3.4211733,696.9443,0.24003914,12027.149,4.6117544,16,,,,,234.59077330911464,0.00040569602,780.6925982690084,0.00039308655,-0.013330784,0.018572377
0.9993261,0.0003830807,16,0.0026428422,234.59116268166363,780.6920620595156,2148,9131.679,3.420922,697.0535,0.23997697,12022.982,4.6088786,16,,,,,234.59116268166363,0.00040579974,780.6920620595156,0.00039314845,-0.012895099,0.018447436
1.0000194,0.00038373447,16,0.002643644,234.590796812691,780.6903575436053,2149,9135.646,3.4213126,697.52045,0.23998956,12031.323,4.616744,16,,,,,234.590796812691,0.00040591,780.6903575436053,0.0003932686,-0.0137593895,0.017399853
0.9997249,0.00038352126,0,0.0026444457,234.59024534103236,780.6911865445877,2150,9136.016,3.4214604,698.06146,0.239845,12027.78,4.6141787,0,,,,,234.59024534103236,0.00040581776,780.6911865445877,0.00039317517,-0.013884707,0.017755367
0.9989107,0.00038307626,0,0.0026452472,234.5907432379967,780.6919746765357,2151,9127.027,3.4204473,697.7311,0.23975088,12017.984,4.6088247,0,,,,,234.5907432379967,0.00040589581,780.6919746765357,0.00039326996,-0.013456543,0.018266205
0.99970675,0.00038330533,0,0.0026460483,234.59076091353433,780.6917263400527,2152,9133.781,3.4210901,696.53094,0.24022637,12027.562,4.611581,0,,,,,234.59076091353433,0.00040563144,780.6917263400527,0.00039292953,-0.0136662265,0.018854836
1.0005903,0.00038367126,16,0.0026468493,234.59076190787434,780.6915244024517,2153,9141.561,3.421771,696.6446,0.23984642,12038.191,4.6159835,16,,,,,234.59076190787434,0.00040544278,780.6915244024517,0.00039286356,-0.013756714,0.018542886
1.0000643,0.00038349867,16,0.0026476502,234.5905984376426,780.692454998521,2154,9137.41,3.4214742,697.137,0.23994201,12031.863,4.613907,16,,,,,234.5905984376426,0.00040586112,780.692454998521,0.0003932531,-0.013583514,0.018745214
0.99921054,0.000383502,16,0.0026484507,234.59050960825363,780.6916137316059,2155,9131.012,3.4207823,697.09393,0.24011679,12021.592,4.613947,16,,,,,234.59050960825363,0.00040563787,780.6916137316059,0.00039291935,-0.013716318,0.018364988
0.9999609,0.00038374122,16,0.0026492511,234.5907502017215,780.6922203680792,2156,9139.287,3.4215982,698.7754,0.24008915,12030.619,4.616825,16,,,,,234.5907502017215,0.00040551156,780.6922203680792,0.00039292738,-0.013595836,0.018361066
1.0005543,0.00038374297,16,0.0026500514,234.59016386497092,780.6919717985237,2157,9141.39,3.4217606,698.1849,0.24002926,12037.759,4.616846,16,,,,,234.59016386497092,0.00040534802,780.6919717985237,0.00039280564,-0.014048312,0.019097738
0.9997131,0.00038304366,144,0.0026508512,234.59035984820855,780.6925826893366,2158,9134.331,3.4217103,697.3002,0.24013391,12027.639,4.608433,144,,,,,234.59035984820855,0.00040571066,780.6925826893366,0.000393146,-0.013771148,0.019303681
0.9999397,0.00038330615,16,0.002651651,234.59026023597357,780.6926126569344,2159,9132.786,3.4209266,698.41754,0.23957841,12030.364,4.611591,16,,,,,234.59026023597357,0.00040551598,780.6926126569344,0.00039296178,-0.014262406,0.019845804
0.9995764,0.0003832098,8208,0.0026524505,234.59007194303697,780.6933805310357,2160,9129.675,3.4207468,697.6666,0.24006729,12025.993,4.610431,8208,,,,,234.59007194303697,0.00040592047,780.6933805310357,0.00039334194,-0.014739784,0.02021108
1.0000737,0.00038379937,16,0.0026532498,234.58918347804723,780.6924712414396,2161,9133.946,3.4212425,697.99756,0.24023113,12031.977,4.6175246,16,,,,,234.58918347804723,0.0004056044,780.6924712414396,0.00039304284,-0.015445992,0.019899065
0.9992756,0.0003836949,16,0.002654049,234.58861472184924,780.691579601127,2162,9132.706,3.4211657,699.1425,0.23986672,12022.375,4.6162677,16,,,,,234.58861472184924,0.00040566735,780.691579601127,0.00039307354,-0.015649814,0.018707404
1.0000046,0.00038386445,0,0.002654848,234.5885554607942,780.6928586082784,2163,9135.961,3.4214807,698.72833,0.23979668,12031.1455,4.6183076,0,,,,,234.5885554607942,0.00040559363,780.6928586082784,0.0003930789,-0.015778957,0.01970097
1.0000154,0.00038377082,0,0.0026556465,234.58814944101954,780.6929316065443,2164,9136.113,3.4214945,698.8314,0.23990372,12031.275,4.6171813,0,,,,,234.58814944101954,0.00040547093,780.6929316065443,0.00039302066,-0.015850484,0.019964306
0.9999562,0.00038398302,128,0.0026564451,234.58854673223507,780.6926319277208,2165,9131.585,3.421905,698.95593,0.24031886,12030.5625,4.6197343,128,,,,,234.58854673223507,0.0004060455,780.6926319277208,0.00039339648,-0.016244631,0.020629117
0.99907273,0.00038364987,0,0.0026572433,234.58952067137108,780.6938698656717,2166,9126.707,3.4206123,698.8389,0.23995501,12019.934,4.615726,0,,,,,234.58952067137108,0.00040579855,780.6938698656717,0.00039330614,-0.016118806,0.020223679
0.99935454,0.00038360897,0,0.0026580414,234.58859773040905,780.6932265695441,2167,9126.094,3.4205263,698.6498,0.24002574,12023.324,4.615234,0,,,,,234.58859773040905,0.0004057199,780.6932265695441,0.00039324575,-0.016331373,0.020876678
0.99922985,0.0003835809,0,0.002658839,234.5889902130055,780.6932604468932,2168,9130.097,3.420908,699.27106,0.23983242,12021.824,4.6148963,0,,,,,234.5889902130055,0.00040586284,780.6932604468932,0.00039335023,-0.016061423,0.01990332
0.99994123,0.00038363333,0,0.0026596368,234.58842526144747,780.6924937148492,2169,9135.227,3.4213426,698.72626,0.24013712,12030.383,4.615527,0,,,,,234.58842526144747,0.00040555416,780.6924937148492,0.00039307133,-0.016519947,0.02037272
0.9999156,0.00038362283,0,0.0026604342,234.58782792103864,780.6936549858326,2170,9136.007,3.4215019,698.4446,0.23997575,12030.074,4.615401,0,,,,,234.58782792103864,0.00040547503,780.6936549858326,0.0003929452,-0.016655026,0.020457853
1.0000392,0.00038376293,0,0.0026612314,234.58796695065996,780.6935691579417,2171,9133.166,3.4210918,697.56915,0.24008462,12031.562,4.6170864,0,,,,,234.58796695065996,0.00040536764,780.6935691579417,0.0003928734,-0.017468337,0.021078752
1.0000297,0.0003837213,0,0.0026620284,234.58866089333077,780.6935643007271,2172,9133.769,3.421151,698.2373,0.23993647,12031.446,4.6165853,0,,,,,234.58866089333077,0.00040571197,780.6935643007271,0.0003931873,-0.016875938,0.020773463
0.99973726,0.000383725,0,0.0026628252,234.58856694267686,780.6939734160926,2173,9126.781,3.4204829,698.389,0.2398246,12027.929,4.61663,0,,,,,234.58856694267686,0.0004055706,780.6939734160926,0.000393098,-0.016965399,0.02132942
0.99970806,0.00038358435,0,0.002663622,234.58887793261715,780.6932154663457,2174,9130.227,3.4208965,699.1654,0.23998116,12027.577,4.614938,0,,,,,234.58887793261715,0.00040562745,780.6932154663457,0.00039305133,-0.016327845,0.02059137
0.99974304,0.00038356878,0,0.0026644182,234.58746846956188,780.6940121551436,2175,9130.704,3.4208322,697.7978,0.24008857,12027.998,4.6147504,0,,,,,234.58746846956188,0.00040563155,780.6940121551436,0.00039314947,-0.01622423,0.020476578
0.99987084,0.00038370249,0,0.0026652142,234.58932246560482,780.6926450701994,2176,9134.825,3.4212205,698.5479,0.2401074,12029.536,4.616359,0,,,,,234.58932246560482,0.00040546595,780.6926450701994,0.0003929296,-0.0155698685,0.019625846
0.9991708,0.00038360772,0,0.0026660103,234.58816570979678,780.6938569097349,2177,9124.51,3.420435,697.40784,0.23990938,12021.113,4.615219,0,,,,,234.58816570979678,0.00040582023,780.6938569097349,0.00039335247,-0.01559723,0.020539794
0.9996471,0.00038374585,0,0.0026668059,234.58948812372594,780.6927228282096,2178,9129.159,3.4208298,698.9725,0.23994085,12026.844,4.616881,0,,,,,234.58948812372594,0.00040576188,780.6927228282096,0.0003932026,-0.015386318,0.02021117
0.99943256,0.00038356474,0,0.0026676015,234.58911761542998,780.6939261020856,2179,9125.248,3.4203284,698.1744,0.24000478,12024.263,4.6147017,0,,,,,234.58911761542998,0.0004057256,780.6939261020856,0.0003932655,-0.015847757,0.020784788
0.9996531,0.00038375572,0,0.0026683968,234.58910133299867,780.6931858935422,2180,9126.568,3.4203932,697.6171,0.24017672,12026.916,4.6169996,0,,,,,234.58910133299867,0.0004057382,780.6931858935422,0.00039319583,-0.015931418,0.020902192
1.0000576,0.00038380243,0,0.002669192,234.5894258165652,780.6931749422674,2181,9131.233,3.420927,697.7324,0.2401075,12031.782,4.6175613,0,,,,,234.5894258165652,0.0004054672,780.6931749422674,0.0003929489,-0.016229937,0.020626822
1.000101,0.0003838686,0,0.0026699868,234.58890386860372,780.6925249634335,2182,9134.02,3.4212735,696.9325,0.23990808,12032.305,4.6183577,0,,,,,234.58890386860372,0.0004057415,780.6925249634335,0.00039320282,-0.016131455,0.020160506
0.9998401,0.00038378296,0,0.0026707815,234.589025929791,780.6933535753026,2183,9131.053,3.420912,697.5887,0.23977268,12029.166,4.617327,0,,,,,234.589025929791,0.00040563085,780.6933535753026,0.00039318568,-0.01607314,0.020491071
1.0002087,0.00038386008,0,0.0026715759,234.58849165323545,780.693063894825,2184,9131.434,3.4208796,697.25726,0.24035399,12033.601,4.618255,0,,,,,234.58849165323545,0.00040563868,780.693063894825,0.000393149,-0.01656387,0.02104682
0.9989921,0.00038347536,0,0.00267237,234.58896862933562,780.6940586514172,2185,9119.923,3.4198349,697.1576,0.23970595,12018.964,4.6136265,0,,,,,234.58896862933562,0.00040594474,780.6940586514172,0.00039340684,-0.016513694,0.021381706
0.9996676,0.0003838059,0,0.002673164,234.5885092186531,780.6933655557918,2186,9124.204,3.420377,697.0367,0.23985142,12027.091,4.6176033,0,,,,,234.5885092186531,0.00040569494,780.6933655557918,0.00039317782,-0.01683364,0.021565953
0.99997795,0.00038372644,0,0.002673958,234.58856750727603,780.6943135413139,2187,9127.885,3.4204705,697.57007,0.23999272,12030.824,4.6166472,0,,,,,234.58856750727603,0.00040556368,780.6943135413139,0.00039303006,-0.016775234,0.02135132
0.99926704,0.00038381037,0,0.0026747514,234.58840170760084,780.6942308883542,2188,9122.421,3.420061,698.1129,0.2399034,12022.271,4.617657,0,,,,,234.58840170760084,0.00040588007,780.6942308883542,0.00039341772,-0.01706479,0.021194374
0.9990245,0.00038353624,0,0.002675545,234.58751859279454,780.692652228624,2189,9124.902,3.4202719,697.8848,0.24009413,12019.354,4.614359,0,,,,,234.58751859279454,0.0004057359,780.692652228624,0.00039321053,-0.016823955,0.020292139
0.99977833,0.00038384757,0,0.002676338,234.5880993036234,780.6943586916063,2190,9127.964,3.4204621,697.9203,0.2396412,12028.423,4.6181045,0,,,,,234.5880993036234,0.0004054941,780.6943586916063,0.0003930307,-0.017011924,0.020915287
0.9994365,0.00038391186,0,0.002677131,234.58844024760074,780.6938880173681,2191,9125.136,3.420432,697.6054,0.2398007,12024.311,4.618878,0,,,,,234.58844024760074,0.00040581953,780.6938880173681,0.0003933252,-0.01672307,0.020776866
1.0001069,0.00038385147,0,0.0026779238,234.58704997914572,780.6940957446561,2192,9127.456,3.420542,697.4816,0.24002887,12032.376,4.6181517,0,,,,,234.58704997914572,0.0004055434,780.6940957446561,0.0003931289,-0.017436298,0.0217576
1.0002592,0.00038386165,0,0.0026787163,234.58753008980062,780.693982993025,2193,9130.312,3.420722,697.0451,0.23985775,12034.208,4.618274,0,,,,,234.58753008980062,0.00040559063,780.693982993025,0.00039310005,-0.01745684,0.021434132
1.0000056,0.00038379972,0,0.0026795086,234.5864966125588,780.6939883318362,2194,9124.8955,3.4202483,697.16473,0.23990922,12031.157,4.617529,0,,,,,234.5864966125588,0.00040568423,780.6939883318362,0.0003932417,-0.01802803,0.02189384
0.9999655,0.0003838038,0,0.0026803007,234.58661005779902,780.6938067346056,2195,9129.869,3.4206936,697.8423,0.24000189,12030.675,4.617578,0,,,,,234.58661005779902,0.00040572896,780.6938067346056,0.00039326487,-0.01747197,0.020949915
0.9997167,0.00038382137,0,0.0026810926,234.58778480266756,780.6938441499436,2196,9127.001,3.4206371,696.6982,0.24022232,12027.682,4.6177893,0,,,,,234.58778480266756,0.00040589692,780.6938441499436,0.0003934268,-0.017824294,0.021075226
0.99930906,0.00038382967,8192,0.0026818842,234.58865777383122,780.6938807722748,2197,9124.521,3.4202166,697.6425,0.23987545,12022.777,4.6178894,8192,,,,,234.58865777383122,0.00040594244,780.6938807722748,0.00039343451,-0.01731735,0.020710168
1.0002146,0.0003839107,0,0.0026826756,234.58748911584243,780.6941484391912,2198,9127.54,3.4205606,697.3424,0.24038121,12033.672,4.618864,0,,,,,234.58748911584243,0.00040553536,780.6941484391912,0.00039308015,-0.017603349,0.021613838
1.0004199,0.00038387705,0,0.002683467,234.58793520581094,780.694098116249,2199,9129.834,3.4207444,697.151,0.24030204,12036.141,4.618459,0,,,,,234.58793520581094,0.00040525637,780.694098116249,0.00039277817,-0.017484024,0.021663483
0.9998633,0.0003838539,0,0.002684258,234.58726426006626,780.6945531424483,2200,9122.591,3.420085,697.76733,0.23995857,12029.445,4.6181808,0,,,,,234.58726426006626,0.000405517,780.6945531424483,0.0003931028,-0.018051244,0.02215511
1.0002443,0.0003839499,0,0.0026850486,234.58745225550297,780.6939475444233,2201,9127.415,3.4206228,697.476,0.2400127,12034.028,4.6193357,0,,,,,234.58745225550297,0.0004055784,780.6939475444233,0.00039317153,-0.017782705,0.021841912
0.9999637,0.0003838829,0,0.0026858393,234.58694202821098,780.6938563574447,2202,9125.274,3.4202256,697.6703,0.2399654,12030.653,4.61853,0,,,,,234.58694202821098,0.00040540815,780.6938563574447,0.00039290907,-0.018053558,0.021907045
1.0008373,0.00038390228,0,0.0026866298,234.58649581605192,780.6939800930122,2203,9136.627,3.4213493,697.83453,0.2400724,12041.163,4.618763,0,,,,,234.58649581605192,0.00040548338,780.6939800930122,0.00039292613,-0.017945774,0.021104608
0.99993026,0.00038376448,0,0.0026874198,234.58718119358628,780.6942205520606,2204,9127.29,3.4204726,698.11084,0.23996612,12030.251,4.617105,0,,,,,234.58718119358628,0.00040570306,780.6942205520606,0.00039306702,-0.018420301,0.02145073
0.9997868,0.00038375208,0,0.0026882098,234.58655987433934,780.6938452518864,2205,9124.59,3.4201496,697.0599,0.23976481,12028.524,4.6169558,0,,,,,234.58655987433934,0.00040569028,780.6938452518864,0.00039320617,-0.018448006,0.021830915
1.0001751,0.0003838336,0,0.0026889995,234.58648831895482,780.6943761549671,2206,9126.932,3.4204042,697.11084,0.24042973,12033.197,4.6179366,0,,,,,234.58648831895482,0.00040540667,780.6943761549671,0.00039298495,-0.01856287,0.022235356
0.9996835,0.00038383325,0,0.002689789,234.58609892419034,780.6949884646481,2207,9121.538,3.4198701,697.47156,0.23974787,12027.282,4.6179323,0,,,,,234.58609892419034,0.0004057879,780.6949884646481,0.00039343105,-0.018668484,0.022501694
0.9997851,0.00038387816,0,0.0026905783,234.58710604941564,780.6951274626038,2208,9121.644,3.4200327,697.9666,0.2400625,12028.505,4.6184726,0,,,,,234.58710604941564,0.00040567864,780.6951274626038,0.00039328268,-0.018805197,0.022465482
0.99969804,0.0003836843,0,0.0026913674,234.58678179283876,780.6948486181886,2209,9121.224,3.4199474,697.71,0.23994164,12027.457,4.6161404,0,,,,,234.58678179283876,0.00040563053,780.6948486181886,0.00039319773,-0.01881772,0.022499435
0.9994733,0.00038349887,0,0.0026921565,234.586425277051,780.693168293293,2210,9123.774,3.4202476,698.6534,0.23998801,12024.753,4.6139092,0,,,,,234.586425277051,0.00040570556,780.693168293293,0.00039325067,-0.018806336,0.021657953
1.0002007,0.00038372175,0,0.002692945,234.58638398550016,780.6941555847798,2211,9128.313,3.4204695,697.71375,0.24003279,12033.505,4.616591,0,,,,,234.58638398550016,0.00040566223,780.6941555847798,0.00039322363,-0.019103758,0.021825567
1.0000248,0.0003838886,0,0.0026937334,234.58677788002626,780.6944022017378,2212,9125.344,3.4203892,697.8108,0.2398186,12031.388,4.6185985,0,,,,,234.58677788002626,0.00040573336,780.6944022017378,0.00039330104,-0.018982911,0.022216156
1.0006149,0.00038389675,0,0.0026945218,234.5853212524227,780.6957479429773,2213,9127.867,3.420493,696.819,0.24010816,12038.487,4.618696,0,,,,,234.5853212524227,0.00040548865,780.6957479429773,0.00039299007,-0.019384017,0.022784298
0.99943197,0.0003837782,0,0.0026953097,234.58684547627675,780.6947565555911,2214,9118.32,3.419686,697.93134,0.24000712,12024.256,4.61727,0,,,,,234.58684547627675,0.00040588,780.6947565555911,0.0003934199,-0.01923721,0.022602722
1.00003,0.000383829,0,0.0026960976,234.58521004149003,780.6950818649166,2215,9120.755,3.419813,697.2661,0.23987429,12031.451,4.6178813,0,,,,,234.58521004149003,0.0004056388,780.6950818649166,0.0003932378,-0.020139165,0.023499446
1.0002176,0.00038382594,0,0.002696885,234.58620218493832,780.6947077206926,2216,9124.712,3.4201212,696.9762,0.2398604,12033.708,4.6178446,0,,,,,234.58620218493832,0.0004056475,780.6947077206926,0.00039308777,-0.019806305,0.022878828
0.99990827,0.00038358947,0,0.0026976725,234.58484167921478,780.6947337948652,2217,9122.361,3.4200351,697.6243,0.24001224,12029.986,4.6149993,0,,,,,234.58484167921478,0.00040586686,780.6947337948652,0.00039333067,-0.019950468,0.022933992
1.0001249,0.0003835251,0,0.0026984597,234.58713192969194,780.6942391905022,2218,9128.687,3.4206238,698.52246,0.23996693,12032.593,4.614225,0,,,,,234.58713192969194,0.00040561054,780.6942391905022,0.00039318626,-0.019452598,0.02204652
1.0007485,0.0003835564,0,0.0026992466,234.586734232836,780.6943141599427,2219,9129.404,3.4206598,697.453,0.24009919,12040.095,4.6146016,0,,,,,234.586734232836,0.00040551834,780.6943141599427,0.0003930343,-0.020094775,0.022866992
1.0000716,0.00038369675,0,0.0027000334,234.58522676778142,780.6951542248119,2220,9124.193,3.4203181,698.5511,0.23985109,12031.952,4.61629,0,,,,,234.58522676778142,0.00040583778,780.6951542248119,0.0003933352,-0.019960253,0.022877773
0.99922174,0.00038373648,0,0.0027008199,234.58590309115814,780.6950325472183,2221,9113.5625,3.4191866,697.7339,0.24015518,12021.727,4.616768,0,,,,,234.58590309115814,0.00040575105,780.6950325472183,0.00039336202,-0.020141385,0.023625098
1.0001199,0.00038380746,8192,0.0027016061,234.5843859440664,780.6954940826818,2222,9123.25,3.4200735,697.9856,0.24008779,12032.532,4.617622,8192,,,,,234.5843859440664,0.0004057245,780.6954940826818,0.00039325046,-0.020178536,0.02330972
0.9999591,0.0003837993,0,0.0027023922,234.5848974944916,780.6958939535846,2223,9118.912,3.4197934,697.91534,0.24032281,12030.598,4.617524,0,,,,,234.5848974944916,0.00040561365,780.6958939535846,0.00039319045,-0.020592071,0.023829004
0.99914294,0.00038359407,0,0.002703178,234.5845217555909,780.6948127420237,2224,9114.851,3.4192033,696.95483,0.24012347,12020.778,4.6150546,0,,,,,234.5845217555909,0.0004058263,780.6948127420237,0.00039343417,-0.020460736,0.02314293
1.0000495,0.0003836463,0,0.0027039635,234.58508182946628,780.69509241003,2225,9123.774,3.4200857,696.8332,0.24022244,12031.685,4.615683,0,,,,,234.58508182946628,0.000405365,780.69509241003,0.00039304036,-0.020479217,0.02307243
1.00062,0.00038359853,0,0.0027047491,234.58458379780316,780.6946533349038,2226,9131.118,3.4207578,697.44653,0.24023138,12038.549,4.6151085,0,,,,,234.58458379780316,0.00040571796,780.6946533349038,0.00039323632,-0.02037748,0.022640036
1.0004287,0.00038352245,0,0.0027055342,234.58479300715226,780.6951327143986,2227,9126.343,3.4203167,696.9825,0.2402219,12036.247,4.614193,0,,,,,234.58479300715226,0.0004055683,780.6951327143986,0.00039316292,-0.021005528,0.023587737
0.99993443,0.00038363758,0,0.0027063193,234.58413297896044,780.6956934433499,2228,9120.672,3.4197354,697.509,0.23996507,12030.301,4.615578,0,,,,,234.58413297896044,0.00040580475,780.6956934433499,0.0003934119,-0.020915559,0.023652725
0.99947095,0.00038363005,0,0.002707104,234.58531379510856,780.6953943737394,2229,9115.893,3.419415,696.7236,0.24017052,12024.725,4.6154876,0,,,,,234.58531379510856,0.00040575783,780.6953943737394,0.00039345375,-0.0210598,0.02375466
1.000528,0.00038360647,0,0.0027078886,234.58493881297235,780.695604981901,2230,9123.976,3.4201763,697.0319,0.24010706,12037.441,4.615204,0,,,,,234.58493881297235,0.00040562236,780.695604981901,0.00039333402,-0.021230472,0.024182163
1.0001587,0.00038363782,0,0.002708673,234.58482209922755,780.6956791594516,2231,9120.899,3.4198053,696.7766,0.24013,12032.999,4.615581,0,,,,,234.58482209922755,0.00040549392,780.6956791594516,0.0003931548,-0.021263625,0.0242113
0.99977064,0.0003833883,0,0.002709457,234.58426594309321,780.6958249178924,2232,9117.258,3.41952,697.33813,0.23973984,12028.33,4.6125793,0,,,,,234.58426594309321,0.00040571604,780.6958249178924,0.00039336475,-0.021480195,0.023898927
1.0002997,0.00038335205,0,0.002710241,234.58476666584778,780.695358652443,2233,9126.316,3.4203541,697.3184,0.2399608,12034.695,4.612143,0,,,,,234.58476666584778,0.00040565289,780.695358652443,0.00039329898,-0.020870123,0.023165908
0.99989337,0.0003833905,0,0.0027110246,234.58445425567496,780.6953844879731,2234,9120.982,3.419866,697.5021,0.23983428,12029.807,4.6126056,0,,,,,234.58445425567496,0.00040573752,780.6953844879731,0.00039329368,-0.021223646,0.023598572
1.0001944,0.0003835591,0,0.002711808,234.5841197490426,780.6957427712299,2235,9123.655,3.419989,696.4518,0.24003518,12033.43,4.614634,0,,,,,234.5841197490426,0.00040553635,780.6957427712299,0.00039316405,-0.021076897,0.023602808
0.9994483,0.00038334916,0,0.0027125913,234.58382374708611,780.6958138333207,2236,9113.206,3.419566,700.7067,0.24016607,12024.452,4.612108,0,,,,,234.58382374708611,0.00040590236,780.6958138333207,0.00039347485,-0.021675223,0.024406066
1.0004092,0.00038364704,128,0.0027133743,234.58429843443813,780.6954942549809,2237,9124.0625,3.4208803,697.00586,0.23977262,12036.014,4.615692,128,,,,,234.58429843443813,0.00040554412,780.6954942549809,0.00039322738,-0.021453626,0.023910103
0.9994851,0.00038346383,0,0.002714157,234.58378046564735,780.6963485865458,2238,9112.332,3.4189863,696.784,0.24012373,12024.895,4.6134877,0,,,,,234.58378046564735,0.00040562975,780.6963485865458,0.00039320497,-0.021860063,0.024660137
1.000321,0.0003836964,0,0.0027149399,234.58404554669698,780.6960833859694,2239,9121.11,3.419844,696.4055,0.23987773,12034.952,4.616286,0,,,,,234.58404554669698,0.000405332,780.6960833859694,0.00039306478,-0.021475345,0.02439402
0.99960697,0.00038353886,0,0.0027157222,234.58315595675174,780.6963573805183,2240,9112.422,3.418929,696.8629,0.24028562,12026.361,4.6143904,0,,,,,234.58315595675174,0.00040558382,780.6963573805183,0.00039310718,-0.021999514,0.025156027
1.0000737,0.000383259,0,0.0027165043,234.5843538231602,780.6952531199888,2241,9122.341,3.41984,695.927,0.2402613,12031.977,4.6110234,0,,,,,234.5843538231602,0.0004055445,780.6952531199888,0.00039306682,-0.02187828,0.023800632
1.0004042,0.00038328784,0,0.0027172863,234.58451137936856,780.695636415958,2242,9123.978,3.4201078,696.9062,0.23982313,12035.953,4.6113706,0,,,,,234.58451137936856,0.00040554232,780.695636415958,0.0003932494,-0.02190486,0.02413966
1.0002229,0.00038347428,0,0.002718068,234.5834216737802,780.6958730598551,2243,9121.283,3.4197373,697.064,0.2398975,12033.772,4.6136136,0,,,,,234.5834216737802,0.00040547477,780.6958730598551,0.00039323888,-0.02200286,0.02470232
0.9998987,0.0003833561,0,0.0027188496,234.58228880302545,780.6965743720109,2244,9115.927,3.4193048,697.09106,0.23978814,12029.871,4.6121917,0,,,,,234.58228880302545,0.00040573927,780.6965743720109,0.00039335588,-0.022883069,0.02541926
1.0005873,0.00038321002,0,0.0027196307,234.58315738454422,780.6966112796127,2245,9123.129,3.4198883,696.6239,0.24014685,12038.156,4.610434,0,,,,,234.58315738454422,0.00040548376,780.6966112796127,0.00039316135,-0.022973454,0.025385039
1.0003552,0.0003832841,0,0.0027204119,234.58295105313047,780.6967092601349,2246,9118.7705,3.4195616,696.51685,0.23997839,12035.364,4.6113253,0,,,,,234.58295105313047,0.00040541004,780.6967092601349,0.00039333437,-0.02368659,0.025988633
1.000162,0.00038310475,0,0.0027211928,234.58169542893782,780.6969492679724,2247,9117.495,3.4194238,696.9513,0.23992817,12033.039,4.6091676,0,,,,,234.58169542893782,0.00040570064,780.6969492679724,0.00039335634,-0.02405517,0.02619062
1.0000521,0.000383028,0,0.0027219735,234.58150563484503,780.6968037165358,2248,9115.798,3.4195015,697.1384,0.23980407,12031.717,4.6082444,0,,,,,234.58150563484503,0.00040586878,780.6968037165358,0.00039358647,-0.023824126,0.026093278
1.0005964,0.00038294925,0,0.0027227537,234.58231973217565,780.6968020947368,2249,9121.367,3.4197903,696.3845,0.24009125,12038.265,4.607297,0,,,,,234.58231973217565,0.0004054662,780.6968020947368,0.000393092,-0.024059406,0.02605266
1.0008831,0.00038299727,128,0.002723534,234.58231513623986,780.6971593546732,2250,9127.637,3.4216058,695.69604,0.24015424,12041.715,4.6078744,128,,,,,234.58231513623986,0.00040516446,780.6971593546732,0.00039278736,-0.023963181,0.025415147
1.0007216,0.0003826848,0,0.0027243139,234.58162807101178,780.6978169740391,2251,9125.284,3.4200928,696.9969,0.23978461,12039.7705,4.6041155,0,,,,,234.58162807101178,0.0004054464,780.6978169740391,0.0003932094,-0.023961008,0.02553728
0.9994385,0.00038283554,0,0.0027250936,234.58141961966572,780.696824324542,2252,9112.747,3.4190378,696.1352,0.23993312,12024.335,4.605929,0,,,,,234.58141961966572,0.00040586962,780.696824324542,0.0003934772,-0.023884064,0.025804661
1.0005488,0.00038269482,0,0.0027258734,234.5822407776967,780.6971433278408,2253,9120.37,3.4196987,695.7053,0.24021393,12037.692,4.6042356,0,,,,,234.5822407776967,0.000405468,780.6971433278408,0.00039315017,-0.024738215,0.026281169
1.0006076,0.00038282838,0,0.0027266527,234.5824452923684,780.6966261970983,2254,9122.612,3.419828,695.84,0.23977189,12038.4,4.6058426,0,,,,,234.5824452923684,0.0004052971,780.6966261970983,0.00039288902,-0.024182877,0.025826639
1.0005112,0.0003828018,0,0.0027274317,234.58210387246965,780.6978749924508,2255,9118.018,3.4193442,695.1235,0.24008334,12037.239,4.605523,0,,,,,234.58210387246965,0.00040546816,780.6978749924508,0.00039319717,-0.024656516,0.026517652
1.0002519,0.00038276697,0,0.0027282105,234.58148345506754,780.6976749255289,2256,9118.279,3.4193945,696.4876,0.24005783,12034.12,4.605104,0,,,,,234.58148345506754,0.0004057753,780.6976749255289,0.00039343207,-0.023753503,0.02585619
1.0002661,0.00038308272,0,0.0027289893,234.5821004985374,780.6969623341265,2257,9114.758,3.4191546,695.8911,0.23999001,12034.291,4.6089025,0,,,,,234.5821004985374,0.0004056689,780.6969623341265,0.0003934049,-0.024352405,0.026508888
0.99968207,0.00038311444,0,0.0027297677,234.58314416582203,780.6976831542321,2258,9111.808,3.4189863,696.6066,0.24011008,12027.265,4.6092844,0,,,,,234.58314416582203,0.0004058368,780.6976831542321,0.0003934862,-0.023319649,0.025981108
1.0011815,0.0003829639,0,0.0027305458,234.58192458589153,780.6971370022025,2259,9125.716,3.4201262,695.9381,0.23989938,12045.304,4.607473,0,,,,,234.58192458589153,0.00040527963,780.6971370022025,0.00039303713,-0.023619896,0.02570564
0.9991175,0.00038261467,0,0.002731324,234.58274422364713,780.6968520269077,2260,9111.491,3.4189065,696.3208,0.24030536,12020.473,4.6032715,0,,,,,234.58274422364713,0.0004059413,780.6968520269077,0.00039353734,-0.023322266,0.02491715
1.0007633,0.00038306328,0,0.0027321018,234.58285924428648,780.6969939832632,2261,9120.992,3.4194872,694.5419,0.24020691,12040.272,4.608669,0,,,,,234.58285924428648,0.0004053133,780.6969939832632,0.00039303082,-0.02349186,0.025899112
1.0008037,0.00038319977,0,0.0027328792,234.58247493636958,780.6966058170411,2262,9122.686,3.4196987,695.3431,0.2399051,12040.76,4.610311,0,,,,,234.58247493636958,0.00040530894,780.6966058170411,0.00039298556,-0.023318367,0.025817346
1.0002646,0.00038331217,0,0.0027336567,234.58279042554835,780.6972450697224,2263,9115.322,3.419,694.9146,0.24017558,12034.273,4.6116633,0,,,,,234.58279042554835,0.00040568985,780.6972450697224,0.00039330847,-0.02353243,0.026244361
1.0017327,0.0003832266,0,0.0027344339,234.58230549062722,780.6971662898877,2264,9129.843,3.420398,694.7173,0.24031582,12051.936,4.610634,0,,,,,234.58230549062722,0.00040521825,780.6971662898877,0.00039287336,-0.023650412,0.025980664
1.0009792,0.0003833231,0,0.0027352106,234.58289732382457,780.6978206429189,2265,9120.49,3.4197066,695.35394,0.24028301,12042.87,4.6117945,0,,,,,234.58289732382457,0.00040544025,780.6978206429189,0.00039334624,-0.023685943,0.026612137
1.0001584,0.00038309523,0,0.0027359873,234.5829181001634,780.6975131335191,2266,9113.993,3.4190276,695.9831,0.23984222,12032.996,4.609053,0,,,,,234.5829181001634,0.0004057601,780.6975131335191,0.00039341208,-0.024023702,0.026588634
1.0006508,0.0003835585,0,0.0027367638,234.5826378582393,780.6984971919765,2267,9117.181,3.419126,694.3026,0.23990735,12038.92,4.614627,0,,,,,234.5826378582393,0.0004055434,780.6984971919765,0.00039336854,-0.023357525,0.026569113
0.9999775,0.0003832865,0,0.002738316,234.5837098928548,780.6975649669643,2269,9115.043,3.4190311,695.0507,0.24010763,12030.819,4.6113544,0,,,,,234.5837098928548,0.00040550157,780.6975649669643,0.00039319124,-0.023146838,0.025983151
1.0005429,0.00038316785,0,0.0027390919,234.58260066963172,780.6962568193026,2270,9119.83,3.419559,694.84216,0.23995833,12037.621,4.6099267,0,,,,,234.58260066963172,0.00040541583,780.6962568193026,0.0003933918,-0.023256473,0.026055463
1.0000916,0.00038279803,0,0.0027398674,234.58274469996672,780.6961175396517,2271,9117.595,3.419367,694.3018,0.23985784,12032.191,4.6054773,0,,,,,234.58274469996672,0.00040554855,780.6961175396517,0.0003931556,-0.023644602,0.025660256
1.0005155,0.00038321177,0,0.002740643,234.5823653136345,780.69758046486,2272,9116.327,3.4191775,694.4096,0.24028091,12037.292,4.610455,0,,,,,234.5823653136345,0.00040530885,780.69758046486,0.00039303658,-0.02409405,0.02693613
1.0008682,0.00038338228,0,0.002741418,234.5814577856127,780.697860322608,2273,9120.357,3.419599,695.53406,0.23987982,12041.535,4.612507,0,,,,,234.5814577856127,0.00040547174,780.697860322608,0.00039315276,-0.023802983,0.026774062
1.0008919,0.0003834165,0,0.002742193,234.58197955662396,780.6977449602223,2274,9116.541,3.419159,695.36346,0.23971272,12041.82,4.6129184,0,,,,,234.58197955662396,0.0004053391,780.6977449602223,0.00039327564,-0.024205932,0.0274416
1.0002658,0.00038339922,0,0.0027429678,234.58282877192414,780.697532281127,2275,9114.993,3.4189363,694.033,0.23954305,12034.288,4.6127105,0,,,,,234.58282877192414,0.00040551808,780.697532281127,0.00039338344,-0.023670454,0.026694592
0.9999722,0.00038334125,0,0.0027437422,234.58224039365234,780.6979719621875,2276,9112.486,3.4189336,694.8268,0.2400849,12030.756,4.612013,0,,,,,234.58224039365234,0.00040559043,780.6979719621875,0.00039333844,-0.023940459,0.026906645
0.9997913,0.0003831656,0,0.0027445164,234.5838088130749,780.6971564716562,2277,9113.84,3.418954,695.2784,0.23975246,12028.579,4.6099,0,,,,,234.5838088130749,0.00040557515,780.6971564716562,0.0003932622,-0.02352591,0.026343292
1.0004758,0.00038339614,0,0.0027452905,234.58270003407256,780.6980897800681,2278,9114.594,3.4189193,695.4948,0.23950069,12036.813,4.6126733,0,,,,,234.58270003407256,0.00040571566,780.6980897800681,0.00039344377,-0.023997907,0.02741438
1.000492,0.00038364177,0,0.0027460642,234.58192800594657,780.6983202793613,2279,9115.397,3.4188473,694.3053,0.23972446,12037.009,4.6156287,0,,,,,234.58192800594657,0.0004052853,780.6983202793613,0.0003931188,-0.023518214,0.027444316
1.00029,0.00038354905,0,0.002746838,234.58223974697933,780.6993374176961,2280,9110.511,3.418519,693.659,0.24008897,12034.579,4.614513,0,,,,,234.58223974697933,0.0004056518,780.6993374176961,0.00039344412,-0.02383378,0.028061913
0.99948,0.0003833069,0,0.0027476114,234.58307193643188,780.6984214483964,2281,9105.758,3.4181669,694.5641,0.24012215,12024.834,4.6116,0,,,,,234.58307193643188,0.0004056679,780.6984214483964,0.0003934881,-0.023853661,0.027511898
1.0001473,0.00038309084,0,0.0027491574,234.58332804155413,780.697482676457,2283,9115.613,3.4189794,694.7288,0.23995413,12032.862,4.609,0,,,,,234.58332804155413,0.00040536388,780.697482676457,0.00039308128,-0.023798745,0.026736805
0.99960136,0.0003834182,0,0.0027499301,234.58241710060315,780.6982586577377,2284,9107.612,3.4184039,694.2307,0.23984456,12026.294,4.612939,0,,,,,234.58241710060315,0.00040561907,780.6982586577377,0.00039338105,-0.023722362,0.027556457
1.0004804,0.00038341066,0,0.0027507027,234.58146028434112,780.6984628143398,2285,9113.549,3.4186983,695.4802,0.2398069,12036.869,4.6128483,0,,,,,234.58146028434112,0.00040551767,780.6984628143398,0.00039328935,-0.023858393,0.027978081
1.0003413,0.00038349617,0,0.002751475,234.5821243905485,780.6982428491021,2286,9111.957,3.4187865,695.5586,0.23999347,12035.196,4.613877,0,,,,,234.5821243905485,0.00040543047,780.6982428491021,0.00039321097,-0.024064744,0.028176157
1.0013647,0.00038376555,128,0.002752247,234.58166287229466,780.6992049811315,2287,9119.219,3.420182,694.6158,0.23993683,12047.509,4.617118,128,,,,,234.58166287229466,0.0004052328,780.6992049811315,0.00039300197,-0.024054598,0.028580649
0.999584,0.0003834949,0,0.0027530189,234.5825594930317,780.6983408563856,2288,9107.8125,3.418327,693.9865,0.24005075,12026.085,4.6138616,0,,,,,234.5825594930317,0.00040577594,780.6983408563856,0.00039346534,-0.023680886,0.027836781
1.000244,0.0003833924,0,0.0027537905,234.58255104930373,780.6977055807743,2289,9112.944,3.418805,694.09424,0.2401044,12034.026,4.6126285,0,,,,,234.58255104930373,0.00040556453,780.6977055807743,0.0003932529,-0.023945043,0.027978783
0.99936944,0.0003833625,0,0.0027545618,234.58299076503988,780.6983379315358,2290,9106.863,3.4182653,694.4068,0.23979436,12023.504,4.6122684,0,,,,,234.58299076503988,0.0004056475,780.6983379315358,0.00039334025,-0.023587493,0.027506994
0.99928135,0.00038346363,0,0.002755333,234.58180310467782,780.6991056295321,2291,9100.562,3.4177556,693.7857,0.24002437,12022.443,4.6134853,0,,,,,234.58180310467782,0.00040580984,780.6991056295321,0.00039360826,-0.02398064,0.028845867
1.0003043,0.00038338397,0,0.0027561039,234.5819075614143,780.6989036915144,2292,9111.592,3.4185953,694.51404,0.24002497,12034.752,4.612527,0,,,,,234.5819075614143,0.0004054105,780.6989036915144,0.00039337415,-0.023707574,0.028426599
1.0006447,0.00038358817,0,0.0027568745,234.5815201401288,780.69874537071,2293,9110.368,3.4185033,695.0554,0.24009292,12038.847,4.6149836,0,,,,,234.5815201401288,0.00040551464,780.69874537071,0.0003932318,-0.02422173,0.029297255
1.0008782,0.00038372242,128,0.0027576452,234.58138902021773,780.698844273192,2294,9116.608,3.4204476,694.52594,0.23988707,12041.655,4.616599,128,,,,,234.58138902021773,0.0004051455,780.698844273192,0.00039296568,-0.023695204,0.028601374
1.0002661,0.00038359014,0,0.0027584154,234.58203306992237,780.6989743979541,2295,9110.575,3.4185529,694.92224,0.23980354,12034.291,4.6150074,0,,,,,234.58203306992237,0.00040562166,780.6989743979541,0.0003933608,-0.024208676,0.028538063
0.9997312,0.00038359148,0,0.0027591854,234.5821777711218,780.6984345739183,2296,9108.629,3.4182303,693.61646,0.23995067,12027.855,4.6150236,0,,,,,234.5821777711218,0.00040537346,780.6984345739183,0.0003931603,-0.023762241,0.028262433
1.0000861,0.00038361034,0,0.0027599554,234.5821501340469,780.6999555094176,2297,9106.832,3.4182093,695.10596,0.23956951,12032.126,4.6152506,0,,,,,234.5821501340469,0.00040575917,780.6999555094176,0.00039357995,-0.024067918,0.02919712
1.000066,0.00038346584,0,0.0027607249,234.58279200024722,780.699863845754,2298,9107.408,3.418258,694.72003,0.23970194,12031.884,4.613512,0,,,,,234.58279200024722,0.00040563566,780.699863845754,0.00039348225,-0.024286352,0.02920049
0.9996794,0.00038351904,0,0.0027614944,234.58219146585657,780.699410432699,2299,9101.73,3.417772,694.15735,0.23973255,12027.232,4.614152,0,,,,,234.58219146585657,0.00040575908,780.699410432699,0.00039356833,-0.024339361,0.029641448
1.0005091,0.00038350446,0,0.0027622634,234.58215229467436,780.6993827766369,2300,9109.124,3.418389,694.1563,0.24026525,12037.216,4.6139765,0,,,,,234.58215229467436,0.0004053575,780.6993827766369,0.00039319193,-0.02445837,0.029652592
1.0011032,0.00038365414,0,0.0027630324,234.58242460928597,780.6988398131992,2301,9117.06,3.4191186,694.788,0.23978578,12044.362,4.6157775,0,,,,,234.58242460928597,0.00040521848,780.6988398131992,0.00039306685,-0.02386739,0.029083392
1.0003672,0.0003834719,0,0.002763801,234.58220627494944,780.6992092818532,2302,9111.779,3.4186962,693.2524,0.23990469,12035.508,4.613585,0,,,,,234.58220627494944,0.00040541112,780.6992092818532,0.00039328184,-0.024124023,0.028812526
0.99968654,0.0003834873,0,0.0027645696,234.58151177453948,780.6990003082902,2303,9105.44,3.418013,693.6459,0.24004346,12027.318,4.61377,0,,,,,234.58151177453948,0.0004055393,780.6990003082902,0.00039334167,-0.024381576,0.029039536
1.0002781,0.0003834606,0,0.002765338,234.58186985525936,780.7003688863091,2304,9106.088,3.4182076,694.7645,0.23992762,12034.437,4.613449,0,,,,,234.58186985525936,0.00040555286,780.7003688863091,0.00039340905,-0.024748987,0.029799042
1.0004587,0.0003836627,0,0.0027661058,234.58176644598922,780.7004443091973,2305,9109.606,3.4185045,694.25476,0.24000867,12036.608,4.6158805,0,,,,,234.58176644598922,0.00040552946,780.7004443091973,0.00039336042,-0.024400573,0.029735412
1.0005401,0.00038353167,0,0.0027668737,234.58163737658165,780.7006807256191,2306,9106.273,3.418145,694.5227,0.239834,12037.588,4.614304,0,,,,,234.58163737658165,0.00040551805,780.7006807256191,0.00039357,-0.024939515,0.030438114
0.9998098,0.0003834791,0,0.0027676413,234.58175954519658,780.7001758785193,2307,9103.981,3.4180024,693.9513,0.24009655,12028.802,4.613672,0,,,,,234.58175954519658,0.00040551316,780.7001758785193,0.00039337907,-0.024559285,0.029646438
0.99961454,0.00038331802,0,0.0027684087,234.58167011683918,780.6992372986016,2308,9101.712,3.4175754,694.45123,0.23991616,12026.452,4.6117334,0,,,,,234.58167011683918,0.0004056509,780.6992372986016,0.00039345602,-0.02484095,0.029691925
1.0000871,0.00038353284,0,0.002769176,234.58222244265113,780.6991229066205,2309,9108.558,3.4184277,694.54803,0.23981325,12032.139,4.614318,0,,,,,234.58222244265113,0.00040550545,780.6991229066205,0.00039329758,-0.024537724,0.029177915
1.0000625,0.00038349806,0,0.0027699429,234.58113762177788,780.7003073249061,2310,9102.871,3.4179611,694.32227,0.2402112,12031.842,4.6138997,0,,,,,234.58113762177788,0.00040562355,780.7003073249061,0.00039349787,-0.025265131,0.030528719
1.000012,0.00038343013,0,0.0027707096,234.58147404811822,780.7007274330915,2311,9102.923,3.417731,693.7715,0.2401419,12031.234,4.6130824,0,,,,,234.58147404811822,0.00040564235,780.7007274330915,0.0003934819,-0.024974307,0.030619109
0.9997569,0.00038324378,0,0.002771476,234.58115792686124,780.7006974636643,2312,9097.996,3.417375,695.41266,0.23955677,12028.165,4.6108403,0,,,,,234.58115792686124,0.00040558804,780.7006974636643,0.00039368734,-0.025208158,0.031134581
1.0006564,0.00038331375,0,0.0027722423,234.58163389798,780.7011146183747,2313,9107.527,3.4181669,693.7469,0.23985185,12038.987,4.611682,0,,,,,234.58163389798,0.00040539142,780.7011146183747,0.00039333172,-0.025252651,0.030656552
1.0000726,0.00038341267,0,0.0027730083,234.58108836039207,780.700282334388,2314,9104.308,3.4178388,693.79193,0.23990425,12031.964,4.612872,0,,,,,234.58108836039207,0.00040548053,780.700282334388,0.00039337433,-0.025004335,0.030247873
1.000629,0.0003834632,0,0.002773774,234.58111500031714,780.7002585027985,2315,9111.028,3.418496,694.20337,0.24019824,12038.656,4.61348,0,,,,,234.58111500031714,0.00040537145,780.7002585027985,0.00039327366,-0.02518548,0.030268574
1.000218,0.00038327105,0,0.0027745396,234.58188036050612,780.7008924796974,2316,9105.719,3.4181488,694.55383,0.23978193,12033.713,4.6111684,0,,,,,234.58188036050612,0.00040543056,780.7008924796974,0.0003932915,-0.0251486,0.030517986
1.0005574,0.00038328825,0,0.0027753052,234.58121228352928,780.7004859991744,2317,9105.2,3.4179616,694.34595,0.23991679,12037.797,4.6113753,0,,,,,234.58121228352928,0.0004054654,780.7004859991744,0.00039343024,-0.025383027,0.031170383
0.9997266,0.00038327643,0,0.0027760703,234.58040444475233,780.7013244501577,2318,9099.224,3.4174888,694.722,0.2398453,12027.801,4.611233,0,,,,,234.58040444475233,0.00040563958,780.7013244501577,0.0003935896,-0.025546225,0.030914616
1.0001854,0.0003832733,0,0.002776835,234.5811450568858,780.7013230062062,2319,9099.231,3.4173768,694.6144,0.23995161,12033.32,4.6111956,0,,,,,234.5811450568858,0.0004055051,780.7013230062062,0.00039355742,-0.025796182,0.03185311
0.9996534,0.00038323057,0,0.0027776,234.58095453250837,780.7002545166599,2320,9098.895,3.417364,693.637,0.24003147,12026.92,4.6106815,0,,,,,234.58095453250837,0.00040556083,780.7002545166599,0.0003934199,-0.025545597,0.030871099
1.0000211,0.00038333578,0,0.0027783643,234.58042401292158,780.7010367780434,2321,9101.448,3.4177005,694.9531,0.23977268,12031.344,4.611947,0,,,,,234.58042401292158,0.0004056894,780.7010367780434,0.0003936199,-0.025758289,0.031026462
1.000386,0.00038331634,0,0.0027791285,234.58142839608726,780.7002051763714,2322,9108.25,3.418226,694.1352,0.23985976,12035.734,4.6117134,0,,,,,234.58142839608726,0.00040532404,780.7002051763714,0.00039323088,-0.02557371,0.030343786
1.0000838,0.0003833356,0,0.0027798926,234.57982119370692,780.7015064528554,2323,9099.731,3.417557,695.3649,0.2392666,12032.098,4.611945,0,,,,,234.57982119370692,0.00040559703,780.7015064528554,0.00039367352,-0.026003331,0.031610973
1.0000025,0.0003833659,0,0.0027806563,234.58113794466544,780.701558334305,2324,9099.958,3.4175105,694.0644,0.23966706,12031.12,4.6123095,0,,,,,234.58113794466544,0.00040546982,780.701558334305,0.00039356918,-0.025709305,0.031640675
1.000617,0.0003832179,0,0.00278142,234.58040611688898,780.7015678343464,2325,9102.938,3.4178183,694.7752,0.23990098,12038.514,4.610529,0,,,,,234.58040611688898,0.0004054525,780.7015678343464,0.00039353134,-0.026794229,0.032358877
0.9999598,0.00038313522,8192,0.0027821832,234.5805480779001,780.7011374911133,2326,9098.024,3.4173675,694.4447,0.23976068,12030.606,4.6095343,8192,,,,,234.5805480779001,0.000405539,780.7011374911133,0.000393594,-0.026746226,0.03221499
1.0005805,0.00038328025,8192,0.0027829465,234.57903520031866,780.7022130725254,2327,9104.988,3.4182315,694.5,0.24024048,12038.074,4.611279,8192,,,,,234.57903520031866,0.00040535833,780.7022130725254,0.00039351053,-0.027166033,0.032058835
1.0002168,0.00038325682,0,0.0027837094,234.57924649264845,780.7007221077874,2328,9104.534,3.4178998,694.4951,0.23969774,12033.699,4.610997,0,,,,,234.57924649264845,0.00040540862,780.7007221077874,0.00039329185,-0.027363403,0.03168864
0.9998731,0.00038332006,0,0.002784472,234.57971297435722,780.7015205144634,2329,9099.721,3.4175746,693.70935,0.24004257,12029.563,4.611758,0,,,,,234.57971297435722,0.00040539246,780.7015205144634,0.0003935065,-0.027213782,0.032373108
0.9999596,0.00038330533,0,0.0027852345,234.57934525525786,780.701702581863,2330,9098.07,3.4173787,694.04083,0.24017109,12030.604,4.611581,0,,,,,234.57934525525786,0.0004055227,780.701702581863,0.00039361598,-0.027722973,0.032854613
1.0002875,0.00038331817,0,0.0027859968,234.5792715108467,780.7012559724677,2331,9100.629,3.4174485,694.22644,0.23970689,12034.549,4.6117353,0,,,,,234.5792715108467,0.0004054187,780.7012559724677,0.0003935,-0.027872106,0.03293521
0.9999912,0.00038313324,0,0.0027867586,234.5786799409227,780.7026124685085,2332,9095.439,3.417092,694.516,0.23979524,12030.983,4.6095104,0,,,,,234.5786799409227,0.0004055581,780.7026124685085,0.00039377017,-0.028044486,0.033566553
0.99965674,0.00038320862,0,0.0027875204,234.57905438522013,780.7018192275425,2333,9094.442,3.4169767,693.9226,0.23981154,12026.96,4.6104174,0,,,,,234.57905438522013,0.00040559057,780.7018192275425,0.00039381717,-0.027828628,0.033147004
0.99984145,0.0003830841,8192,0.002788282,234.57827880639155,780.7020149496959,2334,9096.577,3.4171915,693.44476,0.24019377,12029.183,4.608919,8192,,,,,234.57827880639155,0.0004054939,780.7020149496959,0.00039364255,-0.028172404,0.033098433
1.0000383,0.0003831433,0,0.0027890434,234.57975446915077,780.7018563631374,2335,9101.945,3.4176376,693.3803,0.23953053,12031.551,4.6096315,0,,,,,234.57975446915077,0.00040536275,780.7018563631374,0.0003934,-0.027672384,0.032566432
0.9999228,0.00038321895,0,0.0027898045,234.57937640871273,780.7025940605422,2336,9095.636,3.4170952,693.6463,0.23995082,12030.161,4.610542,0,,,,,234.57937640871273,0.00040539543,780.7025940605422,0.00039354363,-0.027874338,0.033628564
1.0001394,0.00038321593,0,0.0027905654,234.5788298719793,780.7021023894779,2337,9099.278,3.4173977,694.1827,0.23999225,12032.767,4.610505,0,,,,,234.5788298719793,0.0004053872,780.7021023894779,0.0003935281,-0.027841251,0.033278886
0.9998263,0.00038314893,0,0.002791326,234.57893798097035,780.7027374549366,2338,9092.814,3.4168942,693.6754,0.23989257,12029.0,4.6096992,0,,,,,234.57893798097035,0.0004057476,780.7027374549366,0.0003939318,-0.02822567,0.033780254
0.9998106,0.00038331508,8192,0.0027920865,234.5801861599392,780.7019371130461,2339,9094.443,3.4169881,693.87146,0.23998827,12028.811,4.611698,8192,,,,,234.5801861599392,0.00040529863,780.7019371130461,0.00039346918,-0.027629847,0.033508617
1.0011215,0.00038332594,128,0.0027928466,234.57843725915433,780.7034439290908,2340,9104.958,3.4192746,694.4481,0.23967105,12044.583,4.611829,128,,,,,234.57843725915433,0.0004052814,780.7034439290908,0.00039348222,-0.027715582,0.0335593
0.99992263,0.00038322125,0,0.0027936066,234.5796931693502,780.7023783865391,2341,9098.207,3.4173212,693.5574,0.23980741,12030.159,4.6105695,0,,,,,234.5796931693502,0.00040536467,780.7023783865391,0.00039349913,-0.026905136,0.032658253
1.00067,0.0003832748,0,0.0027943663,234.57987300621514,780.7014859589669,2342,9104.83,3.417919,693.0227,0.24014369,12039.15,4.6112137,0,,,,,234.57987300621514,0.00040518123,780.7014859589669,0.00039329176,-0.026894858,0.032419946
0.99978083,0.0003830204,0,0.0027951258,234.57966060842938,780.7025099794778,2343,9094.519,3.4170575,694.1548,0.2397195,12028.453,4.608153,0,,,,,234.57966060842938,0.0004057532,780.7025099794778,0.00039386214,-0.0268415,0.033184636
1.0006573,0.0003831609,0,0.002795885,234.5801360761419,780.7020210045239,2344,9101.455,3.417509,693.7401,0.24000305,12038.998,4.6098433,0,,,,,234.5801360761419,0.00040528373,780.7020210045239,0.00039342843,-0.027008932,0.033343755
1.0008911,0.00038291616,0,0.002796644,234.57964791299204,780.7036149152711,2345,9101.717,3.41767,694.1028,0.24010557,12041.811,4.606899,0,,,,,234.57964791299204,0.00040533397,780.7036149152711,0.00039354313,-0.027074758,0.033846285
1.0003449,0.00038287585,0,0.002797403,234.5792769849611,780.7020799747918,2346,9096.998,3.4172497,694.696,0.23986167,12035.239,4.606414,0,,,,,234.5792769849611,0.00040545303,780.7020799747918,0.00039358632,-0.02730699,0.033680607
0.9998082,0.00038284724,8192,0.0027981615,234.57945510619254,780.7028187591039,2347,9091.594,3.41683,693.5414,0.24041848,12028.782,4.6060696,8192,,,,,234.57945510619254,0.00040555405,780.7028187591039,0.00039376123,-0.027574623,0.033754546
1.0002021,0.00038329494,0,0.00279892,234.58006631702574,780.7025079233656,2348,9100.145,3.4174533,693.52545,0.2400365,12033.521,4.611456,0,,,,,234.58006631702574,0.00040547547,780.7025079233656,0.00039356775,-0.0274196,0.032736182
0.9996624,0.00038332582,0,0.0027996781,234.57929116632766,780.7018348635993,2349,9092.965,3.4169493,693.48926,0.24007651,12027.028,4.6118274,0,,,,,234.57929116632766,0.00040565542,780.7018348635993,0.0003937934,-0.027250953,0.0332796
1.0001184,0.0003829074,0,0.002800436,234.57941832672464,780.7019496218008,2350,9096.643,3.4172611,693.8823,0.23969318,12032.514,4.6067934,0,,,,,234.57941832672464,0.0004054969,780.7019496218008,0.000393636,-0.027097264,0.03339252
1.0004443,0.000383322,0,0.0028011936,234.57944651449856,780.702873678921,2351,9095.881,3.4170952,693.1126,0.24003622,12036.436,4.6117816,0,,,,,234.57944651449856,0.00040537113,780.702873678921,0.0003935611,-0.027825283,0.03416913
1.0001155,0.00038312408,128,0.0028019513,234.57984684004256,780.7021748501306,2352,9094.338,3.417843,694.0291,0.23970196,12032.4795,4.6094003,128,,,,,234.57984684004256,0.00040554712,780.7021748501306,0.00039404674,-0.027366614,0.033818264
0.99945104,0.0003830704,0,0.0028027084,234.57900608334586,780.7028006879527,2353,9085.243,3.4161367,693.11646,0.23999262,12024.485,4.6087546,0,,,,,234.57900608334586,0.00040566907,780.7028006879527,0.00039385143,-0.027921773,0.034449644
0.9998285,0.0003830695,0,0.0028034654,234.57855139207336,780.7023562166345,2354,9090.956,3.4166949,694.76324,0.23969711,12029.026,4.6087437,0,,,,,234.57855139207336,0.00040582693,780.7023562166345,0.00039397675,-0.02812758,0.03397856
0.99953586,0.00038290027,0,0.0028042223,234.57865965956148,780.7026895276656,2355,9090.47,3.4165447,693.38336,0.23971578,12025.506,4.6067076,0,,,,,234.57865965956148,0.00040586418,780.7026895276656,0.00039400478,-0.027883368,0.033566423
1.0005827,0.00038326485,0,0.0028049788,234.57910953113577,780.7026153810828,2356,9101.654,3.417526,692.7259,0.2400319,12038.101,4.611094,0,,,,,234.57910953113577,0.0004053837,780.7026153810828,0.00039350986,-0.0276791,0.03328659
1.0013493,0.0003832899,128,0.0028057352,234.5781701541961,780.7029498825474,2357,9104.712,3.4185352,693.6786,0.24027301,12047.323,4.6113954,128,,,,,234.5781701541961,0.0004055258,780.7029498825474,0.00039359988,-0.027838482,0.03399423
1.0001686,0.00038307224,0,0.0028064912,234.57871674817278,780.7036556872474,2358,9092.501,3.4168565,692.51776,0.24000283,12033.117,4.6087766,0,,,,,234.57871674817278,0.00040564197,780.7036556872474,0.00039383702,-0.028038163,0.034479186
0.9997786,0.0003829755,0,0.0028072472,234.58016752349687,780.7034669211631,2359,9089.319,3.416367,692.926,0.23974751,12028.427,4.6076126,0,,,,,234.58016752349687,0.00040552198,780.7034669211631,0.00039373062,-0.027852347,0.034573555
0.99970925,0.00038299712,0,0.0028080028,234.57882208905374,780.7030070794576,2360,9086.341,3.4161847,693.4414,0.23994577,12027.592,4.607873,0,,,,,234.57882208905374,0.00040560588,780.7030070794576,0.00039382937,-0.028308678,0.034846082
1.0006388,0.0003833991,128,0.0028087583,234.5783374200345,780.7036093083375,2361,9096.6455,3.4189053,693.2526,0.23962012,12038.776,4.612709,128,,,,,234.5783374200345,0.0004053629,780.7036093083375,0.00039362727,-0.028195268,0.03458168
1.0004188,0.00038300818,0,0.0028095134,234.57838232151295,780.7033334200644,2362,9095.497,3.4170153,693.58813,0.23990351,12036.128,4.608006,0,,,,,234.57838232151295,0.0004052852,780.7033334200644,0.00039352354,-0.02861773,0.03431699
0.9995703,0.00038311328,0,0.0028102684,234.5794676346369,780.70258780221,2363,9091.7295,3.416598,692.74884,0.23978366,12025.92,4.60927,0,,,,,234.5794676346369,0.000405473,780.70258780221,0.0003936551,-0.027931059,0.033503868
1.0000069,0.00038299005,0,0.002811023,234.57848601260048,780.7034981972105,2364,9090.133,3.416513,692.7357,0.2400522,12031.173,4.6077876,0,,,,,234.57848601260048,0.00040556354,780.7034981972105,0.00039382835,-0.028461536,0.034944102
1.0002015,0.0003830141,0,0.0028117776,234.57877525763496,780.7028273384401,2365,9092.938,3.4166696,692.3806,0.23984964,12033.514,4.608077,0,,,,,234.57877525763496,0.00040510914,780.7028273384401,0.00039334438,-0.027906898,0.034740042
0.9996343,0.0003829753,0,0.002812532,234.57859574543923,780.7039548079692,2366,9085.085,3.4160154,692.55084,0.23968503,12026.69,4.60761,0,,,,,234.57859574543923,0.0004056752,780.7039548079692,0.0003938917,-0.028652003,0.03526047
1.0002482,0.00038284945,0,0.002813286,234.5787882033964,780.703395102262,2367,9091.641,3.4168768,694.1063,0.24037443,12034.075,4.6060963,0,,,,,234.5787882033964,0.00040568662,780.703395102262,0.0003938834,-0.028164241,0.034990273
1.0002366,0.000382772,0,0.0028140398,234.57793361813034,780.7037216375187,2368,9089.707,3.4164124,692.5486,0.23976324,12033.937,4.6051645,0,,,,,234.57793361813034,0.00040554564,780.7037216375187,0.00039380917,-0.02855781,0.03556105
1.0010912,0.00038325385,0,0.0028147935,234.57859923782047,780.7036700914591,2369,9099.956,3.417253,691.8449,0.23972547,12044.219,4.6109614,0,,,,,234.57859923782047,0.00040508044,780.7036700914591,0.00039336862,-0.02845505,0.03488555
0.99995303,0.00038312792,0,0.002815547,234.57844639255248,780.7035896385918,2370,9092.56,3.4166508,692.3925,0.23991755,12030.524,4.6094465,0,,,,,234.57844639255248,0.00040557547,780.7035896385918,0.00039374852,-0.028531969,0.03443504
0.9996832,0.0003829746,0,0.0028163,234.57806617064773,780.7031430467582,2371,9089.585,3.4163473,692.08514,0.23981701,12027.278,4.6076016,0,,,,,234.57806617064773,0.00040559573,780.7031430467582,0.00039379334,-0.028614331,0.034536317
1.0004835,0.0003831112,0,0.0028170529,234.57829554087934,780.7029577238382,2372,9094.593,3.41691,692.597,0.23994112,12036.907,4.6092453,0,,,,,234.57829554087934,0.00040521845,780.7029577238382,0.00039340247,-0.028821355,0.03504006
1.0003078,0.0003831622,8320,0.0028178056,234.57885911490837,780.7040983395714,2373,9090.1,3.41688,692.1211,0.23962876,12034.793,4.609859,8320,,,,,234.57885911490837,0.00040536662,780.7040983395714,0.00039362078,-0.029269997,0.035514615
1.0000123,0.00038294538,0,0.0028185581,234.57895970119085,780.7042582836744,2374,9089.17,3.416483,692.9007,0.24004108,12031.238,4.60725,0,,,,,234.57895970119085,0.00040562736,780.7042582836744,0.0003938539,-0.028926542,0.035235528
1.0001953,0.000382971,0,0.0028193102,234.57779694408674,780.7048248452074,2375,9087.113,3.4161305,692.67474,0.23993048,12033.439,4.6075583,0,,,,,234.57779694408674,0.0004055223,780.7048248452074,0.00039385873,-0.029534709,0.036153883
1.0003691,0.00038304186,0,0.0028200622,234.57805561652287,780.7042164908694,2376,9090.86,3.4164267,691.48,0.23995343,12035.53,4.608411,0,,,,,234.57805561652287,0.00040543365,780.7042164908694,0.0003937683,-0.029301459,0.035695847
1.000138,0.00038304232,0,0.002820814,234.57754042111708,780.7037908622456,2377,9089.485,3.4163442,692.22833,0.23987108,12032.75,4.6084166,0,,,,,234.57754042111708,0.00040547343,780.7037908622456,0.0003937642,-0.029779125,0.03539268
0.9997631,0.00038302262,0,0.0028215656,234.57786579723302,780.7029686667986,2378,9090.39,3.416457,692.24725,0.23984799,12028.239,4.6081796,0,,,,,234.57786579723302,0.00040580396,780.7029686667986,0.00039397943,-0.029358514,0.034674108
0.99935955,0.0003830111,0,0.002822317,234.5768664447368,780.703857904555,2379,9082.934,3.4157631,691.77734,0.2401774,12023.385,4.608041,0,,,,,234.5768664447368,0.00040566962,780.703857904555,0.00039393117,-0.029799981,0.035690773
1.0002099,0.0003832492,0,0.002823068,234.57801313004413,780.7039726744886,2380,9090.169,3.4165854,692.4708,0.23987985,12033.616,4.6109056,0,,,,,234.57801313004413,0.0004056569,780.7039726744886,0.00039388207,-0.029490901,0.035577845
0.9995952,0.00038277492,0,0.002823819,234.57713727060224,780.7043226453633,2381,9082.313,3.415912,692.73956,0.24010009,12026.22,4.6051993,0,,,,,234.57713727060224,0.00040576307,780.7043226453633,0.00039404276,-0.02991096,0.03634822
0.99998766,0.00038288912,0,0.0028245696,234.57766952617425,780.7045476636317,2382,9086.35,3.4160454,691.59155,0.24023901,12030.941,4.6065736,0,,,,,234.57766952617425,0.00040538813,780.7045476636317,0.0003936741,-0.029841471,0.036284756
1.0003749,0.0003830915,0,0.00282532,234.57649542938867,780.7042882478906,2383,9089.222,3.4162614,691.5259,0.24005987,12035.601,4.6090083,0,,,,,234.57649542938867,0.00040523522,780.7042882478906,0.00039352165,-0.030080087,0.03623695
0.99941605,0.00038282404,0,0.00282607,234.5769740803587,780.7052675198836,2384,9079.6045,3.4154253,691.84314,0.239773,12024.064,4.6057906,0,,,,,234.5769740803587,0.0004057005,780.7052675198836,0.00039404823,-0.030436875,0.03654775
1.0001801,0.00038322856,128,0.00282682,234.57772943733482,780.7048233628985,2385,9091.095,3.4171095,691.8786,0.24006495,12033.257,4.610657,128,,,,,234.57772943733482,0.0004053742,780.7048233628985,0.0003942336,-0.030079303,0.035679445
1.0002222,0.0003831917,0,0.0028275696,234.5776253480288,780.7039837368991,2386,9091.84,3.416463,691.8998,0.24019334,12033.763,4.6102138,0,,,,,234.5776253480288,0.00040535902,780.7039837368991,0.00039360896,-0.030057507,0.03569338
0.99962515,0.000383047,0,0.002828319,234.57711508718464,780.704463276568,2387,9085.456,3.4159627,691.95825,0.23986992,12026.58,4.608473,0,,,,,234.57711508718464,0.00040559858,780.704463276568,0.00039390352,-0.02975468,0.035872195
0.9989831,0.00038283932,0,0.0028290683,234.57721848286997,780.7051908943791,2388,9075.75,3.415111,692.4879,0.23978302,12018.855,4.605974,0,,,,,234.57721848286997,0.0004059643,780.7051908943791,0.00039429814,-0.030517485,0.03684977
1.0001287,0.00038315848,0,0.0028298176,234.5779549605153,780.7049539136799,2389,9087.63,3.4161444,691.3484,0.24029961,12032.639,4.609814,0,,,,,234.5779549605153,0.0004056212,780.7049539136799,0.00039393728,-0.030083377,0.0363773
1.0008357,0.000383129,128,0.0028305664,234.57596087938973,780.7046667028455,2390,9090.798,3.416798,691.51746,0.23986867,12041.144,4.6094594,128,,,,,234.57596087938973,0.0004056638,780.7046667028455,0.0003938643,-0.030730763,0.03694058
0.999822,0.00038293714,0,0.002831315,234.57769681085867,780.704838570503,2391,9083.702,3.4157903,691.78186,0.23996957,12028.948,4.607151,0,,,,,234.57769681085867,0.0004054975,780.704838570503,0.0003938329,-0.03017117,0.03670736
0.999163,0.00038290728,0,0.0028320632,234.57678276078119,780.7051234161338,2392,9075.305,3.4149625,691.4545,0.23957522,12021.02,4.606792,0,,,,,234.57678276078119,0.00040591048,780.7051234161338,0.00039419002,-0.030690402,0.037287578
1.0004857,0.00038302687,0,0.0028328113,234.57622498948166,780.7054410624307,2393,9089.335,3.4164362,692.5347,0.2396526,12036.933,4.6082306,0,,,,,234.57622498948166,0.00040555888,780.7054410624307,0.0003939486,-0.030519908,0.037002534
1.0005105,0.00038314232,0,0.0028335592,234.5760266875162,780.70424575474,2394,9092.261,3.4165645,691.37555,0.23986582,12037.23,4.6096196,0,,,,,234.5760266875162,0.000405393,780.70424575474,0.000393749,-0.030427398,0.03626628
0.999256,0.00038291386,0,0.0028343068,234.57697814079623,780.7041230916088,2395,9081.373,3.415443,691.1895,0.2398874,12022.139,4.606871,0,,,,,234.57697814079623,0.0004057501,780.7041230916088,0.0003940224,-0.030224908,0.036208976
0.9999982,0.0003830503,0,0.0028350542,234.57717428678117,780.7050807550861,2396,9086.292,3.415907,691.6956,0.24017942,12031.068,4.6085124,0,,,,,234.57717428678117,0.0004054084,780.7050807550861,0.00039372416,-0.030257799,0.036661647
0.99987507,0.0003828813,0,0.0028358013,234.57618599474537,780.704833592267,2397,9082.316,3.4155087,691.8972,0.23987271,12029.587,4.606479,0,,,,,234.57618599474537,0.00040534962,780.704833592267,0.0003936568,-0.03118189,0.037178103
0.9999275,0.00038285708,0,0.0028365483,234.57759068213505,780.7050388982159,2398,9084.253,3.4157612,691.8212,0.2401213,12030.218,4.606188,0,,,,,234.57759068213505,0.00040559703,780.7050388982159,0.00039388254,-0.030956974,0.037004992
1.00009,0.00038294034,0,0.002837295,234.57565361910176,780.705008705391,2399,9082.585,3.4155169,691.5996,0.23990619,12032.173,4.6071897,0,,,,,234.57565361910176,0.00040538295,780.705008705391,0.000393785,-0.031434134,0.037539467
1.000201,0.00038303452,0,0.0028380416,234.5756393127619,780.7046283163716,2400,9085.661,3.4159973,691.4841,0.23962243,12033.508,4.6083226,0,,,,,234.5756393127619,0.00040541682,780.7046283163716,0.00039380387,-0.03104885,0.037224278
0.99960804,0.00038297038,0,0.0028387879,234.57637124845888,780.7059110220137,2401,9077.174,3.4151218,691.1623,0.23983744,12026.374,4.607551,0,,,,,234.57637124845888,0.00040566988,780.7059110220137,0.0003940767,-0.03140947,0.038117643
1.000301,0.00038312285,0,0.0028395338,234.57672862097235,780.7043182562113,2402,9086.222,3.4159756,692.1844,0.23999913,12034.711,4.6093855,0,,,,,234.57672862097235,0.0004054171,780.7043182562113,0.00039376316,-0.03102475,0.037452735
1.0001066,0.0003832473,8192,0.0028402796,234.5766929175329,780.7048349100407,2403,9086.308,3.415849,690.7253,0.24024767,12032.372,4.6108828,8192,,,,,234.5766929175329,0.0004052707,780.7048349100407,0.00039361962,-0.031138903,0.037254278
1.00008,0.00038313257,0,0.0028410251,234.57653597166447,780.704331553364,2404,9088.453,3.416108,691.75555,0.23966038,12032.052,4.6095023,0,,,,,234.57653597166447,0.0004054237,780.704331553364,0.0003937087,-0.030787151,0.036753185
0.9996381,0.00038322507,0,0.0028417704,234.57652229804842,780.7050442938521,2405,9079.336,3.4151704,691.35443,0.23958075,12026.735,4.6106153,0,,,,,234.57652229804842,0.00040550865,780.7050442938521,0.0003938411,-0.031240743,0.037840504
0.9994162,0.00038322096,0,0.0028425157,234.57572616409084,780.7058305817866,2406,9078.018,3.4151895,691.5941,0.23996846,12024.065,4.6105657,0,,,,,234.57572616409084,0.0004055125,780.7058305817866,0.00039385285,-0.03159424,0.037909318
0.9993674,0.0003827731,0,0.0028432605,234.57661660363925,780.7056335161562,2407,9076.76,3.4150488,691.34784,0.23965043,12023.4795,4.605178,0,,,,,234.57661660363925,0.00040578513,780.7056335161562,0.00039417253,-0.031451274,0.038011335
1.0006068,0.00038311572,0,0.0028440051,234.57589817567597,780.7065219994939,2408,9086.455,3.4160235,692.1434,0.23976472,12038.39,4.6092997,0,,,,,234.57589817567597,0.00040539625,780.7065219994939,0.00039387748,-0.03182595,0.038391422
0.9999829,0.00038302667,0,0.0028447495,234.57490983317194,780.7060660367177,2409,9081.97,3.4155626,691.3262,0.23991354,12030.884,4.608228,0,,,,,234.57490983317194,0.0004053069,780.7060660367177,0.0003937735,-0.032134883,0.038500905
0.9995051,0.00038302207,0,0.0028454936,234.57466249446193,780.7066130793053,2410,9075.21,3.4147992,691.10754,0.2398093,12025.136,4.608173,0,,,,,234.57466249446193,0.00040552582,780.7066130793053,0.0003940594,-0.032764573,0.03912212
1.0003562,0.0003832247,0,0.0028462377,234.5742445252963,780.7066359360028,2411,9085.082,3.4157891,690.2397,0.24008752,12035.375,4.6106105,0,,,,,234.5742445252963,0.00040532846,780.7066359360028,0.0003937629,-0.03279556,0.038743634
0.9991463,0.0003829756,0,0.0028469814,234.57475447387446,780.7067084160623,2412,9071.691,3.4145088,690.1649,0.23985565,12020.818,4.6076136,0,,,,,234.57475447387446,0.00040571517,780.7067084160623,0.00039419407,-0.033625033,0.039558817
0.99956656,0.00038295696,8192,0.0028477248,234.5745854267937,780.7054241992198,2413,9081.974,3.4154828,690.9391,0.23988311,12025.875,4.6073895,8192,,,,,234.5745854267937,0.00040541918,780.7054241992198,0.00039384863,-0.033301137,0.038145028
0.99979293,0.00038313688,0,0.002849211,234.5748996687227,780.7059816028134,2415,9080.829,3.415447,691.94366,0.23974217,12028.599,4.6095543,0,,,,,234.5748996687227,0.00040553135,780.7059816028134,0.00039413836,-0.033040296,0.038892265
0.9997738,0.00038290056,0,0.002849954,234.57327339635407,780.7067655567103,2416,9077.74,3.4150581,690.8902,0.23983733,12028.368,4.606711,0,,,,,234.57327339635407,0.00040537116,780.7067655567103,0.0003939024,-0.033576936,0.039394304
0.99993694,0.00038313118,0,0.0028506964,234.57372427949258,780.7062634531125,2417,9079.849,3.415342,691.24493,0.2400218,12030.331,4.6094856,0,,,,,234.57372427949258,0.00040518728,780.7062634531125,0.0003936523,-0.033454683,0.039268423
0.9999004,0.00038303153,0,0.0028514387,234.5744232129357,780.7063168259735,2418,9081.31,3.4154124,691.2173,0.23988849,12029.892,4.608287,0,,,,,234.5744232129357,0.0004053338,780.7063168259735,0.00039380617,-0.03334756,0.03892912
1.0009159,0.00038316852,0,0.0028521807,234.57370193167603,780.7062455109754,2419,9092.394,3.4164271,691.17267,0.24008691,12042.108,4.609935,0,,,,,234.57370193167603,0.00040509657,780.7062455109754,0.00039353254,-0.03329858,0.038620163
1.0001248,0.0003830221,0,0.0028529228,234.5742825928668,780.7057040104978,2420,9086.894,3.4158194,690.3681,0.24032222,12032.592,4.6081734,0,,,,,234.5742825928668,0.0004053252,780.7057040104978,0.0003937607,-0.033137288,0.038469397
1.0002044,0.00038299776,0,0.0028536643,234.57494682190384,780.7067421169274,2421,9082.968,3.415707,692.5778,0.24002041,12033.549,4.6078806,0,,,,,234.57494682190384,0.0004053032,780.7067421169274,0.0003937373,-0.033543605,0.039146274
1.0006303,0.00038302437,0,0.0028544057,234.5752154396715,780.7062607828927,2422,9087.321,3.4159117,690.90594,0.23968807,12038.672,4.6082006,0,,,,,234.5752154396715,0.00040525108,780.7062607828927,0.00039376414,-0.032900073,0.038908444
1.0003949,0.00038306642,0,0.0028551468,234.5747016502343,780.7067187414209,2423,9081.044,3.415384,690.88824,0.23991948,12035.842,4.6087065,0,,,,,234.5747016502343,0.00040532165,780.7067187414209,0.0003937969,-0.0332951,0.039620243
0.99942905,0.00038307562,0,0.0028558879,234.57603557405685,780.7066810467937,2424,9076.554,3.4149718,690.6241,0.23974301,12024.221,4.608817,0,,,,,234.57603557405685,0.0004057091,780.7066810467937,0.00039417314,-0.032612726,0.03870554
0.9999389,0.0003830961,0,0.0028566285,234.57577903276683,780.7051400541465,2425,9081.188,3.4152553,689.5849,0.23999912,12030.3545,4.6090636,0,,,,,234.57577903276683,0.0004051576,780.7051400541465,0.00039353696,-0.032597177,0.038562197
0.99981534,0.0003829913,0,0.002857369,234.57523869470617,780.7054501720223,2426,9083.762,3.415583,689.2534,0.23991065,12028.868,4.607803,0,,,,,234.57523869470617,0.0004054782,780.7054501720223,0.00039385457,-0.03226162,0.03798317
0.9999713,0.00038320228,0,0.002858109,234.5741375958208,780.7058328388754,2427,9081.0205,3.4153316,690.1164,0.24015929,12030.744,4.610341,0,,,,,234.5741375958208,0.00040536697,780.7058328388754,0.00039377104,-0.032794476,0.03881154
1.0007868,0.00038315286,0,0.0028588492,234.5743900904618,780.7066664763022,2428,9087.621,3.4159293,690.02264,0.23997818,12040.556,4.6097465,0,,,,,234.5743900904618,0.0004053245,780.7066664763022,0.00039374846,-0.032640424,0.03903382
1.0002515,0.00038304867,0,0.002859589,234.57507789971925,780.7066977055701,2429,9080.321,3.4153957,690.4628,0.24009436,12034.116,4.608493,0,,,,,234.57507789971925,0.00040556228,780.7066977055701,0.00039401947,-0.032899775,0.03956169
1.0017418,0.00038363785,128,0.0028603284,234.57502236323324,780.7066690902639,2430,9094.114,3.419623,690.7093,0.23982923,12052.046,4.6155815,128,,,,,234.57502236323324,0.00040496254,780.7066690902639,0.00039344578,-0.032854058,0.039715465
0.999553,0.0003830711,0,0.0028610677,234.5749253946291,780.7062688932295,2431,9077.98,3.4150894,690.01843,0.24001706,12025.712,4.6087627,0,,,,,234.5749253946291,0.00040541103,780.7062688932295,0.00039386787,-0.032780875,0.03891416
0.9998611,0.00038313927,0,0.002861807,234.57587115010617,780.7059208021983,2432,9080.833,3.4154265,690.9841,0.23982677,12029.419,4.609583,0,,,,,234.57587115010617,0.00040566566,780.7059208021983,0.00039404596,-0.032701675,0.038891744
0.9997285,0.00038295175,0,0.0028625457,234.5757895984069,780.7054603033912,2433,9079.973,3.415282,691.0903,0.23983711,12027.823,4.607327,0,,,,,234.5757895984069,0.00040525835,780.7054603033912,0.0003937399,-0.03227925,0.038730223
0.9997557,0.0003830316,0,0.0028632842,234.57364944892646,780.7068213484081,2434,9074.841,3.414818,690.2816,0.2399929,12028.15,4.608288,0,,,,,234.57364944892646,0.00040547826,780.7068213484081,0.00039400382,-0.03326243,0.039992098
1.0000023,0.0003831531,0,0.0028640225,234.57459907561312,780.7065532225854,2435,9079.316,3.4152305,689.8638,0.24039496,12031.117,4.6097493,0,,,,,234.57459907561312,0.00040549008,780.7065532225854,0.00039402736,-0.033137564,0.039671455
1.0000178,0.00038295824,0,0.0028647608,234.5748546501731,780.7073544952747,2436,9076.702,3.4149122,690.73334,0.23983867,12031.304,4.607405,0,,,,,234.5748546501731,0.00040566074,780.7073544952747,0.00039412995,-0.03349261,0.039884962
1.0003825,0.0003830978,8192,0.0028654987,234.57440879283064,780.7059112561333,2437,9085.636,3.4157975,690.89124,0.23975797,12035.692,4.609084,8192,,,,,234.57440879283064,0.00040542148,780.7059112561333,0.00039392014,-0.032758992,0.039034978
0.9998618,0.00038307116,0,0.0028662363,234.57453293858342,780.7064541571224,2438,9079.636,3.4151888,689.88434,0.23974921,12029.427,4.6087637,0,,,,,234.57453293858342,0.0004054711,780.7064541571224,0.0003939704,-0.033289503,0.039311394
0.99978954,0.00038322646,128,0.0028669736,234.57475645613064,780.7051113577154,2439,9080.737,3.4160595,690.1118,0.23997076,12028.558,4.610632,128,,,,,234.57475645613064,0.000405306,780.7051113577154,0.0003938178,-0.033184487,0.039087884
0.9995362,0.00038300036,0,0.002867711,234.5739174063088,780.7068108557115,2440,9073.637,3.4148173,690.67053,0.24015659,12025.51,4.6079116,0,,,,,234.5739174063088,0.00040562538,780.7068108557115,0.00039413857,-0.033540398,0.04005796
0.99953115,0.0003830864,0,0.002868448,234.5748049387769,780.7068405066302,2441,9072.491,3.414522,690.05054,0.23975345,12025.449,4.608947,0,,,,,234.5748049387769,0.00040545588,780.7068405066302,0.00039393778,-0.03360423,0.040150285
0.99990755,0.00038307245,0,0.0028691846,234.57412128681014,780.7066300013663,2442,9075.777,3.4149475,690.41254,0.23982716,12029.978,4.608779,0,,,,,234.57412128681014,0.00040541016,780.7066300013663,0.00039402713,-0.03361446,0.040163487
1.0006561,0.00038321663,0,0.002869921,234.57397980885702,780.7065759472424,2443,9084.139,3.4155788,690.0809,0.2400622,12038.984,4.6105137,0,,,,,234.57397980885702,0.00040507884,780.7065759472424,0.0003936151,-0.03364723,0.04006145
1.0004255,0.0003832102,0,0.0028706572,234.57495069780038,780.7065674888362,2444,9085.687,3.415751,689.905,0.23985897,12036.208,4.6104364,0,,,,,234.57495069780038,0.0004049159,780.7065674888362,0.00039337645,-0.033172205,0.039511077
0.9993716,0.00038306494,0,0.0028713935,234.5744781273917,780.7070153021743,2445,9073.0,3.4146063,690.3088,0.2403993,12023.529,4.608689,0,,,,,234.5744781273917,0.00040555059,780.7070153021743,0.00039403077,-0.03373576,0.040132165
0.99945277,0.0003829849,0,0.0028721292,234.57431579343137,780.7071998412073,2446,9072.714,3.4144952,690.31323,0.23974936,12024.506,4.6077256,0,,,,,234.57431579343137,0.00040552905,780.7071998412073,0.0003940476,-0.033409007,0.040492576
1.000255,0.000382931,0,0.0028728647,234.57330348993656,780.7080370029228,2447,9075.928,3.414718,690.2527,0.24023718,12034.158,4.607077,0,,,,,234.57330348993656,0.00040517244,780.7080370029228,0.0003937486,-0.033916563,0.041122735
1.0002795,0.0003829796,0,0.0028736,234.57431052530313,780.7082553522487,2448,9077.568,3.4150069,690.0077,0.24009596,12034.453,4.607662,0,,,,,234.57431052530313,0.00040545035,780.7082553522487,0.00039401773,-0.033435553,0.040912494
1.0001385,0.0003831795,0,0.002874335,234.5741097299919,780.7082767330387,2449,9076.145,3.4147995,690.6787,0.23965748,12032.757,4.610067,0,,,,,234.5741097299919,0.00040553496,780.7082767330387,0.00039410774,-0.03398183,0.040847357
1.0002292,0.00038321494,0,0.0028750699,234.5750250194712,780.7075311939623,2450,9080.8125,3.415264,689.7788,0.23990364,12033.848,4.610493,0,,,,,234.5750250194712,0.00040519072,780.7075311939623,0.00039378277,-0.03377877,0.04026525
1.0004275,0.0003830975,0,0.0028758047,234.57437888019047,780.7065435067884,2451,9082.039,3.4153445,690.51105,0.2403011,12036.232,4.6090803,0,,,,,234.57437888019047,0.00040522116,780.7065435067884,0.0003936958,-0.0336787,0.04027255
1.0005453,0.00038303807,0,0.002876539,234.57338392023019,780.7072560389544,2452,9080.195,3.4152317,690.1689,0.240118,12037.65,4.6083655,0,,,,,234.57338392023019,0.00040509863,780.7072560389544,0.0003936447,-0.03382553,0.040916886
1.0003439,0.00038287858,0,0.0028772731,234.574175229753,780.7078812390325,2453,9077.173,3.4149175,690.16693,0.24007387,12035.228,4.6064467,0,,,,,234.574175229753,0.00040531982,780.7078812390325,0.0003938566,-0.033848193,0.041316453
1.000377,0.00038312923,0,0.002878007,234.57292580277863,780.7079519961496,2454,9075.47,3.4148295,690.4734,0.23992561,12035.626,4.6094623,0,,,,,234.57292580277863,0.0004050374,780.7079519961496,0.00039368297,-0.03441387,0.04162078
0.99972814,0.0003829607,0,0.0028787407,234.57446732955214,780.7079892500742,2455,9072.94,3.4145274,690.70746,0.2399147,12027.819,4.6074343,0,,,,,234.57446732955214,0.00040533033,780.7079892500742,0.00039389468,-0.034100555,0.041107863
1.0001647,0.0003831145,128,0.002879474,234.57353688079584,780.7074115495611,2456,9076.442,3.4154458,690.3125,0.24003711,12033.071,4.609285,128,,,,,234.57353688079584,0.0004053492,780.7074115495611,0.0003939145,-0.034427766,0.041092355
0.9992199,0.0003830486,0,0.0028802073,234.57430363092817,780.7073590792784,2457,9072.119,3.4145901,690.3941,0.23991227,12021.704,4.6084924,0,,,,,234.57430363092817,0.00040538778,780.7073590792784,0.0003939807,-0.033487964,0.0402281
0.9997835,0.00038306514,0,0.0028809402,234.57413285226806,780.7083313122628,2458,9071.086,3.4144063,689.6763,0.24015355,12028.485,4.608691,0,,,,,234.57413285226806,0.00040540495,780.7083313122628,0.00039403624,-0.03416515,0.041669756
1.0000457,0.00038312955,0,0.002881673,234.5733130913663,780.7092263048664,2459,9073.632,3.414632,689.82825,0.24004304,12031.639,4.609466,0,,,,,234.5733130913663,0.0004050985,780.7092263048664,0.00039381025,-0.034172215,0.04183384
0.9995923,0.00038293967,0,0.0028824056,234.5734469039329,780.7085569968617,2460,9067.058,3.4139729,690.0166,0.23993298,12026.185,4.6071815,0,,,,,234.5734469039329,0.0004054084,780.7085569968617,0.00039404785,-0.034816533,0.042143337
1.0003488,0.0003830432,0,0.002883138,234.57310480695156,780.7078655610117,2461,9076.011,3.4148037,690.6889,0.24024966,12035.286,4.608427,0,,,,,234.57310480695156,0.00040514796,780.7078655610117,0.00039375643,-0.03468376,0.041862424
0.9991255,0.00038312512,0,0.00288387,234.57306411927925,780.7077267681092,2462,9066.751,3.4139442,689.81085,0.23995031,12020.568,4.6094127,0,,,,,234.57306411927925,0.0004056044,780.7077267681092,0.00039423586,-0.03483788,0.041679066
0.9996301,0.0003830421,8192,0.0028846017,234.57420524748963,780.7070322217389,2463,9073.281,3.4146085,690.0271,0.23997968,12026.64,4.6084137,8192,,,,,234.57420524748963,0.00040537826,780.7070322217389,0.00039388373,-0.03467724,0.041099574
0.9995751,0.00038306793,0,0.0028853333,234.57373696338192,780.7086043903323,2464,9071.339,3.414442,690.00934,0.2399109,12025.978,4.6087246,0,,,,,234.57373696338192,0.00040554607,780.7086043903323,0.000394148,-0.03424396,0.04162619
1.000192,0.00038303633,0,0.0028860646,234.57281320021934,780.7093068611248,2465,9071.647,3.4144294,690.4191,0.2399777,12033.4,4.6083446,0,,,,,234.57281320021934,0.00040537823,780.7093068611248,0.0003940093,-0.034950066,0.042431813
1.0002812,0.0003829016,0,0.0028867957,234.57270068719538,780.7085486559946,2466,9074.11,3.414641,690.6205,0.23984441,12034.473,4.606724,0,,,,,234.57270068719538,0.0004052067,780.7085486559946,0.00039380862,-0.034766953,0.04218468
1.0001769,0.00038306555,0,0.0028875265,234.57248172548657,780.7091646560192,2467,9070.142,3.4143405,690.12164,0.24010442,12033.218,4.608696,0,,,,,234.57248172548657,0.00040546994,780.7091646560192,0.00039416048,-0.035538465,0.042740405
1.0003914,0.00038324695,0,0.0028882571,234.57252270175582,780.7081828080378,2468,9077.675,3.4149394,689.66724,0.24004264,12035.798,4.6108785,0,,,,,234.57252270175582,0.0004052764,780.7081828080378,0.00039386336,-0.034936603,0.041775037
1.0000318,0.0003832184,0,0.0028889873,234.57343776817908,780.7088556070076,2469,9073.648,3.4147623,689.8243,0.23988055,12031.473,4.610535,0,,,,,234.57343776817908,0.0004052849,780.7088556070076,0.00039392023,-0.035374295,0.0420468
0.99981785,0.00038318452,0,0.0028897175,234.5743010944948,780.708500850054,2470,9072.259,3.414455,690.5519,0.23959148,12028.898,4.6101274,0,,,,,234.5743010944948,0.00040541086,780.708500850054,0.00039400923,-0.035001807,0.042038742
1.0003369,0.000383099,0,0.0028904474,234.57242014035631,780.7089069327258,2471,9072.352,3.4144843,690.13306,0.23995458,12035.144,4.6090984,0,,,,,234.57242014035631,0.0004052645,780.7089069327258,0.00039396234,-0.035492897,0.042984884
0.9997855,0.00038309506,0,0.002891177,234.57298188677964,780.7099438369578,2472,9067.346,3.4139943,690.17584,0.24002634,12028.509,4.609051,0,,,,,234.57298188677964,0.00040525934,780.7099438369578,0.00039396086,-0.03537907,0.04317923
0.99957556,0.00038305693,0,0.0028919065,234.57280455553808,780.7097140191009,2473,9065.092,3.413832,690.4352,0.23981307,12025.983,4.6085925,0,,,,,234.57280455553808,0.0004055773,780.7097140191009,0.0003941855,-0.035364147,0.043165393
1.0007828,0.00038316016,0,0.0028926358,234.5736957336881,780.7088375686692,2474,9078.101,3.4149988,689.77216,0.24019463,12040.509,4.609834,0,,,,,234.5736957336881,0.00040524526,780.7088375686692,0.0003938755,-0.035486594,0.04257626
0.9995859,0.00038315015,8192,0.0028933648,234.57278699480386,780.7083988983691,2475,9069.254,3.4142766,690.23395,0.23965266,12026.108,4.609714,8192,,,,,234.57278699480386,0.0004053,780.7083988983691,0.0003939665,-0.03522901,0.04214545
0.9996608,0.000383047,0,0.0028940935,234.57205730902268,780.7094958455677,2476,9067.644,3.414076,690.4865,0.2398537,12027.009,4.608473,0,,,,,234.57205730902268,0.00040543306,780.7094958455677,0.00039416697,-0.035790104,0.042858914
0.99977064,0.00038302774,0,0.0028948218,234.57340833776232,780.7096959728979,2477,9067.937,3.4142396,690.1292,0.2402563,12028.33,4.608241,0,,,,,234.57340833776232,0.00040556784,780.7096959728979,0.00039419474,-0.03530945,0.043183498
1.0000914,0.0003828579,0,0.00289555,234.57284624270324,780.7095655369633,2478,9066.543,3.4140272,689.9824,0.23965979,12032.189,4.606198,0,,,,,234.57284624270324,0.0004054581,780.7095655369633,0.00039412064,-0.035588223,0.043696593
0.99983346,0.00038285597,0,0.0028962782,234.57347635839886,780.710532186594,2479,9065.917,3.4138365,689.72656,0.24015246,12029.086,4.6061745,0,,,,,234.57347635839886,0.00040537634,780.710532186594,0.00039407794,-0.035720788,0.043748677
0.99945706,0.00038284803,0,0.002897006,234.57321437882243,780.7099148999496,2480,9061.907,3.413532,690.39777,0.24001618,12024.558,4.606079,0,,,,,234.57321437882243,0.00040547986,780.7099148999496,0.00039421406,-0.03580822,0.0435794
0.99981534,0.00038312527,0,0.0028977334,234.57327848356329,780.7083270019759,2481,9070.135,3.414237,689.3312,0.24006727,12028.868,4.6094146,0,,,,,234.57327848356329,0.00040535326,780.7083270019759,0.00039400824,-0.035127755,0.04257131
0.999294,0.00038294002,0,0.0028984607,234.57324714463186,780.708990603126,2482,9064.603,3.4137511,689.54016,0.23966487,12022.596,4.607186,0,,,,,234.57324714463186,0.0004054523,780.708990603126,0.00039412503,-0.035390213,0.042868406
1.0006107,0.00038308444,0,0.0028991878,234.57266474071847,780.709346887133,2483,9073.493,3.4146771,690.1093,0.23986499,12038.4375,4.6089234,0,,,,,234.57266474071847,0.00040509016,780.709346887133,0.00039375393,-0.035849035,0.04358844
0.99971616,0.00038295775,0,0.0028999147,234.5721140090538,780.7093539247857,2484,9064.734,3.4137235,689.6013,0.23997717,12027.675,4.607399,0,,,,,234.5721140090538,0.00040531706,780.7093539247857,0.00039405553,-0.036028642,0.043824323
0.999546,0.0003828458,0,0.0029006412,234.5729217906948,780.7102243225154,2485,9060.462,3.4134936,690.0481,0.23995161,12025.628,4.6060524,0,,,,,234.5729217906948,0.00040574017,780.7102243225154,0.00039436456,-0.036264434,0.044104084
1.0003384,0.00038309064,0,0.0029013676,234.57246299902948,780.7094110121088,2486,9068.949,3.4142053,689.64935,0.23962186,12035.161,4.608998,0,,,,,234.57246299902948,0.00040525035,780.7094110121088,0.00039396665,-0.035975985,0.043925863
0.99967104,0.00038305923,0,0.0029020938,234.57309480726747,780.7091600774513,2487,9064.326,3.4135675,689.4828,0.24003972,12027.132,4.60862,0,,,,,234.57309480726747,0.0004054405,780.7091600774513,0.0003941172,-0.03598836,0.043924067
0.9995428,0.00038311543,0,0.0029028195,234.57279872223785,780.7088570398753,2488,9067.2705,3.4139454,689.7064,0.24007782,12025.589,4.6092963,0,,,,,234.57279872223785,0.00040532977,780.7088570398753,0.0003939981,-0.035538524,0.043284144
1.0003451,0.00038311904,0,0.0029035453,234.5722245616853,780.7095223767712,2489,9070.271,3.4142125,689.5662,0.24036765,12035.241,4.6093397,0,,,,,234.5722245616853,0.00040493667,780.7095223767712,0.0003936197,-0.036098044,0.044223085
0.9998589,0.00038282818,0,0.0029042705,234.57218784465803,780.7106067783808,2490,9064.703,3.413892,690.1174,0.23996314,12029.393,4.60584,0,,,,,234.57218784465803,0.00040544433,780.7106067783808,0.0003942653,-0.036126744,0.044713344
0.9996946,0.00038283467,0,0.0029049958,234.57198947544748,780.7104386142366,2491,9060.372,3.4133132,690.0124,0.23958465,12027.415,4.6059184,0,,,,,234.57198947544748,0.0004051893,780.7104386142366,0.00039400937,-0.037056334,0.045239277
1.0005976,0.00038298254,0,0.0029057206,234.57132142349292,780.7113382681223,2492,9068.611,3.4141848,689.8246,0.23972864,12038.28,4.6076975,0,,,,,234.57132142349292,0.00040524147,780.7113382681223,0.00039403353,-0.03710129,0.045388967
1.0008856,0.0003832328,0,0.0029064454,234.57131707649816,780.7101281263328,2493,9073.619,3.4144387,689.5064,0.24014568,12041.745,4.610708,0,,,,,234.57131707649816,0.0004052311,780.7101281263328,0.00039402247,-0.03739755,0.044940513
1.0003022,0.00038313246,0,0.0029071697,234.57000857601435,780.7103290352753,2494,9070.308,3.4141014,689.65216,0.24044792,12034.726,4.609501,0,,,,,234.57000857601435,0.00040523076,780.7103290352753,0.0003939551,-0.037832677,0.04497916
1.0002983,0.00038320207,0,0.002907894,234.57076359212812,780.7099751449155,2495,9071.633,3.4142983,690.3192,0.23983432,12034.679,4.6103387,0,,,,,234.57076359212812,0.00040518204,780.7099751449155,0.00039396368,-0.037341777,0.044714678
1.000476,0.0003828925,0,0.002908618,234.57047010696076,780.7109916257907,2496,9066.82,3.4138753,690.21277,0.24006593,12036.817,4.606614,0,,,,,234.57047010696076,0.0004053834,780.7109916257907,0.00039423158,-0.038103476,0.046159368
0.9994429,0.00038291622,0,0.0029093418,234.5703711181875,780.7113249409397,2497,9059.236,3.4132416,689.1734,0.24027269,12024.387,4.6068993,0,,,,,234.5703711181875,0.00040537748,780.7113249409397,0.00039423807,-0.038195778,0.045899857
1.0000242,0.00038290472,0,0.0029100652,234.5703531782625,780.7106655557179,2498,9060.936,3.4132905,689.49634,0.24014477,12031.381,4.606761,0,,,,,234.5703531782625,0.00040523155,780.7106655557179,0.00039402817,-0.038703743,0.04644098
0.99996126,0.00038309614,0,0.0029107884,234.57046282056865,780.7109159922318,2499,9063.176,3.4135354,688.71674,0.24025384,12030.624,4.609064,0,,,,,234.57046282056865,0.0004051553,780.7109159922318,0.00039401586,-0.038381226,0.045822773
1.0002159,0.00038311587,0,0.0029115116,234.5706423824418,780.7099834614954,2500,9066.928,3.4138908,689.16644,0.24012116,12033.6875,4.6093016,0,,,,,234.5706423824418,0.00040502183,780.7099834614954,0.00039379418,-0.038448863,0.04536962
1.0002346,0.00038315312,0,0.0029122343,234.57127389547784,780.7108347970892,2501,9069.921,3.4140565,689.2684,0.23972361,12033.912,4.60975,0,,,,,234.57127389547784,0.0004050175,780.7108347970892,0.0003938192,-0.037947938,0.045109842
0.99944,0.00038305263,0,0.0029129568,234.5702811027126,780.7107378975542,2502,9059.981,3.413189,688.1623,0.24005912,12024.353,4.6085405,0,,,,,234.5702811027126,0.00040538455,780.7107378975542,0.0003941793,-0.038397424,0.045858167
0.9995545,0.00038302963,0,0.002913679,234.56925629375036,780.7115949023273,2503,9057.906,3.4130256,689.903,0.23949471,12025.73,4.608264,0,,,,,234.56925629375036,0.000405337,780.7115949023273,0.00039425108,-0.038771246,0.04624557
0.9997187,0.00038298918,0,0.0029144012,234.5714136198714,780.7117882201603,2504,9060.051,3.4132879,689.5931,0.23989545,12027.706,4.607777,0,,,,,234.5714136198714,0.0004051378,780.7117882201603,0.0003940084,-0.038182788,0.046267767
0.99926007,0.0003828207,0,0.002915123,234.57032435051534,780.7118749118174,2505,9052.5625,3.4124873,689.3007,0.23953246,12022.1875,4.60575,0,,,,,234.57032435051534,0.00040546007,780.7118749118174,0.00039443732,-0.038210016,0.04680118
0.9995852,0.00038292326,0,0.0029158446,234.57169622047334,780.7110868273303,2506,9060.441,3.4133193,689.2305,0.2396112,12026.1,4.606984,0,,,,,234.57169622047334,0.00040525166,780.7110868273303,0.00039401837,-0.03737465,0.045764174
1.0001318,0.00038297562,0,0.0029165659,234.5710633602817,780.7112636670017,2507,9064.677,3.4135947,689.6274,0.2395606,12032.677,4.607614,0,,,,,234.5710633602817,0.00040535934,780.7112636670017,0.00039417882,-0.037094254,0.045562886
0.9995807,0.00038299503,0,0.002917287,234.57180392795897,780.7105968722715,2508,9062.387,3.4135077,689.44226,0.24038152,12026.045,4.6078477,0,,,,,234.57180392795897,0.00040533455,780.7105968722715,0.00039412107,-0.036709104,0.04507853
1.0010408,0.0003827725,0,0.0029180078,234.57037229687174,780.7120593379625,2509,9069.302,3.4140368,689.02875,0.23984769,12043.612,4.6051702,0,,,,,234.57037229687174,0.00040496569,780.7120593379625,0.00039387538,-0.03706039,0.046527874
0.9996891,0.00038290277,0,0.0029187284,234.5714815941325,780.7114495227919,2510,9058.42,3.4130447,688.97144,0.24046853,12027.35,4.6067376,0,,,,,234.5714815941325,0.00040547195,780.7114495227919,0.00039426927,-0.037243865,0.04603752
0.9996129,0.00038260978,0,0.002919449,234.57128912803182,780.7113239733826,2511,9055.978,3.4128883,689.54114,0.23986037,12026.433,4.603213,0,,,,,234.57128912803182,0.00040541566,780.7113239733826,0.00039427687,-0.037425034,0.046506666
1.0004278,0.00038276936,0,0.002920169,234.57178669883012,780.7117767001303,2512,9062.428,3.413555,689.4867,0.24050072,12036.237,4.6051326,0,,,,,234.57178669883012,0.000405355,780.7117767001303,0.00039425414,-0.037657183,0.04668268
0.99988824,0.00038292346,0,0.0029208888,234.57133720458125,780.7107475236606,2513,9062.463,3.4135017,688.9476,0.24011244,12029.745,4.6069865,0,,,,,234.57133720458125,0.00040527293,780.7107475236606,0.00039405917,-0.036944654,0.04574524
0.99982005,0.00038300577,0,0.0029216085,234.57093463907125,780.711038552223,2514,9061.26,3.4134073,689.08264,0.23994836,12028.925,4.607977,0,,,,,234.57093463907125,0.00040520387,780.711038552223,0.00039403414,-0.037130743,0.04582465
1.0002185,0.00038305394,0,0.002922328,234.5717997618907,780.7108040471826,2515,9065.705,3.4138436,688.66974,0.2400415,12033.719,4.6085563,0,,,,,234.5717997618907,0.00040520905,780.7108040471826,0.00039402183,-0.03740158,0.04585539
1.0002168,0.00038264104,0,0.0029230472,234.5702869464797,780.7123096322396,2516,9060.458,3.4131703,688.9269,0.24013434,12033.698,4.6035886,0,,,,,234.5702869464797,0.00040517715,780.7123096322396,0.00039411942,-0.03750822,0.046938993
0.99899495,0.00038263638,8192,0.0029237662,234.5699485092514,780.711765290935,2517,9050.875,3.4124832,689.27795,0.23993514,12018.998,4.603533,8192,,,,,234.5699485092514,0.00040566316,780.711765290935,0.00039447486,-0.037254706,0.046591226
1.0007248,0.00038272172,0,0.002924485,234.56983097356576,780.7116756329019,2518,9063.51,3.4134762,689.08887,0.24036479,12039.811,4.6045594,0,,,,,234.56983097356576,0.00040517686,780.7116756329019,0.0003941367,-0.038010728,0.047292754
1.0003954,0.00038285227,0,0.0029252034,234.57144086685958,780.7109604306149,2519,9062.802,3.41346,689.4567,0.24010694,12035.847,4.60613,0,,,,,234.57144086685958,0.00040513425,780.7109604306149,0.00039393984,-0.037529297,0.04665995
1.0000548,0.00038302166,0,0.0029259217,234.57054787138787,780.7110916778502,2520,9062.594,3.4134548,688.6446,0.24000338,12031.75,4.608168,0,,,,,234.57054787138787,0.0004052511,780.7110916778502,0.00039406985,-0.037681125,0.04627133
0.9990338,0.00038277102,0,0.0029266395,234.57097095219524,780.7114759259264,2521,9054.094,3.4127183,689.08276,0.23988488,12019.466,4.6051526,0,,,,,234.57097095219524,0.00040552803,780.7114759259264,0.0003943687,-0.03739675,0.04626827
1.0000515,0.00038275064,0,0.0029273573,234.57162437690397,780.7115875237439,2522,9060.783,3.413285,689.76404,0.2399004,12031.709,4.6049075,0,,,,,234.57162437690397,0.00040543458,780.7115875237439,0.00039425958,-0.037618075,0.046718754
1.0001614,0.00038276307,0,0.002928075,234.57127393125745,780.7129623725776,2523,9058.785,3.4131203,688.05237,0.24021778,12033.032,4.605057,0,,,,,234.57127393125745,0.00040513792,780.7129623725776,0.00039401156,-0.03805714,0.047363337
1.0003527,0.00038275434,0,0.002928792,234.57100151251905,780.7123347194963,2524,9061.932,3.4132724,688.8793,0.23988612,12035.333,4.604952,0,,,,,234.57100151251905,0.00040521828,780.7123347194963,0.00039409814,-0.037840467,0.046935596
0.99948394,0.00038278083,0,0.0029295092,234.56995238504555,780.7126414766863,2525,9050.279,3.4123154,689.15826,0.23977326,12024.881,4.6052704,0,,,,,234.56995238504555,0.0004057042,780.7126414766863,0.00039463319,-0.0381601,0.04757463
0.9992926,0.0003826921,0,0.0029302258,234.57048914916888,780.7127937429365,2526,9052.483,3.41259,689.2232,0.23972285,12022.579,4.6042027,0,,,,,234.57048914916888,0.00040566685,780.7127937429365,0.00039453214,-0.037929054,0.046986535
0.9994674,0.000382839,0,0.0029309425,234.57121082207294,780.7123874724588,2527,9054.74,3.412566,689.2128,0.240099,12024.682,4.6059704,0,,,,,234.57121082207294,0.00040521962,780.7123874724588,0.00039411476,-0.03823984,0.047038514
0.9996836,0.00038300588,0,0.0029316586,234.57094167897245,780.7115462880599,2528,9059.204,3.4130983,688.43524,0.23986073,12027.283,4.6079783,0,,,,,234.57094167897245,0.00040538213,780.7115462880599,0.00039424034,-0.037784826,0.046525374
0.9995065,0.00038283682,0,0.0029323748,234.570684453021,780.712460845212,2529,9053.365,3.4126034,688.9677,0.23991486,12025.152,4.605944,0,,,,,234.570684453021,0.00040535117,780.712460845212,0.00039426575,-0.038318053,0.047595043
0.99956506,0.0003826677,0,0.0029330906,234.57008189989335,780.7128330161008,2530,9052.141,3.4125855,689.2068,0.23988864,12025.857,4.6039095,0,,,,,234.57008189989335,0.00040525882,780.7128330161008,0.00039420216,-0.03850147,0.047921102
0.99957067,0.0003826599,0,0.0029338063,234.5699142790423,780.712967288737,2531,9052.493,3.4125237,688.8296,0.23996451,12025.925,4.6038156,0,,,,,234.5699142790423,0.00040530032,780.712967288737,0.00039423598,-0.038433347,0.04780424
0.99909705,0.00038227707,0,0.0029345215,234.57017844944602,780.7133511038701,2532,9044.832,3.4118,689.4982,0.2399337,12020.227,4.59921,0,,,,,234.57017844944602,0.00040538458,780.7133511038701,0.00039431828,-0.038784012,0.048847154
0.99970484,0.00038266493,0,0.0029352366,234.57088431589563,780.712947577168,2533,9054.861,3.4126766,688.79,0.2400499,12027.539,4.603876,0,,,,,234.57088431589563,0.00040526284,780.712947577168,0.00039419642,-0.038551025,0.04782947
1.0001053,0.00038292137,0,0.0029359516,234.5700994858874,780.7115266907535,2534,9058.997,3.4130979,688.4326,0.23991701,12032.356,4.6069613,0,,,,,234.5700994858874,0.0004051983,780.7115266907535,0.00039407788,-0.038886186,0.047675177
1.0002942,0.00038301398,128,0.0029366661,234.57035722669923,780.7114112319197,2535,9063.826,3.4139895,688.52936,0.23974538,12034.629,4.6080756,128,,,,,234.57035722669923,0.00040521708,780.7114112319197,0.000394058,-0.038051967,0.04682513
0.99990505,0.0003828642,0,0.0029373805,234.5698298779594,780.7129078024155,2536,9054.759,3.4127188,688.6256,0.2398527,12029.947,4.6062737,0,,,,,234.5698298779594,0.00040514214,780.7129078024155,0.00039404223,-0.039019965,0.048207153
1.0001268,0.00038298473,128,0.0029380945,234.57058386602566,780.7116025910741,2537,9057.326,3.4134676,688.95703,0.23977016,12032.616,4.6077237,128,,,,,234.57058386602566,0.00040480192,780.7116025910741,0.0003937531,-0.038911123,0.047952466
0.9998496,0.00038287175,0,0.0029388086,234.56976063195924,780.7134949055778,2538,9053.121,3.4125686,690.11426,0.23948026,12029.28,4.6063643,0,,,,,234.56976063195924,0.00040537,780.7134949055778,0.00039435044,-0.039222952,0.048230205
0.99959975,0.0003827894,0,0.0029395223,234.56978214160353,780.7130140008185,2539,9050.151,3.4122448,688.60944,0.23987137,12026.274,4.605374,0,,,,,234.56978214160353,0.0004054795,780.7130140008185,0.0003943831,-0.039254364,0.048468117
0.999642,0.00038280312,0,0.0029402357,234.5699379069618,780.7134858482984,2540,9052.139,3.4128149,689.2287,0.24011143,12026.783,4.605539,0,,,,,234.5699379069618,0.00040553475,780.7134858482984,0.00039453,-0.03931289,0.048397843
0.9998228,0.00038288636,0,0.0029409488,234.5695491076517,780.712879977717,2541,9054.651,3.4126701,688.38715,0.23998772,12028.958,4.60654,0,,,,,234.5695491076517,0.0004052373,780.712879977717,0.00039416496,-0.039185848,0.048133332
0.9993665,0.00038292,0,0.0029416617,234.5705582995084,780.7117875349888,2542,9054.574,3.4128258,688.8241,0.2398938,12023.469,4.606945,0,,,,,234.5705582995084,0.0004054541,780.7117875349888,0.00039442646,-0.038812764,0.047384743
1.0000556,0.00038293638,0,0.0029423744,234.57085203044244,780.7129587519191,2543,9055.023,3.412895,688.36346,0.23966648,12031.759,4.607142,0,,,,,234.57085203044244,0.00040534145,780.7129587519191,0.0003942085,-0.039458685,0.048436087
0.9997128,0.00038294334,0,0.002943087,234.56938655042978,780.7130255390617,2544,9053.019,3.4125457,688.4217,0.2400522,12027.635,4.607226,0,,,,,234.56938655042978,0.00040533746,780.7130255390617,0.00039431776,-0.03941655,0.048168097
0.99982613,0.00038294023,0,0.002943799,234.56936666372502,780.7130815792905,2545,9051.805,3.4123874,687.8931,0.24021405,12028.998,4.607188,0,,,,,234.56936666372502,0.00040514255,780.7130815792905,0.00039413903,-0.039847955,0.04851988
0.9995587,0.00038282317,0,0.002944511,234.569895305145,780.7138630864256,2546,9049.775,3.4122603,688.0189,0.24014102,12025.78,4.60578,0,,,,,234.569895305145,0.00040536068,780.7138630864256,0.00039441622,-0.0394426,0.048625626
0.9995587,0.0003827524,0,0.0029452227,234.57003031374063,780.7144334539028,2547,9048.61,3.4121644,688.87366,0.24012524,12025.78,4.6049285,0,,,,,234.57003031374063,0.00040541706,780.7144334539028,0.00039440367,-0.039536778,0.04879054
0.99986726,0.0003829122,0,0.0029459342,234.5695904659322,780.7132566440098,2548,9054.201,3.4124937,687.9943,0.24011889,12029.493,4.606851,0,,,,,234.5695904659322,0.00040513094,780.7132566440098,0.00039415047,-0.03941534,0.0482948
0.9998084,0.00038290833,0,0.0029466455,234.5697903084103,780.7115822284889,2549,9056.963,3.41287,688.49146,0.23969398,12028.784,4.6068044,0,,,,,234.5697903084103,0.0004050494,780.7115822284889,0.00039390754,-0.038898125,0.047664687
0.99919367,0.00038274666,0,0.0029473563,234.5697825636011,780.7138249755285,2550,9047.261,3.4121387,688.26526,0.23991168,12021.389,4.6048594,0,,,,,234.5697825636011,0.00040546086,780.7138249755285,0.00039449253,-0.039622944,0.048843585
0.999828,0.0003828323,0,0.0029480672,234.56945971618188,780.7136238119554,2551,9053.216,3.4125335,688.33203,0.24008717,12029.0205,4.60589,0,,,,,234.56945971618188,0.00040546284,780.7136238119554,0.00039444023,-0.039551374,0.048667192
0.9995632,0.0003828185,0,0.0029487778,234.56939446965416,780.7140292972553,2552,9047.3955,3.4120932,688.6559,0.24026123,12025.835,4.605724,0,,,,,234.56939446965416,0.0004055446,780.7140292972553,0.00039460076,-0.040247507,0.04940567
0.9993953,0.00038275775,0,0.002949488,234.56962174642712,780.7136655587595,2553,9047.894,3.4121766,688.73035,0.24010825,12023.814,4.604993,0,,,,,234.56962174642712,0.00040550198,780.7136655587595,0.0003945515,-0.039894626,0.049099512
0.99930984,0.0003827975,0,0.002950198,234.5691716013739,780.7133163995578,2554,9044.589,3.4118207,688.8099,0.2400203,12022.786,4.605471,0,,,,,234.5691716013739,0.00040545192,780.7133163995578,0.00039450123,-0.040254954,0.049303513
1.0000851,0.00038248682,0,0.0029509077,234.5691158616775,780.7130678058974,2555,9051.254,3.4122772,687.85065,0.23965162,12032.114,4.601733,0,,,,,234.5691158616775,0.00040513295,780.7130678058974,0.00039419538,-0.040108673,0.049614143
1.000265,0.00038320877,0,0.0029516171,234.5692010497612,780.7135609246097,2556,9057.396,3.4143078,688.2793,0.23967369,12034.278,4.6104193,0,,,,,234.5692010497612,0.00040529488,780.7135609246097,0.00039426357,-0.040399075,0.048917577
0.9997912,0.0003828824,0,0.0029523266,234.56914065593037,780.712594780387,2557,9053.328,3.412549,688.5545,0.2399236,12028.578,4.6064925,0,,,,,234.56914065593037,0.00040522352,780.712594780387,0.00039416045,-0.0399553,0.048624583
0.9997167,0.0003828607,0,0.0029530355,234.56931155142962,780.7136740358358,2558,9051.77,3.412425,687.1254,0.24011698,12027.682,4.606231,0,,,,,234.56931155142962,0.0004052075,780.7136740358358,0.00039421557,-0.039942436,0.04882549
1.0001588,0.00038322617,0,0.0029537443,234.56886562867027,780.7140439846567,2559,9051.816,3.4158354,693.6041,0.24021503,12033.0,4.6106286,0,,,,,234.56886562867027,0.00040532442,780.7140439846567,0.00039434686,-0.04077606,0.049774487
1.0002202,0.00038275632,0,0.0029551613,234.5688319424968,780.7145237694791,2561,9050.604,3.4121344,688.6078,0.23981477,12033.739,4.6049757,0,,,,,234.5688319424968,0.00040507602,780.7145237694791,0.00039411054,-0.040468663,0.049978223
0.9995341,0.00038279677,0,0.0029558693,234.56869939762225,780.7136161839708,2562,9048.44,3.412089,688.5156,0.23987421,12025.484,4.6054626,0,,,,,234.56869939762225,0.00040526863,780.7136161839708,0.00039432824,-0.040242735,0.049232338
0.999336,0.0003828871,0,0.002956577,234.56916701769873,780.7131545946348,2563,9047.9,3.4120739,687.58826,0.24005307,12023.102,4.6065493,0,,,,,234.56916701769873,0.00040539034,780.7131545946348,0.00039436706,-0.040513188,0.049000327
0.99947315,0.0003828253,0,0.0029572847,234.5688061315227,780.7132978403495,2564,9051.165,3.4123447,687.43207,0.24012026,12024.751,4.6058054,0,,,,,234.5688061315227,0.00040528606,780.7132978403495,0.00039424072,-0.039904423,0.048711132
1.0008916,0.00038338706,0,0.002957992,234.56864132314962,780.7133782394928,2565,9063.151,3.4164066,688.13,0.2401507,12041.816,4.612564,0,,,,,234.56864132314962,0.00040517768,780.7133782394928,0.00039419273,-0.040319066,0.04908325
0.99968797,0.00038298222,0,0.0029586991,234.56841915364856,780.7133387732245,2566,9046.945,3.4134705,688.196,0.23982021,12027.336,4.6076937,0,,,,,234.56841915364856,0.0004051451,780.7133387732245,0.0003941494,-0.04085116,0.049835395
0.9999192,0.00038315903,0,0.002959406,234.5681590231667,780.7140526340913,2567,9049.521,3.4151835,688.4374,0.24017495,12030.117,4.609821,0,,,,,234.5681590231667,0.00040527337,780.7140526340913,0.00039427658,-0.04053943,0.049805123
0.99986833,0.00038272826,0,0.0029601126,234.56886053166969,780.7142129086868,2568,9047.665,3.4118774,687.03143,0.24013169,12029.506,4.604638,0,,,,,234.56886053166969,0.00040489557,780.7142129086868,0.00039394267,-0.040726677,0.050251625
0.9998928,0.00038298624,0,0.002960819,234.5685534969209,780.7121202570399,2569,9054.949,3.4139733,688.0269,0.24010612,12029.8,4.607742,0,,,,,234.5685534969209,0.00040487802,780.7121202570399,0.00039388135,-0.040528152,0.0490717
0.9995522,0.00038304814,0,0.0029615252,234.56834117435676,780.7135599452475,2570,9049.731,3.4150555,686.5603,0.24016267,12025.702,4.6084867,0,,,,,234.56834117435676,0.0004051985,780.7135599452475,0.00039416747,-0.04089874,0.049408037
0.9999255,0.00038319328,0,0.002962231,234.5692972914335,780.7135635540474,2571,9053.832,3.4155216,687.6163,0.2396853,12030.193,4.610233,0,,,,,234.5692972914335,0.00040515562,780.7135635540474,0.00039416793,-0.040466297,0.04943585
1.000305,0.00038320958,0,0.0029629366,234.5681029161363,780.7150065280455,2572,9051.442,3.4153767,687.83405,0.23963788,12034.76,4.610429,0,,,,,234.5681029161363,0.00040515227,780.7150065280455,0.0003942593,-0.040760163,0.050261606
1.0000823,0.0003832014,0,0.0029636421,234.56765885707188,780.7152322147836,2573,9048.457,3.4150004,688.0851,0.24012665,12032.08,4.6103306,0,,,,,234.56765885707188,0.00040517643,780.7152322147836,0.0003942625,-0.041460603,0.050628647
1.0003784,0.00038321698,0,0.0029643471,234.5675815057856,780.7151908957924,2574,9053.051,3.415521,688.29987,0.23995176,12035.642,4.610518,0,,,,,234.5675815057856,0.0004051307,780.7151908957924,0.0003943119,-0.04186509,0.05021068
1.0008446,0.000383322,0,0.0029650521,234.56730750099433,780.7143090302555,2575,9059.215,3.4159315,687.62524,0.23998655,12041.251,4.6117816,0,,,,,234.56730750099433,0.00040493562,780.7143090302555,0.00039400093,-0.042191975,0.050132774
1.0000825,0.00038324337,0,0.0029657567,234.5681559859671,780.7138784782829,2576,9055.943,3.4157906,687.59436,0.24008945,12032.082,4.6108356,0,,,,,234.5681559859671,0.00040520425,780.7138784782829,0.0003941801,-0.041496318,0.049646966
0.9996507,0.00038311386,0,0.0029664612,234.5682588916073,780.7134755448014,2577,9049.278,3.4149504,688.26605,0.23972997,12026.888,4.6092772,0,,,,,234.5682588916073,0.00040531036,780.7134755448014,0.0003942764,-0.042555287,0.050552707
1.0002977,0.0003830031,0,0.0029671653,234.5663995338751,780.714625645303,2578,9053.326,3.4153702,688.4314,0.2400055,12034.671,4.6079445,0,,,,,234.5663995338751,0.00040503478,780.714625645303,0.0003940283,-0.042332344,0.050890543
1.0003852,0.0003831968,16,0.0029678692,234.5662052256833,780.714348539841,2579,9049.68,3.4151084,687.7808,0.24005789,12035.724,4.6102753,16,,,,,234.5662052256833,0.00040512177,780.714348539841,0.00039422198,-0.043501206,0.051397547
1.0013076,0.00038306974,16,0.002968573,234.56674136597653,780.7149520927201,2580,9056.459,3.4157133,687.48236,0.24010141,12046.822,4.6087465,16,,,,,234.56674136597653,0.0004046305,780.7149520927201,0.00039378784,-0.04297968,0.051911205
1.0001051,0.00038307282,1040,0.0029692764,234.5664268131084,780.7148682842874,2581,9050.559,3.4152174,687.0527,0.24020398,12032.355,4.6087837,1040,,,,,234.5664268131084,0.00040528216,780.7148682842874,0.0003942981,-0.042861156,0.051086545
1.000071,0.00038302655,16,0.0029699795,234.56710979312257,780.7138508349067,2582,9040.663,3.4142559,687.71356,0.24009886,12031.945,4.608227,16,,,,,234.56710979312257,0.0004054966,780.7138508349067,0.00039453275,-0.04297226,0.05108743
1.0001472,0.0003830568,16,0.0029706825,234.56683519328175,780.714167502625,2583,9051.093,3.4151866,688.1115,0.23952375,12032.861,4.6085906,16,,,,,234.56683519328175,0.00040513766,780.714167502625,0.00039421086,-0.042845447,0.05040149
0.99953806,0.00038307343,16,0.0029713851,234.5676444903067,780.7149789126577,2584,9040.916,3.4141626,686.97363,0.24046083,12025.532,4.608791,16,,,,,234.5676444903067,0.00040517925,780.7149789126577,0.00039426854,-0.04322074,0.05156203
1.0002378,0.0003831722,16,0.0029720876,234.5670785714761,780.7146921752748,2585,9046.52,3.4148371,688.149,0.24004409,12033.951,4.609979,16,,,,,234.5670785714761,0.00040506187,780.7146921752748,0.00039414596,-0.043067027,0.051578596
0.99992055,0.00038311232,16,0.0029727898,234.56640894305468,780.715588278219,2586,9039.0205,3.414158,687.9788,0.2399895,12030.134,4.6092587,16,,,,,234.56640894305468,0.0004053041,780.715588278219,0.00039447492,-0.043201614,0.051974267
1.000218,0.0003830704,16,0.0029734918,234.56627423306747,780.7146969320986,2587,9049.368,3.4149017,687.5399,0.24001145,12033.713,4.6087546,16,,,,,234.56627423306747,0.00040508807,780.7146969320986,0.00039420274,-0.04276795,0.05093264
1.00002,0.00038312777,16,0.0029741935,234.56722848530353,780.7144856151035,2588,9048.492,3.4148932,687.4032,0.24008532,12031.331,4.6094446,16,,,,,234.56722848530353,0.00040511842,780.7144856151035,0.00039420315,-0.042814724,0.05108432
0.99986565,0.00038315114,16,0.002974895,234.56660541665252,780.7141770507276,2589,9048.33,3.4149597,687.78186,0.2399004,12029.474,4.609726,16,,,,,234.56660541665252,0.00040547096,780.7141770507276,0.00039448193,-0.042558163,0.050471067
0.99999636,0.000383097,16,0.0029755963,234.56704027321592,780.7144873504881,2590,9044.903,3.4145193,686.40424,0.24019526,12031.046,4.6090746,16,,,,,234.56704027321592,0.0004051599,780.7144873504881,0.00039424753,-0.04243648,0.051089466
0.9995,0.0003830275,16,0.0029762974,234.56676213837153,780.7152768100202,2591,9036.228,3.4138508,687.8107,0.23986095,12025.074,4.608238,16,,,,,234.56676213837153,0.0004052147,780.7152768100202,0.00039437055,-0.042781956,0.05168389
1.0006142,0.00038277064,16,0.002976998,234.566877645178,780.7144276001454,2592,9043.738,3.4145555,687.8162,0.24013653,12038.4795,4.605148,16,,,,,234.566877645178,0.0004052002,780.7144276001454,0.00039433362,-0.04338775,0.05109806
0.99953645,0.00038303048,16,0.0029776986,234.56656825368708,780.7151311543213,2593,9041.525,3.4141576,687.4444,0.23993751,12025.513,4.608274,16,,,,,234.56656825368708,0.00040528353,780.7151311543213,0.00039444145,-0.043466706,0.051454812
0.99995214,0.00038316238,8192,0.0029783987,234.567156108511,780.7144762504654,2594,9050.003,3.4150891,687.6388,0.23978785,12030.514,4.609861,8192,,,,,234.567156108511,0.00040527005,780.7144762504654,0.00039434285,-0.04295467,0.050560948
1.0002117,0.00038313022,0,0.0029790988,234.56701670735956,780.7145206803918,2595,9051.323,3.4150865,686.8708,0.24003482,12033.638,4.609474,0,,,,,234.56701670735956,0.00040500084,780.7145206803918,0.00039408443,-0.043566324,0.05091873
0.9996799,0.00038308778,0,0.0029797985,234.56637661116744,780.714242934087,2596,9044.3125,3.4145513,687.099,0.24029721,12027.239,4.6089635,0,,,,,234.56637661116744,0.00040523394,780.714242934087,0.00039433574,-0.04345701,0.051104132
0.9999892,0.00038312507,0,0.0029804981,234.56692619191878,780.7154438692328,2597,9042.767,3.414374,687.45966,0.23973858,12030.96,4.609412,0,,,,,234.56692619191878,0.00040523926,780.7154438692328,0.0003944068,-0.043620013,0.05193669
1.0003246,0.00038306843,0,0.0029811973,234.5665358788173,780.7156928389302,2598,9044.474,3.4146063,687.34357,0.24021868,12034.995,4.608731,0,,,,,234.5665358788173,0.00040521656,780.7156928389302,0.00039438187,-0.043955795,0.052180618
0.99950355,0.0003830306,0,0.0029818963,234.566361678038,780.7154761727481,2599,9040.857,3.4141812,687.8778,0.23986848,12025.117,4.6082754,0,,,,,234.566361678038,0.00040525242,780.7154761727481,0.00039437873,-0.043694448,0.051638015
0.9999055,0.0003828732,0,0.002982595,234.56592068519473,780.7152351510354,2600,9044.3545,3.4146216,688.0525,0.23976237,12029.953,4.606382,0,,,,,234.56592068519473,0.00040545472,780.7152351510354,0.00039458548,-0.04373077,0.051427074
0.9995174,0.00038284014,0,0.0029832937,234.56697775174365,780.7145996055899,2601,9044.667,3.4145787,687.81946,0.24021636,12025.283,4.605984,0,,,,,234.56697775174365,0.0004052365,780.7145996055899,0.0003942785,-0.043270852,0.05089038
1.000476,0.00038298086,0,0.002983992,234.56626458353674,780.7150960346085,2602,9048.145,3.4148004,687.3498,0.23995276,12036.817,4.607677,0,,,,,234.56626458353674,0.0004051136,780.7150960346085,0.00039420437,-0.043978002,0.051763494
1.0004439,0.00038310577,0,0.00298469,234.56640802043125,780.7154983470798,2603,9046.753,3.4147353,687.12305,0.23990867,12036.431,4.60918,0,,,,,234.56640802043125,0.00040510844,780.7154983470798,0.00039423842,-0.0437428,0.0519219
1.0001395,0.00038305682,0,0.0029853878,234.56566751772323,780.7153824870002,2604,9041.102,3.4141583,687.6311,0.23972379,12032.768,4.608591,0,,,,,234.56566751772323,0.00040523554,780.7153824870002,0.00039439654,-0.044405382,0.052791357
1.0003457,0.00038303266,0,0.0029860854,234.56513665283893,780.7155612586554,2605,9045.055,3.4145613,687.58826,0.24016497,12035.249,4.6083,0,,,,,234.56513665283893,0.00040503076,780.7155612586554,0.0003942227,-0.044282947,0.052378647
0.9997776,0.00038300356,0,0.0029867825,234.56622305107325,780.7154653642929,2606,9043.999,3.4144886,687.9324,0.24001694,12028.414,4.60795,0,,,,,234.56622305107325,0.00040545355,780.7154653642929,0.0003946823,-0.043974947,0.051780034
0.9999872,0.00038297614,0,0.0029874796,234.56643975917967,780.7148759364843,2607,9044.522,3.4145286,687.2303,0.23978287,12030.936,4.6076202,0,,,,,234.56643975917967,0.00040526697,780.7148759364843,0.00039436718,-0.044117197,0.05186224
1.0002532,0.00038293665,0,0.0029881764,234.56575685146805,780.714414814679,2608,9048.233,3.4148161,687.33044,0.23998871,12034.136,4.6071453,0,,,,,234.56575685146805,0.0004051166,780.714414814679,0.00039425603,-0.04424264,0.051574603
1.0004703,0.00038293967,0,0.002988873,234.56460797427985,780.7158303296646,2609,9044.068,3.414433,687.39185,0.23979004,12036.748,4.6071815,0,,,,,234.56460797427985,0.0004050874,780.7158303296646,0.00039422297,-0.045217477,0.052943554
0.9997388,0.00038299125,0,0.0029895692,234.56553762753254,780.7158834227664,2610,9038.822,3.4139917,687.8234,0.23994929,12027.947,4.607802,0,,,,,234.56553762753254,0.00040534668,780.7158834227664,0.00039452204,-0.045019604,0.052645337
1.0001642,0.00038292125,0,0.0029902654,234.56546681370494,780.7157937686286,2611,9040.7705,3.414041,686.2746,0.24011776,12033.065,4.60696,0,,,,,234.56546681370494,0.00040516973,780.7157937686286,0.00039412288,-0.0455255,0.053145085
0.99996537,0.00038263525,0,0.002990961,234.56474219763896,780.7156766065052,2612,9043.756,3.4143696,687.35834,0.2397381,12030.673,4.603519,0,,,,,234.56474219763896,0.00040519016,780.7156766065052,0.00039440583,-0.045385655,0.052476697
1.0002279,0.00038270626,0,0.0029916568,234.56471180771,780.7148146440542,2613,9047.132,3.4146478,687.23785,0.23997521,12033.832,4.6043735,0,,,,,234.56471180771,0.00040502386,780.7148146440542,0.0003941585,-0.04517741,0.05217206
0.99990284,0.00038273996,0,0.002992352,234.5652356775209,780.7147435789955,2614,9042.341,3.414271,686.4886,0.23999615,12029.921,4.604779,0,,,,,234.5652356775209,0.00040533108,780.7147435789955,0.00039451738,-0.045190647,0.052405473
0.99992657,0.00038281942,0,0.002993047,234.56573512856505,780.7152633252939,2615,9040.534,3.41411,686.83606,0.23997913,12030.206,4.605735,0,,,,,234.56573512856505,0.00040497349,780.7152633252939,0.0003941552,-0.045423657,0.052884158
1.0001855,0.00038263344,0,0.002993742,234.56474551196607,780.7162551197939,2616,9039.031,3.4139106,686.5524,0.24020638,12033.321,4.6034975,0,,,,,234.56474551196607,0.00040519654,780.7162551197939,0.00039444157,-0.04595235,0.053409025
0.99992275,0.0003825508,0,0.0029944365,234.56382720474093,780.7159972826614,2617,9039.412,3.4140987,687.4634,0.2402012,12030.16,4.602503,0,,,,,234.56382720474093,0.0004052419,780.7159972826614,0.00039447218,-0.045829102,0.052947663
1.0000052,0.00038247104,0,0.0029951308,234.56386667886093,780.7161144725665,2618,9039.947,3.414046,686.79004,0.2400687,12031.153,4.6015434,0,,,,,234.56386667886093,0.0004052362,780.7161144725665,0.0003944253,-0.04594378,0.052948337
1.0005286,0.00038264043,0,0.002995825,234.5652267449034,780.7147623488929,2619,9048.201,3.4147358,686.845,0.23992042,12037.449,4.6035814,0,,,,,234.5652267449034,0.00040486315,780.7147623488929,0.0003940069,-0.04515682,0.05218232
0.9997905,0.00038243175,0,0.0029965187,234.5640094152978,780.7166420163632,2620,9039.77,3.4140007,686.7893,0.2400581,12028.569,4.601071,0,,,,,234.5640094152978,0.00040530856,780.7166420163632,0.0003944866,-0.045699622,0.052787535
1.000053,0.00038252593,0,0.0029972123,234.56421790292228,780.717039954359,2621,9038.858,3.414016,686.8257,0.2400065,12031.729,4.602204,0,,,,,234.56421790292228,0.00040516644,780.717039954359,0.00039441453,-0.046384748,0.053571377
1.0000451,0.000382653,8192,0.0029979057,234.56409104626312,780.7166556116711,2622,9038.555,3.4138803,686.2225,0.24033591,12031.632,4.6037326,8192,,,,,234.56409104626312,0.0004050677,780.7166556116711,0.00039435865,-0.046552513,0.05393342
0.99951243,0.0003827162,0,0.0029985989,234.56457225593618,780.7172355031162,2623,9029.982,3.4131076,687.3345,0.239872,12025.224,4.604493,0,,,,,234.56457225593618,0.000405317,780.7172355031162,0.00039463572,-0.046565548,0.054456256
1.001069,0.00038257282,0,0.0029992915,234.56443122967607,780.7166268609385,2624,9049.387,3.4148047,686.6353,0.24004366,12043.95,4.602768,0,,,,,234.56443122967607,0.0004048498,780.7166268609385,0.00039406333,-0.046274036,0.053503428
1.0001925,0.00038252713,8192,0.0029999842,234.56434164995895,780.7155731454937,2625,9041.298,3.414119,686.6534,0.2399113,12033.406,4.602218,8192,,,,,234.56434164995895,0.00040503714,780.7155731454937,0.00039429154,-0.046621118,0.05341158
0.9996965,0.00038258696,0,0.0030006766,234.56426556209175,780.7156054040778,2626,9039.38,3.4140751,686.84656,0.24025168,12027.438,4.602938,0,,,,,234.56426556209175,0.00040532957,780.7156054040778,0.00039447274,-0.04616362,0.05293629
1.0003203,0.00038256898,0,0.0030013686,234.56401090985415,780.7165490846514,2627,9039.555,3.413933,686.9134,0.24015614,12034.943,4.6027217,0,,,,,234.56401090985415,0.00040518653,780.7165490846514,0.00039446505,-0.046902865,0.054248787
0.99994546,0.0003825474,16,0.0030020606,234.56293459140076,780.7163883437142,2628,9034.741,3.4136462,688.04047,0.24015272,12030.434,4.6024623,16,,,,,234.56293459140076,0.00040512977,780.7163883437142,0.00039442597,-0.0465206,0.05442461
1.0002773,0.0003825285,16,0.003002752,234.56423366253563,780.7167689162598,2629,9037.66,3.4140136,688.2522,0.24012022,12034.426,4.602235,16,,,,,234.56423366253563,0.00040506557,780.7167689162598,0.0003943983,-0.046697564,0.05413949
1.0002662,0.00038267075,16,0.0030034434,234.5640676926015,780.7160343234933,2630,9038.335,3.4139915,688.1097,0.23998998,12034.292,4.603946,16,,,,,234.5640676926015,0.00040484566,780.7160343234933,0.00039420382,-0.04664198,0.054201838
1.0000186,0.00038261237,16,0.0030041346,234.562769226206,780.7162443373736,2631,9040.383,3.4141371,688.2248,0.23969218,12031.313,4.603244,16,,,,,234.562769226206,0.0004050969,780.7162443373736,0.00039435827,-0.04630642,0.053406127
1.0004748,0.00038259433,8208,0.0030048254,234.56515423304648,780.7163288220466,2632,9042.615,3.414231,686.82587,0.2398671,12036.803,4.603027,8208,,,,,234.56515423304648,0.00040502203,780.7163288220466,0.0003942756,-0.04657189,0.0538472
0.9996509,0.00038278996,16,0.003005516,234.5633960208129,780.716400724626,2633,9034.122,3.4135344,687.15283,0.23984706,12026.89,4.6053805,16,,,,,234.5633960208129,0.00040527986,780.716400724626,0.00039456354,-0.046297707,0.05406546
0.9999787,0.0003827138,16,0.0030062064,234.56367022101693,780.7169878636319,2634,9033.036,3.4134722,687.0934,0.2403262,12030.834,4.604464,16,,,,,234.56367022101693,0.00040511868,780.7169878636319,0.0003944272,-0.046589263,0.054644633
1.000772,0.00038289433,16,0.0030068965,234.56425310231754,780.7178770758583,2635,9039.733,3.4140112,686.7797,0.24016686,12040.378,4.606636,16,,,,,234.56425310231754,0.00040506694,780.7178770758583,0.00039440187,-0.04629714,0.054801624
1.000431,0.00038274546,16,0.0030075863,234.56398306715477,780.7167946504157,2636,9038.302,3.4139416,687.15027,0.23972607,12036.274,4.604845,16,,,,,234.56398306715477,0.00040500172,780.7167946504157,0.000394318,-0.046502735,0.0542977
0.9995986,0.00038272387,16,0.003008276,234.5626628194566,780.7169680132968,2637,9032.196,3.4134471,687.21234,0.23965177,12026.261,4.604585,16,,,,,234.5626628194566,0.0004051867,780.7169680132968,0.00039445987,-0.046422906,0.054126304
1.000337,0.00038269136,16,0.0030089654,234.56382857215772,780.7164630003807,2638,9042.317,3.4141302,686.4884,0.23988807,12035.145,4.604194,16,,,,,234.56382857215772,0.0004050361,780.7164630003807,0.0003943514,-0.0462214,0.05385127
0.99990195,0.00038262308,16,0.0030096543,234.5635749505727,780.7172163640503,2639,9031.836,3.4132712,686.5245,0.23991041,12029.91,4.6033726,16,,,,,234.5635749505727,0.00040524284,780.7172163640503,0.00039457725,-0.04669275,0.054932907
0.9998194,0.0003826174,16,0.0030103433,234.56493310916773,780.7167947613805,2640,9032.186,3.4133244,686.712,0.2400606,12028.917,4.6033044,16,,,,,234.56493310916773,0.0004051235,780.7167947613805,0.00039444191,-0.046600696,0.05478344
1.0004132,0.00038263787,144,0.003011032,234.56310644820195,780.7171664444206,2641,9035.218,3.4143558,686.8974,0.23996171,12036.061,4.6035504,144,,,,,234.56310644820195,0.0004050636,780.7171664444206,0.00039429503,-0.047221124,0.05476185
0.9998743,0.0003823897,16,0.0030117203,234.5628363625868,780.7169289946204,2642,9031.432,3.4133723,687.09546,0.24047586,12029.577,4.600565,16,,,,,234.5628363625868,0.0004053582,780.7169289946204,0.00039467064,-0.04731353,0.05485312
1.0007954,0.00038230512,16,0.0030124083,234.56363633827283,780.716013425515,2643,9043.77,3.4143772,685.8079,0.239939,12040.659,4.5995474,16,,,,,234.56363633827283,0.00040485716,780.716013425515,0.00039410868,-0.04738023,0.053972088
0.999727,0.00038248024,16,0.0030130963,234.56290539179125,780.717040528737,2644,9034.14,3.4134061,686.4404,0.24014515,12027.806,4.601654,16,,,,,234.56290539179125,0.00040522096,780.717040528737,0.0003945435,-0.04709592,0.054331787
0.99989057,0.0003827262,16,0.0030137838,234.5642665371028,780.7172332101878,2645,9035.161,3.413612,686.2161,0.2397269,12029.773,4.6046133,16,,,,,234.5642665371028,0.00040502206,780.7172332101878,0.0003943385,-0.046925638,0.054739658
1.0003258,0.0003827314,16,0.0030144711,234.56303212688013,780.7181936357115,2646,9033.808,3.4134133,685.4463,0.24034247,12035.01,4.604676,16,,,,,234.56303212688013,0.00040516086,780.7181936357115,0.00039452367,-0.04746478,0.05569707
0.99980825,0.00038268656,16,0.0030151585,234.5642184567796,780.7171461171883,2647,9030.296,3.4132156,686.9118,0.23991008,12028.783,4.6041365,16,,,,,234.5642184567796,0.00040534275,780.7171461171883,0.00039461232,-0.047296714,0.05520168
1.0005264,0.00038262914,144,0.0030158453,234.56330581308748,780.7183042694363,2648,9034.058,3.4147978,686.338,0.24024495,12037.423,4.6034455,144,,,,,234.56330581308748,0.00040511155,780.7183042694363,0.00039432288,-0.04819527,0.055719167
1.0001682,0.00038242468,16,0.003016532,234.56304813181487,780.7167709613753,2649,9035.529,3.4135978,686.0155,0.24013817,12033.113,4.6009855,16,,,,,234.56304813181487,0.00040498984,780.7167709613753,0.00039434186,-0.0475462,0.055018846
1.0001745,0.00038272556,144,0.0030172183,234.56335402792587,780.7174919182278,2650,9036.466,3.4143257,685.96515,0.24011615,12033.189,4.6046057,144,,,,,234.56335402792587,0.00040488638,780.7174919182278,0.00039419153,-0.04717619,0.05513771
0.99960405,0.00038249546,16,0.0030179042,234.56397975980974,780.7178911816495,2651,9029.85,3.4130735,687.00616,0.2397807,12026.326,4.601837,16,,,,,234.56397975980974,0.00040533184,780.7178911816495,0.00039465827,-0.047254,0.055243228
1.0003027,0.00038261776,16,0.0030185902,234.56421363389563,780.7183171355673,2652,9034.211,3.4134872,687.775,0.24013178,12034.731,4.6033087,16,,,,,234.56421363389563,0.00040534223,780.7183171355673,0.00039456857,-0.047112763,0.05575871
1.0001212,0.00038244005,16,0.0030192758,234.56275905974525,780.7190178241149,2653,9029.363,3.413084,685.6937,0.23990227,12032.549,4.6011705,16,,,,,234.56275905974525,0.0004052442,780.7190178241149,0.00039450193,-0.04787415,0.05604194
1.0000874,0.00038251185,16,0.0030199613,234.563529151298,780.7183271574053,2654,9030.868,3.413147,686.4757,0.23979191,12032.142,4.6020346,16,,,,,234.563529151298,0.00040544852,780.7183271574053,0.00039462926,-0.047440805,0.05577438
1.0001808,0.00038261423,16,0.0030206463,234.56310329933189,780.7185686067709,2655,9030.84,3.4131868,686.7145,0.23995484,12033.266,4.6032662,16,,,,,234.56310329933189,0.00040534802,780.7185686067709,0.00039460976,-0.047936164,0.056473505
1.0001217,0.00038254674,16,0.0030213313,234.5628506769247,780.7179575342728,2656,9033.391,3.4133124,685.5785,0.24059342,12032.554,4.602454,16,,,,,234.5628506769247,0.00040496836,780.7179575342728,0.00039434762,-0.048130445,0.05632482
1.0005051,0.00038232337,16,0.0030220158,234.56248147181694,780.7171983488442,2657,9037.543,3.4137156,686.8313,0.23988171,12037.167,4.5997667,16,,,,,234.56248147181694,0.00040499534,780.7171983488442,0.00039432422,-0.04822255,0.055782493
1.0002971,0.00038221755,16,0.0030227,234.56232653376617,780.7185595645545,2658,9031.67,3.4120061,686.0451,0.2399286,12034.664,4.5984936,16,,,,,234.56232653376617,0.00040509808,780.7185595645545,0.00039440172,-0.049233295,0.056846384
0.9996823,0.00038184816,16,0.0030233844,234.5610331490464,780.7186194325009,2659,9026.373,3.4106066,686.3393,0.23989435,12027.268,4.5940495,16,,,,,234.5610331490464,0.00040535978,780.7186194325009,0.000394638,-0.04968975,0.057074916
1.0001143,0.00038205297,16,0.0030240682,234.56215318339542,780.7190091668556,2660,9025.933,3.4104288,686.31476,0.23998445,12032.465,4.5965137,16,,,,,234.56215318339542,0.00040517285,780.7190091668556,0.00039444206,-0.05035338,0.05782402
1.0000372,0.000382081,16,0.0030247518,234.56180179392334,780.7185467064385,2661,9028.254,3.4106805,686.06885,0.2401054,12031.537,4.596851,16,,,,,234.56180179392334,0.00040513827,780.7185467064385,0.00039462355,-0.04965626,0.057322614
1.0009131,0.0003823273,144,0.0030254351,234.56136205284668,780.7182042091897,2662,9036.59,3.4133008,686.4925,0.23997395,12042.076,4.599814,144,,,,,234.56136205284668,0.00040476036,780.7182042091897,0.00039478115,-0.049892236,0.057492785
1.0002474,0.0003820065,16,0.0030261183,234.56094031403558,780.7188440634095,2663,9033.785,3.4111485,685.85297,0.24028419,12034.065,4.5959544,16,,,,,234.56094031403558,0.0004049844,780.7188440634095,0.00039441237,-0.049606636,0.057176
1.0004401,0.00038218856,16,0.0030268012,234.56161529957657,780.7193623481852,2664,9032.639,3.4121263,685.79596,0.23969206,12036.385,4.598145,16,,,,,234.56161529957657,0.00040499793,780.7193623481852,0.00039442687,-0.049677435,0.058026254
1.0003291,0.00038210387,16,0.0030274838,234.56231927867395,780.7196926046474,2665,9028.128,3.410722,686.0453,0.23996115,12035.05,4.597126,16,,,,,234.56231927867395,0.00040519476,780.7196926046474,0.00039462518,-0.050054736,0.058462977
0.99971795,0.00038193396,16,0.003028166,234.5619205016771,780.7192513995051,2666,9023.143,3.4101195,686.6333,0.24014843,12027.696,4.595082,16,,,,,234.5619205016771,0.0004050919,780.7192513995051,0.00039446342,-0.049952473,0.05833243
1.0004499,0.00038198842,16,0.0030288482,234.56020184671405,780.7195245982782,2667,9026.628,3.4105952,685.58136,0.23996069,12036.503,4.595737,16,,,,,234.56020184671405,0.00040523056,780.7195245982782,0.00039462268,-0.050997186,0.058747824
0.99970895,0.0003819999,16,0.0030295302,234.5618119324792,780.7187110233924,2668,9025.629,3.410502,686.82825,0.23995551,12027.588,4.5958753,16,,,,,234.5618119324792,0.00040509098,780.7187110233924,0.00039444596,-0.050309453,0.05745393
0.99996257,0.0003819755,16,0.0030302117,234.56104491936236,780.7190555094408,2669,9027.75,3.4106815,685.55524,0.24019793,12030.64,4.5955815,16,,,,,234.56104491936236,0.00040527055,780.7190555094408,0.00039462437,-0.050317794,0.057309885
1.000283,0.0003819313,16,0.003030893,234.5616510532878,780.7178453464189,2670,9031.897,3.4110577,685.3461,0.24004228,12034.494,4.59505,16,,,,,234.5616510532878,0.0004047101,780.7178453464189,0.00039407483,-0.04967511,0.057300456
0.9995412,0.00038181653,16,0.0030315742,234.56169813943373,780.7194566379604,2671,9022.344,3.4101589,686.02966,0.24013227,12025.57,4.593669,16,,,,,234.56169813943373,0.00040531857,780.7194566379604,0.00039467672,-0.049885552,0.057482705
1.0005647,0.0003820569,16,0.003032255,234.5622193367553,780.7193717517575,2672,9028.694,3.4106867,685.76245,0.2400361,12037.884,4.596561,16,,,,,234.5622193367553,0.00040507008,780.7193717517575,0.0003944333,-0.05003472,0.058174215
0.9993754,0.0003821762,16,0.0030329356,234.56267977915502,780.7197235500277,2673,9018.005,3.4108634,686.79144,0.23987275,12023.575,4.597996,16,,,,,234.56267977915502,0.0004055442,780.7197235500277,0.00039485953,-0.04911586,0.058075648
0.9998212,0.00038194543,16,0.0030336159,234.5626007172943,780.7194491049825,2674,9019.057,3.4098558,686.254,0.23997697,12028.938,4.5952196,16,,,,,234.5626007172943,0.00040542963,780.7194491049825,0.00039481028,-0.04961213,0.0588064
0.99994683,0.0003819412,16,0.003034296,234.56128203262477,780.7182227468943,2675,9028.171,3.4106874,686.9462,0.24002087,12030.45,4.595169,16,,,,,234.56128203262477,0.00040511438,780.7182227468943,0.00039441482,-0.049320158,0.05715112
1.0001895,0.00038234933,16,0.0030349758,234.56271454205984,780.719629659633,2676,9027.83,3.4127629,685.98645,0.24002221,12033.37,4.600079,16,,,,,234.56271454205984,0.00040494555,780.719629659633,0.00039427698,-0.049078956,0.057740808
1.0003885,0.00038232002,16,0.0030356555,234.56208338970816,780.7191974776629,2677,9028.436,3.412918,685.96576,0.23994312,12035.764,4.5997267,16,,,,,234.56208338970816,0.00040522328,780.7191974776629,0.00039455804,-0.04930688,0.057699714
1.0004236,0.0003822719,16,0.0030363349,234.5614797199612,780.7197118210004,2678,9026.396,3.412566,685.63074,0.24001119,12036.186,4.5991473,16,,,,,234.5614797199612,0.00040507145,780.7197118210004,0.0003944626,-0.04918887,0.05820625
1.0003575,0.0003819082,16,0.0030370138,234.56182906375443,780.7196671822766,2679,9023.652,3.4102242,686.1394,0.24000973,12035.391,4.594772,16,,,,,234.56182906375443,0.00040514077,780.7196671822766,0.0003945811,-0.0497791,0.058383938
0.9994502,0.00038202415,16,0.0030376927,234.56211171048315,780.7190899002005,2680,9018.482,3.4097393,686.78827,0.23992251,12024.476,4.596167,16,,,,,234.56211171048315,0.00040539607,780.7190899002005,0.0003947237,-0.049596217,0.05777708
0.99989045,0.0003818368,16,0.0030383714,234.5609162116915,780.7193377491761,2681,9021.676,3.4101374,685.25006,0.24029179,12029.771,4.593913,16,,,,,234.5609162116915,0.00040522616,780.7193377491761,0.00039462012,-0.050157163,0.05788713
1.0005205,0.00038215192,16,0.0030390497,234.56197061579164,780.7183555624388,2682,9031.922,3.4109256,685.51416,0.2398693,12037.352,4.597704,16,,,,,234.56197061579164,0.0004049882,780.7183555624388,0.0003944429,-0.04932669,0.056902528
1.0001163,0.000382194,144,0.0030397277,234.56238522758818,780.7189015650094,2683,9025.228,3.4109347,686.26404,0.23975138,12032.49,4.5982103,144,,,,,234.56238522758818,0.00040514403,780.7189015650094,0.0003945842,-0.049507383,0.057762865
1.000856,0.0003823709,16,0.0030404057,234.56193024556262,780.719303538237,2684,9028.697,3.4127448,686.1555,0.24003434,12041.389,4.6003385,16,,,,,234.56193024556262,0.00040510975,780.719303538237,0.0003943939,-0.049459744,0.058410875
1.0001887,0.0003820732,16,0.0030410832,234.56183303624942,780.7208383695922,2685,9021.356,3.412154,686.43933,0.23989081,12033.36,4.596757,16,,,,,234.56183303624942,0.00040532986,780.7208383695922,0.00039474943,-0.04929323,0.058601994
1.0008289,0.0003821773,16,0.0030417605,234.56143967862334,780.7205184890765,2686,9024.925,3.412529,685.6744,0.24028616,12041.062,4.5980096,16,,,,,234.56143967862334,0.0004049758,780.7205184890765,0.0003943982,-0.049279526,0.059127115
0.9999796,0.00038197057,16,0.0030424376,234.56082484084052,780.7198131751168,2687,9019.231,3.4097233,685.4365,0.23985866,12030.845,4.5955224,16,,,,,234.56082484084052,0.00040514636,780.7198131751168,0.00039459064,-0.049691595,0.05877868
0.9994568,0.00038184493,16,0.0030431144,234.5615922679279,780.7206008523887,2688,9014.848,3.4095566,685.96106,0.23997773,12024.555,4.594011,16,,,,,234.5615922679279,0.0004057073,780.7206008523887,0.0003950996,-0.049844854,0.058750555
0.99970907,0.00038231342,16,0.003043791,234.56248654141598,780.7196496988851,2689,9021.419,3.412285,685.02344,0.24002625,12027.59,4.599647,16,,,,,234.56248654141598,0.00040537224,780.7196496988851,0.00039471366,-0.048951566,0.057857808
0.99968135,0.00038194034,16,0.0030444672,234.5613623677972,780.7202652533276,2690,9017.054,3.4096222,686.0751,0.2399875,12027.256,4.5951586,16,,,,,234.5613623677972,0.0004052045,780.7202652533276,0.00039464,-0.050044943,0.059243325
1.0011718,0.0003818886,16,0.0030451433,234.56142796582526,780.7208096664995,2691,9029.047,3.410646,685.62744,0.23970878,12045.1875,4.594536,16,,,,,234.56142796582526,0.00040489755,780.7208096664995,0.0003943249,-0.050273977,0.059464216
1.0000838,0.0003818094,16,0.0030458192,234.56096086724014,780.7206027089346,2692,9019.193,3.4097784,685.16614,0.2400229,12032.098,4.593583,16,,,,,234.56096086724014,0.00040519604,780.7206027089346,0.00039467213,-0.050360434,0.05945014
0.99921006,0.00038158812,16,0.0030464947,234.56037147864149,780.7213976973245,2693,9008.63,3.4088361,685.8551,0.24017759,12021.586,4.590921,16,,,,,234.56037147864149,0.00040540608,780.7213976973245,0.00039493208,-0.050694346,0.0602572
0.9994456,0.00038186213,16,0.0030471701,234.5613513143196,780.7208017370699,2694,9013.546,3.409234,685.1586,0.24008954,12024.42,4.594218,16,,,,,234.5613513143196,0.00040537963,780.7208017370699,0.0003948523,-0.050461985,0.05951477
1.0015024,0.0003819766,16,0.003047845,234.56118610556354,780.7205669676355,2695,9033.173,3.4109583,685.2879,0.23982634,12049.165,4.595595,16,,,,,234.56118610556354,0.00040501828,780.7205669676355,0.00039447634,-0.05055035,0.059397116
1.0002534,0.0003821604,16,0.0030485198,234.56274128966248,780.719797009201,2696,9026.356,3.4115117,685.65924,0.23986311,12034.14,4.597806,16,,,,,234.56274128966248,0.00040496702,780.719797009201,0.00039434372,-0.049892426,0.05881969
1.0002658,0.00038184717,16,0.0030491943,234.5613444723752,780.7210097520485,2697,9020.167,3.4099367,684.81195,0.23987624,12034.288,4.5940375,16,,,,,234.5613444723752,0.00040515838,780.7210097520485,0.00039463074,-0.05015191,0.05990071
0.99960536,0.0003815833,16,0.0030498686,234.56138155211644,780.7208632120526,2698,9012.965,3.4091358,684.3217,0.2401587,12026.342,4.5908628,16,,,,,234.56138155211644,0.00040528222,780.7208632120526,0.00039475306,-0.05014127,0.060382437
1.0003468,0.00038179648,16,0.0030505427,234.56144691959315,780.7215372938433,2699,9020.515,3.4097555,684.41003,0.24046338,12035.263,4.5934277,16,,,,,234.56144691959315,0.0004049499,780.7215372938433,0.00039446854,-0.0499199,0.060103096
0.99912435,0.00038168958,16,0.0030512165,234.56091578378937,780.7211217787732,2700,9006.785,3.408713,685.87195,0.23997596,12020.555,4.5921416,16,,,,,234.56091578378937,0.00040550306,780.7211217787732,0.00039497588,-0.050667845,0.060574323
0.9996503,0.0003818468,16,0.00305189,234.5623785306623,780.720653127607,2701,9014.583,3.4094527,685.6772,0.24023798,12026.883,4.5940332,16,,,,,234.5623785306623,0.0004053302,780.720653127607,0.000394746,-0.05021332,0.060093578
1.0005648,0.00038187022,16,0.0030525634,234.56072112367423,780.7215548838728,2702,9023.1045,3.4099877,685.92487,0.23980884,12037.885,4.594315,16,,,,,234.56072112367423,0.00040520038,780.7215548838728,0.00039468837,-0.050860986,0.059803035
1.0003133,0.00038210224,16,0.0030532363,234.5615507821042,780.7212175665712,2703,9023.672,3.4110978,685.37256,0.24003166,12034.859,4.5971065,16,,,,,234.5615507821042,0.00040516342,780.7212175665712,0.00039461715,-0.049805842,0.05936296
1.00037,0.0003814913,16,0.0030539092,234.5607722047527,780.721320815841,2704,9018.89,3.4096794,686.2728,0.23996052,12035.542,4.589756,16,,,,,234.5607722047527,0.00040515568,780.721320815841,0.00039467917,-0.050112747,0.06083962
0.9999033,0.00038156038,16,0.0030545816,234.56116364803967,780.7215887557322,2705,9014.359,3.4092824,684.57245,0.24017054,12029.927,4.590587,16,,,,,234.56116364803967,0.00040509773,780.7215887557322,0.00039464704,-0.050375488,0.0607536
0.9997903,0.00038139295,0,0.003055926,234.56129618840953,780.7216952202687,2707,9010.314,3.4089618,685.36005,0.23975624,12028.567,4.588573,0,,,,,234.56129618840953,0.0004054571,780.7216952202687,0.0003950019,-0.05021311,0.06128276
0.99977255,0.00038182922,0,0.0030565977,234.56236772846466,780.7206465400482,2708,9016.093,3.4106953,685.69434,0.24015841,12028.354,4.5938215,0,,,,,234.56236772846466,0.0004054809,780.7206465400482,0.00039489003,-0.049391605,0.059938904
0.9993345,0.00038172663,0,0.0030572691,234.56155211218777,780.7216073866032,2709,9010.4,3.4110494,686.0246,0.24020576,12023.083,4.5925875,0,,,,,234.56155211218777,0.0004052745,780.7216073866032,0.00039480772,-0.049519975,0.060712956
1.0002599,0.00038192497,0,0.0030579404,234.5619825841846,780.7211968077385,2710,9021.932,3.412173,684.9809,0.24001102,12034.217,4.5949736,0,,,,,234.5619825841846,0.00040510512,780.7211968077385,0.00039454162,-0.049501296,0.0602809
1.0000293,0.00038169304,0,0.0030586114,234.5623119503049,780.721219689687,2711,9017.726,3.4108112,686.2047,0.2405077,12031.442,4.592183,0,,,,,234.5623119503049,0.00040515687,780.721219689687,0.0003946643,-0.049678266,0.060953613
1.0000362,0.00038150934,0,0.0030592822,234.5603444607035,780.7219500687188,2712,9013.731,3.409381,686.6799,0.23992541,12031.526,4.589973,0,,,,,234.5603444607035,0.0004053064,780.7219500687188,0.00039496148,-0.050406132,0.061509814
1.0005555,0.00038137782,0,0.0030599525,234.56095076454727,780.7214625833071,2713,9019.581,3.4096756,685.50287,0.23996593,12037.773,4.588391,0,,,,,234.56095076454727,0.00040503644,780.7214625833071,0.00039456406,-0.050503414,0.061509296
0.99994594,0.0003816259,0,0.0030606228,234.5603638678038,780.7216086509176,2714,9013.81,3.409372,685.3381,0.23994322,12030.439,4.5913754,0,,,,,234.5603638678038,0.00040541784,780.7216086509176,0.00039496523,-0.050907508,0.061448805
0.9995987,0.00038160503,0,0.0030612927,234.5619172161032,780.7218211749503,2715,9014.88,3.4093854,686.0042,0.24012856,12026.262,4.5911245,0,,,,,234.5619172161032,0.0004053125,780.7218211749503,0.00039484474,-0.0502053,0.060786378
0.9993848,0.00038142494,8192,0.0030619625,234.560896334907,780.721454127191,2716,9011.694,3.4090111,684.238,0.24004108,12023.688,4.588958,8192,,,,,234.560896334907,0.0004050626,780.721454127191,0.00039453298,-0.05045147,0.06106732
0.99990773,0.00038158236,0,0.003062632,234.56110357669644,780.7219547761543,2717,9016.466,3.409562,685.8307,0.23994178,12029.9795,4.590852,0,,,,,234.56110357669644,0.00040513457,780.7219547761543,0.00039465824,-0.050290823,0.061089646
1.0005183,0.0003814582,0,0.003063301,234.56144781652702,780.7216165912653,2718,9018.045,3.4097576,685.4815,0.2401046,12037.325,4.589358,0,,,,,234.56144781652702,0.00040510643,780.7216165912653,0.00039469835,-0.050624333,0.06169819
1.0001168,0.00038123602,0,0.0030639702,234.56104131367732,780.7229253966559,2719,9011.447,3.4089894,685.3684,0.24001265,12032.495,4.5866847,0,,,,,234.56104131367732,0.00040517442,780.7229253966559,0.00039473403,-0.051018007,0.06252249
1.0003273,0.00038172372,0,0.003064639,234.56093406550883,780.7223455436199,2720,9017.222,3.409611,685.44037,0.24014276,12035.028,4.592552,0,,,,,234.56093406550883,0.00040536706,780.7223455436199,0.00039495502,-0.051169455,0.061603878
0.9997162,0.00038155256,0,0.0030653074,234.56022711469413,780.7220361061743,2721,9011.917,3.4090931,685.5158,0.24005249,12027.676,4.590493,0,,,,,234.56022711469413,0.0004053318,780.7220361061743,0.0003948504,-0.05170695,0.0615083
0.99888885,0.00038155747,0,0.0030659754,234.56164268091834,780.7221412966214,2722,9007.09,3.408709,686.23773,0.23978236,12017.722,4.5905523,0,,,,,234.56164268091834,0.00040555288,780.7221412966214,0.00039508872,-0.050982993,0.061461374
1.0004108,0.0003818669,0,0.0030666434,234.55967133049722,780.7208102477583,2723,9019.492,3.4097562,685.6684,0.24001351,12036.032,4.594275,0,,,,,234.55967133049722,0.00040477593,780.7208102477583,0.0003942953,-0.05143511,0.061321657
0.9998872,0.00038160945,0,0.0030673111,234.55964744636034,780.7222874760879,2724,9011.365,3.408902,684.5768,0.24000916,12029.733,4.5911775,0,,,,,234.55964744636034,0.00040522416,780.7222874760879,0.00039480443,-0.05167718,0.061986305
0.99972343,0.00038141484,0,0.0030679784,234.55954267238224,780.7226309057977,2725,9009.486,3.408832,684.8739,0.24027255,12027.763,4.588836,0,,,,,234.55954267238224,0.00040540623,780.7226309057977,0.0003950106,-0.051814955,0.06216652
0.9999648,0.00038133172,0,0.0030686457,234.56040724870522,780.722596644792,2726,9009.176,3.4088128,685.71106,0.2399533,12030.666,4.5878363,0,,,,,234.56040724870522,0.0004053754,780.722596644792,0.00039492734,-0.052288327,0.06274735
0.9999765,0.00038148454,0,0.0030693125,234.5611114428608,780.7219740134835,2727,9014.409,3.4092057,684.673,0.24019276,12030.808,4.589675,0,,,,,234.5611114428608,0.00040507666,780.7219740134835,0.00039463872,-0.051286865,0.061955735
0.99937296,0.00038148472,0,0.0030699791,234.55971156582092,780.7230225906414,2728,9007.471,3.4085627,684.8854,0.23992543,12023.546,4.589677,0,,,,,234.55971156582092,0.0004053912,780.7230225906414,0.00039504154,-0.05197347,0.062415075
1.0001005,0.00038156402,0,0.0030706457,234.55966731388799,780.721119221289,2729,9016.382,3.4094238,685.19476,0.23995471,12032.299,4.590631,0,,,,,234.55966731388799,0.0004049696,780.721119221289,0.00039449052,-0.051502697,0.06149271
1.0002925,0.0003815152,0,0.0030713119,234.5602418930954,780.7229136996218,2730,9013.956,3.409261,685.5176,0.23990788,12034.609,4.5900435,0,,,,,234.5602418930954,0.000405079,780.7229136996218,0.00039466738,-0.052060124,0.06249617
0.99946094,0.00038111414,0,0.0030719778,234.56049876272897,780.7223415319697,2731,9003.264,3.4082797,685.3892,0.24018832,12024.6045,4.5852184,0,,,,,234.56049876272897,0.00040535533,780.7223415319697,0.0003949561,-0.051969245,0.063001685
1.0001876,0.0003812965,0,0.0030726434,234.55938245070934,780.7228745052389,2732,9011.366,3.4088705,684.68524,0.23996042,12033.347,4.5874124,0,,,,,234.55938245070934,0.0004049839,780.7228745052389,0.00039468583,-0.051792614,0.06258678
0.9995207,0.00038136015,0,0.0030733086,234.55957225574113,780.7230870975552,2733,9005.99,3.4084103,685.1494,0.23978893,12025.323,4.588178,0,,,,,234.55957225574113,0.0004051121,780.7230870975552,0.00039466718,-0.052465163,0.062643446
1.0000014,0.00038155846,0,0.0030739738,234.5596606560172,780.7219808102643,2734,9014.034,3.4091809,685.1671,0.23987423,12031.106,4.5905643,0,,,,,234.5596606560172,0.00040495206,780.7219808102643,0.0003945517,-0.05205219,0.06226022
0.99867636,0.00038134822,0,0.0030746388,234.5585646413836,780.7223953270304,2735,9000.581,3.4081345,685.33813,0.23985001,12015.165,4.5880346,0,,,,,234.5585646413836,0.00040561226,780.7223953270304,0.00039523336,-0.052295208,0.062474202
1.0003837,0.00038132883,0,0.0030753033,234.55816631609716,780.7232840225696,2736,9014.113,3.4092631,685.0558,0.24015343,12035.707,4.5878015,0,,,,,234.55816631609716,0.0004050549,780.7232840225696,0.00039470854,-0.052578382,0.062656045
0.9998379,0.00038117374,0,0.0030759675,234.55929343355473,780.7232558746146,2737,9007.102,3.4084384,684.23413,0.24019305,12029.14,4.5859356,0,,,,,234.55929343355473,0.00040509764,780.7232558746146,0.0003947658,-0.052868076,0.063329116
0.9992652,0.00038088614,0,0.0030766318,234.55939769370394,780.7246477919123,2738,8999.4375,3.4077983,684.33124,0.2399157,12022.249,4.582475,0,,,,,234.55939769370394,0.0004053102,780.7246477919123,0.0003950041,-0.053189423,0.064072534
0.99966913,0.0003813297,0,0.0030772956,234.5590195338561,780.7229849144284,2739,9010.292,3.4088678,685.4731,0.23997301,12027.109,4.587812,0,,,,,234.5590195338561,0.00040528402,780.7229849144284,0.00039495362,-0.05323811,0.06293224
1.0001612,0.00038099135,0,0.0030779592,234.557795766959,780.7239005678289,2740,9011.641,3.408914,684.92114,0.24010924,12033.029,4.583741,0,,,,,234.557795766959,0.00040503105,780.7239005678289,0.00039478604,-0.05362741,0.06394038
0.9997923,0.0003813546,0,0.0030786225,234.55813921554818,780.7224424931758,2741,9012.226,3.4090405,685.1649,0.23966806,12028.591,4.5881114,0,,,,,234.55813921554818,0.0004050355,780.7224424931758,0.00039466904,-0.053699158,0.06291475
0.99970984,0.00038103058,8192,0.0030792856,234.55696255713698,780.7230649097926,2742,9008.248,3.4087267,685.5511,0.23974761,12027.599,4.5842133,8192,,,,,234.55696255713698,0.00040531642,780.7230649097926,0.00039498444,-0.054433502,0.06354877
1.0001388,0.00038114566,0,0.0030799485,234.55835453463595,780.7238727197362,2743,9007.485,3.408628,686.37555,0.23988056,12032.759,4.5855975,0,,,,,234.55835453463595,0.00040515527,780.7238727197362,0.00039483217,-0.054350544,0.06457677
