flux,flux_err,quality,timecorr,centroid_col,centroid_row,cadenceno,sap_flux,sap_flux_err,sap_bkg,sap_bkg_err,pdcsap_flux,pdcsap_flux_err,sap_quality,psf_centr1,psf_centr1_err,psf_centr2,psf_centr2_err,mom_centr1,mom_centr1_err,mom_centr2,mom_centr2_err,pos_corr1,pos_corr2
1.0001572,0.0001390751,0,0.0014770003,905.3780993536703,720.1507764274807,568,47006.297,6.6186247,1145.6392,0.4250554,55299.465,7.6895695,0,,,,,905.3780993536703,0.00013575463,720.1507764274807,0.00019660188,-0.0026916435,0.014443409
0.9997635,0.00013969815,0,0.0014779447,905.3788456243896,720.1499648718211,569,46993.246,6.616639,1143.3059,0.4250504,55277.695,7.7240186,0,,,,,905.3788456243896,0.0001357914,720.1499648718211,0.00019665332,-0.002278697,0.013684579
1.0001537,0.00013970789,0,0.0014788889,905.378291717822,720.1496987109055,570,46999.586,6.616945,1142.9469,0.42513818,55299.27,7.724557,0,,,,,905.378291717822,0.0001357746,720.1496987109055,0.00019660288,-0.0028521304,0.013062364
0.9999305,0.00013967021,0,0.001479833,905.3785137916178,720.1488618793762,571,46995.883,6.616959,1144.0708,0.42563418,55286.93,7.722474,0,,,,,905.3785137916178,0.00013578539,720.1488618793762,0.00019664645,-0.0027189518,0.012347811
0.9999001,0.00014006058,0,0.001480777,905.3774440702527,720.1486063565742,572,46979.863,6.6160574,1144.8953,0.42401266,55285.25,7.7440577,0,,,,,905.3774440702527,0.00013579975,720.1486063565742,0.00019670086,-0.0032330009,0.011312519
0.999819,0.00013902043,0,0.0014817211,905.3772814878579,720.1482089870657,573,46969.82,6.6156163,1143.7513,0.42473933,55280.766,7.6865473,0,,,,,905.3772814878579,0.00013584335,720.1482089870657,0.00019675169,-0.0035616665,0.010984103
0.99990475,0.00013998878,0,0.001482665,905.3775057747714,720.1477339395215,574,46979.81,6.6160603,1143.5413,0.4247532,55285.508,7.7400885,0,,,,,905.3775057747714,0.00013579837,720.1477339395215,0.00019671461,-0.0033509333,0.010441009
1.0000641,0.00013944169,0,0.0014836089,905.3770164890433,720.1478494713277,575,46986.152,6.6163907,1141.8074,0.42539427,55294.316,7.709839,0,,,,,905.3770164890433,0.00013578322,720.1478494713277,0.00019668424,-0.0034448674,0.0102959955
1.0001819,0.00013976419,0,0.0014845526,905.3772275738419,720.1481913994705,576,46982.504,6.616365,1141.9993,0.42577288,55300.832,7.72767,0,,,,,905.3772275738419,0.00013576783,720.1481913994705,0.0001966997,-0.0033409838,0.010136411
0.9999086,0.00013962334,0,0.0014854963,905.3768027176236,720.1474137560572,577,46973.133,6.615712,1143.3864,0.4245256,55285.723,7.7198825,0,,,,,905.3768027176236,0.00013580453,720.1474137560572,0.00019672897,-0.0037375565,0.009780804
1.0000441,0.00014006409,0,0.0014864398,905.3774666091897,720.1472880161491,578,46978.945,6.615895,1143.1945,0.42409283,55293.21,7.744252,0,,,,,905.3774666091897,0.00013580288,720.1472880161491,0.00019671726,-0.0031111594,0.009529546
1.0000778,0.00013979882,0,0.0014873833,905.37748795651,720.1477003814276,579,46981.832,6.616049,1143.2047,0.42468157,55295.08,7.7295847,0,,,,,905.37748795651,0.00013576372,720.1477003814276,0.00019671784,-0.003290291,0.009778864
0.99981725,0.00013963689,0,0.0014883267,905.3774126859479,720.1473811428232,580,46974.21,6.6158304,1142.3628,0.4249569,55280.668,7.7206316,0,,,,,905.3774126859479,0.00013579181,720.1473811428232,0.00019675844,-0.0031780158,0.009476858
0.99990934,0.00014019155,0,0.00148927,905.3776339090065,720.1471655835064,581,46978.914,6.6160254,1142.4104,0.42483643,55285.76,7.751299,0,,,,,905.3776339090065,0.00013580179,720.1471655835064,0.00019674114,-0.002977169,0.009436916
1.0000689,0.00013983513,0,0.0014902132,905.3774547091552,720.1470997776588,582,46980.164,6.615984,1141.9528,0.42500046,55294.582,7.731592,0,,,,,905.3774547091552,0.00013578757,720.1470997776588,0.00019671238,-0.0032772238,0.009448967
0.9996752,0.00014023554,0,0.0014911564,905.3774031772424,720.1476615136946,583,46966.12,6.6152616,1141.2106,0.42396277,55272.816,7.7537313,0,,,,,905.3774031772424,0.00013580103,720.1476615136946,0.00019674166,-0.002988257,0.0093670525
1.0000864,0.00013977465,0,0.0014920995,905.3778167341309,720.1473715151432,584,46983.77,6.616139,1140.8329,0.42553344,55295.55,7.7282486,0,,,,,905.3778167341309,0.00013576148,720.1473715151432,0.00019666935,-0.002646469,0.00953594
0.99992955,0.00013977957,0,0.0014930425,905.3776542876794,720.1470585166834,585,46976.34,6.615849,1142.8192,0.424771,55286.88,7.728521,0,,,,,905.3776542876794,0.00013577475,720.1470585166834,0.00019673785,-0.0031247835,0.008895254
1.0000032,0.0001403317,0,0.0014939853,905.3776623963298,720.1473495053721,586,46982.23,6.6169143,1156.8541,0.42530778,55290.95,7.759048,0,,,,,905.3776623963298,0.00013583293,720.1473495053721,0.00019680178,-0.0028059417,0.008872234
0.99993026,0.00013995782,0,0.0014949281,905.3776103258447,720.1466845415315,587,46965.883,6.615292,1142.1248,0.42439294,55286.918,7.738376,0,,,,,905.3776103258447,0.00013581985,720.1466845415315,0.00019678121,-0.0030741163,0.008540642
0.99966663,0.00014007484,0,0.0014958709,905.3778189894815,720.1466580445918,588,46970.105,6.615495,1141.61,0.425056,55272.34,7.744847,0,,,,,905.3778189894815,0.00013578821,720.1466580445918,0.00019676877,-0.0028690777,0.008425135
0.99983495,0.00013983915,0,0.0014968135,905.3785710382393,720.1470928150535,589,46970.01,6.615514,1143.1213,0.42430973,55281.65,7.7318144,0,,,,,905.3785710382393,0.00013578121,720.1470928150535,0.00019675247,-0.0021961778,0.008609406
1.000049,0.00014052258,128,0.0014977561,905.3791861897674,720.1470192852315,590,46988.2,6.6166697,1142.7802,0.4240775,55293.484,7.7696023,128,,,,,905.3791861897674,0.00013575015,720.1470192852315,0.00019674795,-0.0017549845,0.008598781
0.99964476,0.00014052041,0,0.0014986985,905.3789492280573,720.1465143972471,591,46965.367,6.615353,1143.0457,0.42397097,55271.133,7.769482,0,,,,,905.3789492280573,0.00013580831,720.1465143972471,0.00019682439,-0.0018447393,0.008105164
0.9999393,0.0001403932,0,0.0014996409,905.3784111701913,720.1466275039139,592,46978.37,6.6159577,1142.697,0.42467418,55287.418,7.762449,0,,,,,905.3784111701913,0.00013576189,720.1466275039139,0.00019672407,-0.0021553477,0.008107045
1.0001726,0.00014058886,0,0.0015005833,905.3789660138096,720.1461723676148,593,46986.348,6.616318,1142.5085,0.42510113,55300.316,7.773267,0,,,,,905.3789660138096,0.00013573444,720.1461723676148,0.00019672397,-0.0018597062,0.0074024973
0.9999935,0.00014071942,0,0.0015015254,905.3783830602384,720.1465189038421,594,46978.805,6.615879,1142.2064,0.42458287,55290.414,7.7804856,0,,,,,905.3783830602384,0.00013576604,720.1465189038421,0.00019674831,-0.0023699799,0.007825799
0.99987215,0.00014062285,0,0.0015024676,905.378428008937,720.1462349265244,595,46969.832,6.6154804,1142.2405,0.42449272,55283.703,7.7751465,0,,,,,905.378428008937,0.00013579614,720.1462349265244,0.00019678303,-0.0023172842,0.007692145
1.0002325,0.00014062799,0,0.0015034096,905.3785903418045,720.1463091176754,596,46979.21,6.6159916,1141.5112,0.42502156,55303.625,7.77543,0,,,,,905.3785903418045,0.00013575175,720.1463091176754,0.00019672517,-0.0022880295,0.0074975765
0.9999421,0.00014056686,0,0.0015043515,905.3783972479339,720.1464329365989,597,46971.6,6.6157703,1144.6049,0.42540902,55287.574,7.7720504,0,,,,,905.3783972479339,0.00013580151,720.1464329365989,0.00019677596,-0.0021548555,0.007461486
0.99980277,0.00014066343,0,0.0015052934,905.3782629266387,720.1463405107692,598,46965.312,6.6153054,1142.2173,0.42510384,55279.867,7.7773895,0,,,,,905.3782629266387,0.00013580253,720.1463405107692,0.00019679038,-0.0022947425,0.007850288
0.9998887,0.000140745,0,0.0015062351,905.3787384814121,720.1461421244977,599,46973.4,6.615656,1143.2572,0.4238569,55284.62,7.7819004,0,,,,,905.3787384814121,0.00013579591,720.1461421244977,0.00019678523,-0.0019500172,0.007788466
0.9999271,0.0001408376,0,0.0015071768,905.378480944416,720.1465511958293,600,46973.316,6.615701,1142.6189,0.42452377,55286.742,7.7870197,0,,,,,905.378480944416,0.0001357903,720.1465511958293,0.00019674403,-0.002079327,0.008225178
0.9997098,0.00014089337,0,0.0015081185,905.3786454730107,720.1471138753949,601,46971.664,6.6155834,1142.9598,0.42466474,55274.727,7.790104,0,,,,,905.3786454730107,0.00013578743,720.1471138753949,0.00019676301,-0.002171186,0.008561585
1.0003685,0.00014083939,0,0.0015090599,905.3784290707008,720.1470805313686,602,46987.137,6.616373,1141.7433,0.425662,55311.145,7.787119,0,,,,,905.3784290707008,0.00013575242,720.1470805313686,0.00019666956,-0.002335516,0.008842654
1.0002375,0.00014069516,0,0.0015100014,905.377811737363,720.147225696295,603,46986.41,6.6163154,1141.5479,0.42471674,55303.906,7.779145,0,,,,,905.377811737363,0.0001357736,720.147225696295,0.00019667757,-0.0024684072,0.009008208
1.0003194,0.00014074703,0,0.0015109427,905.3784620107697,720.1470835705637,604,46987.973,6.6163225,1142.0822,0.42437345,55308.434,7.782012,0,,,,,905.3784620107697,0.00013577967,720.1470835705637,0.00019669435,-0.002386538,0.009191359
0.99999344,0.00014088783,0,0.0015118839,905.378393875322,720.1475172283891,605,46974.36,6.6156306,1141.3214,0.42434078,55290.41,7.789797,0,,,,,905.378393875322,0.00013578527,720.1475172283891,0.00019673497,-0.0021492834,0.009206695
0.9997718,0.00014089172,0,0.0015128251,905.378087750932,720.1476454787801,606,46971.43,6.615498,1141.7496,0.42432404,55278.156,7.790012,0,,,,,905.378087750932,0.00013580808,720.1476454787801,0.00019673332,-0.0023774318,0.009450606
0.99990624,0.00014085895,0,0.0015137662,905.3782437352511,720.1472003766783,607,46968.695,6.615491,1141.5839,0.4249194,55285.59,7.7882004,0,,,,,905.3782437352511,0.00013581324,720.1472003766783,0.00019675275,-0.0023554452,0.00892229
1.000024,0.00014079793,0,0.0015147072,905.3781621951406,720.147527507051,608,46978.848,6.615933,1143.1729,0.42444,55292.098,7.7848263,0,,,,,905.3781621951406,0.00013578928,720.147527507051,0.00019668923,-0.0026315313,0.009428237
0.99966305,0.00014066337,0,0.0015156481,905.3784910160695,720.1473901579883,609,46965.082,6.6153297,1143.3936,0.42432314,55272.145,7.7773867,0,,,,,905.3784910160695,0.00013582704,720.1473901579883,0.0001967632,-0.0022743384,0.009180909
0.9999135,0.00014071682,0,0.001516589,905.378664683771,720.1474494623468,610,46973.395,6.615717,1141.627,0.42466527,55285.992,7.7803416,0,,,,,905.378664683771,0.0001357762,720.1474494623468,0.00019672986,-0.0021062759,0.009367493
0.9999801,0.00014076431,0,0.0015175297,905.3781270518775,720.1477785264625,611,46976.496,6.615891,1142.0112,0.42437243,55289.67,7.7829676,0,,,,,905.3781270518775,0.00013578084,720.1477785264625,0.00019671886,-0.0025201915,0.009544412
1.0001264,0.00014075256,0,0.0015184704,905.3780528862281,720.1472806874297,612,46978.375,6.616074,1143.0311,0.4245984,55297.76,7.7823176,0,,,,,905.3780528862281,0.00013580815,720.1472806874297,0.00019675275,-0.00250382,0.009101686
1.000312,0.00014046521,0,0.0015194109,905.3779511775894,720.1473922406457,613,46982.46,6.6161017,1141.7228,0.42496216,55308.023,7.7664304,0,,,,,905.3779511775894,0.00013577015,720.1473922406457,0.00019668278,-0.002718442,0.009321798
1.0001973,0.00014071385,0,0.0015203513,905.3781697098804,720.1474728156076,614,46985.81,6.6162806,1142.1125,0.42494082,55301.68,7.7801776,0,,,,,905.3781697098804,0.00013579146,720.1474728156076,0.00019668088,-0.0025895434,0.00950755
0.99987084,0.0001405771,0,0.0015212917,905.3779796344129,720.1473827155872,615,46972.633,6.6156044,1141.4258,0.42481834,55283.633,7.7726164,0,,,,,905.3779796344129,0.00013580117,720.1473827155872,0.00019671863,-0.0026739857,0.009175
0.9998594,0.00014053793,0,0.001522232,905.3777108892134,720.147727484878,616,46973.625,6.6157074,1139.8862,0.4248208,55283.0,7.770451,0,,,,,905.3777108892134,0.00013580619,720.147727484878,0.00019672132,-0.0027296047,0.009780969
1.0001445,0.0001407249,0,0.0015231721,905.3781004603298,720.147882609025,617,46986.773,6.6162996,1141.2473,0.42500404,55298.76,7.7807884,0,,,,,905.3781004603298,0.00013573919,720.147882609025,0.00019669182,-0.0025088664,0.009422539
1.0002254,0.00014012147,0,0.0015241123,905.3779814325321,720.1474084213785,618,46976.555,6.6158824,1141.3718,0.42500955,55303.234,7.747424,0,,,,,905.3779814325321,0.00013577376,720.1474084213785,0.00019672111,-0.0026353288,0.009465434
0.99974257,0.00014036972,0,0.0015250524,905.3780727710731,720.1478146415398,619,46965.332,6.6156874,1149.5638,0.42508098,55276.54,7.7611504,0,,,,,905.3780727710731,0.00013584322,720.1478146415398,0.00019678882,-0.002697734,0.009831145
0.99998814,0.00014044018,0,0.0015259923,905.3776016607318,720.1475476208485,620,46971.496,6.6156044,1141.4684,0.42505544,55290.117,7.7650466,0,,,,,905.3776016607318,0.00013578698,720.1475476208485,0.00019673872,-0.0028029375,0.009225899
1.0000718,0.00014053212,0,0.0015269321,905.3780595597048,720.1479214162189,621,46969.457,6.6155577,1140.5159,0.4252646,55294.74,7.77013,0,,,,,905.3780595597048,0.00013578688,720.1479214162189,0.00019672696,-0.002696347,0.009892703
0.9999415,0.0001407824,0,0.0015278718,905.3788383089445,720.1481118604032,622,46974.72,6.6158214,1140.2341,0.4267563,55287.54,7.783968,0,,,,,905.3788383089445,0.0001357677,720.1481118604032,0.00019670432,-0.002154606,0.010083183
0.9999158,0.00014064001,0,0.0015288115,905.3784203713572,720.1479313764604,623,46970.344,6.615412,1139.7651,0.4246846,55286.117,7.7760954,0,,,,,905.3784203713572,0.00013580262,720.1479313764604,0.00019670988,-0.0023636324,0.009850265
1.000025,0.00014079755,0,0.0015297511,905.3781782762243,720.1481861449384,624,46974.15,6.6156597,1141.3035,0.42450094,55292.156,7.784806,0,,,,,905.3781782762243,0.00013578396,720.1481861449384,0.0001967248,-0.0024506513,0.010148237
0.99999183,0.00014084403,0,0.0015306906,905.3785354127258,720.1479614776191,625,46978.445,6.615821,1140.5448,0.42468584,55290.32,7.787375,0,,,,,905.3785354127258,0.00013576633,720.1479614776191,0.00019670854,-0.0022541785,0.0097864345
0.9997187,0.00014084137,0,0.0015316299,905.3788721965211,720.1481430924323,626,46967.49,6.61536,1141.0039,0.42430046,55275.223,7.787228,0,,,,,905.3788721965211,0.00013581039,720.1481430924323,0.00019674755,-0.001847454,0.010138811
1.0003109,0.00014066936,0,0.0015325693,905.3785148678453,720.1481907192758,627,46986.145,6.6161156,1139.9694,0.42484793,55307.965,7.7777176,0,,,,,905.3785148678453,0.00013576665,720.1481907192758,0.00019664678,-0.002384655,0.0104152765
0.9999293,0.00014082431,0,0.0015335085,905.3782073870082,720.1477444290176,628,46971.523,6.6155214,1140.3264,0.42496744,55286.863,7.786285,0,,,,,905.3782073870082,0.00013583901,720.1477444290176,0.00019668628,-0.0022480942,0.009752526
0.9997202,0.00014052875,0,0.0015344477,905.3782174377068,720.1482819779592,629,46977.61,6.6157775,1140.3419,0.42468852,55275.305,7.769943,0,,,,,905.3782174377068,0.00013581799,720.1482819779592,0.0001967148,-0.002486257,0.010385796
0.99989766,0.00014066297,0,0.0015353867,905.3781960821595,720.1482016438313,630,46983.594,6.615945,1139.52,0.4244131,55285.113,7.7773643,0,,,,,905.3781960821595,0.00013578308,720.1482016438313,0.00019664908,-0.0024932232,0.010311021
0.99975175,0.00014052558,0,0.0015363257,905.377969419258,720.1485516443538,631,46969.418,6.615435,1139.5801,0.42512742,55277.047,7.7697678,0,,,,,905.377969419258,0.00013579866,720.1485516443538,0.00019670415,-0.0024222885,0.010108123
0.9999788,0.00014059174,0,0.0015372644,905.3780149299104,720.1481364766039,632,46981.332,6.61588,1138.3456,0.42490312,55289.6,7.773426,0,,,,,905.3780149299104,0.000135781,720.1481364766039,0.00019667861,-0.0026086997,0.009936994
1.0000861,0.00014032227,0,0.0015382032,905.377155253484,720.1476941573728,633,46978.5,6.6157737,1140.8534,0.4247501,55295.53,7.758527,0,,,,,905.377155253484,0.00013577731,720.1476941573728,0.00019667373,-0.0033684245,0.009784241
0.99986047,0.00014047988,8192,0.0015391419,905.3776745882399,720.1477862297427,634,46973.832,6.615526,1139.7206,0.42397135,55283.06,7.7672415,8192,,,,,905.3776745882399,0.0001357731,720.1477862297427,0.00019664814,-0.002799048,0.009587649
1.0001928,0.00014063292,0,0.0015400805,905.3780750538398,720.1483467147751,635,46990.625,6.616333,1139.4421,0.4253434,55301.434,7.7757034,0,,,,,905.3780750538398,0.00013575907,720.1483467147751,0.00019663702,-0.0027483655,0.01023506
1.0005779,0.0001405173,0,0.001541019,905.3775330810157,720.147647684001,636,47003.59,6.617042,1139.6112,0.4245726,55322.727,7.76931,0,,,,,905.3775330810157,0.00013572333,720.147647684001,0.00019657808,-0.002786486,0.009789343
1.0001129,0.0001406232,0,0.0015419574,905.3778165344562,720.1479839218334,637,46990.12,6.616462,1141.2289,0.42439163,55297.016,7.775166,0,,,,,905.3778165344562,0.00013576691,720.1479839218334,0.00019668195,-0.0028975257,0.0099660205
1.0001615,0.0001406749,0,0.0015428957,905.3783348518236,720.1478501772815,638,46994.816,6.6164966,1137.5927,0.42512777,55299.703,7.778024,0,,,,,905.3783348518236,0.0001357427,720.1478501772815,0.00019665339,-0.002547748,0.009601116
0.9996543,0.00014055832,0,0.001543834,905.3780770143474,720.148046938682,639,46964.207,6.6152444,1139.4188,0.42551818,55271.66,7.771578,0,,,,,905.3780770143474,0.0001358027,720.148046938682,0.00019674827,-0.002430653,0.009635455
1.0002971,0.00014082842,0,0.0015447721,905.3777727857452,720.1479969228445,640,46994.777,6.616529,1138.6117,0.42460337,55307.2,7.7865124,0,,,,,905.3777727857452,0.00013575183,720.1479969228445,0.00019664144,-0.0025817899,0.009968067
0.99986964,0.0001407796,0,0.0015457101,905.3794740267799,720.1483110135198,641,46984.2,6.616065,1139.0651,0.4245879,55283.566,7.783813,0,,,,,905.3794740267799,0.00013575413,720.1483110135198,0.00019666905,-0.0014856419,0.0100788735
1.0003824,0.00014077016,0,0.0015466481,905.3789595435562,720.1477744351579,642,47004.566,6.616954,1138.8218,0.42492306,55311.918,7.783291,0,,,,,905.3789595435562,0.00013572854,720.1477744351579,0.00019660572,-0.0019242925,0.009958912
1.0004088,0.00014100692,0,0.0015475859,905.378991628159,720.148065253376,643,46995.848,6.616567,1139.8224,0.42545593,55313.375,7.796382,0,,,,,905.378991628159,0.00013574178,720.148065253376,0.00019660448,-0.001831757,0.01026471
1.0001398,0.00014102894,0,0.0015485237,905.3789464913525,720.1479680399752,644,46989.316,6.616254,1138.5281,0.42458194,55298.504,7.7975993,0,,,,,905.3789464913525,0.00013575745,720.1479680399752,0.00019663846,-0.0018141668,0.009842915
1.0003482,0.00014103453,0,0.0015494614,905.378923308859,720.148073162842,645,46993.574,6.6163645,1138.0898,0.42458662,55310.023,7.797908,0,,,,,905.378923308859,0.0001357507,720.148073162842,0.00019663971,-0.0017753834,0.010101029
1.0002239,0.00014070819,0,0.001550399,905.3780843977775,720.147606585469,646,46993.797,6.616431,1137.714,0.42483932,55303.152,7.779865,0,,,,,905.3780843977775,0.0001357272,720.147606585469,0.0001966073,-0.002375837,0.009367944
1.0000123,0.0001409628,0,0.0015513365,905.3782903330073,720.1473511584048,647,46975.46,6.615925,1142.2838,0.42557925,55291.453,7.7939425,0,,,,,905.3782903330073,0.00013582158,720.1473511584048,0.00019675402,-0.002455606,0.009395188
1.0001544,0.00014087785,0,0.0015522739,905.3786362013614,720.147853527923,648,46986.965,6.616133,1140.4336,0.4240098,55299.31,7.789245,0,,,,,905.3786362013614,0.0001357463,720.147853527923,0.0001966877,-0.0021187817,0.009554524
1.0000726,0.0001408833,0,0.0015532112,905.3791305152433,720.1475085150008,649,46978.58,6.615768,1138.6907,0.424584,55294.79,7.789547,0,,,,,905.3791305152433,0.00013576941,720.1475085150008,0.00019671589,-0.00186818,0.009268343
1.0003029,0.00014090039,0,0.0015541484,905.3785348974967,720.1471935199372,650,46989.164,6.6161566,1139.3699,0.4242745,55307.523,7.790491,0,,,,,905.3785348974967,0.00013575285,720.1471935199372,0.00019667202,-0.002288798,0.009120489
1.0006304,0.00014094988,0,0.0015550855,905.3783999779565,720.1471862320402,651,47001.617,6.616734,1137.1355,0.42482892,55325.625,7.7932277,0,,,,,905.3783999779565,0.000135723,720.1471862320402,0.0001965954,-0.0023416202,0.009260686
1.0000128,0.00014069765,0,0.0015560226,905.3784352158004,720.147494671379,652,46986.477,6.6160574,1137.5997,0.424443,55291.477,7.7792816,0,,,,,905.3784352158004,0.00013572011,720.147494671379,0.0001966545,-0.0023270224,0.009027059
0.9999185,0.00014083984,0,0.0015569595,905.3788136959225,720.1477831843707,653,46980.715,6.6158767,1137.6978,0.4251017,55286.27,7.7871437,0,,,,,905.3788136959225,0.0001357672,720.1477831843707,0.00019670752,-0.002161872,0.009688047
1.0002486,0.00014089319,0,0.0015578964,905.3787935320058,720.1477561483402,654,46990.387,6.616159,1137.8525,0.42464358,55304.516,7.7900934,0,,,,,905.3787935320058,0.00013571327,720.1477561483402,0.00019664236,-0.0022704983,0.009475904
1.0000489,0.00014082692,0,0.0015588332,905.3789445205188,720.1475023023864,655,46985.0,6.616029,1137.6674,0.4248663,55293.477,7.786429,0,,,,,905.3789445205188,0.00013577593,720.1475023023864,0.00019667407,-0.0019395078,0.0092522
1.0004641,0.00014113425,0,0.0015597699,905.3787618111111,720.1475683979102,656,46998.586,6.616648,1136.3672,0.42395937,55316.43,7.803422,0,,,,,905.3787618111111,0.0001357175,720.1475683979102,0.000196631,-0.001903461,0.009715775
1.0001653,0.00014096839,0,0.0015607064,905.3786989982186,720.1475240719114,657,46992.195,6.6162763,1135.3627,0.4247113,55299.918,7.794251,0,,,,,905.3786989982186,0.00013574082,720.1475240719114,0.00019662308,-0.0019867066,0.009482329
1.000157,0.00014100334,0,0.0015616429,905.378888915898,720.1475898053553,658,46990.4,6.616055,1137.4058,0.42391264,55299.457,7.796184,0,,,,,905.378888915898,0.00013570605,720.1475898053553,0.00019663022,-0.0017620946,0.009393301
1.0000986,0.00014098163,0,0.0015625793,905.3793029918617,720.1477060938246,659,46988.82,6.6160436,1136.9926,0.42423445,55296.227,7.794984,0,,,,,905.3793029918617,0.00013571855,720.1477060938246,0.00019663307,-0.0013285308,0.009508179
1.0002887,0.00014086995,0,0.0015635155,905.379343189082,720.1477472669023,660,46996.39,6.6164093,1136.3594,0.4250582,55306.74,7.7888083,0,,,,,905.379343189082,0.00013571781,720.1477472669023,0.00019660147,-0.0014678504,0.009725772
1.0001129,0.00014089444,0,0.0015644517,905.379591785619,720.1476523767385,661,46989.145,6.6160727,1136.9221,0.42444545,55297.016,7.7901626,0,,,,,905.379591785619,0.00013572152,720.1476523767385,0.00019664943,-0.0013055144,0.009350997
1.0004616,0.00014097418,0,0.0015653878,905.3797526588152,720.1475922342951,662,47002.35,6.616783,1136.7491,0.42536506,55316.297,7.7945714,0,,,,,905.3797526588152,0.00013570613,720.1475922342951,0.00019661381,-0.0011962273,0.009309249
1.000105,0.0001410397,0,0.0015663239,905.3791346733808,720.1476611349908,663,46984.86,6.615975,1136.5541,0.42519265,55296.582,7.798194,0,,,,,905.3791346733808,0.00013573546,720.1476611349908,0.0001966504,-0.001646253,0.009133844
1.0005251,0.00014109485,0,0.0015672598,905.3790497933446,720.1471911374458,664,47002.406,6.6168427,1136.4094,0.42475045,55319.81,7.8012433,0,,,,,905.3790497933446,0.00013568926,720.1471911374458,0.00019662487,-0.0017537491,0.008924592
1.0000057,0.00014098665,0,0.0015681956,905.3788157773921,720.147215364671,665,46983.887,6.6157675,1135.1128,0.42464215,55291.09,7.7952614,0,,,,,905.3788157773921,0.00013574235,720.147215364671,0.00019665108,-0.0015799031,0.008767128
1.0001247,0.00014063947,0,0.0015691314,905.378995022775,720.1475048649378,666,46993.332,6.6161814,1136.9836,0.42524144,55297.668,7.7760653,0,,,,,905.378995022775,0.00013571956,720.1475048649378,0.00019661037,-0.0017563119,0.0090006115
1.0002668,0.00014097584,0,0.001570067,905.3788975907493,720.1471989682252,667,46997.71,6.6164684,1136.5508,0.4247769,55305.527,7.7946634,0,,,,,905.3788975907493,0.00013568792,720.1471989682252,0.00019660132,-0.0016916256,0.008917274
1.0001531,0.00014110291,0,0.0015710025,905.3791640931282,720.1470485617033,668,46983.855,6.615842,1136.0906,0.42482078,55299.24,7.8016887,0,,,,,905.3791640931282,0.00013572618,720.1470485617033,0.00019667459,-0.0015481847,0.008593485
1.0000129,0.0001409264,0,0.001571938,905.3788401114621,720.1471182484555,669,46987.555,6.615988,1135.2319,0.42512622,55291.49,7.7919292,0,,,,,905.3788401114621,0.00013572648,720.1471182484555,0.00019665806,-0.0017298631,0.008677219
1.0000142,0.00014091052,0,0.0015728733,905.3788350294607,720.1469549120096,670,46986.457,6.6158485,1135.0072,0.42506328,55291.56,7.7910514,0,,,,,905.3788350294607,0.00013572104,720.1469549120096,0.00019664245,-0.0015568408,0.00843024
1.0005425,0.000140765,0,0.0015738086,905.3792994774404,720.1463876411768,671,47007.1,6.616943,1135.7505,0.42395142,55320.77,7.7830057,0,,,,,905.3792994774404,0.00013567752,720.1463876411768,0.00019660861,-0.0011651656,0.007932167
1.000291,0.00014090096,0,0.0015747438,905.3797385587555,720.1463745599071,672,46998.703,6.616561,1135.5352,0.42557213,55306.86,7.790523,0,,,,,905.3797385587555,0.00013570893,720.1463745599071,0.00019669667,-0.0011027511,0.007733298
1.0001329,0.00014101101,0,0.0015756788,905.3800250552491,720.1459884994687,673,46989.547,6.616098,1134.6702,0.4248656,55298.12,7.796608,0,,,,,905.3800250552491,0.0001357306,720.1459884994687,0.00019667503,-0.00069531985,0.0074070836
1.0002702,0.00014064675,0,0.0015766139,905.3804196315573,720.1461339201132,674,46998.203,6.6176567,1133.8575,0.42460942,55305.715,7.7764673,0,,,,,905.3804196315573,0.00013570691,720.1461339201132,0.0001966491,-0.00042769688,0.007483699
1.0002003,0.00014078293,0,0.0015775487,905.3797412925093,720.1461620980532,675,46996.766,6.616256,1133.2864,0.42455915,55301.848,7.783997,0,,,,,905.3797412925093,0.00013572976,720.1461620980532,0.00019660455,-0.0010565774,0.007380999
1.0000936,0.00014104502,0,0.0015784835,905.3797270311627,720.1456258009844,676,46985.28,6.6171107,1134.7576,0.42476633,55295.95,7.7984886,0,,,,,905.3797270311627,0.00013571349,720.1456258009844,0.00019669207,-0.0008152684,0.0066793878
1.0003191,0.00014093652,0,0.0015794182,905.3799359831088,720.1463876746116,677,46999.33,6.6177187,1134.5411,0.424028,55308.418,7.792489,0,,,,,905.3799359831088,0.00013570975,720.1463876746116,0.00019668377,-0.0008835186,0.007353125
1.0,0.00014094001,0,0.0015803529,905.3799075202787,720.1459989090582,678,46988.363,6.6165977,1135.9034,0.4240939,55290.773,7.7926826,0,,,,,905.3799075202787,0.00013573615,720.1459989090582,0.0001966965,-0.000996388,0.0071276184
0.99978226,0.0001404256,0,0.0015812874,905.3801732853149,720.1467174878484,679,46980.89,6.6154943,1134.7284,0.4242663,55278.734,7.7642403,0,,,,,905.3801732853149,0.00013574034,720.1467174878484,0.00019670113,-0.0005217555,0.007844553
1.0000216,0.00014086034,0,0.0015822218,905.3798176585644,720.1461037612536,680,46985.375,6.6158147,1132.6309,0.42492375,55291.97,7.7882776,0,,,,,905.3798176585644,0.00013573021,720.1461037612536,0.0001966895,-0.0009622841,0.0075597293
0.9999786,0.00014091143,0,0.0015831561,905.3799107167288,720.1461621379228,681,46982.71,6.6157365,1132.7456,0.4254381,55289.59,7.7911024,0,,,,,905.3799107167288,0.00013572499,720.1461621379228,0.00019666932,-0.0010953617,0.0071715964
0.99988216,0.00014094496,0,0.0015840903,905.3797056011659,720.1463547987003,682,46980.98,6.615581,1134.2953,0.42447555,55284.258,7.792956,0,,,,,905.3797056011659,0.00013572475,720.1463547987003,0.00019667376,-0.0012056462,0.0075586066
0.99987537,0.00014048585,0,0.0015850244,905.380023966645,720.1467191297471,683,46984.44,6.615745,1135.0938,0.42501205,55283.883,7.7675714,0,,,,,905.380023966645,0.00013573971,720.1467191297471,0.0001967159,-0.0009364481,0.00794169
1.0000808,0.00014073381,0,0.0015859585,905.3800203548806,720.1463355846332,684,46984.83,6.6157,1133.8987,0.42449892,55295.242,7.781281,0,,,,,905.3800203548806,0.00013571265,720.1463355846332,0.0001966574,-0.00066412915,0.007584396
1.0001302,0.00014078064,0,0.0015868924,905.3798543487652,720.1472922795939,685,46990.707,6.6159945,1134.0446,0.4240021,55297.973,7.7838707,0,,,,,905.3798543487652,0.0001357117,720.1472922795939,0.00019666002,-0.0008450177,0.008080569
0.9999925,0.00014050616,0,0.0015878263,905.3796975610733,720.1468056632327,686,46993.402,6.616088,1132.4315,0.42465025,55290.36,7.7686944,0,,,,,905.3796975610733,0.00013569192,720.1468056632327,0.00019661202,-0.0009834786,0.008130525
0.999799,0.00014060337,0,0.00158876,905.3796562886014,720.1469558300839,687,46978.562,6.615327,1132.6638,0.42518166,55279.66,7.7740693,0,,,,,905.3796562886014,0.00013572015,720.1469558300839,0.00019666678,-0.0010532854,0.008187712
1.0002862,0.00014071366,0,0.0015896937,905.3797198248951,720.1469691922143,688,47002.37,6.616609,1133.2532,0.42481765,55306.598,7.780167,0,,,,,905.3797198248951,0.00013566522,720.1469691922143,0.00019661133,-0.001071804,0.008294492
1.0001421,0.00014076714,0,0.0015906272,905.3798245841524,720.1470575613711,689,46996.42,6.616253,1133.6993,0.4242626,55298.63,7.783124,0,,,,,905.3798245841524,0.00013567363,720.1470575613711,0.00019659611,-0.0009111602,0.008160963
1.0001981,0.00014058495,0,0.0015915607,905.3802678810159,720.1477378961196,690,46998.508,6.6163435,1132.0109,0.42443722,55301.73,7.7730503,0,,,,,905.3802678810159,0.00013566542,720.1477378961196,0.00019660383,-0.00046419376,0.008846762
1.0001307,0.00014068953,8192,0.0015924941,905.380158317488,720.1468301845512,691,46986.594,6.615861,1134.8735,0.42423755,55298.0,7.778833,8192,,,,,905.380158317488,0.00013572884,720.1468301845512,0.00019666762,-0.0007490653,0.008278728
1.0002613,0.00014096046,0,0.0015934273,905.3792928012263,720.1468643749847,692,46994.156,6.6161194,1132.2179,0.42507395,55305.22,7.7938128,0,,,,,905.3792928012263,0.00013566815,720.1468643749847,0.00019660484,-0.001239278,0.0076952814
1.0004007,0.0001407573,0,0.0015943605,905.3796380205098,720.1463090792555,693,46993.805,6.6160383,1132.3563,0.42450544,55312.926,7.7825804,0,,,,,905.3796380205098,0.00013570325,720.1463090792555,0.00019664069,-0.0010521986,0.007711783
1.0002862,0.00014051945,0,0.0015952935,905.3798905010427,720.1468992022288,694,46993.004,6.616092,1132.135,0.42495745,55306.6,7.7694287,0,,,,,905.3798905010427,0.000135687,720.1468992022288,0.00019663783,-0.0008830292,0.007709962
1.000266,0.00014065158,0,0.0015962265,905.3802286197299,720.1462031904972,695,46995.63,6.6162643,1132.346,0.4247744,55305.48,7.776735,0,,,,,905.3802286197299,0.00013571457,720.1462031904972,0.00019664806,-0.0006805893,0.007922606
0.99965423,0.00014039142,0,0.0015971594,905.379894658841,720.1470649697875,696,46975.613,6.6152225,1132.9259,0.42470655,55271.656,7.76235,0,,,,,905.379894658841,0.00013573906,720.1470649697875,0.00019669518,-0.00066161004,0.008219921
1.0000643,0.00014062431,0,0.0015980921,905.380394501465,720.1465699342966,697,46988.12,6.61584,1133.2377,0.4243301,55294.33,7.7752266,0,,,,,905.380394501465,0.00013570838,720.1465699342966,0.00019666202,-0.0002761238,0.007853246
1.0000731,0.00014025619,0,0.0015990249,905.3806644879508,720.1471231977946,698,46995.754,6.616242,1132.597,0.4251912,55294.812,7.7548733,0,,,,,905.3806644879508,0.00013570626,720.1471231977946,0.00019663357,-0.00033724098,0.008198824
1.0003872,0.00014048362,0,0.0015999575,905.3805734088102,720.1466799183125,699,47001.633,6.6176014,1131.2196,0.42439,55312.184,7.767448,0,,,,,905.3805734088102,0.00013566916,720.1466799183125,0.00019662626,-0.00016794582,0.007693493
0.99997306,0.0001404511,0,0.00160089,905.3804112153844,720.1468459031169,700,46985.473,6.615695,1132.0719,0.42463005,55289.285,7.76565,0,,,,,905.3804112153844,0.00013571595,720.1468459031169,0.00019666819,-0.00016586547,0.007857795
1.0002403,0.00014073082,0,0.0016018223,905.3802847793745,720.1463740120348,701,46991.25,6.6159425,1132.6299,0.42432186,55304.062,7.781116,0,,,,,905.3802847793745,0.00013569012,720.1463740120348,0.00019664771,-0.0005625627,0.007662003
0.99985963,0.00014046136,0,0.0016027547,905.3796960035846,720.1462993976339,702,46988.07,6.6171126,1130.9479,0.42492813,55283.01,7.766217,0,,,,,905.3796960035846,0.00013569563,720.1462993976339,0.00019666093,-0.0007192057,0.007017696
0.9999746,0.00014060819,0,0.001604619,905.3797940209647,720.1462769177853,704,46983.375,6.616209,1131.4857,0.42504692,55289.37,7.7743354,0,,,,,905.3797940209647,0.00013571327,720.1462769177853,0.00019668635,-0.00094585144,0.007322998
1.0000257,0.00014073911,0,0.001605551,905.3799370107598,720.1462491385764,705,46982.477,6.616683,1130.7498,0.4247615,55292.195,7.7815742,0,,,,,905.3799370107598,0.0001357234,720.1462491385764,0.00019670396,-0.00063928775,0.006995467
0.99982953,0.00014046155,0,0.0016064829,905.3796583280988,720.1462931600735,706,46980.457,6.615441,1131.4565,0.42504576,55281.348,7.7662277,0,,,,,905.3796583280988,0.00013571343,720.1462931600735,0.0001966968,-0.0009815237,0.0072976216
0.99999136,0.00014076565,0,0.0016074147,905.3803481775093,720.1460257599398,707,46981.7,6.616753,1130.3251,0.42523354,55290.297,7.7830415,0,,,,,905.3803481775093,0.00013572513,720.1460257599398,0.00019671023,-0.00063888705,0.006875032
0.9996289,0.00014021888,0,0.0016083464,905.3802588334332,720.1460342659223,708,46971.1,6.6162114,1132.1179,0.4245057,55270.254,7.7528105,0,,,,,905.3802588334332,0.00013575409,720.1460342659223,0.00019672545,-0.00029542382,0.0069998065
0.99974066,0.00014065499,0,0.001609278,905.3803524552079,720.1467038629623,709,46973.152,6.615672,1130.8485,0.4248409,55276.434,7.776923,0,,,,,905.3803524552079,0.00013572654,720.1467038629623,0.00019670966,-0.00036603687,0.007167056
0.999963,0.00014058258,0,0.0016102096,905.3799883320928,720.1463206085425,710,46985.4,6.6168914,1130.9883,0.42480963,55288.727,7.772919,0,,,,,905.3799883320928,0.0001356972,720.1463206085425,0.00019668357,-0.00047000046,0.006683827
0.9999378,0.00014053647,0,0.0016111409,905.3801120225985,720.1462336891735,711,46978.2,6.6165514,1130.139,0.42466584,55287.332,7.7703705,0,,,,,905.3801120225985,0.00013572181,720.1462336891735,0.00019676735,-0.00064452394,0.006791508
0.9995879,0.00014070304,0,0.0016120722,905.3800297083359,720.1459452656217,712,46963.336,6.6158624,1129.6991,0.42547616,55267.99,7.7795796,0,,,,,905.3800297083359,0.00013575538,720.1459452656217,0.00019678674,-0.000599937,0.0065932623
0.9997086,0.0001407095,8192,0.0016130034,905.3798022584716,720.1457750391849,713,46967.445,6.6162267,1129.7231,0.42533562,55274.66,7.7799373,8192,,,,,905.3798022584716,0.00013574708,720.1457750391849,0.00019676947,-0.00061647536,0.0062651285
0.99976766,0.00014067402,0,0.0016139346,905.3795421596251,720.1452731572301,714,46976.258,6.616513,1129.7035,0.42479074,55277.926,7.7779756,0,,,,,905.3795421596251,0.0001357251,720.1452731572301,0.00019672811,-0.0012472357,0.0062966063
0.99969643,0.00014056776,0,0.0016148656,905.3796721477028,720.1454070550631,715,46972.367,6.6162996,1128.5938,0.4252475,55273.99,7.7721,0,,,,,905.3796721477028,0.00013571738,720.1454070550631,0.00019673181,-0.0007233747,0.0058505563
0.999851,0.00014065593,128,0.0016157966,905.3798089626788,720.1459635168683,716,46977.33,6.616901,1129.9857,0.4249967,55282.535,7.7769756,128,,,,,905.3798089626788,0.00013571697,720.1459635168683,0.00019669464,-0.0009258846,0.005831883
1.0001045,0.00014095419,0,0.0016167274,905.3793628417085,720.1452195411911,717,46978.07,6.616568,1130.0348,0.42496982,55296.55,7.793466,0,,,,,905.3793628417085,0.00013571994,720.1452195411911,0.00019672766,-0.0012529283,0.005415672
0.99977964,0.0001408645,0,0.0016176582,905.3795183002263,720.1454490741519,718,46966.883,6.6159506,1129.2561,0.42411527,55278.59,7.7885075,0,,,,,905.3795183002263,0.00013572385,720.1454490741519,0.00019673975,-0.0010773211,0.0058222385
0.9997923,0.00014083079,0,0.0016185888,905.3789457644364,720.1456849410716,719,46967.23,6.61597,1129.9014,0.42417806,55279.29,7.786643,0,,,,,905.3789457644364,0.0001357369,720.1456849410716,0.00019675879,-0.0011734853,0.0056752604
0.99962354,0.00014092898,0,0.0016195193,905.379595045525,720.1454175330415,720,46959.594,6.615773,1130.4281,0.4244411,55269.957,7.7920723,0,,,,,905.379595045525,0.00013574852,720.1454175330415,0.00019677557,-0.0007887464,0.0055508236
0.999863,0.00014056465,0,0.0016204497,905.380142888509,720.1453508338891,721,46971.375,6.6161375,1129.4509,0.4245471,55283.2,7.771928,0,,,,,905.380142888509,0.0001357273,720.1453508338891,0.000196758,-0.00041511864,0.0054001287
1.0002165,0.00014092344,0,0.0016213801,905.3794798892826,720.1453530553711,722,46972.94,6.616382,1130.0894,0.42472836,55302.742,7.791766,0,,,,,905.3794798892826,0.00013571116,720.1453530553711,0.00019670391,-0.0009723034,0.005384275
0.99974597,0.0001409677,0,0.0016223103,905.379656920232,720.1452159547806,723,46959.06,6.6156435,1130.5231,0.42496613,55276.727,7.7942133,0,,,,,905.379656920232,0.0001357691,720.1452159547806,0.00019681263,-0.0007209414,0.005087431
0.9998001,0.00014098991,0,0.0016232404,905.3790583440979,720.145426707186,724,46967.656,6.6159863,1130.0444,0.42497528,55279.72,7.7954416,0,,,,,905.3790583440979,0.00013572972,720.145426707186,0.00019674542,-0.0013420176,0.005237559
0.99964464,0.00014090759,0,0.0016241705,905.3796023564632,720.1449179789986,725,46956.78,6.6154194,1129.1968,0.4253531,55271.125,7.7908897,0,,,,,905.3796023564632,0.00013573845,720.1449179789986,0.00019678453,-0.00094325864,0.004891642
0.9999124,0.00014092213,0,0.0016251004,905.3799786782685,720.1451806445954,726,46970.23,6.6161203,1130.0563,0.4245586,55285.93,7.791693,0,,,,,905.3799786782685,0.000135704,720.1451806445954,0.00019674083,-0.0005851192,0.0045383987
1.0003043,0.00014093734,0,0.0016260302,905.3796924405493,720.1452207014369,727,46981.2,6.6166024,1130.3876,0.42418757,55307.598,7.7925344,0,,,,,905.3796924405493,0.00013571474,720.1452207014369,0.00019675246,-0.00084499567,0.005415019
1.0000936,0.00014100173,0,0.00162696,905.3796745416516,720.1451320802073,728,46970.273,6.6161566,1128.8461,0.42436755,55295.945,7.796095,0,,,,,905.3796745416516,0.0001357118,720.1451320802073,0.00019673545,-0.0007275815,0.004823425
1.000057,0.00014091191,0,0.0016278896,905.3798999159977,720.1451576571613,729,46969.46,6.61612,1129.9855,0.4247054,55293.92,7.7911286,0,,,,,905.3798999159977,0.00013571535,720.1451576571613,0.0001967248,-0.00087710243,0.0052426737
0.9999114,0.00014090966,0,0.0016288192,905.3801541703691,720.1447401753172,730,46959.26,6.615742,1130.0184,0.4246183,55285.875,7.7910037,0,,,,,905.3801541703691,0.00013576074,720.1447401753172,0.00019682675,-0.00039635124,0.004795596
0.99980086,0.00014080192,0,0.0016297486,905.3803404749625,720.1441904023065,731,46964.93,6.615868,1129.7562,0.4244849,55279.76,7.7850466,0,,,,,905.3803404749625,0.00013574857,720.1441904023065,0.00019681801,-0.00030353758,0.004164832
1.0001267,0.0001409503,0,0.0016306778,905.3801627391589,720.1449079499043,732,46972.465,6.6162887,1128.7218,0.4250516,55297.78,7.7932515,0,,,,,905.3801627391589,0.00013572455,720.1449079499043,0.00019675937,-0.0005270235,0.0042164596
0.9999404,0.00014111778,0,0.0016316072,905.3798324493843,720.1439674250917,733,46956.793,6.615578,1130.8812,0.4243883,55287.477,7.802511,0,,,,,905.3798324493843,0.0001357462,720.1439674250917,0.00019681007,-0.00063730864,0.0041755023
0.9997677,0.00014088368,0,0.0016325363,905.3799941908864,720.1443534999382,734,46956.996,6.615494,1129.2412,0.42484808,55277.93,7.789568,0,,,,,905.3799941908864,0.00013574766,720.1443534999382,0.00019679948,-0.00051968975,0.0043144785
0.99977833,0.00014080096,0,0.0016334653,905.3800948875984,720.1447225859263,735,46956.848,6.6154666,1128.8197,0.42448807,55278.516,7.784994,0,,,,,905.3800948875984,0.00013575934,720.1447225859263,0.00019682341,-0.00046441396,0.004449403
0.9997612,0.00014074381,0,0.0016343943,905.3800934670024,720.1444485890544,736,46955.86,6.6154957,1128.497,0.42499942,55277.57,7.781834,0,,,,,905.3800934670024,0.00013573891,720.1444485890544,0.00019679574,-0.000389511,0.003985614
0.9999833,0.00014075458,0,0.001635323,905.3800269352458,720.1443696013355,737,46960.133,6.615673,1129.4445,0.42504236,55289.85,7.7824297,0,,,,,905.3800269352458,0.0001357454,720.1443696013355,0.00019677788,-0.00026843208,0.003933096
0.99986476,0.00014086801,0,0.0016362518,905.3797211111416,720.1437614949455,738,46957.832,6.615553,1130.0483,0.4245058,55283.297,7.788701,0,,,,,905.3797211111416,0.00013576528,720.1437614949455,0.00019683274,-0.00079468195,0.0037581695
0.99975765,0.00014088707,0,0.0016371805,905.3793820392987,720.1439398498021,739,46954.85,6.61538,1129.1963,0.424351,55277.375,7.7897553,0,,,,,905.3793820392987,0.00013575354,720.1439398498021,0.00019683439,-0.0009398821,0.003373452
0.99998295,0.00014107517,0,0.001638109,905.3795504330865,720.1438149028503,740,46963.17,6.6158514,1129.0013,0.4246321,55289.832,7.800155,0,,,,,905.3795504330865,0.00013574421,720.1438149028503,0.00019679527,-0.0010227615,0.0035549428
0.9997651,0.00014108242,0,0.0016390374,905.3798448400321,720.1434134965086,741,46948.297,6.6150475,1129.1348,0.42409286,55277.785,7.8005557,0,,,,,905.3798448400321,0.00013577098,720.1434134965086,0.00019686195,-0.0010325339,0.0032333846
1.0000316,0.00014105283,0,0.0016399657,905.3794424741557,720.1442183725288,742,46958.56,6.6156187,1129.9219,0.4255166,55292.52,7.7989206,0,,,,,905.3794424741557,0.00013574376,720.1442183725288,0.00019682523,-0.00077157735,0.003924976
1.000068,0.00014104665,0,0.001640894,905.3797625322654,720.1440092079516,743,46961.04,6.6156945,1128.8003,0.4248791,55294.527,7.7985787,0,,,,,905.3797625322654,0.0001357322,720.1440092079516,0.00019676657,-0.0008797343,0.003482499
1.0000393,0.00014083635,0,0.001641822,905.3800263507167,720.1440973397298,744,46960.75,6.6156206,1128.0212,0.42491132,55292.95,7.78695,0,,,,,905.3800263507167,0.00013572918,720.1440973397298,0.00019679357,-0.00043439012,0.0034625095
0.9998495,0.00014100914,0,0.0016427501,905.3799088926113,720.1434583539215,745,46955.902,6.6153893,1127.0212,0.42438298,55282.453,7.796504,0,,,,,905.3799088926113,0.00013575784,720.1434583539215,0.00019683552,-0.00057840586,0.0032931736
1.0000844,0.00014101618,0,0.0016436779,905.3793425343222,720.1440380875495,746,46960.96,6.6155715,1129.0342,0.42436668,55295.438,7.7968936,0,,,,,905.3793425343222,0.00013571703,720.1440380875495,0.000196786,-0.0007661556,0.003378434
0.99991727,0.00014097012,0,0.0016446058,905.380026800808,720.1438470226188,747,46954.914,6.615314,1127.7228,0.42423412,55286.2,7.7943473,0,,,,,905.380026800808,0.00013574224,720.1438470226188,0.00019680058,-0.00037156328,0.0032409874
0.9998873,0.00014115327,0,0.0016455335,905.3792865139721,720.1438681495421,748,46946.145,6.6150107,1129.4158,0.42410395,55284.543,7.8044734,0,,,,,905.3792865139721,0.00013575898,720.1438681495421,0.00019690346,-0.0008943808,0.0035948479
0.99976134,0.00014087502,0,0.0016464611,905.3795070738296,720.1440024423619,749,46949.83,6.61514,1129.368,0.4248646,55277.58,7.789089,0,,,,,905.3795070738296,0.00013575236,720.1440024423619,0.00019682226,-0.00060235447,0.0035505083
0.9999074,0.00014081922,0,0.0016473887,905.3806908481038,720.1442417099621,750,46948.992,6.6151304,1129.1353,0.42464262,55285.652,7.786003,0,,,,,905.3806908481038,0.00013577375,720.1442417099621,0.0001968573,7.20009e-05,0.0037042063
0.99990356,0.00014060462,0,0.001648316,905.3801888422213,720.1441278599136,751,46955.39,6.6153293,1128.1727,0.424533,55285.44,7.7741385,0,,,,,905.3801888422213,0.00013575041,720.1441278599136,0.00019682548,-6.0788832e-05,0.0036240283
0.99986744,0.00014090622,0,0.0016492434,905.380500517918,720.144346877767,752,46951.594,6.615135,1127.4381,0.42469534,55283.445,7.7908144,0,,,,,905.380500517918,0.00013574792,720.144346877767,0.0001968149,0.00021784056,0.003548475
0.99995154,0.00014109895,0,0.0016501705,905.3803618377193,720.1434290341775,753,46946.01,6.6151347,1128.6473,0.42482162,55288.094,7.80147,0,,,,,905.3803618377193,0.00013578065,720.1434290341775,0.00019689326,-0.00045065262,0.003224246
0.9996905,0.00014090777,0,0.0016510977,905.3799665013598,720.1431468964192,754,46941.973,6.61477,1128.5621,0.42464015,55273.66,7.7908998,0,,,,,905.3799665013598,0.00013578503,720.1431468964192,0.0001968942,-0.0006355753,0.0023335163
0.9999801,0.00014112685,0,0.0016520247,905.3801047338651,720.1431837464086,755,46943.332,6.614887,1127.7377,0.42520007,55289.67,7.803013,0,,,,,905.3801047338651,0.00013578038,720.1431837464086,0.00019689974,-0.00016272679,0.002331178
1.0002035,0.00014103822,0,0.0016529516,905.3806926441063,720.1429916615872,756,46962.62,6.6157,1126.7783,0.4246284,55302.023,7.798113,0,,,,,905.3806926441063,0.00013574967,720.1429916615872,0.00019684678,0.000107478074,0.0021530166
0.99988055,0.00014092319,0,0.0016538784,905.3810290793954,720.1427043461279,757,46945.492,6.6150713,1128.9291,0.424268,55284.168,7.7917523,0,,,,,905.3810290793954,0.00013578309,720.1427043461279,0.00019690502,0.00045165754,0.0016357395
1.0001603,0.0001409797,0,0.001654805,905.3812371379785,720.1427811769938,758,46950.258,6.6152453,1129.4197,0.42466414,55299.64,7.794876,0,,,,,905.3812371379785,0.00013576628,720.1427811769938,0.000196878,0.0006013883,0.0020143257
0.99962664,0.00014093994,0,0.0016557316,905.3810448283982,720.1430271621823,759,46934.39,6.614422,1128.4584,0.42498156,55270.13,7.7926784,0,,,,,905.3810448283982,0.00013577877,720.1430271621823,0.00019690333,0.00033792213,0.0017111866
0.999769,0.00014100187,0,0.0016566581,905.3805998483647,720.1429707461409,760,46936.695,6.6144557,1128.4338,0.42439333,55278.0,7.796103,0,,,,,905.3805998483647,0.0001357894,720.1429707461409,0.00019692177,0.00013850331,0.0017134707
0.9999953,0.00014093488,0,0.0016575844,905.3808892544308,720.1427220201617,761,46943.453,6.61484,1128.7274,0.42460272,55290.51,7.7923985,0,,,,,905.3808892544308,0.0001357934,720.1427220201617,0.00019691807,0.00023884646,0.0018184064
1.0000148,0.00014077872,128,0.0016585108,905.3805550411197,720.1421988018907,762,46938.21,6.6149635,1127.6832,0.42454287,55291.59,7.7837644,128,,,,,905.3805550411197,0.00013579433,720.1421988018907,0.00019692478,3.3005133e-05,0.0015991181
0.99984944,0.00014112143,0,0.001659437,905.3807404612387,720.1430302052781,763,46936.66,6.6144485,1127.5793,0.42457488,55282.45,7.802713,0,,,,,905.3807404612387,0.00013581144,720.1430302052781,0.00019693177,0.00038626412,0.0018748495
0.99993485,0.00014099732,0,0.001660363,905.3808350196313,720.1428263297258,764,46941.848,6.6150756,1128.6091,0.42494345,55287.17,7.795851,0,,,,,905.3808350196313,0.00013578132,720.1428263297258,0.00019692822,0.0005157755,0.0019465619
1.0000268,0.0001409605,0,0.001661289,905.3808304348673,720.1431691192572,765,46945.094,6.614944,1129.2365,0.42435914,55292.258,7.793815,0,,,,,905.3808304348673,0.00013577518,720.1431691192572,0.00019698631,0.00039677776,0.001971137
0.9998926,0.00014093229,0,0.0016622149,905.3807585322637,720.1427840077516,766,46934.617,6.614559,1130.6643,0.4239863,55284.836,7.7922554,0,,,,,905.3807585322637,0.0001358228,720.1427840077516,0.00019696882,0.000309392,0.0019400824
1.0000037,0.00014102372,0,0.0016631406,905.3803167902751,720.1428050157429,767,46942.863,6.6148324,1128.8043,0.4246288,55290.977,7.7973104,0,,,,,905.3803167902751,0.00013577782,720.1428050157429,0.00019691026,4.4362885e-05,0.0019615907
0.9999912,0.00014073132,0,0.0016640662,905.3800528611171,720.1429303255659,768,46937.188,6.6147027,1129.6827,0.42454645,55290.285,7.7811437,0,,,,,905.3800528611171,0.00013579256,720.1429303255659,0.0001969142,-0.00024317272,0.0020198845
1.000045,0.00014074189,0,0.0016649918,905.3799999172425,720.1433423220127,769,46937.285,6.614696,1129.4254,0.42509928,55293.258,7.7817283,0,,,,,905.3799999172425,0.00013580821,720.1433423220127,0.00019695392,-0.00044967502,0.0024342788
0.9998921,0.00014068355,0,0.0016659172,905.3800299341917,720.1430914377197,770,46931.32,6.61425,1129.5583,0.4249379,55284.81,7.7785025,0,,,,,905.3800299341917,0.0001358004,720.1430914377197,0.00019697845,-0.00040357592,0.0018417013
1.0003674,0.00014097549,0,0.0016668426,905.3806675541401,720.1427923671885,771,46941.25,6.614754,1127.8735,0.42448017,55311.09,7.7946444,0,,,,,905.3806675541401,0.00013578671,720.1427923671885,0.00019696684,-0.00014056906,0.0027674213
1.0001316,0.00014053755,0,0.0016677679,905.3799087985799,720.1430538716091,772,46937.066,6.6144786,1129.8365,0.42426154,55298.05,7.7704296,0,,,,,905.3799087985799,0.00013578418,720.1430538716091,0.00019689408,-0.0003591951,0.0020380376
1.0001024,0.00014071612,0,0.001668693,905.3800534398446,720.1432654071812,773,46927.027,6.6141644,1129.1393,0.42547017,55296.438,7.780303,0,,,,,905.3800534398446,0.00013580064,720.1432654071812,0.0001969454,-0.00014880924,0.0021682316
1.0001875,0.00014050983,128,0.0016696181,905.3800457964597,720.143764796125,774,46946.793,6.615367,1128.519,0.42415318,55301.145,7.7688975,128,,,,,905.3800457964597,0.00013576107,720.143764796125,0.00019692659,-0.000367786,0.0020695613
1.0001616,0.00014080717,0,0.001670543,905.37987887714,720.1432233275656,775,46940.97,6.6146107,1127.557,0.42484882,55299.71,7.785337,0,,,,,905.37987887714,0.00013575512,720.1432233275656,0.0001968896,-0.00020769941,0.0018137458
1.0002613,0.00014076209,0,0.0016714678,905.3803087447624,720.1426903425927,776,46936.223,6.6145964,1129.0798,0.42452842,55305.22,7.7828445,0,,,,,905.3803087447624,0.0001358061,720.1426903425927,0.00019693407,-0.00013776879,0.002022001
1.0001981,0.00014075085,0,0.0016723925,905.3803036887575,720.1432642450186,777,46938.867,6.6146817,1128.8024,0.42397022,55301.73,7.7822237,0,,,,,905.3803036887575,0.0001357769,720.1432642450186,0.00019690058,-9.772408e-05,0.0020170137
1.000049,0.00014063242,0,0.001673317,905.3798876404729,720.1430970108203,778,46919.848,6.6138134,1129.6149,0.4245771,55293.48,7.7756753,0,,,,,905.3798876404729,0.00013583023,720.1430970108203,0.00019695917,-0.00034427724,0.0020629847
1.00066,0.00014065587,0,0.0016742416,905.3798314758886,720.1429847694316,779,46947.35,6.615168,1130.6881,0.42496878,55327.26,7.776972,0,,,,,905.3798314758886,0.00013576874,720.1429847694316,0.00019686538,-0.00029366277,0.0020358234
0.999773,0.00014060266,0,0.001675166,905.380058844193,720.1424928531017,780,46919.504,6.6138525,1130.5118,0.4245614,55278.223,7.7740297,0,,,,,905.380058844193,0.00013583325,720.1424928531017,0.00019702542,-0.00041914772,0.001829352
1.0002288,0.00014056315,0,0.0016760903,905.3802807910336,720.1427968855246,781,46931.18,6.6143217,1129.0554,0.42564005,55303.42,7.771845,0,,,,,905.3802807910336,0.00013580885,720.1427968855246,0.00019701844,2.0563039e-05,0.0015448931
1.0000107,0.00014090008,0,0.0016770145,905.3803299619443,720.1432277456449,782,46924.047,6.6139708,1128.0474,0.42436692,55291.367,7.790475,0,,,,,905.3803299619443,0.00013582382,720.1432277456449,0.0001969688,2.1360038e-05,0.0020727802
1.0001059,0.00014062211,0,0.0016779385,905.3802946143659,720.1429320267789,783,46924.656,6.6140976,1129.2002,0.42421332,55296.63,7.775105,0,,,,,905.3802946143659,0.00013583031,720.1429320267789,0.00019696058,0.00011455283,0.0016588365
0.99998933,0.00014058372,0,0.0016788625,905.3803232787085,720.1430315310712,784,46924.29,6.6139307,1127.4154,0.42471477,55290.184,7.7729826,0,,,,,905.3803232787085,0.00013582686,720.1430315310712,0.00019696352,-8.516481e-05,0.0019142276
0.9999513,0.000140626,0,0.0016797864,905.3802573811786,720.1425532081288,785,46917.418,6.6136465,1128.1665,0.42446628,55288.082,7.77532,0,,,,,905.3802573811786,0.00013582288,720.1425532081288,0.00019697905,-2.9272645e-05,0.0013748818
1.0001585,0.00014036137,0,0.0016807101,905.3799740198084,720.1426999479497,786,46921.773,6.6138,1127.125,0.42488986,55299.54,7.760689,0,,,,,905.3799740198084,0.00013579938,720.1426999479497,0.00019694697,-0.0004809038,0.0011219967
0.9999486,0.00014056561,0,0.0016816339,905.3805506729708,720.1427680995944,787,46917.844,6.613662,1127.4191,0.42442688,55287.934,7.771981,0,,,,,905.3805506729708,0.00013583475,720.1427680995944,0.0001969988,0.00010806547,0.0016136313
1.0001559,0.00014006843,0,0.0016825574,905.3800394548272,720.14243990671,788,46919.145,6.6135926,1124.9165,0.42502487,55299.395,7.7444916,0,,,,,905.3800394548272,0.00013582941,720.14243990671,0.00019698878,-0.00025729713,0.0011762229
0.9999597,0.00014014241,0,0.0016834808,905.3801367243433,720.1424422770801,789,46911.984,6.6133256,1128.7649,0.42434797,55288.547,7.7485824,0,,,,,905.3801367243433,0.00013584574,720.1424422770801,0.00019701249,-4.485382e-05,0.00136374
1.000011,0.00014016386,0,0.0016853274,905.379744905482,720.142272346349,791,46912.883,6.613331,1127.6733,0.4244732,55291.383,7.7497683,0,,,,,905.379744905482,0.00013582998,720.142272346349,0.00019699695,-0.00048412467,0.0010230357
1.0002711,0.00014021649,8192,0.0016862506,905.3799142410063,720.1418410127164,792,46919.082,6.613751,1126.568,0.42464697,55305.76,7.7526784,8192,,,,,905.3799142410063,0.00013583268,720.1418410127164,0.00019700569,-0.00010844249,0.00096040504
1.0001565,0.00014044868,0,0.0016871736,905.3821232546231,720.1401143612014,793,46922.66,6.6138115,1127.1642,0.4257127,55299.426,7.7655163,0,,,,,905.3821232546231,0.00013718173,720.1401143612014,0.00019870118,0.00045428154,0.0008254773
1.0003437,0.00014050741,0,0.0016880964,905.3810872635299,720.1420826892253,794,46925.348,6.6138983,1126.6886,0.4244352,55309.773,7.768764,0,,,,,905.3810872635299,0.00013581301,720.1420826892253,0.00019698539,0.00042290846,0.0010523637
0.99969256,0.00014048422,0,0.0016890193,905.3801319970165,720.1420638153602,795,46897.203,6.612737,1126.4766,0.4250357,55273.773,7.7674813,0,,,,,905.3801319970165,0.00013587135,720.1420638153602,0.0001970705,-0.00018792349,0.0006580114
0.99972045,0.00014063949,8192,0.001689942,905.3799144136035,720.1422352203176,796,46898.918,6.612621,1123.7384,0.42540976,55275.316,7.7760663,8192,,,,,905.3799144136035,0.00013585044,720.1422352203176,0.00019703912,-7.3902826e-05,0.00042468685
1.0001855,0.00014014989,0,0.0016908646,905.3800132857001,720.142112314027,797,46912.656,6.613275,1126.0905,0.42414337,55301.027,7.748996,0,,,,,905.3800132857001,0.00013582561,720.142112314027,0.00019698999,-0.0001787693,0.0008339695
0.9999997,0.00014014222,0,0.001691787,905.3801948976231,720.1419866241794,798,46901.64,6.6127787,1124.8538,0.42492217,55290.758,7.748572,0,,,,,905.3801948976231,0.00013586959,720.1419866241794,0.00019707148,-5.5086195e-05,0.0005511783
0.9997434,0.00014065976,0,0.0016927095,905.3806927013641,720.142009313441,799,46904.973,6.6128798,1125.9539,0.42398494,55276.586,7.777187,0,,,,,905.3806927013641,0.00013587256,720.142009313441,0.00019706834,0.00027147273,0.00062885165
1.0003499,0.00014014484,0,0.0016936318,905.3805260824744,720.1420173071849,800,46920.035,6.613469,1125.3075,0.42441744,55310.117,7.7487164,0,,,,,905.3805260824744,0.00013579884,720.1420173071849,0.00019696716,0.00026593078,0.000454786
0.99974024,0.00014046073,0,0.0016945539,905.380634445561,720.1419449934193,801,46895.24,6.612413,1126.3458,0.42406443,55276.41,7.766183,0,,,,,905.380634445561,0.00013586554,720.1419449934193,0.00019705677,0.00029831042,0.000447791
1.0000894,0.0001403383,0,0.001695476,905.3804199760792,720.1418245046148,802,46909.453,6.6131253,1123.7065,0.42458266,55295.72,7.7594132,0,,,,,905.3804199760792,0.0001358314,720.1418245046148,0.00019698702,0.0001987391,0.00036739
0.99995387,0.00014035327,0,0.0016963979,905.3812173217717,720.1412281182292,803,46907.527,6.612897,1124.7333,0.42418322,55288.223,7.7602406,0,,,,,905.3812173217717,0.00013584105,720.1412281182292,0.00019701851,0.0005335894,5.083213e-05
1.0001081,0.00014045666,0,0.0016973198,905.3802739285026,720.1419375869926,804,46916.805,6.613434,1125.8159,0.4244382,55296.75,7.765957,0,,,,,905.3802739285026,0.0001358064,720.1419375869926,0.0001970021,0.00016740666,0.00028599775
0.99991196,0.00014061929,0,0.0016982415,905.3800946539616,720.1415160787942,805,46901.965,6.612714,1123.927,0.42449817,55285.906,7.7749496,0,,,,,905.3800946539616,0.00013586768,720.1415160787942,0.00019707193,0.0,0.0
1.0001311,0.00014067662,0,0.0016991631,905.3803117255137,720.141412012882,806,46906.918,6.6128716,1124.9415,0.42465863,55298.023,7.7781196,0,,,,,905.3803117255137,0.00013584022,720.141412012882,0.00019701196,1.3761391e-05,-0.00010135356
1.0000821,0.00014032076,0,0.0017000847,905.3804129381085,720.1413084183439,807,46900.555,6.612633,1125.0288,0.42415676,55295.312,7.758443,0,,,,,905.3804129381085,0.00013586135,720.1413084183439,0.00019709166,2.9441013e-05,-3.3689576e-06
0.999834,0.00014081076,0,0.0017010061,905.3801824899815,720.1416307601786,808,46895.707,6.6124034,1124.6509,0.42507434,55281.594,7.785536,0,,,,,905.3801824899815,0.00013585654,720.1416307601786,0.00019708334,0.00013058564,0.00017468429
1.0000635,0.00014054922,0,0.0017019274,905.3801260848115,720.1411772066892,809,46901.594,6.6127214,1124.196,0.42481118,55294.29,7.7710752,0,,,,,905.3801260848115,0.00013585242,720.1411772066892,0.00019708427,8.6421875e-05,-0.00026878074
1.000362,0.00014027892,0,0.0017028486,905.3803181599751,720.1414246202611,810,46906.68,6.612897,1123.9816,0.42482975,55310.79,7.7561297,0,,,,,905.3803181599751,0.000135853,720.1414246202611,0.0001970643,0.00018934658,-0.00019266322
1.0001439,0.0001406695,0,0.0017037697,905.3808383454341,720.1413415654563,811,46905.883,6.6128917,1125.2787,0.4243908,55298.727,7.777725,0,,,,,905.3808383454341,0.0001358372,720.1413415654563,0.00019704498,0.00040439525,-0.00042486895
0.9998288,0.00014040261,0,0.0017046906,905.3808512997787,720.141237825513,812,46896.977,6.612461,1125.0918,0.4247064,55281.31,7.762969,0,,,,,905.3808512997787,0.0001358797,720.141237825513,0.00019710779,0.0006082006,-0.0005180063
0.9998173,0.00014061831,0,0.0017056116,905.3803762810015,720.1410622718137,813,46894.375,6.612341,1124.3868,0.42460272,55280.67,7.7748957,0,,,,,905.3803762810015,0.00013586445,720.1410622718137,0.00019711793,3.7326485e-05,-0.00031948692
0.9999442,0.00014041018,0,0.0017065323,905.3799647551702,720.140736164969,814,46896.49,6.612401,1123.7878,0.42507353,55287.688,7.7633877,0,,,,,905.3799647551702,0.00013586097,720.140736164969,0.00019709094,0.000121905854,-0.0009962865
0.9998418,0.00014068086,0,0.0017074529,905.3803470721584,720.1412415151149,815,46891.42,6.612155,1123.771,0.42447796,55282.027,7.778353,0,,,,,905.3803470721584,0.00013587893,720.1412415151149,0.00019711905,0.000112865375,-0.0005066266
0.9995797,0.00014068118,0,0.0017083735,905.380171304587,720.141028015455,816,46881.156,6.6118193,1123.7692,0.4244416,55267.535,7.778371,0,,,,,905.380171304587,0.00013589114,720.141028015455,0.00019712144,8.6205066e-05,-0.00096582016
0.99977654,0.00014094418,0,0.0017092939,905.3801505007137,720.1413244930953,817,46890.355,6.6121645,1123.2914,0.42476526,55278.418,7.7929125,0,,,,,905.3801505007137,0.00013586736,720.1413244930953,0.00019709089,0.00011049421,-0.00093319395
1.0000589,0.00014050283,0,0.0017102143,905.380057530506,720.1409957424465,818,46892.945,6.612268,1125.6084,0.42522845,55294.027,7.7685103,0,,,,,905.380057530506,0.00013585598,720.1409957424465,0.00019709318,-0.00029828062,-0.00080027943
1.0000583,0.00014041456,0,0.0017111344,905.3802928348749,720.1412341538114,819,46889.566,6.6121106,1125.15,0.42455915,55293.996,7.76363,0,,,,,905.3802928348749,0.00013587836,720.1412341538114,0.00019712151,-2.32852e-05,-0.0009994715
1.0003024,0.00014097041,0,0.0017120546,905.3804614532311,720.1415949077101,820,46902.965,6.61284,1124.2054,0.4239584,55307.492,7.794363,0,,,,,905.3804614532311,0.00013586509,720.1415949077101,0.00019708529,0.00037493312,0.00019224588
1.0000744,0.00014070018,0,0.0017129746,905.3806991595739,720.14122080253,821,46893.79,6.6122727,1124.1082,0.4244338,55294.887,7.7794223,0,,,,,905.3806991595739,0.00013585374,720.14122080253,0.00019708683,0.00053206144,-0.00058147794
1.0003202,0.00014068861,128,0.0017138945,905.3802409659066,720.1413381961985,822,46899.598,6.613367,1124.5436,0.4252894,55308.477,7.7787824,128,,,,,905.3802409659066,0.00013586407,720.1413381961985,0.00019707311,-0.00010164574,-0.00014408714
1.0003022,0.00014080429,0,0.0017148143,905.3801776960935,720.1417812949372,823,46898.773,6.612488,1123.7524,0.42403612,55307.484,7.785178,0,,,,,905.3801776960935,0.00013586733,720.1417812949372,0.000197085,4.387028e-05,-7.23188e-05
1.0000527,0.00014082697,0,0.0017157339,905.3804412015498,720.1411983877844,824,46886.742,6.611952,1123.3328,0.42443407,55293.688,7.7864323,0,,,,,905.3804412015498,0.00013587718,720.1411983877844,0.00019711703,0.00018738845,-0.00084215985
1.0000566,0.0001408893,0,0.0017166535,905.3805452974779,720.1412893873947,825,46888.938,6.612013,1123.0083,0.42532858,55293.902,7.7898784,0,,,,,905.3805452974779,0.00013586767,720.1412893873947,0.0001971104,5.4441316e-05,-0.00042922125
0.9998445,0.00014072574,0,0.0017175729,905.3802965870527,720.1412798584948,826,46880.094,6.611549,1123.6995,0.42383343,55282.176,7.7808347,0,,,,,905.3802965870527,0.00013589652,720.1412798584948,0.00019713014,0.000114268536,-0.0010288054
0.999666,0.00014086257,0,0.0017184924,905.3802815454568,720.1412163610797,827,46879.188,6.6117315,1123.3156,0.42475682,55272.305,7.7884007,0,,,,,905.3802815454568,0.00013589802,720.1412163610797,0.00019714798,-3.6273865e-05,-0.0007719017
0.99977386,0.00014080039,0,0.0017194116,905.3797217587772,720.1410559938261,828,46879.977,6.611552,1121.693,0.42491946,55278.27,7.7849627,0,,,,,905.3797217587772,0.00013589363,720.1410559938261,0.00019714578,-0.00034217647,-0.0005206671
0.99994916,0.00014062106,0,0.0017203307,905.3803666831177,720.1406576041857,829,46875.16,6.6114306,1123.742,0.42419824,55287.96,7.7750473,0,,,,,905.3803666831177,0.00013591455,720.1406576041857,0.00019718913,5.647805e-05,-0.0011709221
0.99989676,0.0001409816,0,0.0017212497,905.3805846670292,720.1409647384776,830,46886.71,6.6119003,1122.9966,0.42512715,55285.066,7.794982,0,,,,,905.3805846670292,0.00013589021,720.1409647384776,0.00019715496,0.00042744915,-0.00077950995
1.0000882,0.00014058565,0,0.0017221686,905.3805456773779,720.1405766059087,831,46884.145,6.6118445,1123.3983,0.4247035,55295.652,7.773089,0,,,,,905.3805456773779,0.0001358876,720.1405766059087,0.00019714411,0.00028988888,-0.0013482645
0.9997865,0.00014088617,0,0.0017230874,905.3800731183289,720.1405785209205,832,46878.766,6.6115417,1123.6879,0.42446423,55278.97,7.7897053,0,,,,,905.3800731183289,0.00013591383,720.1405785209205,0.0001972,-1.5101007e-05,-0.0011242778
0.9997672,0.00014088991,0,0.001724006,905.3805739414905,720.1401015170004,833,46874.293,6.611245,1122.3682,0.425163,55277.902,7.789912,0,,,,,905.3805739414905,0.00013591792,720.1401015170004,0.0001971853,0.00026544396,-0.0013599007
1.0001183,0.00014082323,0,0.0017249247,905.380564422454,720.14029238441,834,46891.777,6.612099,1122.4738,0.42433247,55297.312,7.7862253,0,,,,,905.380564422454,0.00013586789,720.14029238441,0.00019717452,0.00052829203,-0.001971453
0.9999118,0.00014085614,8192,0.0017258431,905.3807931276556,720.1406156602228,835,46879.156,6.6115546,1122.5419,0.4241677,55285.895,7.788045,8192,,,,,905.3807931276556,0.00013588752,720.1406156602228,0.00019719818,0.0006664155,-0.0017841678
0.99976677,0.00014076986,0,0.0017267615,905.3805157591145,720.1401836712806,836,46876.332,6.611381,1122.2726,0.4244052,55277.88,7.783274,0,,,,,905.3805157591145,0.00013589015,720.1401836712806,0.00019721857,0.00047172952,-0.0020794715
0.99985564,0.00014085791,0,0.0017276796,905.3812792438616,720.1400443844632,837,46880.99,6.6116066,1122.6932,0.425595,55282.793,7.788143,0,,,,,905.3812792438616,0.00013587615,720.1400443844632,0.00019717416,0.0010156418,-0.0023319134
0.99998397,0.00014056239,0,0.0017285978,905.3813341328673,720.1397894082412,838,46872.812,6.6112475,1123.4429,0.424176,55289.887,7.7718034,0,,,,,905.3813341328673,0.00013592544,720.1397894082412,0.0001972522,0.0012834343,-0.0025624302
1.0001162,0.00014089822,0,0.0017295158,905.3814436303044,720.1398460491612,839,46887.01,6.611787,1121.9244,0.42493385,55297.2,7.790372,0,,,,,905.3814436303044,0.00013587205,720.1398460491612,0.00019717247,0.0012206852,-0.0029183007
1.0000005,0.00014049554,0,0.0017304337,905.3813167426281,720.1392810964448,840,46868.61,6.61099,1122.5925,0.42377052,55290.797,7.7681074,0,,,,,905.3813167426281,0.00013593133,720.1392810964448,0.00019728133,0.0011986168,-0.003392697
0.99988645,0.00014072098,0,0.0017313515,905.3812082644672,720.1395326418809,841,46876.406,6.6113577,1121.9894,0.42443016,55284.496,7.7805715,0,,,,,905.3812082644672,0.00013590002,720.1395326418809,0.00019723632,0.000998914,-0.0031691974
0.9997467,0.00014056773,0,0.0017322692,905.3816104023082,720.1393609535702,842,46868.477,6.6110187,1122.1467,0.42432234,55276.766,7.772099,0,,,,,905.3816104023082,0.00013591319,720.1393609535702,0.0001972524,0.0014076695,-0.0031758184
0.99970454,0.00014040488,0,0.0017331868,905.3816323239532,720.1394989242206,843,46860.684,6.610782,1123.8057,0.42499587,55274.438,7.7630944,0,,,,,905.3816323239532,0.00013594377,720.1394989242206,0.00019731342,0.0015683523,-0.0035357117
1.0001227,0.00014031287,0,0.0017341042,905.3814810582917,720.1393383982681,844,46874.914,6.6112647,1122.9143,0.42479905,55297.555,7.758007,0,,,,,905.3814810582917,0.00013590253,720.1393383982681,0.00019724485,0.0015832625,-0.0037267318
1.0001099,0.00014026179,0,0.0017350216,905.3816287857201,720.1390048953717,845,46875.023,6.611229,1122.8988,0.42477947,55296.848,7.7551827,0,,,,,905.3816287857201,0.00013589252,720.1390048953717,0.00019720732,0.0011912765,-0.003685161
1.0002991,0.00014010722,0,0.0017359388,905.3814624954058,720.1387803542824,846,46881.1,6.6116,1121.9293,0.4248919,55307.312,7.7466364,0,,,,,905.3814624954058,0.00013588545,720.1387803542824,0.00019721566,0.0011908063,-0.0038584676
0.9999757,0.00014029357,0,0.001736856,905.3816108879753,720.1392153997576,847,46865.31,6.6108675,1123.6259,0.4248262,55289.43,7.7569404,0,,,,,905.3816108879753,0.00013592682,720.1392153997576,0.00019727153,0.0013505602,-0.0037366003
0.9998697,0.00014053867,0,0.0017386898,905.3817176330808,720.1393514778526,849,46871.125,6.6112056,1122.88,0.42461747,55283.57,7.7704916,0,,,,,905.3817176330808,0.00013593101,720.1393514778526,0.00019727761,0.0015148198,-0.0030657377
1.0001394,0.0001402377,0,0.0017396066,905.3818573880064,720.1397607199357,850,46875.973,6.611549,1122.6709,0.4253164,55298.48,7.7538505,0,,,,,905.3818573880064,0.00013592158,720.1397607199357,0.00019725638,0.0016176908,-0.0029038927
0.9999672,0.00014042165,0,0.0017405233,905.3814603395152,720.1403876625352,851,46865.297,6.610923,1122.7842,0.42453346,55288.96,7.7640214,0,,,,,905.3814603395152,0.00013593004,720.1403876625352,0.00019725785,0.0011762942,-0.0026220537
1.0000228,0.00014046427,0,0.0017414399,905.3812228338018,720.1393398713661,852,46867.32,6.610947,1123.933,0.4244025,55292.03,7.766378,0,,,,,905.3812228338018,0.00013591518,720.1393398713661,0.00019724433,0.00086513156,-0.0027892066
1.0000008,0.00014065803,0,0.0017423563,905.3816831966597,720.1402277705048,853,46870.42,6.611041,1122.9583,0.42459735,55290.82,7.777091,0,,,,,905.3816831966597,0.00013590207,720.1402277705048,0.00019723598,0.0015822055,-0.002638929
0.9997289,0.00014078166,0,0.0017432726,905.38223342037,720.1396590308501,854,46861.098,6.6106997,1122.9249,0.42493442,55275.785,7.7839265,0,,,,,905.38223342037,0.00013593996,720.1396590308501,0.00019730207,0.0016965438,-0.002799724
0.9997928,0.00014068639,0,0.0017441888,905.3824523027585,720.1400080026947,855,46867.13,6.611067,1123.3202,0.42494902,55279.316,7.778659,0,,,,,905.3824523027585,0.00013592845,720.1400080026947,0.00019729008,0.002059392,-0.003003514
0.99982303,0.0001408422,0,0.001745105,905.381650189355,720.1400839052114,856,46867.57,6.6110134,1122.7288,0.4245523,55280.99,7.787274,0,,,,,905.381650189355,0.00013593113,720.1400839052114,0.00019728794,0.0016204941,-0.0030844319
0.99986744,0.00014071199,0,0.001746021,905.3817526056822,720.1398048178636,857,46859.83,6.610581,1123.1304,0.4250083,55283.445,7.7800746,0,,,,,905.3817526056822,0.00013594131,720.1398048178636,0.00019731002,0.0014578103,-0.0035634416
0.99997103,0.00014068934,0,0.0017469368,905.3824117677292,720.1394020165419,858,46863.273,6.610807,1124.5931,0.4245138,55289.17,7.7788224,0,,,,,905.3824117677292,0.00013593829,720.1394020165419,0.00019733465,0.0018068728,-0.0035425846
0.99955475,0.0001408467,0,0.0017478527,905.3815418172499,720.1391897346357,859,46850.594,6.6102676,1122.6364,0.42448077,55266.156,7.7875237,0,,,,,905.3815418172499,0.00013596127,720.1391897346357,0.00019732799,0.0015729308,-0.003623034
0.9999576,0.00014033822,0,0.0017487683,905.3817029707762,720.1395032845184,860,46860.57,6.6108775,1126.8827,0.42400587,55288.43,7.759409,0,,,,,905.3817029707762,0.00013595345,720.1395032845184,0.00019731876,0.0018785198,-0.003711117
0.99974775,0.00014082885,0,0.0017496839,905.3813875756202,720.1388820549352,861,46856.84,6.61062,1123.6797,0.4255382,55276.83,7.786536,0,,,,,905.3813875756202,0.00013592724,720.1388820549352,0.00019730162,0.0012680216,-0.0042617065
0.99987143,0.00014085986,0,0.0017505992,905.3815891879478,720.1389136330254,862,46860.746,6.610741,1125.3145,0.42498672,55283.664,7.788251,0,,,,,905.3815891879478,0.00013592347,720.1389136330254,0.00019730887,0.0014847829,-0.004376702
1.0000639,0.00014069761,0,0.0017515146,905.3814923649371,720.1389340719254,863,46859.594,6.6106296,1125.52,0.4240881,55294.31,7.7792797,0,,,,,905.3814923649371,0.00013593695,720.1389340719254,0.0001973029,0.0014951944,-0.0041875956
1.0002365,0.00014064963,0,0.0017524298,905.3821044033663,720.1390306053319,864,46862.836,6.61074,1123.9803,0.42429906,55303.85,7.7766266,0,,,,,905.3821044033663,0.00013593415,720.1390306053319,0.0001973018,0.0017140962,-0.0043057436
0.99996364,0.00014061746,0,0.0017533449,905.3817134510058,720.1390433129916,865,46850.555,6.610338,1124.7332,0.4252825,55288.76,7.7748475,0,,,,,905.3817134510058,0.00013597342,720.1390433129916,0.0001973393,0.0016341036,-0.0043192985
0.99981683,0.00014064154,0,0.0017542599,905.3817817479744,720.1394970882388,866,46849.703,6.6102824,1125.0752,0.42503074,55280.645,7.7761793,0,,,,,905.3817817479744,0.00013595734,720.1394970882388,0.00019735661,0.0017962148,-0.0042559956
0.9999624,0.00014067838,0,0.0017551747,905.3819706498509,720.1389557311579,867,46856.08,6.6106305,1124.8694,0.42545357,55288.695,7.778217,0,,,,,905.3819706498509,0.0001359525,720.1389557311579,0.00019734516,0.0020494196,-0.004522901
0.99996614,0.00014031328,0,0.0017560895,905.3827475138263,720.1393269992434,868,46859.484,6.6106973,1125.0452,0.42442176,55288.902,7.75803,0,,,,,905.3827475138263,0.00013594079,720.1393269992434,0.00019730965,0.002922076,-0.004053139
0.99975145,0.00014081335,8192,0.0017570042,905.3824473549572,720.1391476888979,869,46857.88,6.610731,1126.0293,0.42462546,55277.03,7.785679,8192,,,,,905.3824473549572,0.00013596003,720.1391476888979,0.00019731988,0.0026133729,-0.004203469
1.0000154,0.00014090724,0,0.0017579186,905.3822910214427,720.1386782403972,870,46859.746,6.6108427,1125.8345,0.42474365,55291.62,7.7908707,0,,,,,905.3822910214427,0.00013594728,720.1386782403972,0.00019733964,0.0021392251,-0.0047797128
1.000318,0.00014063461,0,0.0017588331,905.3820029298067,720.1390491496838,871,46867.562,6.6110296,1126.9625,0.42446733,55308.36,7.775797,0,,,,,905.3820029298067,0.0001359195,720.1390491496838,0.00019730302,0.0018413897,-0.0043346696
0.9998003,0.00014071524,0,0.0017597474,905.382263107663,720.1387837980338,872,46850.9,6.6102624,1125.9908,0.42460987,55279.734,7.7802544,0,,,,,905.382263107663,0.00013595844,720.1387837980338,0.00019735689,0.00214843,-0.004690413
0.999844,0.00014074166,0,0.0017606615,905.3825688708184,720.1394222898211,873,46851.406,6.610248,1124.7552,0.42459944,55282.15,7.781715,0,,,,,905.3825688708184,0.00013594248,720.1394222898211,0.00019735696,0.0023810663,-0.004566735
1.0000983,0.00014019245,0,0.0017615756,905.3828431617521,720.1393711415925,874,46856.395,6.610592,1125.6877,0.4251,55296.21,7.7513494,0,,,,,905.3828431617521,0.0001359509,720.1393711415925,0.00019734794,0.0027611656,-0.004353768
0.99957055,0.00014046622,0,0.0017624896,905.3825238285357,720.1388631033559,875,46838.66,6.609743,1126.8634,0.42397445,55267.027,7.7664857,0,,,,,905.3825238285357,0.00013599689,720.1388631033559,0.00019741658,0.0025641674,-0.0046563456
1.0000601,0.00014036447,0,0.0017634034,905.3822716123091,720.1391731282718,876,46860.867,6.6107445,1124.0983,0.42554572,55294.094,7.7608604,0,,,,,905.3822716123091,0.000135923,720.1391731282718,0.00019729407,0.0022934454,-0.0044827824
1.0003071,0.00014049177,0,0.0017643172,905.3829106264479,720.1389071524407,877,46868.707,6.611185,1124.277,0.42516148,55307.75,7.7678986,0,,,,,905.3829106264479,0.00013591605,720.1389071524407,0.00019729485,0.0025660791,-0.004769362
0.99987346,0.00014078431,0,0.0017652307,905.3825007928617,720.1392289525638,878,46852.746,6.610435,1127.0525,0.42447582,55283.777,7.7840734,0,,,,,905.3825007928617,0.00013595706,720.1392289525638,0.00019737483,0.0024589014,-0.0048790923
1.000202,0.00014042042,0,0.0017661442,905.3829845220822,720.1391263894178,879,46866.453,6.6109724,1124.48,0.42416173,55301.94,7.763954,0,,,,,905.3829845220822,0.00013592107,720.1391263894178,0.00019731796,0.002565793,-0.004716756
0.9998775,0.00014060848,0,0.0017670576,905.3823364129336,720.1388115087507,880,46842.902,6.60986,1123.7183,0.42545092,55284.0,7.774351,0,,,,,905.3823364129336,0.00013596771,720.1388115087507,0.00019739493,0.002460844,-0.0050461357
1.0000517,0.00014041712,0,0.0017679709,905.38270428502,720.139029203757,881,46853.027,6.6104083,1125.1179,0.42410603,55293.637,7.763771,0,,,,,905.38270428502,0.00013595575,720.139029203757,0.00019740009,0.0026161638,-0.0047914176
0.9997632,0.00014029421,0,0.001768884,905.3827164979472,720.1390087466291,882,46843.664,6.6099477,1125.0774,0.42515743,55277.68,7.7569757,0,,,,,905.3827164979472,0.00013596143,720.1390087466291,0.00019738784,0.0027923358,-0.0046313745
0.99999386,0.00014037786,0,0.001769797,905.3827783499319,720.1391040464325,883,46857.176,6.6106167,1123.5831,0.42532218,55290.434,7.7616,0,,,,,905.3827783499319,0.00013594425,720.1391040464325,0.00019738184,0.0028313515,-0.0049475213
0.999965,0.00014038812,0,0.0017707099,905.3829584727066,720.1391568722601,884,46858.86,6.6106343,1123.9064,0.42458653,55288.84,7.7621675,0,,,,,905.3829584727066,0.00013591564,720.1391568722601,0.00019731544,0.002756445,-0.005125587
0.9998247,0.00014047282,0,0.0017716227,905.3825835619685,720.1387708829801,885,46848.83,6.6102743,1124.0465,0.42454222,55281.082,7.7668514,0,,,,,905.3825835619685,0.00013594796,720.1387708829801,0.00019736364,0.0025059038,-0.0052747084
0.9999936,0.00014040871,0,0.0017725354,905.3829461107052,720.1382776714252,886,46847.887,6.6101956,1124.5953,0.4253373,55290.42,7.763306,0,,,,,905.3829461107052,0.00013596322,720.1382776714252,0.00019740386,0.0028980772,-0.005563188
1.0002154,0.00014082946,0,0.001773448,905.3823042119914,720.1382032772846,887,46864.805,6.612093,1125.1484,0.42453995,55302.684,7.7865696,0,,,,,905.3823042119914,0.00013591377,720.1382032772846,0.00019735428,0.0023123121,-0.005391509
1.0004154,0.00014015357,0,0.0017743604,905.3826715746634,720.1384396858107,888,46860.2,6.610716,1126.1628,0.42514384,55313.742,7.749199,0,,,,,905.3826715746634,0.00013593058,720.1384396858107,0.00019735577,0.0026263301,-0.0055935895
0.999659,0.0001401949,0,0.0017752728,905.3825970359435,720.1387963132055,889,46844.703,6.61002,1123.9205,0.42482787,55271.918,7.7514844,0,,,,,905.3825970359435,0.00013597844,720.1387963132055,0.00019741495,0.002574787,-0.004883287
1.0000132,0.00014049879,0,0.001776185,905.3824887133549,720.1382060744377,890,46830.332,6.6092925,1125.2559,0.42383185,55291.508,7.768286,0,,,,,905.3824887133549,0.00013602157,720.1382060744377,0.00019745881,0.00265862,-0.0054662386
0.9999462,0.00014073735,0,0.0017770971,905.3822375037879,720.1384162240918,891,46855.848,6.6105146,1125.2433,0.42505443,55287.797,7.7814765,0,,,,,905.3822375037879,0.00013593245,720.1384162240918,0.00019736632,0.0023485317,-0.005314051
1.0000637,0.00014066495,8192,0.001778009,905.382211149507,720.138684226711,892,46855.836,6.610563,1125.1832,0.42473212,55294.293,7.7774744,8192,,,,,905.382211149507,0.00013594894,720.138684226711,0.0001973709,0.0024880127,-0.0051148534
0.99998426,0.00014070846,0,0.0017789209,905.3822423169244,720.1389277747683,893,46835.79,6.6095695,1124.3376,0.42518997,55289.902,7.7798796,0,,,,,905.3822423169244,0.00013596314,720.1389277747683,0.00019740057,0.0024680973,-0.0054884716
1.0005422,0.00014029317,0,0.0017798326,905.3825444270364,720.1390281035159,894,46852.81,6.610325,1125.757,0.42453304,55320.75,7.756918,0,,,,,905.3825444270364,0.00013594578,720.1390281035159,0.0001973641,0.0025262237,-0.0047328565
1.0002791,0.00014081252,0,0.0017807443,905.3831531197003,720.1387011922072,895,46869.285,6.6110487,1125.6074,0.42448068,55306.203,7.785633,0,,,,,905.3831531197003,0.00013589769,720.1387011922072,0.00019730128,0.0029523275,-0.0048004696
0.99996316,0.00014058723,0,0.0017816558,905.3828547508042,720.1383961367645,896,46848.79,6.6100173,1123.6609,0.4249366,55288.74,7.773177,0,,,,,905.3828547508042,0.00013593746,720.1383961367645,0.00019734653,0.0028216064,-0.004788543
1.000199,0.00014059297,0,0.0017825672,905.3829713883983,720.1391004821368,897,46857.27,6.610471,1123.3916,0.4256614,55301.773,7.773494,0,,,,,905.3829713883983,0.00013592646,720.1391004821368,0.00019732807,0.002924241,-0.004673525
0.999989,0.00014077249,0,0.0017834785,905.3834735472718,720.1389510206836,898,46851.74,6.6102653,1123.1997,0.42486748,55290.164,7.7834196,0,,,,,905.3834735472718,0.00013595796,720.1389510206836,0.00019737682,0.0034006862,-0.0051068743
1.0000428,0.00014075091,0,0.0017843896,905.3830112813141,720.1385558041335,899,46855.32,6.610445,1125.075,0.42434955,55293.137,7.782227,0,,,,,905.3830112813141,0.00013594395,720.1385558041335,0.00019736448,0.0030237571,-0.0053402227
0.99985063,0.00014075665,0,0.0017853007,905.3830768773083,720.13828925802,900,46843.164,6.609853,1124.6008,0.42433944,55282.516,7.782544,0,,,,,905.3830768773083,0.00013595418,720.13828925802,0.00019738803,0.003037495,-0.00562143
1.0000445,0.00014061257,0,0.0017862116,905.3831256033603,720.138435429719,901,46853.355,6.6107454,1131.5087,0.42511615,55293.23,7.7745776,0,,,,,905.3831256033603,0.00013595597,720.138435429719,0.00019738532,0.0031460687,-0.0053668455
1.0001295,0.00014078632,0,0.0017871225,905.383249259598,720.1386693243682,902,46856.926,6.610555,1123.4767,0.4249057,55297.93,7.7841845,0,,,,,905.383249259598,0.00013592663,720.1386693243682,0.00019734015,0.0029226532,-0.005228751
1.0001373,0.0001408883,0,0.0017880332,905.3828714725232,720.1385302554878,903,46864.81,6.6109047,1123.0237,0.42508954,55298.367,7.789823,0,,,,,905.3828714725232,0.00013589844,720.1385302554878,0.0001973025,0.0028426556,-0.0055256127
1.0000436,0.00014062905,0,0.0017889438,905.3825570789531,720.1385799811083,904,46853.766,6.6103387,1124.1768,0.42596376,55293.184,7.7754893,0,,,,,905.3825570789531,0.00013594182,720.1385799811083,0.00019735732,0.0025632922,-0.005526982
1.000107,0.00014041341,8192,0.0017898541,905.3828520076622,720.1381818278618,905,46853.82,6.610346,1124.1299,0.4245652,55296.695,7.763566,8192,,,,,905.3828520076622,0.00013593567,720.1381818278618,0.00019735677,0.0027943426,-0.0054325406
1.0000005,0.00014052285,0,0.0017907645,905.3830281484505,720.1387666386457,906,46852.027,6.610353,1123.6865,0.42497787,55290.797,7.7696176,0,,,,,905.3830281484505,0.00013594453,720.1387666386457,0.00019736911,0.0030497645,-0.0051468867
0.9997823,0.00014074439,0,0.0017916748,905.3834536724394,720.1385184188441,907,46847.05,6.6100817,1123.0022,0.42478675,55278.74,7.7818666,0,,,,,905.3834536724394,0.00013595456,720.1385184188441,0.00019738832,0.0033624538,-0.0053409017
1.0000823,0.00014032431,8192,0.0017925849,905.3835115577676,720.1386824563282,908,46857.293,6.6105804,1125.073,0.4245822,55295.324,7.7586393,8192,,,,,905.3835115577676,0.00013594523,720.1386824563282,0.00019737362,0.0035656984,-0.0053049354
1.0005518,0.00014021386,0,0.0017934949,905.3832724553728,720.1382799882804,909,46864.664,6.6108994,1125.5148,0.4239864,55321.28,7.752533,0,,,,,905.3832724553728,0.00013592014,720.1382799882804,0.00019731863,0.0029420012,-0.0054275733
0.99995106,0.0001404449,0,0.0017944047,905.3831880098359,720.1385072177766,910,46846.848,6.6102204,1124.3309,0.42523006,55288.066,7.765307,0,,,,,905.3831880098359,0.00013596844,720.1385072177766,0.00019742672,0.003169939,-0.005496841
0.9999339,0.00014045466,0,0.0017953145,905.3829084101828,720.1383030428669,911,46843.297,6.6098585,1123.3767,0.42461243,55287.117,7.7658467,0,,,,,905.3829084101828,0.00013594836,720.1383030428669,0.00019741137,0.0029258335,-0.0057079056
0.9998254,0.00014069339,0,0.0017962242,905.3831474806414,720.1381965306548,912,46854.5,6.610471,1124.4143,0.4241389,55281.12,7.7790465,0,,,,,905.3831474806414,0.00013596556,720.1381965306548,0.00019740527,0.0027811544,-0.005780928
1.0001909,0.00014057777,0,0.0017971337,905.3830646162694,720.1383847627901,913,46861.6,6.610711,1123.5404,0.42487913,55301.324,7.7726536,0,,,,,905.3830646162694,0.00013591195,720.1383847627901,0.0001973445,0.003079865,-0.0059583616
0.99963695,0.00014076338,0,0.0017998614,905.3826795916721,720.1380728066356,916,46836.32,6.609622,1125.1565,0.4254532,55270.7,7.7829165,0,,,,,905.3826795916721,0.0001359833,720.1380728066356,0.00019744979,0.0025940556,-0.006080734
1.0002935,0.00014064295,0,0.0018007705,905.3825408324559,720.1377324640415,917,46860.21,6.6117373,1123.0541,0.42466566,55307.0,7.7762575,0,,,,,905.3825408324559,0.00013589597,720.1377324640415,0.00019733989,0.0025134387,-0.0063883294
1.0000479,0.0001408135,0,0.0018016795,905.3827003145766,720.1381283147907,918,46856.098,6.611602,1124.3021,0.4240416,55293.426,7.7856874,0,,,,,905.3827003145766,0.00013592669,720.1381283147907,0.0001973912,0.0028110468,-0.0065311943
0.9997308,0.00014050904,0,0.0018025882,905.3832512020236,720.1376707264542,919,46841.18,6.6096663,1122.7167,0.42434514,55275.89,7.7688537,0,,,,,905.3832512020236,0.00013596776,720.1376707264542,0.0001974055,0.002993823,-0.0063252747
1.0002533,0.00014084055,128,0.001803497,905.3824744978292,720.1378457752311,920,46863.617,6.612316,1123.9119,0.42464843,55304.78,7.7871833,128,,,,,905.3824744978292,0.0001359124,720.1378457752311,0.00019737172,0.0026047723,-0.006629278
1.0000322,0.00014064154,0,0.0018044055,905.3830671823126,720.1373044274534,921,46853.656,6.6114936,1122.8636,0.42474586,55292.555,7.7761793,0,,,,,905.3830671823126,0.00013594271,720.1373044274534,0.00019742288,0.0030884822,-0.0069018872
1.0001547,0.00014081917,0,0.001805314,905.3831989892286,720.1372564905337,922,46860.766,6.611973,1123.7272,0.42534718,55299.33,7.786001,0,,,,,905.3831989892286,0.00013591253,720.1372564905337,0.00019737918,0.0031446368,-0.0071545737
0.9999341,0.00014075151,0,0.0018062223,905.3829340582907,720.136836480578,923,46849.453,6.6114993,1123.5809,0.42522413,55287.13,7.78226,0,,,,,905.3829340582907,0.00013595517,720.136836480578,0.00019743622,0.0029301678,-0.0074679703
0.9996317,0.00014086287,0,0.0018071305,905.3830994388585,720.1370799819074,924,46845.004,6.611237,1124.3282,0.4253752,55270.41,7.788417,0,,,,,905.3830994388585,0.00013595703,720.1370799819074,0.00019744017,0.0031985117,-0.007407128
0.9997045,0.00014070522,0,0.0018080386,905.3833124700432,720.1368458116207,925,46848.17,6.6111965,1123.9349,0.42399576,55274.434,7.7797008,0,,,,,905.3833124700432,0.00013593046,720.1368458116207,0.00019740275,0.0031638863,-0.0076225875
0.9999747,0.00014068173,0,0.0018089466,905.3834406225367,720.136855038656,926,46851.105,6.611332,1122.07,0.4240618,55289.375,7.778402,0,,,,,905.3834406225367,0.0001359519,720.136855038656,0.00019741942,0.0033414902,-0.007728075
0.99997646,0.00014064877,0,0.0018098544,905.3836103243378,720.1367456156257,927,46858.766,6.6117425,1123.4792,0.42476395,55289.473,7.7765794,0,,,,,905.3836103243378,0.00013592631,720.1367456156257,0.00019737726,0.0036425367,-0.0075292904
0.99984115,0.00014063848,0,0.0018107621,905.3836490402254,720.1362931736229,928,46849.355,6.6114664,1125.2351,0.42481673,55281.992,7.7760105,0,,,,,905.3836490402254,0.00013595138,720.1362931736229,0.00019746851,0.0035491448,-0.008265562
0.9998333,0.00014068806,0,0.0018116698,905.3834974383747,720.1365795363079,929,46859.805,6.6118145,1124.9928,0.42492133,55281.555,7.778752,0,,,,,905.3834974383747,0.00013592199,720.1365795363079,0.00019739977,0.0033931835,-0.008120002
0.99985343,0.00014064269,0,0.0018125772,905.3832962119976,720.136941538079,930,46854.22,6.611598,1124.3246,0.42508596,55282.668,7.7762427,0,,,,,905.3832962119976,0.00013593776,720.136941538079,0.00019745134,0.0035513404,-0.007852182
1.0000533,0.00014064997,0,0.0018134846,905.3832787500595,720.136769534875,931,46861.863,6.6119647,1124.7506,0.42465183,55293.723,7.776645,0,,,,,905.3832787500595,0.00013592448,720.136769534875,0.00019738388,0.0033107554,-0.007700979
0.9999578,0.00014060212,0,0.0018143918,905.3833912869414,720.1370983625457,932,46853.14,6.6115656,1124.8075,0.42426357,55288.44,7.7739997,0,,,,,905.3833912869414,0.00013595885,720.1370983625457,0.00019746301,0.003455472,-0.007640437
1.000318,0.00014028375,0,0.0018152989,905.38391756987,720.1363933060734,933,46874.496,6.6125755,1125.3528,0.42485103,55308.355,7.7563972,0,,,,,905.38391756987,0.0001358917,720.1363933060734,0.00019734153,0.0038643605,-0.007989775
1.0001723,0.00014029205,0,0.0018162059,905.3837375781985,720.1371699468701,934,46858.105,6.611804,1124.5142,0.4245417,55300.3,7.7568555,0,,,,,905.3837375781985,0.00013593063,720.1371699468701,0.0001974226,0.0036488546,-0.007175194
0.9997021,0.00014060448,0,0.0018171129,905.3836039391183,720.13718387744,935,46849.598,6.6115084,1125.0413,0.42497283,55274.3,7.77413,0,,,,,905.3836039391183,0.00013595476,720.13718387744,0.00019745855,0.0038335943,-0.0077540725
1.0000554,0.00014044894,0,0.0018180197,905.3838826718578,720.1370301003267,936,46859.293,6.612071,1124.5752,0.42463505,55293.84,7.765531,0,,,,,905.3838826718578,0.00013593625,720.1370301003267,0.00019741443,0.0037708853,-0.0075592115
0.9998583,0.00014062549,0,0.0018189263,905.3834968541746,720.1368020089526,937,46857.836,6.6117363,1123.8722,0.42523757,55282.94,7.7752924,0,,,,,905.3834968541746,0.00013592505,720.1368020089526,0.00019740927,0.0034697924,-0.007853214
0.99987876,0.00014064483,0,0.0018198328,905.383216641593,720.1363591221032,938,46866.45,6.6122327,1125.6871,0.42427498,55284.07,7.776361,0,,,,,905.383216641593,0.00013589869,720.1363591221032,0.00019738251,0.0034065163,-0.008387351
0.99955165,0.00014076901,0,0.0018207392,905.3832724430749,720.1362895946721,939,46848.766,6.6115046,1126.4839,0.42459896,55265.984,7.783228,0,,,,,905.3832724430749,0.00013595108,720.1362895946721,0.00019744442,0.0032992924,-0.008317796
1.0001177,0.00014070737,0,0.0018216455,905.3830901388911,720.1367778812028,940,46864.582,6.612319,1123.9082,0.42457473,55297.28,7.7798195,0,,,,,905.3830901388911,0.0001359076,720.1367778812028,0.00019735434,0.0032059422,-0.008458102
0.99997413,0.00014077564,0,0.0018225516,905.3833058374148,720.136564191935,941,46860.867,6.611917,1123.521,0.42444158,55289.344,7.783594,0,,,,,905.3833058374148,0.00013591979,720.136564191935,0.00019740863,0.0033047423,-0.008178319
0.9999916,0.00014064196,0,0.0018234577,905.3832326774973,720.1365901278413,942,46862.414,6.612036,1123.5372,0.4244048,55290.31,7.7762027,0,,,,,905.3832326774973,0.00013592778,720.1365901278413,0.00019740661,0.00322748,-0.007977191
0.99965775,0.00014040488,0,0.0018243636,905.3830256708662,720.1362599037792,943,46848.297,6.611355,1123.7708,0.42438716,55271.85,7.7630944,0,,,,,905.3830256708662,0.0001359403,720.1362599037792,0.0001974485,0.0030077177,-0.008576224
1.0000275,0.00014062352,8192,0.0018252694,905.3831357052997,720.136732304195,944,46864.914,6.612114,1122.9424,0.42528653,55292.297,7.775183,8192,,,,,905.3831357052997,0.00013591237,720.136732304195,0.00019738861,0.0028838473,-0.008027793
0.99988955,0.00014054734,0,0.001826175,905.3833382901097,720.1364167916136,945,46856.215,6.6116486,1121.9879,0.42478323,55284.668,7.7709713,0,,,,,905.3833382901097,0.00013592887,720.1364167916136,0.00019744372,0.0031179234,-0.008263457
0.99979764,0.00014050886,0,0.0018270806,905.3837247795464,720.1361192457264,946,46856.18,6.611568,1122.3707,0.42440665,55279.586,7.768843,0,,,,,905.3837247795464,0.00013592996,720.1361192457264,0.0001974333,0.003630416,-0.008669978
1.0003036,0.00014058653,0,0.0018279861,905.3840023451853,720.1368238331613,947,46881.36,6.612888,1122.7234,0.42502078,55307.56,7.7731385,0,,,,,905.3840023451853,0.00013586994,720.1368238331613,0.00019733005,0.003989039,-0.008072838
1.0001541,0.00014061366,0,0.0018288913,905.3836861316496,720.136682513564,948,46869.22,6.6122193,1122.2974,0.42519358,55299.297,7.774638,0,,,,,905.3836861316496,0.00013588731,720.136682513564,0.00019744244,0.003578351,-0.008444779
0.999937,0.00014038039,0,0.0018297966,905.3840481984812,720.1364624830319,949,46863.227,6.612041,1122.807,0.42491886,55287.29,7.76174,0,,,,,905.3840481984812,0.00013591268,720.1364624830319,0.00019740053,0.0040820367,-0.008237678
1.0001786,0.00014042702,0,0.0018316065,905.3830450561328,720.136251349411,951,46869.42,6.612152,1121.5273,0.42417988,55300.65,7.7643185,0,,,,,905.3830450561328,0.00013587183,720.136251349411,0.00019734942,0.003204289,-0.008865317
1.0002626,0.00014008886,0,0.0018325114,905.3829507641707,720.1364346613411,952,46873.4,6.612354,1121.628,0.42457488,55305.297,7.745621,0,,,,,905.3829507641707,0.0001358709,720.1364346613411,0.00019731536,0.0029245021,-0.008483232
1.0003601,0.000140306,0,0.001833416,905.3835848480762,720.1362711812138,953,46878.562,6.6126184,1121.7275,0.42456964,55310.684,7.7576275,0,,,,,905.3835848480762,0.00013587376,720.1362711812138,0.00019734213,0.0035948278,-0.008878734
1.0001959,0.00014052658,0,0.0018343206,905.3837851353386,720.1360580187157,954,46874.113,6.6124663,1121.2761,0.42456344,55301.605,7.769823,0,,,,,905.3837851353386,0.00013587605,720.1360580187157,0.0001973331,0.0038456174,-0.008679731
1.0001298,0.00014037474,0,0.0018352251,905.3826753890114,720.1365101986364,955,46863.332,6.611944,1121.4998,0.42464072,55297.95,7.761428,0,,,,,905.3826753890114,0.0001358802,720.1365101986364,0.0001973783,0.0031029603,-0.008850006
1.0001328,0.00014032885,0,0.0018361295,905.382978973136,720.1356688287422,956,46862.27,6.611849,1120.2767,0.42517042,55298.113,7.7588906,0,,,,,905.382978973136,0.00013588811,720.1356688287422,0.00019737796,0.0031914092,-0.009315987
1.0003225,0.000140428,0,0.0018370337,905.3826980249595,720.1355106550851,957,46871.13,6.612256,1120.411,0.42474538,55308.605,7.7643733,0,,,,,905.3826980249595,0.0001358657,720.1355106550851,0.0001973556,0.003121281,-0.0093027
0.99965966,0.0001405417,0,0.0018379377,905.3833902541566,720.1356571373249,958,46853.6,6.612361,1136.3356,0.42479712,55271.957,7.770659,0,,,,,905.3833902541566,0.00013598257,720.1356571373249,0.00019753605,0.003579878,-0.009797274
1.000103,0.00014055,0,0.0018388417,905.3822992717667,720.1351341424391,959,46862.62,6.611869,1119.9493,0.42493045,55296.47,7.771118,0,,,,,905.3822992717667,0.00013587083,720.1351341424391,0.0001973556,0.0027390234,-0.009920303
1.0001667,0.00014000943,0,0.0018397456,905.3831696884048,720.1354741494665,960,46871.316,6.612254,1120.3071,0.4245974,55299.99,7.7412295,0,,,,,905.3831696884048,0.00013585167,720.1354741494665,0.00019734702,0.0032123078,-0.009816604
0.9997745,0.00014049793,0,0.0018406493,905.3831507124889,720.1355704886604,961,46854.094,6.6115265,1120.7451,0.42479178,55278.305,7.768239,0,,,,,905.3831507124889,0.00013592943,720.1355704886604,0.00019747211,0.003339678,-0.00983412
1.0003579,0.00014051882,0,0.0018415528,905.3833933937675,720.1357193936783,962,46872.887,6.6123195,1120.6484,0.4248753,55310.562,7.7693944,0,,,,,905.3833933937675,0.000135852,720.1357193936783,0.00019734692,0.003435006,-0.009989234
0.9999737,0.00014050725,0,0.0018424563,905.3833118475159,720.1352410614998,963,46858.457,6.6117067,1120.6488,0.42458713,55289.32,7.768755,0,,,,,905.3833118475159,0.00013590154,720.1352410614998,0.00019742319,0.0035891696,-0.010350044
1.0000441,0.00014030718,0,0.0018433597,905.3836154269982,720.1351409165378,964,46861.617,6.611895,1120.3872,0.42443717,55293.215,7.7576923,0,,,,,905.3836154269982,0.00013590782,720.1351409165378,0.00019743452,0.0037080022,-0.010135897
0.99983615,0.00014024244,0,0.0018442628,905.3832598520921,720.1348998782652,965,46857.56,6.61155,1119.2872,0.42449695,55281.715,7.754113,0,,,,,905.3832598520921,0.00013588523,720.1348998782652,0.00019739362,0.0034713147,-0.010691939
0.99994725,0.00014021827,0,0.001845166,905.3827647280232,720.1353420468846,966,46854.49,6.6115456,1119.753,0.42545,55287.855,7.7527766,0,,,,,905.3827647280232,0.00013591729,720.1353420468846,0.0001974699,0.0031227584,-0.010232869
1.0004262,0.00014047019,0,0.0018460689,905.383312604831,720.134924678453,967,46872.83,6.6123166,1120.0115,0.4249152,55314.336,7.7667055,0,,,,,905.383312604831,0.00013586237,720.134924678453,0.0001973581,0.003341323,-0.0104901325
0.99992365,0.00014013925,0,0.0018469718,905.3831142337342,720.1347293539642,968,46858.695,6.611628,1121.0424,0.42478552,55286.55,7.7484074,0,,,,,905.3831142337342,0.00013589748,720.1347293539642,0.00019743695,0.0032564187,-0.0110973995
0.99989486,0.00014039053,0,0.0018478745,905.3829030753876,720.1348832359415,969,46857.645,6.6116333,1119.4885,0.4244469,55284.96,7.762301,0,,,,,905.3829030753876,0.00013587899,720.1348832359415,0.00019741706,0.0029952428,-0.010553291
0.9999684,0.00014043553,0,0.001848777,905.3827063839943,720.1346117509853,970,46858.938,6.6116643,1118.3612,0.42389008,55289.027,7.7647886,0,,,,,905.3827063839943,0.0001358681,720.1346117509853,0.00019739624,0.0030224524,-0.011579978
0.99976176,0.00014006738,0,0.0018496796,905.3826895104664,720.134159663667,971,46853.023,6.611476,1120.1005,0.42463115,55277.6,7.7444334,0,,,,,905.3826895104664,0.00013591604,720.134159663667,0.0001974582,0.0030836405,-0.011384337
0.9995325,0.00014043869,0,0.0018514842,905.383103202387,720.1347468007181,973,46851.492,6.612059,1131.7135,0.42481303,55264.926,7.7649636,0,,,,,905.383103202387,0.00013595574,720.1347468007181,0.00019754595,0.0035104726,-0.011589868
0.99943584,0.0001404611,0,0.0018523863,905.3831246027094,720.1343959536138,974,46849.207,6.6111336,1117.84,0.42455417,55259.582,7.7662024,0,,,,,905.3831246027094,0.00013590265,720.1343959536138,0.0001974653,0.0027752945,-0.011396726
0.99978954,0.00014000702,0,0.0018532883,905.3820603556104,720.1344022946363,975,46848.473,6.6111975,1117.9734,0.42502084,55279.137,7.741096,0,,,,,905.3820603556104,0.00013591012,720.1344022946363,0.00019744648,0.0024076323,-0.011560156
0.99974674,0.00014027831,0,0.0018541901,905.3820154079345,720.1338562673982,976,46855.82,6.6114717,1117.8156,0.4252246,55276.77,7.756096,0,,,,,905.3820154079345,0.00013588127,720.1338562673982,0.00019741931,0.002411101,-0.01181501
0.99972177,0.00014036104,0,0.0018550919,905.3826361322319,720.1342942268228,977,46860.387,6.611741,1118.6913,0.42429236,55275.39,7.76067,0,,,,,905.3826361322319,0.00013587775,720.1342942268228,0.00019737396,0.002878084,-0.011306714
0.9998169,0.00014058965,0,0.0018559934,905.3832157126939,720.1338631141247,978,46865.76,6.611961,1119.1493,0.42443904,55280.65,7.7733107,0,,,,,905.3832157126939,0.00013587395,720.1338631141247,0.00019739421,0.003341918,-0.01188402
0.9996439,0.00014027958,0,0.0018568949,905.3831513969891,720.1340363038684,979,46855.75,6.611441,1118.3427,0.42452183,55271.086,7.7561665,0,,,,,905.3831513969891,0.00013587873,720.1340363038684,0.00019740983,0.0032842492,-0.011834073
1.000498,0.00014070219,0,0.0018577963,905.3833673786646,720.1336006625464,980,46880.305,6.6126423,1119.1278,0.4240017,55318.31,7.779533,0,,,,,905.3833673786646,0.00013584127,720.1336006625464,0.00019736284,0.003817953,-0.012337986
1.0002382,0.00014061376,0,0.0018586975,905.3832747346571,720.1340329942252,981,46869.67,6.6120605,1119.4045,0.42391866,55303.945,7.774644,0,,,,,905.3832747346571,0.00013588522,720.1340329942252,0.00019740389,0.0035234338,-0.012175773
1.0002503,0.00014076296,0,0.0018595986,905.3835880085238,720.1341354510295,982,46871.613,6.6121416,1119.6012,0.42410916,55304.613,7.7828927,0,,,,,905.3835880085238,0.0001358419,720.1341354510295,0.00019735582,0.003618278,-0.012138146
0.9999692,0.0001405848,0,0.0018604996,905.3829878297192,720.1339074978281,983,46869.297,6.6120896,1119.228,0.4242461,55289.07,7.7730427,0,,,,,905.3829878297192,0.00013584472,720.1339074978281,0.00019735517,0.0033874207,-0.012378874
0.99970436,0.00014067412,0,0.0018614004,905.3830465704117,720.1334815681815,984,46857.246,6.6116586,1118.4492,0.4245066,55274.426,7.7779813,0,,,,,905.3830465704117,0.00013589236,720.1334815681815,0.00019744805,0.0034482798,-0.0120862825
0.9999585,0.00014064275,0,0.0018623011,905.3832548365177,720.1338033092111,985,46864.176,6.6118274,1117.844,0.42473844,55288.48,7.776246,0,,,,,905.3832548365177,0.00013584619,720.1338033092111,0.00019738504,0.0036441642,-0.012325882
1.0002112,0.00014072467,0,0.0018632018,905.3834860290939,720.1343654119901,986,46878.258,6.612492,1118.5259,0.42391682,55302.453,7.7807765,0,,,,,905.3834860290939,0.00013582205,720.1343654119901,0.00019735488,0.004047215,-0.012068509
0.9999626,0.00014069253,0,0.0018641023,905.3837390110983,720.1338490111568,987,46872.457,6.6122494,1118.4286,0.42448795,55288.707,7.7789984,0,,,,,905.3837390110983,0.00013587355,720.1338490111568,0.00019740748,0.00394326,-0.012165911
0.999794,0.00014062213,0,0.0018650026,905.3835971422368,720.1333048928368,988,46865.44,6.6118984,1117.5095,0.42512897,55279.383,7.7751064,0,,,,,905.3835971422368,0.0001358621,720.1333048928368,0.00019738638,0.0038036853,-0.012598069
1.0000209,0.0001406485,0,0.0018659028,905.383480730621,720.1342315696788,989,46880.08,6.6125197,1116.7777,0.42464682,55291.926,7.776564,0,,,,,905.383480730621,0.0001358096,720.1342315696788,0.00019733096,0.0035641526,-0.011908668
0.9997225,0.00014059956,0,0.0018668029,905.3838025755825,720.1337249233294,990,46869.008,6.612011,1119.1624,0.4246129,55275.43,7.7738585,0,,,,,905.3838025755825,0.00013585118,720.1337249233294,0.00019739028,0.0040861615,-0.012562007
0.99958855,0.00014054122,0,0.0018677029,905.3837858838931,720.1331872120513,991,46868.688,6.612111,1118.3177,0.42477804,55268.023,7.7706327,0,,,,,905.3837858838931,0.00013585645,720.1331872120513,0.0001973818,0.0040409076,-0.013097786
0.99998236,0.00014067037,0,0.0018686028,905.3834938355972,720.1333575507797,992,46876.848,6.612418,1119.1843,0.42444217,55289.797,7.7777734,0,,,,,905.3834938355972,0.00013584144,720.1333575507797,0.00019737876,0.0039494596,-0.012671302
0.99993974,0.0001405735,0,0.0018695025,905.3834449818015,720.1332398419372,993,46873.05,6.6122756,1119.4629,0.42447758,55287.44,7.772417,0,,,,,905.3834449818015,0.0001358438,720.1332398419372,0.00019739436,0.0037650352,-0.013348082
1.0001713,0.00014067275,0,0.0018704021,905.3834877175879,720.1333998151556,994,46883.766,6.612808,1116.8455,0.42468762,55300.246,7.777905,0,,,,,905.3834877175879,0.00013582401,720.1333998151556,0.00019735043,0.0038842615,-0.012800624
0.9998966,0.00014040172,0,0.0018713016,905.3833205308794,720.133484215098,995,46881.477,6.6126375,1117.9434,0.42500994,55285.055,7.76292,0,,,,,905.3833205308794,0.00013580978,720.133484215098,0.00019736253,0.003903683,-0.013009334
0.99996394,0.00014047667,0,0.0018722009,905.3833907163613,720.1337709011788,996,46882.098,6.6125956,1117.4751,0.42468855,55288.78,7.7670636,0,,,,,905.3833907163613,0.00013581889,720.1337709011788,0.00019740443,0.0037238752,-0.013104627
1.0002421,0.0001406488,0,0.0018731001,905.383795760093,720.1332623579132,997,46888.125,6.612935,1119.5936,0.42439684,55304.16,7.776581,0,,,,,905.383795760093,0.00013580246,720.1332623579132,0.0001973465,0.0038271002,-0.012893724
0.99991,0.00014053633,0,0.0018739991,905.3833691390666,720.133218509976,998,46868.51,6.6119995,1117.1263,0.42449313,55285.797,7.7703624,0,,,,,905.3833691390666,0.00013585201,720.133218509976,0.00019738963,0.00396351,-0.013260642
1.0003066,0.00014066177,8192,0.0018748981,905.3837816562079,720.1331013480369,999,46890.69,6.613125,1116.9735,0.4253218,55307.723,7.7772975,8192,,,,,905.3837816562079,0.00013581748,720.1331013480369,0.000197328,0.0038527888,-0.012959956
1.0000175,0.00014042624,0,0.0018757969,905.3833134321628,720.1329000422468,1000,46879.355,6.6125617,1117.7617,0.42495313,55291.742,7.7642756,0,,,,,905.3833134321628,0.00013582583,720.1329000422468,0.00019736258,0.0038639954,-0.013451306
1.0001233,0.00014024683,0,0.0018766957,905.3838888545738,720.1322670064638,1001,46891.062,6.6131988,1118.4242,0.42434236,55297.586,7.754356,0,,,,,905.3838888545738,0.00013582857,720.1322670064638,0.00019737075,0.003958975,-0.013786914
0.9997898,0.00014029414,0,0.0018775943,905.3840969405691,720.132320115565,1002,46872.395,6.612263,1117.8704,0.42426062,55279.15,7.756972,0,,,,,905.3840969405691,0.00013584494,720.132320115565,0.00019742646,0.0040850015,-0.0143013615
1.0002373,0.00014064489,0,0.0018784928,905.384514283922,720.1330704935857,1003,46883.918,6.6129236,1118.9551,0.42492026,55303.9,7.7763643,0,,,,,905.384514283922,0.00013582948,720.1330704935857,0.00019740508,0.0044745007,-0.013990736
0.999902,0.0001404264,0,0.001879391,905.3847397069231,720.1321593093923,1004,46879.688,6.6125636,1118.2521,0.42455304,55285.355,7.764284,0,,,,,905.3847397069231,0.0001358363,720.1321593093923,0.00019743714,0.0045251707,-0.014569242
0.99974775,0.00014032469,0,0.0018802893,905.3843255783248,720.1316401417682,1005,46875.445,6.612462,1117.7518,0.42514312,55276.83,7.7586603,0,,,,,905.3843255783248,0.00013583043,720.1316401417682,0.0001974069,0.0045384048,-0.014974139
1.0000707,0.00014048071,0,0.0018811873,905.3846603774357,720.1324519703569,1006,46894.562,6.6132646,1117.9755,0.42440072,55294.68,7.7672873,0,,,,,905.3846603774357,0.0001357854,720.1324519703569,0.00019733924,0.004667554,-0.014690309
0.99997026,0.00014042389,0,0.0018820852,905.3843972527942,720.1321523316675,1007,46881.668,6.612663,1118.4579,0.4247646,55289.13,7.7641454,0,,,,,905.3843972527942,0.00013580335,720.1321523316675,0.00019734039,0.0043617613,-0.014453135
0.99992305,0.00014023068,0,0.0018829831,905.3838187735652,720.1320147163882,1008,46883.375,6.6126704,1116.6763,0.42373902,55286.52,7.753463,0,,,,,905.3838187735652,0.00013581947,720.1320147163882,0.00019737141,0.004249043,-0.0145877795
1.0002291,0.00014060669,0,0.0018838808,905.3842787385046,720.1325196591595,1009,46894.535,6.6133075,1117.8312,0.42435345,55303.44,7.7742524,0,,,,,905.3842787385046,0.0001358039,720.1325196591595,0.00019734436,0.004621447,-0.014274196
1.0001249,0.00014030446,0,0.0018847784,905.3849021625474,720.1319997468912,1010,46893.67,6.613418,1117.9574,0.4244739,55297.68,7.7575417,0,,,,,905.3849021625474,0.0001357923,720.1319997468912,0.00019736482,0.0050115315,-0.014737678
1.000241,0.00014045682,0,0.0018856757,905.3846215680404,720.1323503783991,1011,46896.152,6.613308,1116.8942,0.4246643,55304.098,7.7659664,0,,,,,905.3846215680404,0.00013578983,720.1323503783991,0.0001973346,0.004595119,-0.014542434
1.0001336,0.00014042032,0,0.001886573,905.3843232212218,720.1322825494448,1012,46890.035,6.613018,1118.1815,0.42465043,55298.16,7.7639484,0,,,,,905.3843232212218,0.00013579342,720.1322825494448,0.0001973569,0.0044767126,-0.014502794
1.0000298,0.00014039846,0,0.0018874703,905.3842161566324,720.1324223183948,1013,46887.21,6.6129127,1117.7142,0.42465082,55292.42,7.7627397,0,,,,,905.3842161566324,0.00013579919,720.1324223183948,0.00019732448,0.0044955476,-0.014482913
1.0000021,0.00014027308,0,0.0018883672,905.3846164421611,720.1325090411401,1014,46890.098,6.61316,1117.2007,0.42495468,55290.89,7.7558074,0,,,,,905.3846164421611,0.00013581847,720.1325090411401,0.00019738726,0.004737004,-0.014148414
0.9999439,0.00014035059,0,0.0018892642,905.3845593437406,720.1326323704005,1015,46886.242,6.6128078,1118.1798,0.42399937,55287.67,7.7600923,0,,,,,905.3845593437406,0.00013580898,720.1326323704005,0.00019737237,0.004777509,-0.01394965
1.0001472,0.00014028013,0,0.001890161,905.3841489353155,720.1325207954703,1016,46895.15,6.6132245,1117.1554,0.4244279,55298.914,7.756197,0,,,,,905.3841489353155,0.00013576298,720.1325207954703,0.00019730341,0.004489299,-0.014013472
1.0000958,0.00014033743,128,0.0018910577,905.3844322582131,720.1328864449204,1017,46891.797,6.6137094,1117.8477,0.42424878,55296.07,7.759365,128,,,,,905.3844322582131,0.00013581371,720.1328864449204,0.00019736552,0.00462051,-0.013481923
1.0001042,0.00014034766,0,0.0018919542,905.3838326813541,720.133833494266,1018,46890.383,6.613112,1117.6274,0.42461532,55296.535,7.759931,0,,,,,905.3838326813541,0.00013578494,720.133833494266,0.00019732358,0.0043526045,-0.01328023
1.0004736,0.00014046677,0,0.0018928506,905.3840794410245,720.1332353623029,1019,46904.31,6.613715,1117.4532,0.4240765,55316.957,7.766516,0,,,,,905.3840794410245,0.00013576049,720.1332353623029,0.00019730246,0.004341883,-0.013628886
1.0001363,0.00014020053,0,0.0018937469,905.38450531302,720.1329065269773,1020,46900.164,6.6135345,1117.6366,0.42411768,55298.31,7.7517953,0,,,,,905.38450531302,0.00013576762,720.1329065269773,0.00019729763,0.004511624,-0.013510461
1.0001397,0.00014023164,0,0.0018946431,905.3848701620378,720.1333799408176,1021,46895.215,6.613206,1116.4802,0.42454368,55298.496,7.753516,0,,,,,905.3848701620378,0.00013577206,720.1333799408176,0.00019730504,0.0050630295,-0.013269336
0.9999671,0.00014001907,0,0.001895539,905.384686441007,720.1329228156197,1022,46889.434,6.6130714,1117.0874,0.42472842,55288.953,7.7417626,0,,,,,905.384686441007,0.00013579555,720.1329228156197,0.00019732301,0.005224509,-0.013559333
1.0000027,0.00014021384,0,0.0018964349,905.385149559644,720.1332347005513,1023,46896.465,6.6132884,1117.6099,0.42329285,55290.926,7.752532,0,,,,,905.385149559644,0.0001357946,720.1332347005513,0.00019731083,0.005168682,-0.013447946
0.9999627,0.0001399974,0,0.0018973306,905.3855942608087,720.1332959188252,1024,46896.703,6.613284,1116.4119,0.4251361,55288.71,7.7405643,0,,,,,905.3855942608087,0.00013578156,720.1332959188252,0.00019734586,0.0057365424,-0.013260789
1.0004401,0.00014026876,0,0.0018982263,905.3852557623733,720.1335341511825,1025,46908.81,6.613906,1115.9059,0.42462185,55315.11,7.755568,0,,,,,905.3852557623733,0.00013574229,720.1335341511825,0.00019726918,0.0054364484,-0.013280375
1.000285,0.00014022121,0,0.0018991218,905.3845373473852,720.1337443919955,1026,46896.742,6.6134787,1115.7631,0.4259856,55306.535,7.7529387,0,,,,,905.3845373473852,0.0001357657,720.1337443919955,0.00019729232,0.0047389367,-0.012776719
0.9999455,0.00014010715,0,0.0019000171,905.3851870212584,720.1328193579321,1027,46890.145,6.6130357,1116.4346,0.4242371,55287.76,7.746633,0,,,,,905.3851870212584,0.00013580539,720.1328193579321,0.00019734995,0.0054157595,-0.013278838
1.0003707,0.00013995377,0,0.0019009124,905.3854450006988,720.1329297724452,1028,46912.023,6.6141195,1116.0151,0.42435673,55311.27,7.7381525,0,,,,,905.3854450006988,0.00013576452,720.1329297724452,0.00019727717,0.0056030513,-0.013679269
1.0001185,0.00014000782,0,0.0019018075,905.3849064020955,720.1330422512467,1029,46894.902,6.613181,1115.9973,0.42492893,55297.324,7.741141,0,,,,,905.3849064020955,0.00013578874,720.1330422512467,0.00019732845,0.005048974,-0.013207164
1.0002396,0.0001397999,0,0.0019027025,905.3856699052513,720.1335172519377,1030,46902.324,6.613551,1116.4528,0.42448226,55304.023,7.7296443,0,,,,,905.3856699052513,0.00013575677,720.1335172519377,0.00019728171,0.005891439,-0.013409849
1.00004,0.00014015046,0,0.0019035974,905.3853276289237,720.1331224649435,1031,46892.457,6.613132,1116.279,0.42465043,55292.99,7.749027,0,,,,,905.3853276289237,0.00013579312,720.1331224649435,0.00019733499,0.005565643,-0.013550687
0.99993736,0.00013997291,0,0.001904492,905.385057898071,720.1329456462702,1032,46887.07,6.612814,1115.2509,0.42466497,55287.31,7.7392106,0,,,,,905.385057898071,0.00013581099,720.1329456462702,0.00019737723,0.0051306076,-0.013511033
1.0002553,0.00014001892,0,0.0019053867,905.3851248243271,720.1332765161525,1033,46902.69,6.613599,1116.2251,0.4252382,55304.895,7.741754,0,,,,,905.3851248243271,0.00013575252,720.1332765161525,0.00019731121,0.0053935386,-0.013448336
1.0002615,0.00014007854,0,0.0019062811,905.3849062901866,720.1329814699267,1034,46903.79,6.613612,1115.2711,0.42453253,55305.234,7.745051,0,,,,,905.3849062901866,0.00013574662,720.1329814699267,0.00019726901,0.0052024215,-0.01377682
1.0003017,0.00013987735,8192,0.0019071754,905.3855177237549,720.1329483899138,1035,46900.996,6.6136727,1115.0076,0.42512277,55307.457,7.7339263,8192,,,,,905.3855177237549,0.0001357769,720.1329483899138,0.00019732528,0.0054755723,-0.013853258
1.000368,0.00014002548,0,0.0019080696,905.3854144460298,720.1333399655374,1036,46913.3,6.614093,1116.1088,0.42462194,55311.12,7.742117,0,,,,,905.3854144460298,0.00013574252,720.1333399655374,0.00019726643,0.005351267,-0.012948196
1.0004365,0.00013989425,0,0.0019089637,905.3845035999734,720.1330755179835,1037,46907.734,6.6139245,1115.0651,0.42464632,55314.91,7.7348614,0,,,,,905.3845035999734,0.0001357537,720.1330755179835,0.00019727068,0.0047572684,-0.013342708
0.9999679,0.00013991138,0,0.0019098576,905.3847613250769,720.1338068587214,1038,46893.69,6.6130967,1116.1343,0.4243128,55288.996,7.735809,0,,,,,905.3847613250769,0.00013577811,720.1338068587214,0.00019727643,0.0049549127,-0.01313698
1.0003667,0.00014011962,0,0.0019107515,905.3845582638698,720.1331150252531,1039,46905.78,6.6136894,1115.147,0.4244147,55311.047,7.747322,0,,,,,905.3845582638698,0.0001357678,720.1331150252531,0.0001972693,0.0049171206,-0.013069506
1.0001752,0.00013974695,0,0.001911645,905.3848922611285,720.1336641466694,1040,46901.766,6.613633,1115.2854,0.42495492,55300.465,7.726717,0,,,,,905.3848922611285,0.00013574732,720.1336641466694,0.00019725264,0.005025168,-0.013306426
1.0002708,0.00013979358,0,0.0019125387,905.3844237743989,720.1335172366848,1041,46901.562,6.613493,1116.1974,0.42414656,55305.746,7.7292957,0,,,,,905.3844237743989,0.00013575677,720.1335172366848,0.00019727768,0.004678759,-0.013169569
1.0004565,0.00013995654,0,0.001913432,905.385270666664,720.1329732065387,1042,46912.45,6.614098,1115.8815,0.42456532,55316.008,7.7383056,0,,,,,905.385270666664,0.00013573922,720.1329732065387,0.00019725945,0.0054186746,-0.013312809
1.0000386,0.00013991613,0,0.0019143254,905.3856547094947,720.1335351402967,1043,46895.273,6.6132574,1115.09,0.42428103,55292.91,7.7360706,0,,,,,905.3856547094947,0.00013576567,720.1335351402967,0.00019730478,0.0056804735,-0.013384961
