flux,flux_err,quality,timecorr,centroid_col,centroid_row,cadenceno,sap_flux,sap_flux_err,sap_bkg,sap_bkg_err,pdcsap_flux,pdcsap_flux_err,sap_quality,psf_centr1,psf_centr1_err,psf_centr2,psf_centr2_err,mom_centr1,mom_centr1_err,mom_centr2,mom_centr2_err,pos_corr1,pos_corr2
1.000194,9.999829e-05,0,0.000895193,727.8880611804245,457.16028787533554,568,77257.9,7.9190845,1240.1517,0.42662248,86313.74,8.629553,0,,,,,727.8880611804245,0.00010702227,457.16028787533554,0.00010761513,0.0035702335,0.0022357025
1.000219,0.00010055552,0,0.0008961337,727.8877391254249,457.1599133109115,569,77258.52,7.918631,1238.9497,0.42616847,86315.91,8.67764,0,,,,,727.8877391254249,0.00010699549,457.1599133109115,0.000107624626,0.0032509936,0.0017654849
1.0004107,0.00010043678,0,0.00089707435,727.8875050139764,457.16016504433094,570,77272.55,7.9191213,1238.0078,0.42607215,86332.445,8.667394,0,,,,,727.8875050139764,0.000107005384,457.16016504433094,0.00010759365,0.0028103436,0.0022121065
1.0004555,0.00010049876,0,0.000898015,727.8866837697371,457.1598435479507,571,77276.64,7.9193997,1239.3782,0.42614952,86336.32,8.672742,0,,,,,727.8866837697371,0.00010699932,457.1598435479507,0.0001075937,0.0020239193,0.0020175357
1.0006638,0.00010082008,0,0.0008989556,727.8860138671057,457.1603815282601,572,77293.73,7.920183,1239.3746,0.4265982,86354.29,8.700471,0,,,,,727.8860138671057,0.000106988744,457.1603815282601,0.00010758346,0.0014419397,0.0023668567
1.0007762,0.000100612386,0,0.0008998962,727.885810259084,457.1605233941382,573,77302.195,7.9204907,1239.5648,0.42641333,86363.984,8.682548,0,,,,,727.885810259084,0.000106980326,457.1605233941382,0.00010757679,0.0009835,0.0026579793
1.0008038,0.00010063803,0,0.00090083684,727.8856911561144,457.16031881759955,574,77304.2,7.9204884,1238.2443,0.42573175,86366.375,8.684761,0,,,,,727.8856911561144,0.00010697357,457.16031881759955,0.000107568056,0.0007348741,0.002378436
1.0009228,0.00010070296,0,0.0009017774,727.8856352895109,457.160395869783,575,77313.14,7.920859,1238.3535,0.42617783,86376.64,8.690364,0,,,,,727.8856352895109,0.000106958425,457.160395869783,0.00010755497,0.000776067,0.0024501933
1.0010327,0.000100818,0,0.00090271793,727.8856537258273,457.1599989278293,576,77321.734,7.9212446,1238.8098,0.42595935,86386.125,8.700292,0,,,,,727.8856537258273,0.0001069464,457.1599989278293,0.00010753629,0.0006817294,0.002314821
1.0011511,0.0001009092,0,0.0009036585,727.8853178484782,457.1603138188514,577,77329.56,7.921545,1238.6569,0.42621207,86396.34,8.708162,0,,,,,727.8853178484782,0.00010693341,457.1603138188514,0.00010754342,0.00045819688,0.002689748
1.001073,0.00010103932,0,0.00090459903,727.8855832371498,457.159676582601,578,77324.516,7.921217,1239.9156,0.42587426,86389.61,8.719391,0,,,,,727.8855832371498,0.000106921565,457.159676582601,0.000107516455,0.0005791504,0.0020315908
1.0012541,0.00010103527,0,0.00090553955,727.8856056386866,457.15965614348414,579,77338.375,7.921857,1239.5038,0.4263289,86405.234,8.719042,0,,,,,727.8856056386866,0.00010691155,457.15965614348414,0.00010751433,0.0005536244,0.002277481
1.0013812,0.000101042664,0,0.00090648,727.8857465091018,457.15969746750875,580,77348.13,7.922241,1238.2087,0.4263255,86416.195,8.71968,0,,,,,727.8857465091018,0.000106882224,457.15969746750875,0.00010748156,0.0007886604,0.0021302525
1.0013127,0.00010122251,0,0.0009074205,727.88547966796,457.15955730923736,581,77342.53,7.922011,1239.8115,0.42572454,86410.3,8.7352,0,,,,,727.88547966796,0.0001068873,457.15955730923736,0.000107499385,0.00064320187,0.0019922606
1.0014477,0.00010127979,0,0.00090836093,727.8856317769342,457.1596917448444,582,77353.336,7.92251,1240.255,0.42543915,86421.94,8.740143,0,,,,,727.8856317769342,0.000106873675,457.1596917448444,0.00010749159,0.00065041496,0.0022940806
1.0014495,0.000101333506,0,0.0009093014,727.8859597859131,457.15957531621484,583,77353.09,7.9224505,1239.4779,0.4254655,86422.09,8.744779,0,,,,,727.8859597859131,0.00010687596,457.15957531621484,0.00010748554,0.0009667885,0.002027578
1.0014408,0.0001013974,0,0.0009102418,727.8859314469281,457.1591956514789,584,77352.34,7.922338,1238.6538,0.42540583,86421.34,8.750293,0,,,,,727.8859314469281,0.00010685615,457.1591956514789,0.000107471446,0.0008385145,0.001798056
1.0016,0.00010142869,0,0.0009111822,727.8854201496652,457.15956727529624,585,77364.33,7.9228616,1239.0409,0.42627677,86435.086,8.752993,0,,,,,727.8854201496652,0.00010685267,457.15956727529624,0.000107472915,0.0005057701,0.0021327478
1.0014635,0.00010139695,0,0.0009121226,727.8854032690526,457.15954593758175,586,77354.47,7.9228086,1247.9456,0.42633915,86423.305,8.750254,0,,,,,727.8854032690526,0.00010688418,457.15954593758175,0.00010749576,0.00043100858,0.0018773975
1.0013179,0.00010133732,0,0.00091306295,727.8848121916916,457.15961236026715,587,77343.016,7.9221034,1239.0833,0.4261414,86410.734,8.745108,0,,,,,727.8848121916916,0.00010689513,457.15961236026715,0.00010750336,-4.5299086e-05,0.0020645885
1.0014184,0.00010145108,0,0.0009140033,727.8852582196726,457.1597425649269,588,77348.91,7.9222937,1239.7375,0.42522874,86419.41,8.754925,0,,,,,727.8852582196726,0.00010690316,457.1597425649269,0.00010750156,0.00016791227,0.0019667638
1.0009161,0.00010142106,0,0.00091494364,727.8851739935975,457.1589279695095,589,77308.74,7.920643,1239.1884,0.42537764,86376.07,8.752334,0,,,,,727.8851739935975,0.0001069239,457.1589279695095,0.000107532825,0.00029481718,0.0013124488
1.0009068,0.00010120417,0,0.0009158839,727.8853916192955,457.15883042604577,590,77308.16,7.920708,1239.0978,0.42599863,86375.266,8.733617,0,,,,,727.8853916192955,0.00010692124,457.15883042604577,0.00010752228,0.0003673656,0.0009121455
1.0005021,0.00010108898,0,0.0009168242,727.885047151379,457.15905615000474,591,77276.33,7.919528,1240.8928,0.42559096,86340.336,8.723677,0,,,,,727.885047151379,0.00010696269,457.15905615000474,0.00010757826,5.8035093e-05,0.0009079858
1.0006603,0.000101100035,0,0.0009177645,727.8847241950166,457.15949072660135,592,77289.15,7.919979,1239.6536,0.4257534,86353.99,8.72463,0,,,,,727.8847241950166,0.00010697031,457.15949072660135,0.000107565094,-0.00035330735,0.0012765803
1.0002813,0.00010092519,0,0.0009187048,727.8846221700425,457.1592719423322,593,77259.78,7.918844,1241.2098,0.4260503,86321.28,8.709541,0,,,,,727.8846221700425,0.00010703397,457.1592719423322,0.00010760613,-0.0007000968,0.00081184297
1.0004492,0.00010135222,0,0.000919645,727.8845028746867,457.15956768976775,594,77273.9,7.919317,1239.0986,0.42598602,86335.77,8.746393,0,,,,,727.8845028746867,0.00010700717,457.15956768976775,0.00010759652,-0.00049240154,0.0014329843
1.0001458,0.00010137184,0,0.00092058524,727.8845233639064,457.1596611838991,595,77250.58,7.917453,1240.4647,0.42565843,86309.586,8.748087,0,,,,,727.8845233639064,0.000107039516,457.1596611838991,0.00010762929,-0.0006881084,0.0013932129
0.99736583,0.00010121663,0,0.0009215254,727.8840513542713,457.1616741436236,596,77035.74,7.9089847,1239.5568,0.42569405,86069.69,8.734693,0,,,,,727.8840513542713,0.00010740207,457.1616741436236,0.00010795168,-0.0007901991,0.0013676675
0.9954031,0.00010120453,0,0.0009224656,727.8841298421277,457.1634637380689,597,76883.33,7.9031253,1240.728,0.4260464,85900.31,8.733648,0,,,,,727.8841298421277,0.00010768101,457.1634637380689,0.00010819654,-0.0008560296,0.0012005167
0.9950586,0.00010139797,0,0.00092340575,727.8840083537052,457.16357146487195,598,76856.836,7.9020247,1240.2413,0.42544392,85870.58,8.750341,0,,,,,727.8840083537052,0.00010772944,457.16357146487195,0.00010823718,-0.0005909559,0.0014564664
0.99512297,0.00010128611,0,0.0009243459,727.8844243761661,457.1633001782921,599,76861.586,7.902158,1239.5028,0.42544425,85876.13,8.740688,0,,,,,727.8844243761661,0.000107703236,457.1633001782921,0.00010821539,-0.00031015286,0.0011077168
0.996221,0.00010144966,0,0.00092528603,727.8845151900475,457.1629255125531,600,76945.8,7.905413,1238.6965,0.42579094,85970.89,8.754802,0,,,,,727.8845151900475,0.00010757502,457.1629255125531,0.00010810529,-0.0002117108,0.0013418859
0.9995551,0.00010176615,0,0.00092622614,727.8852289320196,457.16030865946186,601,77203.29,7.9164505,1237.5293,0.42559278,86258.62,8.782114,0,,,,,727.8852289320196,0.00010710375,457.16030865946186,0.00010769092,0.00039843586,0.0015462218
1.0003892,0.00010184585,0,0.0009271662,727.8853904608624,457.16012781663517,602,77267.13,7.919075,1239.5925,0.42556366,86330.59,8.788992,0,,,,,727.8853904608624,0.000107014755,457.16012781663517,0.00010760611,0.00054494606,0.0018203774
1.0005208,0.000101889156,0,0.00092810625,727.8855939942252,457.1603070772704,603,77276.36,7.919379,1238.1344,0.42568684,86341.95,8.792729,0,,,,,727.8855939942252,0.00010699601,457.1603070772704,0.00010759095,0.00063132244,0.0019713342
1.00061,0.00010185702,0,0.0009290463,727.8860375590275,457.15999383754985,604,77283.48,7.919587,1237.2885,0.4263316,86349.65,8.789956,0,,,,,727.8860375590275,0.00010698294,457.15999383754985,0.00010757037,0.00092591933,0.0019216901
1.0006778,0.000101905855,0,0.00092998636,727.8858891215473,457.15971189801553,605,77287.76,7.9197326,1238.2493,0.4257511,86355.5,8.79417,0,,,,,727.8858891215473,0.000106955325,457.15971189801553,0.00010755105,0.0009650682,0.0016521264
1.0007908,0.00010188081,0,0.00093092636,727.88598981114,457.15984961269083,606,77296.64,7.920097,1236.4128,0.42615736,86365.26,8.792009,0,,,,,727.88598981114,0.0001069365,457.15984961269083,0.00010755136,0.0010379384,0.002016094
1.0009427,0.000101852944,0,0.00093186635,727.8858707445509,457.1598177859529,607,77307.945,7.9205647,1236.7377,0.42580464,86378.36,8.789604,0,,,,,727.8858707445509,0.00010691993,457.1598177859529,0.00010752765,0.0008427364,0.001906909
1.001801,0.000102079975,0,0.0009328063,727.8858850449659,457.1602022672102,608,77373.9,7.923209,1238.591,0.42550632,86452.43,8.809196,0,,,,,727.8858850449659,0.000106863416,457.1602022672102,0.000107468375,0.00082086615,0.002291105
1.0015292,0.00010193808,0,0.0009337462,727.8858883990454,457.1596597696281,609,77353.24,7.922354,1237.1941,0.42543393,86428.98,8.796951,0,,,,,727.8858883990454,0.00010686632,457.1596597696281,0.00010747283,0.00092540326,0.0018667494
1.0012496,0.000102035185,0,0.00093468616,727.8861764382432,457.15950467006076,610,77332.24,7.9214754,1235.8328,0.42637435,86404.84,8.805331,0,,,,,727.8861764382432,0.00010688458,457.15950467006076,0.0001074865,0.0010462493,0.0018074763
1.0015683,0.000102051854,0,0.00093562604,727.885913686225,457.15981193181153,611,77356.05,7.922453,1237.0432,0.42588496,86432.35,8.806769,0,,,,,727.885913686225,0.000106860825,457.15981193181153,0.000107470994,0.0010389368,0.0022840523
1.0020082,0.00010207001,0,0.0009365659,727.8859193041297,457.15984928495516,612,77389.6,7.9238534,1237.8125,0.4255765,86470.31,8.808336,0,,,,,727.8859193041297,0.00010683118,457.15984928495516,0.00010743949,0.0007702225,0.002226437
1.0017058,0.00010208835,0,0.0009375058,727.8860746790813,457.1600283935471,613,77365.734,7.922801,1235.1057,0.42564434,86444.21,8.809919,0,,,,,727.8860746790813,0.00010685437,457.1600283935471,0.000107467386,0.0008979925,0.0024607168
1.001703,0.00010217254,0,0.0009384456,727.8859697914488,457.160106546803,614,77365.445,7.922848,1235.7118,0.42584738,86443.98,8.817184,0,,,,,727.8859697914488,0.00010685558,457.160106546803,0.000107468324,0.0009943679,0.002442925
1.0017076,0.00010207576,0,0.00093938544,727.8858359560281,457.1601639901787,615,77365.88,7.9228635,1236.8224,0.42659304,86444.37,8.808833,0,,,,,727.8858359560281,0.00010685418,457.1601639901787,0.000107461005,0.0009506901,0.0024619221
1.001746,0.00010215469,0,0.00094032526,727.8862361626466,457.1601671564308,616,77369.92,7.9229007,1234.8496,0.4258373,86447.69,8.815644,0,,,,,727.8862361626466,0.00010685325,457.1601671564308,0.00010746192,0.0011929866,0.0026700331
1.0015233,0.00010218936,0,0.000941265,727.8860504184331,457.160087196897,617,77353.664,7.9223027,1235.8741,0.42604333,86428.46,8.818636,0,,,,,727.8860504184331,0.00010686809,457.160087196897,0.000107478896,0.0011103685,0.0023717175
1.0014704,0.00010217755,0,0.0009422048,727.8861201094325,457.16020212896626,618,77349.69,7.922159,1233.9111,0.42603394,86423.9,8.817617,0,,,,,727.8861201094325,0.00010689356,457.16020212896626,0.000107491374,0.0011059138,0.0025138496
1.001327,0.00010210388,0,0.0009431445,727.8861670940033,457.16040347934404,619,77339.086,7.922081,1242.6066,0.42635763,86411.52,8.811259,0,,,,,727.8861670940033,0.00010692494,457.16040347934404,0.00010752318,0.001216297,0.0026681733
1.0010675,0.00010216155,0,0.00094408426,727.8858026632319,457.16056125019753,620,77317.836,7.9208956,1233.5441,0.42611584,86389.13,8.8162365,0,,,,,727.8858026632319,0.00010694301,457.16056125019753,0.0001075436,0.00087848876,0.0026945476
1.0010862,0.00010213727,0,0.0009450239,727.8863147444372,457.1607151404688,621,77317.96,7.921674,1235.666,0.42558917,86390.74,8.81414,0,,,,,727.8863147444372,0.000106952946,457.1607151404688,0.00010753817,0.0014228664,0.0027518799
1.0009205,0.0001021967,0,0.00094596355,727.8866957688559,457.1603599905523,622,77303.58,7.920244,1234.5752,0.42585987,86376.445,8.819269,0,,,,,727.8866957688559,0.00010695962,457.1603599905523,0.00010755566,0.0016874648,0.0022593117
1.0007302,0.00010211462,0,0.0009469032,727.8864821518916,457.160728138551,623,77287.82,7.9197383,1235.0662,0.4260686,86360.016,8.812186,0,,,,,727.8864821518916,0.00010696947,457.160728138551,0.00010757331,0.0016493419,0.0024325354
1.0007586,0.000102143174,0,0.00094784284,727.8862514486472,457.160853141688,624,77289.695,7.9197745,1233.834,0.42633793,86362.48,8.814651,0,,,,,727.8862514486472,0.000106989,457.160853141688,0.00010757895,0.0016380603,0.0025760927
1.0004874,0.0001021348,0,0.0009487824,727.886708086186,457.16062015530326,625,77268.17,7.9188695,1233.0712,0.42568874,86339.08,8.813928,0,,,,,727.886708086186,0.0001070107,457.16062015530326,0.00010760029,0.0014772596,0.0023617363
1.0005918,0.000102178725,0,0.000949722,727.8867793208758,457.1607007531289,626,77275.33,7.9199734,1233.3425,0.42661515,86348.08,8.8177185,0,,,,,727.8867793208758,0.00010700555,457.1607007531289,0.00010759103,0.001995016,0.00203786
1.0004383,0.00010213207,0,0.0009506616,727.8866904128633,457.1611602645918,627,77262.5,7.9186544,1231.9513,0.4269728,86334.836,8.813692,0,,,,,727.8866904128633,0.00010703282,457.1611602645918,0.00010761126,0.0019221717,0.0026226875
1.0003586,0.00010206796,0,0.00095160113,727.8865399637097,457.16098711318335,628,77254.36,7.9182405,1232.6105,0.4255528,86327.95,8.80816,0,,,,,727.8865399637097,0.000107032625,457.16098711318335,0.00010761879,0.0016336646,0.0023464547
1.0006008,0.00010203396,0,0.00095254066,727.8867618089005,457.1611762988026,629,77271.984,7.918998,1233.9026,0.425732,86348.85,8.805225,0,,,,,727.8867618089005,0.000107024236,457.1611762988026,0.00010760694,0.0019923574,0.0027705894
1.0003392,0.00010206298,0,0.00095348014,727.8867094389666,457.1612384262711,630,77251.266,7.9182067,1232.6005,0.42621613,86326.27,8.80773,0,,,,,727.8867094389666,0.00010703688,457.1612384262711,0.0001076274,0.002005726,0.0027166894
1.0007713,0.00010208898,0,0.0009544196,727.8866228970842,457.1609919256537,631,77285.445,7.9195423,1230.8628,0.4270505,86363.56,8.809974,0,,,,,727.8866228970842,0.00010698786,457.1609919256537,0.000107586086,0.0019072393,0.0026461661
1.0010064,0.0001020555,0,0.000955359,727.8864661456266,457.16110610447083,632,77304.164,7.9206696,1232.992,0.42583558,86383.85,8.807084,0,,,,,727.8864661456266,0.000106980515,457.16110610447083,0.00010756734,0.0015207063,0.0028175216
1.0011742,0.00010197126,0,0.00095629843,727.8862397132327,457.161532235913,633,77317.83,7.9215975,1232.3583,0.42707476,86398.34,8.799814,0,,,,,727.8862397132327,0.00010697935,457.161532235913,0.0001075625,0.0013115958,0.0035488333
1.0008067,0.0001019473,0,0.00095723785,727.886479762233,457.1611317882181,634,77290.336,7.919754,1233.7086,0.4255554,86366.625,8.797747,0,,,,,727.886479762233,0.000106983505,457.1611317882181,0.00010757541,0.0013366695,0.0029335553
1.000928,0.000101847785,0,0.00095817726,727.8865191389892,457.16071221972595,635,77301.33,7.9200726,1232.4218,0.4266445,86377.09,8.789159,0,,,,,727.8865191389892,0.000106967,457.16071221972595,0.00010755525,0.0016924217,0.0030124332
1.0008662,0.00010174413,0,0.0009591166,727.8863806678834,457.1609737476477,636,77295.85,7.920752,1233.181,0.4256891,86371.76,8.780214,0,,,,,727.8863806678834,0.0001069764,457.1609737476477,0.00010757764,0.001688178,0.0029420834
1.0012087,0.00010182275,0,0.0009600559,727.8862833638709,457.1606686289016,637,77322.5,7.921042,1230.4746,0.42612424,86401.31,8.786999,0,,,,,727.8862833638709,0.00010693245,457.1606686289016,0.00010753066,0.0015602125,0.0031867106
1.0013107,0.000102048245,0,0.0009609952,727.8863997964766,457.16058516712474,638,77330.24,7.9213433,1232.0118,0.4259189,86410.12,8.806458,0,,,,,727.8863997964766,0.000106915504,457.16058516712474,0.00010751668,0.0013053452,0.0027149627
1.0014719,0.00010179852,0,0.0009619345,727.8862526875236,457.16043453136643,639,77341.56,7.9216805,1233.735,0.42607784,86424.03,8.784907,0,,,,,727.8862526875236,0.00010688422,457.16043453136643,0.00010749573,0.0013943322,0.0026791045
1.001795,0.000101529135,0,0.00096287375,727.8867169206083,457.16040778536063,640,77366.61,7.923478,1231.1094,0.4258718,86451.914,8.761661,0,,,,,727.8867169206083,0.000106874766,457.16040778536063,0.00010747333,0.0016921398,0.0028767765
1.0014375,0.00010184721,0,0.000963813,727.8870088785194,457.159616419088,641,77339.02,7.9220734,1232.3577,0.4267773,86421.06,8.789109,0,,,,,727.8870088785194,0.000106865824,457.159616419088,0.00010746724,0.001994168,0.0018897502
1.0015455,0.000101530604,0,0.0009647522,727.8867927576355,457.15976408273184,642,77346.336,7.9223113,1231.9176,0.42566895,86430.38,8.761787,0,,,,,727.8867927576355,0.00010686711,457.15976408273184,0.00010747396,0.0018955916,0.0022377954
1.0017387,0.00010163706,0,0.0009656914,727.8868725952866,457.1596360738,643,77361.29,7.922912,1233.3308,0.42670897,86447.05,8.770974,0,,,,,727.8868725952866,0.0001068396,457.1596360738,0.00010744576,0.0020320704,0.002275685
1.0016985,0.00010163738,0,0.0009666305,727.8870299737965,457.159814548177,644,77357.79,7.9231296,1233.1132,0.42548424,86443.586,8.771002,0,,,,,727.8870299737965,0.00010685098,457.159814548177,0.0001074559,0.0019035405,0.0021480285
1.001805,0.00010147919,0,0.0009675697,727.8868683815228,457.1600220397369,645,77366.195,7.923432,1232.1708,0.42600688,86452.766,8.757351,0,,,,,727.8868683815228,0.00010684795,457.1600220397369,0.0001074514,0.0019114191,0.0022343707
1.0015817,0.000101492325,0,0.0009685088,727.8862199827581,457.1601614311332,646,77348.64,7.9219937,1232.7168,0.42499003,86433.5,8.758484,0,,,,,727.8862199827581,0.0001068878,457.1601614311332,0.00010748693,0.0012636877,0.00265419
1.0017009,0.00010119695,0,0.0009694479,727.8862630199283,457.160578331228,647,77357.31,7.922279,1233.5548,0.42535406,86443.79,8.732994,0,,,,,727.8862630199283,0.000106888685,457.160578331228,0.00010748014,0.0013351626,0.002743713
1.0016282,0.00010134509,0,0.00097038696,727.8864626079351,457.1602685008434,648,77351.875,7.9221325,1234.0337,0.42608956,86437.516,8.745778,0,,,,,727.8864626079351,0.000106895306,457.1602685008434,0.000107484,0.0012926463,0.0024649089
1.0013925,0.000101454076,8192,0.000971326,727.8863883790405,457.1601795458088,649,77335.3,7.9222503,1232.1683,0.42594865,86417.17,8.755183,8192,,,,,727.8863883790405,0.00010690839,457.1601795458088,0.000107499436,0.0013407319,0.0021483977
1.0012285,0.0001015437,0,0.000972265,727.8860043335262,457.1606390588052,650,77322.805,7.9209204,1232.2872,0.42593938,86403.02,8.7629175,0,,,,,727.8860043335262,0.000106930456,457.1606390588052,0.00010752117,0.0010638629,0.00257666
1.0012808,0.000101526115,0,0.000973204,727.8859847516445,457.1607495872422,651,77327.484,7.9210634,1231.8796,0.4261596,86407.53,8.7614,0,,,,,727.8859847516445,0.00010693454,457.1607495872422,0.00010752462,0.0010585805,0.0026207364
1.001056,0.000101627134,0,0.000974143,727.8861330671829,457.1609137258179,652,77310.086,7.921228,1229.7704,0.42660373,86388.13,8.770118,0,,,,,727.8861330671829,0.00010696245,457.1609137258179,0.0001075531,0.0011772985,0.002620963
1.0006952,0.000101519996,0,0.00097508193,727.8866287544112,457.160750496066,653,77280.97,7.9193363,1232.7224,0.4259626,86357.01,8.760872,0,,,,,727.8866287544112,0.00010699085,457.160750496066,0.000107590204,0.0016778458,0.0025302176
1.000798,0.00010155182,8192,0.0009760208,727.8862269705928,457.16097703949566,654,77286.695,7.9195304,1231.0422,0.4264549,86365.87,8.763618,8192,,,,,727.8862269705928,0.00010699823,457.16097703949566,0.00010758487,0.0014435608,0.0026656932
0.99994326,0.00010157546,0,0.0009769597,727.8864061162774,457.1609327803642,655,77219.125,7.9169693,1233.3269,0.42542878,86292.11,8.765658,0,,,,,727.8864061162774,0.00010707915,457.1609327803642,0.00010767173,0.0015753258,0.0022481305
0.99690884,0.000101427046,8192,0.0009778986,727.8859514150828,457.16400673982355,656,76984.14,7.906607,1232.3145,0.42632586,86030.25,8.752851,8192,,,,,727.8859514150828,0.00010753088,457.16400673982355,0.0001080572,0.0017031856,0.0023815518
0.9956866,0.000101335994,0,0.0009788374,727.8863749026896,457.16467922730476,657,76888.44,7.9027863,1232.7878,0.4259326,85924.77,8.744993,0,,,,,727.8863749026896,0.00010766684,457.16467922730476,0.00010818926,0.0018426048,0.002415354
0.9956261,0.00010135571,0,0.0009797763,727.8860012044915,457.16462044818627,658,76884.56,7.9026423,1231.6921,0.42615712,85919.555,8.746695,0,,,,,727.8860012044915,0.000107678,457.16462044818627,0.00010818711,0.0016206135,0.0021493577
0.9956177,0.00010116227,0,0.000980715,727.8860738376827,457.16381072776323,659,76884.81,7.9026947,1230.9053,0.4258154,85918.83,8.730001,0,,,,,727.8860738376827,0.00010765039,457.16381072776323,0.00010816873,0.0018174644,0.0017428532
0.9977167,0.00010146351,0,0.0009816538,727.8865308763776,457.16221067200956,660,77048.73,7.91013,1232.5983,0.42595962,86099.97,8.755998,0,,,,,727.8865308763776,0.00010735391,457.16221067200956,0.00010790889,0.0021155237,0.00195276
1.0002981,0.000101667625,0,0.0009825926,727.8866035574005,457.1601362196391,661,77249.46,7.918038,1230.5543,0.4266763,86322.734,8.773612,0,,,,,727.8866035574005,0.00010704157,457.1601362196391,0.000107627115,0.0017685251,0.0017287541
1.0005426,0.000101521015,0,0.0009835312,727.8866733277032,457.16004956840413,662,77268.85,7.918858,1230.1362,0.42584535,86343.836,8.76096,0,,,,,727.8866733277032,0.00010698953,457.16004956840413,0.00010757544,0.0017469542,0.0017186467
1.0005696,0.00010165159,0,0.0009844699,727.8864333953605,457.16027627984266,663,77270.945,7.9188848,1231.303,0.42646733,86346.164,8.772228,0,,,,,727.8864333953605,0.000106974425,457.16027627984266,0.00010757569,0.0016969044,0.002011311
1.0008559,0.00010187176,0,0.0009854086,727.8860793384126,457.16016864953417,664,77292.84,7.9196577,1229.2325,0.42591214,86370.875,8.791228,0,,,,,727.8860793384126,0.00010695919,457.16016864953417,0.000107542444,0.0011343919,0.0021856476
1.0007609,0.00010174168,0,0.0009863472,727.8864480289045,457.15990788782307,665,77283.47,7.919419,1229.7992,0.426446,86362.67,8.780003,0,,,,,727.8864480289045,0.00010695432,457.15990788782307,0.00010756184,0.0014858221,0.0019675256
1.0011563,0.00010173758,0,0.0009872859,727.8866511665159,457.1601907957546,666,77312.59,7.9204793,1229.8168,0.42616713,86396.8,8.779649,0,,,,,727.8866511665159,0.00010691485,457.1601907957546,0.000107519096,0.0015016225,0.0022143482
1.0012454,0.000101735735,0,0.0009882244,727.8862758129036,457.1598682701062,667,77318.83,7.9207735,1230.6852,0.42646235,86404.484,8.7794895,0,,,,,727.8862758129036,0.000106901716,457.1598682701062,0.00010750208,0.0013608462,0.0021269433
1.0014166,0.00010165842,0,0.000989163,727.886371782847,457.15985795816175,668,77331.87,7.9211726,1229.4973,0.42635384,86419.25,8.772818,0,,,,,727.886371782847,0.00010687654,457.15985795816175,0.000107470856,0.0013216612,0.0019262542
1.0017402,0.000101822494,0,0.0009901015,727.8862585437828,457.1596979443118,669,77357.28,7.9221134,1229.8152,0.42563662,86447.19,8.786977,0,,,,,727.8862585437828,0.0001068485,457.1596979443118,0.00010746408,0.0012258131,0.0021645
1.0016383,0.00010164129,0,0.00099104,727.8862908783882,457.15970224667706,670,77349.375,7.9218698,1230.6625,0.4262274,86438.38,8.771339,0,,,,,727.8862908783882,0.00010685158,457.15970224667706,0.00010746742,0.0011176675,0.0019383498
1.0015137,0.00010143124,0,0.0009919784,727.8857002953823,457.15909659359426,671,77339.79,7.9214826,1230.3752,0.42535627,86427.63,8.753212,0,,,,,727.8857002953823,0.00010685786,457.15909659359426,0.000107463144,0.0006941441,0.0015271512
1.001584,0.000101285026,0,0.0009929169,727.8854949591057,457.15895078940815,672,77345.57,7.9216948,1228.5818,0.42598328,86433.7,8.740595,0,,,,,727.8854949591057,0.00010684881,457.15895078940815,0.0001074554,0.00041490194,0.0013609412
1.0010551,0.00010100904,0,0.0009938553,727.8853695952394,457.1583604884883,673,77304.66,7.920161,1229.1561,0.42596206,86388.06,8.716778,0,,,,,727.8853695952394,0.00010688151,457.1583604884883,0.00010750007,0.0003317227,0.0010222537
1.0013,0.00010100272,0,0.0009947937,727.8853123028531,457.1582401601943,674,77323.83,7.9208236,1227.1735,0.42587936,86409.19,8.716232,0,,,,,727.8853123028531,0.00010685089,457.1582401601943,0.00010746586,0.00031956655,0.0006847315
1.0014126,0.000101238315,0,0.000995732,727.8853502618006,457.1587135651464,675,77332.695,7.921172,1228.3623,0.42568365,86418.914,8.736564,0,,,,,727.8853502618006,0.00010686324,457.1587135651464,0.00010746532,0.00014144377,0.0013300347
1.0013783,0.00010107363,0,0.0009966705,727.885059319846,457.1588538987023,676,77329.86,7.921131,1230.063,0.4256864,86415.95,8.722352,0,,,,,727.885059319846,0.00010686775,457.1588538987023,0.000107474705,-0.00019299562,0.0009933797
1.001566,0.00010154102,0,0.0009976088,727.8852911852789,457.15890388654856,677,77344.664,7.921667,1229.4331,0.4255941,86432.16,8.762687,0,,,,,727.8852911852789,0.00010685508,457.15890388654856,0.00010745803,0.00011088996,0.0012320634
1.0010293,0.000101419406,0,0.000998547,727.8851208355021,457.1591516870114,678,77303.41,7.920093,1229.4225,0.42559683,86385.83,8.752192,0,,,,,727.8851208355021,0.00010689916,457.1591516870114,0.000107510954,0.00028348409,0.0012834788
1.0011041,0.00010160721,0,0.0009994853,727.8861339820762,457.15914871541014,679,77309.84,7.9202466,1227.6058,0.4257943,86392.29,8.768398,0,,,,,727.8861339820762,0.00010688424,457.15914871541014,0.00010748349,0.0010231421,0.0009862664
1.0011438,0.00010128236,0,0.0010004235,727.8858298599612,457.1591967860414,680,77312.664,7.920434,1226.4033,0.42606995,86395.71,8.740365,0,,,,,727.8858298599612,0.00010690518,457.1591967860414,0.00010749284,0.0006065211,0.001288738
1.000674,0.0001011857,8192,0.0010013616,727.8854822314418,457.1594781939712,681,77276.2,7.918997,1226.6947,0.42562124,86355.17,8.732023,8192,,,,,727.8854822314418,0.00010695774,457.1594781939712,0.00010755216,0.00043400095,0.0014500871
1.0008323,0.000101285965,0,0.0010022998,727.8858424839209,457.15961748880227,682,77288.5,7.919383,1228.5156,0.42505765,86368.836,8.740676,0,,,,,727.8858424839209,0.00010693886,457.15961748880227,0.000107534164,0.00071900047,0.001477616
1.0006073,0.00010140533,0,0.001003238,727.8862898831227,457.159610600349,683,77270.92,7.9187512,1227.0801,0.4256654,86349.414,8.750977,0,,,,,727.8862898831227,0.000106960855,457.159610600349,0.00010756043,0.0012479813,0.001324129
1.0003753,0.00010121476,0,0.0010041761,727.8861138919723,457.15945048073405,684,77253.26,7.917986,1226.7178,0.4252955,86329.39,8.734531,0,,,,,727.8861138919723,0.00010698103,457.15945048073405,0.00010757599,0.0012024783,0.0010514301
1.0003095,0.000101385645,0,0.0010051142,727.8861671092425,457.1598760613936,685,77248.195,7.917753,1228.2242,0.4252392,86323.71,8.749278,0,,,,,727.8861671092425,0.000107116255,457.1598760613936,0.00010774759,0.0013334458,0.0013436
1.0000874,0.00010135026,0,0.0010060522,727.8864256895865,457.1601235050962,686,77230.97,7.917115,1227.0424,0.425795,86304.55,8.746224,0,,,,,727.8864256895865,0.00010701839,457.1601235050962,0.000107621476,0.0017002131,0.0014287293
1.000184,0.00010157461,0,0.0010069902,727.8865269887723,457.160104829981,687,77238.54,7.917341,1226.9036,0.42526776,86312.89,8.765585,0,,,,,727.8865269887723,0.00010700644,457.160104829981,0.00010759981,0.0017592405,0.0014832582
1.0002391,0.00010163063,0,0.0010079283,727.8865253636718,457.16033147076513,688,77242.67,7.917474,1224.2855,0.42593467,86317.64,8.770419,0,,,,,727.8865253636718,0.00010700347,457.16033147076513,0.000107602806,0.0017772148,0.001590301
1.0000899,0.00010136166,0,0.0010088662,727.8868571613887,457.15996274387896,689,77230.6,7.916963,1224.8801,0.4259793,86304.766,8.747208,0,,,,,727.8868571613887,0.00010699959,457.15996274387896,0.00010760988,0.0020494587,0.0014066934
1.0002638,0.00010140751,0,0.0010098042,727.8873266642955,457.15932136213917,690,77244.555,7.917529,1226.7112,0.42582673,86319.77,8.751164,0,,,,,727.8873266642955,0.00010697862,457.15932136213917,0.00010757257,0.0025118126,0.0011037369
1.0002776,0.00010124115,0,0.001010742,727.887158534679,457.1597663374909,691,77243.7,7.917449,1227.2191,0.42575288,86320.97,8.736809,0,,,,,727.887158534679,0.000106987885,457.1597663374909,0.000107567656,0.002218261,0.0012583265
1.0005018,0.000101331476,0,0.00101168,727.8863180246794,457.1599754551394,692,77260.13,7.918227,1224.7893,0.42669886,86340.31,8.744603,0,,,,,727.8863180246794,0.0001069675,457.1599754551394,0.00010756713,0.0015172774,0.0016712667
1.0006117,0.000101364254,0,0.0010126178,727.8864554177309,457.1596614690905,693,77268.27,7.918546,1225.6383,0.425969,86349.8,8.747432,0,,,,,727.8864554177309,0.000106938154,457.1596614690905,0.000107553686,0.0015277948,0.0014751151
1.0007626,0.00010129561,0,0.0010135557,727.8866723361773,457.15954005205765,694,77279.72,7.9188905,1225.2565,0.42672053,86362.81,8.7415085,0,,,,,727.8866723361773,0.000106922664,457.15954005205765,0.00010753967,0.0016284959,0.0013168777
1.0006037,0.000101293284,0,0.0010144934,727.8869841608206,457.1594355094146,695,77266.31,7.918353,1224.8335,0.42592508,86349.1,8.741307,0,,,,,727.8869841608206,0.000106930886,457.1594355094146,0.000107540276,0.0019544135,0.0011639671
1.0008863,0.000101607235,0,0.0010154312,727.8870797600058,457.15918963013706,696,77288.36,7.9201465,1225.0918,0.42619413,86373.49,8.7684,0,,,,,727.8870797600058,0.00010691123,457.15918963013706,0.00010752433,0.0022907795,0.0012144189
1.000828,0.000101515485,0,0.001016369,727.8872439352621,457.15893800656835,697,77284.23,7.9190307,1224.9751,0.42648256,86368.46,8.760483,0,,,,,727.8872439352621,0.00010687371,457.15893800656835,0.000107510656,0.0022823992,0.00083932275
1.0009772,0.00010164656,0,0.0010173067,727.887011111181,457.15856222748573,698,77295.836,7.91954,1225.8535,0.42576814,86381.336,8.771794,0,,,,,727.887011111181,0.00010687468,457.15856222748573,0.00010749625,0.0022943933,0.0008682089
1.0011581,0.00010173399,0,0.0010182443,727.8871073773302,457.15880071816275,699,77310.53,7.920143,1224.4425,0.42603314,86396.945,8.779339,0,,,,,727.8871073773302,0.000106850894,457.15880071816275,0.000107476844,0.0020529411,0.0007175209
1.0009161,0.00010187867,0,0.001019182,727.8873388630036,457.1585944336356,700,77292.445,7.9198647,1226.2399,0.42603683,86376.07,8.791824,0,,,,,727.8873388630036,0.00010685929,457.1585944336356,0.00010749544,0.0023216663,0.0006999798
1.0012258,0.00010193017,0,0.0010201196,727.8869909662149,457.15879677380144,701,77317.52,7.920385,1224.7498,0.4258109,86402.79,8.796268,0,,,,,727.8869909662149,0.00010683598,457.15879677380144,0.00010747819,0.0018791102,0.0010775413
1.00125,0.00010195037,0,0.0010210571,727.8864392139346,457.15885507880216,702,77320.23,7.92048,1224.813,0.42583674,86404.88,8.798012,0,,,,,727.8864392139346,0.00010682963,457.15885507880216,0.00010747811,0.0016205024,0.0010737098
1.0012014,0.00010221374,8192,0.0010229322,727.8869419754011,457.15906855046865,704,77316.03,7.92112,1223.5582,0.42592463,86400.68,8.82074,8192,,,,,727.8869419754011,0.000106850646,457.15906855046865,0.000107482825,0.0018842767,0.0013761128
1.0012157,0.00010220704,0,0.0010238697,727.8864257323031,457.15896578851846,705,77317.06,7.9203796,1223.4872,0.42610702,86401.914,8.820162,0,,,,,727.8864257323031,0.00010684263,457.15896578851846,0.00010749,0.0017077725,0.0011049749
1.0009706,0.00010213458,8192,0.0010248072,727.8872177362845,457.1591670006487,706,77298.67,7.919772,1224.6361,0.4262203,86380.766,8.813909,8192,,,,,727.8872177362845,0.00010689358,457.1591670006487,0.00010749895,0.0020235872,0.0014057917
1.0006937,0.00010217397,0,0.0010257447,727.8870817166699,457.15914317194336,707,77278.125,7.919236,1225.0585,0.4262819,86356.875,8.817308,0,,,,,727.8870817166699,0.00010689269,457.15914317194336,0.00010752699,0.00197114,0.0010166963
1.0005625,0.00010208771,0,0.0010266821,727.8869100773325,457.1587817760645,708,77269.47,7.918514,1224.7605,0.42605424,86345.555,8.809864,0,,,,,727.8869100773325,0.00010688658,457.1587817760645,0.00010753417,0.0021189007,0.0007118879
1.0008736,0.00010208952,0,0.0010276195,727.8870940232143,457.158827467826,709,77294.07,7.9193616,1222.5696,0.425923,86372.39,8.81002,0,,,,,727.8870940232143,0.00010688165,457.158827467826,0.00010749828,0.0021858194,0.00089065457
1.0004352,0.00010203798,0,0.0010285568,727.886810575316,457.15924530433597,710,77260.07,7.9181113,1224.3038,0.42630675,86334.56,8.8055725,0,,,,,727.886810575316,0.000106911495,457.15924530433597,0.0001075302,0.0021084158,0.0008494676
1.0004536,0.00010216557,0,0.0010294941,727.8869206701304,457.15953539799864,711,77261.97,7.918646,1223.1136,0.42681655,86336.16,8.816583,0,,,,,727.8869206701304,0.00010693378,457.15953539799864,0.00010756313,0.0020999906,0.0011119568
1.0003401,0.00010215762,0,0.0010304314,727.8870409843835,457.15959262112307,712,77253.625,7.9186172,1223.7141,0.42586195,86326.36,8.815897,0,,,,,727.8870409843835,0.00010694216,457.15959262112307,0.000107567816,0.002117042,0.0010330564
0.9998897,0.00010213554,0,0.0010313686,727.8867352720841,457.15965255544336,713,77218.33,7.916891,1224.5171,0.42594913,86287.484,8.813992,0,,,,,727.8867352720841,0.00010697878,457.15965255544336,0.000107606116,0.0019879406,0.0009826331
1.000413,0.0001022019,0,0.0010323059,727.8862605803645,457.16000829332455,714,77258.445,7.9180584,1224.1829,0.4257129,86332.64,8.819718,0,,,,,727.8862605803645,0.00010696461,457.16000829332455,0.000107571104,0.0015483238,0.001651474
0.9983183,0.00010204372,0,0.001033243,727.8863784117399,457.16145010660995,715,77095.53,7.9115543,1223.0363,0.4257266,86151.88,8.806067,0,,,,,727.8863784117399,0.0001072364,457.16145010660995,0.000107817796,0.0017422611,0.0010127146
0.9955578,0.000101990605,0,0.0010341802,727.8859399040477,457.16322947799796,716,76879.984,7.902146,1224.6309,0.42623678,85913.66,8.801484,0,,,,,727.8859399040477,0.00010760874,457.16322947799796,0.00010815127,0.0015047713,0.0012515349
0.9952827,0.000101816135,0,0.0010351173,727.8858631617242,457.1640382647872,717,76857.26,7.901329,1224.344,0.4260782,85889.92,8.7864275,0,,,,,727.8858631617242,0.0001076529,457.1640382647872,0.0001081944,0.0013139109,0.001495895
0.9952528,0.00010176777,0,0.0010360543,727.886662945455,457.1639480788255,718,76853.91,7.9010367,1223.2506,0.42568436,85887.336,8.782254,0,,,,,727.886662945455,0.00010765236,457.1639480788255,0.00010818742,0.0018911345,0.0014321945
0.99619293,0.00010184104,0,0.0010369915,727.8861656653891,457.1632267353648,719,76926.75,7.9039497,1224.4319,0.42601997,85968.47,8.788577,0,,,,,727.8861656653891,0.00010754455,457.1632267353648,0.00010810223,0.0016826479,0.0014749228
0.9993767,0.00010193326,0,0.0010379285,727.8863890661801,457.1602955904218,720,77173.46,7.914604,1222.4358,0.4260367,86243.22,8.7965355,0,,,,,727.8863890661801,0.00010708471,457.1602955904218,0.0001076872,0.001764859,0.0010991049
1.0001689,0.00010204323,0,0.0010388654,727.8866726533493,457.15912122049144,721,77235.7,7.9170465,1223.2036,0.42548707,86311.586,8.8060255,0,,,,,727.8866726533493,0.00010694615,457.15912122049144,0.000107586784,0.0017435002,0.00070269767
1.0004483,0.00010208917,0,0.0010398024,727.8864438167575,457.1596254826621,722,77257.42,7.9179306,1222.892,0.42622146,86335.695,8.80999,0,,,,,727.8864438167575,0.00010694126,457.1596254826621,0.00010756572,0.001549868,0.0012564502
1.0003422,0.00010193326,0,0.0010407394,727.8866402067445,457.1592418009342,723,77249.766,7.917624,1221.4175,0.426553,86326.55,8.7965355,0,,,,,727.8866402067445,0.00010692847,457.1592418009342,0.00010755495,0.0017229908,0.00093750795
1.0006125,0.00010194253,0,0.0010416763,727.8866592014888,457.15985286561516,724,77270.45,7.9193125,1222.8568,0.42638516,86349.86,8.797336,0,,,,,727.8866592014888,0.00010693472,457.15985286561516,0.00010755558,0.0016298547,0.0015738048
1.000696,0.00010194973,0,0.0010426131,727.8864718193539,457.15923295386426,725,77277.375,7.9187484,1222.4681,0.425973,86357.07,8.797956,0,,,,,727.8864718193539,0.000106901345,457.15923295386426,0.00010753584,0.001448184,0.0012092257
1.0007535,0.00010178864,0,0.00104355,727.8862812744617,457.1588414078501,726,77282.15,7.9190016,1222.5078,0.4266372,86362.03,8.784055,0,,,,,727.8862812744617,0.0001068707,457.1588414078501,0.0001075306,0.001343707,0.00075538835
1.0008975,0.00010195574,0,0.0010444868,727.8867031672819,457.15889684977697,727,77293.375,7.91931,1222.615,0.42551956,86374.46,8.798475,0,,,,,727.8867031672819,0.00010685528,457.15889684977697,0.00010751605,0.0017772869,0.0012100792
1.0008217,0.00010181487,0,0.0010454236,727.8866214932777,457.1587439622236,728,77287.34,7.9199977,1221.9943,0.42601973,86367.914,8.786319,0,,,,,727.8866214932777,0.00010685528,457.1587439622236,0.00010751999,0.0017767941,0.0008715791
1.0010674,0.00010186436,0,0.0010463602,727.8869476443195,457.1588359177961,729,77306.33,7.9203587,1222.9578,0.4255882,86389.125,8.790589,0,,,,,727.8869476443195,0.000106828804,457.1588359177961,0.00010749973,0.001955682,0.0011644114
1.0010595,0.00010176366,0,0.0010472969,727.8867751283422,457.1584926639185,730,77306.664,7.9207354,1221.4227,0.4261492,86388.44,8.781899,0,,,,,727.8867751283422,0.00010682049,457.1584926639185,0.0001074816,0.0016801351,0.00059195154
1.001024,0.00010161167,0,0.0010482336,727.8862903042049,457.1583040694638,731,77304.414,7.9198923,1222.4507,0.4259269,86385.375,8.768784,0,,,,,727.8862903042049,0.00010681298,457.1583040694638,0.00010748503,0.001183448,0.0004907413
1.0012676,0.0001015419,0,0.0010491703,727.8862949314166,457.15815419115347,732,77322.98,7.920528,1222.4548,0.4255369,86406.39,8.762762,0,,,,,727.8862949314166,0.000106798114,457.15815419115347,0.00010745592,0.0011019554,0.00068129104
1.0013629,0.000101420956,0,0.0010501068,727.8862041816349,457.15828255991374,733,77331.19,7.9208217,1222.529,0.42580643,86414.625,8.752325,0,,,,,727.8862041816349,0.00010678701,457.15828255991374,0.00010745744,0.0012214076,0.0008105781
1.0013173,0.00010159206,0,0.0010510434,727.8861729249998,457.1583793564418,734,77327.484,7.9207387,1223.3811,0.42580062,86410.69,8.767091,0,,,,,727.8861729249998,0.00010679177,457.1583793564418,0.000107469066,0.0012851761,0.0007028778
1.0014384,0.00010158261,0,0.00105198,727.8864410996816,457.15841563709455,735,77337.3,7.9211044,1220.6342,0.42572427,86421.13,8.766275,0,,,,,727.8864410996816,0.00010678496,457.15841563709455,0.000107451255,0.0014735333,0.00065339287
1.0011024,0.0001013816,0,0.0010529164,727.8864543921152,457.1582892163857,736,77311.6,7.920071,1222.4952,0.42672762,86392.14,8.748929,0,,,,,727.8864543921152,0.00010680604,457.1582892163857,0.00010747129,0.001239349,0.0005609216
1.0009012,0.0001014975,0,0.001053853,727.8862048958587,457.1584186562873,737,77295.48,7.9194922,1221.0006,0.4259634,86374.78,8.75893,0,,,,,727.8862048958587,0.000106844425,457.1584186562873,0.00010749704,0.0011342488,0.00040724457
1.0009949,0.00010159093,0,0.0010547893,727.886073027215,457.15875851402416,738,77302.96,7.919734,1221.2446,0.42639107,86382.87,8.7669935,0,,,,,727.886073027215,0.00010684972,457.15875851402416,0.00010751192,0.000921189,0.00095003366
1.0008914,0.00010155395,0,0.0010557257,727.8859583183058,457.1593515789146,739,77294.24,7.919422,1221.4171,0.42664516,86373.94,8.763803,0,,,,,727.8859583183058,0.00010687122,457.1593515789146,0.000107512846,0.0007905729,0.0010165954
1.0007646,0.0001016954,0,0.0010566621,727.8858392434607,457.1592188597873,740,77284.055,7.919038,1222.7991,0.4262502,86362.99,8.776009,0,,,,,727.8858392434607,0.000106889216,457.1592188597873,0.00010752621,0.0005988474,0.0011236353
1.0007037,0.00010173026,0,0.0010575984,727.8856392251857,457.15938484206316,741,77279.06,7.9188085,1222.2506,0.42555776,86357.734,8.7790165,0,,,,,727.8856392251857,0.00010690731,457.15938484206316,0.00010753262,0.00063804735,0.00106755
1.0005541,0.00010173465,0,0.0010585347,727.8860127239107,457.1593489283228,742,77267.375,7.918284,1222.4316,0.42590058,86344.82,8.779396,0,,,,,727.8860127239107,0.000106914114,457.1593489283228,0.00010754273,0.0011399852,0.0009644922
1.0005293,0.0001018811,0,0.0010594709,727.8854917921985,457.1593461603425,743,77265.2,7.9182477,1221.4209,0.42605805,86342.68,8.792034,0,,,,,727.8854917921985,0.00010692422,457.1593461603425,0.00010755687,0.0007509083,0.0009870569
1.0000774,0.00010171985,0,0.0010604073,727.8861189294895,457.15916557093743,744,77230.98,7.916883,1222.5488,0.4258893,86303.68,8.778119,0,,,,,727.8861189294895,0.00010695351,457.15916557093743,0.00010757729,0.0010274727,0.00057318044
1.0003538,0.00010173694,0,0.0010613434,727.8857942827348,457.15934059145303,745,77252.54,7.9177966,1221.9235,0.42598552,86327.54,8.779593,0,,,,,727.8857942827348,0.00010694938,457.15934059145303,0.000107577354,0.00065267837,0.00069534814
1.0002173,0.000101687074,0,0.0010622796,727.8857827459535,457.15952136980536,746,77242.63,7.9183016,1222.0404,0.42565992,86315.76,8.7752905,0,,,,,727.8857827459535,0.00010696446,457.15952136980536,0.00010759642,0.00096087967,0.0008923841
0.999899,0.00010146917,0,0.0010632157,727.8858914065706,457.15918492079,747,77218.484,7.9163837,1221.4916,0.42653626,86288.3,8.756486,0,,,,,727.8858914065706,0.000106986816,457.15918492079,0.00010759273,0.0008607877,0.00053310517
1.0001957,0.00010175403,0,0.0010641518,727.885788073749,457.15973831374896,748,77240.79,7.9172707,1220.6743,0.42630494,86313.9,8.781068,0,,,,,727.885788073749,0.000106961015,457.15973831374896,0.00010758958,0.001064209,0.0011147669
0.99999756,0.000101682184,0,0.0010650879,727.8862575232773,457.159323654224,749,77226.016,7.9165883,1220.5093,0.42470264,86296.8,8.774868,0,,,,,727.8862575232773,0.00010696244,457.159323654224,0.00010759302,0.0013023162,0.0008220842
1.0001937,0.000101681515,0,0.0010660238,727.8864533368278,457.15866796372364,750,77241.0,7.9173336,1223.0018,0.42559078,86313.73,8.774811,0,,,,,727.8864533368278,0.000106929765,457.15866796372364,0.00010755826,0.0015005182,0.00020384708
1.0001048,0.0001017918,0,0.0010669598,727.8862865647205,457.15878736739575,751,77233.875,7.916981,1224.2786,0.42559648,86306.055,8.7843275,0,,,,,727.8862865647205,0.00010693318,457.15878736739575,0.00010757616,0.0012028906,0.00032215117
1.0002737,0.000101773454,0,0.0010678958,727.8863439942023,457.15857547803427,752,77245.984,7.9174914,1223.0385,0.42614943,86320.63,8.782744,0,,,,,727.8863439942023,0.000106909814,457.15857547803427,0.00010756856,0.0013906992,9.832214e-05
1.0005261,0.00010201137,0,0.0010688317,727.8856793012727,457.15878325244734,753,77264.28,7.918233,1222.1643,0.42608252,86342.41,8.803276,0,,,,,727.8856793012727,0.00010690886,457.15878325244734,0.00010755593,0.0007299427,0.00063271285
1.0006241,0.000102006794,0,0.0010697675,727.8852405119335,457.1590484219983,754,77271.38,7.918597,1222.2465,0.42561185,86350.86,8.802881,0,,,,,727.8852405119335,0.00010689693,457.1590484219983,0.000107543616,0.00016728068,0.00069315144
1.0005947,0.00010205188,0,0.0010707034,727.8853318605755,457.1584543641193,755,77269.21,7.918491,1222.4763,0.42606637,86348.336,8.806772,0,,,,,727.8853318605755,0.000106890206,457.1584543641193,0.000107554086,0.00010434638,0.0002934764
1.0006279,0.00010192988,0,0.0010716391,727.8851079902247,457.15801724366474,756,77272.18,7.9185004,1222.4028,0.42588508,86351.19,8.796244,0,,,,,727.8851079902247,0.0001068694,457.15801724366474,0.00010752662,-0.00014706809,-1.7772165e-05
1.0007656,0.00010202643,0,0.001072575,727.8850039883238,457.1576715402591,757,77282.55,7.9189525,1221.666,0.42611936,86363.08,8.804576,0,,,,,727.8850039883238,0.00010684671,457.1576715402591,0.000107516506,-0.00026485784,-0.00045415259
1.0008706,0.0001020779,0,0.0010735107,727.8849765837743,457.15744139780827,758,77291.8,7.919253,1221.7493,0.425636,86372.13,8.809017,0,,,,,727.8849765837743,0.00010682667,457.15744139780827,0.00010749757,-0.00021933597,-0.00049794937
1.0007758,0.00010206669,0,0.0010744464,727.8850688923935,457.15741369369573,759,77284.625,7.918978,1222.1309,0.4256798,86363.95,8.80805,0,,,,,727.8850688923935,0.000106840795,457.15741369369573,0.00010750277,-0.00013800856,-0.00032900163
1.0011394,0.00010208796,0,0.001075382,727.8848162870045,457.15772937517727,760,77312.47,7.920187,1222.0712,0.42590764,86395.336,8.809885,0,,,,,727.8848162870045,0.00010681408,457.15772937517727,0.00010747894,-0.00033418802,-7.931755e-05
1.0007186,0.000101982274,0,0.0010763176,727.8849258608963,457.1575449653609,761,77279.69,7.9188595,1222.7261,0.42556658,86359.02,8.800765,0,,,,,727.8849258608963,0.000106848456,457.1575449653609,0.00010750611,-0.00022397097,-0.00019092698
1.001,0.00010196841,0,0.0010772533,727.8849133034436,457.15780848134,762,77301.15,7.919638,1220.259,0.42642376,86383.305,8.799569,0,,,,,727.8849133034436,0.00010681821,457.15780848134,0.000107491214,-0.0002233096,-8.0404544e-07
1.0008706,0.000101879596,0,0.0010781888,727.8850194616141,457.15737036359496,763,77291.5,7.919377,1221.7102,0.42619944,86372.13,8.791904,0,,,,,727.8850194616141,0.000106824096,457.15737036359496,0.00010749268,-4.4683828e-05,-0.00025818715
1.0008638,0.000102087244,0,0.0010791243,727.8853030319507,457.1574192710455,764,77291.13,7.919238,1221.2748,0.4263086,86371.55,8.809824,0,,,,,727.8853030319507,0.000106814354,457.1574192710455,0.00010748839,0.00018382196,-0.00032921572
1.0007603,0.000102062746,0,0.0010800598,727.8854973937255,457.15781238181575,765,77282.85,7.9189277,1220.5088,0.42602846,86362.625,8.80771,0,,,,,727.8854973937255,0.00010683892,457.15781238181575,0.000107499734,0.00034620304,-0.00022044269
1.0007612,0.00010208819,0,0.0010809952,727.8853420419349,457.1576522019275,766,77282.66,7.918832,1221.7592,0.4261035,86362.695,8.809905,0,,,,,727.8853420419349,0.0001068455,457.1576522019275,0.00010750002,0.00012982427,-0.00019656002
1.0004745,0.00010211471,0,0.0010819306,727.8853862941938,457.15812432274896,767,77260.24,7.917981,1222.7555,0.4258848,86337.95,8.812194,0,,,,,727.8853862941938,0.000106883315,457.15812432274896,0.000107539774,0.00031119172,0.00010387854
1.0004514,0.00010215704,0,0.001082866,727.885574621764,457.15842919186673,768,77258.03,7.917999,1222.0511,0.4254892,86335.97,8.815847,0,,,,,727.885574621764,0.00010688131,457.15842919186673,0.00010755405,0.00040732953,0.0004054308
1.0006342,0.0001020614,0,0.0010838013,727.8856483383599,457.1586964928152,769,77271.68,7.9184165,1220.9393,0.4254307,86351.734,8.807593,0,,,,,727.8856483383599,0.00010689141,457.1586964928152,0.00010753737,0.00063105987,0.0006628038
1.0004206,0.000102048725,0,0.0010847365,727.8854135851561,457.1588052436269,770,77255.12,7.9178095,1222.0803,0.42510524,86333.3,8.8064995,0,,,,,727.8854135851561,0.00010690499,457.1588052436269,0.000107559135,0.00042494785,0.00051249174
1.000326,0.00010207312,0,0.0010856718,727.8860647166821,457.158723467158,771,77249.4,7.9175677,1220.0902,0.42600796,86325.15,8.808605,0,,,,,727.8860647166821,0.00010691849,457.158723467158,0.00010757121,0.0011122945,0.00047765995
1.0000044,0.00010207263,0,0.0010866071,727.8859341537652,457.1590540097394,772,77224.945,7.9166512,1221.2052,0.4263355,86297.39,8.808562,0,,,,,727.8859341537652,0.00010694943,457.1590540097394,0.00010759737,0.0006348002,0.0005256557
0.9998136,0.00010204649,0,0.0010875423,727.8858340041014,457.1590216045385,773,77209.695,7.916021,1223.0282,0.42531437,86280.92,8.806307,0,,,,,727.8858340041014,0.00010697717,457.1590216045385,0.00010760994,0.00074017025,0.00042670695
0.99945384,0.00010193754,0,0.0010884774,727.8853664105145,457.1592012504043,774,77181.47,7.9151406,1223.5715,0.42589,86249.875,8.796905,0,,,,,727.8853664105145,0.0001070199,457.1592012504043,0.00010766442,0.000449484,0.00054684054
0.99633807,0.00010189906,0,0.0010894125,727.885489597401,457.16189704664345,775,76939.875,7.9046407,1222.6185,0.42603934,85980.99,8.793584,0,,,,,727.885489597401,0.00010745757,457.16189704664345,0.000108042506,0.00065604196,0.00036627875
0.99509174,0.00010178817,0,0.0010903475,727.885007618623,457.16262312955394,776,76843.66,7.900713,1224.052,0.4256889,85873.44,8.784015,0,,,,,727.885007618623,0.00010762397,457.16262312955394,0.00010818139,0.00053922064,0.00036325096
0.9947179,0.00010172968,0,0.0010912826,727.8853678937517,457.1627606963523,777,76815.04,7.8996124,1223.058,0.42590436,85841.18,8.778967,0,,,,,727.8853678937517,0.00010766242,457.1627606963523,0.0001082297,0.0008431338,0.00032974617
0.99539554,0.00010182294,0,0.0010922176,727.8853695608976,457.16278333903267,778,76867.53,7.901614,1221.6877,0.42544693,85899.66,8.787015,0,,,,,727.8853695608976,0.000107588276,457.16278333903267,0.00010816262,0.0008930377,0.0005942708
0.99684685,0.00010184696,0,0.0010931526,727.8854396829267,457.1613931497325,779,76979.94,7.9059725,1221.6406,0.42597416,86024.9,8.789088,0,,,,,727.8854396829267,0.00010736857,457.1613931497325,0.00010796935,0.0007481125,0.00053172885
1.0000348,0.000102008235,0,0.0010940875,727.8857393306666,457.1590227196514,780,77226.37,7.9166803,1220.0181,0.42616934,86300.016,8.803005,0,,,,,727.8857393306666,0.000106954176,457.1590227196514,0.00010759926,0.00083142554,0.0006236159
1.0000561,0.000101940364,0,0.0010950223,727.8855040765733,457.15872040462847,781,77227.42,7.916718,1218.5021,0.42580658,86301.85,8.797149,0,,,,,727.8855040765733,0.00010693712,457.15872040462847,0.00010758655,0.0004600918,0.00018625408
1.0002203,0.00010170993,0,0.0010959571,727.8858906920452,457.1587291622421,782,77241.1,7.917169,1219.0706,0.42568928,86316.016,8.777263,0,,,,,727.8858906920452,0.00010692463,457.1587291622421,0.00010756849,0.00096145686,0.00022319912
1.0004327,0.000101956626,0,0.0010968919,727.8858573989938,457.1584110507145,783,77257.26,7.9178495,1218.8639,0.42573333,86334.35,8.798552,0,,,,,727.8858573989938,0.00010688337,457.1584110507145,0.00010754763,0.00082506455,0.00011381613
1.0006106,0.00010184119,0,0.0010978268,727.8858156473201,457.1585578025135,784,77270.87,7.918352,1218.3616,0.4266906,86349.7,8.78859,0,,,,,727.8858156473201,0.000106876956,457.1585578025135,0.000107540836,0.0008711168,0.00035055442
1.0006282,0.00010178915,8192,0.0010987615,727.8856060821314,457.15830482891414,785,77273.99,7.918342,1218.6034,0.42527226,86351.22,8.784099,8192,,,,,727.8856060821314,0.00010686013,457.15830482891414,0.000107517895,0.00046490825,0.00025428372
1.00073,0.00010177943,0,0.0010996962,727.8855989883889,457.15853155310197,786,77282.31,7.9187393,1217.8405,0.4256486,86360.01,8.78326,0,,,,,727.8855989883889,0.0001068496,457.15853155310197,0.00010752352,0.00033053246,0.00057794526
1.0005221,0.0001017431,0,0.0011006307,727.8857949430578,457.15811237748045,787,77267.88,7.918352,1218.775,0.425956,86342.07,8.780125,0,,,,,727.8857949430578,0.0001068677,457.15811237748045,0.00010752125,0.00063617056,0.000101357786
1.0011238,0.000101785896,0,0.0011015653,727.8856781680696,457.15826520701137,788,77314.11,7.9200196,1218.3667,0.4258597,86393.99,8.783818,0,,,,,727.8856781680696,0.00010678804,457.15826520701137,0.000107476924,0.00061827595,0.00035445575
1.0007646,0.0001017866,0,0.0011024999,727.8856011083765,457.15795569480053,789,77285.33,7.918872,1217.2958,0.4261556,86362.99,8.783879,0,,,,,727.8856011083765,0.00010681724,457.15795569480053,0.00010749925,0.0005870213,0.00024200823
1.0010637,0.000101728416,0,0.001104369,727.8854662797953,457.1581425923677,791,77306.445,7.919715,1218.0798,0.4260071,86388.805,8.778858,0,,,,,727.8854662797953,0.00010680185,457.1581425923677,0.00010749171,0.00045743628,0.0005348959
1.0011864,0.00010171322,0,0.0011053034,727.8853472561889,457.15799190532204,792,77314.89,7.920085,1217.8596,0.4265003,86399.39,8.777547,0,,,,,727.8853472561889,0.00010678805,457.15799190532204,0.00010745667,0.00013129045,0.0003239314
1.0008892,0.000102039376,0,0.0011062378,727.885575407608,457.15743186055533,793,77292.43,7.9190426,1215.4403,0.42624125,86373.74,8.805693,0,,,,,727.885575407608,0.00010678672,457.15743186055533,0.00010747439,0.0005969994,-0.0003254596
1.0008253,0.000101908176,0,0.0011071721,727.8854805894675,457.1572731099796,794,77286.98,7.9189277,1217.2101,0.42653027,86368.23,8.794371,0,,,,,727.8854805894675,0.00010681077,457.1572731099796,0.000107481676,0.0004550054,-0.00022928971
1.0009656,0.00010176082,0,0.0011081065,727.885366243009,457.1582667772029,795,77297.25,7.919337,1216.9509,0.4261502,86380.336,8.781654,0,,,,,727.885366243009,0.000106810556,457.1582667772029,0.00010749081,0.00021620598,0.00027604197
1.0006949,0.00010185642,8192,0.0011090408,727.8853740422798,457.1580499474904,796,77277.09,7.9186044,1218.806,0.42575833,86356.97,8.789905,8192,,,,,727.8853740422798,0.000106818676,457.1580499474904,0.00010750528,0.000112782735,0.00015242594
1.0004241,0.00010166549,0,0.001109975,727.8853910713435,457.1582855301916,797,77256.234,7.9176197,1217.1821,0.42643505,86333.61,8.773428,0,,,,,727.8853910713435,0.000106862804,457.1582855301916,0.00010754973,0.00032529223,0.00026829317
1.000293,0.000101871025,0,0.0011109092,727.885579524182,457.158316591448,798,77246.09,7.917329,1217.379,0.42549646,86322.3,8.791164,0,,,,,727.885579524182,0.00010688287,457.158316591448,0.000107557986,0.0005029026,8.446328e-05
1.0004654,0.000102091115,0,0.0011118434,727.8853825925237,457.1579870940548,799,77259.44,7.9178486,1217.047,0.42590708,86337.17,8.810158,0,,,,,727.8853825925237,0.00010686232,457.1579870940548,0.00010753338,0.00035035418,-0.00012052312
1.0001035,0.0001021944,0,0.0011127775,727.8853332491569,457.15809888415646,800,77232.29,7.916746,1216.482,0.4260877,86305.94,8.819071,0,,,,,727.8853332491569,0.0001069092,457.15809888415646,0.000107573185,0.00025250658,-0.00023303233
1.0001925,0.00010222519,0,0.0011137116,727.8853076576471,457.15827267310215,801,77240.01,7.917039,1216.2108,0.4258418,86313.625,8.821728,0,,,,,727.8853076576471,0.000106898566,457.15827267310215,0.0001075637,0.00042517897,-0.00017076117
1.0002056,0.000102264516,0,0.0011146456,727.8853748597514,457.15815505904936,802,77240.56,7.9171104,1217.2637,0.42640233,86314.76,8.825122,0,,,,,727.8853748597514,0.00010689475,457.15815505904936,0.00010757071,0.00017746844,-0.00020309359
0.99989456,0.000102207836,0,0.0011155796,727.8853753689675,457.1581586384273,803,77216.445,7.916119,1216.7565,0.425631,86287.91,8.8202305,0,,,,,727.8853753689675,0.000106928615,457.1581586384273,0.00010758984,0.00015886335,-0.00054688577
0.9998601,0.00010222347,0,0.0011165136,727.8854289997838,457.1586008959255,804,77213.69,7.9159803,1217.3534,0.42580798,86284.94,8.82158,0,,,,,727.8854289997838,0.00010694281,457.1586008959255,0.00010759528,0.00031600593,-0.00013609733
0.9996179,0.00010199371,0,0.0011174475,727.8850516011474,457.15876210836564,805,77193.29,7.9151974,1217.4962,0.42563465,86264.03,8.801752,0,,,,,727.8850516011474,0.000106975305,457.15876210836564,0.00010761717,0.0,0.0
0.9996177,0.00010210222,0,0.0011183814,727.8852272175374,457.15869812383175,806,77192.73,7.915117,1215.9838,0.42620367,86264.016,8.811116,0,,,,,727.8852272175374,0.00010698321,457.15869812383175,0.000107621156,0.00012338485,-2.5206837e-05
0.9997331,0.00010199814,8192,0.0011193153,727.8850089063824,457.15876908445915,807,77201.44,7.915606,1215.0565,0.4264274,86273.98,8.8021345,8192,,,,,727.8850089063824,0.00010697016,457.15876908445915,0.00010761772,0.00015882657,-2.5210513e-05
0.9997557,0.00010209418,0,0.001120249,727.8853090989367,457.15854809590223,808,77202.875,7.9155865,1216.5574,0.42607933,86275.92,8.810422,0,,,,,727.8853090989367,0.00010695194,457.15854809590223,0.00010761038,0.00045360677,-7.605443e-05
0.9996514,0.000102080296,0,0.0011211828,727.8850935801588,457.15863563065375,809,77195.78,7.9152894,1216.3708,0.425819,86266.92,8.809224,0,,,,,727.8850935801588,0.00010697672,457.15863563065375,0.00010760769,0.00016166053,-0.0001267473
0.9999766,0.00010210285,0,0.0011221165,727.8847567618449,457.1581619493239,810,77221.61,7.9162736,1215.1498,0.42615542,86294.984,8.811171,0,,,,,727.8847567618449,0.000106924395,457.1581619493239,0.000107592314,-2.162682e-05,-0.00013581205
0.99986464,0.00010222952,0,0.0011230502,727.8850837125043,457.15813569368436,811,77214.03,7.9159217,1214.4346,0.42551133,86285.33,8.822102,0,,,,,727.8850837125043,0.00010692221,457.15813569368436,0.000107590415,0.00015233022,-0.00044211964
1.0000755,0.000102225815,0,0.0011239839,727.8849167563308,457.1578143086575,812,77230.36,7.9166226,1215.2062,0.42579284,86303.52,8.821782,0,,,,,727.8849167563308,0.00010689464,457.1578143086575,0.00010756364,-8.2490005e-05,-0.00064728165
1.0002053,0.00010208417,0,0.0011249175,727.8852105196598,457.15835043676736,813,77240.234,7.9170446,1215.5085,0.42652994,86314.73,8.809558,0,,,,,727.8852105196598,0.000106890184,457.15835043676736,0.00010757145,0.00014391927,-4.4926557e-05
1.0004668,0.00010209748,0,0.0011258511,727.8849276080739,457.15794309235224,814,77260.17,7.9178104,1215.0776,0.42657366,86337.3,8.810707,0,,,,,727.8849276080739,0.000106870444,457.15794309235224,0.00010753897,-0.00022942074,-0.00026557047
1.000542,0.00010208309,0,0.0011267845,727.8848120733995,457.15789697041805,815,77266.16,7.91801,1215.3253,0.4255775,86343.78,8.809465,0,,,,,727.8848120733995,0.00010684608,457.15789697041805,0.000107513086,-5.122527e-05,-0.00011175283
1.0004284,0.000102095946,0,0.001127718,727.8852170820777,457.1580259129505,816,77257.6,7.9177365,1215.4883,0.42597705,86333.98,8.810575,0,,,,,727.8852170820777,0.00010685065,457.1580259129505,0.00010753278,-5.340729e-05,-0.00019007851
1.0007704,0.00010189802,0,0.0011286514,727.8847757283836,457.15794896091825,817,77283.375,7.918702,1216.9447,0.42568052,86363.49,8.793494,0,,,,,727.8847757283836,0.000106821935,457.15794896091825,0.0001075078,-0.00022102882,-0.00017239367
1.0008879,0.00010192872,0,0.0011295847,727.8850356298326,457.15797051748086,818,77292.49,7.919257,1219.2471,0.4256051,86373.625,8.796144,0,,,,,727.8850356298326,0.00010683169,457.15797051748086,0.00010751173,-8.36288e-05,0.00022393717
1.000638,0.00010190033,0,0.0011305182,727.8852287678686,457.15782327187185,819,77273.695,7.918352,1215.6106,0.4258991,86352.07,8.793694,0,,,,,727.8852287678686,0.00010682248,457.15782327187185,0.00010751082,0.00018410606,-9.7082804e-05
1.0008173,0.00010192598,0,0.0011314515,727.8862062460402,457.15758611920455,820,77289.164,7.918786,1215.3522,0.42596626,86367.54,8.795907,0,,,,,727.8862062460402,0.00010679014,457.15758611920455,0.00010747264,0.0010565707,-0.00023339901
1.0007551,0.0001021505,0,0.0011323846,727.8856868427688,457.1573280850977,821,77285.53,7.9188137,1214.7992,0.4262326,86362.164,8.815283,0,,,,,727.8856868427688,0.00010678183,457.1573280850977,0.000107482054,0.00077501714,-0.0005160091
1.0007406,0.00010190102,0,0.0011333178,727.8860317057938,457.1580307936083,822,77284.06,7.9186983,1214.4025,0.4262555,86360.92,8.793754,0,,,,,727.8860317057938,0.00010678936,457.1580307936083,0.00010748169,0.0010285426,0.00014167151
1.000609,0.00010160655,0,0.001134251,727.8861980999189,457.15781603458527,823,77273.305,7.9182286,1214.3973,0.42601672,86349.57,8.768341,0,,,,,727.8861980999189,0.00010680289,457.15781603458527,0.000107501,0.0011191322,5.4430046e-05
1.0005255,0.00010177452,0,0.0011351842,727.8858782493039,457.1577873331852,824,77266.586,7.9180903,1214.6052,0.42607486,86342.36,8.782837,0,,,,,727.8858782493039,0.00010680787,457.1577873331852,0.00010751057,0.0006936984,-0.0002433111
1.0006988,0.00010134892,0,0.0011361173,727.8857751574205,457.1575668710538,825,77278.87,7.918511,1216.3475,0.4256025,86357.31,8.746109,0,,,,,727.8857751574205,0.00010681088,457.1575668710538,0.0001074977,0.0007485579,-5.5397577e-06
1.000154,0.000101720914,0,0.0011370503,727.8854317875702,457.15781530562316,826,77235.99,7.9168353,1214.8573,0.42568034,86310.3,8.778211,0,,,,,727.8854317875702,0.00010684815,457.15781530562316,0.00010754205,0.00051891076,-0.00023208493
1.00018,0.00010174293,0,0.0011379833,727.8855787940221,457.15800941845134,827,77237.81,7.9168053,1214.7554,0.42563525,86312.54,8.78011,0,,,,,727.8855787940221,0.00010686434,457.15800941845134,0.000107560496,0.0007027583,2.0851254e-05
1.0002757,0.00010161139,0,0.0011389162,727.885726238992,457.15841749877984,828,77245.86,7.917091,1213.4651,0.42618248,86320.805,8.768759,0,,,,,727.885726238992,0.0001068709,457.15841749877984,0.00010755229,0.000871362,0.00034774057
0.999947,0.00010180127,0,0.0011398492,727.8857205412422,457.1581701060885,829,77220.65,7.916125,1214.8971,0.4256315,86292.44,8.785145,0,,,,,727.8857205412422,0.00010688677,457.1581701060885,0.000107571956,0.000620664,-0.00013399847
0.99999493,0.00010153455,0,0.001140782,727.885716061995,457.1582183945901,830,77225.15,7.916281,1214.0548,0.42533204,86296.57,8.762128,0,,,,,727.885716061995,0.00010688973,457.1582183945901,0.00010758063,0.00083244627,-0.0003824813
0.9996685,0.000101631966,0,0.0011417149,727.8854702281458,457.158311092587,831,77200.02,7.91533,1212.8246,0.425653,86268.4,8.7705345,0,,,,,727.8854702281458,0.00010691975,457.158311092587,0.000107602995,0.00046021634,-0.00044701283
0.9995717,0.000101713325,0,0.0011426476,727.8857842940188,457.15859318179065,832,77191.6,7.9150543,1213.4574,0.42570284,86260.05,8.777555,0,,,,,727.8857842940188,0.00010695063,457.15859318179065,0.00010762813,0.0006283156,-6.4061416e-05
0.9994567,0.00010178059,0,0.0011435803,727.8854744416416,457.1582359166151,833,77182.48,7.914604,1212.8049,0.4260594,86250.125,8.7833605,0,,,,,727.8854744416416,0.00010695896,457.1582359166151,0.00010763185,0.0002983478,-0.00035861504
0.99788696,0.0001016546,0,0.001144513,727.885204222668,457.15923362079883,834,77060.65,7.907198,1214.0942,0.42596498,86114.66,8.772488,0,,,,,727.885204222668,0.0001071575,457.15923362079883,0.00010780482,0.00011260041,-0.00068132597
0.99486595,0.00010143026,0,0.0011454457,727.8847456814055,457.16127508874905,835,76826.68,7.8979354,1213.9121,0.42630392,85853.95,8.753128,0,,,,,727.8847456814055,0.00010757528,457.16127508874905,0.00010815225,6.1876104e-05,-0.00074904464
0.99454564,0.000101424215,0,0.0011463782,727.8847042336837,457.16192097335465,836,76802.64,7.8969026,1213.4025,0.42621157,85826.31,8.752606,0,,,,,727.8847042336837,0.000107625,457.16192097335465,0.00010819331,3.8459413e-05,-0.0006466111
0.9944014,0.00010151533,0,0.0011473108,727.8847553184097,457.16120359049074,837,76793.27,7.896632,1213.8773,0.4257628,85813.87,8.760469,0,,,,,727.8847553184097,0.00010763127,457.16120359049074,0.00010818714,-0.00013756588,-0.0011847287
0.9949515,0.0001012977,0,0.0011482433,727.8844051791668,457.1608468307756,838,76836.6,7.898309,1214.6461,0.4256413,85861.336,8.741689,0,,,,,727.8844051791668,0.00010754963,457.1608468307756,0.00010812006,-0.00048051265,-0.0014789024
0.9979364,0.00010138347,0,0.0011491758,727.8848314619217,457.15826839645723,839,77068.39,7.9074497,1215.0243,0.42546505,86118.93,8.74909,0,,,,,727.8848314619217,0.00010731823,457.15826839645723,0.00010780764,-0.00056805846,-0.0015799035
0.99954534,0.00010130523,0,0.0011501083,727.8841665451741,457.1573968302899,840,77192.92,7.9122844,1212.7495,0.42575815,86257.77,8.742338,0,,,,,727.8841665451741,0.00010692909,457.1573968302899,0.0001075989,-0.0010811348,-0.0015636666
0.9994917,0.00010146181,0,0.0011510407,727.884252254854,457.15711029163566,841,77188.734,7.9121594,1210.9946,0.42652157,86253.14,8.755851,0,,,,,727.884252254854,0.0001069149,457.15711029163566,0.00010758011,-0.00079217105,-0.0013600179
0.99968153,0.000101509,0,0.0011519729,727.8847567223524,457.15695369958917,842,77202.914,7.9137006,1213.8538,0.4259354,86269.52,8.759923,0,,,,,727.8847567223524,0.000106882806,457.15695369958917,0.00010756982,-0.0005970007,-0.0017175523
0.9998396,0.00010146293,0,0.0011529053,727.8839535369318,457.15668691218474,843,77214.4,7.9131293,1212.4974,0.42552036,86283.164,8.755947,0,,,,,727.8839535369318,0.00010687383,457.15668691218474,0.0001075539,-0.0011993446,-0.0019456521
1.0000683,0.0001016902,0,0.0011538375,727.8839180642053,457.1566341298494,844,77232.2,7.9138274,1212.6975,0.42574224,86302.9,8.77556,0,,,,,727.8839180642053,0.00010684266,457.1566341298494,0.00010753358,-0.0010048983,-0.0018775765
0.9999501,0.00010187507,0,0.0011547697,727.8842148353579,457.15672066770844,845,77222.98,7.9134607,1215.2128,0.42582002,86292.7,8.791513,0,,,,,727.8842148353579,0.00010684739,457.15672066770844,0.00010754244,-0.0010955747,-0.001559637
1.0002711,0.000101753074,0,0.0011557018,727.8841321325735,457.1565976552324,846,77247.97,7.914514,1214.2448,0.42572644,86320.41,8.780986,0,,,,,727.8841321325735,0.00010681601,457.1565976552324,0.00010750695,-0.0012704297,-0.0016671403
1.0004411,0.00010194063,0,0.001156634,727.8843204845386,457.156370077603,847,77260.92,7.915942,1214.3018,0.4254473,86335.07,8.797172,0,,,,,727.8843204845386,0.00010680339,457.156370077603,0.000107484026,-0.00096224475,-0.0017149776
1.000649,0.00010203849,0,0.0011584981,727.8852339862736,457.1561818909087,849,77277.34,7.9166927,1213.4331,0.42644238,86353.016,8.805616,0,,,,,727.8852339862736,0.00010675851,457.1561818909087,0.000107453976,2.070751e-05,-0.0017907728
1.0005673,0.000102039034,0,0.00115943,727.8854526059265,457.1565122719371,850,77271.305,7.916376,1215.3674,0.42579702,86345.96,8.805663,0,,,,,727.8854526059265,0.000106774016,457.1565122719371,0.00010748802,0.00025474437,-0.0018260999
1.0006181,0.00010210121,0,0.0011603619,727.8855853886198,457.15659841233924,851,77275.195,7.9164114,1212.9799,0.42553967,86350.34,8.8110285,0,,,,,727.8855853886198,0.00010676266,457.15659841233924,0.00010745613,0.0005793483,-0.001420393
1.0006946,0.00010203965,0,0.0011612938,727.8854885683561,457.156972679102,852,77280.65,7.916746,1212.6879,0.4262923,86356.95,8.8057165,0,,,,,727.8854885683561,0.00010675333,457.156972679102,0.000107456166,0.0005891325,-0.0009907581
1.0004754,0.000102091755,0,0.0011622257,727.8857910532093,457.1563947808677,853,77263.79,7.916053,1213.4081,0.4257098,86338.04,8.810213,0,,,,,727.8857910532093,0.00010676122,457.1563947808677,0.00010747015,0.00083010335,-0.001708634
1.0001906,0.000102005986,0,0.0011631574,727.8859508106726,457.1560092634645,854,77241.55,7.9151454,1212.2532,0.4260783,86313.45,8.802812,0,,,,,727.8859508106726,0.000106772255,457.1560092634645,0.00010748479,0.00092435756,-0.0018547901
1.0000607,0.00010208081,0,0.0011640892,727.8860150491419,457.1558991346559,855,77232.34,7.914727,1213.97,0.4257911,86302.24,8.809269,0,,,,,727.8860150491419,0.00010679367,457.1558991346559,0.00010749475,0.0008983432,-0.0022207084
1.0000813,0.000102072794,0,0.0011650209,727.8857296102519,457.1564015043678,856,77233.71,7.9149523,1215.0968,0.42503753,86304.02,8.808577,0,,,,,727.8857296102519,0.00010681408,457.1564015043678,0.00010751003,0.00074077735,-0.0017720585
0.99979573,0.000102021404,0,0.0011659525,727.885496355091,457.15671752399487,857,77212.83,7.914027,1214.5576,0.4254678,86279.38,8.804142,0,,,,,727.885496355091,0.00010684379,457.15671752399487,0.00010754002,0.0004841001,-0.0017103847
0.99957407,0.00010202491,0,0.0011668842,727.8855601182983,457.1564531829833,858,77195.52,7.9133654,1212.7828,0.4253726,86260.25,8.804444,0,,,,,727.8855601182983,0.00010685486,457.1564531829833,0.000107561784,0.000535537,-0.0019796393
0.9996092,0.00010201003,0,0.0011678158,727.8856561064645,457.1565152556575,859,77197.86,7.9134874,1214.6993,0.42540208,86263.28,8.803161,0,,,,,727.8856561064645,0.00010685552,457.1565152556575,0.00010755834,0.0005901762,-0.0017648202
0.9992542,0.00010210426,0,0.0011687472,727.885564097403,457.1565387699324,860,77171.28,7.9125795,1216.2139,0.4255524,86232.65,8.811293,0,,,,,727.885564097403,0.000106902364,457.1565387699324,0.00010759955,0.0007065521,-0.002033282
0.9993111,0.000102053906,0,0.0011696788,727.8849349291978,457.15703559547546,861,77174.94,7.912546,1215.4236,0.4252168,86237.555,8.806947,0,,,,,727.8849349291978,0.00010691897,457.15703559547546,0.00010760467,-1.411614e-06,-0.0015991016
0.9993593,0.000102015016,0,0.0011706101,727.8853068917515,457.1568759001311,862,77179.33,7.9128046,1214.4636,0.42485937,86241.72,8.803591,0,,,,,727.8853068917515,0.00010691131,457.1568759001311,0.00010760594,0.00018092987,-0.001760985
0.9992462,0.00010199158,0,0.0011715415,727.8853480736549,457.157194068202,863,77170.625,7.9123654,1214.5872,0.42539746,86231.95,8.801568,0,,,,,727.8853480736549,0.00010690878,457.157194068202,0.000107613494,0.00038125933,-0.0017200345
0.99914366,0.0001020138,0,0.0011724728,727.885389115841,457.15702031441833,864,77163.11,7.9121485,1212.5808,0.4257917,86223.11,8.803486,0,,,,,727.885389115841,0.000106921754,457.15702031441833,0.00010761748,0.0004063426,-0.001990466
0.99898857,0.00010204079,0,0.001173404,727.8854864594721,457.15713341432877,865,77151.14,7.911621,1214.5087,0.42599365,86209.73,8.805815,0,,,,,727.8854864594721,0.00010693999,457.15713341432877,0.00010763978,0.0005884734,-0.0018753702
0.99869555,0.00010197482,0,0.0011743354,727.8856749891162,457.1570167139637,866,77128.56,7.9107704,1215.5013,0.42548645,86184.44,8.800122,0,,,,,727.8856749891162,0.000106972955,457.1570167139637,0.00010766123,0.0006439105,-0.002032758
0.99867237,0.00010174366,0,0.0011752665,727.8853211894296,457.15676212473545,867,77126.19,7.910747,1213.9507,0.42580613,86182.44,8.780173,0,,,,,727.8853211894296,0.000106969725,457.15676212473545,0.00010767392,0.0006226523,-0.0022896996
0.99853945,0.00010163467,0,0.0011761977,727.8860435327344,457.15601823226615,868,77114.22,7.910212,1214.5239,0.42524782,86170.97,8.770768,0,,,,,727.8860435327344,0.000106949825,457.15601823226615,0.00010765365,0.0012553539,-0.003083157
0.9988915,0.00010176004,0,0.0011771288,727.885893786048,457.15580006226025,869,77143.02,7.9113455,1215.1282,0.4255427,86201.34,8.781587,0,,,,,727.885893786048,0.0001069344,457.15580006226025,0.00010762432,0.0010813641,-0.0028245153
0.99921834,0.00010192831,0,0.0011780597,727.88565491233,457.15664686973275,870,77169.3,7.912465,1215.1664,0.42541704,86229.555,8.796108,0,,,,,727.88565491233,0.00010690144,457.15664686973275,0.0001075992,0.00068850315,-0.0024187663
0.9990501,0.00010189109,0,0.0011789908,727.8858794262457,457.1565791781641,871,77157.55,7.9118223,1213.9677,0.42596292,86215.03,8.792896,0,,,,,727.8858794262457,0.00010689888,457.1565791781641,0.00010760946,0.0010150443,-0.002149725
0.9992775,0.00010187322,0,0.0011799217,727.8856709224187,457.15610803352274,872,77176.76,7.9126935,1213.0496,0.4257775,86234.66,8.791354,0,,,,,727.8856709224187,0.00010687652,457.15610803352274,0.000107577616,0.00083483587,-0.0023792882
0.9996193,0.00010171803,0,0.0011808526,727.8861693949787,457.15603305334355,873,77201.79,7.9136615,1214.2239,0.42528477,86264.16,8.777962,0,,,,,727.8861693949787,0.000106816464,457.15603305334355,0.000107532964,0.0010727869,-0.0026068073
0.9995568,0.00010152557,0,0.0011817835,727.8863214731941,457.1554942076631,874,77195.91,7.913307,1213.8427,0.4258045,86258.76,8.761353,0,,,,,727.8863214731941,0.00010682598,457.1554942076631,0.000107533786,0.0012730611,-0.0029526267
0.99961895,0.000101583464,0,0.0011827142,727.8861787245329,457.1558047036161,875,77200.2,7.9135084,1214.2751,0.42582288,86264.125,8.766349,0,,,,,727.8861787245329,0.00010681109,457.1558047036161,0.00010752619,0.001227016,-0.0027598094
0.9997822,0.00010161266,0,0.001183645,727.8860871496821,457.1558324950557,876,77212.65,7.914036,1210.5344,0.4264145,86278.21,8.768868,0,,,,,727.8860871496821,0.00010679344,457.1558324950557,0.000107525135,0.0013080342,-0.0024832622
0.99973327,0.00010148225,0,0.0011845757,727.8863314505481,457.15556900851925,877,77209.195,7.9137697,1210.5856,0.4261336,86273.99,8.757614,0,,,,,727.8863314505481,0.00010678948,457.15556900851925,0.0001075106,0.0011782587,-0.002792733
0.9997465,0.00010125582,0,0.0011855063,727.8861882014357,457.1554826203991,878,77210.484,7.914376,1214.4263,0.42566824,86275.13,8.738074,0,,,,,727.8861882014357,0.0001067922,457.1554826203991,0.000107516425,0.001186386,-0.002798786
0.99977756,0.000101472884,0,0.001186437,727.886132078034,457.15543890545786,879,77211.35,7.91398,1212.9532,0.4255655,86277.81,8.756806,0,,,,,727.886132078034,0.000106792526,457.15543890545786,0.000107505315,0.0011432635,-0.0028479078
0.9999667,0.000101538724,0,0.0011873676,727.8861476545286,457.1556851155885,880,77225.23,7.9144835,1213.4147,0.42612815,86294.13,8.762488,0,,,,,727.8861476545286,0.000106767984,457.1556851155885,0.0001074958,0.0011408392,-0.0026847227
0.99980056,0.00010156965,0,0.0011882981,727.8862299316479,457.1552565837346,881,77212.09,7.914049,1214.0112,0.42545754,86279.8,8.765157,0,,,,,727.8862299316479,0.00010678084,457.1552565837346,0.00010750987,0.0012936605,-0.0028632695
0.99975747,0.000101450176,0,0.0011892285,727.886529535542,457.1551499237695,882,77209.52,7.913834,1211.1663,0.42630753,86276.08,8.754847,0,,,,,727.886529535542,0.000106770254,457.1551499237695,0.00010750119,0.0016495837,-0.0029821866
0.99960214,0.000101419275,8192,0.0011901589,727.8862990078558,457.15524969612727,883,77197.67,7.9133844,1212.393,0.42654395,86262.67,8.75218,8192,,,,,727.8862990078558,0.00010677885,457.15524969612727,0.000107520165,0.0014376512,-0.0030507674
0.99993783,0.00010166517,0,0.0011910893,727.8859894247313,457.15506249950715,884,77223.71,7.91443,1211.1556,0.42633387,86291.64,8.7734,0,,,,,727.8859894247313,0.00010675552,457.15506249950715,0.000107490785,0.001002855,-0.0029884572
0.99958575,0.00010146658,0,0.0011920196,727.8861933641172,457.1556930453438,885,77197.56,7.913484,1214.4205,0.4254883,86261.26,8.756263,0,,,,,727.8861933641172,0.000106810905,457.1556930453438,0.00010753308,0.0011514567,-0.0027289332
0.9996044,0.00010137938,0,0.0011929498,727.8857291485673,457.1553529112011,886,77199.28,7.913585,1214.2338,0.42577606,86262.87,8.748737,0,,,,,727.8857291485673,0.00010679966,457.1553529112011,0.000107524815,0.0006935466,-0.0031720072
0.9994149,0.0001018177,0,0.0011938801,727.8858015502718,457.15590280055073,887,77184.31,7.9129543,1213.41,0.42621887,86246.516,8.786563,0,,,,,727.8858015502718,0.000106828185,457.15590280055073,0.00010755689,0.0008733362,-0.0025174848
0.99924046,0.00010141484,0,0.0011948103,727.8857439604635,457.1557101811142,888,77171.234,7.91239,1212.2037,0.42634824,86231.46,8.751797,0,,,,,727.8857439604635,0.000106847074,457.1557101811142,0.00010756118,0.0008204844,-0.002896305
0.9991654,0.000101664744,0,0.0011957404,727.8862062625157,457.1560587066916,889,77165.31,7.9120846,1213.2888,0.42545378,86224.984,8.773363,0,,,,,727.8862062625157,0.00010687181,457.1560587066916,0.00010758365,0.0014143772,-0.0026969148
0.99891084,0.000101394035,0,0.0011966705,727.8860091244344,457.1559987812028,890,77147.625,7.9115148,1213.7639,0.42625698,86203.016,8.750002,0,,,,,727.8860091244344,0.00010688261,457.1559987812028,0.000107602114,0.0011368445,-0.002847053
0.9987906,0.00010167124,0,0.0011976005,727.885994238297,457.15641386209103,891,77138.7,7.9111953,1213.3297,0.42574108,86192.64,8.773924,0,,,,,727.885994238297,0.00010690875,457.15641386209103,0.00010762703,0.0011565357,-0.0025383786
0.99866515,0.000101654994,0,0.0011985304,727.8859752930124,457.15637059373665,892,77128.88,7.910732,1212.5459,0.42638472,86181.81,8.772522,0,,,,,727.8859752930124,0.00010692762,457.15637059373665,0.000107634376,0.0013979038,-0.0025743144
0.9983098,0.0001013373,8192,0.0011994604,727.8859377664387,457.15622714809376,893,77100.5,7.9096484,1213.601,0.42582014,86151.15,8.745106,8192,,,,,727.8859377664387,0.00010696502,457.15622714809376,0.00010767796,0.0011769269,-0.002685171
0.995249,0.00010140983,0,0.0012003902,727.8862671014087,457.1588183268655,894,76863.36,7.899242,1213.4556,0.42630017,85887.01,8.751365,0,,,,,727.8862671014087,0.000107367116,457.1588183268655,0.00010802279,0.0017445771,-0.0025787128
0.99339074,0.00010110106,0,0.00120132,727.8865953236729,457.1596980668496,895,76719.81,7.8930087,1214.3314,0.42588827,85726.65,8.724719,0,,,,,727.8865953236729,0.000107595304,457.1596980668496,0.00010822921,0.0020558517,-0.002999746
0.9933431,0.0001013975,0,0.0012022498,727.8863877918991,457.15985886958055,896,76715.664,7.8933806,1213.4586,0.42585883,85722.54,8.7503,0,,,,,727.8863877918991,0.00010762491,457.15985886958055,0.00010823743,0.0019507324,-0.0028649734
0.99372387,0.00010131796,0,0.0012031795,727.8863313515398,457.1598418642674,897,76746.19,7.8946133,1212.4521,0.42608052,85755.4,8.743437,0,,,,,727.8863313515398,0.00010758042,457.1598418642674,0.00010820517,0.0019892086,-0.0028813183
0.99467826,0.00010110589,0,0.0012041092,727.886328765399,457.1582702654283,898,76820.36,7.898522,1213.5933,0.42607644,85837.76,8.725136,0,,,,,727.886328765399,0.00010742697,457.1582702654283,0.00010806245,0.0017965015,-0.0034609418
0.998241,0.0001013761,0,0.0012050387,727.8860601860048,457.1561089162563,899,77096.5,7.9094286,1211.749,0.42626947,86145.21,8.748454,0,,,,,727.8860601860048,0.00010696453,457.1561089162563,0.00010767823,0.0012844381,-0.0031017922
0.9987516,0.00010147101,0,0.0012059683,727.8862324635601,457.1560568480445,900,77136.57,7.910903,1212.4407,0.42613295,86189.27,8.756644,0,,,,,727.8862324635601,0.00010690271,457.1560568480445,0.00010761869,0.0012662467,-0.003162965
0.99850035,0.00010133499,0,0.0012068979,727.8862158732638,457.1556402051173,901,77117.19,7.910574,1222.7754,0.42616814,86167.59,8.744906,0,,,,,727.8862158732638,0.0001069319,457.1556402051173,0.00010765174,0.0014726473,-0.0032279377
0.9990088,0.000101540805,0,0.0012078274,727.8863474859147,457.1559576025889,902,77156.164,7.9117603,1213.6215,0.42584464,86211.47,8.762668,0,,,,,727.8863474859147,0.00010687518,457.1559576025889,0.00010758583,0.0015238863,-0.002919476
0.9989301,0.000101396334,0,0.0012087567,727.8863358225176,457.1558075805508,903,77148.37,7.911528,1213.6924,0.4254877,86204.68,8.7502,0,,,,,727.8863358225176,0.00010687148,457.1558075805508,0.00010759564,0.0014199635,-0.0028801397
0.99926233,0.00010154413,0,0.0012096862,727.8859881652746,457.15592985084896,904,77173.73,7.9124274,1212.3685,0.4259407,86233.35,8.762955,0,,,,,727.8859881652746,0.000106847,457.15592985084896,0.000107575375,0.001196543,-0.0026523483
0.9995462,0.00010163224,0,0.0012106154,727.8865239423245,457.1558849456217,905,77195.3,7.913677,1211.4333,0.42639646,86257.84,8.770558,0,,,,,727.8865239423245,0.000106811574,457.1558849456217,0.00010753783,0.0015520576,-0.0028335822
0.9994811,0.00010164108,0,0.0012115447,727.8865968674376,457.155335513849,906,77189.555,7.9130507,1212.2856,0.42593318,86252.23,8.771321,0,,,,,727.8865968674376,0.000106798165,457.155335513849,0.00010752765,0.0018752571,-0.0030530903
0.9997048,0.000101508456,0,0.0012124738,727.8865167825659,457.15490763512037,907,77207.76,7.914643,1211.4712,0.42647615,86271.53,8.759876,0,,,,,727.8865167825659,0.00010677296,457.15490763512037,0.00010749631,0.0016601938,-0.003365186
0.9997063,0.00010148525,0,0.0012134031,727.8867666846278,457.154831588578,908,77208.266,7.914516,1210.2947,0.42640585,86271.664,8.757874,0,,,,,727.8867666846278,0.00010676268,457.154831588578,0.000107492415,0.0019118723,-0.0034981817
0.99979913,0.000101675636,0,0.0012143322,727.8863411115785,457.15517812467937,909,77216.05,7.914111,1211.0176,0.4263058,86279.67,8.774303,0,,,,,727.8863411115785,0.00010675309,457.15517812467937,0.000107495354,0.0014968634,-0.0029555862
0.99982363,0.00010160763,0,0.0012152612,727.8864778004814,457.15485491123604,910,77218.11,7.914246,1212.9385,0.42582065,86281.79,8.768435,0,,,,,727.8864778004814,0.000106752705,457.15485491123604,0.00010749262,0.0016507577,-0.0030930692
1.0,0.00010163045,0,0.0012161902,727.8862744295168,457.15534621511324,911,77231.555,7.9156246,1213.4906,0.42545637,86297.01,8.770404,0,,,,,727.8862744295168,0.000106757936,457.15534621511324,0.000107489876,0.0014659248,-0.0029059984
0.99998206,0.000101738086,0,0.0012171192,727.8864203549244,457.1555554098957,912,77229.5,7.9146323,1213.1913,0.42585805,86295.46,8.779693,0,,,,,727.8864203549244,0.000106749016,457.1555554098957,0.00010747465,0.0012567803,-0.0027488025
0.999897,0.00010154014,0,0.001218048,727.8862751874793,457.15517871820464,913,77223.17,7.9144754,1213.739,0.4256152,86288.12,8.76261,0,,,,,727.8862751874793,0.000106764506,457.15517871820464,0.0001074897,0.0013755605,-0.0030786484
0.999322,0.00010152866,0,0.0012208344,727.8861665485018,457.1557015426562,916,77178.836,7.9136214,1212.8188,0.42606798,86238.5,8.76162,0,,,,,727.8861665485018,0.0001068352,457.1557015426562,0.000107568354,0.0012246912,-0.0025788536
0.9995992,0.00010151554,0,0.0012217631,727.8857394325325,457.1559111040891,917,77200.695,7.913562,1211.1282,0.4263725,86262.42,8.760488,0,,,,,727.8857394325325,0.00010681535,457.1559111040891,0.00010754421,0.00084825227,-0.0025595215
0.99908715,0.00010132749,0,0.0012226917,727.886101732877,457.15578975313315,918,77161.25,7.912017,1211.0948,0.42650038,86218.234,8.744259,0,,,,,727.886101732877,0.00010685565,457.15578975313315,0.000107576176,0.00094185735,-0.0028551798
0.9991372,0.00010151146,0,0.0012236203,727.8860388704799,457.15568104897045,919,77164.93,7.9121113,1212.9585,0.42531204,86222.555,8.760136,0,,,,,727.8860388704799,0.00010685947,457.15568104897045,0.00010757384,0.001044583,-0.0029881157
0.9990429,0.00010137902,0,0.0012245488,727.885840584129,457.1561009392764,920,77157.41,7.9119473,1214.3077,0.42607206,86214.414,8.748706,0,,,,,727.885840584129,0.000106885265,457.1561009392764,0.00010759689,0.00091051863,-0.0026949022
0.99876887,0.00010169061,0,0.0012254773,727.8856038173748,457.15569151760945,921,77135.77,7.911153,1214.3789,0.42572507,86190.766,8.775596,0,,,,,727.8856038173748,0.000106900916,457.15569151760945,0.00010761687,0.0006261184,-0.0031971873
0.9988316,0.00010162059,0,0.0012264057,727.8854372748309,457.1559260173888,922,77139.54,7.9111605,1213.773,0.42644846,86196.18,8.769553,0,,,,,727.8854372748309,0.00010689846,457.1559260173888,0.00010760593,0.00039332837,-0.003292232
0.99867624,0.00010179286,0,0.0012273341,727.8850627890839,457.1558949247582,923,77126.86,7.910702,1215.9531,0.42543897,86182.77,8.784419,0,,,,,727.8850627890839,0.00010692636,457.1558949247582,0.000107640626,0.0001723316,-0.0031087487
0.9984925,0.00010183109,0,0.0012282624,727.8850849594162,457.1557444371291,924,77112.375,7.9101276,1215.0042,0.42596492,86166.914,8.787718,0,,,,,727.8850849594162,0.000106949265,457.1557444371291,0.00010765676,0.00010602138,-0.003370872
0.99814904,0.000101863145,0,0.0012291907,727.8851373495759,457.1558768459337,925,77085.734,7.909077,1214.7311,0.42662606,86137.27,8.790484,0,,,,,727.8851373495759,0.00010697874,457.1558768459337,0.00010768409,0.00017681102,-0.0033918642
0.9982299,0.00010181915,0,0.0012301189,727.8853073672525,457.1556375340408,926,77092.78,7.9094276,1215.2495,0.42581064,86144.26,8.786688,0,,,,,727.8853073672525,0.000106981024,457.1556375340408,0.000107673244,2.8204942e-05,-0.0035529567
0.99808806,0.00010193237,0,0.0012310471,727.8852782137119,457.1554505293923,927,77083.12,7.9089637,1214.3475,0.4259445,86132.016,8.796458,0,,,,,727.8852782137119,0.00010698188,457.1554505293923,0.000107678825,0.00026263145,-0.0038523583
0.9984627,0.00010198883,8192,0.0012319752,727.8847311775783,457.1554298452815,928,77112.68,7.9101334,1213.6724,0.425294,86164.34,8.801331,8192,,,,,727.8847311775783,0.00010693821,457.1554298452815,0.000107652486,-0.0004012477,-0.0038011663
0.99835324,0.000102047255,0,0.0012329032,727.8845392516967,457.15544407394526,929,77103.92,7.9093065,1214.8635,0.42503184,86154.9,8.806373,0,,,,,727.8845392516967,0.0001069445,457.15544407394526,0.00010766507,-0.00045508062,-0.003599593
0.9984194,0.000101960555,0,0.0012338312,727.8852438000482,457.1556252568441,930,77109.42,7.90997,1214.5953,0.42552865,86160.61,8.798891,0,,,,,727.8852438000482,0.000106926265,457.1556252568441,0.000107635526,0.00022835568,-0.0037577683
0.9986108,0.00010184502,0,0.0012347591,727.8852745533264,457.1555581684932,931,77123.766,7.9105835,1213.0103,0.42558926,86177.125,8.78892,0,,,,,727.8852745533264,0.00010691881,457.1555581684932,0.000107629705,0.00024078802,-0.0034239846
0.9987994,0.0001019971,0,0.001235687,727.8852176266967,457.15539140056995,932,77138.74,7.911071,1212.8544,0.42528334,86193.4,8.802045,0,,,,,727.8852176266967,0.00010688606,457.15539140056995,0.000107600834,0.00031977746,-0.0036372994
0.99881405,0.000102050006,0,0.0012366149,727.8852745121653,457.15482071172,933,77139.98,7.911145,1214.2556,0.42543912,86194.664,8.80661,0,,,,,727.8852745121653,0.00010685947,457.15482071172,0.0001075909,0.00029119986,-0.00408368
0.9988777,0.00010200594,0,0.0012375426,727.8860277566622,457.1550237517897,934,77144.445,7.911409,1212.3967,0.4262054,86200.16,8.802808,0,,,,,727.8860277566622,0.00010686791,457.1550237517897,0.00010758587,0.0008516544,-0.0037520085
0.99907404,0.00010199947,0,0.0012384704,727.8856683198475,457.1547653017021,935,77159.91,7.911926,1214.5508,0.42616242,86217.1,8.802249,0,,,,,727.8856683198475,0.00010682133,457.1547653017021,0.000107553395,0.000702265,-0.004033288
0.9990742,0.00010207108,0,0.001239398,727.88562448578,457.15480876675906,936,77159.56,7.9118843,1211.473,0.42523903,86217.12,8.808429,0,,,,,727.88562448578,0.00010684001,457.15480876675906,0.000107560016,0.0006645811,-0.0038980518
0.9992722,0.00010206888,0,0.0012403256,727.885240837545,457.15454242636474,937,77174.875,7.9125414,1212.9716,0.4259035,86234.2,8.808239,0,,,,,727.885240837545,0.000106811116,457.15454242636474,0.00010754972,0.00034253535,-0.0036850905
0.99941754,0.0001020657,0,0.0012412532,727.8851366633519,457.1548543079206,938,77186.11,7.91334,1212.1945,0.4256094,86246.74,8.807964,0,,,,,727.8851366633519,0.00010679531,457.1548543079206,0.00010753358,0.00017152163,-0.0036728857
0.9999717,0.00010201859,0,0.0012421807,727.8850234317874,457.15476555533354,939,77228.74,7.91532,1211.0131,0.42572948,86294.56,8.803899,0,,,,,727.8850234317874,0.000106757914,457.15476555533354,0.0001074845,-0.00020885508,-0.0035697876
0.9995844,0.00010201231,0,0.0012431082,727.8850723599342,457.154849846363,940,77198.66,7.9141607,1210.9287,0.4257837,86261.14,8.803357,0,,,,,727.8850723599342,0.00010677805,457.154849846363,0.00010752175,0.000101615755,-0.003549556
0.9997084,0.00010196141,0,0.0012440355,727.8854311331997,457.1547075337193,941,77209.234,7.9138274,1211.6525,0.42546764,86271.84,8.7989645,0,,,,,727.8854311331997,0.0001067671,457.1547075337193,0.00010749679,0.00037505123,-0.0035900793
0.999702,0.00010193575,0,0.0012449629,727.8854211454671,457.15465695608674,942,77210.19,7.9137473,1211.0459,0.42557207,86271.29,8.79675,0,,,,,727.8854211454671,0.0001067556,457.15465695608674,0.00010749197,0.0004923913,-0.0034696104
0.9998037,0.000102051905,0,0.0012458902,727.885370002288,457.15510747287124,943,77218.53,7.914863,1209.786,0.4261959,86280.07,8.806774,0,,,,,727.885370002288,0.00010675442,457.15510747287124,0.00010750281,0.00030068128,-0.0034039358
0.9995585,0.00010182057,0,0.0012468174,727.8852459473441,457.1553688881094,944,77199.914,7.9134,1210.7991,0.42596436,86258.91,8.786811,0,,,,,727.8852459473441,0.000106788364,457.1553688881094,0.00010753154,0.00040342292,-0.0030926375
0.9995582,0.00010182945,0,0.0012477447,727.8854799355963,457.1551630459967,945,77199.64,7.913347,1209.853,0.42556006,86258.88,8.787577,0,,,,,727.8854799355963,0.00010678327,457.1551630459967,0.000107524625,0.0005620978,-0.003374671
0.99912286,0.000101854734,0,0.0012486718,727.885134944673,457.154548844274,946,77165.195,7.912189,1210.2701,0.42636633,86221.31,8.789759,0,,,,,727.885134944673,0.0001068257,457.154548844274,0.00010755823,0.00024462419,-0.0039371843
0.99885327,0.000101828875,0,0.0012495988,727.8854868508246,457.1542586738641,947,77143.67,7.9112105,1208.6714,0.42613026,86198.05,8.787527,0,,,,,727.8854868508246,0.00010683546,457.1542586738641,0.0001075691,0.0006754613,-0.0041610138
0.9989884,0.00010196385,0,0.0012505258,727.8854287623052,457.15503971985896,948,77153.625,7.911531,1209.7349,0.425605,86209.71,8.799175,0,,,,,727.8854287623052,0.000106844156,457.15503971985896,0.00010757823,0.00077038835,-0.0038862736
0.9987399,0.00010190123,8192,0.0012514527,727.8858476039263,457.15480140700566,949,77135.03,7.9107375,1207.1588,0.426059,86188.266,8.793771,8192,,,,,727.8858476039263,0.000106853535,457.15480140700566,0.00010758576,0.0007271601,-0.0043405476
0.99873376,0.000101790916,0,0.0012533065,727.8853396091102,457.1556954734035,951,77133.445,7.9107237,1209.7699,0.4254366,86187.734,8.784251,0,,,,,727.8853396091102,0.00010689114,457.1556954734035,0.00010761392,0.0003306878,-0.0035783243
0.998568,0.000101696736,0,0.0012542333,727.8854597840201,457.15599784633105,952,77121.36,7.910112,1209.4695,0.42561594,86173.43,8.776124,0,,,,,727.8854597840201,0.00010691753,457.15599784633105,0.00010762644,0.0006308959,-0.0032075949
0.99748397,0.00010177804,0,0.0012551601,727.8853638582997,457.15622962864916,953,77037.234,7.906824,1207.0809,0.4259704,86079.88,8.78314,0,,,,,727.8853638582997,0.00010704125,457.15622962864916,0.00010775282,0.00060729403,-0.003919914
0.99394476,0.000101710546,0,0.0012560867,727.8851314310014,457.1583365733246,954,76764.484,7.8951206,1208.3431,0.42561197,85774.46,8.777316,0,,,,,727.8851314310014,0.00010750636,457.1583365733246,0.00010813793,0.00079569814,-0.004124939
0.9937195,0.00010157989,0,0.0012570133,727.8850140405413,457.15936009521215,955,76746.875,7.8945646,1208.411,0.42566326,85755.02,8.766041,0,,,,,727.8850140405413,0.00010756979,457.15936009521215,0.00010819562,0.0007327017,-0.0034372897
0.9934584,0.0001014215,0,0.0012579398,727.8849789783899,457.1596531892531,956,76726.516,7.893651,1208.1788,0.42547113,85732.484,8.752372,0,,,,,727.8849789783899,0.000107593485,457.1596531892531,0.000108223394,0.00036833406,-0.0035553954
0.99346083,0.00010140175,0,0.0012588664,727.8848896575576,457.1592969276724,957,76727.27,7.8937197,1206.6649,0.42599693,85732.695,8.750668,0,,,,,727.8848896575576,0.00010758054,457.1592969276724,0.000108210115,0.00035634724,-0.0035663215
0.99635535,0.00010179514,0,0.0012597928,727.8849169746305,457.1564177044305,958,76951.05,7.902999,1219.5164,0.42605007,85982.484,8.784616,0,,,,,727.8849169746305,0.0001071895,457.1564177044305,0.000107896034,7.11219e-05,-0.003983285
0.9984867,0.00010162875,0,0.0012607193,727.8846010175698,457.15592073282653,959,77114.83,7.909919,1208.0168,0.4253517,86166.414,8.770257,0,,,,,727.8846010175698,0.0001069269,457.15592073282653,0.000107648004,-0.0002543323,-0.0032444398
0.9984499,0.000101553844,0,0.0012616456,727.8851646667513,457.15557750267993,960,77112.65,7.9098835,1206.1588,0.4256924,86163.24,8.763793,0,,,,,727.8851646667513,0.00010691441,457.15557750267993,0.00010762912,0.00032078166,-0.0036566139
0.9985349,0.000101631565,0,0.0012625719,727.885138524935,457.15523693944186,961,77119.18,7.9100657,1207.1495,0.42631182,86170.58,8.7705,0,,,,,727.885138524935,0.000106880594,457.15523693944186,0.00010760666,0.00017975328,-0.0038169962
0.99874437,0.00010149688,0,0.0012634981,727.8850437535988,457.1551046829076,962,77135.55,7.910694,1207.7617,0.42639852,86188.65,8.758877,0,,,,,727.8850437535988,0.00010686125,457.1551046829076,0.00010759756,0.00014322507,-0.0038985515
0.99877256,0.00010160063,0,0.0012644242,727.8850806721657,457.1547012019365,963,77137.695,7.9109054,1207.3241,0.42638305,86191.086,8.76783,0,,,,,727.8850806721657,0.00010685636,457.1547012019365,0.00010758908,4.9720315e-05,-0.0040722676
0.99916166,0.00010160455,0,0.0012653504,727.8849447682677,457.1545138777677,964,77167.875,7.9127755,1205.7557,0.42591205,86224.664,8.768168,0,,,,,727.8849447682677,0.00010680131,457.1545138777677,0.00010753386,3.796702e-05,-0.0041768453
0.99893063,0.00010161763,0,0.0012662763,727.8848466117386,457.1545774104916,965,77150.1,7.9121046,1206.4402,0.42600727,86204.73,8.769298,0,,,,,727.8848466117386,0.00010681159,457.1545774104916,0.000107569096,-0.00012793968,-0.004084679
0.99928796,0.000101439735,0,0.0012672024,727.8851045268942,457.1548232398925,966,77177.07,7.913112,1205.9202,0.42627144,86235.56,8.753945,0,,,,,727.8851045268942,0.000106786145,457.1548232398925,0.00010753556,0.00018962295,-0.0036059667
0.9995233,0.000101659185,0,0.0012681283,727.8848844425273,457.1546064052516,967,77194.445,7.913885,1206.7825,0.42583862,86255.87,8.772883,0,,,,,727.8848844425273,0.00010677122,457.1546064052516,0.00010752162,-2.7142196e-05,-0.0038663521
0.9994944,0.00010163069,0,0.0012690541,727.8848412266819,457.1545386007312,968,77191.62,7.913721,1205.395,0.42558652,86253.375,8.770425,0,,,,,727.8848412266819,0.000106766856,457.1545386007312,0.00010751739,-0.00025353872,-0.003928633
0.99969137,0.000101524594,0,0.00126998,727.8849319438501,457.1548389860706,969,77205.445,7.9142513,1204.9059,0.4261808,86270.375,8.761269,0,,,,,727.8849319438501,0.00010675666,457.1548389860706,0.00010750167,-0.00011001252,-0.0035211104
0.9997342,0.00010158241,0,0.0012709057,727.8843789448151,457.15461503055866,970,77209.1,7.9150386,1206.1746,0.425716,86274.07,8.766258,0,,,,,727.8843789448151,0.0001067684,457.15461503055866,0.000107502936,-0.00073782046,-0.0037301653
0.99968,0.00010181822,0,0.0012718315,727.8845413812971,457.1547425272843,971,77205.92,7.914268,1207.3684,0.4257631,86269.39,8.786608,0,,,,,727.8845413812971,0.00010674118,457.1547425272843,0.00010750359,-0.00056348636,-0.0038039533
0.9993329,0.00010161294,0,0.0012736827,727.8846242837669,457.1544482054863,973,77184.9,7.913797,1215.859,0.42635772,86239.44,8.768892,0,,,,,727.8846242837669,0.00010677281,457.1544482054863,0.000107538224,-0.00043516012,-0.0042236475
1.0000145,0.00010153495,0,0.0012746082,727.8846845476137,457.1550598265607,974,77238.46,7.915554,1207.2865,0.4254714,86298.26,8.762162,0,,,,,727.8846845476137,0.00010673681,457.1550598265607,0.000107484586,-0.00061361736,-0.0034058772
0.999762,0.00010176092,0,0.0012755337,727.8845460716175,457.155537981691,975,77219.414,7.914845,1206.099,0.4256347,86276.47,8.781663,0,,,,,727.8845460716175,0.00010675752,457.155537981691,0.000107516054,-0.0005031456,-0.0030764712
0.99934095,0.00010131197,0,0.0012764591,727.8844585522789,457.1554011065787,976,77186.19,7.9135523,1206.8503,0.42545322,86240.13,8.74292,0,,,,,727.8844585522789,0.00010680046,457.1554011065787,0.00010754926,-0.00065935793,-0.0032238888
0.99938774,0.00010155058,0,0.0012773845,727.8847130689593,457.1553150094138,977,77186.66,7.9131346,1206.0618,0.4255702,86244.17,8.763511,0,,,,,727.8847130689593,0.000106788764,457.1553150094138,0.00010754771,-0.00025661322,-0.003547019
0.999264,0.000101753285,0,0.0012783097,727.8846099803023,457.1548764006474,978,77173.9,7.912981,1205.4977,0.4253584,86233.49,8.781004,0,,,,,727.8846099803023,0.00010680944,457.1548764006474,0.00010756016,-0.00047654277,-0.004102273
0.99912083,0.00010161103,0,0.001279235,727.8845098523304,457.15497651210916,979,77163.27,7.9126654,1204.6395,0.42647722,86221.14,8.768728,0,,,,,727.8845098523304,0.00010682222,457.15497651210916,0.00010758217,-0.0005642318,-0.004008296
0.99873394,0.00010168226,0,0.0012801602,727.8840065423572,457.1543880444211,980,77133.31,7.9123306,1207.3708,0.42575338,86187.75,8.774875,0,,,,,727.8840065423572,0.00010685528,457.1543880444211,0.00010759672,-0.0009691664,-0.004579217
0.9987404,0.00010157584,0,0.0012810853,727.8843396212751,457.15478149506765,981,77133.77,7.9114265,1205.8783,0.42612502,86188.305,8.765691,0,,,,,727.8843396212751,0.000106862935,457.15478149506765,0.0001076047,-0.00072254863,-0.0042857635
0.9983686,0.0001017405,0,0.0012820103,727.8844190817782,457.15454459163806,982,77104.78,7.910284,1205.8362,0.42578208,86156.23,8.779901,0,,,,,727.8844190817782,0.00010689471,457.15454459163806,0.00010763591,-0.00068034104,-0.004460244
0.99831206,0.00010140568,0,0.0012829354,727.8842872985035,457.1550324421081,983,77100.52,7.909095,1206.3854,0.42544353,86151.34,8.751007,0,,,,,727.8842872985035,0.00010690025,457.1550324421081,0.00010765211,-0.0008581248,-0.00416776
0.99835217,0.000101513186,0,0.0012838603,727.884466708019,457.1552558062093,984,77103.414,7.9092727,1203.9984,0.4256051,86154.805,8.760284,0,,,,,727.884466708019,0.00010690982,457.1552558062093,0.000107640524,-0.0006633762,-0.004178455
0.9981883,0.00010170558,0,0.0012847851,727.8845682539137,457.15482461511607,985,77090.54,7.9096594,1205.0361,0.42571846,86140.664,8.776887,0,,,,,727.8845682539137,0.00010691735,457.15482461511607,0.0001076597,-0.0005211645,-0.004422688
0.99812496,0.00010180717,0,0.00128571,727.8847535176204,457.15468850242513,986,77085.695,7.909518,1205.7488,0.42592874,86135.195,8.785654,0,,,,,727.8847535176204,0.000106921485,457.15468850242513,0.00010766466,-0.00043418366,-0.004742349
0.9981906,0.00010178963,0,0.0012866347,727.8844424316261,457.1545708282026,987,77091.18,7.9096956,1205.6243,0.42583874,86140.86,8.784141,0,,,,,727.8844424316261,0.00010691226,457.1545708282026,0.00010765328,-0.0004925514,-0.004689967
0.9984028,0.000101973055,0,0.0012875594,727.8842501793416,457.1546042406934,988,77107.46,7.910333,1205.8192,0.4258253,86159.17,8.79997,0,,,,,727.8842501793416,0.0001068849,457.1546042406934,0.00010763095,-0.0006609346,-0.0046331333
0.9984667,0.00010195985,0,0.0012884841,727.884613342747,457.1548521066384,989,77112.664,7.9093175,1206.3903,0.4259296,86164.69,8.79883,0,,,,,727.884613342747,0.000106876,457.1548521066384,0.000107614374,-0.00033314663,-0.004187807
0.9983344,0.00010195671,0,0.0012894087,727.8844321087297,457.1544047009805,990,77102.234,7.909491,1205.7413,0.4252324,86153.27,8.798559,0,,,,,727.8844321087297,0.00010686247,457.1544047009805,0.00010762032,-0.0005720044,-0.0049050343
0.9985293,0.00010186751,0,0.0012903332,727.8837368799052,457.1543299129486,991,77117.016,7.911156,1205.4915,0.42542636,86170.09,8.790861,0,,,,,727.8837368799052,0.00010686864,457.1543299129486,0.0001076104,-0.001261768,-0.004937566
0.99852806,0.00010180019,0,0.0012912577,727.8838586769207,457.15420925952736,992,77116.625,7.9111404,1207.7185,0.42484418,86169.984,8.785052,0,,,,,727.8838586769207,0.00010687419,457.15420925952736,0.00010761204,-0.00092739385,-0.0047146757
0.9986092,0.00010147897,0,0.001292182,727.8839924585571,457.1543064533868,993,77122.75,7.911418,1205.594,0.42618904,86176.984,8.757331,0,,,,,727.8839924585571,0.00010686091,457.1543064533868,0.00010760541,-0.0012620325,-0.004670216
0.9987438,0.000101868434,0,0.0012931064,727.8842716277562,457.15423788376285,994,77134.05,7.9122076,1204.5631,0.42512292,86188.6,8.790941,0,,,,,727.8842716277562,0.0001068451,457.15423788376285,0.00010758109,-0.0010430135,-0.004653609
0.9987894,0.00010168145,0,0.0012940307,727.88442635936,457.15412142241155,995,77137.234,7.912411,1205.8081,0.42617595,86192.54,8.774805,0,,,,,727.88442635936,0.00010683708,457.15412142241155,0.000107582244,-0.0009222861,-0.004777622
0.99915427,0.000101366,0,0.0012949549,727.8841155608163,457.15407898137954,996,77164.36,7.9139967,1205.1736,0.4251498,86224.02,8.747582,0,,,,,727.8841155608163,0.000106801745,457.15407898137954,0.0001075523,-0.0010359789,-0.0046172985
0.99929786,0.00010132012,0,0.001295879,727.8841941152621,457.15378314602697,997,77175.84,7.9140143,1203.9901,0.42528224,86236.414,8.743623,0,,,,,727.8841941152621,0.00010678302,457.15378314602697,0.00010753158,-0.0009797293,-0.004637972
0.99928063,0.000101148755,0,0.0012968031,727.8842389525403,457.1539876048167,998,77174.5,7.9144034,1205.4127,0.42473775,86234.93,8.728835,0,,,,,727.8842389525403,0.00010677666,457.1539876048167,0.0001075252,-0.0010006196,-0.0048257886
0.9992382,0.00010123507,8192,0.0012977272,727.8841408606836,457.1539333163885,999,77171.69,7.913351,1206.2161,0.42495218,86231.266,8.736283,8192,,,,,727.8841408606836,0.00010676991,457.1539333163885,0.00010753531,-0.00090543,-0.0046686847
0.9993566,0.00010132981,0,0.0012986512,727.8838426021343,457.15371957868393,1000,77183.08,7.9137864,1205.478,0.4260024,86241.484,8.744459,0,,,,,727.8838426021343,0.000106756845,457.15371957868393,0.0001074981,-0.0012656684,-0.0047814115
0.999312,0.00010108505,0,0.0012995751,727.883660723195,457.153530230184,1001,77180.62,7.913788,1205.7045,0.42542672,86237.63,8.723337,0,,,,,727.883660723195,0.000106762825,457.153530230184,0.00010751349,-0.0016071204,-0.004854965
0.99924153,0.00010093214,0,0.001300499,727.8833503893164,457.15343782952124,1002,77175.51,7.9133835,1204.5045,0.42535266,86231.555,8.710142,0,,,,,727.8833503893164,0.00010676685,457.15343782952124,0.00010751649,-0.0020223185,-0.0051238136
0.9992984,0.00010099814,0,0.0013014227,727.8837094948358,457.15325853793775,1003,77179.03,7.9136224,1204.5791,0.42581564,86236.46,8.7158375,0,,,,,727.8837094948358,0.00010675447,457.15325853793775,0.00010750608,-0.0016192247,-0.0053969612
0.9990798,0.00010076208,0,0.0013023465,727.8831076980309,457.1533167299773,1004,77162.04,7.9129434,1203.6338,0.4257671,86217.6,8.695466,0,,,,,727.8831076980309,0.00010677799,457.1533167299773,0.000107535525,-0.0023269253,-0.0055633676
0.9990185,0.000100856116,0,0.0013032701,727.8830585885546,457.15323286286326,1005,77155.67,7.9127316,1205.2909,0.4247557,86212.305,8.703581,0,,,,,727.8830585885546,0.00010678625,457.15323286286326,0.000107538195,-0.0022992566,-0.0057041855
0.9990362,0.000100781406,0,0.0013041937,727.8829339135686,457.15323368224716,1006,77154.805,7.9126554,1204.4702,0.42520496,86213.836,8.697134,0,,,,,727.8829339135686,0.00010679506,457.15323368224716,0.00010755303,-0.002332545,-0.005688024
0.9987193,0.00010119365,0,0.0013051173,727.8833688770084,457.1535244140404,1007,77129.83,7.9115963,1205.6089,0.42522055,86186.484,8.732709,0,,,,,727.8833688770084,0.000106839674,457.1535244140404,0.000107580774,-0.0019194796,-0.0053323777
0.99850124,0.000101092926,0,0.0013060408,727.8833927758445,457.15376236260033,1008,77112.37,7.910951,1204.6937,0.42591774,86167.67,8.724017,0,,,,,727.8833927758445,0.00010684735,457.15376236260033,0.000107607535,-0.0018508696,-0.005265728
0.99852514,0.00010127622,0,0.0013069642,727.8833597191793,457.15355006934794,1009,77114.74,7.9110227,1204.5885,0.42518455,86169.734,8.739835,0,,,,,727.8833597191793,0.00010685706,457.15355006934794,0.00010758574,-0.0018482582,-0.0055172574
0.9981323,0.000100786434,0,0.0013078876,727.8833975810718,457.15346171784086,1010,77084.38,7.9099226,1204.956,0.42600858,86135.83,8.697568,0,,,,,727.8833975810718,0.00010688489,457.15346171784086,0.000107642285,-0.0018309373,-0.006051124
0.9981121,0.0001013347,0,0.0013088109,727.8833894614202,457.1537021877153,1011,77082.09,7.9097776,1206.0765,0.42470443,86134.086,8.744882,0,,,,,727.8833894614202,0.00010690366,457.1537021877153,0.000107630694,-0.0018746691,-0.0055196676
0.9979554,0.00010165101,0,0.0013097341,727.8830666575545,457.15393600066693,1012,77070.51,7.909181,1204.9128,0.4253971,86120.56,8.772178,0,,,,,727.8830666575545,0.00010691665,457.15393600066693,0.00010765501,-0.0018069478,-0.005361433
0.99540186,0.000101482954,0,0.0013106572,727.8834397967912,457.1562599417126,1013,76874.02,7.8993793,1202.9491,0.42543295,85900.2,8.757675,0,,,,,727.8834397967912,0.00010726277,457.1562599417126,0.000107961976,-0.0014885908,-0.005391695
0.9933146,0.00010144822,0,0.0013115804,727.8833873821097,457.15751201510756,1014,76713.24,7.892968,1203.0657,0.42573363,85720.08,8.754678,0,,,,,727.8833873821097,0.00010755179,457.15751201510756,0.0001081788,-0.0014192035,-0.005528851
0.99300057,0.00010138826,0,0.0013125035,727.8839711804562,457.15791229030833,1015,76688.96,7.891945,1202.5504,0.42585295,85692.98,8.749503,0,,,,,727.8839711804562,0.000107582506,457.15791229030833,0.00010822118,-0.00085587933,-0.0055222316
0.9930934,0.00010143512,0,0.0013134264,727.8835346774348,457.1579082624271,1016,76695.71,7.892326,1204.8862,0.425378,85700.984,8.753548,0,,,,,727.8835346774348,0.00010758071,457.1579082624271,0.00010822934,-0.001073322,-0.0053025796
0.9940541,0.00010150889,0,0.0013143494,727.884077018257,457.15725060860416,1017,76770.016,7.89527,1204.2838,0.42559287,85783.89,8.759913,0,,,,,727.884077018257,0.00010744403,457.15725060860416,0.00010810744,-0.00041094143,-0.005305657
0.9974838,0.00010161514,0,0.0013152722,727.884652166092,457.1555580497373,1018,77034.18,7.905956,1203.8934,0.42577422,86079.87,8.769082,0,,,,,727.884652166092,0.00010701836,457.1555580497373,0.00010777886,-0.00017804898,-0.005014107
0.998196,0.00010163031,0,0.001316195,727.8843464921971,457.15439602540584,1019,77089.21,7.9095206,1203.8131,0.42523542,86141.33,8.770391,0,,,,,727.8843464921971,0.00010689593,457.15439602540584,0.000107642125,-0.00059150456,-0.005022078
0.99794877,0.00010162213,0,0.0013171177,727.88466077327,457.15410101685984,1020,77069.805,7.9088902,1205.2817,0.42489254,86119.99,8.769686,0,,,,,727.88466077327,0.00010691295,457.15410101685984,0.00010765451,-0.00023775356,-0.0051634805
0.9982389,0.00010167218,0,0.0013180404,727.8848911138967,457.153609713151,1021,77092.336,7.909706,1205.045,0.42560396,86145.03,8.774005,0,,,,,727.8848911138967,0.000106867454,457.153609713151,0.00010761655,-0.0001875249,-0.005593773
0.9984649,0.00010159508,0,0.001318963,727.8846425459598,457.1531949845618,1022,77109.73,7.9103518,1202.9038,0.42600322,86164.53,8.767351,0,,,,,727.8846425459598,0.000106831285,457.1531949845618,0.00010759279,-0.00014000278,-0.0059086704
0.998388,0.00010153358,0,0.0013198856,727.8848654483984,457.15335194734996,1023,77103.125,7.9101315,1204.3049,0.42572957,86157.9,8.762044,0,,,,,727.8848654483984,0.00010682913,457.15335194734996,0.000107598586,-9.1050206e-05,-0.005745824
0.99847,0.00010151354,0,0.0013208081,727.8849218739157,457.1527016969207,1024,77109.86,7.9103136,1203.6675,0.4246104,86164.98,8.760315,0,,,,,727.8849218739157,0.00010680743,457.1527016969207,0.000107566084,8.6752174e-05,-0.00622669
0.9985555,0.00010135033,0,0.0013217306,727.8853190988117,457.15291099304716,1025,77115.164,7.9104724,1202.3434,0.4256148,86172.35,8.74623,0,,,,,727.8853190988117,0.00010677695,457.15291099304716,0.000107551576,0.0004838751,-0.006005283
0.99896806,0.000101268764,0,0.0013226529,727.885557864601,457.15338033834274,1026,77146.375,7.9118166,1204.0846,0.4253129,86207.95,8.739191,0,,,,,727.885557864601,0.00010677161,457.15338033834274,0.000107538064,0.00066435826,-0.0052073495
0.99878633,0.000101232035,0,0.0013235752,727.8851214759067,457.1528661536489,1027,77132.63,7.9111357,1201.2136,0.42572564,86192.27,8.736022,0,,,,,727.8851214759067,0.000106750325,457.1528661536489,0.000107536245,0.00032001914,-0.005884596
0.99882585,0.00010106777,0,0.0013244974,727.884919729194,457.15253745979334,1028,77135.516,7.9113245,1204.1221,0.42520943,86195.68,8.721847,0,,,,,727.884919729194,0.000106751315,457.15253745979334,0.00010752911,7.9948746e-05,-0.0061867596
0.99919003,0.00010099951,0,0.0013254195,727.8853752866606,457.1530203356379,1029,77163.23,7.9124537,1202.224,0.42548457,86227.11,8.715956,0,,,,,727.8853752866606,0.00010673531,457.1530203356379,0.000107505104,0.00029417855,-0.0055085965
0.9989903,0.000100883895,0,0.0013263416,727.8851852309026,457.1523632316858,1030,77147.6,7.911739,1203.4214,0.42624474,86209.875,8.705978,0,,,,,727.8851852309026,0.00010672605,457.1523632316858,0.00010749887,0.0004942799,-0.006373085
0.99887305,0.000100587116,0,0.0013272637,727.885081224864,457.1525368309431,1031,77137.836,7.9113045,1204.5503,0.4248658,86199.76,8.680367,0,,,,,727.885081224864,0.00010674332,457.1525368309431,0.000107532265,0.00015286695,-0.006076906
0.99897766,0.00010074965,0,0.0013281857,727.8852601711573,457.1529992104012,1032,77144.94,7.9117103,1203.1738,0.4255554,86208.78,8.694393,0,,,,,727.8852601711573,0.000106759944,457.1529992104012,0.00010752984,0.00039568832,-0.0056673954
0.9989414,0.000100602934,0,0.0013291076,727.8851494671183,457.1527705634482,1033,77141.445,7.9115095,1205.959,0.4248055,86205.66,8.681732,0,,,,,727.8851494671183,0.000106752916,457.1527705634482,0.000107532505,0.0004013588,-0.0058228737
0.9989514,0.00010058219,0,0.0013300295,727.8850200496481,457.1532221768754,1034,77143.08,7.9115725,1202.502,0.4250672,86206.516,8.679942,0,,,,,727.8850200496481,0.00010674981,457.1532221768754,0.00010753285,8.2589104e-05,-0.0057429136
0.9987289,0.00010033173,0,0.0013309512,727.8853542147777,457.1529222753693,1035,77126.805,7.9109616,1201.5991,0.42594343,86187.31,8.658328,0,,,,,727.8853542147777,0.00010677936,457.1529222753693,0.00010755022,0.00028436878,-0.006034995
0.99879986,0.0001001938,0,0.0013318729,727.8856531841553,457.15334574453277,1036,77136.195,7.911214,1202.8423,0.42507973,86193.44,8.646425,0,,,,,727.8856531841553,0.00010677883,457.15334574453277,0.000107544016,0.00086948165,-0.0056741503
0.9985886,0.00010011872,0,0.0013327945,727.8857219852994,457.1539381935544,1037,77121.56,7.9107113,1203.7195,0.42526874,86175.21,8.639946,0,,,,,727.8857219852994,0.00010679875,457.1539381935544,0.00010757226,0.0009042535,-0.0052413153
0.99826443,9.9929624e-05,0,0.0013337161,727.8856055935944,457.1537951910366,1038,77096.35,7.909066,1203.3381,0.4258842,86147.234,8.623628,0,,,,,727.8856055935944,0.00010683944,457.1537951910366,0.000107602726,0.000977793,-0.005305316
0.99838275,9.986325e-05,0,0.0013346376,727.8857503915842,457.15391418708174,1039,77104.74,7.9097033,1201.7959,0.42561698,86157.445,8.6179,0,,,,,727.8857503915842,0.00010683094,457.15391418708174,0.00010760141,0.0009988307,-0.005283063
0.9982058,9.996421e-05,0,0.0013355592,727.8860358513774,457.15403481663833,1040,77088.555,7.908587,1203.2742,0.4247704,86142.17,8.626612,0,,,,,727.8860358513774,0.00010684331,457.15403481663833,0.00010760425,0.0011592484,-0.0054705273
0.99851495,9.9722885e-05,0,0.0013364805,727.8859402800681,457.1541666553605,1041,77108.086,7.9094605,1201.7042,0.42580208,86168.85,8.605786,0,,,,,727.8859402800681,0.00010682898,457.1541666553605,0.00010757904,0.0008538521,-0.005098883
0.9978814,9.960207e-05,0,0.0013374018,727.8859192578864,457.1539371609971,1042,77057.88,7.9075055,1201.7218,0.42574644,86114.18,8.595361,0,,,,,727.8859192578864,0.00010687375,457.1539371609971,0.000107637614,0.0011513578,-0.005723377
0.99777657,9.935037e-05,0,0.0013383231,727.8858987349046,457.1536567949702,1043,77053.55,7.9072943,1202.1302,0.42590383,86105.13,8.57364,0,,,,,727.8858987349046,0.00010688475,457.1536567949702,0.00010764517,0.001093927,-0.006021019
