flux,flux_err,quality,timecorr,centroid_col,centroid_row,cadenceno,sap_flux,sap_flux_err,sap_bkg,sap_bkg_err,pdcsap_flux,pdcsap_flux_err,sap_quality,psf_centr1,psf_centr1_err,psf_centr2,psf_centr2_err,mom_centr1,mom_centr1_err,mom_centr2,mom_centr2_err,pos_corr1,pos_corr2
0.9995074,0.0005407659,0,0.002717883,875.2153750135446,1033.5704410518456,2977,5981.1284,3.153204,831.9433,0.36045656,7496.1143,4.0556407,0,,,,,875.2153750135446,0.00072816364,1033.5704410518456,0.0007153801,-0.070451744,-0.21031356
0.9998059,0.00054114574,0,0.0027186181,875.2128815313729,1033.5710497063747,2978,5983.572,3.154101,831.5917,0.36032957,7498.353,4.0584893,0,,,,,875.2128815313729,0.00072867115,1033.5710497063747,0.00071584946,-0.070711926,-0.20945379
1.0002543,0.0005411544,0,0.0027193532,875.2136966063885,1033.570081868409,2979,5984.53,3.1535716,829.9505,0.36026973,7501.716,4.0585546,0,,,,,875.2136966063885,0.00072816206,1033.570081868409,0.00071541633,-0.07032023,-0.2090371
0.9989942,0.0005410111,0,0.002720088,875.2156230675357,1033.5720409759465,2980,5977.74,3.1524892,831.8563,0.36000678,7492.265,4.05748,0,,,,,875.2156230675357,0.000729389,1033.5720409759465,0.0007168088,-0.07029185,-0.2087694
0.9985562,0.00054090266,0,0.0027208223,875.2137674328549,1033.572162194056,2981,5973.4077,3.1519365,831.3686,0.36038947,7488.9805,4.0566664,0,,,,,875.2137674328549,0.00072910904,1033.572162194056,0.0007162501,-0.07022814,-0.2083409
0.9995264,0.0005410966,0,0.0027215567,875.2114518436406,1033.5728218843578,2982,5980.42,3.1526067,831.37683,0.3600637,7496.2563,4.058121,0,,,,,875.2114518436406,0.0007280865,1033.5728218843578,0.0007148613,-0.070123404,-0.20753708
0.9992974,0.00054088194,8192,0.0027222908,875.2136976571205,1033.5737140034632,2983,5977.344,3.1518955,831.363,0.36011016,7494.539,4.056511,8192,,,,,875.2136976571205,0.00072869286,1033.5737140034632,0.0007158356,-0.0700877,-0.20729543
0.99870646,0.0005411792,0,0.0027230247,875.2139074588251,1033.5733251088475,2984,5975.1396,3.1516242,829.74255,0.36072642,7490.1074,4.0587406,0,,,,,875.2139074588251,0.0007285482,1033.5733251088475,0.0007157315,-0.069884546,-0.20699808
0.99939036,0.0005411644,0,0.0027237583,875.214623447805,1033.572972964549,2985,5977.6094,3.1522803,830.8366,0.3599981,7495.2363,4.0586295,0,,,,,875.214623447805,0.0007279966,1033.572972964549,0.0007151988,-0.069708996,-0.20653108
0.9984676,0.0005411963,0,0.0027244918,875.2136210218753,1033.5737312593765,2986,5972.978,3.1520987,830.6858,0.36047664,7488.316,4.058869,0,,,,,875.2136210218753,0.0007293,1033.5737312593765,0.0007165055,-0.0697053,-0.20614614
0.99996024,0.00054134295,0,0.0027252252,875.2140023515767,1033.5744763234247,2987,5980.7754,3.1527386,830.4906,0.36054876,7499.5103,4.0599685,0,,,,,875.2140023515767,0.00072900613,1033.5744763234247,0.00071631814,-0.0696162,-0.20558092
1.0024797,0.0005416341,0,0.0027259581,875.2168026700094,1033.5750227353515,2988,5995.6226,3.153991,829.9328,0.36007425,7518.4053,4.062152,0,,,,,875.2168026700094,0.00072619255,1033.5750227353515,0.0007138097,-0.06951259,-0.20532276
1.0004694,0.0005414321,0,0.0027266908,875.2154899192544,1033.5755819464844,2989,5983.127,3.1527247,830.3725,0.36004302,7503.329,4.0606375,0,,,,,875.2154899192544,0.000728361,1033.5755819464844,0.0007158344,-0.069227666,-0.20441869
0.99913204,0.0005414649,0,0.0027274233,875.2162603287672,1033.5757635778737,2990,5975.435,3.1523774,830.0576,0.36031094,7493.299,4.060883,0,,,,,875.2162603287672,0.0007283336,1033.5757635778737,0.0007160056,-0.06943589,-0.20429209
0.9988856,0.0005414509,0,0.0027281558,875.2153745779569,1033.577780639133,2991,5972.6416,3.1520376,829.31854,0.36027795,7491.4507,4.060778,0,,,,,875.2153745779569,0.0007284804,1033.577780639133,0.00071617943,-0.06944225,-0.20359984
1.0000708,0.0005415803,0,0.002728888,875.219295613179,1033.5721304509711,2992,5980.128,3.152616,829.38477,0.36040756,7500.34,4.0617485,0,,,,,875.219295613179,0.0007299835,1033.5721304509711,0.00071717735,-0.06929103,-0.20325631
0.9992443,0.00054165104,0,0.0027296199,875.2142387578995,1033.5776039268178,2993,5974.3677,3.1522994,829.754,0.36046454,7494.1406,4.062279,0,,,,,875.2142387578995,0.00072882423,1033.5776039268178,0.00071638287,-0.06931949,-0.20257646
0.9993094,0.000541596,0,0.0027303516,875.2160483950408,1033.575956797944,2994,5974.7114,3.15215,829.7044,0.36058596,7494.6294,4.0618663,0,,,,,875.2160483950408,0.0007285859,1033.575956797944,0.00071624434,-0.06923916,-0.2025939
0.99966484,0.00054159306,0,0.0027310832,875.2159547389542,1033.5774709544426,2995,5975.88,3.1515996,830.12115,0.3601079,7497.295,4.0618443,0,,,,,875.2159547389542,0.00072837586,1033.5774709544426,0.0007159804,-0.06905379,-0.20207696
0.99858886,0.0005414841,0,0.0027318143,875.215534532407,1033.5781838363116,2996,5969.9316,3.150726,828.50275,0.36047974,7489.225,4.061027,0,,,,,875.215534532407,0.00072861934,1033.5781838363116,0.00071612967,-0.069142625,-0.20171797
0.9998172,0.0005417481,0,0.0027332762,875.2159033629096,1033.5788964442245,2998,5975.9365,3.152226,829.8127,0.36010954,7498.4375,4.063007,0,,,,,875.2159033629096,0.00072842045,1033.5788964442245,0.000716115,-0.06906108,-0.20075838
0.9992757,0.000542018,0,0.0027340068,875.2172949016324,1033.5795010890665,2999,5972.714,3.1530855,828.7766,0.36086413,7494.3765,4.065031,0,,,,,875.2172949016324,0.000728545,1033.5795010890665,0.0007165497,-0.06915434,-0.20030703
0.998844,0.0005419851,0,0.0027347372,875.2155456419948,1033.5792365926347,3000,5969.5483,3.1528041,828.64886,0.36035347,7491.139,4.0647845,0,,,,,875.2155456419948,0.00072948774,1033.5792365926347,0.0007173632,-0.06910787,-0.1999333
0.9990305,0.00054193026,0,0.0027354676,875.2154418173519,1033.5809680510054,3001,5970.6294,3.1520908,827.9856,0.36042264,7492.537,4.064373,0,,,,,875.2154418173519,0.0007293302,1033.5809680510054,0.00071710796,-0.06905019,-0.19962707
1.0013148,0.000541941,0,0.0027361976,875.2165195050306,1033.580061646317,3002,5983.381,3.152735,827.95667,0.3603084,7509.6694,4.0644536,0,,,,,875.2165195050306,0.00072624075,1033.580061646317,0.0007142643,-0.06919685,-0.19930051
0.9994842,0.0005417519,0,0.0027369272,875.2145579911967,1033.581115243786,3003,5972.817,3.151367,828.4779,0.36031485,7495.94,4.0630355,0,,,,,875.2145579911967,0.00072860764,1033.581115243786,0.0007162812,-0.068905525,-0.19918929
0.9985993,0.0005416254,0,0.0027376567,875.2158844095768,1033.5793591319089,3004,5966.5493,3.150388,828.3717,0.36019433,7489.3037,4.062087,0,,,,,875.2158844095768,0.00072903064,1033.5793591319089,0.00071682315,-0.06906248,-0.19888361
0.99885386,0.0005417421,8192,0.0027383862,875.2175458051897,1033.5808772712653,3005,5968.5474,3.1508338,828.6021,0.35980052,7491.213,4.062962,8192,,,,,875.2175458051897,0.0007292222,1033.5808772712653,0.00071710063,-0.06910579,-0.19846846
1.0001252,0.0005418256,0,0.0027391152,875.2153914450296,1033.5804205521993,3006,5974.882,3.1514883,828.2546,0.3602061,7500.747,4.063588,0,,,,,875.2153914450296,0.0007289296,1033.5804205521993,0.00071656343,-0.06884241,-0.19850786
0.9994472,0.00054201303,0,0.0027398441,875.2150039672428,1033.581687333116,3007,5971.7637,3.1520555,829.30884,0.36076793,7495.663,4.064994,0,,,,,875.2150039672428,0.0007291941,1033.581687333116,0.0007169771,-0.06893059,-0.19815543
0.99984753,0.00054215704,0,0.0027405727,875.2141709978629,1033.5822532513719,3008,5972.953,3.1529589,828.4396,0.3602289,7498.665,4.066074,0,,,,,875.2141709978629,0.0007282519,1033.5822532513719,0.0007161335,-0.069085546,-0.19760379
0.9994113,0.00054212,0,0.0027413012,875.2157128473218,1033.582837627308,3009,5971.181,3.152474,827.69855,0.36048174,7495.3936,4.0657964,0,,,,,875.2157128473218,0.0007283411,1033.582837627308,0.0007163777,-0.06910236,-0.19751254
0.99962544,0.00054203585,0,0.0027420295,875.2154285780266,1033.5826449357764,3010,5971.6064,3.1518042,827.77875,0.36086053,7496.9995,4.065165,0,,,,,875.2154285780266,0.00072890345,1033.5826449357764,0.0007168401,-0.06911468,-0.19700578
0.99710363,0.0005418828,128,0.0027427576,875.2164829613728,1033.581637191151,3011,5957.613,3.1512923,827.39575,0.36043087,7478.0864,4.0640173,128,,,,,875.2164829613728,0.00073025294,1033.581637191151,0.000718245,-0.069227375,-0.19659519
1.0002923,0.0005419465,0,0.0027434854,875.2165321977577,1033.5841789666072,3012,5974.778,3.1515536,828.1833,0.3604971,7502.0005,4.064495,0,,,,,875.2165321977577,0.0007274167,1033.5841789666072,0.00071535114,-0.06892239,-0.19627695
0.9994689,0.00054198015,0,0.0027442127,875.2149511832629,1033.5829751625274,3013,5970.1143,3.1510477,828.358,0.3602502,7495.8257,4.0647473,0,,,,,875.2149511832629,0.000728359,1033.5829751625274,0.0007160707,-0.06902482,-0.19629261
0.99860674,0.0005417843,0,0.00274494,875.2154700345584,1033.5839224896508,3014,5963.8877,3.150218,827.6576,0.36037526,7489.3594,4.063278,0,,,,,875.2154700345584,0.0007289865,1033.5839224896508,0.0007169481,-0.0689468,-0.19590901
1.0002114,0.0005420325,0,0.0027456675,875.2160285452604,1033.5826250024397,3015,5973.594,3.1513438,827.51843,0.3603337,7501.394,4.06514,0,,,,,875.2160285452604,0.00072832673,1033.5826250024397,0.0007162913,-0.0689837,-0.19569908
0.9990292,0.0005420372,0,0.0027463944,875.2168744734868,1033.5837835144357,3016,5965.723,3.1510627,827.2269,0.3604733,7492.528,4.065175,0,,,,,875.2168744734868,0.0007286897,1033.5837835144357,0.0007168136,-0.069119774,-0.19510615
0.99855775,0.0005420937,0,0.002747121,875.2142838627527,1033.584531656334,3017,5963.0405,3.151177,827.9565,0.360333,7488.992,4.065599,0,,,,,875.2142838627527,0.00072927034,1033.584531656334,0.0007171061,-0.06933332,-0.19484194
0.9993222,0.00054200715,0,0.0027478475,875.2152145951343,1033.585246970952,3018,5966.759,3.1510043,827.63696,0.35992151,7494.725,4.06495,0,,,,,875.2152145951343,0.00072809425,1033.585246970952,0.0007161418,-0.069102064,-0.19457617
0.9982512,0.00054193323,0,0.0027485737,875.2150636660228,1033.5862782326822,3019,5960.622,3.1504295,829.4015,0.35990033,7486.693,4.0643954,0,,,,,875.2150636660228,0.0007308311,1033.5862782326822,0.0007187874,-0.06912321,-0.19432995
0.99941796,0.0005421239,0,0.0027492999,875.2163670552334,1033.5855840900479,3020,5967.073,3.15101,827.1539,0.36056113,7495.4434,4.0658255,0,,,,,875.2163670552334,0.00072840595,1033.5855840900479,0.00071641646,-0.06923025,-0.19369511
0.99911946,0.00054217124,0,0.0027500256,875.2149996066415,1033.5854159668083,3021,5965.3403,3.1509078,826.56616,0.36063984,7493.2046,4.0661807,0,,,,,875.2149996066415,0.00072890957,1033.5854159668083,0.0007168719,-0.06912374,-0.19368277
0.9988365,0.0005420447,0,0.0027507513,875.2157128666104,1033.5862144530242,3022,5963.529,3.1505725,827.3895,0.36058024,7491.0825,4.0652313,0,,,,,875.2157128666104,0.0007287813,1033.5862144530242,0.0007167963,-0.069108255,-0.19328694
0.9996459,0.0005421445,0,0.0027514766,875.2138259108355,1033.586537941565,3023,5967.614,3.1512046,827.48865,0.3605047,7497.153,4.06598,0,,,,,875.2138259108355,0.0007285458,1033.586537941565,0.00071647565,-0.06920902,-0.1928993
0.9992036,0.0005422118,0,0.0027522019,875.2151643686875,1033.5866956322636,3024,5965.162,3.150853,826.56476,0.360317,7493.836,4.066485,0,,,,,875.2151643686875,0.0007284132,1033.5866956322636,0.0007164407,-0.06940873,-0.19266891
0.9996616,0.0005421974,0,0.0027529267,875.215928557696,1033.586732106362,3025,5966.9966,3.150702,827.4997,0.360297,7497.271,4.0663767,0,,,,,875.215928557696,0.000728493,1033.586732106362,0.00071654713,-0.06931698,-0.1922623
0.9990715,0.0005420521,0,0.0027536515,875.2154722375031,1033.5884862420708,3026,5963.9263,3.150076,827.43634,0.36044878,7492.8447,4.065287,0,,,,,875.2154722375031,0.00072957645,1033.5884862420708,0.00071760535,-0.06924033,-0.1923381
1.0012293,0.00054226007,0,0.002754376,875.2158476804192,1033.5867414011027,3027,5975.435,3.1514108,827.0681,0.36024976,7509.028,4.066847,0,,,,,875.2158476804192,0.0007282305,1033.5867414011027,0.0007163451,-0.06937472,-0.1918727
0.9987805,0.0005421298,0,0.0027551004,875.215791096686,1033.5877675970005,3028,5961.5166,3.15057,826.7251,0.36031413,7490.6626,4.06587,0,,,,,875.215791096686,0.00072910567,1033.5877675970005,0.0007172407,-0.06917848,-0.19189271
0.9948659,0.0005420877,128,0.0027558245,875.2166395613084,1033.5875827751727,3029,5938.058,3.1499848,826.4499,0.36067033,7461.3037,4.065554,128,,,,,875.2166395613084,0.00073152385,1033.5875827751727,0.0007198438,-0.0690261,-0.19154099
0.9810412,0.0005407675,128,0.0027565483,875.2152518594028,1033.5872941557109,3030,5858.6133,3.142298,827.34406,0.3603848,7357.621,4.0556526,128,,,,,875.2152518594028,0.00074085064,1033.5872941557109,0.0007287368,-0.06890927,-0.19164103
0.9668651,0.0005390695,0,0.002757272,875.2162982164218,1033.5885177901337,3031,5775.3857,3.132402,827.20575,0.3604262,7251.303,4.0429177,0,,,,,875.2162982164218,0.00075159647,1033.5885177901337,0.00073930837,-0.068924524,-0.1913192
0.95565766,0.00053710333,0,0.0027579954,875.2168073792218,1033.5887823126159,3032,5711.3687,3.1213324,827.9095,0.36032537,7167.2495,4.028172,0,,,,,875.2168073792218,0.0007589895,1033.5887823126159,0.00074654946,-0.06904247,-0.19125848
0.95427835,0.0005369303,0,0.0027587186,875.2165983686683,1033.5894045693612,3033,5701.9824,3.1198158,827.7536,0.360223,7156.905,4.0268745,0,,,,,875.2165983686683,0.00075902435,1033.5894045693612,0.00074618636,-0.068821825,-0.19075888
0.9517135,0.00053667714,0,0.0027594415,875.2199241436219,1033.589774744188,3034,5688.1406,3.1181395,826.5512,0.36016017,7137.669,4.024976,0,,,,,875.2199241436219,0.0007606373,1033.589774744188,0.00074832275,-0.068872906,-0.19079454
0.9517316,0.00053662923,0,0.0027601642,875.2170506070203,1033.5893133015622,3035,5686.82,3.1179283,827.7718,0.36047643,7137.805,4.0246167,0,,,,,875.2170506070203,0.00076109945,1033.5893133015622,0.00074852107,-0.06923545,-0.19007795
0.95081705,0.0005365676,0,0.0027608867,875.2177833740118,1033.58976054826,3036,5682.448,3.1177466,828.0248,0.36029157,7130.946,4.024154,0,,,,,875.2177833740118,0.00076251494,1033.58976054826,0.00075001107,-0.06899,-0.19023107
0.9551257,0.0005382436,128,0.0027616092,875.217679612893,1033.5900909307168,3037,5706.293,3.1271782,827.6847,0.36011496,7163.26,4.036724,128,,,,,875.217679612893,0.00076010905,1033.5900909307168,0.00074801926,-0.06905393,-0.18990219
0.95009047,0.0005368571,0,0.0027623312,875.2179931134206,1033.5899925707395,3038,5677.7095,3.119013,826.6574,0.3600074,7125.4966,4.0263257,0,,,,,875.2179931134206,0.0007628404,1033.5899925707395,0.00075067644,-0.06893015,-0.18997817
0.95138055,0.0005369974,0,0.0027630532,875.2178240357313,1033.5898455776762,3039,5684.2183,3.1199474,831.4154,0.36071673,7135.172,4.0273776,0,,,,,875.2178240357313,0.00076193723,1033.5898455776762,0.00074984884,-0.06895137,-0.18955754
0.9545134,0.0005371371,0,0.0027637747,875.2175068831723,1033.5887011109858,3040,5702.615,3.1205084,826.804,0.36069402,7158.6675,4.028425,0,,,,,875.2175068831723,0.00075952,1033.5887011109858,0.0007472195,-0.0689376,-0.18943605
0.9587156,0.0005378677,0,0.0027644963,875.217793931098,1033.590237172446,3041,5726.5146,3.1249342,826.7809,0.36026382,7190.1836,4.033905,0,,,,,875.217793931098,0.0007573217,1033.590237172446,0.0007450893,-0.06873909,-0.18908207
0.9730511,0.0005395875,0,0.0027652173,875.2160824223834,1033.5901234753046,3042,5809.6343,3.134997,827.13196,0.36016336,7297.697,4.046803,0,,,,,875.2160824223834,0.00074724446,1033.5901234753046,0.00073515106,-0.06880124,-0.18897839
0.9891523,0.00054120837,0,0.0027659384,875.2158800421498,1033.5904464616997,3043,5902.4116,3.144124,828.3593,0.35998088,7418.453,4.058959,0,,,,,875.2158800421498,0.00073609484,1033.5904464616997,0.00072416547,-0.0692407,-0.18860242
0.9977689,0.0005420531,0,0.0027666593,875.2151481120036,1033.5895637171966,3044,5952.3286,3.1489704,828.4141,0.35991243,7483.0757,4.0652943,0,,,,,875.2151481120036,0.0007300995,1033.5895637171966,0.00071813504,-0.06887444,-0.18851402
0.99877936,0.0005421706,0,0.0027673796,875.2159535528767,1033.588666865995,3045,5957.866,3.1497629,826.8427,0.36023033,7490.654,4.066176,0,,,,,875.2159535528767,0.00073023647,1033.588666865995,0.00071834907,-0.068861015,-0.18862602
0.9982881,0.0005421924,0,0.0027681,875.2143789771258,1033.5900156033074,3046,5954.0566,3.1499941,827.4101,0.35975772,7486.9697,4.0663395,0,,,,,875.2143789771258,0.0007309277,1033.5900156033074,0.000719087,-0.069242984,-0.18813667
0.99842536,0.0005423101,0,0.0027688202,875.2154364837156,1033.5904349827265,3047,5955.259,3.1505642,827.7785,0.3599577,7487.999,4.067222,0,,,,,875.2154364837156,0.0007306439,1033.5904349827265,0.00071892096,-0.06915821,-0.18801899
0.99838954,0.00054225686,0,0.00276954,875.2161529668417,1033.5899743309478,3048,5954.593,3.1500711,827.4741,0.35993552,7487.7305,4.0668225,0,,,,,875.2161529668417,0.0007299539,1033.5899743309478,0.0007182023,-0.06904024,-0.18762562
0.99887514,0.0005422612,0,0.0027702597,875.214928245494,1033.5908306234655,3049,5957.6587,3.149987,827.7109,0.36023036,7491.3726,4.066855,0,,,,,875.214928245494,0.00073027104,1033.5908306234655,0.0007184127,-0.06915379,-0.187897
0.99857366,0.0005422322,0,0.0027709792,875.215093361161,1033.590813707868,3050,5954.891,3.1496704,827.1142,0.36032012,7489.1113,4.0666375,0,,,,,875.215093361161,0.0007299595,1033.590813707868,0.0007181523,-0.06921542,-0.18717203
0.9998961,0.0005423591,0,0.0027716984,875.2159119303494,1033.591720431234,3051,5963.2393,3.1505105,825.9192,0.3602814,7499.0293,4.0675893,0,,,,,875.2159119303494,0.00072898564,1033.591720431234,0.0007173354,-0.06915967,-0.18722732
0.999079,0.0005421608,0,0.0027724174,875.2145654195009,1033.5919448789211,3052,5957.0923,3.1495347,826.2848,0.35982165,7492.9014,4.0661025,0,,,,,875.2145654195009,0.0007291758,1033.5919448789211,0.0007173892,-0.06942556,-0.18685347
0.9992418,0.0005423207,0,0.0027731361,875.2151378614401,1033.5913467752262,3053,5959.055,3.1498425,825.41724,0.35997996,7494.1226,4.0673018,0,,,,,875.2151378614401,0.00072932517,1033.5913467752262,0.0007175272,-0.069342904,-0.18709259
0.9985395,0.0005422009,0,0.0027738549,875.2152920229968,1033.5926550520312,3054,5954.0415,3.1496878,826.5048,0.36003244,7488.855,4.0664034,0,,,,,875.2152920229968,0.00072968577,1033.5926550520312,0.0007179869,-0.06923404,-0.1865847
0.99817103,0.00054216833,0,0.0027745732,875.2167132264697,1033.5925519089722,3055,5952.54,3.1492548,825.7688,0.36065376,7486.092,4.066159,0,,,,,875.2167132264697,0.0007294434,1033.5925519089722,0.00071787543,-0.06922075,-0.18645087
0.998601,0.0005421509,0,0.0027752912,875.2145839156922,1033.5922990031975,3056,5953.8047,3.149205,827.1401,0.36021575,7489.3164,4.066028,0,,,,,875.2145839156922,0.00072997046,1033.5922990031975,0.0007180747,-0.06917329,-0.1862491
0.9991844,0.0005421792,0,0.002776009,875.2154917755454,1033.592187076022,3057,5957.8325,3.1493995,826.7109,0.36020645,7493.692,4.0662403,0,,,,,875.2154917755454,0.0007294276,1033.592187076022,0.00071761745,-0.069280855,-0.18637437
0.9989894,0.00054228236,0,0.0027767268,875.2168515202952,1033.5916724049775,3058,5955.7305,3.1496854,825.6688,0.3605942,7492.2295,4.0670137,0,,,,,875.2168515202952,0.00072877435,1033.5916724049775,0.0007172513,-0.06915564,-0.18617277
0.9986875,0.0005423823,0,0.0027774442,875.2157269480315,1033.593954116943,3059,5954.4087,3.1501973,825.8291,0.36002335,7489.9653,4.0677633,0,,,,,875.2157269480315,0.00072923966,1033.593954116943,0.0007177657,-0.069098465,-0.1860876
0.99909294,0.0005425039,0,0.0027781615,875.215704952417,1033.5921148187963,3060,5956.4893,3.1507704,827.58453,0.36016297,7493.006,4.0686755,0,,,,,875.215704952417,0.0007298787,1033.5921148187963,0.000718311,-0.06901749,-0.18578093
0.998666,0.00054245075,0,0.0027788784,875.2153971552347,1033.5928728863255,3061,5954.715,3.1504593,826.6736,0.36040163,7489.8037,4.068277,0,,,,,875.2153971552347,0.00072994595,1033.5928728863255,0.0007184172,-0.06923458,-0.18495122
0.999952,0.0005424308,0,0.0027795953,875.2176542450763,1033.5919689328507,3062,5961.577,3.1506164,826.9524,0.36042914,7499.4487,4.068127,0,,,,,875.2176542450763,0.00072852854,1033.5919689328507,0.0007169391,-0.06924774,-0.18529128
0.9986203,0.0005423109,0,0.0027803117,875.2179501738792,1033.5934071605413,3063,5953.4556,3.1493413,826.1279,0.36023,7489.461,4.067228,0,,,,,875.2179501738792,0.00072910474,1033.5934071605413,0.0007177751,-0.069323145,-0.18475267
0.9989475,0.00054227415,0,0.0027810282,875.2167552216006,1033.5932790693973,3064,5955.262,3.1492252,825.99896,0.36014196,7491.915,4.066952,0,,,,,875.2167552216006,0.0007292421,1033.5932790693973,0.00071762933,-0.069297776,-0.18472022
1.0000651,0.0005423113,0,0.0027817443,875.2167063923097,1033.5924309088607,3065,5960.8135,3.1495256,825.946,0.36058038,7500.2964,4.0672307,0,,,,,875.2167063923097,0.00072862854,1033.5924309088607,0.000717038,-0.06893439,-0.18457025
1.000083,0.0005424174,0,0.0027824603,875.2163018817048,1033.593261112176,3066,5961.4585,3.1497588,826.18744,0.3606403,7500.431,4.0680265,0,,,,,875.2163018817048,0.000729375,1033.593261112176,0.00071775157,-0.069058284,-0.18432547
0.99841636,0.0005423179,0,0.0027831758,875.2156714735922,1033.5937508296588,3067,5950.5283,3.1496193,826.0986,0.35998017,7487.9316,4.067281,0,,,,,875.2156714735922,0.0007301095,1033.5937508296588,0.0007185114,-0.06920564,-0.18407552
0.9994027,0.00054263155,0,0.0027838913,875.2154589908748,1033.593635223927,3068,5957.4966,3.151199,826.9296,0.36005625,7495.329,4.0696325,0,,,,,875.2154589908748,0.00072923186,1033.593635223927,0.0007178285,-0.069099426,-0.184076
1.0000955,0.00054266513,0,0.0027846065,875.2149657913358,1033.5943211595152,3069,5959.576,3.1515503,826.45026,0.35984617,7500.525,4.069885,0,,,,,875.2149657913358,0.0007292843,1033.5943211595152,0.00071784476,-0.069323815,-0.18385942
0.9990583,0.0005424667,0,0.0027853216,875.2166131610707,1033.5932141997848,3070,5955.1655,3.150273,825.6295,0.36056358,7492.746,4.0683966,0,,,,,875.2166131610707,0.0007289482,1033.5932141997848,0.0007174695,-0.06930082,-0.18359466
1.0000281,0.00054241484,0,0.0027860363,875.2160317720609,1033.5951533126488,3071,5959.8486,3.1502814,826.6617,0.36005354,7500.0195,4.0680075,0,,,,,875.2160317720609,0.00072919106,1033.5951533126488,0.0007178081,-0.06898933,-0.1831305
0.9991825,0.0005423447,0,0.002786751,875.2155562883804,1033.596598499737,3072,5955.524,3.149502,825.5385,0.360476,7493.6777,4.0674815,0,,,,,875.2155562883804,0.0007286577,1033.596598499737,0.00071724365,-0.06927243,-0.183362
1.0001278,0.00054232514,0,0.0027874652,875.2158357575006,1033.5958959855507,3073,5960.0815,3.1496232,825.68787,0.36020565,7500.767,4.0673347,0,,,,,875.2158357575006,0.00072879076,1033.5958959855507,0.00071743707,-0.06897683,-0.18302555
1.0007666,0.00054245273,0,0.0027881793,875.2169472402534,1033.5951939164597,3074,5964.008,3.1499014,824.9343,0.36058047,7505.558,4.0682917,0,,,,,875.2169472402534,0.0007277343,1033.5951939164597,0.0007162733,-0.06924712,-0.18294252
1.00032,0.000542371,0,0.0027888934,875.2158521994681,1033.5954746695525,3075,5960.657,3.149682,825.295,0.3604637,7502.208,4.067679,0,,,,,875.2158521994681,0.00072907354,1033.5954746695525,0.00071756594,-0.069395535,-0.1828155
1.000189,0.000542501,0,0.002789607,875.2161531455138,1033.5947205525647,3076,5959.8076,3.150314,826.78094,0.36028388,7501.226,4.0686536,0,,,,,875.2161531455138,0.0007289526,1033.5947205525647,0.0007175496,-0.06934275,-0.18276462
1.0002838,0.00054264755,0,0.0027903204,875.2150541325573,1033.595975219217,3077,5960.168,3.1509032,825.3243,0.35994452,7501.937,4.0697527,0,,,,,875.2150541325573,0.0007284501,1033.595975219217,0.0007169838,-0.06952967,-0.18236366
1.0007923,0.0005426624,0,0.0027910336,875.2157606946771,1033.5954991698432,3078,5963.277,3.15095,825.64496,0.36052567,7505.75,4.0698643,0,,,,,875.2157606946771,0.00072820566,1033.5954991698432,0.0007168423,-0.06925284,-0.18185312
0.9996892,0.0005424403,0,0.0027917468,875.2155221144835,1033.5961215069683,3079,5956.889,3.149838,825.6709,0.36055353,7497.478,4.068198,0,,,,,875.2155221144835,0.00072950457,1033.5961215069683,0.00071811385,-0.069282755,-0.18182036
1.0001608,0.0005424447,0,0.0027924594,875.2173551637055,1033.5965150045708,3080,5958.63,3.1498957,826.47345,0.36017352,7501.0146,4.0682316,0,,,,,875.2173551637055,0.00072909583,1033.5965150045708,0.00071785954,-0.06924637,-0.18139191
1.0007057,0.0005425537,0,0.002793172,875.2162745041908,1033.5958446897994,3081,5962.198,3.1502075,825.7188,0.3602585,7505.1016,4.069049,0,,,,,875.2162745041908,0.0007284282,1033.5958446897994,0.00071709516,-0.06945669,-0.18126793
1.0004044,0.00054251874,0,0.0027938844,875.2150513483666,1033.5972693587878,3082,5959.656,3.1498666,825.94073,0.36077854,7502.8413,4.0687866,0,,,,,875.2150513483666,0.0007294394,1033.5972693587878,0.0007179538,-0.06945645,-0.18069324
1.0004412,0.0005425532,0,0.0027945964,875.2171173114996,1033.5980978954055,3083,5960.7495,3.1498902,825.8632,0.36025444,7503.1177,4.069045,0,,,,,875.2171173114996,0.0007288611,1033.5980978954055,0.0007176236,-0.06959165,-0.18065639
1.0002129,0.00054248766,0,0.0027953084,875.2159882237995,1033.5972929681268,3084,5957.913,3.1498976,826.1708,0.36010554,7501.4053,4.0685534,0,,,,,875.2159882237995,0.00072866556,1033.5972929681268,0.0007173245,-0.069203496,-0.18075408
1.0003593,0.0005425906,0,0.00279602,875.2168082658918,1033.5965185505092,3085,5960.0674,3.15016,826.7235,0.36020362,7502.5034,4.069326,0,,,,,875.2168082658918,0.0007287097,1033.5965185505092,0.0007176049,-0.06909362,-0.18116626
1.0014569,0.0005425747,0,0.0027967314,875.2160509509913,1033.5974499140877,3086,5965.316,3.1503186,826.0325,0.36032552,7510.735,4.069206,0,,,,,875.2160509509913,0.0007281129,1033.5974499140877,0.00071669044,-0.06934981,-0.17989732
1.0012541,0.00054262363,0,0.0027974427,875.2157896552318,1033.5975465876459,3087,5965.103,3.150184,825.91846,0.36040345,7509.214,4.0695734,0,,,,,875.2157896552318,0.0007284766,1033.5975465876459,0.0007171296,-0.06910317,-0.18040735
1.0015785,0.00054262904,0,0.0027981536,875.2167250011983,1033.5981560545326,3088,5965.8667,3.1503193,825.7577,0.3604201,7511.647,4.069614,0,,,,,875.2167250011983,0.0007274148,1033.5981560545326,0.0007162124,-0.06916037,-0.17995127
1.0010878,0.00054278196,0,0.0027988644,875.2147713702975,1033.5966345606425,3089,5963.4595,3.1508725,825.39355,0.3605793,7507.967,4.0707607,0,,,,,875.2147713702975,0.0007285545,1033.5966345606425,0.00071709184,-0.069028154,-0.18006434
1.0014849,0.0005428225,0,0.002799575,875.2160182114969,1033.597318164227,3090,5965.3447,3.1513412,825.8382,0.36038178,7510.945,4.071065,0,,,,,875.2160182114969,0.000728046,1033.597318164227,0.0007168629,-0.06910967,-0.17980796
0.99991155,0.0005426041,0,0.0028002854,875.215085388856,1033.5978207077528,3091,5955.9775,3.1501474,825.7393,0.36004186,7499.145,4.0694265,0,,,,,875.215085388856,0.0007286727,1033.5978207077528,0.00071735855,-0.06900623,-0.17963237
1.0005416,0.0005426545,0,0.0028009953,875.215440463774,1033.5982645441509,3092,5959.3843,3.1503341,825.314,0.36046758,7503.87,4.0698047,0,,,,,875.215440463774,0.0007286967,1033.5982645441509,0.00071744213,-0.0691127,-0.17954427
1.0003363,0.0005425358,0,0.0028017052,875.2151704418477,1033.598609237484,3093,5957.825,3.1498413,824.88544,0.36053762,7502.331,4.0689144,0,,,,,875.2151704418477,0.00072894245,1033.598609237484,0.00071753864,-0.06899413,-0.17913873
1.000652,0.0005425131,0,0.0028024148,875.2172238213775,1033.5989319961514,3094,5959.77,3.1496367,825.70703,0.36019367,7504.698,4.068744,0,,,,,875.2172238213775,0.0007287049,1033.5989319961514,0.00071735977,-0.06913906,-0.17910957
1.0003434,0.00054244656,0,0.0028031243,875.2156664663939,1033.5987117898521,3095,5957.6333,3.149179,826.3964,0.36017329,7502.3843,4.0682454,0,,,,,875.2156664663939,0.0007289547,1033.5987117898521,0.0007177135,-0.06880174,-0.1788003
1.0003428,0.00054251245,0,0.0028038335,875.2158359035616,1033.5991604356468,3096,5958.529,3.1493075,824.9144,0.36079845,7502.38,4.0687394,0,,,,,875.2158359035616,0.00072880165,1033.5991604356468,0.0007174773,-0.06894712,-0.17898802
1.0015211,0.00054269994,0,0.0028045424,875.2152999388122,1033.5987014186244,3097,5964.114,3.1505363,825.93097,0.36033788,7511.2163,4.0701456,0,,,,,875.2152999388122,0.00072807993,1033.5987014186244,0.00071678404,-0.0689705,-0.17843722
1.0008844,0.0005428464,0,0.0028052512,875.2154689136742,1033.5986922149652,3098,5961.2544,3.1513507,825.5831,0.36045647,7506.442,4.0712442,0,,,,,875.2154689136742,0.0007283478,1033.5986922149652,0.00071724283,-0.069141835,-0.17847587
1.0019535,0.0005429457,0,0.0028059597,875.2168561342,1033.5978452124905,3099,5966.319,3.1520352,825.41785,0.3601412,7514.459,4.0719886,0,,,,,875.2168561342,0.0007275824,1033.5978452124905,0.0007167153,-0.068886995,-0.17829856
1.0008215,0.00054275437,0,0.002806668,875.2147717270323,1033.598509534918,3100,5960.5957,3.150886,825.458,0.36039245,7505.9697,4.070554,0,,,,,875.2147717270323,0.0007283443,1033.598509534918,0.0007171048,-0.06894215,-0.17802565
1.000563,0.00054261694,0,0.002807376,875.2143616921005,1033.5995971934422,3101,5958.0615,3.1500952,825.77094,0.36045042,7504.0312,4.0695233,0,,,,,875.2143616921005,0.00072885165,1033.5995971934422,0.000717424,-0.06904861,-0.1776695
1.0018638,0.0005427138,0,0.0028080838,875.2163639955525,1033.6002280461994,3102,5966.1587,3.1505277,825.3407,0.36021906,7513.7866,4.0702496,0,,,,,875.2163639955525,0.00072775286,1033.6002280461994,0.0007166944,-0.06877598,-0.17772597
1.0006251,0.00054235436,0,0.0028087916,875.2171496079467,1033.5998478461074,3103,5958.1226,3.1484802,824.98065,0.36050776,7504.497,4.067554,0,,,,,875.2171496079467,0.00072812964,1033.5998478461074,0.00071703154,-0.06870662,-0.17738101
1.0004663,0.0005425181,0,0.002809499,875.2150434516565,1033.600350344759,3104,5957.77,3.1493287,825.969,0.36019465,7503.3057,4.068782,0,,,,,875.2150434516565,0.00072900404,1033.600350344759,0.0007176666,-0.06844033,-0.17743221
1.0013063,0.0005425877,0,0.002810206,875.2152998010092,1033.5984651793706,3105,5961.934,3.1498508,825.10175,0.36031973,7509.606,4.069304,0,,,,,875.2152998010092,0.00072914135,1033.5984651793706,0.00071779033,-0.06858641,-0.17723225
1.0023971,0.00054277445,0,0.002810913,875.2147310512955,1033.600807605828,3106,5968.145,3.1508012,825.3338,0.3599245,7517.7856,4.0707045,0,,,,,875.2147310512955,0.00072715466,1033.600807605828,0.0007158622,-0.06912608,-0.17660049
1.0004102,0.00054245774,0,0.0028116198,875.2150867894534,1033.601916922209,3107,5956.7607,3.1489427,825.3549,0.35996702,7502.885,4.0683293,0,,,,,875.2150867894534,0.00072888075,1033.601916922209,0.00071774004,-0.06902182,-0.17624182
1.0011736,0.0005428429,0,0.0028123262,875.2160509559047,1033.600881590778,3108,5960.785,3.1511827,825.43726,0.36013433,7508.6104,4.071218,0,,,,,875.2160509559047,0.0007286758,1033.600881590778,0.00071758765,-0.06871445,-0.17652373
1.0044627,0.0005430268,0,0.0028130324,875.2158454905766,1033.600416870896,3109,5980.503,3.1522093,824.60767,0.36057186,7533.2783,4.072597,0,,,,,875.2158454905766,0.00072694407,1033.600416870896,0.00071586017,-0.06866123,-0.17662282
1.0006635,0.00054244907,0,0.0028137385,875.216403458408,1033.601056906121,3110,5957.182,3.1489632,827.32996,0.36015967,7504.7847,4.068264,0,,,,,875.216403458408,0.0007285784,1033.601056906121,0.0007174826,-0.06858637,-0.17630915
1.0013136,0.00054253114,0,0.0028144442,875.2177112720028,1033.600639328883,3111,5962.4966,3.1493134,824.9583,0.36044547,7509.6597,4.0688796,0,,,,,875.2177112720028,0.000728588,1033.600639328883,0.00071770756,-0.06848299,-0.17641182
1.0028192,0.0005427781,0,0.00281515,875.2166232212743,1033.6008143331035,3112,5969.6147,3.1507552,825.41754,0.36040798,7520.952,4.070732,0,,,,,875.2166232212743,0.0007280116,1033.6008143331035,0.0007169216,-0.068430215,-0.17608929
1.0011238,0.00054259744,0,0.0028158552,875.2186304812019,1033.6012506208676,3113,5961.015,3.1497662,825.78503,0.3598669,7508.2363,4.069377,0,,,,,875.2186304812019,0.0007280915,1033.6012506208676,0.0007171848,-0.06857534,-0.17590252
1.000344,0.00054236175,0,0.0028165604,875.2146668974001,1033.6015852777182,3114,5955.116,3.1481395,826.2213,0.3602127,7502.3887,4.0676093,0,,,,,875.2146668974001,0.00073035865,1033.6015852777182,0.0007189804,-0.06835587,-0.17532624
1.000558,0.00054236787,0,0.0028172652,875.216703007198,1033.6004724603936,3115,5957.1533,3.148225,824.75806,0.3604361,7503.9937,4.067655,0,,,,,875.216703007198,0.00072836713,1033.6004724603936,0.00071746006,-0.06830076,-0.17545675
1.0002649,0.0005422675,0,0.00281797,875.2161455836581,1033.6028655651724,3116,5953.945,3.1478226,826.0194,0.3599787,7501.7954,4.0669026,0,,,,,875.2161455836581,0.00072843645,1033.6028655651724,0.0007175288,-0.068517074,-0.17513509
1.0007292,0.0005422461,0,0.0028186745,875.2169601330233,1033.601029634934,3117,5957.37,3.1478438,825.0645,0.36022946,7505.278,4.066742,0,,,,,875.2169601330233,0.0007277753,1033.601029634934,0.0007168791,-0.068600826,-0.17501283
1.0004568,0.00054224546,0,0.0028193786,875.2153990950642,1033.6018500854184,3118,5955.284,3.147749,824.9601,0.36032596,7503.2344,4.066737,0,,,,,875.2153990950642,0.0007288025,1033.6018500854184,0.00071772764,-0.068607405,-0.17482056
1.0009946,0.0005424321,0,0.0028200827,875.2186135615312,1033.6021480727982,3119,5958.3877,3.1485078,825.88684,0.36004332,7507.268,4.068137,0,,,,,875.2186135615312,0.00072824606,1033.6021480727982,0.0007176151,-0.06830081,-0.17461868
0.99992037,0.0005423121,0,0.0028207866,875.2159335077145,1033.6031955563221,3120,5952.4756,3.148085,826.0124,0.36010867,7499.2114,4.067237,0,,,,,875.2159335077145,0.00072926993,1033.6031955563221,0.00071827474,-0.068410136,-0.1744187
1.0010909,0.00054240535,0,0.00282149,875.2169519263173,1033.6021498050852,3121,5958.22,3.148636,825.9192,0.3604897,7507.99,4.0679364,0,,,,,875.2169519263173,0.0007288032,1033.6021498050852,0.00071797875,-0.068337664,-0.17427537
1.0025702,0.0005426059,0,0.0028221933,875.2167878673698,1033.6038026124238,3122,5967.829,3.149474,825.58044,0.36058557,7519.0845,4.0694404,0,,,,,875.2167878673698,0.00072685094,1033.6038026124238,0.00071614835,-0.06824317,-0.17425261
1.0015497,0.0005424514,0,0.0028228965,875.2179243714247,1033.6046239254756,3123,5960.8496,3.148591,825.20264,0.3607779,7511.4316,4.0682817,0,,,,,875.2179243714247,0.00072727964,1033.6046239254756,0.00071670715,-0.06819301,-0.17369895
1.0011109,0.000542298,8192,0.0028235994,875.2157798015189,1033.6034622696352,3124,5958.978,3.14795,824.8817,0.3604675,7508.1406,4.0671315,8192,,,,,875.2157798015189,0.00072816573,1033.6034622696352,0.00071720005,-0.06834951,-0.17384264
1.0013249,0.0005422856,0,0.0028243018,875.217195919261,1033.6033926776481,3125,5959.2993,3.1475003,824.45154,0.3604029,7509.745,4.0670385,0,,,,,875.217195919261,0.0007279589,1033.6033926776481,0.0007170798,-0.06823527,-0.17339396
1.0004213,0.0005421704,0,0.0028250043,875.2178234391819,1033.603072933109,3126,5954.6855,3.1471393,825.12823,0.36035872,7502.9683,4.0661745,0,,,,,875.2178234391819,0.0007278699,1033.603072933109,0.0007169976,-0.06817991,-0.1740049
1.0008498,0.00054226513,0,0.0028257065,875.2173699637679,1033.603404609859,3127,5956.5283,3.1479433,826.2859,0.35973746,7506.1826,4.0668845,0,,,,,875.2173699637679,0.00072789507,1033.603404609859,0.0007171052,-0.068052374,-0.17367795
1.0015136,0.0005426003,0,0.0028264085,875.2164478921226,1033.60488348739,3128,5960.8994,3.149378,825.5142,0.3604295,7511.1606,4.0693984,0,,,,,875.2164478921226,0.00072774326,1033.60488348739,0.0007170062,-0.06817269,-0.17342019
1.0009683,0.0005426364,0,0.0028271102,875.2163879257062,1033.6028159523025,3129,5957.0425,3.1495085,825.3885,0.3604917,7507.0713,4.069669,0,,,,,875.2163879257062,0.00072892045,1033.6028159523025,0.000718194,-0.068209134,-0.17285104
1.0022227,0.00054266583,0,0.0028278118,875.2178701299022,1033.6031480897882,3130,5964.5254,3.1497045,826.6589,0.36045143,7516.478,4.06989,0,,,,,875.2178701299022,0.00072862726,1033.6031480897882,0.00071805523,-0.067901395,-0.17325985
1.0005021,0.0005423281,0,0.002828513,875.2176347221193,1033.6042255425793,3131,5953.8843,3.1480594,825.31244,0.36034256,7503.5747,4.067357,0,,,,,875.2176347221193,0.00072840793,1033.6042255425793,0.00071779714,-0.06803468,-0.17292477
1.0010159,0.00054234406,0,0.002829214,875.2166662975849,1033.6049123060307,3132,5956.739,3.1479504,824.75616,0.36078215,7507.4272,4.0674767,0,,,,,875.2166662975849,0.0007282888,1033.6049123060307,0.00071742525,-0.067794494,-0.17265673
1.0009927,0.00054231053,0,0.002829915,875.2173401166649,1033.6042057914199,3133,5956.756,3.1476269,825.56396,0.36006314,7507.2534,4.067225,0,,,,,875.2173401166649,0.00072838756,1033.6042057914199,0.0007176618,-0.067841075,-0.17241511
1.0010995,0.00054224033,0,0.0028306155,875.217044250146,1033.6047254289479,3134,5956.484,3.147322,824.9712,0.3604511,7508.054,4.0666986,0,,,,,875.217044250146,0.0007282722,1033.6047254289479,0.00071741594,-0.06786857,-0.17221306
1.00144,0.00054225855,0,0.0028313159,875.2166142136234,1033.6041664308045,3135,5959.2144,3.1475992,824.71906,0.3603861,7510.6084,4.0668354,0,,,,,875.2166142136234,0.00072837435,1033.6041664308045,0.0007174749,-0.06782516,-0.17215864
1.0017971,0.00054234284,0,0.002832016,875.2175073424263,1033.6040202269448,3136,5959.89,3.148232,824.84753,0.36094904,7513.2866,4.0674677,0,,,,,875.2175073424263,0.00072779815,1033.6040202269448,0.00071703026,-0.06794505,-0.17190947
1.0017102,0.00054264587,0,0.0028327159,875.2164272364014,1033.604437867118,3137,5960.966,3.1494522,824.94055,0.3609857,7512.6343,4.0697403,0,,,,,875.2164272364014,0.00072801526,1033.604437867118,0.0007173755,-0.06761735,-0.17210336
1.0005555,0.00054253615,0,0.0028334155,875.2167222197268,1033.6042606417882,3138,5952.5796,3.1489727,825.6941,0.3602368,7503.975,4.0689173,0,,,,,875.2167222197268,0.0007286398,1033.6042606417882,0.00071798766,-0.06768242,-0.1714889
1.0007339,0.0005424693,0,0.0028341152,875.2174062566752,1033.6051668599025,3139,5954.8174,3.148478,826.06085,0.36012855,7505.312,4.068416,0,,,,,875.2174062566752,0.0007285314,1033.6051668599025,0.0007179279,-0.06769387,-0.17171332
1.0013653,0.00054238783,0,0.0028348144,875.2173809765648,1033.6058436258118,3140,5957.8,3.1482298,825.51434,0.36047348,7510.048,4.067805,0,,,,,875.2173809765648,0.00072773785,1033.6058436258118,0.00071712176,-0.067855775,-0.17109375
1.0013075,0.00054241566,0,0.0028355133,875.2179717944315,1033.6060779652585,3141,5957.858,3.1480966,825.6876,0.36057824,7509.6143,4.0680137,0,,,,,875.2179717944315,0.0007283172,1033.6060779652585,0.0007177587,-0.06759423,-0.17102423
1.0001715,0.00054222404,0,0.002836212,875.2176149473248,1033.6062872220373,3142,5950.848,3.1471298,824.18005,0.3604176,7501.095,4.0665765,0,,,,,875.2176149473248,0.00072934217,1033.6062872220373,0.0007186288,-0.06766903,-0.17105924
1.0012722,0.00054235634,0,0.002837609,875.2168236793655,1033.6056770675737,3144,5957.5737,3.147719,825.3566,0.36049926,7509.35,4.067569,0,,,,,875.2168236793655,0.0007286031,1033.6056770675737,0.0007179175,-0.06735565,-0.1710217
1.0,0.0005422608,0,0.002838307,875.2177763357804,1033.6052609015906,3145,5949.131,3.1474996,824.3923,0.36072588,7499.8086,4.0668526,0,,,,,875.2177763357804,0.0007290174,1033.6052609015906,0.0007184001,-0.067321785,-0.17068134
1.0007265,0.0005423943,0,0.0028390049,875.2173810494292,1033.6054439322415,3146,5953.71,3.1480439,824.76984,0.3602716,7505.2573,4.0678535,0,,,,,875.2173810494292,0.0007288864,1033.6054439322415,0.0007183229,-0.06726241,-0.17090987
1.0010318,0.0005423404,0,0.0028397024,875.2190264225774,1033.6064641994662,3147,5954.627,3.1477907,825.23975,0.36014205,7507.5464,4.067449,0,,,,,875.2190264225774,0.00072804873,1033.6064641994662,0.0007176041,-0.06729619,-0.17016023
1.0001755,0.0005422578,0,0.0028404,875.2171817546898,1033.6053746814841,3148,5950.2305,3.1472094,825.8113,0.35975415,7501.125,4.0668297,0,,,,,875.2171817546898,0.0007288977,1033.6053746814841,0.00071811595,-0.06712121,-0.17043601
1.0010507,0.0005423447,0,0.002841097,875.2184959925745,1033.6061869461864,3149,5954.711,3.1478913,824.4279,0.36082804,7507.6885,4.0674815,0,,,,,875.2184959925745,0.00072824984,1033.6061869461864,0.0007177613,-0.067205526,-0.16984819
0.99973226,0.00054234965,0,0.002841794,875.2179241546689,1033.606863973011,3150,5947.6826,3.1476936,829.0996,0.36014113,7497.801,4.0675187,0,,,,,875.2179241546689,0.0007292057,1033.606863973011,0.0007186994,-0.06722935,-0.16997251
1.0010657,0.00054234377,0,0.0028424908,875.2185413065331,1033.6078824386107,3151,5954.4795,3.1479685,824.3832,0.36017963,7507.8013,4.0674744,0,,,,,875.2185413065331,0.00072729983,1033.6078824386107,0.00071700214,-0.067481436,-0.16931349
1.0009568,0.00054239127,0,0.0028431872,875.2178555456244,1033.6077439851933,3152,5954.411,3.1480377,824.66187,0.36058494,7506.9844,4.0678306,0,,,,,875.2178555456244,0.0007282738,1033.6077439851933,0.0007178366,-0.06763065,-0.16905488
1.0007293,0.0005424287,0,0.0028438836,875.2169428769178,1033.6068660277174,3153,5952.027,3.148024,825.5476,0.35995114,7505.2783,4.0681114,0,,,,,875.2169428769178,0.00072944426,1033.6068660277174,0.00071882387,-0.06763262,-0.16874465
1.0003582,0.0005422903,0,0.0028445795,875.2165644118572,1033.6079648591817,3154,5950.093,3.1473455,824.8174,0.36064178,7502.4956,4.0670733,0,,,,,875.2165644118572,0.00072932587,1033.6079648591817,0.00071865995,-0.06770094,-0.16838859
0.99904245,0.00054210686,0,0.0028452752,875.2168128513323,1033.6073785644357,3155,5942.5117,3.146218,825.9207,0.3605349,7492.627,4.0656977,0,,,,,875.2168128513323,0.00073000265,1033.6073785644357,0.0007192676,-0.06747049,-0.16856013
1.0004064,0.0005421792,0,0.002845971,875.2182870382474,1033.607460135754,3156,5950.041,3.1466992,825.358,0.36071914,7502.856,4.0662403,0,,,,,875.2182870382474,0.00072905933,1033.607460135754,0.0007185447,-0.06715234,-0.16854927
0.9997782,0.00054231763,0,0.0028466661,875.2168385559389,1033.6093795538009,3157,5946.8203,3.1473386,826.61383,0.36012587,7498.145,4.0672784,0,,,,,875.2168385559389,0.00072978874,1033.6093795538009,0.00071915565,-0.06753239,-0.16851473
1.0000771,0.00054239546,0,0.0028473614,875.2181981950087,1033.6088155399016,3158,5947.5586,3.147822,825.6036,0.36055708,7500.387,4.067862,0,,,,,875.2181981950087,0.0007292839,1033.6088155399016,0.0007189591,-0.06728272,-0.16824557
1.0005221,0.0005425594,0,0.0028480561,875.2176389779137,1033.6071508108776,3159,5951.3286,3.1487277,825.7,0.3604829,7503.7246,4.069092,0,,,,,875.2176389779137,0.0007292698,1033.6071508108776,0.00071886316,-0.06707131,-0.16857842
1.0003318,0.000542438,0,0.002848751,875.2179500689891,1033.6080252180188,3160,5948.704,3.147963,824.3945,0.3605648,7502.2964,4.068181,0,,,,,875.2179500689891,0.00072865776,1033.6080252180188,0.0007182959,-0.06725467,-0.16776952
1.0003109,0.00054241443,0,0.0028494452,875.2182708189953,1033.608557022562,3161,5949.6743,3.1478577,826.1567,0.36015615,7502.14,4.0680046,0,,,,,875.2182708189953,0.0007290064,1033.608557022562,0.0007187181,-0.06689064,-0.16832063
0.9990301,0.00054217805,0,0.0028501395,875.2176972880886,1033.6089436038824,3162,5941.4736,3.1467254,825.627,0.3607678,7492.5347,4.0662317,0,,,,,875.2176972880886,0.0007293686,1033.6089436038824,0.0007188409,-0.06745838,-0.16724558
1.0000598,0.00054223946,0,0.0028508333,875.2184085405013,1033.6094991107384,3163,5947.422,3.146672,825.3198,0.3602712,7500.258,4.0666924,0,,,,,875.2184085405013,0.0007286716,1033.6094991107384,0.0007182831,-0.06747824,-0.16710557
1.001458,0.0005423402,0,0.0028515272,875.2187852607573,1033.6095899841039,3164,5955.6533,3.1472855,825.6447,0.36035046,7510.7437,4.0674477,0,,,,,875.2187852607573,0.0007282422,1033.6095899841039,0.00071788055,-0.06724264,-0.16725181
0.9982799,0.0005420392,0,0.0028522206,875.216505337869,1033.610103564392,3165,5937.039,3.1455328,825.61194,0.36076477,7486.908,4.0651903,0,,,,,875.216505337869,0.0007305835,1033.610103564392,0.0007199553,-0.06742134,-0.16652653
0.99865484,0.00054222374,0,0.002852914,875.2172092119695,1033.6085359633903,3166,5939.5786,3.146403,826.646,0.36015752,7489.72,4.066574,0,,,,,875.2172092119695,0.000730535,1033.6085359633903,0.0007199403,-0.067443244,-0.16662633
0.99911493,0.00054230477,0,0.002853607,875.2177132706074,1033.610023365268,3167,5941.3745,3.1473913,825.56433,0.36054644,7493.171,4.067182,0,,,,,875.2177132706074,0.00072954735,1033.610023365268,0.0007192921,-0.06703697,-0.16722259
0.99911255,0.0005425092,0,0.0028542997,875.2187161411591,1033.6093088513626,3168,5942.1567,3.1483836,825.3261,0.36039522,7493.153,4.068715,0,,,,,875.2187161411591,0.00072904746,1033.6093088513626,0.0007189619,-0.06700774,-0.16698094
1.0005543,0.0005425328,8192,0.0028549924,875.2192300173377,1033.6087233270182,3169,5949.111,3.1485615,826.6097,0.35996202,7503.966,4.0688925,8192,,,,,875.2192300173377,0.0007286958,1033.6087233270182,0.0007184948,-0.06740953,-0.16606188
0.99921584,0.00054229447,0,0.0028556846,875.2167907406032,1033.6105113282804,3170,5942.372,3.1469326,826.18115,0.36032954,7493.9277,4.067105,0,,,,,875.2167907406032,0.00072977867,1033.6105113282804,0.0007193659,-0.06744039,-0.16602233
1.0003606,0.00054232875,0,0.0028563768,875.2177714642678,1033.6096746699304,3171,5947.937,3.1471496,825.33185,0.3608924,7502.513,4.067362,0,,,,,875.2177714642678,0.0007279042,1033.6096746699304,0.00071751705,-0.067232594,-0.1661404
0.99753726,0.0005421143,0,0.0028570688,875.2181505865237,1033.6100733120259,3172,5932.312,3.145735,827.2903,0.36071375,7481.3384,4.0657535,0,,,,,875.2181505865237,0.0007314615,1033.6100733120259,0.0007210662,-0.06687142,-0.16652076
0.9976967,0.000542008,0,0.0028577603,875.2178268695612,1033.6098540294956,3173,5932.206,3.1451287,826.29474,0.36042973,7482.534,4.0649567,0,,,,,875.2178268695612,0.0007299553,1033.6098540294956,0.0007195646,-0.066647775,-0.16620582
0.99677354,0.0005419671,0,0.0028584518,875.2184169420498,1033.6106157649456,3174,5927.7393,3.1448965,825.7964,0.36071172,7475.611,4.0646496,0,,,,,875.2184169420498,0.00073196006,1033.6106157649456,0.0007216631,-0.06677003,-0.16638869
0.99752116,0.0005420947,0,0.002859143,875.2180698094744,1033.6109401462975,3175,5931.211,3.1456351,827.7484,0.36001915,7481.218,4.0656066,0,,,,,875.2180698094744,0.00073154416,1033.6109401462975,0.00072117284,-0.06681879,-0.16597137
0.9971438,0.0005421749,0,0.0028598339,875.2169716481014,1033.6096443188894,3176,5929.235,3.14615,827.2334,0.36041546,7478.3877,4.066208,0,,,,,875.2169716481014,0.000731484,1033.6096443188894,0.0007210227,-0.066684276,-0.16586903
0.9975472,0.0005421331,0,0.0028605247,875.2176554282696,1033.6103085339034,3177,5932.0073,3.1460333,826.79865,0.36034614,7481.413,4.0658946,0,,,,,875.2176554282696,0.00073096884,1033.6103085339034,0.0007206161,-0.06700091,-0.16563027
0.9971079,0.0005420313,0,0.0028612153,875.2177470561039,1033.611250308426,3178,5928.4414,3.1453695,827.2018,0.3602651,7478.1187,4.065131,0,,,,,875.2177470561039,0.000731484,1033.611250308426,0.00072118896,-0.06702151,-0.16529377
0.9975096,0.0005421401,0,0.0028619056,875.2182578602456,1033.6114699869606,3179,5931.5405,3.145859,828.25476,0.36060596,7481.131,4.065947,0,,,,,875.2182578602456,0.00073088997,1033.6114699869606,0.00072063267,-0.066993155,-0.16543227
0.9966889,0.00054206024,0,0.0028625955,875.2177734291724,1033.6122895780136,3180,5925.633,3.1455145,828.9698,0.36031446,7474.976,4.065348,0,,,,,875.2177734291724,0.00073207094,1033.6122895780136,0.00072182633,-0.0670367,-0.16485235
0.9973666,0.0005421181,0,0.0028632854,875.2180370104854,1033.6093686886902,3181,5930.916,3.1458542,828.488,0.36043817,7480.0586,4.065782,0,,,,,875.2180370104854,0.0007294205,1033.6093686886902,0.0007191945,-0.067187645,-0.16491729
0.99871373,0.0005422598,0,0.002863975,875.2163765935127,1033.6113235062312,3182,5937.6436,3.1466599,829.9146,0.3605674,7490.1616,4.0668445,0,,,,,875.2163765935127,0.0007305301,1033.6113235062312,0.00072009227,-0.06707245,-0.16468322
0.9987511,0.00054236874,0,0.0028646642,875.2174863645903,1033.6107124323055,3183,5938.7773,3.147117,830.23047,0.36075202,7490.442,4.067662,0,,,,,875.2174863645903,0.00073057855,1033.6107124323055,0.0007202006,-0.06694405,-0.16456519
0.99911183,0.000542308,0,0.0028653534,875.2179493064713,1033.611985400582,3184,5940.085,3.1470797,830.50146,0.3606802,7493.1475,4.067206,0,,,,,875.2179493064713,0.00072980026,1033.611985400582,0.00071953936,-0.067149,-0.16420376
0.999367,0.0005421845,0,0.0028660423,875.2188842547156,1033.612339873609,3185,5941.7764,3.1465118,828.9796,0.3605591,7495.061,4.06628,0,,,,,875.2188842547156,0.000729185,1033.612339873609,0.0007190794,-0.06695474,-0.16464934
0.99973947,0.0005422582,0,0.002866731,875.2182026496123,1033.6103702329997,3186,5944.1943,3.14681,829.07104,0.36090484,7497.8545,4.0668325,0,,,,,875.2182026496123,0.00072957185,1033.6103702329997,0.0007191417,-0.066801496,-0.16468157
0.9985229,0.0005422111,0,0.0028674193,875.2184983801918,1033.6120478835476,3187,5936.9814,3.1463199,828.7726,0.3605204,7488.7305,4.0664797,0,,,,,875.2184983801918,0.0007305556,1033.6120478835476,0.00072012295,-0.06680119,-0.16449787
0.9993004,0.0005423558,0,0.0028681075,875.2159835713449,1033.6112653294244,3188,5941.6255,3.147357,827.5849,0.36068264,7494.562,4.067565,0,,,,,875.2159835713449,0.00073040096,1033.6112653294244,0.000720068,-0.06689601,-0.16418858
0.9986209,0.0005423771,0,0.0028687955,875.217867575556,1033.6117883032855,3189,5937.054,3.1474543,827.88934,0.36071548,7489.466,4.0677247,0,,,,,875.217867575556,0.00073042815,1033.6117883032855,0.00072032626,-0.06666839,-0.16437234
0.99819565,0.0005423248,0,0.0028694833,875.2169830389817,1033.611325091085,3190,5935.1313,3.1470146,827.04663,0.3609168,7486.2764,4.0673323,0,,,,,875.2169830389817,0.0007302761,1033.611325091085,0.0007200641,-0.06671125,-0.16449387
0.9985715,0.000542333,0,0.0028701709,875.2172101203595,1033.6122126264063,3191,5936.0728,3.1467957,827.3493,0.360382,7489.095,4.067394,0,,,,,875.2172101203595,0.0007302346,1033.6122126264063,0.0007199554,-0.06663428,-0.1641934
0.99885064,0.0005422427,0,0.002870858,875.2177275748862,1033.6112419709796,3192,5938.8955,3.146663,827.3174,0.36035043,7491.1885,4.0667167,0,,,,,875.2177275748862,0.00073027203,1033.6112419709796,0.00072007556,-0.06682332,-0.16404213
0.9997748,0.0005422592,0,0.002871545,875.2175515285944,1033.6112045002862,3193,5942.958,3.1466007,826.5114,0.36040923,7498.1196,4.06684,0,,,,,875.2175515285944,0.00072950055,1033.6112045002862,0.00071910844,-0.06676246,-0.16354032
1.0001113,0.0005424514,128,0.0028722319,875.2175348334733,1033.6119188657194,3194,5945.8765,3.1476257,825.86414,0.36029613,7500.644,4.0682817,128,,,,,875.2175348334733,0.0007287455,1033.6119188657194,0.00071837066,-0.06675512,-0.16373435
0.9990614,0.0005421566,0,0.0028729185,875.2189320986595,1033.6132365792196,3195,5938.9995,3.1458323,827.4148,0.360505,7492.7695,4.0660706,0,,,,,875.2189320986595,0.0007298159,1033.6132365792196,0.00071963697,-0.06669692,-0.163447
0.99868697,0.00054217444,0,0.0028736047,875.2180792942734,1033.6127098456018,3196,5936.88,3.145933,825.7579,0.36047587,7489.961,4.0662045,0,,,,,875.2180792942734,0.000729636,1033.6127098456018,0.000719444,-0.067175776,-0.16252583
0.9986794,0.0005423223,0,0.0028742908,875.2186268258108,1033.6122378537275,3197,5937.038,3.1467228,825.4823,0.36008605,7489.9043,4.067313,0,,,,,875.2186268258108,0.00072962843,1033.6122378537275,0.00071953784,-0.066919304,-0.16289398
0.9992699,0.00054251536,0,0.0028749767,875.2187368022459,1033.6136068520939,3198,5939.7275,3.148009,824.8412,0.36075714,7494.333,4.0687613,0,,,,,875.2187368022459,0.0007293101,1033.6136068520939,0.0007195296,-0.06669867,-0.16292012
0.99914503,0.0005423903,0,0.0028756624,875.2173480543818,1033.613316636699,3199,5939.916,3.1473713,824.62634,0.35998484,7493.3965,4.0678234,0,,,,,875.2173480543818,0.0007299311,1033.613316636699,0.0007199062,-0.06690654,-0.1628998
0.9985424,0.0005422562,0,0.0028763479,875.2185388260684,1033.6129911712922,3200,5935.3784,3.1462595,825.5551,0.36044544,7488.877,4.0668178,0,,,,,875.2185388260684,0.0007300208,1033.6129911712922,0.00072000327,-0.06674563,-0.1626023
0.9996136,0.0005423118,0,0.0028770328,875.2183495391286,1033.6139283397852,3201,5942.3022,3.1466153,824.93036,0.36011156,7496.9106,4.067235,0,,,,,875.2183495391286,0.0007293896,1033.6139283397852,0.00071932556,-0.066853784,-0.16262503
0.99981314,0.000542262,0,0.0028777178,875.2172767106376,1033.6146687874295,3202,5942.141,3.1464357,825.39355,0.36033446,7498.407,4.066861,0,,,,,875.2172767106376,0.00072999584,1033.6146687874295,0.00071983656,-0.06684216,-0.16238658
0.9998996,0.00054223585,0,0.0028784026,875.2182894488351,1033.6135111161852,3203,5943.931,3.1462045,824.84174,0.36040857,7499.0557,4.066665,0,,,,,875.2182894488351,0.00072921853,1033.6135111161852,0.0007190069,-0.0667069,-0.1625413
1.0001565,0.00054220954,0,0.002879087,875.218745791653,1033.6134704737606,3204,5944.6606,3.146096,824.43146,0.3601612,7500.9824,4.066468,0,,,,,875.218745791653,0.00072920165,1033.6134704737606,0.0007191326,-0.06665652,-0.16226263
0.99926895,0.0005422302,0,0.0028797714,875.2191044685153,1033.6135626844168,3205,5940.3237,3.1461787,824.9257,0.36042365,7494.3257,4.0666227,0,,,,,875.2191044685153,0.0007295683,1033.6135626844168,0.0007195574,-0.06649453,-0.16238922
0.99997973,0.00054240995,0,0.0028804552,875.2177899197042,1033.6131087444642,3206,5943.8423,3.1472962,824.32294,0.3600972,7499.6567,4.0679708,0,,,,,875.2177899197042,0.0007289825,1033.6131087444642,0.00071893877,-0.06678068,-0.1619331
0.9992774,0.00054240605,0,0.002881139,875.2168516303893,1033.6138646590302,3207,5939.953,3.1470487,824.18964,0.3606632,7494.389,4.0679417,0,,,,,875.2168516303893,0.0007300478,1033.6138646590302,0.0007198879,-0.06662346,-0.1619886
1.0001239,0.00054238504,0,0.0028818226,875.2178483082159,1033.613604693046,3208,5944.9287,3.1470065,824.4525,0.3605692,7500.7373,4.067784,0,,,,,875.2178483082159,0.0007289016,1033.613604693046,0.00071888865,-0.066681124,-0.16205862
0.99914366,0.0005422675,0,0.002882506,875.219774257705,1033.6154515045419,3209,5938.3525,3.1461687,823.9986,0.3605236,7493.386,4.0669026,0,,,,,875.219774257705,0.0007290417,1033.6154515045419,0.0007189884,-0.066641025,-0.16152567
1.000222,0.0005423784,0,0.0028831891,875.2182092116045,1033.614124608067,3210,5945.397,3.1470134,824.63916,0.36052927,7501.473,4.0677342,0,,,,,875.2182092116045,0.0007291832,1033.614124608067,0.0007192042,-0.06660952,-0.16172315
0.99998266,0.0005422851,0,0.0028838718,875.2178450161217,1033.613908659524,3211,5942.591,3.1464226,823.68243,0.36070532,7499.6787,4.0670342,0,,,,,875.2178450161217,0.0007290678,1033.613908659524,0.0007190859,-0.06665703,-0.161284
1.0006034,0.0005423636,0,0.0028845544,875.2189077877879,1033.6135962259502,3212,5947.136,3.1467693,823.7465,0.3603775,7504.3345,4.067623,0,,,,,875.2189077877879,0.0007281156,1033.6135962259502,0.00071821775,-0.066863164,-0.16099778
1.0014316,0.0005424767,8192,0.0028852369,875.2169080474421,1033.614897470051,3213,5950.8853,3.147546,824.93555,0.36020422,7510.5454,4.0684714,8192,,,,,875.2169080474421,0.000728886,1033.614897470051,0.00071870675,-0.06657466,-0.16106784
1.0006595,0.000542422,0,0.002885919,875.2183583896474,1033.6146431666727,3214,5947.225,3.1471045,823.3765,0.3601581,7504.755,4.0680614,0,,,,,875.2183583896474,0.00072949537,1033.6146431666727,0.00071953813,-0.0668955,-0.16102074
1.0008894,0.00054234784,0,0.0028866008,875.21946661118,1033.615788583236,3215,5948.31,3.1467505,823.2183,0.36041325,7506.4795,4.067505,0,,,,,875.21946661118,0.0007282356,1033.615788583236,0.0007181689,-0.0665494,-0.16108727
1.0002415,0.00054227025,0,0.0028872825,875.2186379606879,1033.6150771957655,3216,5944.44,3.1462908,823.7872,0.36051697,7501.6196,4.066923,0,,,,,875.2186379606879,0.00072878384,1033.6150771957655,0.00071885175,-0.06659596,-0.16094427
1.0003247,0.0005422944,0,0.002887964,875.2191257642799,1033.6157651324318,3217,5945.5654,3.1465247,822.9894,0.36051667,7502.244,4.0671043,0,,,,,875.2191257642799,0.0007281413,1033.6157651324318,0.00071825035,-0.06672137,-0.1606861
1.0011157,0.0005424802,0,0.0028886453,875.2158543218741,1033.6152926829486,3218,5949.0103,3.14736,823.5369,0.36012962,7508.176,4.0684977,0,,,,,875.2158543218741,0.00072878523,1033.6152926829486,0.0007186425,-0.0670072,-0.15954068
1.0005137,0.0005425073,0,0.0028893263,875.2186902765742,1033.6147109246635,3219,5946.34,3.147648,824.6144,0.3605624,7503.6606,4.068701,0,,,,,875.2186902765742,0.00072849944,1033.6147109246635,0.00071862136,-0.06667198,-0.1600205
0.9999434,0.00054242765,0,0.0028900069,875.2171572230834,1033.6154902257501,3220,5941.9834,3.1470778,824.2304,0.36002073,7499.384,4.0681033,0,,,,,875.2171572230834,0.0007296936,1033.6154902257501,0.00071973493,-0.06640757,-0.16011024
0.999747,0.0005424129,0,0.0028906874,875.2185217495124,1033.614373952763,3221,5942.0107,3.1468108,822.84973,0.36059657,7497.911,4.067993,0,,,,,875.2185217495124,0.0007290141,1033.614373952763,0.0007190833,-0.06624337,-0.16056964
1.0004913,0.00054242025,0,0.0028913678,875.2183242620413,1033.6169187117316,3222,5945.0845,3.1469786,823.1627,0.36014262,7503.4927,4.068048,0,,,,,875.2183242620413,0.00072905695,1033.6169187117316,0.00071928476,-0.066375956,-0.15971759
1.0005113,0.00054236816,0,0.0028920476,875.2191463789572,1033.613283128437,3223,5946.5024,3.1466076,823.1711,0.360547,7503.6436,4.0676575,0,,,,,875.2191463789572,0.0007276603,1033.613283128437,0.0007177721,-0.06623189,-0.1599485
0.9999267,0.0005422015,0,0.0028927275,875.2177743187499,1033.616801651594,3224,5941.957,3.1457057,823.5191,0.36029962,7499.259,4.0664077,0,,,,,875.2177743187499,0.0007298174,1033.616801651594,0.0007197477,-0.06577839,-0.16011764
1.0012285,0.0005423538,0,0.0028934071,875.2201081474186,1033.6153491072396,3225,5949.7764,3.1464307,823.3164,0.36034596,7509.0215,4.0675497,0,,,,,875.2201081474186,0.00072760996,1033.6153491072396,0.000717781,-0.06606557,-0.16014916
1.0004678,0.000542362,0,0.0028940865,875.2205967203338,1033.6152058134207,3226,5945.481,3.1465409,823.3619,0.36055794,7503.3164,4.067611,0,,,,,875.2205967203338,0.00072697666,1033.6152058134207,0.0007176529,-0.066164024,-0.15992069
0.99978226,0.0005424259,8192,0.0028947655,875.2180824950324,1033.6157175645187,3227,5940.91,3.146744,823.2883,0.3597468,7498.176,4.0680904,8192,,,,,875.2180824950324,0.0007295753,1033.6157175645187,0.00071974576,-0.06616034,-0.15938906
1.0010965,0.0005427392,0,0.0028954444,875.218735443924,1033.6165241818778,3228,5948.8564,3.1486766,823.7827,0.36052403,7508.0317,4.07044,0,,,,,875.218735443924,0.00072824844,1033.6165241818778,0.0007186837,-0.06628919,-0.1594838
0.9996734,0.00054251455,0,0.002896123,875.218516615258,1033.6162857398224,3229,5939.5225,3.147421,823.1433,0.360038,7497.3594,4.068755,0,,,,,875.218516615258,0.0007299344,1033.6162857398224,0.0007202162,-0.066487394,-0.15880953
1.000292,0.0005424329,0,0.0028968013,875.2188142800961,1033.6159076552167,3230,5944.438,3.1470418,823.1904,0.3603939,7501.9985,4.068143,0,,,,,875.2188142800961,0.00072875904,1033.6159076552167,0.0007189556,-0.06613442,-0.15940215
1.001454,0.0005424847,0,0.0028974796,875.2203613428334,1033.6170097534296,3231,5949.8794,3.1471713,822.63,0.3603993,7510.713,4.0685315,0,,,,,875.2203613428334,0.0007272604,1033.6170097534296,0.0007177164,-0.06598353,-0.15897903
0.9997845,0.0005422777,0,0.0028981576,875.2199433252832,1033.6165841042757,3232,5940.9873,3.1459594,824.33734,0.35999596,7498.1924,4.066979,0,,,,,875.2199433252832,0.0007293628,1033.6165841042757,0.00071958196,-0.065905064,-0.15910412
1.0007355,0.0005422922,0,0.002898835,875.2184249145866,1033.616507776579,3233,5945.996,3.1460552,822.67584,0.35998434,7505.325,4.0670877,0,,,,,875.2184249145866,0.00072860986,1033.616507776579,0.0007185511,-0.06623379,-0.15846583
1.0000117,0.000542222,0,0.0028995126,875.2189397558855,1033.6162652646601,3234,5942.105,3.1458442,823.0204,0.36040348,7499.896,4.066561,0,,,,,875.2189397558855,0.00072835764,1033.6162652646601,0.00071844854,-0.06615593,-0.15831639
0.99996334,0.000542295,0,0.00290019,875.218736661556,1033.6172642897916,3235,5941.3877,3.1462862,823.762,0.35992083,7499.5337,4.0671086,0,,,,,875.218736661556,0.0007292224,1033.6172642897916,0.0007193817,-0.0661305,-0.15824686
1.0012478,0.00054258143,0,0.0029008668,875.2171523104594,1033.6150890780752,3236,5948.7935,3.14775,822.8256,0.3605821,7509.1665,4.069257,0,,,,,875.2171523104594,0.0007278104,1033.6150890780752,0.0007179748,-0.06598475,-0.15799847
1.0003173,0.000542572,0,0.0029015436,875.2175981219534,1033.6151293959579,3237,5943.5425,3.1477766,823.36115,0.36020863,7502.189,4.069186,0,,,,,875.2175981219534,0.00072881166,1033.6151293959579,0.0007190847,-0.065755785,-0.15837276
1.0006603,0.00054246455,0,0.00290222,875.2188644553271,1033.6181343378498,3238,5944.7104,3.1471865,823.61646,0.36018828,7504.7607,4.0683804,0,,,,,875.2188644553271,0.00072907837,1033.6181343378498,0.00071943284,-0.065801606,-0.15777917
1.0006739,0.0005423355,0,0.0029035725,875.219008768351,1033.6178999532344,3240,5944.2393,3.1465929,822.5876,0.36061808,7504.863,4.0674124,0,,,,,875.219008768351,0.0007285823,1033.6178999532344,0.00071883877,-0.06615543,-0.1569861
0.9998598,0.0005423068,0,0.0029042482,875.2185586723988,1033.618483206108,3241,5940.6074,3.1463594,823.3461,0.35980028,7498.7573,4.0671973,0,,,,,875.2185586723988,0.0007288326,1033.618483206108,0.0007190366,-0.066112824,-0.1568558
0.9998859,0.00054225355,0,0.0029049239,875.2180209280143,1033.6190575402895,3242,5940.2607,3.1460667,823.56635,0.36029968,7498.953,4.0667977,0,,,,,875.2180209280143,0.0007291561,1033.6190575402895,0.0007193291,-0.066137664,-0.15647087
0.99969935,0.0005422491,0,0.002905599,875.2196227493234,1033.6179838687392,3243,5939.746,3.1459599,822.93286,0.36020297,7497.5537,4.066765,0,,,,,875.2196227493234,0.00072902424,1033.6179838687392,0.00071931724,-0.06576297,-0.15721947
1.0000838,0.00054232246,0,0.0029062743,875.218493203208,1033.616695032053,3244,5941.8545,3.1464524,824.5561,0.36016437,7500.4375,4.0673146,0,,,,,875.218493203208,0.00072920887,1033.616695032053,0.00071943953,-0.06588364,-0.15704072
1.0001576,0.0005423165,0,0.002906949,875.2207896718594,1033.6199933930488,3245,5941.879,3.1464581,824.1415,0.3604162,7500.9907,4.0672703,0,,,,,875.2207896718594,0.0007291888,1033.6199933930488,0.00071980327,-0.06568501,-0.1566036
0.99983364,0.00054222567,0,0.0029076238,875.2183585649668,1033.6194806057165,3246,5940.6016,3.1458807,822.5184,0.36083847,7498.561,4.066589,0,,,,,875.2183585649668,0.0007296442,1033.6194806057165,0.00071985513,-0.06593319,-0.15625334
1.0007857,0.0005423207,8192,0.002908298,875.2185357495771,1033.619237882838,3247,5944.7314,3.1465166,823.3239,0.360447,7505.701,4.0673018,8192,,,,,875.2185357495771,0.00072871824,1033.619237882838,0.0007190065,-0.06592059,-0.15642214
1.0002283,0.0005423257,0,0.0029089723,875.2194797348731,1033.6189304488094,3248,5942.6987,3.1464932,823.6731,0.36054388,7501.5205,4.067339,0,,,,,875.2194797348731,0.0007293997,1033.6189304488094,0.00071972876,-0.06573244,-0.15655397
1.001501,0.0005424814,0,0.0029096461,875.2178596334777,1033.6179676663205,3249,5948.813,3.1474802,822.96173,0.36060172,7511.0654,4.0685062,0,,,,,875.2178596334777,0.00072813936,1033.6179676663205,0.0007184232,-0.06577642,-0.1559394
1.0001391,0.0005424119,0,0.00291032,875.2189906792294,1033.6185968704967,3250,5941.831,3.1469078,823.7917,0.36039758,7500.8516,4.067985,0,,,,,875.2189906792294,0.00072959217,1033.6185968704967,0.0007197891,-0.06560929,-0.15621616
0.9998807,0.0005423772,0,0.0029109933,875.2186059232442,1033.617641227171,3251,5939.6147,3.1464305,823.2407,0.35999015,7498.9136,4.067725,0,,,,,875.2186059232442,0.0007287292,1033.617641227171,0.00071908825,-0.06549079,-0.15579459
1.0005915,0.0005424391,0,0.0029116664,875.2199245949755,1033.6177074490863,3252,5943.9766,3.147021,825.244,0.36014774,7504.2446,4.0681896,0,,,,,875.2199245949755,0.00072811544,1033.6177074490863,0.0007185816,-0.06563381,-0.15598239
0.99999833,0.00054225716,0,0.0029123395,875.2192704924141,1033.6196033286276,3253,5940.1313,3.1460278,822.65515,0.35985923,7499.796,4.066825,0,,,,,875.2192704924141,0.000728907,1033.6196033286276,0.000719318,-0.06538529,-0.15578656
1.0005591,0.0005422145,0,0.0029130122,875.2184915473674,1033.6198244921336,3254,5942.8843,3.1459587,823.08344,0.3600904,7504.0015,4.066505,0,,,,,875.2184915473674,0.00072888023,1033.6198244921336,0.00071921153,-0.06537369,-0.15550132
0.99956024,0.0005420934,0,0.0029136846,875.220625509563,1033.6177098122666,3255,5938.0566,3.1451519,822.2603,0.36032185,7496.5103,4.065597,0,,,,,875.220625509563,0.0007281347,1033.6177098122666,0.00071850466,-0.06496006,-0.1560993
1.0007685,0.0005422772,0,0.002914357,875.2183460334716,1033.6188092077773,3256,5943.8535,3.1462204,822.8298,0.36034662,7505.5723,4.066975,0,,,,,875.2183460334716,0.00072857994,1033.6188092077773,0.0007188397,-0.065379255,-0.15530647
0.99975675,0.0005423481,0,0.002915029,875.2180000122758,1033.6198475389847,3257,5939.413,3.1465907,823.91876,0.36020923,7497.9844,4.067507,0,,,,,875.2180000122758,0.0007295088,1033.6198475389847,0.000719864,-0.065323286,-0.15537894
1.0012347,0.00054262846,0,0.0029157007,875.2207012957057,1033.618901170334,3258,5946.8667,3.1481464,822.0957,0.36056376,7509.068,4.0696096,0,,,,,875.2207012957057,0.0007281081,1033.618901170334,0.0007188793,-0.06509834,-0.15532972
1.0002154,0.0005425442,0,0.0029163724,875.2198992736614,1033.6195816460765,3259,5941.8667,3.147547,822.1262,0.36038104,7501.424,4.0689774,0,,,,,875.2198992736614,0.0007283007,1033.6195816460765,0.0007189529,-0.065127335,-0.15511255
1.0008483,0.0005424708,0,0.0029170436,875.2197151321957,1033.620242613982,3260,5944.791,3.1472757,821.9508,0.3606189,7506.171,4.068427,0,,,,,875.2197151321957,0.000728549,1033.620242613982,0.0007192245,-0.06506532,-0.15483645
1.0006618,0.0005423975,0,0.0029177146,875.2200070431344,1033.619926578694,3261,5943.9883,3.1467297,822.5108,0.3606129,7504.7725,4.0678773,0,,,,,875.2200070431344,0.0007284143,1033.619926578694,0.0007190111,-0.06482404,-0.15485089
0.9996774,0.0005422261,0,0.0029183854,875.2205617031364,1033.6194626819624,3262,5937.976,3.1458855,822.51416,0.36066067,7497.389,4.0665917,0,,,,,875.2205617031364,0.00072932144,1033.6194626819624,0.0007199431,-0.06515933,-0.1545413
0.9997692,0.0005421779,0,0.0029190562,875.2188164573965,1033.6209148619232,3263,5937.967,3.1455617,823.8412,0.3599571,7498.0776,4.0662303,0,,,,,875.2188164573965,0.00072945724,1033.6209148619232,0.0007198316,-0.0648981,-0.15426326
1.0006928,0.0005421585,0,0.0029197265,875.219885252578,1033.6201822144378,3264,5944.0273,3.1457715,822.6648,0.35988426,7505.0044,4.066085,0,,,,,875.219885252578,0.00072837225,1033.6201822144378,0.0007187455,-0.06516504,-0.15454474
1.0009174,0.00054229103,0,0.0029203966,875.2201379861369,1033.620614986813,3265,5944.1855,3.1462436,822.19525,0.36055756,7506.689,4.067079,0,,,,,875.2201379861369,0.00072808977,1033.620614986813,0.0007187269,-0.06481886,-0.15387946
1.0002073,0.00054235297,0,0.0029210665,875.2192312809618,1033.6198053213188,3266,5941.4175,3.1468375,822.63477,0.36019087,7501.3633,4.0675435,0,,,,,875.2192312809618,0.000728017,1033.6198053213188,0.0007185611,-0.06504979,-0.15432984
0.9999549,0.0005425195,0,0.002921736,875.2197175249339,1033.6203197405787,3267,5939.0127,3.147635,822.08203,0.36039668,7499.47,4.0687923,0,,,,,875.2197175249339,0.000728559,1033.6203197405787,0.0007193347,-0.065078236,-0.15332681
0.9991474,0.00054230867,0,0.0029224055,875.2187290677624,1033.6202001730126,3268,5935.016,3.1465437,822.8093,0.36083606,7493.4146,4.067211,0,,,,,875.2187290677624,0.0007290938,1033.6202001730126,0.0007196038,-0.065109566,-0.15359674
1.0006965,0.00054238015,0,0.0029230746,875.2200644580539,1033.6206225147712,3269,5943.4277,3.1467922,822.85504,0.36061513,7505.032,4.067747,0,,,,,875.2200644580539,0.0007284703,1033.6206225147712,0.0007191097,-0.06479335,-0.1537239
1.0004835,0.0005422648,0,0.0029237438,875.2194041066045,1033.6201958335735,3270,5941.8657,3.1462953,822.5651,0.3602966,7503.4346,4.066882,0,,,,,875.2194041066045,0.0007282935,1033.6201958335735,0.00071877876,-0.06519225,-0.15328297
1.001053,0.00054231123,0,0.0029244125,875.2198126210642,1033.6216158837897,3271,5945.5503,3.1466477,823.06757,0.36042225,7507.7056,4.06723,0,,,,,875.2198126210642,0.0007271868,1033.6216158837897,0.0007178743,-0.06483277,-0.15326221
1.0006245,0.00054215983,0,0.002925081,875.2194691472736,1033.6218311015655,3272,5941.985,3.1459932,821.96545,0.36062756,7504.4927,4.066095,0,,,,,875.2194691472736,0.0007283339,1033.6218311015655,0.00071894925,-0.065050066,-0.15290199
1.0022149,0.00054240844,0,0.0029257492,875.2191539257792,1033.6216206987147,3273,5951.6895,3.1471815,822.5933,0.360171,7516.4204,4.0679593,0,,,,,875.2191539257792,0.0007278874,1033.6216206987147,0.000718473,-0.06515758,-0.152989
1.0010965,0.00054235547,0,0.0029264172,875.2188879029084,1033.6224633996712,3274,5944.444,3.146654,822.3213,0.3601168,7508.0317,4.067562,0,,,,,875.2188879029084,0.0007288935,1033.6224633996712,0.00071944855,-0.06466676,-0.15237233
1.000318,0.0005423068,0,0.002927085,875.2200201772635,1033.6201786727584,3275,5941.161,3.1464033,822.56055,0.3604585,7502.194,4.0671973,0,,,,,875.2200201772635,0.00072853063,1033.6201786727584,0.0007192234,-0.064696,-0.15284622
1.0003458,0.0005422539,0,0.0029277524,875.2202558838476,1033.621513563057,3276,5940.1567,3.146181,822.2007,0.3605477,7502.402,4.0668006,0,,,,,875.2202558838476,0.0007293978,1033.621513563057,0.00072011485,-0.064842604,-0.1523018
0.9998201,0.00054215005,0,0.0029284195,875.2194938857364,1033.6221933510767,3277,5937.4634,3.145785,822.5926,0.3600568,7498.4595,4.0660214,0,,,,,875.2194938857364,0.00072871277,1033.6221933510767,0.00071931875,-0.06479415,-0.15199436
1.0011485,0.0005423271,0,0.0029290866,875.2215291501682,1033.621945702789,3278,5945.3145,3.1466966,822.933,0.36041954,7508.422,4.0673494,0,,,,,875.2215291501682,0.0007281846,1033.621945702789,0.00071875134,-0.064620055,-0.15210462
0.9994983,0.0005422633,8192,0.0029297534,875.2220287154676,1033.6224644696022,3279,5934.3633,3.1462228,823.5839,0.36011195,7496.046,4.066871,8192,,,,,875.2220287154676,0.0007298441,1033.6224644696022,0.00072089786,-0.06457675,-0.15185377
0.99927145,0.00054217695,0,0.00293042,875.2193808632732,1033.6228671597344,3280,5934.2437,3.145932,822.31415,0.36040738,7494.3447,4.066223,0,,,,,875.2193808632732,0.0007296518,1033.6228671597344,0.00072032545,-0.06474051,-0.15128492
0.99996907,0.0005421969,0,0.0029310863,875.219925160407,1033.6240237341717,3281,5936.756,3.1459188,821.9088,0.35986212,7499.5767,4.066373,0,,,,,875.219925160407,0.0007291877,1033.6240237341717,0.0007200275,-0.06448902,-0.15107013
0.9995366,0.0005421561,0,0.0029317525,875.2205012538807,1033.621947009698,3282,5935.4766,3.1457977,821.2864,0.3603997,7496.333,4.066067,0,,,,,875.2205012538807,0.000729017,1033.621947009698,0.00071975886,-0.064393885,-0.15147401
0.9999602,0.0005421813,0,0.0029324181,875.2201984642912,1033.623954989316,3283,5937.2524,3.1459258,822.59937,0.36062878,7499.51,4.066256,0,,,,,875.2201984642912,0.0007287373,1033.623954989316,0.00071956223,-0.06423612,-0.15112568
0.99978954,0.00054211664,0,0.0029330838,875.2201930863563,1033.6230757219164,3284,5936.9136,3.1454628,822.6508,0.36025065,7498.23,4.065771,0,,,,,875.2201930863563,0.00072892854,1033.6230757219164,0.0007196621,-0.064446874,-0.15085828
1.000252,0.00054208434,0,0.0029337492,875.2194558243439,1033.623973718847,3285,5938.886,3.145353,820.8822,0.36058152,7501.6987,4.065529,0,,,,,875.2194558243439,0.00072887796,1033.623973718847,0.0007195732,-0.06437034,-0.15060471
1.0010712,0.00054219493,0,0.0029344144,875.219650356645,1033.6236204171123,3286,5943.901,3.1459794,820.7514,0.36080998,7507.8423,4.066358,0,,,,,875.219650356645,0.0007285101,1033.6236204171123,0.0007192131,-0.064375356,-0.15057133
0.99997157,0.0005421963,0,0.0029350792,875.2209398705293,1033.6226776612748,3287,5937.4517,3.1460748,822.3699,0.36036727,7499.595,4.0663686,0,,,,,875.2209398705293,0.0007294249,1033.6226776612748,0.00072025904,-0.0642557,-0.15064397
0.99891007,0.0005422596,0,0.002935744,875.2209187145236,1033.6240492319325,3288,5930.5933,3.1462712,822.9057,0.360655,7491.6343,4.066843,0,,,,,875.2209187145236,0.00072957,1033.6240492319325,0.00072062726,-0.06417783,-0.14997895
0.9994478,0.0005422463,0,0.0029370724,875.2216166665655,1033.6246037824772,3290,5933.042,3.1461465,822.76294,0.36046198,7495.6675,4.0667434,0,,,,,875.2216166665655,0.0007288348,1033.6246037824772,0.00071997324,-0.06435895,-0.1499511
1.0005271,0.00054226967,0,0.0029377365,875.2203325446851,1033.62418917639,3291,5940.5693,3.146468,822.8833,0.36012444,7503.7617,4.066919,0,,,,,875.2203325446851,0.0007281175,1033.62418917639,0.0007189638,-0.06385336,-0.15006666
0.9995438,0.0005421329,8192,0.0029384,875.2212726276487,1033.6230716170787,3292,5934.0483,3.145544,824.03455,0.3600583,7496.387,4.0658927,8192,,,,,875.2212726276487,0.0007290321,1033.6230716170787,0.0007198963,-0.06397098,-0.15022567
0.9997753,0.00054203667,0,0.0029390636,875.2207297378272,1033.6247591910585,3293,5935.1006,3.1448946,822.2781,0.3605664,7498.1235,4.0651712,0,,,,,875.2207297378272,0.0007290725,1033.6247591910585,0.0007199697,-0.0642283,-0.14984447
0.9990869,0.000541969,0,0.0029397267,875.220711782983,1033.625918683535,3294,5930.692,3.1445513,823.14026,0.35972688,7492.9604,4.064664,0,,,,,875.220711782983,0.0007301148,1033.625918683535,0.00072103995,-0.06409533,-0.14964385
0.99989873,0.00054209796,0,0.0029403896,875.2208393713744,1033.6246336678832,3295,5935.507,3.145277,822.7475,0.36059782,7499.0493,4.065631,0,,,,,875.2208393713744,0.0007297228,1033.6246336678832,0.0007207154,-0.0642044,-0.14953934
0.99970967,0.00054226804,8192,0.0029410524,875.2210908494824,1033.624279622417,3296,5934.9395,3.1462877,823.04645,0.35967934,7497.6313,4.0669065,8192,,,,,875.2210908494824,0.00072970224,1033.624279622417,0.0007206756,-0.063786834,-0.14985594
0.99944437,0.00054245925,0,0.0029417148,875.2215824623029,1033.624931670314,3297,5932.3413,3.1473975,822.5543,0.36024392,7495.6416,4.068341,0,,,,,875.2215824623029,0.0007298185,1033.624931670314,0.0007211345,-0.063782565,-0.14971633
0.9988261,0.00054229243,0,0.0029423772,875.2224232353715,1033.6242856565168,3298,5930.0903,3.1463938,822.74097,0.36033934,7491.0044,4.0670896,0,,,,,875.2224232353715,0.00072898256,1033.6242856565168,0.00072024064,-0.06346225,-0.14988509
1.0060039,0.0005454082,2176,0.0029430392,875.2331875179547,1033.6281903817926,3299,5970.049,3.164578,822.0271,0.36049435,7544.8364,4.0904574,2176,,,,,875.2331875179547,0.0007319557,1033.6281903817926,0.0007154266,-0.06380056,-0.14927784
0.9991685,0.00054206426,0,0.0029437009,875.222364728151,1033.6250155293467,3300,5930.7944,3.1452303,823.5445,0.3603168,7493.5728,4.065378,0,,,,,875.222364728151,0.0007286148,1033.6250155293467,0.000719729,-0.063541666,-0.14883244
0.9990788,0.0005420658,0,0.0029443623,875.2224015721566,1033.625900467288,3301,5930.6855,3.145115,822.7955,0.36032832,7492.9,4.06539,0,,,,,875.2224015721566,0.00072984374,1033.625900467288,0.00072104135,-0.06364919,-0.14869623
0.9993854,0.00054206955,0,0.0029450238,875.2205498054075,1033.6259520631584,3302,5932.036,3.1453204,822.61505,0.36041924,7495.199,4.065418,0,,,,,875.2205498054075,0.00073000137,1033.6259520631584,0.0007209067,-0.063725345,-0.14850684
0.9995621,0.0005420477,0,0.0029456848,875.2228291627312,1033.6269834257441,3303,5933.275,3.145114,821.7817,0.3606225,7496.5244,4.065254,0,,,,,875.2228291627312,0.0007286252,1033.6269834257441,0.0007199694,-0.0636503,-0.14846551
0.9993351,0.0005420803,0,0.0029463456,875.2213373067434,1033.62659759349,3304,5930.9473,3.145198,821.96606,0.36061358,7494.8223,4.065499,0,,,,,875.2213373067434,0.00072897767,1033.62659759349,0.0007200575,-0.06371435,-0.14772876
0.9992014,0.0005421109,0,0.0029470061,875.219365152223,1033.6256080586354,3305,5930.616,3.1455216,822.8312,0.35996372,7493.8193,4.0657277,0,,,,,875.219365152223,0.00072982634,1033.6256080586354,0.0007207196,-0.06379812,-0.14796674
0.9990633,0.0005420863,0,0.0029476664,875.2214234066824,1033.6260375046713,3306,5929.038,3.1453414,822.30383,0.3604492,7492.7837,4.0655437,0,,,,,875.2214234066824,0.00072901096,1033.6260375046713,0.00072010787,-0.063694246,-0.14746793
0.9995192,0.000542081,0,0.0029483265,875.2211509460401,1033.6263083334584,3307,5932.597,3.145396,821.7159,0.36035118,7496.203,4.065504,0,,,,,875.2211509460401,0.00073003053,1033.6263083334584,0.00072108867,-0.063666575,-0.14758657
0.99903524,0.00054205407,0,0.0029489864,875.222234056375,1033.6269728627847,3308,5929.042,3.145061,821.7327,0.3603684,7492.573,4.065302,0,,,,,875.222234056375,0.000729053,1033.6269728627847,0.00072027376,-0.06361952,-0.14722183
0.9990243,0.0005420258,0,0.002949646,875.22279112303,1033.627328966203,3309,5928.567,3.1451316,822.5826,0.36025283,7492.4907,4.0650897,0,,,,,875.22279112303,0.00072992657,1033.627328966203,0.0007212135,-0.0634976,-0.14690207
0.9984723,0.00054206833,0,0.0029503054,875.2219873264482,1033.6265091842529,3310,5925.981,3.145033,822.9065,0.36011547,7488.351,4.0654087,0,,,,,875.2219873264482,0.0007297972,1033.6265091842529,0.00072094786,-0.06346843,-0.14706142
0.9982443,0.00054230675,0,0.0029509645,875.2210660912098,1033.6279770103743,3311,5923.738,3.1463692,822.44257,0.3604393,7486.641,4.067197,0,,,,,875.2210660912098,0.0007298677,1033.6279770103743,0.0007209868,-0.063168235,-0.14673975
1.0003101,0.00054218184,0,0.0029516234,875.2216027040852,1033.6246908409248,3312,5936.5195,3.1460552,822.86285,0.36069724,7502.1343,4.06626,0,,,,,875.2216027040852,0.0007284134,1033.6246908409248,0.00071948924,-0.063238755,-0.146931
0.99838614,0.0005419523,0,0.002952282,875.2218419383375,1033.6275663861961,3313,5924.4053,3.1446648,821.6195,0.36019215,7487.705,4.0645385,0,,,,,875.2218419383375,0.00072990265,1033.6275663861961,0.00072118506,-0.063352466,-0.14644511
0.9987889,0.0005417457,0,0.0029529405,875.2217878006002,1033.6280147122325,3314,5927.168,3.1437666,821.52466,0.36049747,7490.7256,4.0629888,0,,,,,875.2217878006002,0.00073016394,1033.6280147122325,0.00072131644,-0.063690394,-0.14627282
0.9985771,0.00054152514,0,0.0029535987,875.2222884107844,1033.6280420973876,3315,5925.375,3.142189,822.2195,0.3600179,7489.137,4.061335,0,,,,,875.2222884107844,0.0007298899,1033.6280420973876,0.0007210549,-0.06356126,-0.14632322
0.9981739,0.00054152287,0,0.0029542565,875.2212716798546,1033.6282565618112,3316,5923.935,3.1422155,822.3672,0.36046976,7486.1133,4.061318,0,,,,,875.2212716798546,0.00073064264,1033.6282565618112,0.000721656,-0.06330149,-0.14629956
0.9997942,0.0005423995,0,0.0029549142,875.2229916085334,1033.627210845362,3317,5933.066,3.1473281,822.16907,0.36053994,7498.265,4.067892,0,,,,,875.2229916085334,0.00072880625,1033.627210845362,0.00071982486,-0.06347674,-0.14637037
0.9991882,0.0005424507,0,0.0029555717,875.2229631837422,1033.6283669261252,3318,5928.439,3.1476245,821.82184,0.36031875,7493.72,4.0682764,0,,,,,875.2229631837422,0.0007295116,1033.6283669261252,0.00072090165,-0.06346219,-0.14590442
0.99842256,0.00054209825,0,0.0029562288,875.2213943262836,1033.625945110461,3319,5925.4805,3.1456685,821.8857,0.36071393,7487.978,4.0656333,0,,,,,875.2213943262836,0.00073011284,1033.625945110461,0.0007213798,-0.06354258,-0.14658326
0.9980938,0.0005420507,0,0.0029568858,875.220482384078,1033.6273871730573,3320,5922.2285,3.1450067,821.3915,0.3604723,7485.512,4.0652766,0,,,,,875.220482384078,0.0007300537,1033.6273871730573,0.0007211252,-0.06349648,-0.14584379
0.9986715,0.0005420503,0,0.0029575424,875.2222815171797,1033.6279914894542,3321,5926.5034,3.1452487,822.45905,0.3605799,7489.8447,4.0652733,0,,,,,875.2222815171797,0.00072968326,1033.6279914894542,0.0007211084,-0.063345365,-0.14586784
0.9992733,0.0005417005,8192,0.002958199,875.2201384756615,1033.6279366236495,3322,5929.093,3.1430502,822.54114,0.36058855,7494.3584,4.06265,8192,,,,,875.2201384756615,0.0007300076,1033.6279366236495,0.0007210581,-0.06340401,-0.1456869
0.9978382,0.000541425,0,0.0029588551,875.2223188087996,1033.6285470895687,3323,5920.85,3.1416514,821.75354,0.36035454,7483.5957,4.060584,0,,,,,875.2223188087996,0.00073043717,1033.6285470895687,0.00072159193,-0.063548565,-0.14566915
0.99682254,0.00054127054,0,0.0029595112,875.2223058176303,1033.6282035253228,3324,5914.8604,3.1409423,822.4156,0.36050725,7475.978,4.0594254,0,,,,,875.2223058176303,0.0007310246,1033.6282035253228,0.00072218955,-0.06353955,-0.14539783
0.9979169,0.000541806,8192,0.002960167,875.2218392724782,1033.628759925719,3325,5920.5757,3.143751,821.665,0.3608865,7484.1855,4.0634413,8192,,,,,875.2218392724782,0.0007309345,1033.628759925719,0.0007220577,-0.06345367,-0.1452484
0.9977814,0.00054173556,0,0.0029608225,875.2223643372339,1033.62809469303,3326,5920.523,3.143301,821.4367,0.36030754,7483.1694,4.062913,0,,,,,875.2223643372339,0.0007306926,1033.62809469303,0.0007219367,-0.06334712,-0.14523354
0.99766976,0.0005424714,0,0.0029614777,875.2213682547838,1033.6290857870567,3327,5918.6865,3.1476762,821.7232,0.3601565,7482.332,4.068432,0,,,,,875.2213682547838,0.0007306886,1033.6290857870567,0.00072210474,-0.06340597,-0.14459738
0.9980644,0.0005422749,8192,0.0029621327,875.2213422582149,1033.6287063120308,3328,5922.5103,3.146781,821.6659,0.3598507,7485.292,4.066958,8192,,,,,875.2213422582149,0.00073050306,1033.6287063120308,0.0007218539,-0.06343949,-0.14466228
0.99766,0.00054159085,0,0.0029627876,875.220143390222,1033.628207174149,3329,5919.4385,3.1428182,822.36487,0.3602208,7482.259,4.0618277,0,,,,,875.220143390222,0.0007307808,1033.628207174149,0.00072182115,-0.063228525,-0.14475822
0.9979289,0.00054184464,0,0.0029634421,875.2212599115728,1033.628254168037,3330,5921.2285,3.1442487,823.6179,0.36008596,7484.276,4.063731,0,,,,,875.2212599115728,0.00073158,1033.628254168037,0.00072267145,-0.063276865,-0.14476322
0.99777484,0.00054180174,0,0.0029640964,875.222458471721,1033.6314992834855,3331,5920.402,3.1439662,821.5759,0.36010578,7483.12,4.0634093,0,,,,,875.222458471721,0.0007310581,1033.6314992834855,0.0007225052,-0.06329108,-0.14451279
0.99687445,0.00054142124,0,0.0029647504,875.2218076184505,1033.6292091267615,3332,5914.7695,3.1420295,821.985,0.36057505,7476.3677,4.0605555,0,,,,,875.2218076184505,0.000731065,1033.6292091267615,0.0007223482,-0.06322454,-0.14435966
0.98746914,0.0005403744,0,0.0029654042,875.2215763380732,1033.6288639472696,3333,5860.823,3.13568,821.10956,0.36041376,7405.8296,4.052705,0,,,,,875.2215763380732,0.0007367142,1033.6288639472696,0.0007277682,-0.06333526,-0.14451115
0.9717488,0.00053875434,0,0.0029660577,875.224039773457,1033.630356981334,3334,5768.849,3.1265037,821.14514,0.3606398,7287.93,4.0405545,0,,,,,875.224039773457,0.00074772956,1033.630356981334,0.00073875726,-0.06326893,-0.14417861
0.9574961,0.0005375348,0,0.002966711,875.2240115813868,1033.6308461754797,3335,5687.408,3.118969,822.4139,0.3603227,7181.0376,4.0314083,0,,,,,875.2240115813868,0.00075772894,1033.6308461754797,0.00074875366,-0.06312028,-0.14418226
0.9536155,0.00053715537,0,0.0029673642,875.2234059428238,1033.6302726799572,3336,5663.6533,3.1168058,821.34937,0.36035568,7151.9336,4.0285625,0,,,,,875.2234059428238,0.0007612271,1033.6302726799572,0.00075200654,-0.06319784,-0.14407724
0.95166224,0.00053683436,0,0.002968017,875.2236161938758,1033.6314913406122,3337,5652.783,3.1154578,821.7605,0.36018032,7137.2847,4.026155,0,,,,,875.2236161938758,0.0007626442,1033.6314913406122,0.0007535743,-0.06312911,-0.14396498
0.95046467,0.00053673034,0,0.0029686696,875.2239786961479,1033.6309447380868,3338,5645.252,3.1141667,821.16876,0.3605375,7128.303,4.025375,0,,,,,875.2239786961479,0.00076302415,1033.6309447380868,0.00075385126,-0.06307171,-0.14376487
0.9494711,0.00053668936,0,0.002969322,875.2240740776531,1033.6316032602665,3339,5638.8975,3.1139953,821.7104,0.36065763,7120.8516,4.0250673,0,,,,,875.2240740776531,0.0007649718,1033.6316032602665,0.0007558847,-0.06287008,-0.14341564
0.951174,0.00053683267,0,0.0029699742,875.2249357597191,1033.631116279366,3340,5649.9194,3.1150327,822.0506,0.36018872,7133.623,4.026142,0,,,,,875.2249357597191,0.0007633788,1033.631116279366,0.00075436966,-0.06282735,-0.14344034
0.9526752,0.0005369305,0,0.002970626,875.2256481347553,1033.6328858677427,3341,5657.322,3.1155877,821.7187,0.360689,7144.882,4.026876,0,,,,,875.2256481347553,0.000761824,1033.6328858677427,0.00075296796,-0.06251623,-0.14294447
0.95318425,0.0005369771,0,0.0029712776,875.2246247490743,1033.6321101246117,3342,5660.98,3.1158295,821.61005,0.3603686,7148.699,4.0272255,0,,,,,875.2246247490743,0.0007624005,1033.6321101246117,0.0007534922,-0.06267156,-0.14290632
0.9540333,0.0005370909,0,0.002971929,875.2232460707105,1033.633190367275,3343,5665.275,3.1166093,822.6976,0.36014646,7155.0674,4.0280786,0,,,,,875.2232460707105,0.00076122966,1033.633190367275,0.00075217034,-0.0626643,-0.14261793
0.95658255,0.00053733046,0,0.0029725803,875.2245335777284,1033.6325330221018,3344,5680.529,3.1180444,823.3734,0.36006582,7174.186,4.0298758,0,,,,,875.2245335777284,0.0007587539,1033.6325330221018,0.0007497841,-0.062941626,-0.14227551
0.9676188,0.000538392,0,0.002973231,875.2239383387198,1033.632608856975,3345,5743.971,3.1241171,821.3056,0.35988817,7256.956,4.037837,0,,,,,875.2239383387198,0.0007509035,1033.632608856975,0.0007420722,-0.06292163,-0.14204879
0.9845221,0.00054009707,0,0.0029738818,875.2222776640956,1033.632271858833,3346,5842.2466,3.1340382,821.98267,0.3603353,7383.7275,4.050625,0,,,,,875.2222776640956,0.00073966663,1033.632271858833,0.0007310213,-0.06282075,-0.14233603
0.99705464,0.00054177083,0,0.002974532,875.2224475709654,1033.630441021533,3347,5915.1978,3.1434984,820.80316,0.36040515,7477.7188,4.0631776,0,,,,,875.2224475709654,0.00073100795,1033.630441021533,0.00072230585,-0.062705584,-0.14244719
0.99857306,0.0005420055,0,0.0029751824,875.2213240671865,1033.6333679915406,3348,5923.081,3.1447432,822.529,0.36000335,7489.107,4.0649376,0,,,,,875.2213240671865,0.0007301384,1033.6333679915406,0.0007215184,-0.062690645,-0.14200677
0.9990227,0.00054211216,0,0.0029758322,875.223007864827,1033.6306118777902,3349,5926.653,3.1453218,821.5201,0.36034444,7492.479,4.0657372,0,,,,,875.223007864827,0.00072953966,1033.6306118777902,0.00072110596,-0.06260756,-0.14217544
0.99908423,0.000542023,0,0.0029764818,875.2219677449705,1033.6320070957026,3350,5925.925,3.1451464,821.65967,0.36042386,7492.9404,4.0650687,0,,,,,875.2219677449705,0.00072999246,1033.6320070957026,0.0007215227,-0.062729776,-0.14198527
0.9980786,0.0005419384,0,0.0029771314,875.2233512419965,1033.6316937863335,3351,5921.0356,3.144678,822.65405,0.3603855,7485.3984,4.0644345,0,,,,,875.2233512419965,0.00073032774,1033.6316937863335,0.0007219257,-0.062349495,-0.14176838
0.9983318,0.00054183503,0,0.0029777805,875.2220978275932,1033.6320588804713,3352,5922.297,3.144319,822.12177,0.3601203,7487.2974,4.063659,0,,,,,875.2220978275932,0.00073031307,1033.6320588804713,0.0007216783,-0.062624134,-0.14100437
0.9992778,0.00054179307,0,0.0029784294,875.2226845269001,1033.6315485878463,3353,5927.498,3.144289,821.9559,0.3604709,7494.392,4.0633445,0,,,,,875.2226845269001,0.00072941295,1033.6315485878463,0.00072077604,-0.06274256,-0.1413899
0.99905163,0.00054179085,0,0.002979078,875.2237300118386,1033.631412746689,3354,5926.097,3.143835,822.03674,0.3602514,7492.696,4.063328,0,,,,,875.2237300118386,0.0007295441,1033.631412746689,0.00072110177,-0.062455595,-0.14154008
0.9993014,0.00054183096,0,0.0029797265,875.2210343665987,1033.6330445517724,3355,5926.8574,3.143949,820.8249,0.36032653,7494.569,4.0636287,0,,,,,875.2210343665987,0.0007295777,1033.6330445517724,0.00072084175,-0.06267481,-0.14082545
0.9994917,0.00054189964,0,0.002980375,875.2220870233375,1033.6332881858184,3356,5928.958,3.1449058,821.85516,0.36055583,7495.9966,4.0641437,0,,,,,875.2220870233375,0.0007291059,1033.6332881858184,0.0007205656,-0.06238761,-0.1412109
0.99810225,0.000542094,0,0.002981023,875.2215041773541,1033.632037557092,3357,5919.6772,3.1454246,821.82245,0.35997668,7485.5757,4.0656013,0,,,,,875.2215041773541,0.00073016674,1033.632037557092,0.00072180247,-0.0623426,-0.14092073
0.9998517,0.00054229004,0,0.0029816707,875.2224888332505,1033.6314988542463,3358,5930.5093,3.1467104,820.70087,0.3605885,7498.6963,4.0670714,0,,,,,875.2224888332505,0.000728686,1033.6314988542463,0.00072047964,-0.062443588,-0.14072566
1.0002587,0.0005421721,0,0.002982318,875.2230654398126,1033.6319692782163,3359,5932.717,3.146164,821.34863,0.3601913,7501.749,4.066187,0,,,,,875.2230654398126,0.00072942156,1033.6319692782163,0.00072105153,-0.062385987,-0.14101355
1.0001045,0.0005420615,0,0.0029829652,875.2230524665636,1033.6322274444879,3360,5931.3965,3.145296,821.5732,0.36027005,7500.593,4.0653577,0,,,,,875.2230524665636,0.00072924205,1033.6322274444879,0.0007209353,-0.062083066,-0.14088735
0.9996664,0.00054196286,0,0.0029836122,875.2223609920334,1033.6328099941547,3361,5929.66,3.1446774,820.53534,0.36017027,7497.3066,4.0646176,0,,,,,875.2223609920334,0.00072916155,1033.6328099941547,0.0007206612,-0.062114604,-0.14057933
0.99906164,0.00054188893,0,0.002984259,875.2228483125642,1033.6338684908676,3362,5925.135,3.144161,821.78265,0.36047897,7492.771,4.064063,0,,,,,875.2228483125642,0.0007297103,1033.6338684908676,0.0007213449,-0.061983917,-0.14013207
1.000381,0.00054201286,0,0.0029849056,875.2225249975872,1033.6308434745638,3363,5933.036,3.1447685,821.86786,0.36013186,7502.6655,4.064993,0,,,,,875.2225249975872,0.00072906585,1033.6308434745638,0.00072050665,-0.062008236,-0.14032917
0.99954504,0.00054193445,0,0.0029855517,875.2234815101185,1033.6317082944236,3364,5927.299,3.1443896,822.36676,0.36018813,7496.3965,4.0644045,0,,,,,875.2234815101185,0.00072869926,1033.6317082944236,0.0007202863,-0.06197798,-0.14021507
0.9994812,0.00054205063,0,0.0029861978,875.222683919397,1033.6331098543126,3365,5927.922,3.1450627,821.81287,0.36060908,7495.9175,4.065276,0,,,,,875.222683919397,0.0007296406,1033.6331098543126,0.00072126155,-0.06187018,-0.1402164
0.9986788,0.0005421022,0,0.0029868437,875.222669381922,1033.6329671741364,3366,5922.978,3.1452327,821.97125,0.3604651,7489.9,4.065663,0,,,,,875.222669381922,0.0007303899,1033.6329671741364,0.0007221082,-0.061899856,-0.14022344
0.9996126,0.00054215314,0,0.002987489,875.2211684434253,1033.6323588846699,3367,5928.051,3.1454766,822.18207,0.36017892,7496.9033,4.066045,0,,,,,875.2211684434253,0.00073015067,1033.6323588846699,0.0007215244,-0.061886963,-0.1399454
1.0002567,0.00054211187,0,0.0029881345,875.2232017825469,1033.6322056967897,3368,5932.5957,3.1453094,821.7756,0.36020133,7501.7334,4.0657353,0,,,,,875.2232017825469,0.00072941807,1033.6322056967897,0.00072113326,-0.062093187,-0.13988541
1.0000749,0.00054204965,0,0.0029887795,875.2238263151694,1033.6329499251103,3369,5930.5,3.144901,821.58856,0.36062625,7500.3696,4.0652685,0,,,,,875.2238263151694,0.000728884,1033.6329499251103,0.0007207123,-0.061972618,-0.13972938
0.99970216,0.0005419472,0,0.0029894242,875.2236371150093,1033.6341756387114,3370,5929.0337,3.1448243,822.08405,0.35979897,7497.5747,4.0645003,0,,,,,875.2236371150093,0.0007293423,1033.6341756387114,0.0007211947,-0.061984546,-0.13986428
0.99976605,0.000541955,0,0.0029900689,875.2231920502809,1033.6332814899806,3371,5928.908,3.1447346,821.4929,0.3603785,7498.054,4.064559,0,,,,,875.2231920502809,0.0007290211,1033.6332814899806,0.0007207456,-0.06193469,-0.1396225
1.0004079,0.0005419329,0,0.002990713,875.2228934000507,1033.6346033198606,3372,5932.6006,3.1450195,821.3729,0.36011726,7502.868,4.064393,0,,,,,875.2228934000507,0.00072949467,1033.6346033198606,0.0007212446,-0.0619171,-0.13927387
0.9998705,0.00054190087,0,0.0029913571,875.2232879939614,1033.6330423701788,3373,5929.2456,3.1447692,820.1932,0.36047244,7498.8374,4.0641527,0,,,,,875.2232879939614,0.0007288907,1033.6330423701788,0.0007204831,-0.061789665,-0.1394635
0.99911106,0.00054194493,0,0.002992001,875.2243457375329,1033.6337494834213,3374,5924.8433,3.1448092,822.08264,0.36026517,7493.1416,4.064483,0,,,,,875.2243457375329,0.00072991423,1033.6337494834213,0.00072173896,-0.06174065,-0.13901474
1.0007157,0.0005420762,0,0.0029926444,875.2232556481201,1033.633710566672,3375,5934.7666,3.1453192,821.3492,0.3604741,7505.177,4.065468,0,,,,,875.2232556481201,0.00072919606,1033.633710566672,0.00072090665,-0.061579376,-0.13917775
1.0004153,0.00054206024,0,0.0029932878,875.223404651691,1033.6338321383023,3376,5931.568,3.145072,821.2578,0.36052525,7502.924,4.065348,0,,,,,875.223404651691,0.00072810496,1033.6338321383023,0.00071986706,-0.061694343,-0.13877615
1.0003394,0.0005420385,0,0.0029939308,875.223648120618,1033.6350839239662,3377,5932.3794,3.145113,821.4208,0.3606071,7502.354,4.065185,0,,,,,875.223648120618,0.0007294874,1033.6350839239662,0.0007213242,-0.061436765,-0.13883859
0.99986935,0.00054210133,0,0.0029945737,875.2224568155203,1033.6356723144727,3378,5928.6265,3.1452053,822.13965,0.3605838,7498.8286,4.065656,0,,,,,875.2224568155203,0.00072980777,1033.6356723144727,0.0007216604,-0.06151186,-0.13880382
1.000416,0.0005421378,0,0.0029952163,875.2231580817227,1033.6341468661803,3379,5932.0225,3.1456776,821.88837,0.36021417,7502.929,4.0659294,0,,,,,875.2231580817227,0.0007294543,1033.6341468661803,0.0007213117,-0.061596967,-0.1386332
1.000751,0.00054227683,0,0.0029958587,875.2238219343358,1033.632922620112,3380,5934.248,3.1458871,822.3894,0.36004075,7505.441,4.0669723,0,,,,,875.2238219343358,0.00072874024,1033.632922620112,0.00072059705,-0.06111262,-0.13866839
0.9995784,0.0005420896,0,0.0029965008,875.2227060885623,1033.6338479944884,3381,5926.6323,3.1450558,821.6716,0.3601321,7496.647,4.065568,0,,,,,875.2227060885623,0.0007298735,1033.6338479944884,0.0007215749,-0.061484493,-0.1382019
0.9996173,0.0005420703,0,0.0029971427,875.2247487830151,1033.6349174370487,3382,5927.8,3.1451874,822.1096,0.36050195,7496.9385,4.0654235,0,,,,,875.2247487830151,0.0007298706,1033.6349174370487,0.0007219051,-0.061393365,-0.13846913
1.0002328,0.00054202153,0,0.0029977842,875.2241436201302,1033.6349918373303,3383,5929.7944,3.144709,821.3306,0.36035815,7501.5547,4.0650578,0,,,,,875.2241436201302,0.0007287867,1033.6349918373303,0.00072057307,-0.06150514,-0.1378293
1.0002674,0.0005419684,0,0.0029984256,875.2232125873435,1033.6342327297466,3384,5931.2603,3.1444368,820.8026,0.36075252,7501.814,4.064659,0,,,,,875.2232125873435,0.00072952535,1033.6342327297466,0.0007212587,-0.0614398,-0.13790515
1.0034562,0.00054277934,128,0.0029990666,875.2226398723984,1033.6341562587063,3385,5948.83,3.149291,822.04565,0.3606274,7525.7295,4.070741,128,,,,,875.2226398723984,0.00072656455,1033.6341562587063,0.0007183967,-0.061182175,-0.1375693
1.0002753,0.00054204365,0,0.0029997076,875.2231504087531,1033.6360544268387,3386,5930.6685,3.1451356,822.72156,0.36072364,7501.873,4.0652237,0,,,,,875.2231504087531,0.0007291669,1033.6360544268387,0.00072096154,-0.061133265,-0.13724087
1.0005393,0.00054223253,0,0.003000348,875.2251222611133,1033.635144053533,3387,5932.7075,3.1462538,821.85846,0.36043814,7503.853,4.0666404,0,,,,,875.2251222611133,0.0007281513,1033.635144053533,0.0007202817,-0.061030786,-0.13724795
0.9993951,0.0005422538,0,0.0030009886,875.2225240381347,1033.6357243185075,3388,5925.144,3.1464353,821.2622,0.36060807,7495.272,4.0667996,0,,,,,875.2225240381347,0.0007293541,1033.6357243185075,0.00072137045,-0.06116483,-0.13700391
1.0003523,0.00054218556,0,0.0030016287,875.2226851176614,1033.6367926529904,3389,5931.0,3.1462092,821.44965,0.360639,7502.45,4.066288,0,,,,,875.2226851176614,0.0007293182,1033.6367926529904,0.0007212559,-0.061216176,-0.13665344
1.0010699,0.00054219697,0,0.0030022685,875.224784031856,1033.6350496239797,3390,5933.8643,3.1457608,822.0206,0.36037922,7507.833,4.0663733,0,,,,,875.224784031856,0.00072809804,1033.6350496239797,0.0007201312,-0.06129283,-0.13632265
1.0012845,0.00054206577,0,0.003002908,875.2245803735816,1033.6365333748213,3391,5936.3486,3.1453996,821.7996,0.36042973,7509.442,4.0653896,0,,,,,875.2245803735816,0.0007280311,1033.6365333748213,0.0007201205,-0.061251756,-0.13638549
1.0006701,0.0005419944,0,0.0030035477,875.2245732747772,1033.6368984528017,3392,5932.2583,3.144727,822.8693,0.36003792,7504.834,4.064854,0,,,,,875.2245732747772,0.000728227,1033.6368984528017,0.0007202448,-0.06126361,-0.13613373
1.0000318,0.0005420509,128,0.0030041868,875.2240370700229,1033.6357216984918,3393,5928.6074,3.1450593,821.49445,0.36110193,7500.047,4.065278,128,,,,,875.2240370700229,0.00072837464,1033.6357216984918,0.0007203736,-0.061285816,-0.1362759
1.0015078,0.0005421005,0,0.0030048257,875.2246975224962,1033.6376090763324,3394,5937.6343,3.145385,821.8529,0.36030582,7511.1167,4.06565,0,,,,,875.2246975224962,0.0007275032,1033.6376090763324,0.0007196704,-0.06109621,-0.13635176
1.0000389,0.00054203527,0,0.0030054643,875.222309384839,1033.6351637812202,3395,5927.9766,3.1450927,821.7789,0.36067265,7500.0996,4.0651608,0,,,,,875.222309384839,0.0007290261,1033.6351637812202,0.0007208988,-0.06128821,-0.13596219
0.99985015,0.0005422117,0,0.0030061028,875.2249718095998,1033.6363115481522,3396,5927.8086,3.146069,822.44696,0.36063597,7498.6846,4.066484,0,,,,,875.2249718095998,0.0007288138,1033.6363115481522,0.000721155,-0.061095074,-0.1360258
1.0006056,0.0005422606,0,0.0030067407,875.2227116346708,1033.6369285482351,3397,5931.037,3.1461585,822.439,0.3605961,7504.35,4.0668507,0,,,,,875.2227116346708,0.0007281995,1033.6369285482351,0.0007201887,-0.061131787,-0.1355701
1.0002851,0.0005421145,0,0.0030073787,875.223663513666,1033.6353676666472,3398,5929.833,3.145368,822.1194,0.36045954,7501.947,4.065755,0,,,,,875.223663513666,0.00072878593,1033.6353676666472,0.00072090473,-0.061016254,-0.13600482
1.0010618,0.000542149,0,0.0030080164,875.2243741378903,1033.6359317658676,3399,5934.2764,3.1454406,822.14435,0.3601492,7507.7715,4.066014,0,,,,,875.2243741378903,0.00072813797,1033.6359317658676,0.0007201072,-0.060823333,-0.13532867
1.0012742,0.0005421708,0,0.0030086539,875.2236026000147,1033.636107130264,3400,5935.006,3.1455286,822.29626,0.3606754,7509.365,4.066177,0,,,,,875.2236026000147,0.00072833354,1033.636107130264,0.00072038674,-0.060489688,-0.13556074
0.9996865,0.0005419713,0,0.003009291,875.2245696850476,1033.637353454488,3401,5926.5283,3.1444705,821.34625,0.36015648,7497.457,4.064681,0,,,,,875.2245696850476,0.0007294891,1033.637353454488,0.0007216026,-0.060656548,-0.13534553
1.0000817,0.00054196693,0,0.003009928,875.2247673721361,1033.637922345778,3402,5927.6235,3.1445093,822.1695,0.36052024,7500.421,4.064648,0,,,,,875.2247673721361,0.0007289073,1033.637922345778,0.00072096067,-0.06056807,-0.1349885
1.0009731,0.00054216833,0,0.0030105645,875.225192097905,1033.6364758311054,3403,5933.4956,3.14543,822.6192,0.36037087,7507.1064,4.066159,0,,,,,875.225192097905,0.0007288229,1033.6364758311054,0.00072102755,-0.060445666,-0.13499568
1.00057,0.00054204965,0,0.003011201,875.2244452957007,1033.637072074486,3404,5930.555,3.145122,822.1787,0.3608129,7504.084,4.0652685,0,,,,,875.2244452957007,0.0007281707,1033.637072074486,0.00072038197,-0.06039258,-0.13490693
1.0009847,0.00054211786,0,0.0030118371,875.2250055134784,1033.6379483081482,3405,5933.3774,3.1455033,822.98175,0.3604038,7507.194,4.06578,0,,,,,875.2250055134784,0.00072836765,1033.6379483081482,0.0007206091,-0.060348924,-0.13460511
0.99965143,0.0005419158,0,0.003012473,875.2239359964865,1033.639252913426,3406,5925.0693,3.1445146,822.47235,0.360374,7497.1943,4.064265,0,,,,,875.2239359964865,0.0007293035,1033.639252913426,0.0007215008,-0.06061092,-0.13446106
1.0010517,0.00054205715,0,0.0030131086,875.223831237417,1033.6370471431155,3407,5932.834,3.1453152,822.3849,0.36050576,7507.6963,4.065325,0,,,,,875.223831237417,0.00072837743,1033.6370471431155,0.0007204444,-0.060478922,-0.13424824
1.0006242,0.0005420504,0,0.0030137443,875.2237409785098,1033.6374847918562,3408,5930.8867,3.145251,822.5818,0.35991493,7504.49,4.0652742,0,,,,,875.2237409785098,0.00072948704,1033.6374847918562,0.000721639,-0.060642432,-0.13435481
1.0002955,0.000542133,0,0.0030143794,875.2242614619679,1033.637080846793,3409,5927.948,3.1453402,821.9208,0.3604718,7502.025,4.0658937,0,,,,,875.2242614619679,0.0007289949,1033.637080846793,0.0007212174,-0.060276143,-0.13366178
1.0007555,0.00054211786,0,0.0030150143,875.2248385163164,1033.638923935249,3410,5931.631,3.145489,822.50323,0.3601714,7505.475,4.06578,0,,,,,875.2248385163164,0.0007288017,1033.638923935249,0.0007211164,-0.06033515,-0.13355145
1.0003194,0.0005421651,0,0.003015649,875.2236178221285,1033.6381846743298,3411,5928.6577,3.1451864,821.7845,0.36036408,7502.204,4.0661345,0,,,,,875.2236178221285,0.0007288729,1033.6381846743298,0.00072103745,-0.0601017,-0.13383992
1.0000708,0.0005420531,0,0.0030162835,875.2239108036842,1033.6386619165933,3412,5927.403,3.1450338,821.12946,0.36051643,7500.34,4.0652943,0,,,,,875.2239108036842,0.0007292687,1033.6386619165933,0.00072156463,-0.05992405,-0.13382
1.0000838,0.0005420137,0,0.0030169175,875.2244605442647,1033.638905217153,3413,5927.3228,3.1446416,822.2474,0.35995844,7500.4375,4.0649986,0,,,,,875.2244605442647,0.0007292876,1033.638905217153,0.0007214956,-0.060235597,-0.13344672
1.001206,0.0005419528,0,0.0030175515,875.2251649005675,1033.6390958407783,3414,5932.743,3.1446478,821.7916,0.35999292,7508.8535,4.0645423,0,,,,,875.2251649005675,0.0007276308,1033.6390958407783,0.00071986485,-0.060519014,-0.13304172
1.0009532,0.00054194464,0,0.0030181853,875.2252862893736,1033.6403401046944,3415,5932.61,3.1446173,821.59485,0.36000562,7506.9575,4.0644813,0,,,,,875.2252862893736,0.00072847167,1033.6403401046944,0.000720722,-0.059961658,-0.13368131
1.000105,0.00054196035,0,0.0030188188,875.2250390061795,1033.6402972698586,3416,5926.864,3.144708,823.04034,0.36001545,7500.596,4.064599,0,,,,,875.2250390061795,0.0007291552,1033.6402972698586,0.00072151225,-0.059833124,-0.13306879
0.99997795,0.0005421101,0,0.0030194519,875.2257564065762,1033.6389476276324,3417,5926.4565,3.1454294,822.47876,0.359969,7499.643,4.065722,0,,,,,875.2257564065762,0.0007286804,1033.6389476276324,0.0007212395,-0.059788264,-0.13323262
1.0005007,0.00054230215,0,0.003020085,875.2250476625384,1033.6391662811843,3418,5929.4097,3.1464655,821.3335,0.36066136,7503.5635,4.0671625,0,,,,,875.2250476625384,0.0007289859,1033.6391662811843,0.0007215134,-0.05974326,-0.13275607
1.0008165,0.00054225966,0,0.0030207175,875.2245893397007,1033.6390553569017,3419,5930.652,3.1461005,821.95996,0.35983512,7505.932,4.0668435,0,,,,,875.2245893397007,0.00072882994,1033.6390553569017,0.0007212565,-0.05970046,-0.13232802
1.0013626,0.00054217444,0,0.00302135,875.2245494513588,1033.6381209392555,3420,5934.018,3.1458948,821.4886,0.36039177,7510.0273,4.0662045,0,,,,,875.2245494513588,0.0007279938,1033.6381209392555,0.0007202826,-0.05955446,-0.1323092
1.0012012,0.0005420402,0,0.0030219823,875.2247337176279,1033.6397322803123,3421,5931.823,3.1451106,821.28656,0.36051354,7508.817,4.065198,0,,,,,875.2247337176279,0.00072773756,1033.6397322803123,0.00071995036,-0.059946686,-0.13224325
1.0004917,0.0005418354,0,0.0030226142,875.22493270418,1033.6394988474774,3422,5928.304,3.1443331,821.52704,0.35993618,7503.496,4.0636616,0,,,,,875.22493270418,0.00072846026,1033.6394988474774,0.0007207873,-0.060041696,-0.13172853
1.0019577,0.0005419875,0,0.0030232458,875.2238360258805,1033.6393446072725,3423,5936.107,3.1449375,821.3963,0.36050603,7514.4907,4.064802,0,,,,,875.2238360258805,0.00072714797,1033.6393446072725,0.00071943016,-0.060174398,-0.1311871
1.0009849,0.0005419744,0,0.0030238773,875.2257438456072,1033.639717159349,3424,5931.014,3.1448357,821.2139,0.35996875,7507.1953,4.064704,0,,,,,875.2257438456072,0.0007281229,1033.639717159349,0.00072050747,-0.059874747,-0.13163136
1.0005682,0.00054194994,0,0.0030245085,875.2244301648752,1033.6400712742254,3425,5929.202,3.144923,820.9573,0.36041924,7504.07,4.064521,0,,,,,875.2244301648752,0.00072930066,1033.6400712742254,0.0007216089,-0.05962597,-0.13183565
1.0008848,0.0005422565,0,0.0030251394,875.2248251319305,1033.6387855713274,3426,5930.225,3.1462994,821.36816,0.36025208,7506.444,4.06682,0,,,,,875.2248251319305,0.00072907424,1033.6387855713274,0.00072158634,-0.059546743,-0.13189769
1.0003287,0.0005421468,0,0.0030257702,875.2248555382389,1033.6400257161183,3427,5928.1133,3.1462123,820.4563,0.36011294,7502.2734,4.065997,0,,,,,875.2248555382389,0.00072896446,1033.6400257161183,0.00072155276,-0.059485123,-0.13166538
0.9998081,0.00054200384,0,0.0030264007,875.2261643028635,1033.641709736761,3428,5924.005,3.14495,820.99854,0.3607484,7498.369,4.064925,0,,,,,875.2261643028635,0.0007278877,1033.641709736761,0.0007206522,-0.05950593,-0.13100551
1.0009618,0.0005420426,0,0.003027031,875.2266944458463,1033.6431028655973,3429,5931.444,3.1452363,821.8637,0.35994944,7507.0215,4.0652156,0,,,,,875.2266944458463,0.00072777836,1033.6431028655973,0.0007206659,-0.05935528,-0.13129474
1.00102,0.00054198544,0,0.0030276608,875.2264440897156,1033.6403461266389,3430,5930.4785,3.1449232,821.30426,0.36011878,7507.458,4.064787,0,,,,,875.2264440897156,0.00072847446,1033.6403461266389,0.00072107225,-0.05928617,-0.1311323
1.0000533,0.000541819,0,0.0030282906,875.2249623714004,1033.6423939347146,3431,5924.911,3.1442716,821.83636,0.36004776,7500.208,4.063539,0,,,,,875.2249623714004,0.0007282615,1033.6423939347146,0.00072083954,-0.059464138,-0.13069682
1.0000328,0.0005418449,0,0.00302892,875.2259922830463,1033.6412127883223,3432,5925.4517,3.1441178,820.62994,0.36051494,7500.0547,4.063733,0,,,,,875.2259922830463,0.0007290478,1033.6412127883223,0.0007215559,-0.059326958,-0.13077949
1.0012972,0.000541946,0,0.0030295493,875.2258780100938,1033.640307863491,3433,5931.5977,3.1449056,822.0642,0.36000913,7509.5376,4.0644913,0,,,,,875.2258780100938,0.0007281735,1033.640307863491,0.00072057475,-0.059321117,-0.13046387
1.0005258,0.0005419575,0,0.003030807,875.226215586737,1033.6412005828956,3435,5927.24,3.145025,820.96716,0.36074063,7503.752,4.0645776,0,,,,,875.226215586737,0.0007281185,1033.6412005828956,0.0007207808,-0.059383497,-0.13018772
1.0005773,0.0005419258,0,0.0030314354,875.2282290995458,1033.6408852857867,3436,5927.696,3.1448665,820.51654,0.3604014,7504.1387,4.0643396,0,,,,,875.2282290995458,0.0007279473,1033.6408852857867,0.00072083983,-0.059128128,-0.1303413
1.0004244,0.0005419036,0,0.0030320636,875.2255973419727,1033.6425548026268,3437,5926.784,3.1445858,820.41235,0.36067107,7502.991,4.064173,0,,,,,875.2255973419727,0.00072845526,1033.6425548026268,0.0007211518,-0.05916266,-0.1301186
0.99962527,0.00054184004,0,0.0030326915,875.2250259023863,1033.642699914882,3438,5921.0986,3.1443176,820.5625,0.3605719,7496.998,4.0636964,0,,,,,875.2250259023863,0.0007294129,1033.642699914882,0.00072201795,-0.05933572,-0.12948275
1.0004001,0.0005419801,0,0.0030333193,875.2244843242352,1033.6410177778812,3439,5926.709,3.1450558,821.0051,0.36039236,7502.809,4.064747,0,,,,,875.2244843242352,0.00072943367,1033.6410177778812,0.0007219119,-0.05946337,-0.12980236
1.0007985,0.0005420201,0,0.0030339467,875.2273288632318,1033.6415255530749,3440,5928.191,3.1448767,819.75116,0.36011526,7505.797,4.065047,0,,,,,875.2273288632318,0.0007275462,1033.6415255530749,0.0007203667,-0.059182975,-0.12929025
1.000429,0.0005419275,0,0.003034574,875.2255617999882,1033.640978537209,3441,5926.7524,3.144602,820.6358,0.36047876,7503.0264,4.0643525,0,,,,,875.2255617999882,0.0007282369,1033.640978537209,0.00072084076,-0.059103016,-0.12945957
0.9997869,0.00054184115,0,0.003035201,875.2255625041885,1033.6418319990994,3442,5922.4,3.1444354,820.47015,0.360482,7498.2104,4.063705,0,,,,,875.2255625041885,0.0007292511,1033.6418319990994,0.00072190946,-0.058979895,-0.129562
1.000077,0.0005419146,0,0.0030358278,875.2273758977045,1033.6424517571693,3443,5923.947,3.1445246,821.5181,0.36021736,7500.386,4.0642557,0,,,,,875.2273758977045,0.0007295581,1033.6424517571693,0.0007223671,-0.05889348,-0.12941
0.99992085,0.00054174114,0,0.003036454,875.2265337059683,1033.641959321257,3444,5923.281,3.1438484,820.06055,0.3607069,7499.215,4.062955,0,,,,,875.2265337059683,0.00072828244,1033.641959321257,0.00072102906,-0.059154324,-0.12909545
1.0009443,0.0005418475,0,0.0030370804,875.2258999658266,1033.6440380850102,3445,5927.7485,3.1442084,821.2493,0.36030716,7506.89,4.0637527,0,,,,,875.2258999658266,0.00072902517,1033.6440380850102,0.0007216959,-0.05924692,-0.1285285
0.9999255,0.0005418084,0,0.0030377063,875.2254116680908,1033.642790776708,3446,5922.4224,3.1439736,821.3761,0.3598735,7499.25,4.063459,0,,,,,875.2254116680908,0.00072930165,1033.642790776708,0.00072193204,-0.05923628,-0.12849551
1.0006634,0.0005418994,0,0.003038332,875.2257331030236,1033.6435605146853,3447,5926.1587,3.1449444,820.0472,0.36034617,7504.7837,4.0641418,0,,,,,875.2257331030236,0.00072848727,1033.6435605146853,0.00072124903,-0.05928423,-0.12838888
0.9995532,0.00054194545,0,0.0030395826,875.22606372716,1033.6417602740535,3449,5920.184,3.1451192,820.165,0.36048263,7496.4575,4.064487,0,,,,,875.22606372716,0.0007294923,1033.6417602740535,0.0007223074,-0.05902628,-0.12799495
0.9990665,0.00054185797,0,0.0030402078,875.2274658408035,1033.6441795748485,3450,5916.628,3.1442125,820.1635,0.36064705,7492.807,4.063831,0,,,,,875.2274658408035,0.0007287038,1033.6441795748485,0.00072184036,-0.058878064,-0.12771666
1.0007509,0.000541874,0,0.0030408325,875.225356827975,1033.6437173098177,3451,5927.154,3.1446717,820.6166,0.36027986,7505.44,4.063951,0,,,,,875.225356827975,0.000728324,1033.6437173098177,0.000721215,-0.059161592,-0.12751244
1.0011495,0.0005418657,0,0.003041457,875.2269127189336,1033.6436521227001,3452,5928.0654,3.1442552,820.51685,0.36041406,7508.4297,4.063889,0,,,,,875.2269127189336,0.0007281204,1033.6436521227001,0.00072097615,-0.059368197,-0.12704921
0.99970275,0.0005416226,8192,0.0030420811,875.2261984905929,1033.6437843162907,3453,5920.055,3.1432433,821.06915,0.36040968,7497.579,4.0620656,8192,,,,,875.2261984905929,0.00072944094,1033.6437843162907,0.0007220725,-0.05916154,-0.12697333
1.0001174,0.0005416557,0,0.0030427051,875.2255212394775,1033.64390829344,3454,5922.57,3.1433916,820.0327,0.36026078,7500.689,4.062314,0,,,,,875.2255212394775,0.00072870596,1033.64390829344,0.0007212951,-0.059114456,-0.12722439
1.0002524,0.00054172036,0,0.0030433289,875.2276181344898,1033.643452531533,3455,5923.021,3.1439576,819.3404,0.36053023,7501.701,4.062799,0,,,,,875.2276181344898,0.0007281194,1033.643452531533,0.00072106684,-0.058858015,-0.12730365
0.99966305,0.00054193166,0,0.0030439522,875.2258811181321,1033.6449032354008,3456,5919.959,3.1451073,820.72375,0.36022425,7497.2817,4.0643835,0,,,,,875.2258811181321,0.00072966167,1033.6449032354008,0.0007227082,-0.058748946,-0.1275609
1.0010556,0.0005425554,128,0.0030445755,875.2262393816228,1033.6430091601067,3457,5926.765,3.14838,821.4207,0.35986376,7507.7256,4.0690618,128,,,,,875.2262393816228,0.00072891667,1033.6430091601067,0.0007219127,-0.058626812,-0.12714146
0.9989386,0.0005418846,0,0.0030451985,875.2264707001477,1033.6432611771986,3458,5916.1934,3.1444492,820.2211,0.3606502,7491.8486,4.064031,0,,,,,875.2264707001477,0.0007294667,1033.6432611771986,0.000722206,-0.058531392,-0.1273511
0.9997996,0.0005417956,0,0.003045821,875.2266077262109,1033.644184599392,3459,5919.867,3.1441865,821.59875,0.36075303,7498.3057,4.0633636,0,,,,,875.2266077262109,0.0007288539,1033.644184599392,0.00072179496,-0.05862647,-0.12707464
0.999938,0.0005417512,0,0.0030464437,875.2266948138592,1033.6434572885787,3460,5920.7812,3.1438172,818.99786,0.36070335,7499.3438,4.0630302,0,,,,,875.2266948138592,0.00072874303,1033.6434572885787,0.0007215231,-0.058682937,-0.12682176
0.9993734,0.00054161606,0,0.0030470658,875.2259505331084,1033.643828088288,3461,5917.833,3.1434503,819.8569,0.36092317,7495.109,4.062017,0,,,,,875.2259505331084,0.000728902,1033.643828088288,0.00072168733,-0.05884706,-0.12656896
1.0006709,0.0005417442,0,0.0030476877,875.2246040640682,1033.6446749185866,3462,5924.3,3.1438718,819.95953,0.36058494,7504.84,4.062978,0,,,,,875.2246040640682,0.00072941073,1033.6446749185866,0.0007220545,-0.05888329,-0.1261928
1.0016906,0.000542107,128,0.0030483094,875.2271068975872,1033.6434001193377,3463,5931.143,3.145726,820.16223,0.36090603,7512.488,4.0656986,128,,,,,875.2271068975872,0.0007280327,1033.6434001193377,0.00072109245,-0.058766846,-0.12630013
1.0002202,0.0005418003,0,0.0030489308,875.2263920002904,1033.6439203621972,3464,5921.7856,3.1440437,819.68134,0.36047903,7501.46,4.0633984,0,,,,,875.2263920002904,0.0007285848,1033.6439203621972,0.0007214857,-0.058622815,-0.12602174
0.99858606,0.00054166245,0,0.0030495522,875.2270668830774,1033.644784818263,3465,5913.0894,3.1434026,820.29565,0.36011344,7489.204,4.0623646,0,,,,,875.2270668830774,0.00072927616,1033.644784818263,0.0007222801,-0.058491725,-0.12606369
1.0000527,0.00054183713,0,0.003050173,875.2267716430908,1033.6447836443854,3466,5921.292,3.1444354,820.61774,0.36024505,7500.2036,4.063675,0,,,,,875.2267716430908,0.0007290282,1033.6447836443854,0.00072204066,-0.05877744,-0.12585591
1.0001459,0.000541818,0,0.0030507937,875.2260274882101,1033.6449819328786,3467,5921.0425,3.1440744,820.62225,0.35978246,7500.903,4.063531,0,,,,,875.2260274882101,0.00072955457,1033.6449819328786,0.00072244985,-0.058613017,-0.12562561
0.9990637,0.0005416897,0,0.0030514142,875.2272938145134,1033.6453080148283,3468,5915.4785,3.1434412,819.02686,0.36044636,7492.786,4.062569,0,,,,,875.2272938145134,0.0007285496,1033.6453080148283,0.0007217601,-0.05893715,-0.12565958
0.9988968,0.00054170174,0,0.0030520344,875.2267051026972,1033.6442005471579,3469,5913.782,3.1438267,819.398,0.36025512,7491.5347,4.0626593,0,,,,,875.2267051026972,0.0007293807,1033.6442005471579,0.0007224414,-0.05867254,-0.12548153
0.9998131,0.00054178474,0,0.0030526542,875.2272118072882,1033.6450967212365,3470,5919.8857,3.143924,818.8673,0.36061794,7498.4067,4.063282,0,,,,,875.2272118072882,0.0007287621,1033.6450967212365,0.00072184746,-0.058818325,-0.1255127
0.9997842,0.0005417,0,0.003053274,875.2270536330352,1033.6458650277586,3471,5918.7285,3.1436563,819.97723,0.3600746,7498.19,4.0626464,0,,,,,875.2270536330352,0.0007287625,1033.6458650277586,0.0007218479,-0.058637574,-0.1254461
0.99840456,0.0005415657,0,0.0030538933,875.226291205064,1033.6469276079895,3472,5910.657,3.1431084,819.9328,0.36062995,7487.8433,4.0616393,0,,,,,875.226291205064,0.00072967564,1033.6469276079895,0.000722705,-0.058866832,-0.1251468
0.9991046,0.00054162485,0,0.0030545127,875.2278672988089,1033.6461428184625,3473,5915.3975,3.1434956,819.1392,0.35994005,7493.0933,4.062083,0,,,,,875.2278672988089,0.000729496,1033.6461428184625,0.0007226615,-0.058827054,-0.12511134
0.9995484,0.00054169144,8192,0.0030551315,875.2251277126659,1033.6451571496696,3474,5916.8594,3.1434264,819.32635,0.3602593,7496.4214,4.062582,8192,,,,,875.2251277126659,0.00072997436,1033.6451571496696,0.0007227126,-0.058935426,-0.12449537
0.9985105,0.00054149324,0,0.0030557502,875.2258705975796,1033.647209265278,3475,5911.409,3.1426623,820.0546,0.3602303,7488.6377,4.0610957,0,,,,,875.2258705975796,0.0007301083,1033.647209265278,0.0007230154,-0.058888014,-0.124617524
0.99722123,0.00054135657,0,0.0030563686,875.2264871725182,1033.6460168203814,3476,5903.786,3.141983,820.353,0.36034068,7478.9683,4.0600705,0,,,,,875.2264871725182,0.00073046,1033.6460168203814,0.000723412,-0.05849716,-0.1245403
0.99639344,0.0005414013,0,0.0030569867,875.2266304612024,1033.6465969644246,3477,5899.2485,3.142047,819.1906,0.36058208,7472.7603,4.060406,0,,,,,875.2266304612024,0.00073102163,1033.6465969644246,0.0007241368,-0.05849572,-0.124406464
0.99663687,0.00054149976,0,0.0030576047,875.2263861347374,1033.646704449253,3478,5900.461,3.1427822,819.1314,0.36024284,7474.586,4.0611444,0,,,,,875.2263861347374,0.0007311889,1033.646704449253,0.0007243798,-0.05865025,-0.124176316
0.99627125,0.0005414688,0,0.0030582224,875.2253906238585,1033.647171185565,3479,5897.308,3.1425095,820.00555,0.36051145,7471.8438,4.060912,0,,,,,875.2253906238585,0.0007317806,1033.647171185565,0.0007248341,-0.058677692,-0.12379115
0.99738723,0.0005415805,0,0.0030588398,875.2258766915838,1033.6450366079566,3480,5905.3335,3.1431303,820.64417,0.36029875,7480.2134,4.06175,0,,,,,875.2258766915838,0.00073101977,1033.6450366079566,0.0007240422,-0.05848996,-0.1242125
0.9966263,0.0005415156,0,0.003059457,875.2279427126016,1033.6477147927772,3481,5899.9297,3.1422591,820.7993,0.35990384,7474.507,4.061263,0,,,,,875.2279427126016,0.0007325817,1033.6477147927772,0.0007258786,-0.058093734,-0.124219455
0.9977453,0.00054141117,0,0.0030600738,875.2270972842689,1033.647370499777,3482,5907.199,3.1422431,819.45496,0.3604568,7482.8984,4.06048,0,,,,,875.2270972842689,0.00073056755,1033.647370499777,0.00072368997,-0.05805332,-0.1239994
0.99598247,0.0005412587,0,0.0030606906,875.2279561063353,1033.6478314189867,3483,5896.9033,3.1407573,819.0989,0.36034608,7469.6777,4.0593367,0,,,,,875.2279561063353,0.0007310304,1033.6478314189867,0.00072407315,-0.058128595,-0.12394829
0.99685204,0.0005412981,0,0.003061307,875.2267585850457,1033.648110619084,3484,5901.1265,3.1413884,820.2564,0.36049652,7476.1997,4.0596323,0,,,,,875.2267585850457,0.00073114235,1033.648110619084,0.0007241554,-0.058410265,-0.12352359
0.9977516,0.00054156187,0,0.0030619232,875.2260996527953,1033.6473292141516,3485,5907.125,3.14244,819.768,0.36062703,7482.946,4.06161,0,,,,,875.2260996527953,0.00073122594,1033.6473292141516,0.00072422443,-0.058320064,-0.12373642
0.9990717,0.0005418405,0,0.003062539,875.2272010996194,1033.646525424543,3486,5913.4893,3.1442058,820.05316,0.3602196,7492.8467,4.0637,0,,,,,875.2272010996194,0.0007299857,1033.646525424543,0.0007231897,-0.05830342,-0.12342677
0.999076,0.0005420311,0,0.0030631546,875.2261818828388,1033.6462829093932,3487,5914.809,3.1453805,819.7343,0.36026597,7492.879,4.0651293,0,,,,,875.2261818828388,0.00073000777,1033.6462829093932,0.00072327297,-0.05830371,-0.1233858
0.9995257,0.00054191914,0,0.00306377,875.2268584117458,1033.6467082644797,3488,5916.85,3.1448238,819.23627,0.36020052,7496.2515,4.06429,0,,,,,875.2268584117458,0.0007300919,1033.6467082644797,0.00072332215,-0.058156993,-0.12335479
1.0012723,0.0005419596,8192,0.0030643851,875.2261435966452,1033.6480860850093,3489,5926.433,3.1448357,819.67926,0.3596268,7509.3506,4.0645933,8192,,,,,875.2261435966452,0.0007290542,1033.6480860850093,0.0007223291,-0.058342364,-0.123060524
0.99882126,0.00054165005,0,0.003065,875.2271349892246,1033.647854262476,3490,5913.043,3.1431336,819.8534,0.36009777,7490.9683,4.0622716,0,,,,,875.2271349892246,0.00073004107,1033.647854262476,0.0007232013,-0.058039185,-0.12308605
1.0014037,0.0005418998,16,0.0030656147,875.2269997538526,1033.6474665705573,3491,5927.316,3.144416,820.02014,0.3601792,7510.3364,4.064145,16,,,,,875.2269997538526,0.00072835124,1033.6474665705573,0.0007215288,-0.057993058,-0.12297945
0.99803615,0.00054150133,16,0.0030662292,875.2268114014284,1033.6491770196849,3492,5908.3325,3.1423705,820.4524,0.35999712,7485.08,4.0611563,16,,,,,875.2268114014284,0.000730421,1033.6491770196849,0.000723474,-0.058128644,-0.122935325
0.99999154,0.0005416972,16,0.0030668431,875.227619612516,1033.6477696817078,3493,5918.2827,3.1431453,819.70337,0.36023137,7499.745,4.0626254,16,,,,,875.227619612516,0.0007286305,1033.6477696817078,0.0007218516,-0.058270194,-0.122874476
0.99925625,0.0005416676,16,0.0030674571,875.2264898453495,1033.6466837352573,3494,5914.13,3.1431663,819.3967,0.3600709,7494.2305,4.0624037,16,,,,,875.2264898453495,0.0007286263,1033.6466837352573,0.0007216228,-0.058258843,-0.12324335
0.9992532,0.00054175575,16,0.0030680706,875.2274452942515,1033.6464502735168,3495,5915.147,3.1439998,819.4907,0.36067277,7494.208,4.0630646,16,,,,,875.2274452942515,0.00072991994,1033.6464502735168,0.0007230898,-0.058099974,-0.12336115
0.9990094,0.0005417845,16,0.0030686841,875.22588202652,1033.6473278808799,3496,5911.9385,3.1437624,820.007,0.36014676,7492.379,4.06328,16,,,,,875.22588202652,0.0007292702,1033.6473278808799,0.0007223676,-0.05820842,-0.12287765
0.9996541,0.0005417537,16,0.0030692972,875.2281523384821,1033.6475547170141,3497,5916.484,3.1438248,819.7163,0.35988143,7497.2144,4.0630493,16,,,,,875.2281523384821,0.0007289261,1033.6475547170141,0.00072234607,-0.05800834,-0.12304416
0.99993366,0.00054180453,16,0.00306991,875.2273264077205,1033.646821091726,3498,5917.976,3.1436977,818.5794,0.36050484,7499.311,4.0634303,16,,,,,875.2273264077205,0.0007287895,1033.646821091726,0.00072200916,-0.05773057,-0.123044044
1.000985,0.0005419522,16,0.0030705226,875.2260471255637,1033.6480841898765,3499,5925.7793,3.1447577,819.9733,0.36048117,7507.1963,4.064538,16,,,,,875.2260471255637,0.0007281316,1033.6480841898765,0.00072133256,-0.057971906,-0.122782566
0.9996517,0.0005417645,16,0.003071135,875.2268916147109,1033.6466898220096,3500,5917.068,3.1436005,820.1776,0.3602334,7497.1963,4.06313,16,,,,,875.2268916147109,0.0007294168,1033.6466898220096,0.00072256004,-0.057692494,-0.12291609
0.9994485,0.0005416837,16,0.003071747,875.2264875490612,1033.6482748204307,3501,5914.932,3.1432168,820.20917,0.3601721,7495.6724,4.062524,16,,,,,875.2264875490612,0.00072938926,1033.6482748204307,0.00072263845,-0.057736762,-0.122341946
0.9998898,0.00054177735,16,0.003072359,875.2266261339777,1033.6493031751297,3502,5916.3276,3.1435728,819.32336,0.3600625,7498.982,4.063226,16,,,,,875.2266261339777,0.0007289575,1033.6493031751297,0.0007222265,-0.05764311,-0.1222776
1.0030837,0.0005415003,16,0.0030729705,875.2255511916319,1033.643852199264,3503,5918.9307,3.1438434,819.7136,0.36020276,7522.9355,4.0611486,16,,,,,875.2255511916319,0.000728754,1033.643852199264,0.0007215079,-0.05918711,-0.124967776
1.0001504,0.00054172846,16,0.003073582,875.2282833451384,1033.6490216398313,3504,5919.0034,3.1436636,819.3432,0.36007243,7500.9365,4.0628595,16,,,,,875.2282833451384,0.00072950457,1033.6490216398313,0.00072300446,-0.057464734,-0.12135544
0.999917,0.0005417255,16,0.0030741931,875.2271742024103,1033.6501355063679,3505,5916.54,3.1433182,819.08777,0.36002293,7499.186,4.0628376,16,,,,,875.2271742024103,0.00072864373,1033.6501355063679,0.00072210835,-0.05792989,-0.12152611
0.99986213,0.00054167316,16,0.0030748039,875.2260992685622,1033.6486000232424,3506,5916.618,3.143347,819.335,0.36064842,7498.7744,4.062445,16,,,,,875.2260992685622,0.00072981504,1033.6486000232424,0.0007230065,-0.05795735,-0.121393934
1.0003536,0.0005417748,16,0.0030754143,875.2269259766755,1033.6495156476667,3507,5918.698,3.1438012,819.15625,0.36045828,7502.46,4.063207,16,,,,,875.2269259766755,0.0007289662,1033.6495156476667,0.00072231644,-0.05807222,-0.12143259
1.0007203,0.0005418329,16,0.0030760248,875.2274226566892,1033.649145592215,3508,5919.2305,3.1443954,819.559,0.36062846,7505.2104,4.063643,16,,,,,875.2274226566892,0.0007287517,1033.649145592215,0.00072224275,-0.057567626,-0.12067745
1.0005649,0.0005418521,0,0.0030766348,875.227029326425,1033.6495422073863,3509,5921.4004,3.1445706,819.2158,0.3605675,7504.046,4.063787,0,,,,,875.227029326425,0.0007285835,1033.6495422073863,0.00072204095,-0.057520356,-0.12109271
1.0000576,0.00054179825,0,0.0030772446,875.2281879509704,1033.6500831280562,3510,5918.0576,3.14414,818.67596,0.36021814,7500.24,4.063383,0,,,,,875.2281879509704,0.000728598,1033.6500831280562,0.000722253,-0.057674013,-0.120634556
1.0002154,0.0005418218,0,0.0030778542,875.2263856476509,1033.6496114879697,3511,5918.6694,3.1441073,819.4277,0.36013356,7501.424,4.06356,0,,,,,875.2263856476509,0.0007289169,1033.6496114879697,0.00072237436,-0.05762867,-0.12066023
1.0003377,0.00054167735,0,0.0030784635,875.2278914656666,1033.6494159233366,3512,5919.4126,3.1435497,819.4534,0.36022767,7502.342,4.0624766,0,,,,,875.2278914656666,0.0007286216,1033.6494159233366,0.0007219203,-0.057731654,-0.1205172
0.9994728,0.0005415645,0,0.0030790726,875.2264474520091,1033.649634075881,3513,5913.076,3.1427004,820.62067,0.36017975,7495.8545,4.06163,0,,,,,875.2264474520091,0.0007294687,1033.649634075881,0.00072262005,-0.057688754,-0.12032713
1.0011013,0.0005416635,0,0.0030796812,875.2274627698724,1033.6514314424967,3514,5923.486,3.143474,819.88947,0.36031362,7508.0674,4.0623727,0,,,,,875.2274627698724,0.00072773115,1033.6514314424967,0.0007212084,-0.057818368,-0.120137684
1.0012707,0.0005417326,0,0.0030802898,875.2275269643144,1033.6506727547699,3515,5923.8203,3.1438775,819.1458,0.36018774,7509.338,4.0628905,0,,,,,875.2275269643144,0.00072785583,1033.6506727547699,0.0007212389,-0.05783606,-0.1198896
0.9994705,0.000541696,0,0.0030808982,875.227589103233,1033.6502160744562,3516,5913.547,3.143699,818.1439,0.36039302,7495.8374,4.0626163,0,,,,,875.227589103233,0.0007292736,1033.6502160744562,0.0007228049,-0.057768553,-0.119817644
0.999121,0.0005419338,0,0.0030815061,875.226353860435,1033.6505480866704,3517,5911.6343,3.144934,820.06647,0.35992935,7493.2163,4.0643997,0,,,,,875.226353860435,0.000730107,1033.6505480866704,0.00072375557,-0.057705462,-0.11973108
0.9998722,0.0005419032,0,0.0030821138,875.2265277608644,1033.6495886718076,3518,5915.3374,3.1448884,819.8065,0.36074734,7498.85,4.0641704,0,,,,,875.2265277608644,0.00072921877,1033.6495886718076,0.00072271546,-0.057711706,-0.1195371
1.0010139,0.0005419257,0,0.0030827215,875.2283448610183,1033.650215818056,3519,5922.608,3.1445127,818.334,0.360444,7507.412,4.064339,0,,,,,875.2283448610183,0.00072805875,1033.650215818056,0.0007215105,-0.057559863,-0.119955406
1.0008619,0.00054182624,0,0.0030833287,875.2263294643451,1033.6507484950582,3520,5920.4736,3.1438637,818.66675,0.36041984,7506.2725,4.063593,0,,,,,875.2263294643451,0.0007280002,1033.6507484950582,0.0007213335,-0.057510026,-0.11945958
1.0002754,0.00054172834,0,0.0030839357,875.2287680252521,1033.6494559257033,3521,5918.0283,3.143478,818.85815,0.36086133,7501.874,4.062859,0,,,,,875.2287680252521,0.00072863523,1033.6494559257033,0.0007221449,-0.057419274,-0.11916987
1.000926,0.000541682,0,0.0030845425,875.2290320892307,1033.6512337581646,3522,5922.183,3.1434226,818.5091,0.36048564,7506.754,4.0625114,0,,,,,875.2290320892307,0.0007283241,1033.6512337581646,0.0007218164,-0.057255715,-0.119485706
1.0007215,0.00054158893,0,0.003085149,875.2279471815455,1033.6501752332024,3523,5920.1445,3.1433287,820.07806,0.3604936,7505.219,4.0618134,0,,,,,875.2279471815455,0.0007289562,1033.6501752332024,0.0007224743,-0.05743127,-0.119204424
1.0016042,0.00054180756,0,0.003085755,875.2280373425889,1033.650740710039,3524,5926.0283,3.1441257,819.5199,0.35995936,7511.84,4.063453,0,,,,,875.2280373425889,0.0007272858,1033.650740710039,0.00072083296,-0.05753517,-0.118980005
1.0010216,0.0005419315,0,0.003086361,875.2312036218497,1033.6492001089866,3525,5921.9214,3.1445513,819.78,0.36063254,7507.4707,4.0643826,0,,,,,875.2312036218497,0.0007277238,1033.6492001089866,0.00072085706,-0.057179026,-0.11875389
0.99989533,0.0005418624,0,0.003086967,875.2283976243634,1033.6525476143534,3526,5916.1997,3.144393,819.91284,0.36037087,7499.0234,4.063864,0,,,,,875.2283976243634,0.0007283593,1033.6525476143534,0.00072216196,-0.05722276,-0.11902174
1.0006883,0.0005418542,0,0.0030875723,875.2269254387645,1033.6512769844205,3527,5920.1987,3.1443846,820.5093,0.3596795,7504.971,4.0638027,0,,,,,875.2269254387645,0.0007293816,1033.6512769844205,0.0007228821,-0.057326775,-0.11867815
1.0006251,0.0005418396,0,0.0030881774,875.227430119312,1033.6519885715225,3528,5919.7593,3.144073,820.8692,0.3601922,7504.497,4.063693,0,,,,,875.227430119312,0.0007295105,1033.6519885715225,0.00072319043,-0.05711005,-0.11869417
1.0003737,0.00054175104,0,0.0030887825,875.2286670153637,1033.6518962933003,3529,5918.7866,3.1436625,819.2479,0.36024776,7502.612,4.0630293,0,,,,,875.2286670153637,0.00072904764,1033.6518962933003,0.000722811,-0.057049442,-0.118792586
0.9994943,0.0005416014,0,0.0030893872,875.2274205804249,1033.6514898142368,3530,5912.7534,3.143167,819.27734,0.36009178,7496.016,4.061907,0,,,,,875.2274205804249,0.0007288478,1033.6514898142368,0.00072232186,-0.057249937,-0.11845387
1.0001295,0.00054163224,0,0.0030899916,875.2272570858863,1033.6522764209417,3531,5916.9375,3.1432114,818.71783,0.36038998,7500.78,4.062138,0,,,,,875.2272570858863,0.00072885293,1033.6522764209417,0.00072247296,-0.057234246,-0.11840625
1.0006198,0.0005417191,0,0.0030905958,875.2279008836,1033.6513244119308,3532,5919.1504,3.1435153,819.41534,0.3604497,7504.4565,4.0627894,0,,,,,875.2279008836,0.0007290956,1033.6513244119308,0.0007227019,-0.057210952,-0.11807154
0.9997259,0.0005416309,0,0.0030911998,875.2287329630249,1033.651537055475,3533,5913.487,3.1432528,819.1427,0.36067876,7497.753,4.062128,0,,,,,875.2287329630249,0.0007291444,1033.651537055475,0.00072296255,-0.05721237,-0.11762262
1.0002445,0.0005418216,0,0.0030918033,875.2279050523031,1033.6511638486704,3534,5917.3115,3.14377,819.77435,0.360363,7501.642,4.063558,0,,,,,875.2279050523031,0.0007286774,1033.6511638486704,0.0007223311,-0.05693768,-0.117809616
0.99993634,0.0005419374,128,0.0030924068,875.2297538470294,1033.6511494790584,3535,5914.5205,3.1446965,818.9249,0.3603324,7499.331,4.064427,128,,,,,875.2297538470294,0.0007287685,1033.6511494790584,0.00072232157,-0.056949273,-0.117396764
1.0004051,0.0005417205,0,0.00309301,875.2281839283651,1033.6522758754254,3536,5917.8994,3.1436234,820.23157,0.35999176,7502.8467,4.0628,0,,,,,875.2281839283651,0.0007292292,1033.6522758754254,0.00072295923,-0.05704745,-0.117585175
1.0007194,0.0005417989,0,0.0030936128,875.2278970551235,1033.6536503431907,3537,5919.054,3.1437485,818.9835,0.3603229,7505.2046,4.063388,0,,,,,875.2278970551235,0.0007292518,1033.6536503431907,0.00072308467,-0.056711376,-0.11722419
0.9995361,0.0005417479,0,0.0030942154,875.228901304285,1033.65238438989,3538,5912.7266,3.143498,819.29584,0.36006644,7496.3296,4.0630054,0,,,,,875.228901304285,0.00072919385,1033.65238438989,0.0007230857,-0.05687353,-0.11689105
1.0003482,0.0005418377,0,0.003094818,875.2296017152971,1033.6525174137407,3539,5917.85,3.1439908,819.5614,0.3602534,7502.42,4.063679,0,,,,,875.2296017152971,0.0007285576,1033.6525174137407,0.0007225104,-0.057027534,-0.116870455
0.9997046,0.0005416283,0,0.00309542,875.229594169933,1033.654493572793,3540,5912.1895,3.1433651,819.334,0.36023843,7497.5933,4.0621085,0,,,,,875.229594169933,0.00072910346,1033.654493572793,0.0007227966,-0.05720361,-0.11668755
1.000015,0.000541736,0,0.003096022,875.2285149736199,1033.6520598791983,3541,5915.046,3.1438458,818.65497,0.36018932,7499.921,4.0629163,0,,,,,875.2285149736199,0.00072945165,1033.6520598791983,0.00072313374,-0.056800216,-0.116899215
1.0005072,0.00054170785,0,0.0030966236,875.2297413872292,1033.6509460817674,3542,5917.222,3.1435635,818.78296,0.3609724,7503.613,4.062705,0,,,,,875.2297413872292,0.00072767056,1033.6509460817674,0.00072149397,-0.05679719,-0.11654691
1.0008997,0.0005416304,0,0.003097225,875.2297726586143,1033.6541380329575,3543,5919.905,3.143332,819.08765,0.36023763,7506.556,4.0621243,0,,,,,875.2297726586143,0.0007282109,1033.6541380329575,0.0007221169,-0.056799877,-0.116457626
1.0007037,0.00054163387,0,0.003097826,875.2302747743017,1033.6524215639656,3544,5918.096,3.1429787,818.969,0.36061072,7505.086,4.0621505,0,,,,,875.2302747743017,0.0007289239,1033.6524215639656,0.0007227941,-0.056929614,-0.116418324
1.0003006,0.0005416699,0,0.0030984269,875.227894949589,1033.6543774972665,3545,5914.991,3.142919,820.8092,0.36004716,7502.0635,4.0624204,0,,,,,875.227894949589,0.00072923105,1033.6543774972665,0.0007228696,-0.05682467,-0.11587942
1.0018317,0.00054194184,0,0.0030990276,875.2297886946326,1033.6541064681883,3546,5925.21,3.1447523,819.13116,0.36050308,7513.5454,4.0644603,0,,,,,875.2297886946326,0.0007275891,1033.6541064681883,0.00072166836,-0.056695376,-0.115841515
1.0001568,0.0005419166,0,0.0030996278,875.2279565270954,1033.654359190544,3547,5914.1646,3.1449704,820.3767,0.36015984,7500.9844,4.0642705,0,,,,,875.2279565270954,0.00072919443,1033.654359190544,0.00072316953,-0.05669165,-0.11586941
0.999201,0.00054185867,0,0.0031002278,875.2282090162952,1033.6533630207223,3548,5908.901,3.1442719,819.2371,0.3604001,7493.8164,4.063836,0,,,,,875.2282090162952,0.00072958606,1033.6533630207223,0.0007235997,-0.056699876,-0.11578812
1.0015469,0.0005419764,0,0.0031008278,875.2282451869723,1033.6534554851905,3549,5922.939,3.1450422,819.7609,0.36070162,7511.41,4.064719,0,,,,,875.2282451869723,0.0007284738,1033.6534554851905,0.00072228734,-0.05660557,-0.11553889
1.0001571,0.0005416681,0,0.0031014273,875.2283741269936,1033.6539643993756,3550,5913.203,3.1432295,819.14655,0.36006755,7500.987,4.062407,0,,,,,875.2283741269936,0.00072950055,1033.6539643993756,0.000723408,-0.056657046,-0.11529474
1.0004611,0.00054161437,0,0.0031020266,875.23162535123,1033.6540672618567,3551,5920.131,3.1435368,818.562,0.36035562,7503.267,4.062004,0,,,,,875.23162535123,0.0007274616,1033.6540672618567,0.0007216707,-0.056628395,-0.11544507
1.0004183,0.00054147927,0,0.0031026257,875.2293152826642,1033.6551830242686,3552,5915.3774,3.142959,820.2779,0.36002624,7502.946,4.060991,0,,,,,875.2293152826642,0.00072890345,1033.6551830242686,0.00072286185,-0.05646633,-0.11491051
0.9969511,0.00053870684,8192,0.003165793,875.2352013448642,1033.6054682593435,3660,6003.5933,3.1559315,816.84106,0.35982987,7476.9424,4.0401983,8192,,,,,875.2352013448642,0.0007249351,1033.6054682593435,0.0007161178,-0.046930324,-0.17533997
0.9969971,0.0005393742,0,0.0031663636,875.2361290103969,1033.6040013676145,3661,6002.6255,3.155708,816.48535,0.3600033,7477.2876,4.045203,0,,,,,875.2361290103969,0.000726325,1033.6040013676145,0.00071738096,-0.04741834,-0.1745861
0.9982802,0.0005397181,0,0.0031669338,875.2345762317202,1033.6028902509352,3662,6008.9634,3.1565619,815.44244,0.36009547,7486.9106,4.0477824,0,,,,,875.2345762317202,0.00072491943,1033.6028902509352,0.0007159479,-0.047560927,-0.17419729
0.99653023,0.0005397423,0,0.003167504,875.2375073661168,1033.6060068343497,3663,5998.1377,3.1557813,816.4545,0.3595323,7473.786,4.047964,0,,,,,875.2375073661168,0.0007259103,1033.6060068343497,0.00071725633,-0.04787118,-0.17317273
0.9968505,0.00053988467,0,0.0031680737,875.2347608714797,1033.606519853604,3664,5998.063,3.1554143,815.7017,0.3600973,7476.188,4.0490317,0,,,,,875.2347608714797,0.0007259033,1033.606519853604,0.0007170634,-0.04809836,-0.17209329
0.99748975,0.00054003496,0,0.0031686432,875.2345888719492,1033.6064800422637,3665,6001.713,3.1555462,816.1114,0.35978016,7480.9824,4.050159,0,,,,,875.2345888719492,0.0007254059,1033.6064800422637,0.0007164671,-0.048344135,-0.17163604
0.9980813,0.00054014736,0,0.0031692125,875.2340099371518,1033.6070789093326,3666,6003.5693,3.156024,816.6592,0.35994196,7485.419,4.051002,0,,,,,875.2340099371518,0.0007262304,1033.6070789093326,0.00071733614,-0.04803805,-0.17048106
0.9967071,0.0005402677,0,0.0031697815,875.2337177395598,1033.6082681393095,3667,5995.0386,3.1552975,815.63196,0.3605899,7475.1123,4.051904,0,,,,,875.2337177395598,0.0007265867,1033.6082681393095,0.00071764586,-0.048036106,-0.16900332
0.9981043,0.0005406383,0,0.0031703503,875.2349582162489,1033.610365965334,3668,6002.1484,3.1564205,815.79645,0.35964897,7485.591,4.0546837,0,,,,,875.2349582162489,0.0007248438,1033.610365965334,0.0007164628,-0.04826319,-0.16826096
0.9977788,0.0005406438,0,0.0031709187,875.2358547543133,1033.6115783284044,3669,5998.8984,3.1560276,816.10986,0.3599702,7483.15,4.054725,0,,,,,875.2358547543133,0.00072506076,1033.6115783284044,0.00071669376,-0.04795758,-0.16681121
0.9968353,0.00054046616,0,0.0031714868,875.2338385119374,1033.6107309387805,3670,5993.4863,3.1554132,816.50507,0.3601237,7476.0737,4.053393,0,,,,,875.2338385119374,0.0007255127,1033.6107309387805,0.00071699393,-0.047806177,-0.16611147
0.99761075,0.0005406972,0,0.003172055,875.2354214035943,1033.613130710527,3671,5996.1826,3.155474,816.07776,0.3604036,7481.8896,4.055125,0,,,,,875.2354214035943,0.00072525744,1033.613130710527,0.0007168362,-0.047843605,-0.16456454
0.99749625,0.0005406001,0,0.0031726225,875.2354092777664,1033.6145194917387,3672,5995.1064,3.154704,816.6595,0.3599708,7481.031,4.054397,0,,,,,875.2354092777664,0.0007255155,1033.6145194917387,0.00071726355,-0.047721718,-0.1635573
0.99752617,0.00054071896,0,0.00317319,875.2355920396014,1033.615440126767,3673,5993.8076,3.154313,817.07526,0.3599115,7481.2554,4.055289,0,,,,,875.2355920396014,0.00072501,1033.615440126767,0.00071674975,-0.047602143,-0.16197824
0.9967505,0.0005408231,0,0.003173757,875.2354464531553,1033.6163859397002,3674,5988.0986,3.1538677,816.9887,0.36010784,7475.438,4.05607,0,,,,,875.2354464531553,0.00072639657,1033.6163859397002,0.00071806804,-0.04723257,-0.16067545
0.997972,0.000541024,0,0.0031743238,875.2377928528176,1033.6170031695067,3675,5995.301,3.1551647,816.7471,0.36012536,7484.599,4.0575767,0,,,,,875.2377928528176,0.0007246941,1033.6170031695067,0.0007167792,-0.04694968,-0.15963535
0.9977284,0.00054112606,0,0.0031748905,875.2367789705811,1033.6166677551423,3676,5991.618,3.154873,816.5415,0.360391,7482.772,4.058342,0,,,,,875.2367789705811,0.0007248069,1033.6166677551423,0.0007170364,-0.047060978,-0.1585846
0.9968284,0.0005410578,0,0.003175457,875.2353601377854,1033.6199804427272,3677,5985.712,3.154081,816.96436,0.35992327,7476.022,4.05783,0,,,,,875.2353601377854,0.0007265443,1033.6199804427272,0.000718803,-0.047401622,-0.15742293
0.99806994,0.0005411196,0,0.003176023,875.2347536415562,1033.6191928422693,3678,5991.364,3.154044,817.4269,0.3599391,7485.3335,4.0582933,0,,,,,875.2347536415562,0.00072577235,1033.6191928422693,0.00071795454,-0.047321595,-0.15645999
0.9991463,0.00054123555,0,0.0031765888,875.2379632701679,1033.6197900179204,3679,5996.8027,3.153851,817.2415,0.35979435,7493.406,4.059163,0,,,,,875.2379632701679,0.00072483317,1033.6197900179204,0.0007172969,-0.047323905,-0.15545624
0.9969497,0.0005410022,0,0.0031771543,875.2370837592158,1033.6219709923212,3680,5983.1416,3.1521976,817.8795,0.36013192,7476.9316,4.057413,0,,,,,875.2370837592158,0.0007265527,1033.6219709923212,0.00071895926,-0.047179315,-0.15460028
0.9976197,0.0005410919,0,0.0031777197,875.2359615285163,1033.6210530259536,3681,5984.554,3.1519508,818.15857,0.35971433,7481.9565,4.0580854,0,,,,,875.2359615285163,0.0007259585,1033.6210530259536,0.0007181944,-0.04773041,-0.15358275
0.99879986,0.00054115604,0,0.0031782845,875.2357689078565,1033.622415890712,3682,5991.8057,3.152391,816.72363,0.36039755,7490.8076,4.0585666,0,,,,,875.2357689078565,0.0007254078,1033.622415890712,0.0007176612,-0.04766311,-0.15245081
0.9978542,0.00054116105,0,0.0031788494,875.2355253884095,1033.6231011243171,3683,5983.703,3.1517303,816.9529,0.36042118,7483.7153,4.0586042,0,,,,,875.2355253884095,0.00072485453,1033.6231011243171,0.00071712025,-0.04824288,-0.15192205
0.99818194,0.0005413689,0,0.003179414,875.2367138154499,1033.6235331256673,3684,5985.4185,3.152378,817.2997,0.36027384,7486.1733,4.060163,0,,,,,875.2367138154499,0.0007249153,1033.6235331256673,0.0007173091,-0.047912236,-0.15100318
0.997516,0.00054144644,0,0.003179978,875.2358399341579,1033.625519495983,3685,5980.4854,3.15295,818.25055,0.35995668,7481.1787,4.060745,0,,,,,875.2358399341579,0.0007261329,1033.625519495983,0.0007186436,-0.047873523,-0.15015374
0.9970404,0.0005414434,0,0.003180542,875.2342954452656,1033.6242741931317,3686,5975.689,3.1526718,818.4177,0.35996163,7477.6123,4.060722,0,,,,,875.2342954452656,0.0007267913,1033.6242741931317,0.0007192294,-0.04828986,-0.14959481
0.99972504,0.00054170244,0,0.0031811057,875.2348022112106,1033.6249765211028,3687,5991.2915,3.153569,818.1167,0.3597388,7497.7466,4.0626645,0,,,,,875.2348022112106,0.0007251575,1033.6249765211028,0.00071754446,-0.048231762,-0.14873448
0.99761146,0.0005415304,0,0.0031816692,875.2347246613169,1033.6265099116677,3688,5977.1514,3.1516423,817.35034,0.3598841,7481.895,4.061374,0,,,,,875.2347246613169,0.0007258717,1033.6265099116677,0.0007183102,-0.0482609,-0.14786166
0.99817324,0.0005416079,0,0.0031822324,875.2353738396368,1033.625908895995,3689,5979.7183,3.1518536,817.4794,0.36004537,7486.1084,4.0619555,0,,,,,875.2353738396368,0.000726572,1033.625908895995,0.0007191242,-0.04807449,-0.14810145
0.99865055,0.0005416029,0,0.0031827951,875.235049725781,1033.6283552069017,3690,5981.835,3.1519551,817.8844,0.36021397,7489.688,4.0619183,0,,,,,875.235049725781,0.00072545337,1033.6283552069017,0.00071809784,-0.048261937,-0.14660203
0.99902004,0.00054167013,8192,0.0031833579,875.2348095860202,1033.629994528367,3691,5981.9546,3.1518593,818.73505,0.36001083,7492.459,4.0624223,8192,,,,,875.2348095860202,0.00072610757,1033.629994528367,0.0007187698,-0.048304304,-0.1455607
0.9979285,0.00054166425,0,0.0031839202,875.2367280272365,1033.6291976174225,3692,5975.111,3.151356,818.5732,0.3603962,7484.273,4.0623784,0,,,,,875.2367280272365,0.00072552165,1033.6291976174225,0.00071818096,-0.048211288,-0.14543507
0.9975241,0.0005417112,0,0.0031844822,875.2355909065118,1033.6294241520754,3693,5971.228,3.1513665,818.51215,0.3601614,7481.2397,4.0627303,0,,,,,875.2355909065118,0.0007265611,1033.6294241520754,0.0007192345,-0.048113823,-0.14450951
0.99804515,0.0005414537,0,0.003185044,875.2352853393148,1033.6300990317397,3694,5974.269,3.1496542,818.5573,0.36010277,7485.1475,4.060799,0,,,,,875.2352853393148,0.00072681723,1033.6300990317397,0.0007195095,-0.04790716,-0.1438277
0.9991195,0.0005415149,0,0.0031856056,875.2357892787126,1033.6311720818828,3695,5978.745,3.149639,817.8923,0.3598628,7493.205,4.061258,0,,,,,875.2357892787126,0.00072504417,1033.6311720818828,0.0007178061,-0.048111726,-0.14292546
0.9991372,0.0005415943,0,0.003186167,875.2356933632743,1033.6324408393793,3696,5977.583,3.149655,819.8863,0.36017716,7493.338,4.0618534,0,,,,,875.2356933632743,0.0007258352,1033.6324408393793,0.0007186281,-0.048020255,-0.14216214
0.9991153,0.00054158847,0,0.0031867279,875.2360835373829,1033.6322484276338,3697,5977.3467,3.1497352,819.32324,0.35980448,7493.1733,4.06181,0,,,,,875.2360835373829,0.0007255488,1033.6322484276338,0.00071833184,-0.0479,-0.14166702
0.99934775,0.00054176175,0,0.0031872888,875.2356394360663,1033.6313222095296,3698,5976.517,3.1500587,818.3261,0.36043844,7494.917,4.0631094,0,,,,,875.2356394360663,0.00072541705,1033.6313222095296,0.0007182453,-0.04785323,-0.14123794
0.9986969,0.00054174144,0,0.0031878492,875.2359500014488,1033.6341186704672,3699,5972.3857,3.1496434,820.1969,0.35980016,7490.0356,4.0629573,0,,,,,875.2359500014488,0.00072633225,1033.6341186704672,0.00071940315,-0.047783457,-0.14099145
0.99864155,0.0005416776,0,0.0031884094,875.236198323154,1033.632734527227,3700,5971.165,3.1494944,820.3938,0.36022758,7489.6206,4.062478,0,,,,,875.236198323154,0.000726249,1033.632734527227,0.0007193402,-0.04740317,-0.13994189
0.99901193,0.00054181705,0,0.0031889693,875.237332049226,1033.6346744026132,3701,5972.327,3.1497557,819.10876,0.36007452,7492.3984,4.0635242,0,,,,,875.237332049226,0.00072604633,1033.6346744026132,0.00071940944,-0.046829138,-0.13925798
0.9997573,0.0005417487,0,0.003189529,875.2381298953231,1033.6355515656078,3702,5977.0825,3.1496391,819.08984,0.36004734,7497.9883,4.0630116,0,,,,,875.2381298953231,0.00072513183,1033.6355515656078,0.0007184958,-0.046520326,-0.13834785
0.99796927,0.0005415662,0,0.0031900883,875.2361207206917,1033.6343007869104,3703,5964.8213,3.147833,819.0671,0.36051202,7484.5786,4.0616426,0,,,,,875.2361207206917,0.00072636676,1033.6343007869104,0.0007193734,-0.046412338,-0.13796699
0.9988447,0.0005416335,0,0.0031906476,875.2386103509536,1033.6366607717819,3704,5969.69,3.1482296,818.04376,0.36012635,7491.144,4.0621476,0,,,,,875.2386103509536,0.0007257026,1033.6366607717819,0.00071916095,-0.046214037,-0.13705863
0.9988737,0.0005417979,0,0.0031912064,875.2383098183946,1033.6355069505994,3705,5968.4204,3.1487908,818.7987,0.35953343,7491.362,4.0633807,0,,,,,875.2383098183946,0.0007267573,1033.6355069505994,0.0007201106,-0.046181943,-0.1369565
0.9988999,0.0005418871,0,0.0031917652,875.2387989953492,1033.635318624021,3706,5968.118,3.149442,818.04504,0.36008808,7491.558,4.0640492,0,,,,,875.2387989953492,0.00072524545,1033.635318624021,0.0007189133,-0.045616202,-0.13584496
0.99951774,0.00054202176,0,0.0031923235,875.2382987122226,1033.6378108024323,3707,5971.5,3.1504872,818.1471,0.3597234,7496.192,4.0650597,0,,,,,875.2382987122226,0.0007252208,1033.6378108024323,0.00071906735,-0.045269713,-0.13493171
0.9988475,0.0005419744,0,0.0031928816,875.2378119874195,1033.6367751255616,3708,5965.518,3.1495643,818.1332,0.35958046,7491.165,4.064704,0,,,,,875.2378119874195,0.00072532287,1033.6367751255616,0.00071895454,-0.045075513,-0.13456228
0.9990525,0.0005417957,0,0.0031934392,875.2384763337374,1033.6373646052325,3709,5966.536,3.1490555,818.8794,0.35978514,7492.7026,4.063364,0,,,,,875.2384763337374,0.0007265305,1033.6373646052325,0.0007202366,-0.04479752,-0.13400283
0.99995285,0.00054211164,128,0.0031939968,875.2392942078558,1033.6379318005002,3710,5970.552,3.1503196,818.4869,0.3596397,7499.455,4.0657334,128,,,,,875.2392942078558,0.00072508474,1033.6379318005002,0.0007187039,-0.044863347,-0.13325934
0.9993807,0.0005417609,0,0.003194554,875.2383672588468,1033.6377338859197,3711,5966.232,3.1480417,818.2027,0.35967728,7495.164,4.0631027,0,,,,,875.2383672588468,0.0007248741,1033.6377338859197,0.00071852637,-0.044953763,-0.13243514
0.99967146,0.00054170465,0,0.0031951112,875.2410923458594,1033.639199229443,3712,5967.6826,3.147899,817.5992,0.35994786,7497.3447,4.062681,0,,,,,875.2410923458594,0.00072520704,1033.639199229443,0.00071919605,-0.044998977,-0.13198756
0.9997636,0.00054187543,0,0.0031956679,875.2391544549547,1033.6419185868076,3713,5965.571,3.1478045,817.6748,0.35964707,7498.0356,4.063962,0,,,,,875.2391544549547,0.00072565913,1033.6419185868076,0.00071951747,-0.045391053,-0.13151501
0.99965036,0.00054186996,0,0.0031962243,875.2402109192557,1033.6398724693577,3714,5965.326,3.1482644,816.95013,0.36044046,7497.1865,4.063921,0,,,,,875.2402109192557,0.0007248857,1033.6398724693577,0.0007190569,-0.04498289,-0.13086392
1.0001262,0.00054209493,0,0.0031967806,875.2401769853119,1033.6424915343428,3715,5967.2153,3.1493576,817.48645,0.36022624,7500.7554,4.065608,0,,,,,875.2401769853119,0.00072491664,1033.6424915343428,0.00071917276,-0.045017224,-0.1297558
0.9989087,0.00054210576,0,0.0031973366,875.2398547117351,1033.642797176005,3716,5958.8364,3.149205,816.7547,0.36025447,7491.624,4.0656896,0,,,,,875.2398547117351,0.00072526187,1033.642797176005,0.00071965496,-0.044910423,-0.12945624
0.9995678,0.0005420381,0,0.003197892,875.2393430380744,1033.6430811232153,3717,5962.49,3.1487875,817.90594,0.35994577,7496.5674,4.065182,0,,,,,875.2393430380744,0.0007265142,1033.6430811232153,0.0007207241,-0.044981644,-0.12889218
1.0001156,0.00054198294,0,0.0031984476,875.2409481823313,1033.6431325750987,3718,5963.6,3.148271,817.8987,0.36013338,7500.676,4.0647683,0,,,,,875.2409481823313,0.00072504143,1033.6431325750987,0.0007192678,-0.04475219,-0.127867
1.0005739,0.000541938,0,0.0031990027,875.2389235629681,1033.6432786523674,3719,5966.385,3.148299,818.2311,0.35983953,7504.1123,4.064431,0,,,,,875.2389235629681,0.0007249812,1033.6432786523674,0.0007191504,-0.04483576,-0.12749974
0.9994661,0.0005418752,0,0.0031995575,875.2392831489233,1033.644941924971,3720,5959.3516,3.1476414,817.8423,0.35999128,7495.8047,4.06396,0,,,,,875.2392831489233,0.0007263559,1033.644941924971,0.0007206279,-0.044843365,-0.12698978
0.9998552,0.00054194726,0,0.0032001121,875.2392922895652,1033.645462507779,3721,5959.9336,3.1474268,817.5724,0.3606397,7498.7227,4.064501,0,,,,,875.2392922895652,0.00072572066,1033.645462507779,0.000719973,-0.045267314,-0.12628005
0.99954414,0.00054186664,0,0.0032006665,875.2390692268323,1033.6447755901866,3722,5957.865,3.1471434,817.4001,0.35959736,7496.3896,4.063896,0,,,,,875.2390692268323,0.0007253607,1033.6447755901866,0.00071962137,-0.045142476,-0.12561652
1.0007958,0.00054214074,0,0.0032012204,875.2398917654766,1033.6465322721208,3723,5963.462,3.1482172,817.3761,0.35991287,7505.7773,4.065952,0,,,,,875.2398917654766,0.0007247614,1033.6465322721208,0.000719232,-0.045135483,-0.124883465
0.9989962,0.0005419597,0,0.0032017743,875.2394154980459,1033.6467053728318,3724,5952.7197,3.1475875,818.1486,0.36005315,7492.2803,4.0645943,0,,,,,875.2394154980459,0.00072640786,1033.6467053728318,0.0007209371,-0.04570344,-0.12488083
1.0006745,0.0005421302,0,0.0032023278,875.2381520402288,1033.6470498364115,3725,5961.862,3.1482308,817.7178,0.36033612,7504.867,4.0658727,0,,,,,875.2381520402288,0.0007256783,1033.6470498364115,0.0007199906,-0.045496766,-0.12488455
1.0016271,0.00054216903,0,0.0032034342,875.2396657615734,1033.6473110689851,3727,5965.6055,3.148365,817.9977,0.36005706,7512.011,4.066164,0,,,,,875.2396657615734,0.00072516745,1033.6473110689851,0.00071982207,-0.045430984,-0.12371458
1.0001216,0.0005420443,0,0.0032039867,875.2389340698246,1033.64770343305,3728,5954.8696,3.1475215,818.1385,0.35968935,7500.7207,4.0652285,0,,,,,875.2389340698246,0.00072667515,1033.64770343305,0.0007210954,-0.045365553,-0.12295531
1.0003436,0.0005420652,0,0.0032045392,875.2383813929366,1033.647666672226,3729,5956.1187,3.1475132,818.4136,0.35977474,7502.3853,4.0653853,0,,,,,875.2383813929366,0.0007255391,1033.647666672226,0.0007199856,-0.0456433,-0.12253133
1.0008823,0.00054215384,0,0.0032050915,875.2388051373945,1033.649614223025,3730,5958.426,3.1477776,818.28265,0.35985717,7506.426,4.06605,0,,,,,875.2388051373945,0.0007258118,1033.649614223025,0.00072039274,-0.045835502,-0.121921055
1.0008767,0.0005421757,0,0.0032056433,875.2395436367739,1033.6497945387573,3731,5957.3267,3.147732,817.55566,0.35983524,7506.384,4.066214,0,,,,,875.2395436367739,0.0007259348,1033.6497945387573,0.0007206422,-0.045568734,-0.12127043
1.0007156,0.0005421698,0,0.0032061948,875.2413703974412,1033.6516623546145,3732,5956.778,3.147506,817.83527,0.36016908,7505.176,4.0661697,0,,,,,875.2413703974412,0.0007250063,1033.6516623546145,0.00071994506,-0.04547638,-0.121413015
1.0003607,0.000542011,0,0.0032067464,875.2398816844525,1033.6490691814433,3733,5952.514,3.1464093,817.29333,0.35995668,7502.514,4.0649786,0,,,,,875.2398816844525,0.0007252506,1033.6490691814433,0.00071967964,-0.04601785,-0.12083282
1.0020884,0.0005421714,0,0.0032072975,875.2411262314295,1033.651358901755,3734,5962.91,3.14754,817.2997,0.3602898,7515.471,4.0661817,0,,,,,875.2411262314295,0.00072375225,1033.651358901755,0.000718604,-0.045917626,-0.12055237
1.0003484,0.0005420348,0,0.0032078482,875.2393611974849,1033.651070848929,3735,5951.923,3.146738,818.56537,0.3596703,7502.422,4.0651574,0,,,,,875.2393611974849,0.0007262685,1033.651070848929,0.0007209616,-0.04607682,-0.1201135
1.0005325,0.0005421912,0,0.0032083988,875.2387310933628,1033.6521938856843,3736,5950.827,3.1472855,817.93274,0.3599084,7503.8027,4.0663304,0,,,,,875.2387310933628,0.0007262789,1033.6521938856843,0.0007209336,-0.046595886,-0.119379476
0.9995257,0.0005422906,8192,0.003208949,875.2393624653306,1033.64991733766,3737,5945.445,3.1476603,818.9098,0.35990652,7496.2515,4.0670757,8192,,,,,875.2393624653306,0.00072619115,1033.64991733766,0.00072103593,-0.04640675,-0.118956976
1.0001488,0.00054228253,0,0.0032094992,875.2388970328118,1033.6530086390019,3738,5947.7153,3.1475194,817.2024,0.3603355,7500.9243,4.067015,0,,,,,875.2388970328118,0.0007260625,1033.6530086390019,0.0007210015,-0.046125658,-0.11827471
1.0005336,0.00054223294,0,0.003210049,875.2395915758785,1033.6516001114117,3739,5949.5093,3.1473894,817.34686,0.36016393,7503.8105,4.066643,0,,,,,875.2395915758785,0.00072627806,1033.6516001114117,0.0007211313,-0.04633964,-0.118150786
1.000702,0.0005421717,0,0.0032105984,875.2374246296281,1033.654283390769,3740,5950.077,3.1469307,818.2711,0.35957935,7505.073,4.066184,0,,,,,875.2374246296281,0.0007257791,1033.654283390769,0.0007204626,-0.04637764,-0.1174743
1.0004387,0.00054207526,0,0.0032111476,875.2390370947746,1033.6534848595184,3741,5946.8184,3.1460493,817.21405,0.3602696,7503.099,4.0654607,0,,,,,875.2390370947746,0.0007256051,1033.6534848595184,0.0007203872,-0.046636403,-0.11701129
1.000674,0.00054204813,0,0.0032116966,875.2389649228696,1033.651512113841,3742,5948.143,3.1458702,816.223,0.36021838,7504.864,4.065257,0,,,,,875.2389649228696,0.00072590256,1033.651512113841,0.0007206056,-0.046768013,-0.11665587
1.0003821,0.0005419815,0,0.0032122452,875.2387469210848,1033.654403834269,3743,5945.122,3.1455069,817.00195,0.36040688,7502.674,4.0647573,0,,,,,875.2387469210848,0.00072594575,1033.654403834269,0.0007208146,-0.04683787,-0.11607836
0.99965036,0.0005420394,0,0.0032127935,875.2381367910407,1033.6545846000527,3744,5939.815,3.145448,816.944,0.36013153,7497.1865,4.0651917,0,,,,,875.2381367910407,0.0007265925,1033.6545846000527,0.00072149717,-0.04706377,-0.1157052
0.9999066,0.00054215384,0,0.0032133418,875.237916238897,1033.6539958847293,3745,5941.5327,3.1464274,817.4154,0.35947517,7499.108,4.06605,0,,,,,875.237916238897,0.0007264189,1033.6539958847293,0.0007214746,-0.046969462,-0.11553381
1.0005622,0.00054237497,0,0.0032138897,875.239869096795,1033.654400776963,3746,5943.1987,3.147711,817.4096,0.3597553,7504.025,4.0677085,0,,,,,875.239869096795,0.00072590343,1033.654400776963,0.0007212534,-0.04693937,-0.11480353
0.9991286,0.00054216775,0,0.0032144373,875.239481415159,1033.6538245384781,3747,5935.2207,3.1463983,818.85297,0.35954842,7493.273,4.0661545,0,,,,,875.239481415159,0.0007266604,1033.6538245384781,0.00072189665,-0.047098894,-0.11440446
1.0000978,0.000542097,0,0.0032149844,875.2382502963316,1033.6567561823126,3748,5939.694,3.1460261,816.687,0.36012593,7500.5415,4.0656238,0,,,,,875.2382502963316,0.0007267314,1033.6567561823126,0.0007218853,-0.047121715,-0.11368277
0.99932927,0.0005419687,393216,0.0032155316,875.2392639459842,1033.6555507919506,3749,5934.4346,3.145251,819.7169,0.35966644,7494.7783,4.0646615,393216,,,,,875.2392639459842,0.000727663,1033.6555507919506,0.0007226628,-0.04713325,-0.11347043
1.0008378,0.0005421109,0,0.0032160783,875.2384806531818,1033.6565321732069,3750,5943.7246,3.1458704,817.6513,0.35996434,7506.0923,4.0657277,0,,,,,875.2384806531818,0.00072664575,1033.6565321732069,0.0007216993,-0.047059562,-0.113498405
0.99955964,0.00054195203,0,0.003216625,875.2387986690071,1033.6573247769459,3751,5934.754,3.144678,817.3722,0.3599064,7496.506,4.0645366,0,,,,,875.2387986690071,0.00072594726,1033.6573247769459,0.000721064,-0.04703004,-0.112677574
1.0004627,0.0005420793,16,0.0032171712,875.2394230151644,1033.655658152899,3752,5939.425,3.1452603,817.9655,0.35991523,7503.2783,4.0654907,16,,,,,875.2394230151644,0.0007268546,1033.655658152899,0.000721914,-0.046948146,-0.11280881
1.0003879,0.000542094,16,0.0032177172,875.2386078581235,1033.6567918952928,3753,5937.9854,3.1454904,817.0891,0.35995987,7502.718,4.0656013,16,,,,,875.2386078581235,0.0007266457,1033.6567918952928,0.0007216941,-0.047288623,-0.11284047
1.000263,0.00054220017,16,0.0032182627,875.2378195761173,1033.655514191637,3754,5937.3184,3.146113,817.8758,0.36009458,7501.7812,4.0663977,16,,,,,875.2378195761173,0.00072664605,1033.655514191637,0.0007218012,-0.047231633,-0.1122929
1.0010053,0.00054222374,16,0.0032188082,875.2390060503025,1033.6573128847742,3755,5941.7407,3.146601,817.67096,0.35999903,7507.3477,4.066574,16,,,,,875.2390060503025,0.0007254721,1033.6573128847742,0.00072093314,-0.047242727,-0.1117133
1.0003755,0.000542113,16,0.0032193535,875.2386840779284,1033.6575941248875,3756,5936.3164,3.1454048,817.31305,0.36020565,7502.6245,4.0657434,16,,,,,875.2386840779284,0.0007260855,1033.6575941248875,0.0007209866,-0.04742816,-0.110746354
1.0003959,0.0005418897,144,0.0032198983,875.2375621380774,1033.654871162028,3757,5921.951,3.1445596,817.4903,0.3604726,7502.778,4.064069,144,,,,,875.2375621380774,0.00072675606,1033.654871162028,0.0007216616,-0.048797548,-0.11316522
1.000247,0.00054201594,16,0.003220443,875.2390411442025,1033.6599529396117,3758,5932.816,3.145092,818.01904,0.36016494,7501.6606,4.065016,16,,,,,875.2390411442025,0.0007264019,1033.6599529396117,0.00072181626,-0.047147024,-0.10989885
0.9998497,0.00054205075,16,0.0032209873,875.2392788806733,1033.6580815698367,3759,5928.7817,3.1446137,817.9128,0.3596813,7498.681,4.065277,16,,,,,875.2392788806733,0.0007271069,1033.6580815698367,0.0007224493,-0.04698826,-0.10934509
0.9987818,0.0005418766,16,0.0032215314,875.2387928965617,1033.6596157898177,3760,5926.3423,3.1444182,818.3804,0.3600373,7490.6724,4.0639706,16,,,,,875.2387928965617,0.000728148,1033.6596157898177,0.0007234535,-0.046846464,-0.109489225
0.99964637,0.00054195576,0,0.003222075,875.2389605444824,1033.6601545747035,3761,5929.583,3.1447637,816.8185,0.36002198,7497.1562,4.064564,0,,,,,875.2389605444824,0.00072650134,1033.6601545747035,0.0007220626,-0.047040917,-0.108871214
1.0006372,0.0005420361,0,0.0032226187,875.2384523920547,1033.6589935923726,3762,5935.2363,3.145331,816.69965,0.35975707,7504.587,4.065167,0,,,,,875.2384523920547,0.0007260399,1033.6589935923726,0.0007212681,-0.046885327,-0.10872751
1.0011741,0.0005419665,0,0.003223162,875.2386332809083,1033.6597872420523,3763,5937.5254,3.1450984,817.34357,0.36023292,7508.6143,4.0646453,0,,,,,875.2386332809083,0.000726096,1033.6597872420523,0.00072138925,-0.046923414,-0.108328536
0.99992096,0.0005418438,0,0.0032237049,875.2388149040389,1033.6612680152498,3764,5929.348,3.1440713,816.89374,0.36015308,7499.216,4.063725,0,,,,,875.2388149040389,0.00072667905,1033.6612680152498,0.0007221981,-0.04674103,-0.10774672
1.0000635,0.0005419197,0,0.0032242476,875.2396612945,1033.6611982319669,3765,5930.3247,3.1446147,817.67706,0.35990673,7500.285,4.0642943,0,,,,,875.2396612945,0.0007267109,1033.6611982319669,0.0007222414,-0.046983507,-0.107429095
1.0000886,0.0005419616,0,0.00322479,875.2395550718443,1033.6610291839936,3766,5929.0376,3.1448236,818.22925,0.3596449,7500.473,4.064608,0,,,,,875.2395550718443,0.0007267587,1033.6610291839936,0.0007223317,-0.046929717,-0.10699204
1.000675,0.0005420986,0,0.0032253324,875.2392742923028,1033.6615378932875,3767,5932.411,3.14582,818.063,0.36023352,7504.8706,4.0656357,0,,,,,875.2392742923028,0.00072696735,1033.6615378932875,0.0007228169,-0.046761196,-0.10665886
1.0002133,0.0005420783,0,0.0032258742,875.2382694569897,1033.6620140126217,3768,5929.3804,3.1454406,816.18164,0.36025688,7501.408,4.0654836,0,,,,,875.2382694569897,0.0007264764,1033.6620140126217,0.0007222806,-0.047240224,-0.10565319
0.99923956,0.0005419686,0,0.003226416,875.2390488666088,1033.6636574357915,3769,5922.4824,3.1444683,817.61566,0.36000204,7494.1055,4.064661,0,,,,,875.2390488666088,0.0007279168,1033.6636574357915,0.0007238648,-0.04714408,-0.10502624
0.9992604,0.0005419118,0,0.0032269573,875.2388500207037,1033.663266295794,3770,5922.645,3.1442308,817.4559,0.35997516,7494.2617,4.0642347,0,,,,,875.2388500207037,0.0007269737,1033.663266295794,0.0007226699,-0.047304098,-0.105024144
0.9997073,0.0005418755,0,0.0032274984,875.2376461089425,1033.662698978465,3771,5923.987,3.143961,817.90283,0.3596811,7497.6133,4.0639625,0,,,,,875.2376461089425,0.00072693196,1033.662698978465,0.0007224238,-0.047106,-0.104761325
0.9996429,0.0005418002,0,0.0032280392,875.2388252494907,1033.6641782684349,3772,5923.8394,3.1435578,817.62695,0.35979062,7497.1304,4.063398,0,,,,,875.2388252494907,0.0007278229,1033.6641782684349,0.0007234306,-0.047385424,-0.10423636
1.0000303,0.0005417436,0,0.0032285796,875.2380822173093,1033.6632755457497,3773,5925.8975,3.1435797,816.8658,0.36024415,7500.0356,4.062973,0,,,,,875.2380822173093,0.0007265616,1033.6632755457497,0.00072205806,-0.047304977,-0.104024544
1.0001541,0.0005419315,0,0.00322912,875.2389921236263,1033.66401885288,3774,5925.299,3.1440742,818.44806,0.3600346,7500.965,4.0643826,0,,,,,875.2389921236263,0.00072732585,1033.66401885288,0.0007229916,-0.04696882,-0.1037237
0.9990735,0.0005418946,0,0.00322966,875.2395181496051,1033.6640067688388,3775,5919.3525,3.144274,817.5143,0.36035067,7492.86,4.0641055,0,,,,,875.2395181496051,0.00072796893,1033.6640067688388,0.0007238389,-0.04736318,-0.103369355
0.9996317,0.00054208096,0,0.0032301997,875.2382959070443,1033.6655742682224,3776,5921.9883,3.1454582,816.1482,0.36042094,7497.0464,4.0655036,0,,,,,875.2382959070443,0.00072798535,1033.6655742682224,0.0007240899,-0.04698498,-0.10287314
0.9987551,0.0005420047,0,0.0032307392,875.2382531794815,1033.6649441443042,3777,5916.2666,3.144648,817.72766,0.35982305,7490.472,4.0649314,0,,,,,875.2382531794815,0.0007286111,1033.6649441443042,0.0007246655,-0.047141075,-0.102770336
0.9994608,0.0005419488,0,0.0032312784,875.2383460917124,1033.6650412795502,3778,5920.6675,3.1444023,818.22076,0.35973763,7495.7646,4.0645123,0,,,,,875.2383460917124,0.0007280181,1033.6650412795502,0.0007239627,-0.046872772,-0.10269443
0.99935687,0.00054182677,0,0.0032318174,875.238197359714,1033.6657318660136,3779,5918.633,3.1435215,816.70245,0.35985476,7494.9854,4.063597,0,,,,,875.238197359714,0.0007277701,1033.6657318660136,0.000723623,-0.046932172,-0.10217397
0.99869287,0.0005416803,0,0.003232356,875.2395489479129,1033.6663893983268,3780,5914.901,3.1427977,815.8681,0.35988185,7490.0054,4.0624986,0,,,,,875.2395489479129,0.00072806084,1033.6663893983268,0.0007240177,-0.04675688,-0.10203454
0.9984869,0.00054160034,0,0.0032328942,875.2404792989926,1033.6658878998278,3781,5913.411,3.142394,816.1422,0.36019346,7488.4604,4.0618987,0,,,,,875.2404792989926,0.0007277414,1033.6658878998278,0.0007236896,-0.046863355,-0.1014368
0.996506,0.0005414819,0,0.0032334325,875.2387716317851,1033.6673912903038,3782,5900.32,3.1412525,818.28375,0.35954565,7473.604,4.0610104,0,,,,,875.2387716317851,0.0007297726,1033.6673912903038,0.0007256209,-0.047003668,-0.10105933
0.99840814,0.0005416466,8192,0.0032339704,875.2389095448548,1033.6657691584446,3783,5912.3174,3.1426885,817.32166,0.3601287,7487.87,4.062246,8192,,,,,875.2389095448548,0.00072878227,1033.6657691584446,0.00072443637,-0.04707174,-0.100984916
0.9975437,0.00054170255,0,0.0032345077,875.2386130382104,1033.6675656452194,3784,5905.825,3.1428614,817.3741,0.36021,7481.3867,4.0626655,0,,,,,875.2386130382104,0.0007291397,1033.6675656452194,0.00072531734,-0.047262657,-0.10032111
0.9971778,0.0005417216,0,0.0032350451,875.2388418859623,1033.666193295301,3785,5903.719,3.1430054,816.3182,0.35995838,7478.6426,4.062808,0,,,,,875.2388418859623,0.00072845945,1033.666193295301,0.00072468485,-0.047244217,-0.10037001
0.9973653,0.0005416357,0,0.0032355823,875.2397858169038,1033.6668734908558,3786,5904.507,3.1424832,816.6664,0.35967,7480.049,4.062164,0,,,,,875.2397858169038,0.0007289827,1033.6668734908558,0.00072509644,-0.04710958,-0.100134365
0.9979901,0.00054167846,0,0.003236119,875.2394269195578,1033.66889590603,3787,5907.113,3.1422591,816.1416,0.36011398,7484.7344,4.0624847,0,,,,,875.2394269195578,0.0007285107,1033.66889590603,0.0007246208,-0.046946153,-0.09927817
0.99867266,0.00054169615,0,0.0032366554,875.2380605964479,1033.6680833823525,3788,5911.26,3.1427941,816.67566,0.36024943,7489.854,4.0626173,0,,,,,875.2380605964479,0.0007284308,1033.6680833823525,0.0007246337,-0.046936054,-0.09937029
0.99928683,0.0005417679,0,0.0032371916,875.2378521746184,1033.6678854997128,3789,5914.2627,3.1431832,816.7134,0.35980898,7494.46,4.0631557,0,,,,,875.2378521746184,0.00072871434,1033.6678854997128,0.0007246469,-0.04678447,-0.09909841
1.0002823,0.00054184877,0,0.0032377276,875.2384587187418,1033.66683449478,3790,5919.6504,3.1434603,816.9162,0.3597282,7501.9253,4.063762,0,,,,,875.2384587187418,0.0007265664,1033.66683449478,0.0007225512,-0.046864588,-0.098363295
1.000207,0.00054184085,0,0.003238263,875.2392612680758,1033.6685939161619,3791,5918.9424,3.143528,816.6167,0.3601193,7501.361,4.0637026,0,,,,,875.2392612680758,0.00072656217,1033.6685939161619,0.0007227099,-0.047160953,-0.09766455
1.0002445,0.0005419044,0,0.0032387986,875.2388430638034,1033.6706292165375,3792,5917.3896,3.14358,817.11346,0.35932505,7501.6426,4.0641794,0,,,,,875.2388430638034,0.0007269516,1033.6706292165375,0.00072310155,-0.047299013,-0.096927695
1.0002161,0.0005418596,0,0.0032393336,875.238475032082,1033.6690725627402,3793,5918.277,3.1435392,817.3302,0.36021647,7501.429,4.0638433,0,,,,,875.238475032082,0.0007274589,1033.6690725627402,0.00072355417,-0.047178566,-0.09716704
1.0002499,0.0005418248,0,0.0032398684,875.2385102321077,1033.6701357525349,3794,5917.7827,3.1431293,817.35944,0.3599227,7501.682,4.0635824,0,,,,,875.2385102321077,0.0007267292,1033.6701357525349,0.0007228983,-0.047141057,-0.0965114
1.0002798,0.0005418802,0,0.003240403,875.238972156646,1033.6697577243922,3795,5917.6,3.1433177,817.1877,0.35971352,7501.907,4.0639977,0,,,,,875.238972156646,0.00072725443,1033.6697577243922,0.00072350807,-0.04729353,-0.09594057
1.001005,0.0005419348,0,0.0032409374,875.2397959243596,1033.669202003005,3796,5921.463,3.1438901,816.4844,0.3599607,7507.346,4.0644073,0,,,,,875.2397959243596,0.0007267451,1033.669202003005,0.00072307966,-0.04698261,-0.09651525
0.99950975,0.00054189377,0,0.0032414712,875.2397836294825,1033.6700966179487,3797,5912.357,3.1435678,816.9469,0.35981482,7496.132,4.0640993,0,,,,,875.2397836294825,0.0007276013,1033.6700966179487,0.0007239559,-0.046691608,-0.09606744
1.0010659,0.00054205075,0,0.0032420051,875.2404891187787,1033.66998510683,3798,5921.3647,3.1445532,817.07825,0.36021063,7507.8022,4.065277,0,,,,,875.2404891187787,0.0007270065,1033.66998510683,0.0007237358,-0.046818964,-0.095637016
1.000747,0.0005419836,0,0.0032425385,875.2401036063245,1033.6714509570947,3799,5919.204,3.1440606,817.0295,0.36010233,7505.411,4.064773,0,,,,,875.2401036063245,0.000726846,1033.6714509570947,0.000723387,-0.046733186,-0.09562819
1.0008987,0.0005420185,0,0.0032430717,875.2408296939684,1033.6712872658745,3800,5919.0337,3.1439843,816.3803,0.36000812,7506.549,4.065035,0,,,,,875.2408296939684,0.0007272716,1033.6712872658745,0.000723655,-0.046857134,-0.09529643
1.0003844,0.00054185896,0,0.0032436047,875.2413705416981,1033.6703351722558,3801,5917.013,3.1433995,817.8053,0.3598284,7502.692,4.0638385,0,,,,,875.2413705416981,0.00072667195,1033.6703351722558,0.00072312274,-0.046755906,-0.095452
0.9999755,0.00054173893,0,0.0032441374,875.2391999228043,1033.6717894817057,3802,5913.139,3.1425245,816.54407,0.36047143,7499.625,4.062938,0,,,,,875.2391999228043,0.0007273971,1033.6717894817057,0.0007236991,-0.046977695,-0.09479093
1.0008432,0.00054178125,0,0.0032446696,875.2389852200124,1033.6698151956589,3803,5918.446,3.1428332,816.1964,0.3600254,7506.1323,4.063256,0,,,,,875.2389852200124,0.0007262907,1033.6698151956589,0.0007226026,-0.04663136,-0.09482881
1.0003024,0.0005418107,0,0.003245202,875.2393073061037,1033.6704751497616,3804,5915.2363,3.1429696,817.221,0.3602332,7502.0767,4.0634766,0,,,,,875.2393073061037,0.00072749134,1033.6704751497616,0.0007240167,-0.04629745,-0.09468149
1.0006514,0.0005418792,0,0.0032457337,875.2401702992898,1033.6717503312962,3805,5915.729,3.143398,815.7856,0.36019692,7504.6934,4.0639906,0,,,,,875.2401702992898,0.00072726066,1033.6717503312962,0.0007239874,-0.04655919,-0.09383962
1.0000242,0.00054206606,0,0.0032462652,875.2393140050131,1033.6734900170213,3806,5912.7056,3.1443377,815.9338,0.36004192,7499.9897,4.0653915,0,,,,,875.2393140050131,0.00072767935,1033.6734900170213,0.0007246035,-0.04672685,-0.09360684
1.000348,0.0005420172,0,0.0032467966,875.23902946743,1033.6722683430273,3807,5914.1646,3.144366,816.59314,0.36041877,7502.418,4.0650253,0,,,,,875.23902946743,0.00072818855,1033.6722683430273,0.0007249359,-0.046832655,-0.09326892
1.0009712,0.0005420489,0,0.0032473274,875.2402411075471,1033.6717936038544,3808,5917.4653,3.1440797,817.1227,0.36009368,7507.0923,4.065263,0,,,,,875.2402411075471,0.00072669203,1033.6717936038544,0.00072334893,-0.04657955,-0.09323541
1.0009476,0.0005418897,0,0.0032478583,875.2393475182578,1033.6736405385898,3809,5917.548,3.1435041,815.83746,0.3603123,7506.915,4.064069,0,,,,,875.2393475182578,0.00072693283,1033.6736405385898,0.0007235709,-0.046844095,-0.092522666
1.0004128,0.0005418176,0,0.0032483886,875.2400595711342,1033.673380227906,3810,5913.0015,3.1427844,817.27936,0.36000067,7502.905,4.063528,0,,,,,875.2400595711342,0.0007270734,1033.673380227906,0.0007237118,-0.04671604,-0.09246875
1.0003692,0.0005417334,0,0.0032489188,875.2399203575549,1033.6724590624394,3811,5913.5376,3.1425493,816.44,0.36048278,7502.577,4.0628967,0,,,,,875.2399203575549,0.00072688435,1033.6724590624394,0.00072344905,-0.046615023,-0.09213176
0.9993085,0.000541618,0,0.0032494487,875.2398770018684,1033.6740341647546,3812,5906.911,3.1416674,816.7419,0.3603135,7494.6226,4.0620313,0,,,,,875.2398770018684,0.000727254,1033.6740341647546,0.0007238812,-0.0468373,-0.09167524
1.000026,0.0005417211,0,0.0032499784,875.239427571004,1033.6755900982,3813,5909.9033,3.1423109,815.2929,0.36011827,7500.004,4.0628047,0,,,,,875.239427571004,0.0007271632,1033.6755900982,0.00072393485,-0.046884667,-0.09132561
1.0005426,0.00054195913,0,0.0032505079,875.2398273281237,1033.6752043163078,3814,5913.5854,3.143667,817.0226,0.36007878,7503.8784,4.06459,0,,,,,875.2398273281237,0.0007269868,1033.6752043163078,0.0007239305,-0.04666323,-0.09162926
1.0000448,0.0005420514,0,0.0032510369,875.2383764658241,1033.6732179862565,3815,5908.71,3.1441758,817.0267,0.36017832,7500.1445,4.065282,0,,,,,875.2383764658241,0.0007278709,1033.6732179862565,0.0007247449,-0.046947267,-0.09070104
1.0009527,0.0005419945,0,0.0032515656,875.2384314979986,1033.6743377797745,3816,5914.709,3.1439207,817.47986,0.35970977,7506.954,4.064855,0,,,,,875.2384314979986,0.00072799955,1033.6743377797745,0.00072480884,-0.04666814,-0.091051064
1.0019104,0.00054198777,0,0.0032520941,875.2395063461854,1033.6749515340625,3817,5919.967,3.1438546,817.3424,0.35998434,7514.1367,4.0648046,0,,,,,875.2395063461854,0.00072653475,1033.6749515340625,0.00072339753,-0.046839688,-0.09063172
1.0013641,0.0005419123,0,0.0032526224,875.237780065996,1033.6759291050284,3818,5915.2104,3.143232,818.29144,0.35943183,7510.039,4.0642385,0,,,,,875.237780065996,0.0007275985,1033.6759291050284,0.0007243984,-0.04672572,-0.08991711
1.0001719,0.000541835,0,0.0032531505,875.2395653033327,1033.6762076959576,3819,5909.17,3.1426835,816.83124,0.3599868,7501.098,4.0636587,0,,,,,875.2395653033327,0.00072750944,1033.6762076959576,0.00072424626,-0.046621263,-0.09039553
1.0007416,0.0005417769,0,0.0032536783,875.2403489583118,1033.675151239055,3820,5912.031,3.1427348,817.75287,0.35965776,7505.3706,4.063223,0,,,,,875.2403489583118,0.00072737446,1033.675151239055,0.00072415813,-0.04631608,-0.09044504
1.0014275,0.00054186577,0,0.0032542057,875.2403030006394,1033.674353806321,3821,5915.796,3.143016,816.25287,0.35992345,7510.515,4.0638895,0,,,,,875.2403030006394,0.0007266091,1033.674353806321,0.0007234294,-0.04664344,-0.08995737
0.9993285,0.0005417143,0,0.0032547328,875.2386371658665,1033.6750596058057,3822,5903.3794,3.1423016,817.07556,0.35972363,7494.7725,4.0627537,0,,,,,875.2386371658665,0.00072810473,1033.6750596058057,0.00072479487,-0.046843413,-0.08960042
1.0002102,0.00054182095,0,0.0032552597,875.2409764235612,1033.677432083801,3823,5907.0073,3.1427064,818.72296,0.36005676,7501.385,4.0635533,0,,,,,875.2409764235612,0.000727333,1033.677432083801,0.00072441564,-0.04676478,-0.089174025
1.0013738,0.0005418911,0,0.0032557864,875.2416784125793,1033.6762525929826,3824,5914.3237,3.1430886,817.7183,0.3600319,7510.112,4.0640793,0,,,,,875.2416784125793,0.0007265083,1033.6762525929826,0.0007236667,-0.046596024,-0.08900961
1.0003556,0.0005417478,0,0.0032563128,875.2396875917595,1033.6757942471381,3825,5907.956,3.1423583,817.1134,0.3600149,7502.475,4.0630045,0,,,,,875.2396875917595,0.00072716875,1033.6757942471381,0.0007241124,-0.046745036,-0.08886944
1.0011317,0.0005418051,0,0.0032568388,875.2402643601583,1033.6768885869324,3826,5911.988,3.142884,817.2469,0.35949686,7508.2954,4.0634346,0,,,,,875.2402643601583,0.00072652404,1033.6768885869324,0.00072352396,-0.046634015,-0.08846221
1.0002358,0.00054187106,8192,0.0032573645,875.2396666105835,1033.677917183445,3827,5907.482,3.1429515,817.2483,0.35948446,7501.577,4.063929,8192,,,,,875.2396666105835,0.0007275883,1033.677917183445,0.0007245338,-0.04670798,-0.08864598
1.0007749,0.00054191,0,0.00325789,875.2394501154474,1033.6757993066976,3828,5909.8755,3.143198,817.3208,0.359839,7505.6196,4.0642214,0,,,,,875.2394501154474,0.00072705565,1033.6757993066976,0.000724179,-0.046420056,-0.088300765
1.0008845,0.0005418864,0,0.0032584153,875.2398319445683,1033.6760324177249,3829,5910.558,3.1431532,817.70105,0.35991994,7506.4424,4.064044,0,,,,,875.2398319445683,0.0007272295,1033.6760324177249,0.00072435057,-0.04631197,-0.088579476
1.0011457,0.0005418668,0,0.0032589403,875.2411750733716,1033.6761495819835,3830,5912.692,3.143215,817.2167,0.3599076,7508.401,4.0638976,0,,,,,875.2411750733716,0.00072692,1033.6761495819835,0.00072393654,-0.046041653,-0.08870563
1.0018624,0.00054190576,0,0.003259465,875.2413462852594,1033.6769425574248,3831,5915.349,3.1432703,816.8249,0.36009124,7513.7764,4.0641894,0,,,,,875.2413462852594,0.0007266763,1033.6769425574248,0.0007238892,-0.045948137,-0.088304766
1.0025537,0.00054190715,0,0.0032599894,875.2404843875072,1033.6770559636602,3832,5920.3433,3.1432924,817.9082,0.3600805,7518.961,4.0642,0,,,,,875.2404843875072,0.0007264437,1033.6770559636602,0.00072347146,-0.046110924,-0.08813462
1.0019051,0.0005418125,0,0.0032605135,875.2382063789048,1033.6769499938698,3833,5915.549,3.1426773,817.11865,0.36044878,7514.0967,4.06349,0,,,,,875.2382063789048,0.00072626205,1033.6769499938698,0.0007229953,-0.04610408,-0.0877801
1.001739,0.0005418308,0,0.0032610374,875.241081304607,1033.6763142684404,3834,5914.494,3.1428456,817.52435,0.36009496,7512.851,4.0636272,0,,,,,875.241081304607,0.0007255863,1033.6763142684404,0.00072254584,-0.046131443,-0.08748019
1.0018996,0.0005419714,0,0.003261561,875.238489862119,1033.6791485120868,3835,5915.561,3.1435413,817.1099,0.3602669,7514.0557,4.064682,0,,,,,875.238489862119,0.0007263744,1033.6791485120868,0.00072343723,-0.046375755,-0.08712518
1.0008146,0.00054201554,0,0.0032620844,875.2391552770318,1033.6777796363347,3836,5907.6274,3.1436908,816.6746,0.36022827,7505.9175,4.065013,0,,,,,875.2391552770318,0.0007275678,1033.6777796363347,0.0007248182,-0.04633204,-0.086561665
1.0016726,0.00054206623,0,0.0032626074,875.2393165362354,1033.6785471452215,3837,5913.1885,3.1443272,816.67035,0.36048868,7512.3525,4.065393,0,,,,,875.2393165362354,0.0007266826,1033.6785471452215,0.0007240952,-0.046629835,-0.08612644
1.0015435,0.00054199115,0,0.00326313,875.2402937087303,1033.677290448902,3838,5912.0815,3.1436696,816.0976,0.35983387,7511.385,4.06483,0,,,,,875.2402937087303,0.00072650606,1033.677290448902,0.0007238386,-0.0463828,-0.086248204
1.001569,0.00054195843,0,0.0032636528,875.2397606680809,1033.6788524711878,3839,5911.084,3.143181,816.3063,0.36032695,7511.576,4.0645847,0,,,,,875.2397606680809,0.00072669977,1033.6788524711878,0.0007238601,-0.046214614,-0.08600598
1.0014153,0.0005418109,0,0.0032641748,875.2395116462395,1033.6798611011325,3840,5911.2915,3.142726,817.1654,0.36005685,7510.4224,4.063478,0,,,,,875.2395116462395,0.00072697323,1033.6798611011325,0.00072414643,-0.046295583,-0.0859052
1.0013114,0.0005417113,0,0.0032646968,875.2401744550286,1033.6788716980443,3841,5909.3325,3.1421022,817.15283,0.35950395,7509.644,4.062731,0,,,,,875.2401744550286,0.0007275389,1033.6788716980443,0.00072460494,-0.04635758,-0.08568551
1.0015776,0.0005417113,0,0.0032652186,875.2402874400555,1033.679946856695,3842,5911.052,3.1421251,817.0753,0.36027178,7511.6406,4.062731,0,,,,,875.2402874400555,0.0007266885,1033.679946856695,0.00072392897,-0.04643182,-0.08506638
1.0013529,0.00054172066,0,0.00326574,875.2400386050123,1033.6792740815135,3843,5909.8276,3.1422086,817.292,0.3600124,7509.9556,4.0628014,0,,,,,875.2400386050123,0.0007267095,1033.6792740815135,0.00072386244,-0.046430167,-0.08505078
1.0025612,0.0005422685,128,0.003266261,875.239428436848,1033.6796467132883,3844,5915.3145,3.1454244,817.6814,0.35976642,7519.0176,4.06691,128,,,,,875.239428436848,0.0007259582,1033.6796467132883,0.00072322204,-0.046341427,-0.084710345
1.000836,0.00054201117,0,0.0032667818,875.2398947045419,1033.6798819476821,3845,5906.3003,3.1441026,817.42346,0.35990918,7506.0786,4.06498,0,,,,,875.2398947045419,0.0007264716,1033.6798819476821,0.00072415505,-0.046446215,-0.08473137
1.0004109,0.0005418946,0,0.0032673024,875.2400524534548,1033.6789489292078,3846,5903.4478,3.1431231,816.9539,0.35970262,7502.8906,4.0641055,0,,,,,875.2400524534548,0.00072714133,1033.6789489292078,0.0007246206,-0.046324793,-0.08457364
1.0013329,0.00054182706,8192,0.0032678228,875.2395105056655,1033.680087516278,3847,5907.8887,3.142785,816.0114,0.35989502,7509.805,4.063599,8192,,,,,875.2395105056655,0.0007266131,1033.680087516278,0.0007239769,-0.046312876,-0.08460178
1.0014404,0.0005417718,0,0.0032683427,875.241120023117,1033.6782835353006,3848,5909.3955,3.1426587,816.44183,0.3598963,7510.6113,4.0631847,0,,,,,875.241120023117,0.00072665134,1033.6782835353006,0.00072388316,-0.046249542,-0.08446584
1.0003693,0.0005417045,0,0.0032688624,875.2408524621983,1033.6805154991719,3849,5901.7295,3.141891,817.81885,0.36030528,7502.578,4.06268,0,,,,,875.2408524621983,0.0007269004,1033.6805154991719,0.0007243321,-0.046207305,-0.084139146
1.0016234,0.0005418003,0,0.0032693818,875.2405815915328,1033.6800357629293,3850,5909.265,3.1426165,818.9325,0.36009815,7511.984,4.0633984,0,,,,,875.2405815915328,0.00072646054,1033.6800357629293,0.00072375557,-0.0462087,-0.083899826
1.0012107,0.0005416521,0,0.003269901,875.2407427502424,1033.6802640323804,3851,5907.335,3.1419725,816.7786,0.3603915,7508.888,4.062287,0,,,,,875.2407427502424,0.0007263717,1033.6802640323804,0.0007238004,-0.046158783,-0.08392951
1.0016338,0.0005417716,0,0.00327042,875.2403462457077,1033.6815686070947,3852,5908.2734,3.1425269,817.1702,0.3603078,7512.0615,4.0631833,0,,,,,875.2403462457077,0.0007267515,1033.6815686070947,0.00072419306,-0.04609329,-0.08361592
1.0011091,0.000541784,0,0.0032709385,875.2410097576499,1033.6811247557914,3853,5906.213,3.1424344,816.9992,0.35976171,7508.1265,4.0632763,0,,,,,875.2410097576499,0.00072668376,1033.6811247557914,0.00072424964,-0.046115637,-0.08389027
1.0015253,0.0005418349,0,0.003271457,875.2406751157054,1033.6821102644417,3854,5908.092,3.1427362,817.9869,0.35988882,7511.2476,4.063658,0,,,,,875.2406751157054,0.00072679156,1033.6821102644417,0.0007243497,-0.04590092,-0.08359953
1.0019531,0.0005418189,0,0.003271975,875.2399842940579,1033.6799786091779,3855,5910.449,3.1427417,816.3524,0.3601744,7514.4565,4.063538,0,,,,,875.2399842940579,0.0007259938,1033.6799786091779,0.0007233656,-0.045957714,-0.083319165
1.0002459,0.0005416801,0,0.003272493,875.2404695036981,1033.6797794457216,3856,5901.0664,3.1419487,816.574,0.36007956,7501.653,4.062497,0,,,,,875.2404695036981,0.0007279016,1033.6797794457216,0.0007252634,-0.04612332,-0.08340702
1.0005479,0.0005417497,0,0.0032730105,875.2405464244272,1033.6811599624243,3857,5901.433,3.142155,818.10504,0.35953754,7503.9175,4.0630193,0,,,,,875.2405464244272,0.00072764093,1033.6811599624243,0.0007252281,-0.045900326,-0.083165966
1.001304,0.0005418285,0,0.0032735276,875.2413761393143,1033.6802535076033,3858,5906.75,3.1428623,816.8902,0.36007214,7509.589,4.06361,0,,,,,875.2413761393143,0.0007263903,1033.6802535076033,0.00072392996,-0.045968354,-0.08296717
1.0014241,0.00054177997,0,0.0032740445,875.2392308752708,1033.6818803144515,3859,5906.772,3.1425893,817.6026,0.36008486,7510.489,4.0632463,0,,,,,875.2392308752708,0.0007272522,1033.6818803144515,0.0007248677,-0.045836385,-0.082966216
1.0007601,0.00054177165,0,0.0032745614,875.2402336066236,1033.6816740537574,3860,5901.7837,3.1422038,818.0274,0.36018682,7505.5093,4.063184,0,,,,,875.2402336066236,0.00072792434,1033.6816740537574,0.0007255476,-0.04576758,-0.082646504
1.0008274,0.0005417723,0,0.0032750778,875.2398144351164,1033.6817240459964,3861,5903.0503,3.1423073,818.25745,0.3599076,7506.014,4.0631886,0,,,,,875.2398144351164,0.0007275254,1033.6817240459964,0.0007250151,-0.045832507,-0.08241324
1.0016286,0.00054172706,0,0.0032755937,875.2403563885748,1033.681802146192,3862,5906.507,3.1422322,816.8582,0.3599648,7512.0234,4.062849,0,,,,,875.2403563885748,0.000726895,1033.681802146192,0.00072441803,-0.04597658,-0.08183915
1.0004135,0.0005415722,0,0.0032761097,875.2404356295715,1033.6820735139192,3863,5899.8438,3.1412826,818.4434,0.35988513,7502.91,4.061688,0,,,,,875.2404356295715,0.0007276203,1033.6820735139192,0.0007250443,-0.045975376,-0.08211119
1.0009177,0.00054167287,0,0.0032766252,875.2407239366037,1033.6816812753118,3864,5903.142,3.1417346,818.11346,0.35956296,7506.691,4.062443,0,,,,,875.2407239366037,0.0007270983,1033.6816812753118,0.00072461995,-0.04603723,-0.08211849
1.0007157,0.0005416973,0,0.0032771407,875.2410405149698,1033.68167182265,3865,5900.466,3.1419382,816.93414,0.3602333,7505.1763,4.0626264,0,,,,,875.2410405149698,0.00072705775,1033.68167182265,0.0007246174,-0.045820173,-0.081680864
1.0005468,0.00054185,0,0.0032776557,875.2412240845961,1033.6826074702478,3866,5899.88,3.1428552,818.722,0.35974008,7503.909,4.0637712,0,,,,,875.2412240845961,0.0007283108,1033.6826074702478,0.0007261909,-0.04583968,-0.08193009
1.0003366,0.0005418348,0,0.0032781705,875.2404410241652,1033.682051305248,3867,5898.3384,3.1428337,818.576,0.359827,7502.333,4.0636573,0,,,,,875.2404410241652,0.0007272283,1033.682051305248,0.0007251034,-0.0458369,-0.08160786
1.0005825,0.00054181623,0,0.0032786848,875.2406163583516,1033.6814061760865,3868,5899.257,3.1424894,817.2577,0.3602737,7504.1772,4.063518,0,,,,,875.2406163583516,0.00072748354,1033.6814061760865,0.00072525966,-0.04587619,-0.08113302
1.0008732,0.000541757,0,0.0032791991,875.2409736041168,1033.6813098053026,3869,5901.794,3.14244,817.58124,0.3598989,7506.358,4.0630736,0,,,,,875.2409736041168,0.00072750734,1033.6813098053026,0.0007252942,-0.045567527,-0.081588954
0.9999804,0.0005416404,0,0.003279713,875.2405710585736,1033.6824998909276,3870,5895.4165,3.1414754,819.30756,0.3597823,7499.6616,4.062199,0,,,,,875.2405710585736,0.00072855083,1033.6824998909276,0.0007260489,-0.04594991,-0.08074827
1.0003572,0.00054158916,0,0.0032802266,875.2421348634944,1033.6835237874898,3871,5897.939,3.141295,818.97345,0.36020365,7502.4873,4.0618153,0,,,,,875.2421348634944,0.0007274195,1033.6835237874898,0.0007252051,-0.045926753,-0.080613755
1.000089,0.00054150744,0,0.0032812532,875.2403414674161,1033.683752645602,3873,5895.236,3.1408563,819.1264,0.35991293,7500.476,4.061202,0,,,,,875.2403414674161,0.0007277836,1033.683752645602,0.000725439,-0.04570377,-0.080469385
1.0011545,0.000541755,0,0.0032817659,875.2406867133755,1033.6840959434994,3874,5902.0425,3.1423285,820.139,0.36013672,7508.4673,4.063059,0,,,,,875.2406867133755,0.0007277915,1033.6840959434994,0.00072560314,-0.045854673,-0.080309436
1.0000913,0.0005419803,8192,0.0032822785,875.2422606106716,1033.6850332918793,3875,5895.8496,3.1433778,819.37634,0.36029974,7500.4937,4.064749,8192,,,,,875.2422606106716,0.0007272334,1033.6850332918793,0.0007256615,-0.045328487,-0.08044787
1.0006886,0.00054199045,0,0.0032827908,875.2418621746369,1033.6834147677434,3876,5898.2656,3.143478,820.7691,0.36025298,7504.9727,4.0648246,0,,,,,875.2418621746369,0.0007277191,1033.6834147677434,0.0007258996,-0.045690782,-0.07988793
1.0005301,0.00054178317,0,0.0032833028,875.240524543416,1033.6837928487164,3877,5898.1826,3.1424522,820.09766,0.35974035,7503.7847,4.06327,0,,,,,875.240524543416,0.0007282971,1033.6837928487164,0.0007261803,-0.04539974,-0.080136515
1.0003371,0.00054162304,0,0.0032838143,875.2414508141743,1033.6820870793777,3878,5895.4106,3.1415334,820.5389,0.35981745,7502.3374,4.062069,0,,,,,875.2414508141743,0.00072733284,1033.6820870793777,0.00072519283,-0.04555255,-0.07984609
0.9998608,0.0005416488,0,0.0032843258,875.2407337994719,1033.6843035586594,3879,5893.354,3.1414185,820.4851,0.35989156,7498.7646,4.0622625,0,,,,,875.2407337994719,0.00072824204,1033.6843035586594,0.0007259996,-0.045470335,-0.07976834
1.0001394,0.00054158847,0,0.003284837,875.2408162623897,1033.6840336138844,3880,5895.351,3.1412923,820.4358,0.35999018,7500.854,4.06181,0,,,,,875.2408162623897,0.00072811043,1033.6840336138844,0.00072596414,-0.045547187,-0.07987887
0.99968916,0.00054152467,0,0.0032853477,875.2418558520693,1033.6831100332283,3881,5891.276,3.1407635,821.6963,0.36007708,7497.4775,4.0613313,0,,,,,875.2418558520693,0.0007281331,1033.6831100332283,0.00072583044,-0.045445476,-0.0793681
1.0014104,0.0005417149,0,0.0032858583,875.2405710736181,1033.6838123459606,3882,5902.2905,3.1421294,820.60565,0.36039367,7510.386,4.062758,0,,,,,875.2405710736181,0.000727342,1033.6838123459606,0.00072516536,-0.045494597,-0.07943788
0.9989419,0.000541601,0,0.0032863687,875.2406208692781,1033.6850139368394,3883,5887.151,3.1412365,820.3862,0.360071,7491.873,4.0619035,0,,,,,875.2406208692781,0.00072920043,1033.6850139368394,0.00072708825,-0.045509852,-0.079010874
1.0003023,0.0005417113,0,0.0032868788,875.2410409713699,1033.6840657987766,3884,5894.6035,3.1419683,820.0384,0.3599494,7502.076,4.062731,0,,,,,875.2410409713699,0.00072771555,1033.6840657987766,0.0007256649,-0.045371346,-0.078854956
0.9996359,0.00054161163,0,0.0032873885,875.2404334849174,1033.6846762662167,3885,5891.3784,3.1414182,819.8821,0.3600866,7497.0776,4.0619836,0,,,,,875.2404334849174,0.00072878285,1033.6846762662167,0.0007265797,-0.04561769,-0.078995824
0.99944085,0.0005415503,0,0.003287898,875.2423650280191,1033.6851347912238,3886,5889.062,3.1410341,820.18134,0.36008045,7495.615,4.0615234,0,,,,,875.2423650280191,0.00072831166,1033.6851347912238,0.00072629924,-0.04541571,-0.07849222
1.0007092,0.0005416459,0,0.003288407,875.2406811053462,1033.6848751078728,3887,5896.9014,3.1416476,818.7303,0.3604599,7505.127,4.0622406,0,,,,,875.2406811053462,0.0007275391,1033.6848751078728,0.00072535686,-0.045474354,-0.07852559
0.99945456,0.0005416183,0,0.003288916,875.2406249007997,1033.6839656177951,3888,5890.075,3.1414888,821.2262,0.35996342,7495.718,4.0620337,0,,,,,875.2406249007997,0.0007294901,1033.6839656177951,0.0007274175,-0.045333143,-0.07840502
0.9992813,0.00054153596,0,0.0032894248,875.2400826283015,1033.6836985986129,3889,5887.967,3.1409025,820.1588,0.36036256,7494.4185,4.061416,0,,,,,875.2400826283015,0.0007288881,1033.6836985986129,0.00072670454,-0.04545187,-0.07811355
0.99872845,0.0005414799,0,0.003289933,875.2414626364275,1033.6855726651133,3890,5885.285,3.1405606,818.9114,0.36031023,7490.2725,4.0609956,0,,,,,875.2414626364275,0.00072864303,1033.6855726651133,0.0007264316,-0.04549323,-0.07810463
0.999847,0.0005415652,0,0.0032904411,875.2419800530055,1033.6847985460913,3891,5890.6416,3.1411765,819.1465,0.35985866,7498.661,4.061635,0,,,,,875.2419800530055,0.0007283794,1033.6847985460913,0.0007264695,-0.045687933,-0.07784424
1.0007809,0.0005415964,0,0.003290949,875.2408676617667,1033.68554825696,3892,5895.709,3.1413474,819.7592,0.35947663,7505.6655,4.061869,0,,,,,875.2408676617667,0.0007277288,1033.68554825696,0.0007256426,-0.045856047,-0.07735466
0.999569,0.000541425,0,0.0032914565,875.2420750821461,1033.684492698906,3893,5889.0996,3.140407,818.51227,0.35978436,7496.576,4.060584,0,,,,,875.2420750821461,0.000728632,1033.684492698906,0.00072649587,-0.045687985,-0.07772829
0.9989788,0.00054136885,0,0.0032919638,875.2408732341887,1033.6853630928006,3894,5884.5527,3.140071,819.3509,0.3604345,7492.15,4.0601625,0,,,,,875.2408732341887,0.0007278665,1033.6853630928006,0.0007257534,-0.04559392,-0.07740499
0.9994336,0.0005415005,0,0.0032924707,875.2413159328519,1033.6855927832569,3895,5888.2354,3.1407814,819.23773,0.3599926,7495.5605,4.06115,0,,,,,875.2413159328519,0.0007284665,1033.6855927832569,0.0007264956,-0.04551856,-0.077563114
0.9998574,0.00054160727,0,0.0032929773,875.2425542199339,1033.6859605555817,3896,5890.3047,3.1414554,818.31036,0.35992852,7498.7393,4.0619507,0,,,,,875.2425542199339,0.00072715094,1033.6859605555817,0.00072527555,-0.04573079,-0.07739122
1.0004137,0.000541712,0,0.0032934838,875.2404495709817,1033.6862018921752,3897,5893.167,3.1422138,819.1233,0.35989258,7502.9106,4.062736,0,,,,,875.2404495709817,0.00072836154,1033.6862018921752,0.00072656083,-0.045509115,-0.077106155
0.99990696,0.0005416422,0,0.00329399,875.2413564629118,1033.685500694941,3898,5891.171,3.1417406,818.1465,0.3596372,7499.111,4.062213,0,,,,,875.2413564629118,0.00072811695,1033.685500694941,0.0007260847,-0.045292567,-0.077362716
0.998854,0.0005415154,0,0.0032944959,875.2410000954048,1033.6858043934167,3899,5883.9204,3.1407712,819.37317,0.35982847,7491.214,4.061262,0,,,,,875.2410000954048,0.00072884315,1033.6858043934167,0.0007268493,-0.0452599,-0.07688257
0.9994146,0.00054150703,0,0.0032950013,875.2423603620591,1033.6852743621216,3900,5887.5864,3.1408691,818.5691,0.36004087,7495.4185,4.061199,0,,,,,875.2423603620591,0.0007278191,1033.6852743621216,0.00072593446,-0.045184784,-0.07683108
0.99956423,0.00054141646,0,0.0032955066,875.240431489284,1033.6873787161458,3901,5888.5454,3.1403759,818.63983,0.3595448,7496.5405,4.0605197,0,,,,,875.240431489284,0.00072901545,1033.6873787161458,0.00072711596,-0.045307457,-0.07645497
0.9995191,0.0005413594,0,0.0032960116,875.2421542548823,1033.6867562318953,3902,5887.1455,3.1400192,818.4523,0.36032334,7496.202,4.060092,0,,,,,875.2421542548823,0.00072823215,1033.6867562318953,0.0007262474,-0.04508536,-0.07625838
1.0001218,0.0005414472,0,0.0032965164,875.2411475101484,1033.6874167493434,3903,5891.6655,3.1404994,819.1462,0.36028102,7500.722,4.0607505,0,,,,,875.2411475101484,0.00072814955,1033.6874167493434,0.00072616036,-0.04512462,-0.0763103
1.0003319,0.00054158136,0,0.003297021,875.2406078703983,1033.6879587646506,3904,5891.8335,3.1411424,818.4661,0.35981455,7502.2974,4.0617566,0,,,,,875.2406078703983,0.0007284685,1033.6879587646506,0.0007265257,-0.045247823,-0.07606707
0.99907434,0.0005417041,0,0.003297525,875.240793734145,1033.6874384895425,3905,5884.0244,3.1419437,818.81555,0.35969928,7492.866,4.0626774,0,,,,,875.240793734145,0.0007297336,1033.6874384895425,0.00072811946,-0.04513927,-0.075809844
0.9994162,0.00054200453,128,0.0032980288,875.2425127030895,1033.6877184606033,3906,5887.2617,3.1437283,819.363,0.36012268,7495.43,4.0649304,128,,,,,875.2425127030895,0.00072827097,1033.6877184606033,0.000727016,-0.04523123,-0.07583125
0.9988795,0.0005415847,0,0.0032985327,875.2404415469343,1033.6860311132707,3907,5883.0947,3.1411974,818.70044,0.36032063,7491.405,4.0617814,0,,,,,875.2404415469343,0.0007290906,1033.6860311132707,0.00072730717,-0.045110524,-0.07577152
0.99955565,0.0005415209,0,0.0032990358,875.2414474024235,1033.6872379860588,3908,5887.437,3.1408424,818.3415,0.35998687,7496.476,4.061303,0,,,,,875.2414474024235,0.0007285412,1033.6872379860588,0.0007266796,-0.04504129,-0.07555044
1.0006325,0.0005415615,0,0.003299539,875.2410471913181,1033.6868998399875,3909,5893.623,3.1411567,819.09296,0.35977942,7504.5527,4.061608,0,,,,,875.2410471913181,0.0007277606,1033.6868998399875,0.00072583515,-0.045010217,-0.075607575
0.99946135,0.0005413593,0,0.0033000417,875.2428935763959,1033.6869971311116,3910,5885.483,3.1400816,818.0226,0.35994196,7495.769,4.060091,0,,,,,875.2428935763959,0.00072786934,1033.6869971311116,0.0007261192,-0.045129724,-0.075117715
0.9984091,0.0005412786,0,0.0033005443,875.2412133829071,1033.6887249075799,3911,5880.1514,3.139351,817.4376,0.36016,7487.877,4.059486,0,,,,,875.2412133829071,0.00072922505,1033.6887249075799,0.00072737696,-0.045158044,-0.07537408
0.9999993,0.0005414229,0,0.0033010466,875.2432199538628,1033.6886533699426,3912,5889.1636,3.140362,817.796,0.36007252,7499.803,4.0605683,0,,,,,875.2432199538628,0.0007270697,1033.6886533699426,0.00072546216,-0.04510542,-0.075123
0.9999639,0.00054151856,0,0.0033015483,875.2423527983976,1033.689506413884,3913,5888.285,3.1409788,817.73224,0.36030182,7499.5376,4.0612855,0,,,,,875.2423527983976,0.0007272596,1033.689506413884,0.00072588684,-0.04494561,-0.0750261
0.9992869,0.0005416036,0,0.00330205,875.2409642402853,1033.687443480747,3914,5885.5884,3.1414356,819.0477,0.3601767,7494.4604,4.0619235,0,,,,,875.2409642402853,0.0007292443,1033.687443480747,0.00072757626,-0.044947308,-0.07521038
0.99899197,0.00054148375,0,0.0033025513,875.2417327559253,1033.6877287029738,3915,5882.8774,3.1405723,818.1962,0.36009553,7492.2485,4.0610247,0,,,,,875.2417327559253,0.0007282551,1033.6877287029738,0.0007266124,-0.044892684,-0.075066954
0.9987171,0.0005413882,0,0.0033030526,875.2419365892308,1033.6864444019795,3916,5882.238,3.1401608,818.4558,0.36017627,7490.1875,4.0603075,0,,,,,875.2419365892308,0.0007290563,1033.6864444019795,0.00072733103,-0.04488299,-0.07508125
0.9991459,0.0005414599,0,0.0033035534,875.2425683155051,1033.6887695302385,3917,5884.818,3.1403587,818.6398,0.3600286,7493.4033,4.0608454,0,,,,,875.2425683155051,0.000728134,1033.6887695302385,0.0007265259,-0.044965535,-0.07486052
0.99945325,0.0005414899,0,0.0033040538,875.2421731014713,1033.6879735688187,3918,5885.354,3.1405158,818.2749,0.35984343,7495.708,4.061071,0,,,,,875.2421731014713,0.0007286636,1033.6879735688187,0.00072690315,-0.04499034,-0.074423835
1.0004017,0.0005415394,0,0.0033045541,875.2405971783908,1033.687171726724,3919,5891.942,3.141069,818.8075,0.35966775,7502.822,4.061442,0,,,,,875.2405971783908,0.00072684605,1033.687171726724,0.0007254838,-0.044928156,-0.07438472
0.99921894,0.0005414002,0,0.003305054,875.2405290400978,1033.6873106482808,3920,5884.2314,3.140094,818.79095,0.35926318,7493.9507,4.060398,0,,,,,875.2405290400978,0.00072934205,1033.6873106482808,0.0007274097,-0.044917915,-0.07438602
0.99974126,0.00054150284,0,0.003305554,875.2424606262305,1033.6888133557386,3921,5887.4927,3.1406734,818.65875,0.36004573,7497.868,4.0611677,0,,,,,875.2424606262305,0.00072811317,1033.6888133557386,0.0007264584,-0.04468542,-0.074364804
0.99926466,0.0005414304,0,0.0033060533,875.2438554093789,1033.6890184241474,3922,5884.961,3.1403215,819.19934,0.35996002,7494.2935,4.060624,0,,,,,875.2438554093789,0.00072851236,1033.6890184241474,0.0007270189,-0.044862308,-0.074267335
0.99830896,0.0005414264,128,0.0033065523,875.2419668972875,1033.690370455569,3923,5878.3623,3.1404188,818.4293,0.36014414,7487.126,4.0605946,128,,,,,875.2419668972875,0.00072894705,1033.690370455569,0.0007273278,-0.044796605,-0.07395409
0.99943227,0.0005413602,0,0.0033070513,875.2420614709998,1033.688055858121,3924,5885.9297,3.1400688,817.94037,0.3599787,7495.551,4.0600977,0,,,,,875.2420614709998,0.00072834874,1033.688055858121,0.00072658976,-0.044834595,-0.07400198
0.9985509,0.00054132554,0,0.0033075497,875.2426238241351,1033.6891110321126,3925,5880.825,3.1398098,817.13983,0.3600264,7488.9404,4.059838,0,,,,,875.2426238241351,0.00072878355,1033.6891110321126,0.0007272337,-0.044830512,-0.07389613
0.9992908,0.00054145843,0,0.003308048,875.2398026988985,1033.6891539280164,3926,5884.1636,3.140572,817.6968,0.3600099,7494.4897,4.0608344,0,,,,,875.2398026988985,0.0007290847,1033.6891539280164,0.0007273933,-0.044864308,-0.07344162
0.9992652,0.00054149376,0,0.003308546,875.2402341782006,1033.6885805748461,3927,5884.8457,3.140808,816.29926,0.3597307,7494.298,4.0610995,0,,,,,875.2402341782006,0.0007287653,1033.6885805748461,0.0007270946,-0.044704977,-0.07384416
0.99870145,0.0005414068,0,0.0033090438,875.2434569111381,1033.689413032671,3928,5880.694,3.1403425,817.1879,0.35984492,7490.07,4.060447,0,,,,,875.2434569111381,0.00072835514,1033.689413032671,0.0007271898,-0.044497095,-0.07370113
0.99886763,0.00054142275,0,0.0033095414,875.2420883649734,1033.6896040688762,3929,5881.8765,3.1404133,817.0103,0.36002582,7491.316,4.060567,0,,,,,875.2420883649734,0.00072843715,1033.6896040688762,0.00072695804,-0.044380527,-0.07369795
0.99888116,0.0005414028,0,0.0033100385,875.241518461854,1033.689712899164,3930,5882.338,3.140192,816.34515,0.36035085,7491.4175,4.060417,0,,,,,875.241518461854,0.0007274743,1033.689712899164,0.00072585035,-0.04450879,-0.07351513
0.9987102,0.00054126955,0,0.0033105353,875.2428749083193,1033.689099946701,3931,5880.121,3.1395328,817.46204,0.3599406,7490.1353,4.059418,0,,,,,875.2428749083193,0.0007282037,1033.689099946701,0.0007268254,-0.044419505,-0.07326815
0.9998697,0.0005413412,0,0.003311032,875.2423103517727,1033.6896343893147,3932,5887.595,3.1397853,817.03296,0.36038393,7498.8315,4.0599556,0,,,,,875.2423103517727,0.0007276507,1033.6896343893147,0.0007259124,-0.04459947,-0.07310308
0.99856675,0.0005411996,0,0.0033115284,875.2431533283664,1033.6893402918224,3933,5879.796,3.138974,816.48566,0.36026353,7489.0596,4.058893,0,,,,,875.2431533283664,0.0007281795,1033.6893402918224,0.0007265224,-0.04438414,-0.07302395
0.9996602,0.00054139056,0,0.0033120243,875.2423107211256,1033.688829777765,3934,5885.546,3.1401575,817.7832,0.35970452,7497.2603,4.0603256,0,,,,,875.2423107211256,0.00072815194,1033.688829777765,0.00072650827,-0.044562228,-0.073036715
0.9972592,0.0005414779,128,0.0033125202,875.2428962774259,1033.6902888471027,3935,5872.6167,3.1406748,816.5744,0.3597075,7479.253,4.0609803,128,,,,,875.2428962774259,0.0007294177,1033.6902888471027,0.0007282589,-0.044667423,-0.07308989
0.9992444,0.0005417258,0,0.0033130157,875.241502000807,1033.6895428586472,3936,5883.448,3.1419,817.60443,0.35972157,7494.1416,4.0628395,0,,,,,875.241502000807,0.0007286301,1033.6895428586472,0.00072737463,-0.044371985,-0.07276036
0.9993388,0.0005416254,0,0.003313511,875.2414389437602,1033.691116794777,3937,5883.926,3.1412704,817.27356,0.35977727,7494.8496,4.062087,0,,,,,875.2414389437602,0.0007297309,1033.691116794777,0.0007284568,-0.04451872,-0.072447725
0.99989414,0.0005415349,0,0.0033140057,875.2410049997444,1033.6902180181391,3938,5887.5264,3.1407425,816.6265,0.3598752,7499.0146,4.061408,0,,,,,875.2410049997444,0.0007282394,1033.6902180181391,0.00072663935,-0.044512127,-0.07243678
0.9962707,0.0005410806,0,0.0033145004,875.2424012000217,1033.6893378455088,3939,5865.4185,3.138257,817.52435,0.3601117,7471.84,4.058001,0,,,,,875.2424012000217,0.0007305465,1033.6893378455088,0.000728957,-0.044376574,-0.07219845
0.9828308,0.00053963583,0,0.0033149947,875.242848354183,1033.6903465532646,3940,5788.188,3.1300552,817.39703,0.35992306,7371.043,4.0471654,0,,,,,875.242848354183,0.00073974236,1033.6903465532646,0.000738154,-0.04427102,-0.072283454
0.9666769,0.00053801516,0,0.0033154888,875.2432998149795,1033.690208366861,3941,5694.6406,3.1204603,818.1489,0.3598333,7249.8916,4.035011,0,,,,,875.2432998149795,0.0007511363,1033.690208366861,0.00074955553,-0.04425449,-0.07256813
0.95628613,0.00053696096,0,0.0033159826,875.2436196320568,1033.691297575002,3942,5633.3,3.1146102,817.70355,0.3596228,7171.963,4.0271044,0,,,,,875.2436196320568,0.0007589647,1033.691297575002,0.0007575323,-0.044094823,-0.072018564
0.9540627,0.0005368371,0,0.0033164762,875.2436454205259,1033.6902443100169,3943,5621.3125,3.1137989,816.5814,0.360123,7155.2876,4.0261755,0,,,,,875.2436454205259,0.00076060515,1033.6902443100169,0.00075905793,-0.04437807,-0.072436996
0.9518976,0.0005367525,0,0.0033169694,875.2445688517716,1033.6917102893399,3944,5608.226,3.1133657,816.7614,0.3600364,7139.05,4.0255413,0,,,,,875.2445688517716,0.000761659,1033.6917102893399,0.0007604322,-0.04449185,-0.0719298
0.95213073,0.00053678366,0,0.0033174623,875.2453267187797,1033.6916907460209,3945,5609.539,3.1133163,817.518,0.35961875,7140.7983,4.0257745,0,,,,,875.2453267187797,0.00076161214,1033.6916907460209,0.0007604675,-0.04439269,-0.071893
0.9520722,0.00053667574,0,0.003317955,875.2445283441917,1033.691869480634,3946,5609.8315,3.1126773,816.85675,0.360338,7140.3594,4.0249653,0,,,,,875.2445283441917,0.00076149515,1033.691869480634,0.00076017523,-0.044294022,-0.071881354
0.95222205,0.00053658505,0,0.0033184474,875.244607324726,1033.693016457591,3947,5609.266,3.1122913,817.0814,0.3598619,7141.483,4.0242853,0,,,,,875.244607324726,0.0007616662,1033.693016457591,0.00076039345,-0.044090945,-0.07156724
0.9522786,0.0005365932,0,0.0033189396,875.2440685308954,1033.6914624886722,3948,5610.605,3.1123815,816.3758,0.35970438,7141.907,4.0243464,0,,,,,875.2440685308954,0.0007612422,1033.6914624886722,0.0007597178,-0.044115137,-0.07154377
0.9525407,0.0005366332,0,0.0033194313,875.2447387325714,1033.6924202657449,3949,5611.9097,3.1126575,817.3967,0.35934547,7143.873,4.0246463,0,,,,,875.2447387325714,0.0007614034,1033.6924202657449,0.00076001446,-0.04407888,-0.07147825
0.95562005,0.0005369226,0,0.0033199228,875.2453852744638,1033.6922414049966,3950,5629.04,3.114222,817.9181,0.35981992,7166.9673,4.026817,0,,,,,875.2453852744638,0.0007594727,1033.6922414049966,0.00075814285,-0.044039857,-0.07146056
0.9594056,0.00053727016,0,0.003320414,875.2442500123079,1033.6925848995872,3951,5651.7383,3.1165426,817.50916,0.35943517,7195.3584,4.029423,0,,,,,875.2442500123079,0.00075687934,1033.6925848995872,0.0007555979,-0.044198204,-0.071519524
0.974196,0.0005388626,0,0.0033209051,875.2448828821975,1033.6922627832164,3952,5736.4717,3.1254847,817.74695,0.35982254,7306.2837,4.0413666,0,,,,,875.2448828821975,0.0007458196,1033.6922627832164,0.0007446891,-0.04401858,-0.071144514
0.98976094,0.00054037233,0,0.0033213957,875.2433037289643,1033.692229169677,3953,5827.2544,3.1343675,817.71094,0.35985157,7423.0176,4.052689,0,,,,,875.2433037289643,0.00073454797,1033.692229169677,0.00073324225,-0.04404653,-0.070928454
0.9982957,0.00054123194,0,0.0033218863,875.2412618724488,1033.689561942533,3954,5877.5356,3.139346,817.0298,0.3597112,7487.027,4.059136,0,,,,,875.2412618724488,0.0007293192,1033.689561942533,0.0007277334,-0.043771546,-0.0711297
0.99884003,0.00054127903,0,0.0033223764,875.2423027817725,1033.6914229000583,3955,5879.5005,3.1396196,816.4261,0.360412,7491.109,4.0594893,0,,,,,875.2423027817725,0.0007288302,1033.6914229000583,0.0007275525,-0.0440344,-0.0707906
0.99902016,0.00054138683,0,0.0033228663,875.2425524935973,1033.6919362819444,3956,5881.3276,3.140021,817.23645,0.3596641,7492.46,4.0602975,0,,,,,875.2425524935973,0.0007284032,1033.6919362819444,0.0007270485,-0.044085126,-0.070939325
0.9989191,0.000541394,0,0.0033233557,875.243103049136,1033.6907357486714,3957,5880.4355,3.1402626,817.08014,0.3594457,7491.702,4.0603514,0,,,,,875.243103049136,0.0007284856,1033.6907357486714,0.00072722737,-0.04392198,-0.07077443
0.99786633,0.0005412491,0,0.003323845,875.2421300324113,1033.6913365805171,3958,5873.3467,3.1394615,816.9525,0.35964945,7483.8066,4.0592647,0,,,,,875.2421300324113,0.0007294021,1033.6913365805171,0.0007280051,-0.04387814,-0.070661396
0.9989484,0.00054139696,0,0.003324334,875.2427205220667,1033.6910504048726,3959,5880.318,3.1400096,816.3306,0.35968763,7491.922,4.060374,0,,,,,875.2427205220667,0.00072853366,1033.6910504048726,0.00072713976,-0.044108346,-0.07051431
0.9989584,0.00054138165,0,0.0033248228,875.2439893101682,1033.6914973813164,3960,5879.5903,3.1399624,816.93195,0.36008924,7491.997,4.060259,0,,,,,875.2439893101682,0.00072846503,1033.6914973813164,0.0007271829,-0.043837633,-0.07009319
0.99858135,0.00054127316,0,0.0033253112,875.2432131977669,1033.6917348759828,3961,5877.559,3.1394255,817.3915,0.36005506,7489.169,4.059445,0,,,,,875.2432131977669,0.00072920026,1033.6917348759828,0.00072798063,-0.043845817,-0.07023497
0.9994921,0.00054130086,0,0.0033257995,875.2428850105891,1033.691550159863,3962,5883.654,3.1394954,816.8872,0.36008665,7495.9995,4.059653,0,,,,,875.2428850105891,0.0007281767,1033.691550159863,0.00072682963,-0.043843806,-0.0702875
0.9988156,0.00054116023,0,0.0033262873,875.2423764785301,1033.6927182848772,3963,5878.373,3.138952,817.749,0.35962653,7490.926,4.058598,0,,,,,875.2423764785301,0.0007284823,1033.6927182848772,0.0007272549,-0.043598022,-0.07007892
0.99968165,0.0005413621,0,0.0033267748,875.2436876002253,1033.6934835680404,3964,5884.399,3.1400113,817.602,0.36004952,7497.421,4.060112,0,,,,,875.2436876002253,0.00072806276,1033.6934835680404,0.00072699826,-0.043702293,-0.070329405
0.9986559,0.0005414091,0,0.0033272621,875.2438305122922,1033.6923246744673,3965,5878.394,3.1402268,817.0259,0.3595184,7489.728,4.060465,0,,,,,875.2438305122922,0.00072791136,1033.6923246744673,0.0007269645,-0.043511845,-0.06996856
0.9981794,0.0005415037,0,0.0033277492,875.2442177144605,1033.6913959780177,3966,5875.2324,3.1409237,817.2023,0.35959154,7486.1543,4.0611744,0,,,,,875.2442177144605,0.0007309356,1033.6913959780177,0.0007275333,-0.043664116,-0.06973225
0.99857336,0.00054152426,0,0.0033282358,875.2415859540013,1033.69316816222,3967,5878.4297,3.1407795,817.14136,0.35964975,7489.109,4.0613284,0,,,,,875.2415859540013,0.00072949805,1033.69316816222,0.0007284295,-0.043605566,-0.06985683
0.99860203,0.00054132,0,0.0033287224,875.2436851070383,1033.691578501875,3968,5877.9844,3.1399298,815.4389,0.36042184,7489.324,4.0597963,0,,,,,875.2436851070383,0.00072761305,1033.691578501875,0.0007266026,-0.043658853,-0.06954179
0.99889123,0.0005412927,0,0.0033292086,875.2428554295764,1033.6933187575116,3969,5879.9844,3.1396272,816.81085,0.35990357,7491.493,4.059592,0,,,,,875.2428554295764,0.0007289986,1033.6933187575116,0.00072790927,-0.04364751,-0.06938635
0.99870247,0.0005412372,0,0.0033296945,875.2442974903871,1033.6927817520227,3970,5878.845,3.1392102,817.48047,0.36003527,7490.077,4.0591755,0,,,,,875.2442974903871,0.000728864,1033.6927817520227,0.0007277776,-0.04353551,-0.06944494
0.99883616,0.00054116437,0,0.00333018,875.2428195754406,1033.6939315018244,3971,5878.037,3.13882,816.3046,0.35985792,7491.08,4.058629,0,,,,,875.2428195754406,0.00072878745,1033.6939315018244,0.00072768104,-0.04345228,-0.06896577
0.9988891,0.0005412219,0,0.0033306654,875.2434641786614,1033.6925309711864,3972,5879.4814,3.139158,817.29004,0.3598795,7491.477,4.0590606,0,,,,,875.2434641786614,0.00072872743,1033.6925309711864,0.0007274483,-0.043577343,-0.06920035
0.99917,0.0005413615,0,0.0033311504,875.2416014075129,1033.6927508135338,3973,5880.6553,3.139789,817.6089,0.35967943,7493.584,4.0601077,0,,,,,875.2416014075129,0.00072834914,1033.6927508135338,0.0007270658,-0.043323603,-0.06903403
0.99828815,0.0005414229,0,0.0033316351,875.243353032114,1033.6932464062297,3974,5874.818,3.140337,816.03394,0.35971147,7486.97,4.0605683,0,,,,,875.243353032114,0.0007286801,1033.6932464062297,0.0007279449,-0.043380577,-0.06875793
0.99883264,0.0005415124,0,0.0033321197,875.2435283676832,1033.6931685875834,3975,5878.7666,3.1407871,816.05707,0.35993195,7491.0537,4.0612392,0,,,,,875.2435283676832,0.000728224,1033.6931685875834,0.0007274656,-0.043451726,-0.069013186
0.9994088,0.0005414016,0,0.003332604,875.2435500947995,1033.6930721703784,3976,5881.1943,3.1402855,816.2465,0.36011145,7495.3745,4.0604086,0,,,,,875.2435500947995,0.0007278111,1033.6930721703784,0.00072692893,-0.043439966,-0.068496734
0.9991333,0.00054128934,0,0.0033330878,875.2442465660838,1033.69254616017,3977,5880.747,3.1397421,817.0493,0.36024126,7493.3086,4.0595665,0,,,,,875.2442465660838,0.0007278183,1033.69254616017,0.0007267906,-0.04323068,-0.0687345
0.9995501,0.0005413205,0,0.0033335714,875.2432406940227,1033.6919139066383,3978,5883.1523,3.1399918,815.89526,0.3596739,7496.4346,4.0598,0,,,,,875.2432406940227,0.00072776433,1033.6919139066383,0.000726623,-0.043258693,-0.068497315
0.99858886,0.00054121594,0,0.0033340547,875.2443021313782,1033.6921886738573,3979,5876.4697,3.1391706,816.344,0.35994387,7489.225,4.0590158,0,,,,,875.2443021313782,0.0007285809,1033.6921886738573,0.00072749396,-0.043206386,-0.06806262
0.9991432,0.00054125034,8192,0.0033345378,875.2440824136777,1033.6925999810128,3980,5880.5264,3.139411,816.8789,0.360074,7493.383,4.0592737,8192,,,,,875.2440824136777,0.00072854117,1033.6925999810128,0.0007274727,-0.04324943,-0.0680049
0.99895096,0.0005412289,0,0.0033350205,875.2426464207093,1033.6933641720198,3981,5879.014,3.1392727,815.029,0.35998365,7491.941,4.0591135,0,,,,,875.2426464207093,0.0007279269,1033.6933641720198,0.0007267435,-0.04323158,-0.06824135
0.9981472,0.0005411345,0,0.003335503,875.2437713275835,1033.693913499275,3982,5873.3794,3.1389809,815.8229,0.36015332,7485.913,4.0584054,0,,,,,875.2437713275835,0.00072847615,1033.693913499275,0.0007274669,-0.042980712,-0.0679776
0.9984892,0.0005411726,0,0.0033359854,875.242695201687,1033.692122706204,3983,5876.1294,3.139408,816.5575,0.35981354,7488.478,4.0586905,0,,,,,875.242695201687,0.0007288341,1033.692122706204,0.00072770775,-0.04296372,-0.068069376
0.99966896,0.0005413119,0,0.003336467,875.243679051584,1033.6935408404001,3984,5881.903,3.1398218,816.3646,0.3596233,7497.3257,4.059736,0,,,,,875.243679051584,0.00072801526,1033.6935408404001,0.00072698895,-0.042900994,-0.06756459
0.999057,0.00054121704,0,0.0033369488,875.243173343725,1033.6946995403441,3985,5878.697,3.1394446,816.9647,0.359628,7492.7363,4.0590243,0,,,,,875.243173343725,0.0007289873,1033.6946995403441,0.00072795554,-0.04278139,-0.06767161
0.999836,0.00054137124,0,0.00333743,875.2425865814951,1033.6934295020856,3986,5883.9365,3.1402063,816.53595,0.3601621,7498.5786,4.0601807,0,,,,,875.2425865814951,0.00072828645,1033.6934295020856,0.000727105,-0.042816762,-0.06756885
0.9982168,0.0005412216,0,0.0033379113,875.2421771718875,1033.6943834873418,3987,5872.798,3.1394184,816.79456,0.35966447,7486.435,4.059058,0,,,,,875.2421771718875,0.0007295787,1033.6943834873418,0.0007285521,-0.043103985,-0.06724861
1.0000035,0.00054136175,0,0.0033383921,875.243568303137,1033.6946707954046,3988,5884.8726,3.1402547,816.0736,0.36015958,7499.8345,4.0601096,0,,,,,875.243568303137,0.000728225,1033.6946707954046,0.0007274011,-0.043025788,-0.06752323
0.99917823,0.00054126343,0,0.0033388725,875.2440595900218,1033.6944518616795,3989,5880.197,3.139692,816.1703,0.35964015,7493.6455,4.059372,0,,,,,875.2440595900218,0.00072810607,1033.6944518616795,0.0007272936,-0.042971823,-0.06752707
0.99986386,0.00054134405,0,0.0033393528,875.2428158686758,1033.6941790627359,3990,5882.867,3.1402156,817.0308,0.35996398,7498.7876,4.0599766,0,,,,,875.2428158686758,0.00072812714,1033.6941790627359,0.00072715717,-0.042892523,-0.06687802
1.0000463,0.0005413511,0,0.0033398326,875.2441564244629,1033.6932998244033,3991,5884.585,3.1401377,816.4735,0.3597478,7500.156,4.0600295,0,,,,,875.2441564244629,0.00072764873,1033.6932998244033,0.00072664587,-0.042918175,-0.06727701
0.99953103,0.00054118596,0,0.0033403123,875.2445542908971,1033.6950605025309,3992,5880.5254,3.13916,816.02045,0.35995123,7496.2915,4.058791,0,,,,,875.2445542908971,0.00072813843,1033.6950605025309,0.00072724494,-0.042827405,-0.0668951
0.99934983,0.0005411792,0,0.0033407917,875.2435631527276,1033.6937479942244,3993,5879.7334,3.1390114,815.85675,0.35977414,7494.9326,4.0587406,0,,,,,875.2435631527276,0.00072812126,1033.6937479942244,0.000727031,-0.04281138,-0.06677875
0.99958,0.0005412295,0,0.0033412708,875.2441809202494,1033.6938423106953,3994,5881.534,3.1394856,815.6714,0.360069,7496.6587,4.059118,0,,,,,875.2441809202494,0.0007275258,1033.6938423106953,0.0007265133,-0.04281463,-0.06684975
0.99852985,0.0005412065,0,0.0033417495,875.245211591372,1033.6957484164893,3995,5874.1445,3.1394289,815.4684,0.360104,7488.7827,4.058945,0,,,,,875.245211591372,0.0007287119,1033.6957484164893,0.00072808587,-0.042770077,-0.06644032
0.99992806,0.0005415699,0,0.003342228,875.2438807063188,1033.6952178826186,3996,5883.42,3.1414168,816.098,0.36015666,7499.269,4.061671,0,,,,,875.2438807063188,0.0007283469,1033.6952178826186,0.0007278082,-0.042844173,-0.066624455
0.99884254,0.00054143224,0,0.0033427062,875.2438203630766,1033.6948520865642,3997,5876.7524,3.1404924,815.9141,0.35959262,7491.128,4.060638,0,,,,,875.2438203630766,0.0007286671,1033.6948520865642,0.0007280582,-0.042706855,-0.06641033
0.99981785,0.0005414539,8192,0.0033431842,875.2448018826965,1033.693548339519,3998,5881.594,3.1404588,816.9618,0.35981634,7498.4424,4.0608006,8192,,,,,875.2448018826965,0.0007278357,1033.693548339519,0.0007269781,-0.042795308,-0.06602979
0.99913293,0.0005412887,0,0.0033436618,875.2425006911494,1033.6948465944924,3999,5878.274,3.1395504,816.3038,0.35953212,7493.3057,4.0595617,0,,,,,875.2425006911494,0.0007278985,1033.6948465944924,0.0007269329,-0.042877495,-0.066072404
0.9994931,0.0005411874,0,0.0033441393,875.2426460305529,1033.6960241410434,4000,5879.3794,3.139056,817.0555,0.359602,7496.0073,4.058802,0,,,,,875.2426460305529,0.00072846113,1033.6960241410434,0.0007276019,-0.042870674,-0.06573387
0.99915373,0.00054111815,0,0.0033446164,875.2431634303163,1033.695968605211,4001,5877.9214,3.1386328,815.29755,0.3596349,7493.462,4.0582824,0,,,,,875.2431634303163,0.0007282087,1033.695968605211,0.0007271985,-0.04277416,-0.06567182
1.0002093,0.00054123113,0,0.0033450932,875.2440321892341,1033.6949243921688,4002,5884.777,3.139348,815.216,0.3599582,7501.379,4.0591297,0,,,,,875.2440321892341,0.00072780007,1033.6949243921688,0.00072688056,-0.042577732,-0.06590321
0.99922067,0.00054118386,0,0.0033455696,875.2443118583483,1033.6954735173601,4003,5877.5425,3.1393101,816.6699,0.35973763,7493.964,4.0587754,0,,,,,875.2443118583483,0.00072824635,1033.6954735173601,0.0007274885,-0.042502422,-0.06569815
1.0005666,0.0005415576,8192,0.003346046,875.2432540108832,1033.6961482201173,4004,5886.5107,3.1414468,815.9197,0.36010724,7504.058,4.0615783,8192,,,,,875.2432540108832,0.0007276366,1033.6961482201173,0.0007269413,-0.042455725,-0.06590495
0.9996954,0.0005415934,0,0.0033465219,875.2441974221887,1033.6936685642681,4005,5881.441,3.1414838,814.81494,0.36049458,7497.5244,4.0618467,0,,,,,875.2441974221887,0.0007276224,1033.6936685642681,0.0007271815,-0.04251849,-0.06557357
0.9997783,0.00054136926,0,0.0033469975,875.2440241791919,1033.6958318075167,4006,5880.777,3.1404428,815.4396,0.3600911,7498.1455,4.060166,0,,,,,875.2440241791919,0.00072785397,1033.6958318075167,0.00072728045,-0.042600814,-0.065365486
0.999898,0.0005413173,0,0.003347473,875.2448663929058,1033.697065770488,4007,5882.6543,3.1400685,814.1037,0.36030108,7499.044,4.059776,0,,,,,875.2448663929058,0.0007276901,1033.697065770488,0.0007271954,-0.042650312,-0.06527431
0.99936545,0.000541202,0,0.003347948,875.2445387600125,1033.6954603343374,4008,5878.938,3.1394103,814.96124,0.36035,7495.05,4.058912,0,,,,,875.2445387600125,0.00072773936,1033.6954603343374,0.00072728697,-0.04233281,-0.065151095
0.9993292,0.00054112583,0,0.0033484227,875.2444683773527,1033.6975572477133,4009,5878.6685,3.1391666,815.0224,0.3598943,7494.778,4.05834,0,,,,,875.2444683773527,0.0007271241,1033.6975572477133,0.0007266601,-0.04250189,-0.06526092
0.99989265,0.00054120866,0,0.0033488972,875.2452395143289,1033.6960366690946,4010,5882.5513,3.1394646,814.39545,0.36060596,7499.0034,4.0589614,0,,,,,875.2452395143289,0.0007274216,1033.6960366690946,0.000726621,-0.042499248,-0.06520498
1.0001796,0.0005412396,0,0.0033493715,875.2448521233048,1033.6956481139714,4011,5882.536,3.1395879,815.7731,0.35998333,7501.156,4.0591936,0,,,,,875.2448521233048,0.00072738057,1033.6956481139714,0.00072672503,-0.042349618,-0.065047294
0.99998224,0.000541177,0,0.0033498455,875.2436602487095,1033.696812755058,4012,5882.3135,3.1398506,816.5216,0.35984674,7499.6753,4.058724,0,,,,,875.2436602487095,0.0007286087,1033.696812755058,0.0007279882,-0.042302564,-0.06479676
0.9987367,0.00054117094,0,0.003350319,875.2450939446944,1033.6960683406232,4013,5875.16,3.139294,816.2196,0.3599539,7490.334,4.0586786,0,,,,,875.2450939446944,0.00072859327,1033.6960683406232,0.00072799524,-0.04222322,-0.064848736
0.9993572,0.0005412253,0,0.0033507925,875.2435639291932,1033.6972248447669,4014,5877.747,3.1396775,815.2948,0.3598846,7494.988,4.0590863,0,,,,,875.2435639291932,0.0007286588,1033.6972248447669,0.0007280546,-0.042291418,-0.06434734
1.0003157,0.00054121896,0,0.0033512656,875.2433158514395,1033.6954815781046,4015,5884.1523,3.1400194,815.9264,0.36002195,7502.1763,4.0590386,0,,,,,875.2433158514395,0.00072802376,1033.6954815781046,0.0007271092,-0.04215495,-0.06457096
0.9991307,0.00054113416,8192,0.0033517384,875.2447042024919,1033.696236538023,4016,5877.0356,3.1393113,815.64294,0.35988507,7493.289,4.0584025,8192,,,,,875.2447042024919,0.0007283528,1033.696236538023,0.00072773336,-0.042199697,-0.064199716
0.9987926,0.000541196,0,0.003352211,875.244066003613,1033.6966122631197,4017,5874.5176,3.1393878,816.2119,0.35996592,7490.7534,4.058866,0,,,,,875.244066003613,0.0007289847,1033.6966122631197,0.00072837906,-0.042231932,-0.06412874
1.0000144,0.0005411454,0,0.0033531552,875.244136104242,1033.6966274439176,4019,5880.52,3.139571,815.4179,0.3594509,7499.917,4.058487,0,,,,,875.244136104242,0.0007280415,1033.6966274439176,0.0007275503,-0.04194936,-0.063990265
0.999882,0.00054122927,16,0.003353627,875.245257649781,1033.6971245983411,4020,5880.814,3.139875,815.50464,0.3597174,7498.9233,4.059116,16,,,,,875.245257649781,0.00072819414,1033.6971245983411,0.0007277273,-0.04191535,-0.06418431
0.9996775,0.00054127886,16,0.0033540982,875.2449963952877,1033.6972629643005,4021,5879.613,3.1397552,816.42487,0.35972056,7497.3896,4.059488,16,,,,,875.2449963952877,0.00072831666,1033.6972629643005,0.00072780694,-0.042321183,-0.0643691
1.0012769,0.0005416424,144,0.0033545692,875.2426901128981,1033.6974847530057,4022,5887.495,3.1421468,814.9586,0.36007985,7509.385,4.0622144,144,,,,,875.2426901128981,0.00072703353,1033.6974847530057,0.00072621246,-0.04242913,-0.06438687
0.9994859,0.00054107164,16,0.0033550402,875.2444367773306,1033.6967887190228,4023,5878.1187,3.138944,816.1552,0.3598853,7495.953,4.057934,16,,,,,875.2444367773306,0.0007285437,1033.6967887190228,0.0007278898,-0.042444754,-0.06437546
1.0001165,0.00054117903,16,0.0033555105,875.2460180283339,1033.6976716789713,4024,5881.7134,3.139441,815.9185,0.35999903,7500.6816,4.058739,16,,,,,875.2460180283339,0.00072703295,1033.6976716789713,0.0007267421,-0.042227793,-0.06443002
0.99923366,0.00054120464,16,0.0033559809,875.2451327408739,1033.6959861953098,4025,5875.096,3.1393058,816.406,0.35952497,7494.061,4.0589314,16,,,,,875.2451327408739,0.0007279436,1033.6959861953098,0.00072733144,-0.041650217,-0.06351035
1.0001338,0.000541399,0,0.0033564507,875.2448944855877,1033.6964207481708,4026,5882.256,3.1407561,816.1955,0.35978168,7500.812,4.060389,0,,,,,875.2448944855877,0.00072847976,1033.6964207481708,0.0007280996,-0.041814726,-0.06338353
0.99846107,0.0005412421,0,0.0033569206,875.2444805064364,1033.6981068683958,4027,5871.283,3.1398654,815.45276,0.36045554,7488.267,4.0592117,0,,,,,875.2444805064364,0.0007289142,1033.6981068683958,0.00072860514,-0.041812073,-0.0632448
0.9995479,0.0005412942,0,0.00335739,875.2446599800212,1033.6981909114743,4028,5878.214,3.1401417,815.49445,0.35988992,7496.418,4.059603,0,,,,,875.2446599800212,0.0007284782,1033.6981909114743,0.00072810525,-0.041991334,-0.06310207
1.000614,0.00054135715,0,0.0033578589,875.2448266163133,1033.6983824283454,4029,5885.231,3.1403468,814.8769,0.36020622,7504.414,4.060075,0,,,,,875.2448266163133,0.0007266512,1033.6983824283454,0.0007262825,-0.04188031,-0.06308971
0.9998394,0.00054114504,0,0.0033583278,875.2444511201161,1033.6973261313428,4030,5878.841,3.1392162,816.10266,0.35982737,7498.6045,4.058484,0,,,,,875.2444511201161,0.00072789966,1033.6973261313428,0.00072735694,-0.04191089,-0.062919386
0.9998839,0.000541111,0,0.0033587962,875.2456027231017,1033.698610933633,4031,5880.617,3.1388028,815.045,0.35979,7498.938,4.058229,0,,,,,875.2456027231017,0.0007278142,1033.698610933633,0.00072743284,-0.041807503,-0.06289309
0.9999123,0.00054108095,0,0.0033592645,875.2455291167116,1033.6974066903613,4032,5880.366,3.13886,815.8657,0.35998973,7499.151,4.0580034,0,,,,,875.2455291167116,0.0007280019,1033.6974066903613,0.0007274628,-0.041941002,-0.062885866
0.9995917,0.00054107985,0,0.0033597325,875.2442811804522,1033.6976520519215,4033,5877.694,3.1390812,815.55164,0.36008942,7496.7466,4.0579953,0,,,,,875.2442811804522,0.00072753907,1033.6976520519215,0.00072695344,-0.04183753,-0.06273587
0.9985376,0.00054118875,0,0.0033602002,875.2440763248225,1033.6976799138597,4034,5872.131,3.139586,816.0588,0.35970154,7488.841,4.058812,0,,,,,875.2440763248225,0.0007289103,1033.6976799138597,0.00072849507,-0.042034622,-0.06264201
0.99971,0.00054145197,0,0.0033606675,875.2453107266442,1033.699090590884,4035,5877.909,3.141408,815.0764,0.3599089,7497.634,4.0607862,0,,,,,875.2453107266442,0.0007281674,1033.699090590884,0.00072827924,-0.04190241,-0.062198598
0.9998933,0.0005413935,0,0.0033611346,875.2467208578796,1033.6977339977493,4036,5879.7583,3.140579,814.4115,0.36023408,7499.0083,4.060348,0,,,,,875.2467208578796,0.000726836,1033.6977339977493,0.00072669267,-0.041936684,-0.062308535
0.9999722,0.00054119667,0,0.0033616014,875.2442820577998,1033.6986374787846,4037,5880.0195,3.1398113,814.9728,0.35945818,7499.6,4.0588713,0,,,,,875.2442820577998,0.0007278826,1033.6986374787846,0.00072750717,-0.04181259,-0.062305283
0.998031,0.00054095103,0,0.003362068,875.2442842173552,1033.6986674852208,4038,5867.614,3.1383085,814.88293,0.35978767,7485.0415,4.0570292,0,,,,,875.2442842173552,0.0007291322,1033.6986674852208,0.0007286794,-0.04167167,-0.061883066
0.99942005,0.00054106046,0,0.003362534,875.243436705287,1033.6983586861545,4039,5876.674,3.1389942,816.5645,0.3593058,7495.459,4.05785,0,,,,,875.243436705287,0.0007283489,1033.6983586861545,0.0007277219,-0.04169225,-0.062206324
1.0008817,0.0005411421,0,0.003363,875.2458326059866,1033.6987517034408,4040,5884.8047,3.1394532,814.53546,0.35978335,7506.4214,4.058462,0,,,,,875.2458326059866,0.0007271476,1033.6987517034408,0.0007268854,-0.041796025,-0.06173009
1.0005867,0.0005411011,0,0.0033634657,875.2454578698955,1033.6990589958623,4041,5882.629,3.1393616,815.72064,0.3595826,7504.209,4.0581546,0,,,,,875.2454578698955,0.00072760036,1033.6990589958623,0.00072737224,-0.041435137,-0.06182894
1.0000415,0.0005411356,0,0.003363931,875.2455199786102,1033.697975212467,4042,5880.49,3.139447,816.5734,0.35995388,7500.1196,4.0584135,0,,,,,875.2455199786102,0.0007282759,1033.697975212467,0.0007279487,-0.04158706,-0.061850764
1.0002242,0.0005412011,0,0.003364396,875.243462632214,1033.6997136030845,4043,5879.9272,3.1399338,816.3506,0.35920894,7501.4907,4.0589046,0,,,,,875.243462632214,0.0007286131,1033.6997136030845,0.00072819163,-0.041617658,-0.061585024
0.99969673,0.000541222,0,0.003364861,875.2452136512011,1033.6993564667623,4044,5877.152,3.1397715,816.76605,0.35977903,7497.534,4.0590615,0,,,,,875.2452136512011,0.0007282919,1033.6993564667623,0.0007281039,-0.04138991,-0.061825328
1.0010784,0.0005413281,0,0.0033653253,875.2457666059613,1033.6994380573965,4045,5886.1963,3.140395,815.29285,0.36024594,7507.896,4.0598574,0,,,,,875.2457666059613,0.0007268742,1033.6994380573965,0.00072666386,-0.041500736,-0.06164782
0.99908787,0.0005410307,0,0.0033657895,875.2457182521944,1033.698718753617,4046,5873.099,3.1389575,816.0315,0.35956064,7492.968,4.0576267,0,,,,,875.2457182521944,0.0007281791,1033.698718753617,0.00072801195,-0.04149477,-0.06116328
0.99937475,0.00054117717,0,0.0033662536,875.2460079023635,1033.6986053245691,4047,5875.827,3.1394958,815.75336,0.36001715,7495.119,4.0587254,0,,,,,875.2460079023635,0.00072836,1033.6986053245691,0.0007282536,-0.04141956,-0.061191633
0.9984991,0.0005410544,0,0.0033667171,875.245824082512,1033.699059366234,4048,5870.713,3.1388083,815.01886,0.35987478,7488.5522,4.0578046,0,,,,,875.245824082512,0.0007284764,1033.699059366234,0.00072845706,-0.041496366,-0.06100751
1.0003796,0.00054114027,0,0.0033671805,875.2457099692082,1033.6986623749708,4049,5880.6113,3.139552,815.3414,0.359933,7502.6553,4.0584483,0,,,,,875.2457099692082,0.00072788284,1033.6986623749708,0.0007275119,-0.04150184,-0.060794428
0.9991252,0.00054107123,0,0.0033676436,875.2459678617056,1033.7000114748773,4050,5874.554,3.138961,815.2215,0.35973465,7493.2476,4.0579305,0,,,,,875.2459678617056,0.00072822685,1033.7000114748773,0.00072809495,-0.041371476,-0.060947444
1.0001546,0.0005411964,0,0.0033681064,875.2455011754578,1033.6997319761315,4051,5879.7656,3.139669,815.2339,0.3600637,7500.9683,4.0588694,0,,,,,875.2455011754578,0.00072827545,1033.6997319761315,0.0007280621,-0.04132512,-0.060831368
0.9995372,0.00054103177,0,0.0033685688,875.2456506788004,1033.6997062664311,4052,5876.6816,3.138941,814.0738,0.36028057,7496.338,4.057635,0,,,,,875.2456506788004,0.0007281804,1033.6997062664311,0.0007280088,-0.04117224,-0.060890146
1.0000567,0.00054112176,0,0.003369031,875.2468136397171,1033.698448145563,4053,5880.287,3.1392174,815.42755,0.3599666,7500.234,4.0583096,0,,,,,875.2468136397171,0.00072730094,1033.698448145563,0.0007270836,-0.0412064,-0.06106109
1.0005,0.00054115796,0,0.003369493,875.2463648214957,1033.700393643611,4054,5881.351,3.1394439,816.28424,0.35975605,7503.5586,4.0585814,0,,,,,875.2463648214957,0.0007272921,1033.700393643611,0.0007272309,-0.041274052,-0.060358733
0.999514,0.0005410962,0,0.0033699546,875.2442991690222,1033.7003842248323,4055,5876.6235,3.1393454,815.9749,0.35978332,7496.1636,4.058118,0,,,,,875.2442991690222,0.0007285968,1033.7003842248323,0.00072837295,-0.041211367,-0.060570043
0.9987078,0.00054107787,0,0.003370416,875.2446436000791,1033.6990838412964,4056,5872.109,3.139408,815.7773,0.3600739,7490.117,4.0579805,0,,,,,875.2446436000791,0.0007280321,1033.6990838412964,0.0007278083,-0.041237928,-0.060657408
0.9995996,0.0005412501,0,0.003370877,875.2468165763748,1033.6982166697994,4057,5876.2896,3.1400206,816.4533,0.35975677,7496.8057,4.0592723,0,,,,,875.2468165763748,0.0007282246,1033.6982166697994,0.0007281254,-0.041163355,-0.060361836
0.99939555,0.00054118567,0,0.0033713377,875.2453652841291,1033.7001467208229,4058,5876.035,3.1397626,816.53613,0.35956916,7495.2754,4.058789,0,,,,,875.2453652841291,0.0007284856,1033.7001467208229,0.0007284584,-0.041342143,-0.06029101
1.000053,0.00054120756,0,0.0033717982,875.2454759509832,1033.700231322704,4059,5879.0923,3.1399267,814.8022,0.36007148,7500.206,4.0589533,0,,,,,875.2454759509832,0.00072742754,1033.700231322704,0.00072731334,-0.04112297,-0.060173295
0.9996186,0.0005409166,0,0.0033727183,875.2469273900981,1033.6995429725237,4061,5876.8228,3.1385577,816.2041,0.3592014,7496.948,4.056771,0,,,,,875.2469273900981,0.00072726933,1033.6995429725237,0.00072712696,-0.04115342,-0.060147267
1.0002091,0.00054100354,0,0.003373178,875.245804300444,1033.6993337138906,4062,5879.134,3.1386445,815.71906,0.3598599,7501.3765,4.057423,0,,,,,875.245804300444,0.00072738755,1033.6993337138906,0.00072714826,-0.041201927,-0.05967165
0.999332,0.0005409516,0,0.0033736373,875.2435955138378,1033.700666785445,4063,5874.987,3.1387231,816.61273,0.35988247,7494.799,4.0570335,0,,,,,875.2435955138378,0.00072856405,1033.700666785445,0.0007281251,-0.041131195,-0.059851497
0.99975616,0.00054119667,0,0.0033740962,875.2456603888346,1033.7007521891283,4064,5877.738,3.1399484,816.0527,0.35930395,7497.98,4.0588713,0,,,,,875.2456603888346,0.00072811684,1033.7007521891283,0.000728126,-0.04100092,-0.060034722
0.99963045,0.00054136844,0,0.003374555,875.2444171670479,1033.6985820367652,4065,5875.756,3.1412525,815.47473,0.35980898,7497.037,4.0601597,0,,,,,875.2444171670479,0.0007293912,1033.6985820367652,0.0007293005,-0.04066293,-0.059993457
0.99969393,0.0005413167,0,0.0033750134,875.246308365533,1033.7000804670784,4066,5877.4834,3.1407433,816.2459,0.35992607,7497.513,4.0597715,0,,,,,875.246308365533,0.00072753057,1033.7000804670784,0.00072780263,-0.040893678,-0.05981745
0.9988513,0.00054105354,0,0.0033754716,875.2442733995854,1033.7001244531193,4067,5871.782,3.1393995,816.89844,0.35966253,7491.1934,4.057798,0,,,,,875.2442733995854,0.0007292133,1033.7001244531193,0.00072902575,-0.040855598,-0.059586883
0.9991415,0.00054100883,0,0.0033759295,875.246702624519,1033.7012739889276,4068,5873.0093,3.1390488,817.2799,0.35978982,7493.37,4.0574627,0,,,,,875.246702624519,0.000728501,1033.7012739889276,0.0007285589,-0.04062177,-0.05960959
0.99893963,0.0005409993,0,0.003376387,875.2452391801846,1033.6996722992803,4069,5872.8267,3.138879,815.6695,0.35990134,7491.856,4.057391,0,,,,,875.2452391801846,0.00072892563,1033.6996722992803,0.0007287655,-0.040685073,-0.05960463
0.9997898,0.00054091646,0,0.0033768443,875.2451571271883,1033.7014760839236,4070,5875.2207,3.1386843,816.2323,0.35948756,7498.232,4.05677,0,,,,,875.2451571271883,0.0007287525,1033.7014760839236,0.0007286158,-0.040601414,-0.059132095
0.99916416,0.0005409241,0,0.0033773014,875.2457802229923,1033.7021178121377,4071,5875.602,3.1385708,816.8383,0.3597562,7493.54,4.056827,0,,,,,875.2457802229923,0.0007278791,1033.7021178121377,0.0007278914,-0.040561706,-0.059265073
0.99916136,0.000541015,0,0.0033777582,875.2461488582103,1033.7009661302634,4072,5873.5737,3.138771,815.6536,0.35997686,7493.519,4.057509,0,,,,,875.2461488582103,0.0007288224,1033.7009661302634,0.0007288,-0.040463522,-0.05949334
0.9990883,0.00054104056,0,0.0033782145,875.2456106134412,1033.7016374233517,4073,5871.8184,3.1391158,816.18536,0.35997018,7492.9707,4.0577006,0,,,,,875.2456106134412,0.00072828913,1033.7016374233517,0.00072834495,-0.040588874,-0.05891201
0.99887496,0.0005411521,0,0.0033786707,875.2460683863723,1033.7018350890671,4074,5872.891,3.139898,815.3921,0.35979104,7491.371,4.058537,0,,,,,875.2460683863723,0.00072870404,1033.7018350890671,0.00072893617,-0.040487792,-0.05917011
0.9988453,0.00054105686,0,0.0033791265,875.2456994425927,1033.7007580478237,4075,5872.4316,3.1394994,816.2159,0.35919097,7491.1484,4.0578227,0,,,,,875.2456994425927,0.00072853785,1033.7007580478237,0.0007285288,-0.040617794,-0.058900125
0.9993068,0.0005409742,0,0.0033795822,875.2465420628272,1033.7015971861958,4076,5873.254,3.138941,816.6204,0.35979137,7494.61,4.057203,0,,,,,875.2465420628272,0.0007277647,1033.7015971861958,0.00072778924,-0.040662054,-0.05843083
0.99954563,0.00054101326,0,0.0033800374,875.2458610550498,1033.7001035038343,4077,5875.703,3.139155,816.2572,0.35982823,7496.401,4.057496,0,,,,,875.2458610550498,0.000727544,1033.7001035038343,0.00072750077,-0.040721107,-0.058666084
0.9996494,0.000541064,0,0.0033804923,875.2466717788323,1033.7010427597072,4078,5875.7954,3.1391804,815.9116,0.35976028,7497.179,4.0578766,0,,,,,875.2466717788323,0.0007279393,1033.7010427597072,0.0007280873,-0.04027082,-0.05844508
0.9994595,0.00054105325,0,0.003380947,875.2466476555508,1033.7013751829504,4079,5875.2583,3.1388543,815.2516,0.35965624,7495.755,4.057796,0,,,,,875.2466476555508,0.00072730513,1033.7013751829504,0.00072730356,-0.04053944,-0.05841636
0.9989984,0.0005409437,0,0.0033814015,875.2439136702546,1033.701559045629,4080,5872.9077,3.138666,816.00745,0.35992244,7492.297,4.0569744,0,,,,,875.2439136702546,0.0007285923,1033.701559045629,0.0007284222,-0.040479198,-0.058475748
1.0003865,0.0005411592,0,0.0033818558,875.2469247844797,1033.7017140810735,4081,5879.886,3.1396363,814.8571,0.3597906,7502.707,4.0585904,0,,,,,875.2469247844797,0.0007269101,1033.7017140810735,0.0007271298,-0.04019598,-0.058078635
0.99928766,0.00054101046,0,0.0033823096,875.2474292306189,1033.7023362438567,4082,5874.914,3.1390684,816.75726,0.3595822,7494.4663,4.057475,0,,,,,875.2474292306189,0.0007288197,1033.7023362438567,0.0007291964,-0.040098667,-0.0581193
0.9970673,0.0005408084,0,0.0033827631,875.2465143083843,1033.7008918865115,4083,5862.0312,3.1376507,815.4765,0.3600495,7477.8135,4.0559597,0,,,,,875.2465143083843,0.0007288204,1033.7008918865115,0.00072894845,-0.040157992,-0.05833673
0.9972463,0.000540714,0,0.0033832162,875.2456176679682,1033.7025784225102,4084,5861.552,3.1374428,815.2145,0.36000776,7479.1567,4.0552516,0,,,,,875.2456176679682,0.00072999106,1033.7025784225102,0.0007299952,-0.04033347,-0.057775337
0.9962973,0.00054074003,0,0.0033836693,875.2466587123645,1033.7012223472632,4085,5856.8604,3.137326,815.95917,0.35966608,7472.039,4.0554466,0,,,,,875.2466587123645,0.00072966324,1033.7012223472632,0.00072972977,-0.04018142,-0.05788169
0.9961189,0.00054075045,0,0.003384122,875.2464578430677,1033.7020919144666,4086,5855.3154,3.137415,815.8335,0.35985082,7470.701,4.055525,0,,,,,875.2464578430677,0.0007305393,1033.7020919144666,0.0007307197,-0.040007964,-0.0579272
0.99777675,0.000540954,0,0.0033845743,875.2456365787275,1033.7024626797042,4087,5864.947,3.1385567,814.82306,0.36021015,7483.135,4.0570517,0,,,,,875.2456365787275,0.0007290324,1033.7024626797042,0.00072923786,-0.039962374,-0.05764638
0.99675465,0.0005408812,0,0.0033850265,875.2456014152183,1033.7015464053675,4088,5859.426,3.137896,815.37744,0.35986078,7475.469,4.056505,0,,,,,875.2456014152183,0.0007298164,1033.7015464053675,0.00072987715,-0.040117096,-0.05784213
0.9964894,0.0005407824,0,0.0033854782,875.2464923398039,1033.7028844936772,4089,5856.31,3.13763,815.71484,0.35969517,7473.48,4.0557647,0,,,,,875.2464923398039,0.0007295126,1033.7028844936772,0.0007298918,-0.0400435,-0.057384137
0.9970161,0.0005407666,0,0.0033859299,875.2459508122081,1033.7014033752653,4090,5859.9463,3.137702,815.8731,0.3595192,7477.4297,4.055646,0,,,,,875.2459508122081,0.00073000614,1033.7014033752653,0.0007300011,-0.040100038,-0.057382476
0.99757826,0.00054077135,0,0.003386381,875.2461653607118,1033.7022251338308,4091,5863.2305,3.137402,816.7154,0.3591315,7481.646,4.0556817,0,,,,,875.2461653607118,0.0007289147,1033.7022251338308,0.0007290195,-0.04015115,-0.057405796
0.9991438,0.00054084306,0,0.003386832,875.2469185709215,1033.702330674888,4092,5871.0264,3.1379802,816.64465,0.35949486,7493.387,4.0562196,0,,,,,875.2469185709215,0.00072811026,1033.702330674888,0.0007282586,-0.039953593,-0.05710164
0.99914014,0.00054092635,0,0.0033872826,875.2454377420804,1033.7025465115419,4093,5872.3774,3.1382563,816.687,0.3594984,7493.36,4.056844,0,,,,,875.2454377420804,0.0007286251,1033.7025465115419,0.00072867435,-0.040083207,-0.057149824
0.9999141,0.0005411051,0,0.003387733,875.2465446970075,1033.7018482414487,4094,5876.7715,3.1395974,816.37054,0.359534,7499.1646,4.0581846,0,,,,,875.2465446970075,0.000728066,1033.7018482414487,0.00072832266,-0.03984473,-0.057105146
0.99949116,0.0005412855,0,0.003388183,875.2452309930849,1033.7028138325925,4095,5874.0884,3.1409533,816.68097,0.35980037,7495.992,4.0595374,0,,,,,875.2452309930849,0.00072912645,1033.7028138325925,0.00072958594,-0.039723475,-0.057028025
0.9988651,0.0005412498,0,0.0033886328,875.2472774825071,1033.7013215370016,4096,5871.2466,3.1404343,815.54065,0.360111,7491.2974,4.05927,0,,,,,875.2472774825071,0.00072889257,1033.7013215370016,0.0007294807,-0.03991236,-0.0570651
0.9997268,0.0005410724,0,0.0033890824,875.2471517547725,1033.7025816563219,4097,5875.1665,3.1396487,815.488,0.3597536,7497.7593,4.0579395,0,,,,,875.2471517547725,0.0007279743,1033.7025816563219,0.00072835403,-0.039652735,-0.05671918
0.99996555,0.0005410922,0,0.0033895315,875.247393453009,1033.7042477667142,4098,5876.8604,3.1394722,815.32294,0.36012435,7499.5503,4.058088,0,,,,,875.247393453009,0.0007281545,1033.7042477667142,0.0007285557,-0.039672263,-0.05671417
0.9998334,0.00054101774,0,0.0033899804,875.2478858125914,1033.7033058381207,4099,5876.69,3.1389596,815.73914,0.35990065,7498.559,4.0575294,0,,,,,875.2478858125914,0.00072771485,1033.7033058381207,0.00072793645,-0.039625913,-0.056759905
0.9991582,0.0005408409,0,0.003390429,875.2458620623421,1033.703663323352,4100,5870.9033,3.1382213,816.218,0.3597449,7493.495,4.0562034,0,,,,,875.2458620623421,0.000728756,1033.703663323352,0.00072894373,-0.039672006,-0.056243725
0.99961877,0.00054097566,0,0.0033908773,875.247406719714,1033.703207949904,4101,5874.6035,3.1385598,816.47266,0.3592795,7496.949,4.057214,0,,,,,875.247406719714,0.0007284278,1033.703207949904,0.00072871137,-0.039894193,-0.05649693
0.9990705,0.0005409339,0,0.0033913255,875.2461680266434,1033.704205375706,4102,5871.241,3.1385283,817.15344,0.35945937,7492.838,4.056901,0,,,,,875.2461680266434,0.0007282884,1033.704205375706,0.0007286384,-0.039740346,-0.0563339
0.9984488,0.00054095814,0,0.0033917732,875.2471629413776,1033.7030697848793,4103,5867.278,3.138883,816.22906,0.3602266,7488.175,4.0570827,0,,,,,875.2471629413776,0.00072845904,1033.7030697848793,0.00072874664,-0.039626237,-0.056125846
0.99919415,0.0005411538,0,0.0033922207,875.2481232166825,1033.7014409560095,4104,5872.823,3.139912,815.9472,0.35964203,7493.7646,4.05855,0,,,,,875.2481232166825,0.0007272559,1033.7014409560095,0.0007277821,-0.03956656,-0.05603111
0.99940866,0.00054110127,0,0.0033926677,875.2476764313808,1033.7030882100885,4105,5873.293,3.139659,815.89136,0.35994196,7495.3735,4.058156,0,,,,,875.2476764313808,0.00072781544,1033.7030882100885,0.00072826265,-0.039426662,-0.05609669
0.999921,0.0005410611,0,0.0033931148,875.2478828303568,1033.7032808201484,4106,5876.36,3.139426,816.03906,0.35947335,7499.2163,4.0578547,0,,,,,875.2478828303568,0.00072688295,1033.7032808201484,0.0007272431,-0.039551564,-0.055994563
1.0006477,0.0005411531,0,0.0033935613,875.2469489761733,1033.7031414779447,4107,5881.0366,3.1398056,815.82806,0.3603048,7504.666,4.0585446,0,,,,,875.2469489761733,0.00072711764,1033.7031414779447,0.0007273675,-0.039547753,-0.055794068
1.0015626,0.0005411986,0,0.0033940077,875.2477590014389,1033.704308254196,4108,5884.7153,3.1400564,815.7172,0.3598524,7511.528,4.058886,0,,,,,875.2477590014389,0.0007267629,1033.704308254196,0.00072728575,-0.0394096,-0.055615038
1.0001721,0.0005410406,0,0.0033944536,875.2469651089127,1033.703709043004,4109,5877.824,3.139281,816.1298,0.36028972,7501.0996,4.057701,0,,,,,875.2469651089127,0.0007279187,1033.703709043004,0.0007282013,-0.039317667,-0.05563158
1.001113,0.00054122525,0,0.0033948992,875.2469300993098,1033.7036076919417,4110,5883.0503,3.1398618,818.20575,0.36025396,7508.1562,4.059086,0,,,,,875.2469300993098,0.0007270764,1033.7036076919417,0.00072738127,-0.039145503,-0.05565668
1.0007485,0.00054126873,8320,0.0033953448,875.2464477593054,1033.7046002282668,4111,5879.2,3.1406128,817.4695,0.35955364,7505.4224,4.059412,8320,,,,,875.2464477593054,0.0007277206,1033.7046002282668,0.00072808034,-0.039507292,-0.05535967
1.000006,0.0005412047,0,0.0033957898,875.247313609299,1033.704038290243,4112,5876.6504,3.1397288,818.77374,0.35962045,7499.8535,4.058932,0,,,,,875.247313609299,0.0007275804,1033.704038290243,0.00072809437,-0.039289743,-0.055400696
1.0003554,0.0005410837,0,0.0033962347,875.246718807283,1033.7039904177718,4113,5878.121,3.139497,816.734,0.35975084,7502.4736,4.058024,0,,,,,875.246718807283,0.0007271702,1033.7039904177718,0.0007275938,-0.039129186,-0.055105824
0.99977773,0.00054103317,0,0.0033966792,875.2468219617967,1033.702768543455,4114,5874.428,3.1390362,817.47064,0.359406,7498.1416,4.0576453,0,,,,,875.2468219617967,0.00072776293,1033.702768543455,0.0007279958,-0.039163794,-0.05511705
1.0001302,0.0005410847,0,0.0033971234,875.2473989716182,1033.7043685064154,4115,5877.3057,3.1394527,817.3345,0.3600334,7500.7847,4.0580316,0,,,,,875.2473989716182,0.0007276569,1033.7043685064154,0.0007281035,-0.039200846,-0.05512651
1.0010089,0.0005411632,0,0.0033975674,875.2493471740954,1033.7038225464619,4116,5881.2725,3.139957,816.02014,0.3601398,7507.375,4.0586205,0,,,,,875.2493471740954,0.00072707416,1033.7038225464619,0.00072784536,-0.03911637,-0.05465471
1.0009236,0.00054122525,0,0.0033980112,875.2479065882426,1033.7041717459738,4117,5881.17,3.1403253,817.5299,0.35939574,7506.736,4.059086,0,,,,,875.2479065882426,0.0007267739,1033.7041717459738,0.0007273019,-0.039108343,-0.054792926
1.001153,0.00054117694,0,0.0033984545,875.24734981237,1033.7037785508387,4118,5882.9136,3.1401381,816.4293,0.35959363,7508.4556,4.0587234,0,,,,,875.24734981237,0.00072680844,1033.7037785508387,0.00072726153,-0.039071687,-0.054750517
0.99971586,0.0005410221,8192,0.0033988976,875.2476637900572,1033.705608627149,4119,5872.6626,3.139553,818.21155,0.35957676,7497.6777,4.0575624,8192,,,,,875.2476637900572,0.0007284384,1033.705608627149,0.0007291278,-0.039093293,-0.05439022
1.0007504,0.00054115406,0,0.0033993404,875.2467704675518,1033.70377164942,4120,5880.422,3.1399772,816.69617,0.35982132,7505.437,4.058552,0,,,,,875.2467704675518,0.0007268817,1033.70377164942,0.00072740525,-0.038854394,-0.054722317
0.9996653,0.0005410044,0,0.003399783,875.2470550601086,1033.704483464598,4121,5873.2954,3.1387956,817.6163,0.3602872,7497.2983,4.0574293,0,,,,,875.2470550601086,0.000728225,1033.704483464598,0.0007286742,-0.03915381,-0.054348484
0.9999726,0.0005408796,0,0.0034002252,875.246769834896,1033.7029970220499,4122,5874.144,3.1384702,817.4024,0.3597985,7499.603,4.0564938,0,,,,,875.246769834896,0.0007276787,1033.7029970220499,0.00072784437,-0.038949125,-0.053981077
0.99998575,0.00054098497,0,0.003400667,875.2471687743425,1033.7043778830707,4123,5875.415,3.1388845,817.4926,0.3603776,7499.7017,4.057284,0,,,,,875.2471687743425,0.0007268485,1033.7043778830707,0.0007272216,-0.03909744,-0.05402768
1.0005381,0.0005411795,0,0.0034011088,875.2473121487301,1033.7043502091778,4124,5877.7266,3.1398132,817.06586,0.36008725,7503.844,4.0587425,0,,,,,875.2473121487301,0.0007269842,1033.7043502091778,0.0007276215,-0.03911779,-0.053750906
1.00077,0.00054132275,0,0.0034015502,875.2478936000741,1033.7035158049162,4125,5879.3833,3.140897,816.8021,0.35947543,7505.583,4.059817,0,,,,,875.2478936000741,0.00072698423,1033.7035158049162,0.0007278904,-0.039023064,-0.053798947
1.0007048,0.00054138905,0,0.0034019912,875.2466667814722,1033.7055993846157,4126,5879.5034,3.1414633,816.5669,0.35952157,7505.094,4.060314,0,,,,,875.2466667814722,0.0007276799,1033.7055993846157,0.0007286114,-0.039000373,-0.053556234
1.0001504,0.0005410846,0,0.003402432,875.2472958314042,1033.704370722734,4127,5874.8564,3.1401713,817.4298,0.3595587,7500.937,4.058031,0,,,,,875.2472958314042,0.0007276026,1033.704370722734,0.0007281842,-0.03909301,-0.053322915
1.0002184,0.0005410634,0,0.0034028725,875.2483821013053,1033.7053180790117,4128,5876.3335,3.139711,817.63995,0.35963836,7501.447,4.057872,0,,,,,875.2483821013053,0.00072839065,1033.7053180790117,0.00072914606,-0.039003372,-0.053459484
1.0016539,0.0005417065,128,0.0034033125,875.2473446453623,1033.7058452585861,4129,5884.936,3.1432135,817.5314,0.35913748,7512.213,4.062695,128,,,,,875.2473446453623,0.00072763633,1033.7058452585861,0.00072832435,-0.038982123,-0.053377163
1.0013119,0.0005410709,0,0.0034037526,875.2484465646894,1033.7053483985997,4130,5881.669,3.1393816,816.7816,0.3599972,7509.6475,4.057928,0,,,,,875.2484465646894,0.0007268399,1033.7053483985997,0.0007274522,-0.03882801,-0.053017404
1.0009066,0.00054110267,0,0.0034041922,875.2465949911859,1033.7054288504614,4131,5880.3716,3.1393168,816.8836,0.36033022,7506.6074,4.0581665,0,,,,,875.2465949911859,0.0007272258,1033.7054288504614,0.0007276106,-0.038863886,-0.05327614
1.001531,0.00054107973,0,0.0034046315,875.2480429072278,1033.704563838587,4132,5883.1016,3.1397014,816.36835,0.35979444,7511.291,4.0579944,0,,,,,875.2480429072278,0.0007268129,1033.704563838587,0.00072741834,-0.038898714,-0.052968666
1.001428,0.00054119254,0,0.0034050704,875.2469377495921,1033.7058154754773,4133,5882.724,3.1403248,816.6473,0.35953674,7510.5186,4.0588403,0,,,,,875.2469377495921,0.00072671677,1033.7058154754773,0.000727412,-0.03864268,-0.052835353
1.0002156,0.0005412488,0,0.003405509,875.2463390008818,1033.706417865058,4134,5876.4507,3.1406403,817.32996,0.35961056,7501.4263,4.0592628,0,,,,,875.2463390008818,0.00072811893,1033.706417865058,0.0007289156,-0.03895107,-0.05266384
1.0012921,0.00054126227,0,0.0034059477,875.2467751748868,1033.7051030122975,4135,5881.748,3.1410327,817.9374,0.35973617,7509.499,4.0593634,0,,,,,875.2467751748868,0.00072739745,1033.7051030122975,0.00072824344,-0.03862232,-0.052576277
1.0004036,0.00054114027,0,0.0034063857,875.2468262345758,1033.7059251974947,4136,5877.546,3.1399906,817.3489,0.35958737,7502.836,4.0584483,0,,,,,875.2468262345758,0.00072730595,1033.7059251974947,0.0007279382,-0.038512763,-0.052722413
1.0000058,0.00054102764,0,0.0034068236,875.247741909776,1033.706535395315,4137,5875.2095,3.1392472,817.25305,0.35965508,7499.8525,4.057604,0,,,,,875.247741909776,0.00072756055,1033.706535395315,0.0007282503,-0.038882565,-0.052634392
1.000468,0.00054102077,0,0.003407261,875.2467918117441,1033.7067365105827,4138,5876.1934,3.1392696,817.0963,0.3593195,7503.319,4.0575523,0,,,,,875.2467918117441,0.0007275193,1033.7067365105827,0.00072820915,-0.0385614,-0.05220179
1.0007906,0.0005410176,0,0.0034076984,875.2484571257324,1033.7059481803717,4139,5878.905,3.1393325,817.3098,0.35954407,7505.738,4.0575285,0,,,,,875.2484571257324,0.00072720833,1033.7059481803717,0.0007279938,-0.03871682,-0.052401103
1.000435,0.00054093334,0,0.0034081354,875.2490762134439,1033.7062418853022,4140,5876.728,3.1389654,816.2978,0.35976478,7503.0713,4.0568967,0,,,,,875.2490762134439,0.0007273017,1033.7062418853022,0.000728115,-0.038632963,-0.052187376
1.0014119,0.0005410494,0,0.0034085722,875.2480463681746,1033.7055273916485,4141,5881.472,3.1395826,816.45715,0.35955626,7510.3975,4.057767,0,,,,,875.2480463681746,0.0007271907,1033.7055273916485,0.0007278694,-0.038609266,-0.05202134
1.0013852,0.00054120034,0,0.0034090085,875.246685975774,1033.7059277532917,4142,5882.553,3.1400585,816.5542,0.35998657,7510.1978,4.058899,0,,,,,875.246685975774,0.00072658644,1033.7059277532917,0.0007271595,-0.038574524,-0.05204425
1.0004429,0.0005411487,0,0.0034094446,875.2489303231612,1033.7054691798041,4143,5875.7783,3.1396642,817.1297,0.35949373,7503.1304,4.0585117,0,,,,,875.2489303231612,0.0007274309,1033.7054691798041,0.0007280978,-0.038635023,-0.051837184
1.0004911,0.0005410053,0,0.0034098804,875.2475878214163,1033.7059677389238,4144,5876.266,3.1393707,816.6157,0.3592942,7503.492,4.057436,0,,,,,875.2475878214163,0.00072684005,1033.7059677389238,0.00072758546,-0.038532656,-0.051802192
1.0006522,0.00054105616,0,0.0034103158,875.248944113958,1033.707193815698,4145,5877.518,3.1393604,816.56177,0.3593907,7504.7,4.0578175,0,,,,,875.248944113958,0.00072685856,1033.707193815698,0.0007278707,-0.038448825,-0.05175503
1.0011292,0.0005410827,0,0.003410751,875.2476494011868,1033.7068809673337,4146,5879.198,3.1396434,816.56384,0.3596819,7508.277,4.058017,0,,,,,875.2476494011868,0.00072751555,1033.7068809673337,0.0007282875,-0.038480774,-0.05139203
0.9999632,0.00054104475,0,0.003411186,875.248837925189,1033.7059491305515,4147,5873.077,3.139325,817.1441,0.35988724,7499.5327,4.057732,0,,,,,875.248837925189,0.00072704634,1033.7059491305515,0.00072788243,-0.038381364,-0.05157197
1.0006903,0.000541052,0,0.0034116206,875.2496335896444,1033.7066773914917,4148,5877.017,3.139497,815.5034,0.35971737,7504.9863,4.0577865,0,,,,,875.2496335896444,0.0007259786,1033.7066773914917,0.00072699896,-0.038526863,-0.051198054
1.001217,0.00054108276,0,0.0034120549,875.247174572707,1033.7069255824435,4149,5878.962,3.139744,816.6053,0.35965756,7508.936,4.0580173,0,,,,,875.247174572707,0.00072698906,1033.7069255824435,0.00072776986,-0.03844524,-0.051045712
0.9999677,0.00054103,0,0.003412489,875.2481722723495,1033.70824625147,4150,5873.174,3.139408,816.3935,0.35960782,7499.5664,4.0576215,0,,,,,875.2481722723495,0.00072719675,1033.70824625147,0.0007282714,-0.038378797,-0.051359177
1.0011046,0.0005410692,0,0.0034129228,875.2476128984642,1033.7061211569292,4151,5879.0933,3.1394868,816.9168,0.36001545,7508.0933,4.057915,0,,,,,875.2476128984642,0.0007269815,1033.7061211569292,0.00072768424,-0.038084734,-0.051527373
1.0017447,0.000541009,0,0.0034133561,875.2494063631259,1033.7070376618099,4152,5881.959,3.1392643,816.448,0.35923746,7512.8936,4.057464,0,,,,,875.2494063631259,0.0007268618,1033.7070376618099,0.0007277776,-0.0381446,-0.05118454
1.0008692,0.0005409945,0,0.0034137894,875.2483310682971,1033.705917758417,4153,5877.814,3.1388693,815.7397,0.35987794,7506.327,4.0573554,0,,,,,875.2483310682971,0.00072604924,1033.705917758417,0.00072677084,-0.038337518,-0.05102718
1.0009325,0.0005410854,0,0.0034142223,875.248404574975,1033.7068648890804,4154,5877.016,3.1395535,817.1815,0.35965183,7506.802,4.058037,0,,,,,875.248404574975,0.00072718324,1033.7068648890804,0.0007279417,-0.038159538,-0.05054876
1.0002513,0.0005410889,0,0.0034146549,875.2495231344332,1033.7073958085762,4155,5873.2505,3.1396906,815.654,0.3589214,7501.6934,4.0580635,0,,,,,875.2495231344332,0.00072695804,1033.7073958085762,0.0007281222,-0.038264275,-0.05027324
1.0002047,0.0005412502,0,0.0034150872,875.248167367732,1033.7070247740069,4156,5873.648,3.1405067,816.29956,0.35982785,7501.3438,4.0592732,0,,,,,875.248167367732,0.00072784256,1033.7070247740069,0.000728842,-0.038313404,-0.050466496
1.00123,0.00054122054,0,0.0034155191,875.2496045225441,1033.7068695065634,4157,5878.37,3.140427,817.1502,0.35952,7509.0337,4.0590506,0,,,,,875.2496045225441,0.0007264923,1033.7068695065634,0.0007276652,-0.03797699,-0.050334368
1.0009056,0.0005411515,0,0.0034159508,875.2474631873831,1033.7080358934713,4158,5877.6816,3.1398864,817.29803,0.35914785,7506.6006,4.0585327,0,,,,,875.2474631873831,0.00072774396,1033.7080358934713,0.00072867866,-0.038156252,-0.050426234
1.0014553,0.00054106466,0,0.0034163822,875.2482633859104,1033.7081265078373,4159,5880.8516,3.13957,816.7666,0.35914767,7510.723,4.0578814,0,,,,,875.2482633859104,0.0007265621,1033.7081265078373,0.00072746805,-0.038003694,-0.05053571
1.0004297,0.00054091914,0,0.0034168134,875.248924709555,1033.7092643259612,4160,5873.6216,3.1384928,816.98065,0.35958797,7503.0312,4.05679,0,,,,,875.248924709555,0.00072760676,1033.7092643259612,0.0007286976,-0.03803253,-0.049885027
1.0008707,0.00054097385,0,0.0034172442,875.2489266967387,1033.7078116627627,4161,5877.337,3.1385515,816.2531,0.35970312,7506.3384,4.0572004,0,,,,,875.2489266967387,0.0007268821,1033.7078116627627,0.00072781614,-0.038043372,-0.05006094
0.9991121,0.0005407895,0,0.0034176747,875.2486265108753,1033.7091855332694,4162,5866.306,3.1379304,816.8621,0.35920253,7493.15,4.0558176,0,,,,,875.2486265108753,0.0007287594,1033.7091855332694,0.0007298576,-0.038079534,-0.04985538
1.0006162,0.00054108753,0,0.003418105,875.2481018271719,1033.7090047537986,4163,5875.0547,3.139335,816.2132,0.3594078,7504.4297,4.058053,0,,,,,875.2481018271719,0.000726556,1033.7090047537986,0.0007277734,-0.037764393,-0.049839303
0.9998512,0.00054112624,0,0.0034189646,875.2482859124752,1033.708674462514,4165,5869.4155,3.139979,815.9281,0.359387,7498.693,4.0583434,0,,,,,875.2482859124752,0.000728096,1033.708674462514,0.0007293163,-0.037757803,-0.04941077
0.99982136,0.0005410542,0,0.003419394,875.2479799860755,1033.7087441062054,4166,5870.1006,3.139229,816.7648,0.35961977,7498.4688,4.0578027,0,,,,,875.2479799860755,0.00072890194,1033.7087441062054,0.0007300366,-0.037811287,-0.04958021
1.0000765,0.0005410069,0,0.003419823,875.2488921521556,1033.7079673288088,4167,5871.9053,3.1390345,816.68774,0.3593526,7500.3823,4.0574484,0,,,,,875.2488921521556,0.00072828494,1033.7079673288088,0.00072931056,-0.037836716,-0.049702685
1.0001692,0.0005409156,0,0.0034202517,875.2509729538425,1033.7081168846207,4168,5870.7666,3.138419,815.6314,0.35936087,7501.077,4.056763,0,,,,,875.2509729538425,0.0007266303,1033.7081168846207,0.0007277959,-0.03776173,-0.04917428
1.0002106,0.0005409386,0,0.0034206803,875.2502841944206,1033.7085008952085,4169,5872.2637,3.1385794,815.73236,0.35967493,7501.388,4.056936,0,,,,,875.2502841944206,0.000727352,1033.7085008952085,0.0007284523,-0.037640125,-0.049459286
1.0000526,0.00054087077,0,0.0034211085,875.2499019552858,1033.7083905560917,4170,5870.9434,3.1381097,815.8662,0.35963747,7500.2026,4.056427,0,,,,,875.2499019552858,0.00072741264,1033.7083905560917,0.00072851544,-0.037927337,-0.049198095
1.0004821,0.0005409138,0,0.0034215364,875.2493648563027,1033.7097563081109,4171,5872.66,3.138576,816.401,0.35970265,7503.424,4.05675,0,,,,,875.2493648563027,0.00072680746,1033.7097563081109,0.00072800525,-0.037872553,-0.048738554
1.0008281,0.00054101966,0,0.003421964,875.2502037405586,1033.7088729077418,4172,5875.5073,3.1393154,816.6405,0.35960448,7506.0195,4.0575438,0,,,,,875.2502037405586,0.00072682096,1033.7088729077418,0.00072807464,-0.03771906,-0.048593625
0.999724,0.00054099614,0,0.0034223911,875.2493778261262,1033.7082126898536,4173,5867.9766,3.1390648,816.65326,0.35905004,7497.7383,4.0573673,0,,,,,875.2493778261262,0.00072775804,1033.7082126898536,0.0007289006,-0.037869748,-0.048593424
1.0003823,0.0005410436,0,0.0034228181,875.2483944307305,1033.7096744687487,4174,5871.4355,3.139184,816.16565,0.3590683,7502.676,4.0577235,0,,,,,875.2483944307305,0.00072712655,1033.7096744687487,0.00072837743,-0.037869517,-0.048529718
0.99985456,0.00054101244,0,0.003423245,875.249288355835,1033.7102177994116,4175,5869.36,3.1387763,815.885,0.360016,7498.718,4.05749,0,,,,,875.249288355835,0.0007277517,1033.7102177994116,0.0007290925,-0.037803456,-0.048484355
1.0005957,0.000540976,0,0.0034236712,875.2477984187939,1033.710979564742,4176,5872.471,3.1388931,816.69025,0.35925397,7504.276,4.0572166,0,,,,,875.2477984187939,0.0007275134,1033.710979564742,0.00072873395,-0.037853427,-0.047800906
1.0000538,0.000540918,0,0.0034240976,875.2483577505694,1033.708598907738,4177,5870.023,3.138836,816.3359,0.35931993,7500.212,4.0567813,0,,,,,875.2483577505694,0.00072793255,1033.708598907738,0.00072902645,-0.037669893,-0.048232388
0.99979985,0.0005408809,0,0.0034245234,875.2486585781899,1033.709591095842,4178,5869.038,3.13854,815.035,0.35974872,7498.3076,4.0565033,0,,,,,875.2486585781899,0.00072854984,1033.709591095842,0.00072970416,-0.037674833,-0.048045427
1.0007975,0.00054092705,0,0.0034249488,875.2498896307645,1033.7105523481819,4179,5873.4795,3.1389103,817.3424,0.35895312,7505.79,4.0568495,0,,,,,875.2498896307645,0.00072798564,1033.7105523481819,0.000729333,-0.03749065,-0.04763858
1.0012606,0.00054104545,0,0.0034253742,875.2469475601619,1033.709029626052,4180,5877.55,3.1396487,816.07477,0.35903588,7509.2627,4.0577374,0,,,,,875.2469475601619,0.00072689494,1033.709029626052,0.00072788494,-0.037707835,-0.047914814
0.9997558,0.0005409108,0,0.003425799,875.2496326094305,1033.709825592166,4181,5868.349,3.1385102,815.99164,0.3595855,7497.977,4.0567274,0,,,,,875.2496326094305,0.00072787056,1033.709825592166,0.00072921196,-0.0376466,-0.04775829
1.0000907,0.0005408226,0,0.0034262238,875.2483675043222,1033.7097784109574,4182,5869.3413,3.138112,816.2016,0.35924876,7500.489,4.056066,0,,,,,875.2483675043222,0.0007277936,1033.7097784109574,0.0007289888,-0.037811443,-0.047139145
0.9994567,0.00054078497,0,0.003426648,875.250184175072,1033.7100078435983,4183,5866.345,3.137796,816.637,0.35948715,7495.734,4.0557837,0,,,,,875.250184175072,0.0007277242,1033.7100078435983,0.0007289972,-0.037841074,-0.047287222
1.0003833,0.00054087205,0,0.0034270722,875.250584244752,1033.7100914739472,4184,5870.8037,3.1385126,814.61383,0.35978708,7502.683,4.056437,0,,,,,875.250584244752,0.00072687835,1033.7100914739472,0.00072825985,-0.03778252,-0.047093738
1.000388,0.0005410761,0,0.003427496,875.2492788109072,1033.7086487512213,4185,5871.1396,3.1393852,816.52924,0.3594073,7502.7188,4.057967,0,,,,,875.2492788109072,0.00072769995,1033.7086487512213,0.0007289231,-0.037742354,-0.04725995
0.99947435,0.0005410979,0,0.0034279192,875.2488819781889,1033.7101673236566,4186,5866.136,3.1395173,817.16223,0.35982686,7495.866,4.0581307,0,,,,,875.2488819781889,0.00072863715,1033.7101673236566,0.0007300075,-0.037690498,-0.04715135
1.0005158,0.0005411033,0,0.0034283425,875.2479800801461,1033.7100021720748,4187,5871.268,3.139861,817.4354,0.35973403,7503.6772,4.0581713,0,,,,,875.2479800801461,0.00072682084,1033.7100021720748,0.0007282952,-0.037554335,-0.04691211
0.999329,0.00054095354,0,0.0034287653,875.2486384108464,1033.7092833334837,4188,5865.1626,3.1388266,816.6031,0.35922396,7494.776,4.057048,0,,,,,875.2486384108464,0.0007285612,1033.7092833334837,0.00072978594,-0.037594438,-0.04682782
1.0005144,0.00054099015,0,0.003429188,875.2492408395638,1033.7104546864862,4189,5871.7305,3.1388154,816.4713,0.35935616,7503.6665,4.0573225,0,,,,,875.2492408395638,0.0007273096,1033.7104546864862,0.0007286057,-0.037500463,-0.04687419
1.0009439,0.00054091634,0,0.0034296103,875.2489921919529,1033.7107484691344,4190,5873.3877,3.1385527,815.6657,0.35998166,7506.8877,4.056769,0,,,,,875.2489921919529,0.0007267137,1033.7107484691344,0.0007280768,-0.0374322,-0.046670977
1.0004011,0.0005408671,0,0.0034300324,875.249938642638,1033.712098838943,4191,5871.2334,3.1380575,815.68494,0.35943568,7502.817,4.0564,0,,,,,875.249938642638,0.0007268546,1033.712098838943,0.00072830106,-0.037599977,-0.04646497
1.0011195,0.00054089114,0,0.003430454,875.2486167859486,1033.7116026797294,4192,5874.577,3.138552,815.9494,0.36011305,7508.2046,4.05658,0,,,,,875.2486167859486,0.00072648114,1033.7116026797294,0.00072780106,-0.03749807,-0.04637289
1.0004485,0.0005409817,0,0.0034308755,875.2490232923171,1033.7094260616136,4193,5870.834,3.1388657,816.07007,0.36001498,7503.172,4.057259,0,,,,,875.2490232923171,0.0007271585,1033.7094260616136,0.0007285292,-0.03734776,-0.046398442
0.99941176,0.0005411441,0,0.0034312964,875.2494576887752,1033.710488856338,4194,5866.1094,3.1396472,816.5941,0.35965917,7495.397,4.0584774,0,,,,,875.2494576887752,0.00072847283,1033.710488856338,0.0007300266,-0.036928274,-0.047157668
1.0001191,0.0005411695,0,0.0034317174,875.2493798274029,1033.7100588746919,4195,5868.4985,3.1401505,816.2539,0.35921928,7500.7017,4.0586677,0,,,,,875.2493798274029,0.0007280653,1033.7100588746919,0.0007296213,-0.037081446,-0.046520438
1.000081,0.00054116896,0,0.003432138,875.2495252682158,1033.7118902748055,4196,5869.1523,3.1394396,815.8051,0.36043897,7500.416,4.058664,0,,,,,875.2495252682158,0.000726985,1033.7118902748055,0.00072860054,-0.037363693,-0.04645234
1.00111,0.00054111384,0,0.0034325582,875.2517795023928,1033.7113788710662,4197,5875.5713,3.1393418,815.3158,0.3596832,7508.1333,4.0582504,0,,,,,875.2517795023928,0.0007260465,1033.7113788710662,0.00072773,-0.03714335,-0.04604821
1.0003595,0.0005408888,0,0.003432978,875.2495540574483,1033.7120189821012,4198,5869.138,3.1383882,816.1701,0.35917166,7502.505,4.0565624,0,,,,,875.2495540574483,0.00072723563,1033.7120189821012,0.00072857254,-0.037322715,-0.045604516
1.0007665,0.000540901,0,0.0034333977,875.2493161961411,1033.7128746694093,4199,5872.401,3.1386733,816.49316,0.35945237,7505.5576,4.056654,0,,,,,875.2493161961411,0.00072711887,1033.7128746694093,0.0007286097,-0.037431035,-0.045553226
1.0006943,0.0005409595,0,0.003433817,875.2498334996579,1033.710379188126,4200,5872.2026,3.138465,816.6009,0.3589921,7505.0156,4.0570927,0,,,,,875.2498334996579,0.0007271417,1033.710379188126,0.00072845485,-0.037254557,-0.045874353
1.000194,0.0005409038,0,0.0034342362,875.2498736814363,1033.7105190197058,4201,5868.838,3.1381195,815.2348,0.35959595,7501.263,4.056675,0,,,,,875.2498736814363,0.00072808063,1033.7105190197058,0.0007294832,-0.036919005,-0.045907915
1.000378,0.00054101576,0,0.0034346548,875.2500641459199,1033.7105180345961,4202,5870.8423,3.1386428,815.85333,0.3594104,7502.644,4.0575147,0,,,,,875.2500641459199,0.00072739844,1033.7105180345961,0.00072892656,-0.03687488,-0.045894552
1.0003698,0.00054108276,0,0.0034350734,875.2493892045013,1033.7106495796595,4203,5870.1743,3.139244,816.12177,0.35902476,7502.5815,4.0580173,0,,,,,875.2493892045013,0.00072757946,1033.7106495796595,0.00072906906,-0.036995586,-0.04565888
0.9998719,0.0005411192,0,0.0034354916,875.2494002568283,1033.7120153928695,4204,5867.3706,3.1391537,816.1334,0.359667,7498.848,4.0582905,0,,,,,875.2494002568283,0.0007280238,1033.7120153928695,0.0007295844,-0.03689442,-0.045612372
1.0013973,0.00054130243,128,0.0034359093,875.2512824835824,1033.7094463299377,4205,5876.7266,3.1405945,815.5706,0.3590126,7510.2876,4.0596647,128,,,,,875.2512824835824,0.0007261096,1033.7094463299377,0.0007277821,-0.036823057,-0.04584889
1.0009992,0.0005410292,0,0.003436327,875.2504364987856,1033.7110050907327,4206,5873.699,3.1389208,815.6059,0.35975203,7507.3027,4.0576153,0,,,,,875.2504364987856,0.00072680396,1033.7110050907327,0.00072851375,-0.03682228,-0.045742974
1.000121,0.00054103305,0,0.0034367442,875.250230359468,1033.7103000706575,4207,5868.9775,3.138654,816.6013,0.35934255,7500.7163,4.0576444,0,,,,,875.250230359468,0.0007275524,1033.7103000706575,0.0007290183,-0.03692704,-0.045569524
1.0007827,0.00054099975,0,0.0034371612,875.2504534940638,1033.711597970137,4208,5873.221,3.1386907,814.9202,0.35963437,7505.6787,4.0573945,0,,,,,875.2504534940638,0.0007262384,1033.711597970137,0.0007278063,-0.036797453,-0.045279466
1.0001374,0.00054085895,0,0.003437578,875.2489286938549,1033.710753666906,4209,5868.204,3.1382167,816.6153,0.35972878,7500.84,4.056339,0,,,,,875.2489286938549,0.00072761066,1033.710753666906,0.00072897284,-0.036721133,-0.045386348
0.9995818,0.00054095493,0,0.0034379943,875.2500780180407,1033.7120171853476,4210,5866.001,3.138641,817.15924,0.3597822,7496.6724,4.0570583,0,,,,,875.2500780180407,0.0007279143,1033.7120171853476,0.0007294027,-0.036852423,-0.04518979
1.0006236,0.00054103136,0,0.0034384103,875.2497467880838,1033.712655266159,4211,5872.0576,3.1389658,815.6178,0.35976118,7504.4854,4.0576315,0,,,,,875.2497467880838,0.00072799966,1033.712655266159,0.0007296604,-0.036810815,-0.04517793
1.0005045,0.0005409732,0,0.0034388262,875.2500417773882,1033.7120278628558,4212,5870.6353,3.1385703,816.5834,0.36001036,7503.592,4.0571957,0,,,,,875.2500417773882,0.000727879,1033.7120278628558,0.0007294888,-0.036762852,-0.044887487
1.0009619,0.0005409708,0,0.0034392416,875.2503967224956,1033.7109647028533,4213,5874.3936,3.138725,816.17395,0.35970035,7507.023,4.0571775,0,,,,,875.2503967224956,0.0007270103,1033.7109647028533,0.0007285241,-0.036847316,-0.045061097
1.0002923,0.00054091914,0,0.003439657,875.2500794150521,1033.7123997905903,4214,5869.6826,3.1385465,817.6914,0.3594171,7502.0005,4.05679,0,,,,,875.2500794150521,0.0007275852,1033.7123997905903,0.0007292445,-0.036761586,-0.045109745
0.99907845,0.0005408793,0,0.0034400718,875.2496828005775,1033.7121750404758,4215,5862.8354,3.1383393,816.35046,0.3597354,7492.897,4.0564914,0,,,,,875.2496828005775,0.00072766107,1033.7121750404758,0.0007292901,-0.036803722,-0.044794958
1.0005465,0.0005411745,0,0.0034404865,875.2486017918076,1033.7116889974832,4216,5871.821,3.1396625,815.93335,0.35958725,7503.9067,4.0587053,0,,,,,875.2486017918076,0.00072801136,1033.7116889974832,0.0007295671,-0.036693275,-0.045055237
1.0002704,0.0005410558,0,0.0034409007,875.2499511098063,1033.712815611674,4217,5869.2563,3.1393402,816.2615,0.35892424,7501.8364,4.057815,0,,,,,875.2499511098063,0.0007279977,1033.712815611674,0.0007297411,-0.03648491,-0.044543847
0.9999745,0.00054101873,0,0.0034413147,875.2507940251523,1033.7121508792611,4218,5868.4946,3.1389217,816.289,0.35968974,7499.617,4.057537,0,,,,,875.2507940251523,0.0007275702,1033.7121508792611,0.000729337,-0.036464754,-0.044667363
1.0004071,0.0005410035,0,0.0034417284,875.2510260991735,1033.7130108861525,4219,5871.0776,3.138975,816.4543,0.359521,7502.862,4.0574226,0,,,,,875.2510260991735,0.00072730106,1033.7130108861525,0.00072910957,-0.036425028,-0.04464523
1.0006009,0.000541002,128,0.003442142,875.254029068744,1033.7114727268,4220,5871.0425,3.13897,816.6329,0.35926273,7504.3154,4.0574117,128,,,,,875.254029068744,0.000725855,1033.7114727268,0.0007275021,-0.036355395,-0.044411175
0.99999195,0.0005404632,0,0.003442555,875.2501175179355,1033.7118590866385,4221,5868.918,3.1357985,816.4139,0.3594748,7499.748,4.0533705,0,,,,,875.2501175179355,0.0007274284,1033.7118590866385,0.00072882295,-0.036267657,-0.04461863
1.0010583,0.0005409406,0,0.0034429678,875.2502650171696,1033.7117304660064,4222,5875.011,3.1384857,816.43976,0.35957804,7507.746,4.056951,0,,,,,875.2502650171696,0.0007281351,1033.7117304660064,0.000729637,-0.036346357,-0.044675924
1.0005394,0.00054098526,0,0.0034433804,875.2483149806426,1033.7119729705798,4223,5871.187,3.1387231,816.2011,0.35934445,7503.854,4.057286,0,,,,,875.2483149806426,0.0007280947,1033.7119729705798,0.0007296077,-0.03627426,-0.044385076
0.9990479,0.0005410466,0,0.0034437927,875.2511938935695,1033.71130715016,4224,5863.568,3.139164,816.7298,0.35918924,7492.668,4.057746,0,,,,,875.2511938935695,0.00072874146,1033.71130715016,0.00073054276,-0.03614263,-0.044316344
0.9991019,0.0005411557,0,0.0034442046,875.2493393060156,1033.7129296061073,4225,5862.6973,3.1399224,816.7988,0.3588912,7493.0728,4.058564,0,,,,,875.2493393060156,0.00072780624,1033.7129296061073,0.0007297764,-0.036280554,-0.04386182
0.9995858,0.0005410988,8192,0.0034446162,875.2496990241345,1033.7108024697504,4226,5865.852,3.1393476,816.33435,0.35954905,7496.702,4.0581374,8192,,,,,875.2496990241345,0.0007274543,1033.7108024697504,0.00072905706,-0.03624548,-0.04397661
0.9976442,0.00054095534,128,0.0034450276,875.2505027736295,1033.7122092490733,4227,5854.5576,3.1382387,816.99133,0.358986,7482.1406,4.0570617,128,,,,,875.2505027736295,0.00072904275,1033.7122092490733,0.00073069445,-0.03637304,-0.043863926
0.9999812,0.00054072356,0,0.0034454386,875.2529648228478,1033.712700691483,4228,5867.2803,3.1374013,817.0043,0.3591306,7499.668,4.055323,0,,,,,875.2529648228478,0.0007271843,1033.712700691483,0.0007290633,-0.036191534,-0.043776304
0.9999729,0.0005405548,0,0.0034458495,875.2507658722614,1033.713057825211,4229,5868.431,3.136321,816.1799,0.35947198,7499.605,4.0540576,0,,,,,875.2507658722614,0.0007281968,1033.713057825211,0.00072982826,-0.036193974,-0.043364022
1.0009575,0.00054086436,0,0.00344626,875.2499416941378,1033.7139131819508,4230,5874.1475,3.1378484,815.93427,0.35953775,7506.9897,4.0563793,0,,,,,875.2499416941378,0.0007269545,1033.7139131819508,0.0007286396,-0.036165725,-0.043406174
1.0005281,0.000540614,0,0.00344667,875.2511254332379,1033.7126699722164,4231,5870.6313,3.136435,816.3215,0.35978225,7503.769,4.0545015,0,,,,,875.2511254332379,0.00072707643,1033.7126699722164,0.00072874146,-0.035890207,-0.04312598
0.9995626,0.0005405316,0,0.00344708,875.2512848006722,1033.7122830746082,4232,5865.9966,3.1361709,815.5648,0.35939395,7496.5283,4.0538836,0,,,,,875.2512848006722,0.0007277738,1033.7122830746082,0.0007293534,-0.035962272,-0.043551076
0.9999765,0.00054106646,0,0.0034474896,875.250966505332,1033.7123041390837,4233,5867.525,3.1392632,817.132,0.35892996,7499.6323,4.0578947,0,,,,,875.250966505332,0.00072827045,1033.7123041390837,0.0007300794,-0.03605446,-0.043281317
1.00054,0.0005411944,0,0.003447899,875.2514592902919,1033.7116593297064,4234,5870.0493,3.1398156,817.493,0.3590816,7503.859,4.0588546,0,,,,,875.2514592902919,0.00072710495,1033.7116593297064,0.0007288294,-0.0360104,-0.042874124
0.9992085,0.00054062187,0,0.0034483077,875.2500540983924,1033.7127903359738,4235,5863.5195,3.136571,816.1826,0.3595307,7493.8726,4.0545607,0,,,,,875.2500540983924,0.00072775513,1033.7127903359738,0.0007294677,-0.0359364,-0.04316959
0.9995577,0.00054057204,0,0.0034487164,875.2515870226174,1033.7121018190792,4236,5864.869,3.1362875,816.6678,0.3591383,7496.491,4.054187,0,,,,,875.2515870226174,0.0007279412,1033.7121018190792,0.0007297613,-0.035668276,-0.042901956
1.0002315,0.0005407975,0,0.0034491247,875.2522065432581,1033.713572356573,4237,5869.298,3.137736,815.2315,0.36000296,7501.5444,4.0558777,0,,,,,875.2522065432581,0.0007263898,1033.713572356573,0.0007282786,-0.03580476,-0.043034047
1.0010698,0.0005406981,0,0.003449533,875.2511887249111,1033.7135589522563,4238,5874.838,3.1370833,816.16034,0.35941046,7507.8315,4.0551324,0,,,,,875.2511887249111,0.0007276966,1033.7135589522563,0.0007294105,-0.03569803,-0.0428726
0.99993646,0.00054047996,0,0.0034499408,875.2507330049382,1033.7143944250897,4239,5866.5645,3.136046,816.63165,0.35942438,7499.332,4.0534964,0,,,,,875.2507330049382,0.0007282902,1033.7143944250897,0.0007301162,-0.035676956,-0.04261011
1.0010742,0.0005407397,0,0.0034503483,875.2511702994528,1033.7123471451712,4240,5874.584,3.1371202,816.1567,0.35999382,7507.8647,4.0554442,0,,,,,875.2511702994528,0.00072623946,1033.7123471451712,0.0007279491,-0.03569308,-0.042611465
0.99909514,0.00054057763,0,0.0034507555,875.2510578479838,1033.713372148491,4241,5862.8135,3.1363983,816.1893,0.3596447,7493.0225,4.054229,0,,,,,875.2510578479838,0.00072768424,1033.713372148491,0.0007294623,-0.03572122,-0.04230777
0.9969282,0.000540419,128,0.0034511623,875.2508043345823,1033.7153724041807,4242,5848.802,3.1355405,816.9236,0.35879862,7476.771,4.053039,128,,,,,875.2508043345823,0.00072948966,1033.7153724041807,0.0007314404,-0.03556099,-0.04216856
0.98827994,0.0005394751,0,0.003451569,875.2515877568076,1033.7149364557986,4243,5799.732,3.1297536,817.0598,0.35912657,7411.91,4.04596,0,,,,,875.2515877568076,0.0007360055,1033.7149364557986,0.00073798245,-0.035468128,-0.042286478
0.97357446,0.0005380006,0,0.0034519753,875.2493386738895,1033.7151917900742,4244,5714.122,3.1209967,816.65186,0.35975495,7301.622,4.0349016,0,,,,,875.2493386738895,0.000745105,1033.7151917900742,0.0007466269,-0.035530936,-0.042211965
0.9624218,0.0005369037,0,0.0034523814,875.2524403103425,1033.7157945627143,4245,5648.8203,3.1146846,817.21576,0.3594356,7217.979,4.0266747,0,,,,,875.2524403103425,0.0007536936,1033.7157945627143,0.0007555188,-0.03517663,-0.042031575
0.9565808,0.0005363723,0,0.003452787,875.2533985345622,1033.715205318483,4246,5615.914,3.1116602,816.17346,0.35923105,7174.173,4.02269,0,,,,,875.2533985345622,0.0007580508,1033.715205318483,0.00076020823,-0.035245042,-0.042243145
0.95406926,0.00053609046,0,0.0034531923,875.2533279385582,1033.7159107791251,4247,5600.414,3.1101158,817.0603,0.35924548,7155.337,4.020576,0,,,,,875.2533279385582,0.0007604466,1033.7159107791251,0.0007626837,-0.03543371,-0.041572277
0.953279,0.00053592655,0,0.0034535974,875.2540488395075,1033.7148124809523,4248,5595.8457,3.1094298,815.8555,0.359281,7149.41,4.0193467,0,,,,,875.2540488395075,0.000759839,1033.7148124809523,0.0007620409,-0.035284337,-0.04152864
0.9514794,0.0005357996,0,0.0034540023,875.2539341433794,1033.714651197793,4249,5586.182,3.1086051,816.38837,0.3592857,7135.913,4.0183945,0,,,,,875.2539341433794,0.00076179043,1033.714651197793,0.0007639688,-0.035217263,-0.04164394
0.95165277,0.0005357043,0,0.0034544067,875.2531730364867,1033.714338925156,4250,5586.3223,3.1079705,816.3084,0.3592452,7137.2134,4.0176797,0,,,,,875.2531730364867,0.00076169707,1033.714338925156,0.0007636423,-0.035213877,-0.041401796
0.95286083,0.00053576444,0,0.0034548112,875.2532625675574,1033.7153062915759,4251,5593.805,3.1082475,816.7749,0.35963374,7146.274,4.018131,0,,,,,875.2532625675574,0.00076066534,1033.7153062915759,0.0007626744,-0.03520826,-0.041447382
0.9544283,0.0005358666,0,0.003455215,875.2540038732468,1033.7151896670923,4252,5603.014,3.1089804,815.3948,0.3590671,7158.03,4.018897,0,,,,,875.2540038732468,0.00075837737,1033.7151896670923,0.00076042843,-0.035236456,-0.041491453
0.9552845,0.00053607306,0,0.0034556186,875.2531523560328,1033.7156319350402,4253,5606.737,3.1102169,817.5819,0.3591533,7164.4507,4.0204453,0,,,,,875.2531523560328,0.0007591466,1033.7156319350402,0.0007612256,-0.035301108,-0.040936716
0.95839304,0.00053659466,8192,0.003456022,875.2531409617893,1033.7154353593064,4254,5625.877,3.1130154,815.87256,0.3595548,7187.764,4.0243573,8192,,,,,875.2531409617893,0.000756897,1033.7154353593064,0.00075911556,-0.035293113,-0.04082878
0.97052264,0.0005379805,0,0.003456425,875.2542452101821,1033.716718404481,4255,5695.8345,3.1210308,815.67847,0.35942838,7278.734,4.034751,0,,,,,875.2542452101821,0.00074807135,1033.716718404481,0.00075061707,-0.035133157,-0.041000158
0.9861393,0.00053944776,0,0.0034568277,875.2520017722447,1033.7149773053295,4256,5785.949,3.129523,816.796,0.3595373,7395.856,4.045755,0,,,,,875.2520017722447,0.00073689874,1033.7149773053295,0.00073902827,-0.03501902,-0.040839825
0.99832094,0.00054057623,0,0.00345723,875.2525842141051,1033.7133914282676,4257,5857.881,3.136136,815.93604,0.35950476,7487.216,4.0542183,0,,,,,875.2525842141051,0.000728207,1033.7133914282676,0.00073024497,-0.034883954,-0.041139994
0.9995516,0.0005405433,0,0.0034576324,875.2502840616339,1033.7156834164225,4258,5864.0576,3.1360624,815.23834,0.3592267,7496.446,4.0539713,0,,,,,875.2502840616339,0.00072796975,1033.7156834164225,0.00072997296,-0.03498534,-0.04060463
0.99992883,0.00054053357,0,0.0034580342,875.2515338917619,1033.714781654436,4259,5866.291,3.136003,816.1034,0.35924414,7499.275,4.0538983,0,,,,,875.2515338917619,0.0007272493,1033.714781654436,0.0007291672,-0.03503972,-0.040595446
1.000217,0.0005405659,0,0.0034584356,875.2510536775526,1033.715129567001,4260,5868.7197,3.1360843,815.43475,0.35966277,7501.436,4.0541406,0,,,,,875.2510536775526,0.000727205,1033.715129567001,0.0007291507,-0.0348608,-0.040695075
0.99974793,0.00054048334,0,0.0034588368,875.2517542127558,1033.714797885434,4261,5864.3203,3.1357334,816.19604,0.36000538,7497.918,4.0535216,0,,,,,875.2517542127558,0.0007274317,1033.714797885434,0.0007294637,-0.034934115,-0.040232845
1.0000904,0.0005405561,0,0.003459238,875.2534674643139,1033.715905949026,4262,5867.2607,3.1363306,815.1192,0.35968462,7500.4863,4.054067,0,,,,,875.2534674643139,0.00072740694,1033.715905949026,0.00072971627,-0.034952093,-0.040445853
0.9993166,0.0005406309,0,0.0034596385,875.2519376473999,1033.7143047346124,4263,5862.7407,3.1367242,816.189,0.359148,7494.683,4.0546284,0,,,,,875.2519376473999,0.0007277882,1033.7143047346124,0.0007298125,-0.034998152,-0.040329736
0.9999334,0.0005408193,0,0.003460039,875.2505329651549,1033.7162427477424,4264,5864.663,3.1376047,815.9104,0.359668,7499.309,4.0560412,0,,,,,875.2505329651549,0.00072781695,1033.7162427477424,0.00073010294,-0.034716114,-0.04004162
1.0002128,0.000540719,0,0.003460439,875.2526050736279,1033.715562230463,4265,5867.1973,3.1371355,816.2904,0.35894302,7501.405,4.0552893,0,,,,,875.2526050736279,0.0007274236,1033.715562230463,0.000729893,-0.03461734,-0.04003455
0.99989516,0.0005405813,0,0.0034608387,875.2537183317493,1033.714727954323,4266,5865.517,3.1364694,815.91595,0.35948342,7499.0225,4.0542564,0,,,,,875.2537183317493,0.00072645105,1033.714727954323,0.0007287808,-0.03486721,-0.03993569
0.99951255,0.00054057286,0,0.0034612382,875.2539576455667,1033.7156982392191,4267,5862.2856,3.1360126,816.4483,0.3596508,7496.153,4.054193,0,,,,,875.2539576455667,0.0007271924,1033.7156982392191,0.0007295671,-0.034968454,-0.03935582
0.99987525,0.00054057396,0,0.0034616373,875.2532334399782,1033.7150103136437,4268,5865.146,3.136199,815.8294,0.35968834,7498.873,4.054201,0,,,,,875.2532334399782,0.00072685716,1033.7150103136437,0.00072892115,-0.034830708,-0.039837502
1.001076,0.0005406312,0,0.0034620361,875.2514123834519,1033.7162144776862,4269,5871.4644,3.1364124,815.79285,0.3589417,7507.878,4.0546303,0,,,,,875.2514123834519,0.00072728435,1033.7162144776862,0.00072927517,-0.034699906,-0.039738655
0.999225,0.0005404802,0,0.0034624347,875.2523267636589,1033.7161603310306,4270,5860.5728,3.1355286,817.1049,0.35977829,7493.9966,4.053498,0,,,,,875.2523267636589,0.00072807574,1033.7161603310306,0.00073008833,-0.03486755,-0.039435048
0.9993971,0.00054056523,0,0.003462833,875.2527480447911,1033.7174001736566,4271,5862.5938,3.1360118,815.7426,0.35912997,7495.287,4.054136,0,,,,,875.2527480447911,0.00072757225,1033.7174001736566,0.0007302561,-0.034766622,-0.03948955
1.000359,0.0005406342,0,0.0034632308,875.2522663942179,1033.7168125639255,4272,5867.1885,3.1368039,816.5609,0.35949075,7502.5015,4.054653,0,,,,,875.2522663942179,0.000727336,1033.7168125639255,0.0007297602,-0.034637295,-0.039295286
0.9997399,0.0005405512,0,0.0034636285,875.2524756614432,1033.7170736012517,4273,5864.702,3.136487,815.9982,0.35928354,7497.858,4.0540304,0,,,,,875.2524756614432,0.00072778494,1033.7170736012517,0.0007303016,-0.03449921,-0.039573472
1.000256,0.0005406757,0,0.003464026,875.2510692862281,1033.7160071294995,4274,5868.362,3.1365554,815.7314,0.3596313,7501.7285,4.0549645,0,,,,,875.2510692862281,0.00072641857,1033.7160071294995,0.0007284675,-0.034473356,-0.039417475
1.0004795,0.0005405937,8192,0.003464423,875.2524200097859,1033.7152070210768,4275,5868.2617,3.1366296,815.0038,0.35983822,7503.4043,4.0543494,8192,,,,,875.2524200097859,0.0007267717,1033.7152070210768,0.00072910235,-0.034380402,-0.039250057
1.000368,0.0005406658,0,0.0034648199,875.2514225360161,1033.714874133213,4276,5868.3906,3.136915,816.0666,0.35975373,7502.569,4.05489,0,,,,,875.2514225360161,0.0007270129,1033.714874133213,0.000728886,-0.03433921,-0.039135244
0.9996075,0.00054060173,0,0.0034652161,875.2521403871881,1033.7153983888088,4277,5863.6494,3.1364381,816.257,0.3596053,7496.8647,4.0544095,0,,,,,875.2521403871881,0.00072747335,1033.7153983888088,0.00072970666,-0.034528177,-0.038872585
0.99904394,0.00054054806,0,0.0034656124,875.252230833561,1033.716104487392,4278,5859.118,3.136009,817.5383,0.35937575,7492.638,4.054007,0,,,,,875.252230833561,0.000727986,1033.716104487392,0.0007303428,-0.034479827,-0.038635828
1.000074,0.00054067496,0,0.0034660082,875.2513511118073,1033.715669941743,4279,5866.066,3.1368666,816.6237,0.35973978,7500.364,4.054959,0,,,,,875.2513511118073,0.0007270209,1033.715669941743,0.00072916667,-0.034342073,-0.038751386
0.99948674,0.0005404949,0,0.0034664038,875.252071575256,1033.7159767152295,4280,5861.7363,3.135904,816.66724,0.35937536,7495.9595,4.0536084,0,,,,,875.252071575256,0.0007279987,1033.7159767152295,0.0007301437,-0.034424137,-0.0385317
1.0006058,0.00054049795,0,0.0034667992,875.2526784309293,1033.7176580251958,4281,5868.211,3.1360576,816.96405,0.3593725,7504.3525,4.0536313,0,,,,,875.2526784309293,0.0007271293,1033.7176580251958,0.0007295534,-0.03458689,-0.03825874
1.0005889,0.0005405219,0,0.003467194,875.2533556184289,1033.7177420025466,4282,5868.675,3.1360214,817.2509,0.3593185,7504.2256,4.053811,0,,,,,875.2533556184289,0.00072624313,1033.7177420025466,0.00072881114,-0.034629043,-0.03840309
0.9997936,0.00054051314,0,0.0034675887,875.2521640978948,1033.7164403737002,4283,5862.7593,3.135979,816.845,0.359535,7498.2607,4.0537453,0,,,,,875.2521640978948,0.00072706764,1033.7164403737002,0.0007293544,-0.034458455,-0.037931085
0.9993588,0.00054060714,0,0.003467983,875.2514043617844,1033.7166902226327,4284,5860.75,3.136628,817.53406,0.35904512,7494.9995,4.05445,0,,,,,875.2514043617844,0.0007284667,1033.7166902226327,0.0007306981,-0.034613498,-0.038085558
0.9992099,0.0005407416,0,0.0034683773,875.252368656201,1033.7177250218558,4285,5859.552,3.1372797,816.831,0.35898927,7493.883,4.0554585,0,,,,,875.252368656201,0.00072833727,1033.7177250218558,0.00073098147,-0.03429824,-0.038081292
1.000724,0.00054084434,0,0.003468771,875.2520415852682,1033.7163401426433,4286,5869.3247,3.137998,817.2976,0.35953194,7505.2383,4.056229,0,,,,,875.2520415852682,0.00072703836,1033.7163401426433,0.0007294283,-0.034464568,-0.037523575
1.0006994,0.0005406832,0,0.0034691645,875.2513978370803,1033.7176888956465,4287,5865.101,3.1369271,817.03955,0.3590983,7505.054,4.055021,0,,,,,875.2513978370803,0.0007281999,1033.7176888956465,0.00073067204,-0.03447815,-0.03756965
0.99919754,0.0005405737,0,0.0034695575,875.2515498909545,1033.718396804726,4288,5862.232,3.1362138,816.25006,0.3595941,7493.7905,4.054199,0,,,,,875.2515498909545,0.0007278074,1033.718396804726,0.00073040783,-0.034666024,-0.037665006
0.99915475,0.0005403621,0,0.0034699505,875.251106283787,1033.7166916583833,4289,5858.0483,3.1353428,817.3779,0.35905877,7493.469,4.0526123,0,,,,,875.251106283787,0.00072823063,1033.7166916583833,0.000730515,-0.034430902,-0.037497118
1.0002719,0.00054045615,0,0.003470343,875.2529779191364,1033.717148604776,4290,5864.782,3.135749,816.7388,0.3594686,7501.848,4.0533175,0,,,,,875.2529779191364,0.00072746037,1033.717148604776,0.000729805,-0.034594383,-0.03730175
0.99911875,0.0005403889,0,0.0034707354,875.251926559624,1033.7175555675426,4291,5858.276,3.1350446,815.77905,0.3597629,7493.199,4.0528135,0,,,,,875.251926559624,0.00072809437,1033.7175555675426,0.00073027966,-0.034556743,-0.037021514
1.0000532,0.00054056785,0,0.0034711272,875.2511020428842,1033.7178633492313,4292,5863.7524,3.1360862,817.7464,0.35894576,7500.207,4.0541553,0,,,,,875.2511020428842,0.00072807434,1033.7178633492313,0.0007304739,-0.03477112,-0.037461046
0.9994043,0.0005406339,0,0.0034715189,875.2519549732515,1033.717529932036,4293,5860.465,3.1364536,816.0522,0.35942796,7495.341,4.054651,0,,,,,875.2519549732515,0.0007276677,1033.717529932036,0.0007302277,-0.034356613,-0.03719901
0.99938005,0.0005407411,0,0.0034719103,875.2511114220918,1033.7168723925479,4294,5858.893,3.1371112,816.0806,0.35929328,7495.159,4.0554547,0,,,,,875.2511114220918,0.00072817324,1033.7168723925479,0.0007306786,-0.03439827,-0.037173573
0.99893636,0.0005406123,0,0.0034723014,875.2521004525245,1033.716315757647,4295,5857.0093,3.1365395,816.98773,0.35953283,7491.8315,4.054489,0,,,,,875.2521004525245,0.0007284419,1033.716315757647,0.0007308942,-0.033885203,-0.037213456
0.9997386,0.00054058724,0,0.003472692,875.2514488949839,1033.7186306786432,4296,5862.348,3.1362445,815.92096,0.35937884,7497.848,4.054301,0,,,,,875.2514488949839,0.0007270374,1033.7186306786432,0.00072952104,-0.034153555,-0.037143104
1.0014714,0.0005406388,0,0.0034730826,875.2535175848275,1033.717063854197,4297,5871.253,3.1368954,815.8665,0.35964411,7510.8438,4.0546875,0,,,,,875.2535175848275,0.0007267506,1033.717063854197,0.0007291817,-0.03398709,-0.03704417
0.9992961,0.0005404304,0,0.0034734728,875.2519003251969,1033.7168286308656,4298,5859.333,3.135487,816.9489,0.3586363,7494.53,4.053125,0,,,,,875.2519003251969,0.00072759396,1033.7168286308656,0.00072971097,-0.0340626,-0.0370578
0.9999003,0.0005404935,0,0.0034738628,875.2515965345419,1033.717642370927,4299,5863.0635,3.1357353,816.8265,0.35965303,7499.0605,4.053598,0,,,,,875.2515965345419,0.0007273071,1033.717642370927,0.000729524,-0.03406289,-0.03639888
0.9996982,0.0005404569,0,0.0034742523,875.2533771115341,1033.7188498061078,4300,5860.317,3.1354291,816.37366,0.35930106,7497.5454,4.0533233,0,,,,,875.2533771115341,0.00072747073,1033.7188498061078,0.00073009264,-0.03402974,-0.03632863
1.0004739,0.0005405792,393216,0.0034746416,875.2530310067702,1033.7165106571817,4301,5866.038,3.13632,816.48645,0.3591158,7503.3623,4.0542407,393216,,,,,875.2530310067702,0.0007267317,1033.7165106571817,0.0007291104,-0.034100182,-0.036436643
1.000511,0.00054069137,0,0.0034750307,875.2529116681612,1033.7180878936886,4302,5865.8394,3.137079,815.95715,0.35949787,7503.6416,4.055082,0,,,,,875.2529116681612,0.0007276042,1033.7180878936886,0.0007302249,-0.033833742,-0.036348134
0.99955165,0.000540583,393216,0.0034754192,875.252101802421,1033.7181894280648,4303,5859.7324,3.1362875,816.88776,0.35935226,7496.4463,4.054269,393216,,,,,875.252101802421,0.0007277409,1033.7181894280648,0.000730288,-0.034203123,-0.036109857
0.99937755,0.0005404619,0,0.0034758076,875.2518851599165,1033.7183773152133,4304,5859.6006,3.1358032,816.4917,0.35933456,7495.14,4.053361,0,,,,,875.2518851599165,0.00072788994,1033.7183773152133,0.00073031854,-0.03407939,-0.03631137
0.9996249,0.00054042926,0,0.0034761957,875.2529812937889,1033.718309381908,4305,5860.252,3.1358285,816.26306,0.3595294,7496.9956,4.053116,0,,,,,875.2529812937889,0.00072774134,1033.718309381908,0.0007303622,-0.033868745,-0.035617374
0.9988444,0.00054050854,0,0.0034765834,875.2515668093075,1033.7167738886967,4306,5856.342,3.1356337,815.9182,0.3596479,7491.1416,4.0537105,0,,,,,875.2515668093075,0.0007269989,1033.7167738886967,0.0007294191,-0.03415678,-0.03579287
0.9996343,0.0005404558,0,0.0034769708,875.2535663055248,1033.718753684599,4307,5861.4404,3.1361198,817.2487,0.3593909,7497.066,4.053315,0,,,,,875.2535663055248,0.0007270705,1033.718753684599,0.00072990294,-0.0337686,-0.035982803
0.9995397,0.00054051075,0,0.003477358,875.2525220301773,1033.7186026000545,4308,5859.2046,3.1358304,816.6424,0.35983405,7496.3564,4.053727,0,,,,,875.2525220301773,0.0007275244,1033.7186026000545,0.00073021103,-0.03371411,-0.03552826
0.998846,0.0005405267,0,0.003477745,875.2531109883828,1033.719298023142,4309,5856.229,3.135868,816.5092,0.3593204,7491.154,4.053847,0,,,,,875.2531109883828,0.0007282797,1033.719298023142,0.00073099666,-0.03370285,-0.035690714
0.9993778,0.0005404013,0,0.0034785178,875.2538237635497,1033.718190429295,4311,5857.791,3.135534,817.0987,0.35867327,7495.142,4.0529065,0,,,,,875.2538237635497,0.0007280286,1033.718190429295,0.0007306726,-0.033471696,-0.03552169
0.99987316,0.00054043485,0,0.0034789038,875.2530876048965,1033.7177461636638,4312,5861.2637,3.1354892,817.0885,0.3593889,7498.8574,4.053158,0,,,,,875.2530876048965,0.0007272735,1033.7177461636638,0.00072967156,-0.03380217,-0.0353278
0.9999791,0.00054048235,0,0.0034792894,875.2524228212153,1033.718777397586,4313,5861.78,3.1357632,818.1384,0.3591062,7499.652,4.053514,0,,,,,875.2524228212153,0.0007277627,1033.718777397586,0.00073026813,-0.033665013,-0.03573367
0.9993731,0.00054047507,0,0.003479675,875.2533467845653,1033.7185673726924,4314,5857.227,3.1358972,817.3198,0.35953698,7495.107,4.0534596,0,,,,,875.2533467845653,0.0007275422,1033.7185673726924,0.0007302474,-0.03388283,-0.03517276
0.99911386,0.0005406387,0,0.0034800598,875.2542914936867,1033.718051827169,4315,5856.8633,3.1368783,817.865,0.3596974,7493.1626,4.0546865,0,,,,,875.2542914936867,0.00072758686,1033.718051827169,0.00073049957,-0.033848114,-0.034867242
0.99865764,0.00054065674,0,0.0034804447,875.2527543078986,1033.7193636146596,4316,5853.4106,3.1364756,818.12335,0.3594326,7489.741,4.054822,0,,,,,875.2527543078986,0.0007291032,1033.7193636146596,0.0007318872,-0.033754922,-0.034786507
0.9989807,0.00054056646,0,0.003480829,875.2539295281478,1033.7208199770241,4317,5855.332,3.1361785,818.2745,0.3594886,7492.164,4.054145,0,,,,,875.2539295281478,0.0007280587,1033.7208199770241,0.000731124,-0.03343294,-0.034734562
1.0017108,0.0005407462,0,0.0034812132,875.2540708909135,1033.7200355851037,4318,5872.063,3.1373184,816.74493,0.3599925,7512.6387,4.055493,0,,,,,875.2540708909135,0.000726074,1033.7200355851037,0.0007289867,-0.03331243,-0.03531631
0.99893594,0.00054038264,8192,0.0034815972,875.2537960479956,1033.7206755106345,4319,5854.5044,3.135247,817.19586,0.3592755,7491.828,4.0527663,8192,,,,,875.2537960479956,0.00072843203,1033.7206755106345,0.00073138275,-0.03356121,-0.035022035
0.9996383,0.0005404236,0,0.0034819806,875.2534246434711,1033.718864603001,4320,5859.065,3.1352928,817.5768,0.35936788,7497.096,4.053074,0,,,,,875.2534246434711,0.0007275716,1033.718864603001,0.00073023257,-0.033603244,-0.035157043
0.9997028,0.0005404725,0,0.0034823641,875.2529067681493,1033.719419098732,4321,5859.6333,3.1352801,818.0954,0.35959423,7497.5796,4.0534406,0,,,,,875.2529067681493,0.00072751654,1033.719419098732,0.00073007005,-0.033785466,-0.03477896
0.9987986,0.00054036046,0,0.003482747,875.2536160730167,1033.7189282889808,4322,5852.94,3.1350007,818.35406,0.3592944,7490.7983,4.0526,0,,,,,875.2536160730167,0.000728386,1033.7189282889808,0.0007310046,-0.03368612,-0.03449856
0.99985874,0.00054066884,0,0.0034831297,875.2535954178995,1033.7198215060032,4323,5860.1494,3.1363769,816.592,0.3594741,7498.749,4.054913,0,,,,,875.2535954178995,0.0007281597,1033.7198215060032,0.0007309243,-0.03374011,-0.03446113
1.0003151,0.00054089667,0,0.003483512,875.2531056981161,1033.7195495007613,4324,5863.0376,3.137937,817.0065,0.35933343,7502.1714,4.0566216,0,,,,,875.2531056981161,0.00072709733,1033.7195495007613,0.00073001627,-0.033412624,-0.03473056
1.0000652,0.0005407018,0,0.003483894,875.2525712295428,1033.7199928042844,4325,5859.8467,3.1371112,816.3622,0.35947096,7500.298,4.05516,0,,,,,875.2525712295428,0.00072783016,1033.7199928042844,0.0007307772,-0.033595152,-0.03412736
1.0009192,0.00054075534,0,0.003484276,875.2543284240039,1033.7186428614555,4326,5866.201,3.1370924,816.1992,0.36007437,7506.702,4.0555615,0,,,,,875.2543284240039,0.000727025,1033.7186428614555,0.00072988827,-0.03352565,-0.03450694
0.9998852,0.0005405761,0,0.0034846573,875.2540028770536,1033.720429876263,4327,5859.499,3.1359663,818.1544,0.3593312,7498.9478,4.0542173,0,,,,,875.2540028770536,0.0007279533,1033.720429876263,0.00073075463,-0.033424865,-0.034073785
0.99938905,0.00054046285,0,0.0034850384,875.2529738532796,1033.719165135844,4328,5855.8296,3.1354115,817.2132,0.35900134,7495.2266,4.053368,0,,,,,875.2529738532796,0.0007276007,1033.719165135844,0.00073034834,-0.033584137,-0.03382937
1.0003908,0.00054050545,0,0.0034854193,875.2544541178017,1033.721720525048,4329,5862.243,3.1354907,817.1321,0.35887638,7502.7393,4.0536876,0,,,,,875.2544541178017,0.0007271655,1033.721720525048,0.0007301309,-0.033606406,-0.03371898
1.0007135,0.00054051424,0,0.0034857998,875.2531154622595,1033.7195169330148,4330,5862.879,3.13547,816.21484,0.35940954,7505.1597,4.0537534,0,,,,,875.2531154622595,0.0007268935,1033.7195169330148,0.00072965963,-0.033598863,-0.03342456
0.999756,0.0005404428,0,0.00348618,875.2539958906232,1033.7211363966255,4331,5857.889,3.1354,817.4884,0.35885438,7497.9785,4.053218,0,,,,,875.2539958906232,0.00072797685,1033.7211363966255,0.00073092483,-0.03336334,-0.033443034
1.0004255,0.0005407179,0,0.00348656,875.2529463796549,1033.7211414964709,4332,5862.143,3.1367211,817.2962,0.35913217,7502.9995,4.0552807,0,,,,,875.2529463796549,0.00072766584,1033.7211414964709,0.0007306977,-0.033450134,-0.033468865
1.0004475,0.0005407224,0,0.0034869397,875.2533963235624,1033.7212172730901,4333,5860.8896,3.1368904,817.81726,0.35953942,7503.1646,4.0553145,0,,,,,875.2533963235624,0.00072728464,1033.7212172730901,0.00073031744,-0.033543516,-0.032893255
1.0002805,0.0005406686,0,0.003487319,875.2538941100157,1033.7204651296565,4334,5860.902,3.1362379,817.04065,0.35953557,7501.912,4.054911,0,,,,,875.2538941100157,0.0007273714,1033.7204651296565,0.0007304654,-0.033313457,-0.032963984
1.001325,0.00054065295,0,0.003487698,875.255207946218,1033.7210003398973,4335,5866.8105,3.136557,817.4078,0.35921478,7509.746,4.054794,0,,,,,875.255207946218,0.0007263004,1033.7210003398973,0.00072946365,-0.033064984,-0.032725785
0.9994808,0.0005404993,0,0.0034880769,875.2528275096474,1033.7198381141206,4336,5854.694,3.1355033,818.9624,0.35918954,7495.9146,4.0536413,0,,,,,875.2528275096474,0.0007286546,1033.7198381141206,0.0007315527,-0.033629335,-0.032404207
1.0004429,0.0005406244,0,0.0034884552,875.2531824256107,1033.7221703107493,4337,5861.457,3.136322,816.66754,0.3595315,7503.13,4.0545793,0,,,,,875.2531824256107,0.0007277057,1033.7221703107493,0.00073072815,-0.033313118,-0.032680474
1.0004967,0.0005405778,0,0.0034888333,875.254192451524,1033.7209747971167,4338,5861.6445,3.136028,817.9415,0.3592784,7503.534,4.05423,0,,,,,875.254192451524,0.00072763686,1033.7209747971167,0.0007305653,-0.03314843,-0.03258779
1.0003412,0.00054057577,0,0.0034892112,875.2536149269422,1033.7212660447838,4339,5860.2373,3.1358678,817.511,0.3592076,7502.367,4.054215,0,,,,,875.2536149269422,0.00072646793,1033.7212660447838,0.000729609,-0.03316918,-0.032157198
1.0013334,0.000541124,0,0.0034895889,875.2537062338341,1033.7220974475713,4340,5867.1675,3.1388996,817.58673,0.3588778,7509.8086,4.0583267,0,,,,,875.2537062338341,0.0007270996,1033.7220974475713,0.0007301704,-0.03312673,-0.032415446
0.9996697,0.00054056087,0,0.003489966,875.2535175310736,1033.721649890762,4341,5856.7764,3.1354485,817.1234,0.35931417,7497.331,4.054103,0,,,,,875.2535175310736,0.00072749925,1033.721649890762,0.00073048845,-0.03320123,-0.032171022
1.001011,0.0005406153,0,0.003490343,875.253021180011,1033.721980742843,4342,5864.176,3.1358447,816.63196,0.35954335,7507.3906,4.054511,0,,,,,875.253021180011,0.0007264968,1033.721980742843,0.00072952686,-0.033329148,-0.031811252
1.0016866,0.0005407041,0,0.0034907195,875.2521758908016,1033.7233662015965,4343,5868.357,3.1364229,816.6772,0.35953107,7512.4575,4.055177,0,,,,,875.2521758908016,0.0007268251,1033.7233662015965,0.0007305472,-0.033372164,-0.03183164
1.0003855,0.0005407073,0,0.003491096,875.2538593495151,1033.721910791909,4344,5859.7812,3.1361094,816.5447,0.35941067,7502.6997,4.0552015,0,,,,,875.2538593495151,0.0007272694,1033.721910791909,0.0007304795,-0.033253536,-0.03151258
1.0010277,0.00054083706,0,0.003491472,875.2532091968706,1033.7221693003935,4345,5863.6187,3.1371105,817.33545,0.35941386,7507.5166,4.0561743,0,,,,,875.2532091968706,0.0007264259,1033.7221693003935,0.00072969124,-0.0334687,-0.031345278
1.0000113,0.00054079597,0,0.0034918475,875.253395411631,1033.7212940990926,4346,5858.526,3.1367898,816.43616,0.35979453,7499.8936,4.0558662,0,,,,,875.253395411631,0.00072738586,1033.7212940990926,0.00073050684,-0.033293065,-0.031834822
1.0006216,0.0005406978,0,0.003492223,875.2526658920215,1033.7210621432555,4347,5860.573,3.136467,817.42163,0.35900038,7504.4697,4.05513,0,,,,,875.2526658920215,0.0007275681,1033.7210621432555,0.0007305092,-0.033152264,-0.031385586
1.000519,0.00054071983,0,0.0034925982,875.2526460924678,1033.7213782894473,4348,5861.5117,3.1363993,816.4635,0.3599553,7503.7017,4.0552955,0,,,,,875.2526460924678,0.00072738354,1033.7213782894473,0.0007303856,-0.03301093,-0.031673618
1.0006971,0.0005406356,0,0.003492973,875.2533294009917,1033.7215519261224,4349,5862.293,3.1357985,816.4546,0.35903993,7505.037,4.0546637,0,,,,,875.2533294009917,0.00072704494,1033.7215519261224,0.0007300412,-0.033127714,-0.031570457
1.0019798,0.00054069015,0,0.0034933474,875.2551542738265,1033.7223348918305,4350,5869.084,3.1362977,817.6412,0.35922638,7514.657,4.055073,0,,,,,875.2551542738265,0.00072571245,1033.7223348918305,0.00072884664,-0.033150513,-0.031267185
1.000917,0.00054059806,0,0.0034937216,875.2528310621371,1033.7221891414536,4351,5863.8706,3.135549,816.4145,0.35957742,7506.6855,4.054382,0,,,,,875.2528310621371,0.00072716724,1033.7221891414536,0.0007301632,-0.03297539,-0.031355176
1.0002371,0.0005405955,0,0.0034940955,875.2535636751611,1033.7226822209254,4352,5859.446,3.1354842,816.47614,0.35922045,7501.5864,4.054363,0,,,,,875.2535636751611,0.0007272549,1033.7226822209254,0.00073037425,-0.03292798,-0.0313223
1.000664,0.0005408603,0,0.0034944692,875.2542551203242,1033.7226393754586,4353,5861.4126,3.1372442,815.77716,0.3598352,7504.7886,4.056349,0,,,,,875.2542551203242,0.00072634936,1033.7226393754586,0.00072939636,-0.032737084,-0.031075021
1.0004491,0.0005412794,0,0.0034948424,875.2541348801549,1033.7210575970742,4354,5860.725,3.1395884,817.82214,0.3586327,7503.177,4.0594916,0,,,,,875.2541348801549,0.0007279007,1033.7210575970742,0.0007310724,-0.03280377,-0.031371802
1.0005639,0.00054106297,0,0.0034952154,875.2535804050408,1033.7211486076108,4355,5860.4243,3.138316,816.47797,0.3595253,7504.0376,4.0578685,0,,,,,875.2535804050408,0.00072736247,1033.7211486076108,0.0007305268,-0.032857306,-0.031014021
1.0019108,0.0005412302,0,0.0034955882,875.2541642729723,1033.7239793705676,4356,5868.2505,3.1393962,816.8876,0.3590827,7514.1396,4.059123,0,,,,,875.2541642729723,0.00072686165,1033.7239793705676,0.00073024305,-0.032711904,-0.030872483
1.0002549,0.0005409757,0,0.0034959607,875.2547031731939,1033.7226381588516,4357,5859.7646,3.1378698,815.76117,0.35916832,7501.72,4.0572143,0,,,,,875.2547031731939,0.0007269992,1033.7226381588516,0.0007301554,-0.032544665,-0.03086015
1.0007613,0.00054092123,0,0.0034963328,875.255024634638,1033.7215100054573,4358,5861.3623,3.1378002,817.5271,0.35921583,7505.5176,4.0568056,0,,,,,875.255024634638,0.0007270316,1033.7215100054573,0.00073012616,-0.03231245,-0.030774448
1.0002416,0.00054092327,0,0.0034967046,875.2549456982431,1033.7220150511753,4359,5859.3047,3.137361,816.2993,0.35921243,7501.621,4.056821,0,,,,,875.2549456982431,0.0007271354,1033.7220150511753,0.0007302186,-0.03254802,-0.030931901
1.0007333,0.0005405692,0,0.003497076,875.2546372719241,1033.721594032424,4360,5862.4233,3.1353822,816.04346,0.35916284,7505.308,4.0541654,0,,,,,875.2546372719241,0.0007263605,1033.721594032424,0.0007294395,-0.032708745,-0.03101339
1.0013124,0.00054115645,0,0.003497818,875.2539330930961,1033.7221330328548,4362,5866.2065,3.1388195,815.4682,0.3595028,7509.6514,4.05857,0,,,,,875.2539330930961,0.0007266077,1033.7221330328548,0.0007297081,-0.032357775,-0.030834915
1.000075,0.0005411806,0,0.0034981887,875.2554104807291,1033.7208996582783,4363,5858.6675,3.138956,816.62256,0.35933128,7500.371,4.058751,0,,,,,875.2554104807291,0.00072731444,1033.7208996582783,0.0007305161,-0.032353606,-0.03084942
0.9996245,0.00054104195,0,0.003498559,875.2543756415507,1033.7235729680547,4364,5855.372,3.1381826,816.606,0.35932714,7496.992,4.057711,0,,,,,875.2543756415507,0.0007285535,1033.7235729680547,0.0007319097,-0.032248393,-0.030365692
1.0006648,0.0005410645,0,0.0034989289,875.2539285976545,1033.7224436612967,4365,5862.0547,3.1382103,816.9532,0.35937056,7504.795,4.05788,0,,,,,875.2539285976545,0.0007267651,1033.7224436612967,0.00072987075,-0.032374024,-0.030555801
0.999992,0.0005410224,0,0.0034992986,875.2528933098374,1033.7235423998422,4366,5857.4546,3.1377928,816.8241,0.35907522,7499.7485,4.0575643,0,,,,,875.2528933098374,0.00072798796,1033.7235423998422,0.0007311784,-0.032259602,-0.030235607
0.9999986,0.0005409612,0,0.0034996679,875.2555071324305,1033.722780594503,4367,5857.4424,3.1377003,817.21185,0.35941923,7499.7983,4.0571055,0,,,,,875.2555071324305,0.00072757463,1033.722780594503,0.0007308722,-0.03231874,-0.030030169
1.0009719,0.0005409974,0,0.003500037,875.2546868822146,1033.7228804145307,4368,5864.052,3.1379805,816.80914,0.35884115,7507.0977,4.0573773,0,,,,,875.2546868822146,0.00072711,1033.7228804145307,0.0007302761,-0.03221929,-0.029914055
1.0002415,0.00054095185,0,0.0035004057,875.2541396274038,1033.7233943426377,4369,5858.827,3.1374505,816.28326,0.3594956,7501.62,4.0570354,0,,,,,875.2541396274038,0.00072745816,1033.7233943426377,0.0007306736,-0.031911008,-0.029915707
0.9991741,0.0005409473,0,0.0035007743,875.2556125050262,1033.7224194757362,4370,5853.5444,3.1375341,817.1193,0.3590602,7493.6147,4.057001,0,,,,,875.2556125050262,0.00072787586,1033.7224194757362,0.00073122437,-0.03196144,-0.030022526
1.0001823,0.000541018,0,0.0035011424,875.2534036280392,1033.7248684730307,4371,5859.414,3.1378372,816.93146,0.3590953,7501.1753,4.0575314,0,,,,,875.2534036280392,0.0007269118,1033.7248684730307,0.0007303258,-0.032342006,-0.029947558
0.9999366,0.0005409361,0,0.0035015102,875.2565015458576,1033.7233313808138,4372,5857.184,3.1373484,816.1558,0.3592345,7499.333,4.056917,0,,,,,875.2565015458576,0.0007271801,1033.7233313808138,0.000730623,-0.031977076,-0.029850675
0.9994716,0.0005409196,0,0.0035018777,875.254480972149,1033.7220830211154,4373,5855.7715,3.1370916,816.18933,0.35957792,7495.8457,4.0567937,0,,,,,875.254480972149,0.00072737125,1033.7220830211154,0.00073046837,-0.031948086,-0.029906368
1.0001208,0.0005410075,0,0.003502245,875.254946189883,1033.7229633052439,4374,5859.2935,3.1376948,815.51215,0.3592867,7500.714,4.0574527,0,,,,,875.254946189883,0.0007268302,1033.7229633052439,0.00073009974,-0.03187345,-0.029845813
0.9998264,0.0005410135,0,0.003502612,875.2561533760049,1033.7232860618074,4375,5856.031,3.137797,816.4126,0.3588317,7498.5063,4.0574975,0,,,,,875.2561533760049,0.0007278172,1033.7232860618074,0.0007312326,-0.032016516,-0.02926277
0.9999993,0.0005410968,0,0.0035029785,875.2554122926438,1033.7226532184698,4376,5857.961,3.1381965,816.6799,0.35953933,7499.803,4.058122,0,,,,,875.2554122926438,0.0007275505,1033.7226532184698,0.00073085714,-0.031965937,-0.029678322
0.9998309,0.0005410936,0,0.003503345,875.2570137835369,1033.7245721066663,4377,5856.345,3.1379745,816.2355,0.35909685,7498.5405,4.0580983,0,,,,,875.2570137835369,0.0007270802,1033.7245721066663,0.00073074317,-0.031845864,-0.029311256
1.0005699,0.0005410775,0,0.003503711,875.2543173158604,1033.7235456930903,4378,5860.4277,3.1382005,816.1047,0.3593106,7504.083,4.0579777,0,,,,,875.2543173158604,0.00072700664,1033.7235456930903,0.0007302966,-0.032031674,-0.02888029
1.0006497,0.0005410676,0,0.0035040767,875.2558820242265,1033.7240002894218,4379,5861.841,3.138007,816.56177,0.3587351,7504.681,4.057904,0,,,,,875.2558820242265,0.00072719203,1033.7240002894218,0.00073072885,-0.031685747,-0.029166764
0.9994047,0.00054086844,0,0.003504442,875.2561301322753,1033.7243257512387,4380,5853.915,3.136897,816.25336,0.3598736,7495.344,4.05641,0,,,,,875.2561301322753,0.00072827213,1033.7243257512387,0.00073179347,-0.031648364,-0.028845565
1.0000327,0.0005408558,0,0.0035048071,875.2555391636749,1033.7240018207613,4381,5857.7417,3.1368444,816.43164,0.35908374,7500.0537,4.056315,0,,,,,875.2555391636749,0.0007270574,1033.7240018207613,0.0007303227,-0.03179462,-0.028840668
1.0015712,0.0005410625,0,0.003505172,875.2567634231389,1033.7240213005496,4382,5867.3394,3.138123,816.34265,0.35918286,7511.5923,4.057865,0,,,,,875.2567634231389,0.00072669523,1033.7240213005496,0.0007301874,-0.031496096,-0.029085582
0.9994241,0.0005409328,8192,0.0035055366,875.2538664315293,1033.7236135737912,4383,5853.612,3.1374996,818.2732,0.35862273,7495.4893,4.0568924,8192,,,,,875.2538664315293,0.0007290381,1033.7236135737912,0.00073243695,-0.03134625,-0.028864658
0.99991196,0.0005412224,0,0.0035059007,875.2546338164759,1033.7252475339003,4384,5857.4478,3.138856,816.35254,0.35896227,7499.1484,4.0590644,0,,,,,875.2546338164759,0.0007284481,1033.7252475339003,0.00073210476,-0.031425726,-0.02865864
0.9988387,0.00054133317,128,0.0035062646,875.256143734669,1033.7230730817746,4385,5851.2275,3.1394207,817.754,0.3592459,7491.099,4.059895,128,,,,,875.256143734669,0.0007280008,1033.7230730817746,0.0007317027,-0.031287156,-0.028691271
0.99805856,0.0005408826,0,0.0035066283,875.2564548935018,1033.7237720688042,4386,5845.1177,3.137244,817.18915,0.3589799,7485.248,4.0565157,0,,,,,875.2564548935018,0.0007293731,1033.7237720688042,0.00073304144,-0.03114782,-0.028302314
0.99741787,0.0005407698,0,0.0035069915,875.2557586693094,1033.7246716329569,4387,5842.2905,3.1362424,816.43854,0.35973734,7480.443,4.05567,0,,,,,875.2557586693094,0.0007288972,1033.7246716329569,0.0007324808,-0.031395454,-0.028416833
0.9977535,0.00054070103,0,0.0035073545,875.2569393512329,1033.725207022871,4388,5843.8438,3.1359966,816.48596,0.35921502,7482.9604,4.0551543,0,,,,,875.2569393512329,0.0007281218,1033.725207022871,0.0007315722,-0.031333596,-0.028260991
0.99714833,0.00054058246,0,0.0035077173,875.2574187172734,1033.7233678066427,4389,5839.3096,3.1352973,816.985,0.3595204,7478.422,4.054265,0,,,,,875.2574187172734,0.00072856137,1033.7233678066427,0.0007321186,-0.031197876,-0.028072959
0.9984958,0.00054071867,0,0.0035080796,875.2537576976276,1033.7262253142007,4390,5847.809,3.135988,816.55585,0.35885563,7488.5273,4.0552864,0,,,,,875.2537576976276,0.0007290763,1033.7262253142007,0.000732492,-0.031487215,-0.027764143
0.9974144,0.00054059474,0,0.0035084416,875.256964362432,1033.72480920014,4391,5840.9707,3.1355872,817.2098,0.3588394,7480.417,4.054357,0,,,,,875.256964362432,0.000729325,1033.72480920014,0.00073298934,-0.031283613,-0.028015817
0.9970135,0.0005407648,0,0.0035088034,875.2547938519815,1033.725022135329,4392,5838.673,3.1361272,816.788,0.35927668,7477.4106,4.0556326,0,,,,,875.2547938519815,0.0007295255,1033.725022135329,0.00073296076,-0.03130727,-0.027711233
0.9967647,0.00054092606,0,0.003509165,875.254934047508,1033.7265270928583,4393,5838.134,3.1373239,817.08154,0.35933864,7475.5444,4.056842,0,,,,,875.254934047508,0.00072982814,1033.7265270928583,0.00073374197,-0.031293724,-0.027654713
0.9972513,0.00054086896,0,0.0035095261,875.2557580911962,1033.7260564182773,4394,5839.7383,3.1368613,816.89404,0.35871205,7479.194,4.0564137,0,,,,,875.2557580911962,0.0007296964,1033.7260564182773,0.00073346135,-0.031306967,-0.027519848
0.9988697,0.0005408799,0,0.003509887,875.2571802581817,1033.7243045367095,4395,5849.669,3.136961,816.7241,0.35919285,7491.3315,4.0564957,0,,,,,875.2571802581817,0.0007278773,1033.7243045367095,0.00073157996,-0.031310394,-0.027417265
1.0001299,0.0005410298,0,0.0035102475,875.2560332473672,1033.7259671985175,4396,5857.4595,3.1375465,817.06134,0.359321,7500.7827,4.05762,0,,,,,875.2560332473672,0.0007275188,1033.7259671985175,0.00073112897,-0.031338252,-0.02726613
0.99855196,0.0005407816,0,0.0035106076,875.256167385494,1033.7254919342129,4397,5847.2188,3.1365154,817.0127,0.3591265,7488.9487,4.0557585,0,,,,,875.256167385494,0.00072797673,1033.7254919342129,0.00073168863,-0.031008862,-0.027263323
0.9991822,0.000540843,0,0.0035109676,875.2554711578623,1033.7249832192595,4398,5851.569,3.136912,817.5808,0.35927436,7493.6753,4.056219,0,,,,,875.2554711578623,0.00072805944,1033.7249832192595,0.0007316155,-0.03093861,-0.027344879
0.9984591,0.0005407911,0,0.0035113273,875.2561789185446,1033.72551593355,4399,5847.4106,3.1364076,817.887,0.35893443,7488.252,4.0558295,0,,,,,875.2561789185446,0.0007288249,1033.72551593355,0.00073245185,-0.0311171,-0.027097978
0.99881786,0.00054085307,0,0.0035116866,875.2542218312494,1033.7256715981575,4400,5848.5015,3.1368477,818.06433,0.3593432,7490.943,4.0562944,0,,,,,875.2542218312494,0.0007285048,1033.7256715981575,0.0007318924,-0.031129992,-0.026774334
0.9988861,0.00054097525,0,0.0035120456,875.2562939893734,1033.7250748469432,4401,5850.1675,3.1371963,817.4204,0.35965526,7491.4546,4.057211,0,,,,,875.2562939893734,0.0007283318,1033.7250748469432,0.0007320536,-0.030921463,-0.026997704
0.99936795,0.0005409555,0,0.0035124044,875.2562870653294,1033.724805455718,4402,5852.4756,3.137193,817.6777,0.3592027,7495.0684,4.0570626,0,,,,,875.2562870653294,0.0007276181,1033.724805455718,0.0007312202,-0.031134624,-0.026978385
0.9986392,0.00054080645,0,0.003512763,875.2562416168893,1033.724151169517,4403,5847.391,3.1365259,817.17426,0.35947958,7489.603,4.055945,0,,,,,875.2562416168893,0.0007285592,1033.724151169517,0.0007320378,-0.031136937,-0.0264822
0.9988841,0.00054089393,0,0.003513121,875.2558066939353,1033.726838573857,4404,5849.692,3.1368458,818.2157,0.35953718,7491.4395,4.056601,0,,,,,875.2558066939353,0.00072814955,1033.726838573857,0.0007319166,-0.031145325,-0.026527086
0.9989945,0.00054100144,0,0.003513479,875.2564289710799,1033.727001590702,4405,5849.512,3.1374323,819.079,0.3595405,7492.2676,4.0574074,0,,,,,875.2564289710799,0.00072805467,1033.727001590702,0.0007319436,-0.031046307,-0.026445603
0.9995074,0.0005410619,0,0.0035138363,875.2559762339572,1033.725795423396,4406,5852.6685,3.1379476,819.2218,0.3595143,7496.1143,4.057861,0,,,,,875.2559762339572,0.0007283482,1033.725795423396,0.0007320537,-0.030730523,-0.02631066
0.9993708,0.0005409948,0,0.0035141935,875.2549536912251,1033.7261362123018,4407,5852.1665,3.1375978,818.21185,0.3593393,7495.09,4.0573573,0,,,,,875.2549536912251,0.00072740554,1033.7261362123018,0.0007311436,-0.03092376,-0.026387021
0.9983975,0.0005409132,0,0.0035145504,875.2559702792955,1033.72770366485,4408,5845.482,3.1370144,819.3689,0.35931915,7487.7905,4.0567455,0,,,,,875.2559702792955,0.0007274482,1033.72770366485,0.000731336,-0.03077723,-0.026031768
0.9988368,0.00054093666,0,0.003514907,875.2570183283008,1033.726654761769,4409,5848.6,3.1370873,818.5467,0.35947552,7491.085,4.0569215,0,,,,,875.2570183283008,0.00072833686,1033.726654761769,0.0007322043,-0.030555839,-0.026248638
0.9989857,0.0005408579,0,0.0035152633,875.2560699555559,1033.7256850144674,4410,5850.0703,3.1367195,818.81165,0.3593257,7492.2017,4.0563307,0,,,,,875.2560699555559,0.0007277504,1033.7256850144674,0.00073138654,-0.030785944,-0.02637274
1.0000144,0.0005408304,0,0.0035156193,875.2553211611737,1033.726791533644,4411,5854.356,3.1368344,818.7224,0.35918868,7499.9165,4.0561247,0,,,,,875.2553211611737,0.0007274556,1033.726791533644,0.00073113845,-0.030753082,-0.0257281
1.0006245,0.00054101466,0,0.0035159749,875.2554549986357,1033.725654103186,4412,5859.0757,3.1376219,819.7711,0.3588996,7504.4927,4.0575066,0,,,,,875.2554549986357,0.00072776445,1033.725654103186,0.0007313257,-0.030718198,-0.02575764
0.99921703,0.0005409929,0,0.0035163304,875.2563949879336,1033.7266423665267,4413,5850.6104,3.1374452,818.76135,0.35962984,7493.9365,4.057343,0,,,,,875.2563949879336,0.0007279899,1033.7266423665267,0.00073179236,-0.031008327,-0.025554638
1.0001045,0.00054111157,0,0.0035166855,875.2549809038419,1033.725080014557,4414,5854.9727,3.138592,819.1884,0.3592974,7500.593,4.0582333,0,,,,,875.2549809038419,0.0007275178,1033.725080014557,0.00073110807,-0.030557279,-0.025473649
0.99909234,0.0005411458,0,0.00351704,875.2568886503464,1033.7266610196916,4415,5850.3354,3.1384711,817.322,0.35972658,7493.0015,4.05849,0,,,,,875.2568886503464,0.00072738604,1033.7266610196916,0.0007314688,-0.03060721,-0.025673864
0.99992526,0.0005411576,0,0.0035173947,875.256568823118,1033.7261564192622,4416,5854.1562,3.1384895,818.5317,0.35924554,7499.248,4.0585785,0,,,,,875.256568823118,0.00072710775,1033.7261564192622,0.00073113514,-0.030610846,-0.025312183
0.99978346,0.000540974,0,0.0035177488,875.2555226240586,1033.7267266825402,4417,5853.1997,3.1377974,818.8506,0.3592524,7498.1846,4.057202,0,,,,,875.2555226240586,0.000727373,1033.7267266825402,0.0007312623,-0.0306304,-0.0253251
1.0006688,0.0005410552,0,0.0035181027,875.2554675559593,1033.7263581965537,4418,5858.8677,3.1379697,818.08234,0.35994264,7504.824,4.057811,0,,,,,875.2554675559593,0.00072677503,1033.7263581965537,0.0007306019,-0.030595165,-0.02534486
0.99989617,0.00054086157,0,0.0035184561,875.2575383396272,1033.7250334713601,4419,5853.9023,3.1368582,818.3942,0.35933727,7499.03,4.0563583,0,,,,,875.2575383396272,0.00072611193,1033.7250334713601,0.00073203933,-0.030526888,-0.025078759
0.9993677,0.0005408189,0,0.0035188093,875.2566487800386,1033.7277620986017,4420,5850.805,3.1366181,818.702,0.3597525,7495.0664,4.0560384,0,,,,,875.2566487800386,0.00072734023,1033.7277620986017,0.00073131843,-0.030587604,-0.024966765
1.0008667,0.0005409958,0,0.0035191623,875.2580715248889,1033.726329689217,4421,5860.071,3.137614,818.00964,0.35930008,7506.308,4.057365,0,,,,,875.2580715248889,0.0007264914,1033.726329689217,0.00073020975,-0.030616743,-0.02498183
0.99924093,0.000540888,0,0.003519515,875.2570906455346,1033.7261080733815,4422,5849.5303,3.1370492,818.3757,0.3593517,7494.1157,4.056556,0,,,,,875.2570906455346,0.0007279061,1033.7261080733815,0.0007318073,-0.030687483,-0.024772482
0.99922544,0.0005411813,0,0.0035198673,875.2553410621564,1033.727237493113,4423,5850.1714,3.138793,817.9409,0.35943055,7493.9995,4.0587564,0,,,,,875.2553410621564,0.0007285058,1033.727237493113,0.0007324696,-0.030604163,-0.024803739
0.99907655,0.00054118474,0,0.0035202194,875.2562472333849,1033.7266782051809,4424,5849.714,3.138451,817.91046,0.35907996,7492.883,4.058782,0,,,,,875.2562472333849,0.0007281423,1033.7266782051809,0.0007320894,-0.030517276,-0.024727723
1.0006486,0.0005411052,0,0.003520571,875.2573548223575,1033.72763576838,4425,5857.14,3.138403,818.22546,0.35950667,7504.673,4.0581856,0,,,,,875.2573548223575,0.000726649,1033.72763576838,0.0007306927,-0.030405143,-0.024407828
1.000272,0.0005409926,0,0.0035209225,875.2561127943763,1033.7269220495496,4426,5856.049,3.1375144,817.7843,0.35909262,7501.849,4.057341,0,,,,,875.2561127943763,0.00072674826,1033.7269220495496,0.0007305187,-0.030541917,-0.02425792
1.000116,0.0005409598,0,0.0035212736,875.2563325533866,1033.7267603079827,4427,5854.987,3.1373005,816.8263,0.35934427,7500.6787,4.057095,0,,,,,875.2563325533866,0.0007271931,1033.7267603079827,0.00073109195,-0.0303992,-0.024270432
1.001737,0.0005414499,128,0.0035216243,875.2569055290561,1033.726508522856,4428,5863.1313,3.1401637,818.3376,0.35881522,7512.836,4.0607705,128,,,,,875.2569055290561,0.0007264448,1033.726508522856,0.0007303122,-0.030244729,-0.023988616
1.0006753,0.0005409612,0,0.0035219747,875.2553830382446,1033.72790462182,4429,5858.2026,3.137255,817.08887,0.35947424,7504.8735,4.0571055,0,,,,,875.2553830382446,0.0007269015,1033.72790462182,0.0007302406,-0.030458173,-0.02387584
0.99927294,0.000540862,0,0.0035223248,875.2550667261537,1033.7284187727037,4430,5849.981,3.1368802,818.1441,0.3586856,7494.356,4.056361,0,,,,,875.2550667261537,0.00072767143,1033.7284187727037,0.00073158025,-0.030329695,-0.02383368
1.0006361,0.00054103363,0,0.0035226748,875.2580620943659,1033.7277247975608,4431,5857.3247,3.1380968,818.3266,0.35898942,7504.5796,4.0576487,0,,,,,875.2580620943659,0.0007268348,1033.7277247975608,0.000730913,-0.030173592,-0.02364468
1.001737,0.00054112484,0,0.0035233737,875.2558943132275,1033.7276424426009,4433,5864.1426,3.1383917,818.00867,0.35883993,7512.8354,4.058333,0,,,,,875.2558943132275,0.0007272629,1033.7276424426009,0.00073112635,-0.029976303,-0.023602584
1.0007164,0.0005410093,0,0.0035237225,875.2568786448435,1033.7272665720316,4434,5857.5474,3.1377358,818.21075,0.3588908,7505.1816,4.057466,0,,,,,875.2568786448435,0.0007269109,1033.7272665720316,0.00073098385,-0.030101808,-0.023595162
1.0001373,0.0005410266,0,0.0035240713,875.2568014427727,1033.727361927206,4435,5854.956,3.1377797,817.6577,0.35960245,7500.839,4.0575957,0,,,,,875.2568014427727,0.00072732195,1033.727361927206,0.0007313621,-0.02992948,-0.023692288
1.0002061,0.00054097106,0,0.0035244196,875.2584922289758,1033.7272585476685,4436,5853.3076,3.1375988,817.79865,0.35904735,7501.354,4.0571795,0,,,,,875.2584922289758,0.0007268445,1033.7272585476685,0.000730838,-0.030351378,-0.022592064
1.0000694,0.0005409931,0,0.0035247677,875.2568363440967,1033.7277635011278,4437,5853.343,3.1374617,817.1765,0.35934883,7500.3286,4.057345,0,,,,,875.2568363440967,0.0007278343,1033.7277635011278,0.0007318725,-0.030058276,-0.023123646
1.0001322,0.000541006,0,0.0035251153,875.2573114238701,1033.7282630189509,4438,5854.022,3.1376488,818.37836,0.3587622,7500.8,4.057441,0,,,,,875.2573114238701,0.00072730967,1033.7282630189509,0.0007313679,-0.030099282,-0.023347
1.0007744,0.0005410232,0,0.0035254627,875.2567819169346,1033.729241441546,4439,5856.4937,3.1377711,817.03186,0.3593499,7505.616,4.0575705,0,,,,,875.2567819169346,0.0007262939,1033.729241441546,0.0007304727,-0.030074444,-0.022830488
1.0009232,0.00054096204,0,0.0035258099,875.2584319402829,1033.7273179771266,4440,5858.1934,3.1375122,816.849,0.35910943,7506.732,4.0571117,0,,,,,875.2584319402829,0.0007264661,1033.7273179771266,0.00073060865,-0.030102937,-0.023140673
1.0002284,0.0005408353,0,0.0035261568,875.2557935139714,1033.7274952095663,4441,5854.608,3.1368275,817.1244,0.35903355,7501.522,4.0561614,0,,,,,875.2557935139714,0.00072771794,1033.7274952095663,0.00073161704,-0.029867616,-0.023049451
1.0005102,0.00054084614,0,0.0035265032,875.2566647678395,1033.729084405515,4442,5854.743,3.1368995,816.64404,0.3592515,7503.635,4.0562425,0,,,,,875.2566647678395,0.0007270412,1033.729084405515,0.0007311535,-0.029864179,-0.022807943
1.0005131,0.00054100173,0,0.0035268494,875.2564585829202,1033.7284332303334,4443,5856.06,3.137578,816.7944,0.35903105,7503.6567,4.0574093,0,,,,,875.2564585829202,0.0007271544,1033.7284332303334,0.00073125615,-0.029857047,-0.022781646
0.9997921,0.0005410915,8192,0.0035271954,875.2567943078724,1033.7282308568779,4444,5851.4375,3.1379607,818.07294,0.35960507,7498.2495,4.0580826,8192,,,,,875.2567943078724,0.00072792853,1033.7282308568779,0.0007321337,-0.029923242,-0.022524105
1.0007938,0.0005411986,0,0.003527541,875.2569998643323,1033.728529683764,4445,5856.295,3.1388016,817.6252,0.35941857,7505.7617,4.058886,0,,,,,875.2569998643323,0.0007271074,1033.728529683764,0.0007313799,-0.029801913,-0.02209077
1.0033329,0.0005414128,0,0.0035278862,875.2586075507378,1033.7279916109494,4446,5871.4443,3.139948,817.1241,0.35940814,7524.8047,4.0604925,0,,,,,875.2586075507378,0.0007247851,1033.7279916109494,0.0007290233,-0.029884843,-0.022227462
0.9994705,0.000540973,0,0.0035282313,875.2568395605944,1033.72830123003,4447,5848.5625,3.137391,816.7119,0.35935202,7495.8374,4.0571938,0,,,,,875.2568395605944,0.0007269853,1033.72830123003,0.0007310488,-0.02993616,-0.021895858
1.0007057,0.00054101093,0,0.0035285759,875.2567381204697,1033.7298489564141,4448,5855.351,3.1377757,819.1583,0.3593799,7505.1016,4.0574784,0,,,,,875.2567381204697,0.0007270155,1033.7298489564141,0.0007311772,-0.029807514,-0.021593237
0.99927175,0.00054077985,0,0.0035289202,875.2581762702681,1033.7297297408788,4449,5847.6113,3.136201,817.1709,0.3593389,7494.3467,4.055745,0,,,,,875.2581762702681,0.0007273106,1033.7297297408788,0.0007314357,-0.02976941,-0.021902462
1.0007131,0.00054083415,0,0.0035292644,875.2575230531102,1033.73132057382,4450,5855.0645,3.1367474,818.03656,0.35882598,7505.1567,4.056153,0,,,,,875.2575230531102,0.00072660425,1033.73132057382,0.0007309518,-0.029708087,-0.021602832
1.001357,0.00054095563,0,0.003529608,875.2576771455133,1033.729412333029,4451,5858.924,3.1372526,818.22375,0.3590285,7509.986,4.0570636,0,,,,,875.2576771455133,0.000726996,1033.729412333029,0.00073121005,-0.029653259,-0.02158597
0.99963486,0.0005409281,0,0.0035299514,875.2556752104649,1033.730516705661,4452,5849.714,3.137012,817.73914,0.3594226,7497.0703,4.056857,0,,,,,875.2556752104649,0.00072775676,1033.730516705661,0.0007320201,-0.029693436,-0.021689733
0.99933434,0.0005410751,0,0.0035302946,875.2567385733147,1033.7283204577466,4453,5847.0933,3.1381326,817.8659,0.35926205,7494.8164,4.0579596,0,,,,,875.2567385733147,0.00072760275,1033.7283204577466,0.0007319537,-0.029545864,-0.021535188
1.0009519,0.00054176064,128,0.0035306374,875.2586475281464,1033.7274106270465,4454,5856.821,3.1419575,817.80865,0.35901687,7506.9478,4.0631013,128,,,,,875.2586475281464,0.0007260866,1033.7274106270465,0.0007306303,-0.029788723,-0.02133701
1.0006618,0.00054113974,0,0.0035309799,875.2572080261724,1033.7296263152966,4455,5855.526,3.1385036,818.77203,0.35915464,7504.772,4.0584445,0,,,,,875.2572080261724,0.0007267281,1033.7296263152966,0.0007311383,-0.029831901,-0.02122687
0.9990712,0.0005408297,16,0.003531664,875.2575345264938,1033.7296775376058,4457,5845.291,3.1366854,820.03937,0.35958728,7492.843,4.056119,16,,,,,875.2575345264938,0.000728156,1033.7296775376058,0.00073253375,-0.030171448,-0.021777041
1.0006195,0.00054092304,16,0.0035320057,875.2582055036967,1033.7300765176137,4458,5853.721,3.137093,817.5858,0.3594092,7504.4546,4.0568194,16,,,,,875.2582055036967,0.00072659366,1033.7300765176137,0.00073097955,-0.030187914,-0.021820148
1.0002185,0.0005408464,16,0.0035323468,875.2577520602881,1033.730758855308,4459,5850.659,3.1368167,819.07153,0.35984457,7501.4473,4.0562444,16,,,,,875.2577520602881,0.0007274691,1033.730758855308,0.00073180714,-0.029293654,-0.020214839
1.0007426,0.000540895,0,0.003532688,875.2584813524904,1033.7308628257656,4460,5854.5396,3.1369984,817.6096,0.35925514,7505.378,4.0566087,0,,,,,875.2584813524904,0.0007267353,1033.7308628257656,0.00073120376,-0.029782346,-0.020448193
0.9998077,0.0005409836,0,0.0035330285,875.257944031503,1033.7295463291016,4461,5848.835,3.1374638,820.42535,0.35954058,7498.3667,4.0572734,0,,,,,875.257944031503,0.0007273487,1033.7295463291016,0.0007316406,-0.029913768,-0.02027497
0.9996948,0.00054098386,0,0.003533369,875.2556339006912,1033.729707981539,4462,5847.073,3.1375747,818.55,0.35951915,7497.52,4.0572753,0,,,,,875.2556339006912,0.00072745886,1033.729707981539,0.00073174207,-0.029629061,-0.020220906
0.999636,0.00054092956,0,0.003533709,875.2578969466861,1033.7314960402005,4463,5847.6113,3.1370914,816.8193,0.35917974,7497.0786,4.056868,0,,,,,875.2578969466861,0.0007263202,1033.7314960402005,0.0007308539,-0.029782357,-0.020080449
1.0003635,0.0005409248,0,0.0035340488,875.2576030286582,1033.7313006373524,4464,5851.111,3.13713,817.9454,0.35968015,7502.534,4.0568323,0,,,,,875.2576030286582,0.00072688924,1033.7313006373524,0.00073138217,-0.029494643,-0.019855801
0.9989699,0.0005407489,0,0.0035343883,875.2580723580337,1033.7313466351561,4465,5842.9556,3.1362786,817.24475,0.3595932,7492.083,4.055513,0,,,,,875.2580723580337,0.0007275827,1033.7313466351561,0.0007321489,-0.029468419,-0.019859755
1.0003977,0.0005410036,0,0.0035347273,875.2574762797186,1033.731449136244,4466,5851.569,3.1373944,818.1476,0.35926315,7502.791,4.0574236,0,,,,,875.2574762797186,0.0007266463,1033.731449136244,0.0007311549,-0.02932161,-0.0199442
1.0007547,0.0005409409,0,0.0035350663,875.2568395997014,1033.7320420455674,4467,5852.806,3.1372247,817.90375,0.35869884,7505.469,4.0569534,0,,,,,875.2568395997014,0.00072666747,1033.7320420455674,0.00073123106,-0.029424794,-0.019780222
0.9991331,0.0005407818,0,0.0035354048,875.2577326752546,1033.7307485098272,4468,5843.846,3.136508,817.32666,0.35915285,7493.307,4.0557604,0,,,,,875.2577326752546,0.00072817504,1033.7307485098272,0.00073258526,-0.0292235,-0.019719267
0.9999745,0.0005409244,0,0.0035357429,875.2572425394264,1033.731262148762,4469,5848.8867,3.137122,817.5746,0.35918453,7499.617,4.0568295,0,,,,,875.2572425394264,0.00072744867,1033.731262148762,0.00073188014,-0.029436655,-0.01985647
0.99946195,0.0005408041,0,0.0035360807,875.2570926837664,1033.730975875036,4470,5844.7104,3.136416,817.07983,0.3594335,7495.7734,4.0559273,0,,,,,875.2570926837664,0.00072783034,1033.730975875036,0.000732243,-0.029249944,-0.019068046
0.9999197,0.00054094277,128,0.0035364183,875.2595140377825,1033.7319090190076,4471,5847.07,3.1371512,817.66644,0.35874727,7499.2065,4.0569673,128,,,,,875.2595140377825,0.00072736846,1033.7319090190076,0.00073201454,-0.029233143,-0.019406103
0.999302,0.00054183265,0,0.0035370926,875.2661197128919,1033.6977710592405,4473,5885.5015,3.142659,816.4575,0.3595821,7494.5737,4.063641,0,,,,,875.2661197128919,0.00072612654,1033.6977710592405,0.00072832825,-0.021437475,-0.060537796
0.99948037,0.00054198445,0,0.0035374293,875.2652732693665,1033.6963877012008,4474,5887.761,3.143617,818.14386,0.3589589,7495.9116,4.0647798,0,,,,,875.2652732693665,0.00072633167,1033.6963877012008,0.00072823773,-0.021551847,-0.060638096
0.9986081,0.0005420159,0,0.0035377657,875.2679917294878,1033.6973852802528,4475,5882.359,3.1434672,816.63806,0.35970592,7489.3696,4.0650153,0,,,,,875.2679917294878,0.00072704867,1033.6973852802528,0.0007293625,-0.021487327,-0.060333323
0.9988381,0.0005419038,0,0.003538102,875.265364991134,1033.6983641272732,4476,5884.166,3.143313,817.5488,0.35885018,7491.0947,4.0641747,0,,,,,875.265364991134,0.0007269239,1033.6983641272732,0.00072897435,-0.021308415,-0.059890162
1.000029,0.00054200954,0,0.0035384377,875.2668505234551,1033.6970062557027,4477,5888.2983,3.1435134,816.95557,0.35936543,7500.026,4.0649676,0,,,,,875.2668505234551,0.0007261789,1033.6970062557027,0.0007283262,-0.02133539,-0.06005817
0.99999166,0.0005419393,0,0.003538773,875.2660514948241,1033.6979203926985,4478,5891.272,3.1434379,816.80707,0.3592238,7499.746,4.0644407,0,,,,,875.2660514948241,0.0007259733,1033.6979203926985,0.000727994,-0.021460151,-0.06012204
0.9993954,0.00054174854,0,0.0035391082,875.266200720981,1033.6976524933589,4479,5886.185,3.1425385,817.2732,0.35949567,7495.274,4.06301,0,,,,,875.266200720981,0.00072646444,1033.6976524933589,0.0007284933,-0.021248026,-0.059872653
1.0000174,0.00054174993,0,0.003539443,875.2670633283225,1033.6959092594666,4480,5889.4146,3.1422093,815.8924,0.35933235,7499.939,4.0630207,0,,,,,875.2670633283225,0.0007264321,1033.6959092594666,0.000728341,-0.02137712,-0.059768602
0.99889255,0.00054146873,0,0.0035397776,875.2653426227105,1033.6991378482583,4481,5882.583,3.1407158,815.5302,0.3592987,7491.503,4.0609117,0,,,,,875.2653426227105,0.000727096,1033.6991378482583,0.00072908343,-0.021262236,-0.059785247
0.9997348,0.00054187025,0,0.0035401117,875.266634422526,1033.698009919149,4482,5887.831,3.1428206,816.79114,0.35950258,7497.82,4.0639234,0,,,,,875.266634422526,0.00072572636,1033.698009919149,0.00072787184,-0.021490794,-0.059385438
0.99958575,0.00054206105,0,0.0035404456,875.266318679889,1033.697649988359,4483,5887.715,3.1439147,816.32477,0.35953367,7496.7017,4.0653543,0,,,,,875.266318679889,0.00072665606,1033.697649988359,0.0007288304,-0.021401221,-0.059569992
0.99892205,0.000542111,0,0.0035407792,875.2658390307964,1033.6988168899497,4484,5882.8853,3.1444793,816.7958,0.35898754,7491.724,4.0657287,0,,,,,875.2658390307964,0.0007268213,1033.6988168899497,0.00072919705,-0.021258079,-0.058942076
0.99878657,0.00054195244,0,0.0035411124,875.266752504678,1033.6990907213512,4485,5882.453,3.143409,816.15955,0.359308,7490.708,4.0645394,0,,,,,875.266752504678,0.00072716153,1033.6990907213512,0.0007294564,-0.02132571,-0.059057593
1.0008807,0.00054202176,0,0.0035414456,875.2682258343007,1033.6982587529628,4486,5894.691,3.1438892,816.50214,0.35896444,7506.414,4.0650597,0,,,,,875.2682258343007,0.00072514877,1033.6982587529628,0.0007273446,-0.02130434,-0.059050243
0.9989283,0.000541691,0,0.003541778,875.2660302555123,1033.6992065732823,4487,5882.1865,3.1421492,815.3878,0.35947496,7491.771,4.062579,0,,,,,875.2660302555123,0.0007272679,1033.6992065732823,0.00072948687,-0.021208726,-0.05848714
0.9984193,0.0005416566,0,0.0035421106,875.265987998883,1033.69830395892,4488,5879.8315,3.1416876,816.9871,0.35865355,7487.9536,4.062321,0,,,,,875.265987998883,0.0007273611,1033.69830395892,0.0007294753,-0.021295955,-0.058598768
0.99842155,0.0005415777,0,0.0035424426,875.2660665378332,1033.7003790076208,4489,5880.2456,3.1414425,816.51917,0.35909936,7487.9707,4.061729,0,,,,,875.2660665378332,0.00072731136,1033.7003790076208,0.00072948803,-0.021129351,-0.058641125
0.9998636,0.00054172665,0,0.0035427744,875.2687198963395,1033.6993234301315,4490,5887.472,3.1423779,816.6967,0.35908154,7498.7856,4.062846,0,,,,,875.2687198963395,0.00072596665,1033.6993234301315,0.00072823244,-0.02104251,-0.0585279
0.9998061,0.00054185634,0,0.0035431057,875.265793756534,1033.699384859921,4491,5888.425,3.143091,815.78217,0.35955504,7498.3545,4.063819,0,,,,,875.265793756534,0.00072607753,1033.699384859921,0.00072824367,-0.021315679,-0.058435388
0.99939644,0.0005419631,0,0.003543437,875.2670218558541,1033.698505303135,4492,5885.6333,3.1435616,816.3567,0.35921597,7495.282,4.0646195,0,,,,,875.2670218558541,0.0007270784,1033.698505303135,0.0007294341,-0.02104126,-0.05874144
0.9992613,0.00054193044,0,0.0035437676,875.2674996676504,1033.6983649201513,4493,5884.356,3.1433194,816.08185,0.35941136,7494.2686,4.0643744,0,,,,,875.2674996676504,0.0007267092,1033.6983649201513,0.00072908314,-0.02078951,-0.058298692
0.99811745,0.0005417372,0,0.0035440982,875.2673515851855,1033.6987408326058,4494,5878.4883,3.1421525,816.6038,0.35937974,7485.69,4.0629253,0,,,,,875.2673515851855,0.0007270225,1033.6987408326058,0.00072928256,-0.020924352,-0.058401663
0.9993406,0.00054179766,0,0.0035444284,875.2666395422225,1033.698719431101,4495,5885.2837,3.1425724,815.76416,0.35991767,7494.8633,4.063379,0,,,,,875.2666395422225,0.0007257873,1033.698719431101,0.0007281646,-0.021207297,-0.058065012
0.99839985,0.0005417074,0,0.0035447583,875.2654530150076,1033.699857996238,4496,5878.8975,3.1421251,816.6733,0.35918766,7487.8076,4.0627017,0,,,,,875.2654530150076,0.0007271706,1033.699857996238,0.00072936976,-0.020945834,-0.057851825
0.99897677,0.00054179516,0,0.003545088,875.2662610379457,1033.7002802641932,4497,5883.339,3.1425297,816.0813,0.3592611,7492.135,4.06336,0,,,,,875.2662610379457,0.000726912,1033.7002802641932,0.00072910864,-0.020964677,-0.057906646
1.0002403,0.00054182997,0,0.0035454172,875.2676246253309,1033.6985976984326,4498,5890.015,3.1428335,816.17175,0.3592381,7501.611,4.063621,0,,,,,875.2676246253309,0.0007256641,1033.6985976984326,0.0007278289,-0.020997217,-0.057637546
1.0002309,0.00054185867,0,0.0035457462,875.2678390137512,1033.7005709576633,4499,5890.3994,3.1430836,815.1551,0.35968947,7501.5405,4.063836,0,,,,,875.2678390137512,0.00072582735,1033.7005709576633,0.00072824955,-0.02081393,-0.057815842
0.9990813,0.0005418067,0,0.0035460747,875.267321785627,1033.6998205347543,4500,5884.5283,3.142539,816.36896,0.3595144,7492.9185,4.0634465,0,,,,,875.267321785627,0.000727065,1033.6998205347543,0.0007294575,-0.020857649,-0.057842232
0.99985135,0.0005417611,0,0.0035464033,875.269166227006,1033.699976027981,4501,5887.7104,3.1425865,815.8198,0.3595877,7498.694,4.0631046,0,,,,,875.269166227006,0.0007261317,1033.699976027981,0.00072865305,-0.020515574,-0.05751484
0.99959046,0.0005417646,0,0.0035467313,875.266705407196,1033.7007516640142,4502,5886.5327,3.142371,816.3732,0.35897723,7496.7373,4.063131,0,,,,,875.266705407196,0.0007265574,1033.7007516640142,0.0007288479,-0.020512508,-0.0576106
0.9998181,0.0005418466,0,0.003547059,875.2665149473802,1033.7000896275408,4503,5888.0303,3.1426458,815.60474,0.35905847,7498.4443,4.063746,0,,,,,875.2665149473802,0.0007260386,1033.7000896275408,0.00072831847,-0.020644402,-0.05773537
0.99880654,0.0005418113,0,0.0035473865,875.2674206996948,1033.7000964120073,4504,5881.2036,3.1425886,815.9523,0.3593051,7490.858,4.063481,0,,,,,875.2674206996948,0.0007266052,1033.7000964120073,0.00072910584,-0.020619333,-0.05741891
0.99827325,0.0005418443,0,0.0035477134,875.2681503577744,1033.699777311657,4505,5879.153,3.1429029,817.2111,0.3590771,7486.8584,4.0637283,0,,,,,875.2681503577744,0.0007272176,1033.699777311657,0.00072972395,-0.02047336,-0.05744919
0.9988223,0.00054185657,0,0.0035480403,875.2676489100362,1033.699499969629,4506,5882.5654,3.1428163,815.14856,0.35950089,7490.976,4.0638204,0,,,,,875.2676489100362,0.000727075,1033.699499969629,0.00072952674,-0.020424806,-0.0575728
0.9988468,0.0005418094,0,0.0035483667,875.2676257660746,1033.6998182297625,4507,5881.351,3.142556,815.82043,0.35949928,7491.16,4.063467,0,,,,,875.2676257660746,0.0007272349,1033.6998182297625,0.0007296464,-0.020495176,-0.057136744
0.9991822,0.00054182106,0,0.003548693,875.2689666123958,1033.7004561023778,4508,5884.953,3.1427293,815.6346,0.35874012,7493.6753,4.0635543,0,,,,,875.2689666123958,0.0007265861,1033.7004561023778,0.0007292116,-0.020341814,-0.05729705
0.9988266,0.00054170215,0,0.0035490189,875.2683602961116,1033.6998312054018,4509,5882.232,3.142088,816.2782,0.35887182,7491.0083,4.0626626,0,,,,,875.2683602961116,0.00072667917,1033.6998312054018,0.0007290969,-0.020307915,-0.05722423
0.99995834,0.00054172316,0,0.0035493444,875.2678099279563,1033.702217883059,4510,5887.9414,3.1421678,815.9036,0.3593363,7499.496,4.06282,0,,,,,875.2678099279563,0.0007260786,1033.702217883059,0.00072859495,-0.020530734,-0.056517743
0.9986586,0.0005416315,0,0.0035496696,875.2674720691541,1033.699459006666,4511,5881.457,3.1414735,815.78406,0.35947964,7489.7485,4.0621324,0,,,,,875.2674720691541,0.0007268526,1033.699459006666,0.00072910794,-0.020142375,-0.056853216
0.9981195,0.00054162036,0,0.0035499947,875.2679613427222,1033.7007867228378,4512,5877.7246,3.1415093,815.39185,0.3587744,7485.705,4.062049,0,,,,,875.2679613427222,0.0007271908,1033.7007867228378,0.00072966306,-0.020122703,-0.0570591
0.99807864,0.0005417613,0,0.0035503192,875.2689174552006,1033.7012905238312,4513,5877.2583,3.1425178,814.57886,0.3594176,7485.399,4.063106,0,,,,,875.2689174552006,0.00072647777,1033.7012905238312,0.0007291925,-0.020123823,-0.056682087
0.9990903,0.00054208,0,0.0035506436,875.2674819249053,1033.6996368015486,4514,5883.933,3.1441898,815.31024,0.35909867,7492.9863,4.065496,0,,,,,875.2674819249053,0.0007265908,1033.6996368015486,0.0007292633,-0.01989372,-0.057194833
0.9992826,0.00054198125,0,0.0035509677,875.2686130070933,1033.70014303138,4515,5884.1445,3.1436162,815.3576,0.35929915,7494.428,4.0647554,0,,,,,875.2686130070933,0.0007258126,1033.70014303138,0.0007285608,-0.020138819,-0.05665213
0.9988703,0.0005418015,0,0.0035512913,875.2675296352431,1033.7000030902557,4516,5882.1865,3.142668,815.0766,0.3594733,7491.336,4.0634074,0,,,,,875.2675296352431,0.00072642183,1033.7000030902557,0.0007287198,-0.01984959,-0.05651859
1.0006142,0.0005418921,0,0.0035516147,875.2683745009929,1033.7002319731214,4517,5892.9087,3.1430988,815.74884,0.3590651,7504.4146,4.064087,0,,,,,875.2683745009929,0.00072568026,1033.7002319731214,0.00072819757,-0.019668587,-0.05689857
0.99918014,0.0005416663,0,0.0035519379,875.267643706638,1033.700007573088,4518,5883.767,3.1418824,815.873,0.3591016,7493.6597,4.0623937,0,,,,,875.267643706638,0.0007264275,1033.700007573088,0.00072876835,-0.019786363,-0.056482453
1.0005393,0.0005418094,0,0.0035522606,875.2695586549783,1033.7015661581772,4519,5892.2695,3.1425707,814.72314,0.35985062,7503.8535,4.063467,0,,,,,875.2695586549783,0.00072523806,1033.7015661581772,0.00072789396,-0.019677332,-0.056492817
0.99800926,0.00054156774,0,0.003552583,875.2677189138399,1033.7018451787617,4520,5877.616,3.1412737,815.6061,0.35953194,7484.8784,4.0616546,0,,,,,875.2677189138399,0.00072738633,1033.7018451787617,0.0007298843,-0.019870264,-0.056517325
0.9991064,0.000541749,0,0.0035529053,875.2681724289957,1033.7014447370866,4521,5882.8096,3.142445,816.50775,0.35908303,7493.107,4.063014,0,,,,,875.2681724289957,0.0007266087,1033.7014447370866,0.0007291861,-0.019626811,-0.055992514
0.99886036,0.0005419214,0,0.003553227,875.2670881329745,1033.700710969226,4522,5881.955,3.143299,815.7663,0.35904533,7491.2617,4.0643067,0,,,,,875.2670881329745,0.000727099,1033.700710969226,0.000729701,-0.019465867,-0.056136098
0.9980212,0.0005419267,0,0.0035535486,875.2682748411607,1033.7007665760661,4523,5877.35,3.142928,816.3348,0.35918322,7484.968,4.064347,0,,,,,875.2682748411607,0.000727415,1033.7007665760661,0.00073008426,-0.01976416,-0.055930484
0.9977278,0.0005416814,0,0.00355387,875.2679920645669,1033.7008584812083,4524,5874.492,3.1419117,815.01825,0.35924193,7482.7676,4.062507,0,,,,,875.2679920645669,0.00072794495,1033.7008584812083,0.00073056284,-0.019572183,-0.055861417
0.9969931,0.00054173573,128,0.003554191,875.2672578303691,1033.701227558483,4525,5871.487,3.141967,815.5439,0.35944796,7477.258,4.0629144,128,,,,,875.2672578303691,0.0007282195,1033.701227558483,0.0007306585,-0.019452747,-0.05602132
0.9987734,0.0005417614,0,0.0035545116,875.2675800672691,1033.7006837882054,4526,5881.9287,3.1422572,816.4808,0.3589426,7490.6094,4.063107,0,,,,,875.2675800672691,0.0007265026,1033.7006837882054,0.0007290581,-0.019488934,-0.056132052
0.9975754,0.0005415852,0,0.0035548317,875.2694182478999,1033.7004275693225,4527,5874.2,3.1415725,817.5805,0.3586983,7481.6245,4.061785,0,,,,,875.2694182478999,0.00072802085,1033.7004275693225,0.0007306956,-0.019107921,-0.055697836
0.9987542,0.0005416965,0,0.0035551519,875.2687023620615,1033.7010164271785,4528,5882.33,3.1419823,815.4546,0.35935578,7490.4653,4.06262,0,,,,,875.2687023620615,0.0007265055,1033.7010164271785,0.0007290859,-0.019090965,-0.05562002
0.9994913,0.00054178014,0,0.0035554715,875.2680261446365,1033.6995955218813,4529,5886.0806,3.1425247,815.28906,0.3596664,7495.993,4.063247,0,,,,,875.2680261446365,0.00072647765,1033.6995955218813,0.00072893285,-0.019140467,-0.055733554
0.9988009,0.0005417225,8192,0.0035557908,875.2683707937218,1033.7012459394114,4530,5881.3794,3.1422195,815.05334,0.35932475,7490.8154,4.062815,8192,,,,,875.2683707937218,0.0007267933,1033.7012459394114,0.0007294686,-0.01906354,-0.055320274
0.99926394,0.00054183096,0,0.00355611,875.2682171504382,1033.7014174013448,4531,5884.884,3.1426868,815.4179,0.3594622,7494.288,4.0636287,0,,,,,875.2682171504382,0.00072712044,1033.7014174013448,0.0007297272,-0.019307494,-0.05545269
0.9990875,0.00054173154,0,0.0035564287,875.2691480646095,1033.7007193914833,4532,5883.1567,3.1421943,815.6861,0.3593627,7492.9653,4.062883,0,,,,,875.2691480646095,0.0007257742,1033.7007193914833,0.00072841527,-0.018972702,-0.055480335
0.999637,0.0005418126,0,0.0035567472,875.2690430385339,1033.7006313474285,4533,5886.138,3.1424801,815.8521,0.3589363,7497.0864,4.063491,0,,,,,875.2690430385339,0.00072587276,1033.7006313474285,0.0007284911,-0.018914565,-0.05500586
0.99918526,0.00054177607,0,0.0035570653,875.2693176919183,1033.7013921771063,4534,5884.125,3.1423943,815.2299,0.35941657,7493.698,4.0632167,0,,,,,875.2693176919183,0.00072608783,1033.7013921771063,0.00072888803,-0.019180927,-0.05507107
0.99854743,0.00054180477,0,0.003557383,875.2689300554625,1033.7024071947403,4535,5879.365,3.142542,816.37256,0.35954615,7488.9146,4.063432,0,,,,,875.2689300554625,0.00072751706,1033.7024071947403,0.00073029223,-0.019226667,-0.054961633
0.9992895,0.0005418839,0,0.0035577007,875.2692865130321,1033.7013290717491,4536,5884.3296,3.142882,816.8946,0.35871089,7494.48,4.064026,0,,,,,875.2692865130321,0.00072630716,1033.7013290717491,0.0007291122,-0.01880124,-0.055071633
0.9984673,0.0005417907,0,0.0035580178,875.268340837225,1033.7008274455616,4537,5880.3286,3.1423264,816.71027,0.35939837,7488.314,4.0633264,0,,,,,875.268340837225,0.0007270051,1033.7008274455616,0.0007296558,-0.018701266,-0.05512196
1.0012051,0.0005420284,0,0.0035583347,875.2698236308662,1033.702441171023,4538,5894.9106,3.1438653,816.51514,0.35933146,7508.8467,4.0651093,0,,,,,875.2698236308662,0.00072556327,1033.702441171023,0.0007284416,-0.018768163,-0.054516803
0.99952173,0.0005418117,0,0.0035586513,875.2690760624331,1033.7015887430648,4539,5886.1084,3.1425881,815.9562,0.35927284,7496.2217,4.063484,0,,,,,875.2690760624331,0.000726031,1033.7015887430648,0.00072874007,-0.01894771,-0.05462164
0.9990674,0.0005417236,0,0.0035589675,875.2694588190166,1033.702145456984,4540,5883.6133,3.1419413,814.8793,0.35946792,7492.8145,4.0628233,0,,,,,875.2694588190166,0.00072617526,1033.702145456984,0.0007288887,-0.018831158,-0.054692913
0.99979997,0.0005416966,0,0.0035592834,875.2704018287936,1033.7027142929683,4541,5886.514,3.1419876,815.44446,0.35957003,7498.3086,4.062621,0,,,,,875.2704018287936,0.0007263945,1033.7027142929683,0.00072915456,-0.019100629,-0.05417192
0.9994814,0.0005417929,0,0.0035595992,875.2678706246184,1033.70239380038,4542,5885.808,3.1422985,815.39685,0.35965326,7495.919,4.063343,0,,,,,875.2678706246184,0.0007262745,1033.70239380038,0.0007288548,-0.0190861,-0.054183826
0.9971049,0.00054183,128,0.0035599144,875.269341145879,1033.7037362989481,4543,5871.48,3.1426625,815.43665,0.35961154,7478.0957,4.0636215,128,,,,,875.269341145879,0.00072684657,1033.7037362989481,0.0007300039,-0.019261008,-0.05411166
0.9984803,0.000541971,0,0.0035602294,875.2671488889856,1033.703690311155,4544,5878.3965,3.143544,817.6079,0.35900787,7488.411,4.0646787,0,,,,,875.2671488889856,0.0007275569,1033.703690311155,0.00073053926,-0.019144962,-0.05364582
0.9990623,0.00054198527,0,0.0035605442,875.2679029536437,1033.702429091822,4545,5882.9893,3.1437,815.43097,0.35957974,7492.776,4.064786,0,,,,,875.2679029536437,0.0007261769,1033.702429091822,0.0007290491,-0.019036863,-0.053700652
0.99216205,0.00054083235,0,0.0035608588,875.2699404820635,1033.7029932028697,4546,5842.482,3.1370156,815.1047,0.35932112,7441.0254,4.056139,0,,,,,875.2699404820635,0.00073074497,1033.7029932028697,0.0007337097,-0.019062871,-0.054022014
0.9773753,0.0005389028,0,0.0035611729,875.2706521843475,1033.7037364811895,4547,5756.4233,3.1257403,815.81146,0.3594632,7330.128,4.041668,0,,,,,875.2706521843475,0.0007408932,1033.7037364811895,0.0007440067,-0.01877596,-0.053288348
0.962571,0.00053738756,0,0.0035614865,875.2711648837733,1033.702238646029,4548,5671.43,3.1167302,816.1939,0.35934973,7219.0986,4.030304,0,,,,,875.2711648837733,0.0007515309,1033.702238646029,0.0007545158,-0.01881678,-0.053816535
0.9556161,0.000536625,0,0.0035618,875.271231343354,1033.704702092248,4549,5630.0386,3.112339,816.7943,0.35950172,7166.938,4.024585,0,,,,,875.271231343354,0.00075648265,1033.704702092248,0.00075956044,-0.018992795,-0.053302888
0.9554016,0.00053650764,0,0.0035621133,875.2723048270956,1033.7025102123291,4550,5628.577,3.1120772,816.6223,0.35946786,7165.329,4.0237045,0,,,,,875.2723048270956,0.00075636193,1033.7025102123291,0.0007593693,-0.018901559,-0.0534729
0.9518016,0.00053630373,0,0.003562426,875.2702075352936,1033.7057415895038,4551,5608.296,3.1104395,815.0408,0.3597367,7138.3296,4.0221753,0,,,,,875.2702075352936,0.00075731444,1033.7057415895038,0.0007605216,-0.019008964,-0.053086936
0.9528281,0.0005366138,0,0.0035627387,875.2721278690893,1033.7044775600093,4552,5613.3623,3.1124365,815.1456,0.35988685,7146.0283,4.024501,0,,,,,875.2721278690893,0.0007588759,1033.7044775600093,0.0007622896,-0.018979538,-0.053113334
0.95233506,0.00053663034,8192,0.0035630509,875.2706586843378,1033.7036576453606,4553,5610.7163,3.1124752,816.0599,0.35869944,7142.3306,4.024625,8192,,,,,875.2706586843378,0.00076007546,1033.7036576453606,0.00076337263,-0.01900367,-0.05325991
0.95159376,0.00053637964,0,0.0035633629,875.2730865343353,1033.7028287668381,4554,5606.9688,3.111123,815.3605,0.35935956,7136.771,4.0227447,0,,,,,875.2730865343353,0.00075912813,1033.7028287668381,0.0007624074,-0.01869958,-0.053407345
0.95335555,0.0005364691,0,0.0035636744,875.2704763945408,1033.7053727510204,4555,5616.1143,3.1115503,816.5186,0.35912007,7149.9844,4.0234156,0,,,,,875.2704763945408,0.0007595392,1033.7053727510204,0.00076266465,-0.018848095,-0.052703366
0.9544116,0.00053654256,0,0.0035639857,875.2713512327474,1033.7044988554446,4556,5623.5493,3.1120906,815.165,0.3596782,7157.9043,4.0239663,0,,,,,875.2713512327474,0.00075758854,1033.7044988554446,0.00076074706,-0.018775238,-0.053084828
0.95631,0.0005367987,0,0.0035642968,875.2709536403476,1033.7039846111707,4557,5634.567,3.1133416,815.7171,0.35932374,7172.1416,4.0258875,0,,,,,875.2709536403476,0.00075665244,1033.7039846111707,0.0007597068,-0.018857738,-0.052807514
0.9640249,0.0005374413,0,0.0035646074,875.2707548441757,1033.703694773692,4558,5677.814,3.1173735,815.1733,0.3591974,7230.0024,4.030707,0,,,,,875.2707548441757,0.0007501263,1033.703694773692,0.00075314054,-0.018610166,-0.052791588
0.9816775,0.0005393875,0,0.0035649177,875.2699896762973,1033.7041953346863,4559,5781.347,3.1287365,814.23737,0.35947663,7362.393,4.0453033,0,,,,,875.2699896762973,0.0007384378,1033.7041953346863,0.00074133044,-0.018745877,-0.052912325
0.9939758,0.0005407971,0,0.0035652278,875.2704839978095,1033.7037046257897,4560,5852.4844,3.1371217,813.7392,0.3595446,7454.6284,4.0558743,0,,,,,875.2704839978095,0.00072873774,1033.7037046257897,0.00073174376,-0.018676117,-0.052755352
0.99879456,0.0005413671,0,0.0035655375,875.2691663300011,1033.704508096816,4561,5879.3794,3.1400945,814.6904,0.35911733,7490.768,4.0601497,0,,,,,875.2691663300011,0.0007260991,1033.704508096816,0.0007290123,-0.018582879,-0.052463196
0.9987572,0.00054142973,8192,0.003565847,875.2686407270473,1033.7032629014095,4562,5880.0894,3.1404197,816.5177,0.35932443,7490.488,4.0606194,8192,,,,,875.2686407270473,0.0007261457,1033.7032629014095,0.0007288232,-0.018515892,-0.052326206
0.9992169,0.0005415845,0,0.0035661561,875.269271784693,1033.7029451394358,4563,5882.679,3.1412456,814.9102,0.35934275,7493.9355,4.06178,0,,,,,875.269271784693,0.00072635745,1033.7029451394358,0.0007292947,-0.018365856,-0.052551553
0.999049,0.00054136274,0,0.0035664649,875.2682015289886,1033.7052479762165,4564,5880.1353,3.1401153,815.8508,0.35894635,7492.6763,4.060117,0,,,,,875.2682015289886,0.00072607707,1033.7052479762165,0.00072902755,-0.018752627,-0.051734492
0.9990542,0.0005417893,0,0.0035667734,875.2693594653636,1033.703964354631,4565,5881.307,3.1425502,815.71954,0.35938522,7492.7153,4.063316,0,,,,,875.2693594653636,0.0007272366,1033.703964354631,0.0007303213,-0.018254038,-0.052265193
0.99912804,0.00054196024,128,0.0035670816,875.2689552890322,1033.706176676785,4566,5881.17,3.1436324,816.6391,0.3591459,7493.269,4.064598,128,,,,,875.2689552890322,0.00072703505,1033.706176676785,0.0007303297,-0.018402388,-0.05199121
1.0000798,0.00054151716,0,0.0035673894,875.2692911551337,1033.7050123324227,4567,5885.922,3.1408222,815.2797,0.35945097,7500.4067,4.061275,0,,,,,875.2692911551337,0.0007262101,1033.7050123324227,0.0007292933,-0.018387279,-0.051598
0.99866605,0.00054137973,0,0.003567697,875.2684622752054,1033.703008430557,4568,5878.855,3.1402152,814.3893,0.35907096,7489.804,4.0602446,0,,,,,875.2684622752054,0.000726687,1033.703008430557,0.00072955823,-0.018241163,-0.05197631
0.99843144,0.0005413205,0,0.0035680044,875.2707521697099,1033.7036287244414,4569,5876.9834,3.1399229,813.4837,0.3595572,7488.045,4.0598,0,,,,,875.2707521697099,0.0007263831,1033.7036287244414,0.0007294716,-0.018328127,-0.051663194
0.9988998,0.00054128765,0,0.0035683112,875.2704448072211,1033.7035094964504,4570,5879.279,3.1396537,814.9431,0.35916287,7491.5576,4.0595536,0,,,,,875.2704448072211,0.0007265853,1033.7035094964504,0.0007295855,-0.018585276,-0.051257476
0.9983916,0.00054124545,0,0.0035686179,875.2691396015036,1033.7032253568902,4571,5877.267,3.1391973,813.66223,0.35985163,7487.746,4.0592375,0,,,,,875.2691396015036,0.00072625186,1033.7032253568902,0.0007290439,-0.018351091,-0.051403303
0.9988388,0.00054126314,0,0.0035689243,875.2691387249902,1033.7050630850456,4572,5878.787,3.139555,815.24725,0.3592348,7491.0996,4.05937,0,,,,,875.2691387249902,0.00072700315,1033.7050630850456,0.00073003635,-0.01856063,-0.0512125
0.9984277,0.00054128305,0,0.0035692302,875.2692108913036,1033.7039303330657,4573,5876.7915,3.140025,814.7111,0.359339,7488.0166,4.0595193,0,,,,,875.2692108913036,0.0007263392,1033.7039303330657,0.0007293384,-0.01828427,-0.05106565
0.99818975,0.0005417983,0,0.003569536,875.2693612071979,1033.7046952335918,4574,5875.675,3.1428492,815.59863,0.3595681,7486.232,4.0633836,0,,,,,875.2693612071979,0.00072726165,1033.7046952335918,0.0007305036,-0.018585453,-0.050975896
0.998204,0.00054146396,0,0.0035698412,875.2695806586582,1033.7044820018027,4575,5874.8076,3.1408694,815.53827,0.35870084,7486.339,4.060876,0,,,,,875.2695806586582,0.00072756904,1033.7044820018027,0.00073069945,-0.018162029,-0.050859492
1.0000653,0.00054190785,0,0.0035701464,875.2704110526238,1033.7052218231483,4576,5886.614,3.1434617,815.3096,0.3592801,7500.2983,4.064205,0,,,,,875.2704110526238,0.0007256039,1033.7052218231483,0.0007289104,-0.01834477,-0.050950427
0.9991282,0.00054138555,0,0.0035704512,875.2697272734738,1033.7035916477696,4577,5881.23,3.140343,814.77844,0.3597316,7493.2705,4.060288,0,,,,,875.2697272734738,0.00072621874,1033.7035916477696,0.0007291332,-0.018240357,-0.05075832
0.99868244,0.0005411978,0,0.0035707555,875.2709404256482,1033.7052428075376,4578,5877.211,3.139545,815.3605,0.3591288,7489.9272,4.05888,0,,,,,875.2709404256482,0.0007265788,1033.7052428075376,0.0007296431,-0.018078882,-0.050690286
0.9990447,0.00054129754,0,0.0035710596,875.2690496381636,1033.7056181478947,4579,5880.175,3.1394677,815.86945,0.35887918,7492.644,4.059628,0,,,,,875.2690496381636,0.0007273486,1033.7056181478947,0.0007303916,-0.0181773,-0.050373767
0.9986783,0.0005412263,0,0.0035713634,875.2699265750376,1033.7052824053383,4580,5877.7544,3.1390755,815.9891,0.358661,7489.8965,4.0590935,0,,,,,875.2699265750376,0.0007272878,1033.7052824053383,0.0007302438,-0.018344982,-0.050979435
0.9995858,0.0005413161,8192,0.003571667,875.268409784587,1033.7033705549288,4581,5882.066,3.1400144,815.2735,0.35900584,7496.702,4.0597672,8192,,,,,875.268409784587,0.00072605564,1033.7033705549288,0.00072971603,-0.018011352,-0.050792634
0.998172,0.0005414244,0,0.0035719702,875.2698642552346,1033.704946590035,4582,5874.949,3.1404328,814.52435,0.35950392,7486.0986,4.0605793,0,,,,,875.2698642552346,0.000726877,1033.704946590035,0.0007300497,-0.018171791,-0.05017085
0.9986877,0.0005420275,0,0.003572273,875.2684630984002,1033.7065790973147,4583,5877.6553,3.1439137,815.8668,0.3590223,7489.9663,4.0651026,0,,,,,875.2684630984002,0.000726816,1033.7065790973147,0.0007303003,-0.018300148,-0.050003514
0.99931484,0.00054150133,8192,0.0035725757,875.2691343709007,1033.7055096395768,4584,5880.4956,3.1412518,815.06085,0.35902604,7494.67,4.0611563,8192,,,,,875.2691343709007,0.00072614104,1033.7055096395768,0.0007295724,-0.017935405,-0.050024193
0.99840486,0.00054135185,8192,0.003572878,875.2709583525423,1033.7046252805726,4585,5875.824,3.1401265,814.99036,0.35978097,7487.845,4.060035,8192,,,,,875.2709583525423,0.00072670676,1033.7046252805726,0.0007299869,-0.018082833,-0.050373036
0.99922764,0.0005413842,0,0.00357318,875.2693399612101,1033.7067563232813,4586,5879.911,3.1402013,816.1841,0.35928562,7494.016,4.060278,0,,,,,875.2693399612101,0.0007271577,1033.7067563232813,0.0007304336,-0.01820618,-0.05003683
0.9998468,0.0005413572,0,0.0035734815,875.2730412559481,1033.7069455033693,4587,5882.611,3.1403792,815.51526,0.35907033,7498.6597,4.0600753,0,,,,,875.2730412559481,0.0007251628,1033.7069455033693,0.000728925,-0.017995967,-0.050029542
0.9989283,0.0005412624,0,0.0035737827,875.2687402268294,1033.7060602344468,4588,5878.265,3.1396925,815.80707,0.3596647,7491.771,4.0593643,0,,,,,875.2687402268294,0.00072682,1033.7060602344468,0.0007300968,-0.017974807,-0.04973578
0.9990298,0.00054119393,0,0.0035740838,875.2699883462716,1033.7053430412857,4589,5877.8677,3.139426,814.7814,0.35882545,7492.532,4.058851,0,,,,,875.2699883462716,0.00072635553,1033.7053430412857,0.00072943413,-0.018150996,-0.049404085
0.99904907,0.00054120796,0,0.0035743846,875.2707555702034,1033.7050340683518,4590,5878.03,3.1396914,814.285,0.35930812,7492.677,4.058956,0,,,,,875.2707555702034,0.00072571856,1033.7050340683518,0.0007289539,-0.017882267,-0.049686577
0.9993049,0.0005413377,0,0.003574685,875.2693430433475,1033.7058917326435,4591,5880.3145,3.1403193,814.56757,0.35937515,7494.595,4.0599294,0,,,,,875.2693430433475,0.00072664313,1033.7058917326435,0.0007297899,-0.018098168,-0.04943094
0.9989207,0.0005412631,0,0.003574985,875.2705245316824,1033.7057277795836,4592,5877.663,3.1400504,814.3907,0.35943088,7491.714,4.0593696,0,,,,,875.2705245316824,0.000725764,1033.7057277795836,0.00072922657,-0.017827343,-0.049506012
1.0004097,0.000541381,0,0.0035752847,875.2711754919285,1033.7065086662108,4593,5886.292,3.1407628,815.1638,0.3590258,7502.882,4.060254,0,,,,,875.2711754919285,0.00072575686,1033.7065086662108,0.0007291796,-0.01784845,-0.049186226
0.99876285,0.00054131215,0,0.0035755842,875.2707339941087,1033.7057942912597,4594,5877.0454,3.1398308,815.7193,0.35890564,7490.5303,4.0597377,0,,,,,875.2707339941087,0.0007271921,1033.7057942912597,0.0007305031,-0.017730966,-0.049126066
0.9993992,0.00054131355,0,0.0035758833,875.2684428383989,1033.7074431232838,4595,5879.859,3.1403067,815.7121,0.35911322,7495.3027,4.059748,0,,,,,875.2684428383989,0.00072698895,1033.7074431232838,0.00073038205,-0.017799273,-0.04844229
0.99888515,0.0005412616,0,0.0035761823,875.2703885143226,1033.706277142053,4596,5877.3286,3.1399784,815.13635,0.3589234,7491.4473,4.059358,0,,,,,875.2703885143226,0.0007267364,1033.706277142053,0.0007300234,-0.0177868,-0.04887125
0.998713,0.0005412585,0,0.0035764808,875.2693219047352,1033.7080882273744,4597,5876.598,3.139834,815.4237,0.35945016,7490.1562,4.059335,0,,,,,875.2693219047352,0.0007271923,1033.7080882273744,0.000730581,-0.01767982,-0.04901976
0.99861526,0.00054125686,0,0.0035767788,875.2690838832519,1033.7075467856762,4598,5874.467,3.1396883,815.8276,0.35920548,7489.4233,4.059323,0,,,,,875.2690838832519,0.00072650047,1033.7075467856762,0.0007298352,-0.017927255,-0.0484812
0.9991831,0.0005412809,0,0.0035770768,875.2702724641472,1033.707704355962,4599,5878.7227,3.140205,815.05365,0.35927582,7493.682,4.059503,0,,,,,875.2702724641472,0.00072591373,1033.707704355962,0.0007294748,-0.017544117,-0.04875283
0.9990418,0.0005412656,0,0.0035773744,875.2705486937164,1033.7064502446997,4600,5877.909,3.139707,814.6598,0.3589867,7492.622,4.059388,0,,,,,875.2705486937164,0.0007259076,1033.7064502446997,0.0007292567,-0.017785635,-0.04853438
0.99916995,0.0005412332,0,0.0035776717,875.2711922871126,1033.7079997417618,4601,5877.3813,3.13956,815.5517,0.35893834,7493.5835,4.0591455,0,,,,,875.2711922871126,0.0007261943,1033.7079997417618,0.0007298386,-0.01775988,-0.048247296
1.0007645,0.0005414682,16,0.0035782652,875.2703151442969,1033.7046874563184,4603,5886.51,3.1409488,816.3999,0.3591181,7505.5425,4.060908,16,,,,,875.2703151442969,0.0007255244,1033.7046874563184,0.00072871527,-0.01784816,-0.049447663
0.99962395,0.0005413457,16,0.0035785616,875.2698832078353,1033.7084666816475,4604,5875.6543,3.1405697,815.44727,0.35919246,7496.9883,4.059989,16,,,,,875.2698832078353,0.00072605454,1033.7084666816475,0.00072983996,-0.017532134,-0.047409695
1.000068,0.00054152985,16,0.0035788575,875.2704048977508,1033.706257907525,4605,5882.5244,3.1413705,815.5397,0.3592839,7500.3184,4.0613704,16,,,,,875.2704048977508,0.00072592194,1033.706257907525,0.0007295001,-0.0180447,-0.048448402
1.0002147,0.0005414901,16,0.0035791532,875.2699472996593,1033.706355383511,4606,5882.8467,3.141153,815.86865,0.35919812,7501.419,4.061072,16,,,,,875.2699472996593,0.000725944,1033.706355383511,0.000729225,-0.018328018,-0.049002063
1.0009758,0.0005414944,16,0.0035794487,875.2706426188929,1033.7061507630488,4607,5885.123,3.141173,815.88513,0.3595142,7507.127,4.0611043,16,,,,,875.2706426188929,0.00072524865,1033.7061507630488,0.0007287026,-0.01793388,-0.04822638
0.9995074,0.00054129906,16,0.0035797437,875.2703322293331,1033.7073385800545,4608,5879.3623,3.1398408,815.35706,0.35928294,7496.1143,4.0596395,16,,,,,875.2703322293331,0.0007259485,1033.7073385800545,0.00072941964,-0.017337097,-0.04760204
1.0015647,0.0005413714,0,0.0035800384,875.2715660403869,1033.7062166702267,4609,5890.352,3.1404884,815.19763,0.358959,7511.5435,4.060182,0,,,,,875.2715660403869,0.00072469853,1033.7062166702267,0.00072799623,-0.01753587,-0.0475398
1.0053141,0.00054314523,128,0.003580333,875.2691464344164,1033.7086920767347,4610,5911.759,3.1511436,815.49634,0.35920343,7539.663,4.0734854,128,,,,,875.2691464344164,0.0007227831,1033.7086920767347,0.0007263299,-0.017637273,-0.04706445
1.0002753,0.0005413039,0,0.003580627,875.2709812314333,1033.707206440354,4611,5883.665,3.1400316,815.73444,0.35931915,7501.873,4.0596757,0,,,,,875.2709812314333,0.000725539,1033.707206440354,0.00072897255,-0.017704599,-0.047320183
1.0008152,0.00054151175,0,0.0035809209,875.2700260490558,1033.7075936970714,4612,5885.903,3.1413183,814.95685,0.3594328,7505.9224,4.0612345,0,,,,,875.2700260490558,0.0007261226,1033.7075936970714,0.0007296468,-0.017506901,-0.047109187
0.9983989,0.0005415158,0,0.0035812142,875.2695194431292,1033.708197390333,4613,5872.046,3.1415415,815.31635,0.35895804,7487.801,4.061265,0,,,,,875.2695194431292,0.00072659226,1033.708197390333,0.00073036127,-0.017463572,-0.046950188
0.9998752,0.0005416287,0,0.0035815076,875.2693959650599,1033.7071722370877,4614,5880.7095,3.141899,815.08777,0.35852006,7498.8726,4.0621114,0,,,,,875.2693959650599,0.0007267052,1033.7071722370877,0.0007302913,-0.017598173,-0.047019415
1.0001845,0.00054140587,0,0.0035818005,875.2711189253562,1033.7074572494557,4615,5881.844,3.140762,815.6424,0.3592369,7501.1924,4.0604405,0,,,,,875.2711189253562,0.0007256846,1033.7074572494557,0.00072930567,-0.017346842,-0.04662174
1.0007088,0.00054139504,0,0.003582093,875.2708293353098,1033.7090589539673,4616,5885.449,3.1405745,814.60016,0.35960832,7505.1245,4.060359,0,,,,,875.2708293353098,0.00072526996,1033.7090589539673,0.0007288604,-0.01732132,-0.046584643
1.0001457,0.00054133247,0,0.0035823851,875.2703103458869,1033.708948144526,4617,5882.3564,3.1400158,814.2767,0.3595019,7500.901,4.05989,0,,,,,875.2703103458869,0.000726117,1033.708948144526,0.00072982634,-0.017306058,-0.04655555
0.9994787,0.0005412127,0,0.003582677,875.2706087476281,1033.7088646317377,4618,5877.072,3.1394842,815.6963,0.35861582,7495.899,4.0589914,0,,,,,875.2706087476281,0.0007260271,1033.7088646317377,0.00072969357,-0.017304292,-0.04620981
0.9997628,0.000541245,0,0.0035829688,875.2713023804923,1033.709318703856,4619,5879.4214,3.1396086,815.495,0.35903952,7498.0293,4.0592337,0,,,,,875.2713023804923,0.0007263775,1033.709318703856,0.0007301961,-0.017206755,-0.046270963
1.0012164,0.0005414382,0,0.00358326,875.269966655861,1033.7087276021416,4620,5888.12,3.1406093,814.3987,0.35914204,7508.9316,4.060683,0,,,,,875.269966655861,0.00072564546,1033.7087276021416,0.0007293094,-0.017326957,-0.04617083
1.0002333,0.0005414006,0,0.0035835512,875.2706268958285,1033.707720075975,4621,5881.265,3.1405668,813.8888,0.3592259,7501.5586,4.0604005,0,,,,,875.2706268958285,0.00072495756,1033.707720075975,0.0007284768,-0.017336646,-0.046114124
1.0002594,0.00054147944,0,0.0035838417,875.2703405272321,1033.709572592123,4622,5882.3657,3.1410246,815.1593,0.35918164,7501.7544,4.0609922,0,,,,,875.2703405272321,0.0007253125,1033.709572592123,0.0007289972,-0.017186346,-0.046121076
0.9994791,0.000541378,0,0.003584132,875.2715530838834,1033.71052916753,4623,5877.9746,3.1403103,815.11456,0.359614,7495.902,4.060231,0,,,,,875.2715530838834,0.0007264986,1033.71052916753,0.00073047535,-0.017235149,-0.045823302
1.0006895,0.0005413283,0,0.0035844222,875.2714738658167,1033.7096512497874,4624,5883.4873,3.1404545,815.0774,0.35902864,7504.98,4.0598583,0,,,,,875.2714738658167,0.00072510616,1033.7096512497874,0.00072907953,-0.017217143,-0.045524225
0.9999499,0.00054134557,0,0.003584712,875.2712537426733,1033.7077815946307,4625,5880.7505,3.14022,814.35034,0.35912094,7499.4326,4.059988,0,,,,,875.2712537426733,0.0007251169,1033.7077815946307,0.0007287893,-0.01712912,-0.045554925
1.000179,0.0005414166,0,0.0035850015,875.2702835321659,1033.7079890758407,4626,5881.632,3.140457,814.57446,0.35914108,7501.1514,4.0605206,0,,,,,875.2702835321659,0.0007247337,1033.7079890758407,0.00072830287,-0.01720335,-0.045295525
1.001236,0.0005413719,0,0.0035852904,875.2696703389622,1033.7092346107008,4627,5886.889,3.140763,815.6184,0.3597659,7509.0776,4.0601854,0,,,,,875.2696703389622,0.00072535605,1033.7092346107008,0.0007288668,-0.01709643,-0.045381323
1.0003189,0.00054131314,0,0.0035855793,875.2717575525444,1033.708506623566,4628,5882.536,3.1403048,814.51666,0.35958853,7502.2,4.059745,0,,,,,875.2717575525444,0.0007253042,1033.708506623566,0.0007290401,-0.016977666,-0.045758583
1.0012082,0.0005414885,0,0.0035858678,875.2704160180705,1033.70872667819,4629,5887.6714,3.1410933,815.10895,0.35919288,7508.87,4.0610604,0,,,,,875.2704160180705,0.00072510913,1033.70872667819,0.00072876667,-0.01697202,-0.045631185
1.0010483,0.00054139993,0,0.003586156,875.2714727078097,1033.7091276431743,4630,5886.192,3.140741,814.1532,0.35945162,7507.671,4.0603957,0,,,,,875.2714727078097,0.00072497164,1033.7091276431743,0.0007287305,-0.016883262,-0.045209523
0.9999081,0.00054121396,0,0.0035864438,875.2709001942569,1033.7098063367018,4631,5880.2373,3.1397405,814.59784,0.35862437,7499.119,4.059001,0,,,,,875.2709001942569,0.0007261428,1033.7098063367018,0.00072993257,-0.01685462,-0.045322765
1.0016366,0.0005414474,0,0.0035867314,875.2719439305398,1033.7093625472621,4632,5889.694,3.1408153,814.66705,0.35944918,7512.083,4.060752,0,,,,,875.2719439305398,0.0007248846,1033.7093625472621,0.00072871323,-0.016799908,-0.045325354
1.0009853,0.0005414131,0,0.0035870187,875.2710533246407,1033.7093520244553,4633,5885.7827,3.1404839,814.5128,0.3590034,7507.1978,4.0604944,0,,,,,875.2710533246407,0.00072502386,1033.7093520244553,0.0007288264,-0.016516034,-0.04502798
0.9999876,0.00054147263,0,0.0035873055,875.2724439615695,1033.7102954894706,4634,5880.6553,3.1408026,814.83936,0.359228,7499.716,4.060941,0,,,,,875.2724439615695,0.00072528195,1033.7102954894706,0.00072927185,-0.016688595,-0.04501428
1.0009857,0.00054153084,0,0.0035875922,875.2703627702376,1033.7088706831798,4635,5885.116,3.141374,814.446,0.35904673,7507.2017,4.0613775,0,,,,,875.2703627702376,0.00072458567,1033.7088706831798,0.0007283162,-0.016655967,-0.04466867
1.0017724,0.0005415731,0,0.0035878783,875.2710495892163,1033.7088829511952,4636,5890.063,3.1416528,814.93475,0.3590749,7513.101,4.0616946,0,,,,,875.2710495892163,0.00072427373,1033.7088829511952,0.00072825054,-0.016701873,-0.044631578
1.0004278,0.0005414291,0,0.0035881645,875.2716249316313,1033.7102514177573,4637,5882.842,3.1409433,814.36865,0.35889423,7503.017,4.0606146,0,,,,,875.2716249316313,0.0007260992,1033.7102514177573,0.00073011185,-0.016697105,-0.04484144
1.0011344,0.0005414483,0,0.0035884501,875.2709396229557,1033.7100169419066,4638,5885.821,3.1407607,815.44684,0.35920936,7508.3164,4.0607586,0,,,,,875.2709396229557,0.00072598783,1033.7100169419066,0.000729838,-0.01673591,-0.044374023
1.000161,0.0005412715,0,0.0035887354,875.2715435425823,1033.7112930841886,4639,5880.857,3.1398087,815.66486,0.35878897,7501.0166,4.059433,0,,,,,875.2715435425823,0.0007257321,1033.7112930841886,0.00072966574,-0.016605902,-0.04429725
1.0008346,0.00054127193,0,0.0035890203,875.2711364316197,1033.7108237844814,4640,5885.4814,3.1398072,814.24493,0.3594272,7506.068,4.059436,0,,,,,875.2711364316197,0.000725844,1033.7108237844814,0.00072956365,-0.016442591,-0.04448585
1.0006129,0.0005412707,0,0.003589305,875.2719910322129,1033.7101846137166,4641,5883.069,3.1397388,814.8287,0.35904366,7504.405,4.059427,0,,,,,875.2719910322129,0.0007256982,1033.7101846137166,0.0007296268,-0.016680008,-0.04403714
1.0018672,0.00054159435,0,0.0035895896,875.2722195880096,1033.7103197255676,4642,5891.0703,3.1416326,813.591,0.35978246,7513.812,4.061854,0,,,,,875.2722195880096,0.00072396937,1033.7103197255676,0.0007280133,-0.016407657,-0.044321004
1.0012008,0.0005417487,8192,0.0035898737,875.2719171222425,1033.7091122251,4643,5887.593,3.1425917,813.9433,0.35921812,7508.814,4.0630116,8192,,,,,875.2719171222425,0.00072416954,1033.7091122251,0.00072835607,-0.01637203,-0.04416553
1.0014484,0.000541745,0,0.0035901575,875.271601126323,1033.7100409738327,4644,5887.6865,3.1425574,813.5443,0.35922042,7510.671,4.0629835,0,,,,,875.271601126323,0.0007253654,1033.7100409738327,0.0007294292,-0.016257795,-0.043744653
1.0006344,0.0005415187,0,0.0035904408,875.2706924351396,1033.7104355054967,4645,5884.3022,3.141091,814.07794,0.35899484,7504.5664,4.0612864,0,,,,,875.2706924351396,0.0007252217,1033.7104355054967,0.00072909414,-0.01609997,-0.044246215
1.0006729,0.00054141413,0,0.003590724,875.2721545126094,1033.710441077668,4646,5884.5713,3.140602,813.9209,0.35873583,7504.8555,4.0605025,0,,,,,875.2721545126094,0.00072583946,1033.710441077668,0.00072988286,-0.015942868,-0.044216294
0.9998225,0.00054125127,0,0.0035910069,875.272864249498,1033.710536291013,4647,5878.5547,3.1397524,814.5522,0.35890883,7498.4775,4.059281,0,,,,,875.272864249498,0.0007264744,1033.710536291013,0.0007305465,-0.015838344,-0.043966636
1.0008341,0.00054131466,0,0.0035912893,875.2714845426417,1033.710308290255,4648,5885.199,3.1400807,813.6846,0.3595568,7506.0645,4.0597563,0,,,,,875.2714845426417,0.000724932,1033.710308290255,0.0007288619,-0.015990602,-0.043741293
1.0007734,0.0005413366,0,0.0035915715,875.272148299571,1033.7102102864962,4649,5884.969,3.1400259,814.3145,0.35903287,7505.6094,4.059921,0,,,,,875.272148299571,0.0007255776,1033.7102102864962,0.00072951324,-0.01592969,-0.043725684
1.0007567,0.0005413074,0,0.0035918534,875.2709560229115,1033.710429045514,4650,5884.319,3.1401625,814.26294,0.3591643,7505.484,4.059702,0,,,,,875.2709560229115,0.00072540884,1033.710429045514,0.00072926824,-0.0156802,-0.043614067
1.0011461,0.0005414398,0,0.003592135,875.2720281320793,1033.7108983118196,4651,5886.9414,3.141022,813.5269,0.35905802,7508.4043,4.0606947,0,,,,,875.2720281320793,0.00072512875,1033.7108983118196,0.00072921044,-0.016090192,-0.043480907
1.001481,0.0005416816,0,0.0035924162,875.2731892076299,1033.712542590174,4652,5888.7183,3.142334,818.30255,0.3588378,7510.916,4.062508,0,,,,,875.2731892076299,0.00072517525,1033.712542590174,0.00072952436,-0.015881978,-0.04356374
1.0007567,0.00054146344,0,0.0035926972,875.2693661567919,1033.7105014478502,4653,5884.2114,3.141099,814.9787,0.35948345,7505.484,4.060872,0,,,,,875.2693661567919,0.00072528137,1033.7105014478502,0.0007291096,-0.015923977,-0.04329814
1.000975,0.0005414025,0,0.0035929778,875.2731900290577,1033.7111445881492,4654,5886.104,3.140827,814.4617,0.3590062,7507.1206,4.0604153,0,,,,,875.2731900290577,0.0007258396,1033.7111445881492,0.0007299336,-0.015951565,-0.04316905
1.0009116,0.0005413894,0,0.003593258,875.2723756621101,1033.711495160398,4655,5885.1562,3.1405191,814.1935,0.35902223,7506.645,4.060317,0,,,,,875.2723756621101,0.0007256109,1033.711495160398,0.00072976225,-0.01570003,-0.04332094
1.0008858,0.00054143346,0,0.0035935382,875.2712862623705,1033.7113243593883,4656,5884.763,3.140592,815.0932,0.3591868,7506.452,4.0606475,0,,,,,875.2712862623705,0.00072502415,1033.7113243593883,0.00072901114,-0.015802458,-0.04296399
1.0011322,0.00054139347,0,0.0035938178,875.2721523363742,1033.7110760160772,4657,5886.764,3.1404142,813.58014,0.35906243,7508.3,4.0603476,0,,,,,875.2721523363742,0.00072485465,1033.7110760160772,0.0007287896,-0.016028622,-0.043157835
1.0004733,0.00054126367,0,0.0035940972,875.2728967906395,1033.7110547636337,4658,5882.1846,3.140011,814.50726,0.3591012,7503.358,4.059374,0,,,,,875.2728967906395,0.0007246606,1033.7110547636337,0.0007286927,-0.01564037,-0.04301841
1.0002804,0.00054129737,0,0.0035943761,875.2726708581338,1033.7107714642218,4659,5881.734,3.1400764,813.87177,0.3592312,7501.911,4.0596266,0,,,,,875.2726708581338,0.0007247119,1033.7107714642218,0.00072886987,-0.015480082,-0.042913355
1.001194,0.000541483,0,0.003594655,875.271716052385,1033.7110249285745,4660,5887.297,3.1409733,814.37805,0.35941774,7508.763,4.061019,0,,,,,875.271716052385,0.00072491885,1033.7110249285745,0.00072899536,-0.015764643,-0.04312082
1.0007709,0.0005413361,0,0.0035949333,875.2719773061132,1033.7118897470623,4661,5883.6387,3.1402662,813.67395,0.35903853,7505.5903,4.059917,0,,,,,875.2719773061132,0.0007250628,1033.7118897470623,0.0007292254,-0.015792985,-0.042784758
1.0003792,0.0005413503,0,0.0035952115,875.2723665938612,1033.710380309966,4662,5882.421,3.1402018,814.71735,0.35900065,7502.6523,4.0600233,0,,,,,875.2723665938612,0.0007254796,1033.710380309966,0.00072941405,-0.015511427,-0.042723943
0.9997949,0.0005412845,0,0.0035954893,875.2731562726183,1033.7120455987586,4663,5879.5034,3.140038,814.2391,0.3592625,7498.2705,4.0595303,0,,,,,875.2731562726183,0.00072596164,1033.7120455987586,0.00073015597,-0.015518718,-0.04275139
0.9998738,0.0005412935,0,0.0035957668,875.2734623802705,1033.7121902419497,4664,5878.523,3.1403599,815.7046,0.35869724,7498.8623,4.059598,0,,,,,875.2734623802705,0.000725565,1033.7121902419497,0.0007299332,-0.015194872,-0.042367492
0.9999244,0.00054132927,0,0.003596044,875.2728409932854,1033.7116514016266,4665,5880.215,3.1405215,813.4369,0.35923964,7499.2417,4.059866,0,,,,,875.2728409932854,0.00072560384,1033.7116514016266,0.00072986324,-0.015105744,-0.04233401
1.0002431,0.00054144947,0,0.0035963207,875.2739686595803,1033.7105300184148,4666,5882.3965,3.1405842,814.88116,0.35862985,7501.632,4.060767,0,,,,,875.2739686595803,0.0007245088,1033.7105300184148,0.00072871655,-0.015022905,-0.0425314
0.9996094,0.00054135465,0,0.0035965974,875.2736161447017,1033.711263667412,4667,5877.326,3.1403434,815.2531,0.35878897,7496.8794,4.060056,0,,,,,875.2736161447017,0.0007259191,1033.711263667412,0.0007301891,-0.014848399,-0.042407945
0.99983627,0.0005413016,0,0.0035968735,875.2721077598728,1033.7122088118228,4668,5879.483,3.1403382,814.56287,0.3591686,7498.5806,4.0596585,0,,,,,875.2721077598728,0.000726115,1033.7122088118228,0.00073030515,-0.014848878,-0.042253263
0.9999313,0.0005412435,0,0.0035971494,875.2733935205222,1033.7105113238936,4669,5879.998,3.1397102,814.0093,0.3593513,7499.293,4.0592227,0,,,,,875.2733935205222,0.0007259113,1033.7105113238936,0.0007300798,-0.014855155,-0.042188577
1.0002397,0.00054116495,0,0.003597425,875.2729949717951,1033.711919642206,4670,5880.635,3.1393483,815.22015,0.35873753,7501.607,4.0586333,0,,,,,875.2729949717951,0.0007257273,1033.711919642206,0.00072986423,-0.014659502,-0.042066038
0.99992526,0.00054117024,0,0.0035977003,875.273214642968,1033.7119610737473,4671,5879.6035,3.139305,814.12115,0.35883516,7499.248,4.0586734,0,,,,,875.273214642968,0.0007255173,1033.7119610737473,0.0007297177,-0.014845089,-0.04224375
0.99891436,0.0005411769,0,0.0035979752,875.2756195178895,1033.7114359380018,4672,5873.672,3.1396332,814.2379,0.3590563,7491.6665,4.058723,0,,,,,875.2756195178895,0.0007253223,1033.7114359380018,0.00072970934,-0.0148530565,-0.042234737
1.0002795,0.0005415719,0,0.00359825,875.2751083325018,1033.7122144608443,4673,5880.9116,3.1416569,813.3994,0.35943866,7501.905,4.0616856,0,,,,,875.2751083325018,0.0007254581,1033.7122144608443,0.000730138,-0.0147364335,-0.041707497
0.99982524,0.0005415983,0,0.0035985243,875.2750666219516,1033.7110900066405,4674,5879.3916,3.1418223,814.4944,0.3589646,7498.498,4.0618834,0,,,,,875.2750666219516,0.00072486425,1033.7110900066405,0.0007294518,-0.0146539295,-0.041959792
0.99877775,0.00054132595,0,0.0035987983,875.272842685262,1033.7126387986834,4675,5872.686,3.1401682,813.8557,0.35934642,7490.642,4.059841,0,,,,,875.272842685262,0.00072589883,1033.7126387986834,0.0007303369,-0.014644281,-0.041665096
0.9999377,0.00054131035,0,0.0035990719,875.2737436323853,1033.7116551098118,4676,5879.0947,3.1402054,814.5759,0.3592917,7499.3413,4.059724,0,,,,,875.2737436323853,0.00072523655,1033.7116551098118,0.0007293772,-0.01468361,-0.04150143
0.99949163,0.00054125075,0,0.0035993452,875.2735621926197,1033.7127249163693,4677,5877.3613,3.1397896,813.65356,0.35911953,7495.996,4.059277,0,,,,,875.2735621926197,0.0007261591,1033.7127249163693,0.0007305986,-0.014613407,-0.041459925
0.99990875,0.00054128893,128,0.0035996183,875.2750440315964,1033.7121145771982,4678,5879.0,3.1401532,814.3316,0.3590778,7499.124,4.059563,128,,,,,875.2750440315964,0.00072557974,1033.7121145771982,0.0007299641,-0.01460863,-0.041316833
0.9999154,0.0005411547,0,0.0035998912,875.2740325936529,1033.7124327459178,4679,5879.2026,3.139364,814.49255,0.35858172,7499.1743,4.0585566,0,,,,,875.2740325936529,0.00072601886,1033.7124327459178,0.0007302622,-0.014441179,-0.04119243
0.99930143,0.00054116745,0,0.0036001636,875.2741011575897,1033.713410836578,4680,5876.255,3.1391442,813.6092,0.35904416,7494.5693,4.0586524,0,,,,,875.2741011575897,0.00072563306,1033.713410836578,0.000730039,-0.014415413,-0.0414373
0.9989529,0.0005412037,0,0.0036004356,875.2728017268555,1033.7124032416207,4681,5872.947,3.1395428,814.3039,0.35890883,7491.9556,4.058924,0,,,,,875.2728017268555,0.0007264218,1033.7124032416207,0.0007307267,-0.014484599,-0.041137468
0.9983509,0.0005413631,0,0.0036007075,875.2715546916029,1033.7117549500203,4682,5869.9517,3.140347,814.7001,0.35896555,7487.441,4.0601196,0,,,,,875.2715546916029,0.0007262832,1033.7117549500203,0.00073055684,-0.014543824,-0.04124449
0.99847305,0.0005413502,0,0.003600979,875.273094638565,1033.7139194757597,4683,5871.301,3.140204,814.4384,0.3589535,7488.357,4.060023,0,,,,,875.273094638565,0.00072678877,1033.7139194757597,0.00073132716,-0.0143397115,-0.041231513
0.9985141,0.0005412049,0,0.00360125,875.2745856701287,1033.7141765101323,4684,5870.037,3.1392937,815.5986,0.35840604,7488.6646,4.058933,0,,,,,875.2745856701287,0.0007267061,1033.7141765101323,0.0007313128,-0.014479559,-0.04095174
0.9993996,0.00054123293,0,0.003601521,875.2734661087788,1033.7117244143324,4685,5875.86,3.1396422,814.39374,0.35917708,7495.3057,4.0591435,0,,,,,875.2734661087788,0.00072536466,1033.7117244143324,0.0007295808,-0.01469671,-0.041077744
0.9987933,0.000541224,0,0.0036017916,875.2743219751644,1033.7140060336378,4686,5872.8794,3.1395166,814.3117,0.3594492,7490.759,4.059077,0,,,,,875.2743219751644,0.0007264847,1033.7140060336378,0.0007309929,-0.014595697,-0.04080054
0.99949014,0.0005411891,0,0.0036020617,875.2732062515734,1033.7125483171876,4687,5875.511,3.1392813,813.88513,0.35892347,7495.985,4.0588145,0,,,,,875.2732062515734,0.0007263385,1033.7125483171876,0.0007305971,-0.014495678,-0.040834345
0.99975044,0.0005412189,0,0.0036023315,875.2739390014555,1033.713679346009,4688,5877.892,3.1394806,813.27435,0.35951737,7497.937,4.059038,0,,,,,875.2739390014555,0.0007254805,1033.713679346009,0.0007299635,-0.0146000525,-0.040437058
0.9978301,0.00054101716,0,0.0036026011,875.2746692781622,1033.7125082894177,4689,5866.963,3.1385503,813.8134,0.35903838,7483.5347,4.057525,0,,,,,875.2746692781622,0.00072722766,1033.7125082894177,0.00073172094,-0.014241274,-0.04086776
0.99662894,0.0005409309,0,0.0036028705,875.2734335863026,1033.7136764613995,4690,5858.527,3.1380122,815.03577,0.3588486,7474.5264,4.056878,0,,,,,875.2734335863026,0.00072807184,1033.7136764613995,0.0007325221,-0.014552174,-0.040326282
0.99686855,0.00054098,0,0.0036031394,875.2740020801832,1033.7121204046102,4691,5861.171,3.1383293,814.2147,0.35910815,7476.323,4.0572467,0,,,,,875.2740020801832,0.0007271747,1033.7121204046102,0.0007316351,-0.014728071,-0.04037638
0.9969149,0.0005409933,0,0.003603408,875.2742495391063,1033.7126759382854,4692,5861.3726,3.1381743,814.09283,0.35929903,7476.671,4.0573463,0,,,,,875.2742495391063,0.00072749483,1033.7126759382854,0.0007320111,-0.014382212,-0.04051474
0.99672645,0.0005409133,0,0.0036036763,875.2757590887288,1033.7133826140685,4693,5859.3257,3.1380768,814.06195,0.3591572,7475.258,4.0567465,0,,,,,875.2757590887288,0.0007280646,1033.7133826140685,0.0007328248,-0.014232919,-0.04046183
0.99803174,0.00054113154,0,0.0036039443,875.2734500751347,1033.7134543085078,4694,5867.926,3.139228,814.804,0.3591732,7485.047,4.058383,0,,,,,875.2734500751347,0.0007276568,1033.7134543085078,0.00073213567,-0.01420785,-0.04057453
0.99575645,0.00054089876,0,0.003604212,875.2734624179027,1033.7123455096284,4695,5854.5874,3.1377995,813.47473,0.35909238,7467.983,4.0566373,0,,,,,875.2734624179027,0.00072805595,1033.7123455096284,0.0007325161,-0.014066362,-0.04030745
0.9960238,0.00054093933,0,0.0036044794,875.2734872780536,1033.7146947481845,4696,5855.8735,3.137791,814.9823,0.35875157,7469.988,4.0569415,0,,,,,875.2734872780536,0.0007276561,1033.7146947481845,0.00073237723,-0.014091475,-0.040308047
0.9958687,0.00054097176,0,0.0036047464,875.2739088106302,1033.7132704802489,4697,5856.021,3.1379805,814.2569,0.3592477,7468.8247,4.0571847,0,,,,,875.2739088106302,0.00072808773,1033.7132704802489,0.0007324863,-0.014283003,-0.04015104
0.996799,0.0005410267,0,0.0036050132,875.2738007718959,1033.7141164528102,4698,5860.9146,3.1385787,815.1633,0.3590093,7475.802,4.0575967,0,,,,,875.2738007718959,0.00072742533,1033.7141164528102,0.0007319907,-0.013988761,-0.03990061
0.99940234,0.00054121367,0,0.0036052796,875.2744429767338,1033.7129955940004,4699,5875.431,3.139482,815.2977,0.35867497,7495.326,4.058999,0,,,,,875.2744429767338,0.0007264341,1033.7129955940004,0.00073089876,-0.014224626,-0.04002569
0.99926585,0.00054111285,0,0.0036055457,875.2749259372273,1033.7136508477695,4700,5875.342,3.1388843,813.4792,0.35963812,7494.3027,4.058243,0,,,,,875.2749259372273,0.0007262668,1033.7136508477695,0.0007308984,-0.014017375,-0.040046338
0.9997834,0.0005411106,0,0.0036058116,875.2732096816121,1033.7142658040589,4701,5877.1353,3.1390707,814.6283,0.35888436,7498.184,4.0582256,0,,,,,875.2732096816121,0.00072569575,1033.7142658040589,0.000730053,-0.014056013,-0.04000063
0.99879444,0.0005411312,0,0.003606077,875.2746251032386,1033.7146728695366,4702,5871.587,3.1391227,814.5011,0.35878524,7490.767,4.05838,0,,,,,875.2746251032386,0.0007266372,1033.7146728695366,0.0007312682,-0.0141714,-0.039653216
0.9998787,0.0005415025,0,0.0036063422,875.2740859412775,1033.7146173334368,4703,5878.1147,3.1410072,814.93823,0.35929784,7498.899,4.061165,0,,,,,875.2740859412775,0.0007251398,1033.7146173334368,0.00072982936,-0.01423123,-0.039830565
0.99897236,0.000541458,0,0.003606607,875.2745374944525,1033.7135994916334,4704,5871.887,3.1409633,814.35785,0.3589217,7492.1016,4.0608315,0,,,,,875.2745374944525,0.0007262526,1033.7135994916334,0.0007310104,-0.014419337,-0.039422885
0.99990904,0.00054146565,0,0.0036068715,875.2740346183509,1033.7141881429245,4705,5877.806,3.1409419,814.66785,0.35908347,7499.1265,4.060889,0,,,,,875.2740346183509,0.00072494976,1033.7141881429245,0.0007295999,-0.014363567,-0.039042946
1.0005757,0.0005414222,0,0.0036071357,875.2735481146321,1033.7142395172657,4706,5882.2173,3.1407363,814.1995,0.35945025,7504.126,4.060563,0,,,,,875.2735481146321,0.0007255809,1033.7142395172657,0.0007301562,-0.014585736,-0.03926822
0.9991907,0.00054115313,0,0.0036073998,875.2737097279728,1033.7142179091622,4707,5872.912,3.139232,813.63293,0.35979193,7493.739,4.058545,0,,,,,875.2737097279728,0.0007259299,1033.7142179091622,0.000730494,-0.014117019,-0.038908236
1.000143,0.0005411857,0,0.0036076633,875.2744681376678,1033.7143164615688,4708,5879.2295,3.1394112,813.9484,0.35919735,7500.882,4.0587893,0,,,,,875.2744681376678,0.0007245504,1033.7143164615688,0.00072914525,-0.01404961,-0.039216302
1.0021362,0.0005413838,0,0.0036079264,875.276779366601,1033.7167176150763,4709,5890.958,3.1405876,814.329,0.35911524,7515.83,4.060275,0,,,,,875.276779366601,0.00072352675,1033.7167176150763,0.0007289024,-0.014152028,-0.039081834
0.9994812,0.0005411168,8192,0.0036081895,875.2742755768755,1033.71457329149,4710,5874.383,3.1391869,814.1127,0.35952273,7495.9175,4.0582724,8192,,,,,875.2742755768755,0.000726007,1033.71457329149,0.00073081243,-0.014070748,-0.038697127
1.0016729,0.0005414529,0,0.0036084522,875.2743078626092,1033.7140919448157,4711,5888.003,3.1410313,813.3664,0.35942942,7512.355,4.060793,0,,,,,875.2743078626092,0.0007246079,1033.7140919448157,0.00072926213,-0.014086793,-0.038821783
0.99997205,0.0005415125,0,0.0036087143,875.2725077357419,1033.715613016034,4712,5878.1396,3.1412094,814.4413,0.35903838,7499.599,4.06124,0,,,,,875.2725077357419,0.0007262199,1033.715613016034,0.0007310055,-0.014084639,-0.0385698
1.0005084,0.0005414961,0,0.0036089763,875.2752744706454,1033.7135095239955,4713,5880.2217,3.1413977,814.22687,0.3591809,7503.622,4.061117,0,,,,,875.2752744706454,0.00072451506,1033.7135095239955,0.00072931283,-0.013694266,-0.03868054
0.99970555,0.000541297,0,0.003609238,875.275275564024,1033.7141886060058,4714,5876.425,3.1403115,814.21155,0.35924208,7497.6,4.059624,0,,,,,875.275275564024,0.00072582305,1033.7141886060058,0.0007305627,-0.013878561,-0.038920797
0.999056,0.0005411606,0,0.0036094994,875.275276909914,1033.713572416336,4715,5872.3975,3.139359,815.80005,0.35916388,7492.7285,4.058601,0,,,,,875.275276909914,0.0007258633,1033.713572416336,0.00073054835,-0.0138218785,-0.03855327
0.999098,0.00054115226,0,0.0036097604,875.2740644613136,1033.7143411751656,4716,5871.573,3.1393168,813.8812,0.3589143,7493.044,4.0585384,0,,,,,875.2740644613136,0.00072632125,1033.7143411751656,0.00073072425,-0.014229845,-0.038305875
0.9989784,0.0005411353,0,0.0036100212,875.2742473469618,1033.7153483983861,4717,5871.824,3.1390707,814.83844,0.3584586,7492.1465,4.058411,0,,,,,875.2742473469618,0.00072617293,1033.7153483983861,0.0007309194,-0.01413422,-0.03862309
1.0008627,0.00054123544,0,0.0036102815,875.2745259990352,1033.7144842159914,4718,5882.322,3.139876,814.10803,0.3594079,7506.279,4.059162,0,,,,,875.2745259990352,0.0007245959,1033.7144842159914,0.00072921545,-0.01424152,-0.03843534
1.0000545,0.0005411588,0,0.0036105416,875.2739146135825,1033.715087887084,4719,5876.9272,3.139459,813.76385,0.35903558,7500.2173,4.058587,0,,,,,875.2739146135825,0.0007257146,1033.715087887084,0.0007303195,-0.014284055,-0.038501572
1.0003003,0.00054127147,0,0.0036108014,875.2742164590202,1033.7150628671054,4720,5879.304,3.1401124,813.9776,0.35907018,7502.0605,4.0594325,0,,,,,875.2742164590202,0.00072537304,1033.7150628671054,0.00073008647,-0.014181817,-0.038542677
1.0003827,0.00054129324,8192,0.0036110608,875.274000079856,1033.7148328213727,4721,5879.264,3.140412,813.7218,0.3590836,7502.6787,4.0595956,8192,,,,,875.274000079856,0.00072491943,1033.7148328213727,0.00072958786,-0.013991904,-0.038169052
1.0000359,0.00054132007,0,0.00361132,875.2720959633033,1033.7149108657313,4722,5877.4717,3.140182,814.8802,0.35911047,7500.0776,4.059797,0,,,,,875.2720959633033,0.0007256561,1033.7149108657313,0.0007301939,-0.013946166,-0.03819723
1.0009426,0.0005412941,0,0.0036115788,875.2748580657876,1033.7161559907054,4723,5881.68,3.1401331,814.7599,0.35886675,7506.878,4.0596023,0,,,,,875.2748580657876,0.00072471856,1033.7161559907054,0.0007295816,-0.013847412,-0.03766194
1.0005671,0.0005412993,0,0.0036118373,875.2730659736449,1033.7148848727427,4724,5881.3794,3.1401958,814.44257,0.3592506,7504.062,4.059641,0,,,,,875.2730659736449,0.00072534673,1033.7148848727427,0.00072986184,-0.014031256,-0.037426256
1.0005366,0.0005412953,0,0.0036120955,875.2741668482984,1033.7154753383247,4725,5878.508,3.1402686,814.2515,0.35884643,7503.833,4.059611,0,,,,,875.2741668482984,0.0007255348,1033.7154753383247,0.00073024904,-0.013649377,-0.03715601
1.0004066,0.00054132106,0,0.0036123535,875.2730771842778,1033.7164039480872,4726,5879.1455,3.1401505,815.5682,0.35894445,7502.858,4.0598044,0,,,,,875.2730771842778,0.0007253979,1033.7164039480872,0.00073014025,-0.013643046,-0.037340805
1.0009196,0.0005413639,0,0.003612611,875.2758482101206,1033.7158387752252,4727,5881.8027,3.1402571,814.1545,0.35921308,7506.7056,4.060126,0,,,,,875.2758482101206,0.0007249053,1033.7158387752252,0.0007298103,-0.0136339925,-0.03712215
1.0004464,0.00054135435,0,0.0036128683,875.274807429459,1033.716060942952,4728,5879.343,3.140478,814.6749,0.35937935,7503.1567,4.060054,0,,,,,875.274807429459,0.0007258832,1033.716060942952,0.0007307593,-0.013623964,-0.036984477
1.0008795,0.00054128806,0,0.003613125,875.2734437027726,1033.7160512267085,4729,5881.8574,3.1401799,814.91406,0.35873854,7506.405,4.059557,0,,,,,875.2734437027726,0.00072492595,1033.7160512267085,0.0007296482,-0.013604031,-0.03695353
1.0011966,0.00054123765,0,0.0036133816,875.2747915657155,1033.7164858753074,4730,5882.695,3.1398249,813.3041,0.35941252,7508.783,4.059179,0,,,,,875.2747915657155,0.0007249072,1033.7164858753074,0.0007297586,-0.01371695,-0.036592524
1.0004191,0.0005411677,0,0.003613638,875.2747428218386,1033.7158982159858,4731,5879.0923,3.1394045,813.48096,0.35941482,7502.9517,4.058654,0,,,,,875.2747428218386,0.0007246069,1033.7158982159858,0.00072938873,-0.013395789,-0.03701496
1.0007951,0.00054129114,0,0.0036138939,875.2748705435401,1033.7160003525164,4732,5881.106,3.1401067,815.0365,0.35872734,7505.772,4.05958,0,,,,,875.2748705435401,0.0007253017,1033.7160003525164,0.00073022797,-0.013586922,-0.036714673
1.0007234,0.0005414171,0,0.0036141495,875.2757610280357,1033.7166848876934,4733,5879.9194,3.1408975,814.94183,0.35940835,7505.2334,4.0605245,0,,,,,875.2757610280357,0.00072496955,1033.7166848876934,0.0007298855,-0.01337689,-0.036289584
1.0018378,0.00054168864,0,0.003614405,875.2756898506914,1033.7150884221855,4734,5887.446,3.1422803,813.93146,0.359378,7513.592,4.062561,0,,,,,875.2756898506914,0.00072393805,1033.7150884221855,0.000728944,-0.013377868,-0.03676155
1.0011784,0.0005415928,0,0.00361466,875.274457949371,1033.7167023426841,4735,5883.736,3.1417475,814.89795,0.3589611,7508.646,4.061842,0,,,,,875.274457949371,0.00072488363,1033.7167023426841,0.0007298704,-0.01324822,-0.03679099
1.0010511,0.00054146966,0,0.0036149146,875.2746395028564,1033.7162888061391,4736,5881.306,3.1409504,814.3771,0.35958427,7507.6914,4.060919,0,,,,,875.2746395028564,0.00072483113,1033.7162888061391,0.00072976854,-0.013630218,-0.036076494
1.0010824,0.00054138893,0,0.003615169,875.2748801923248,1033.7163701174188,4737,5882.48,3.1402814,812.8037,0.3596148,7507.9263,4.060313,0,,,,,875.2748801923248,0.000724618,1033.7163701174188,0.00072949665,-0.013640773,-0.03654675
1.0011914,0.0005412841,0,0.003615423,875.2757859665896,1033.7163897817923,4738,5882.819,3.1398966,815.40814,0.3591072,7508.7437,4.059527,0,,,,,875.2757859665896,0.0007250588,1033.7163897817923,0.0007299292,-0.013234644,-0.03640245
1.0005101,0.0005411322,0,0.003615677,875.2743918801939,1033.7165888996356,4739,5877.614,3.139053,814.26324,0.35923648,7503.634,4.0583878,0,,,,,875.2743918801939,0.0007247927,1033.7165888996356,0.00072966074,-0.013394077,-0.0358282
1.0010296,0.0005412139,0,0.0036159302,875.2748698139803,1033.7160952428112,4740,5881.7085,3.139659,815.1553,0.35901183,7507.5303,4.0590005,0,,,,,875.2748698139803,0.00072490115,1033.7160952428112,0.00072962145,-0.01339246,-0.03622736
1.0002493,0.00054128905,0,0.0036161833,875.2757331840928,1033.7169709542145,4741,5877.164,3.1399913,815.0748,0.35898164,7501.6777,4.059564,0,,,,,875.2757331840928,0.0007256123,1033.7169709542145,0.000730717,-0.013323999,-0.035941627
1.0008482,0.000541542,0,0.0036164362,875.2753547509608,1033.718373648252,4742,5879.6616,3.1414435,814.5418,0.3592568,7506.1694,4.0614614,0,,,,,875.2753547509608,0.0007246804,1033.718373648252,0.0007300459,-0.01313149,-0.035970453
0.9999815,0.0005415569,0,0.0036166885,875.2749031729468,1033.7168104307618,4743,5875.827,3.1413958,814.7981,0.35936514,7499.67,4.061573,0,,,,,875.2749031729468,0.00072551466,1033.7168104307618,0.0007305587,-0.013052972,-0.0359525
1.0005624,0.0005414276,0,0.0036169407,875.275285591184,1033.7169075611635,4744,5878.431,3.1408193,816.11884,0.35896996,7504.027,4.060603,0,,,,,875.275285591184,0.0007258184,1033.7169075611635,0.000731014,-0.013128052,-0.035680275
1.0011865,0.00054131047,0,0.0036171926,875.2758643704813,1033.7181495291306,4745,5881.1367,3.1402686,814.32874,0.35903528,7508.707,4.059725,0,,,,,875.2758643704813,0.0007251084,1033.7181495291306,0.00073028327,-0.013495314,-0.035321053
1.0002072,0.00054121786,0,0.003617444,875.2749936014235,1033.7167004714029,4746,5876.9194,3.1396134,814.18085,0.35905334,7501.3623,4.0590305,0,,,,,875.2749936014235,0.0007252783,1033.7167004714029,0.0007302931,-0.013101719,-0.03530913
1.0001554,0.00054125657,0,0.0036176953,875.2748803518609,1033.7172039065767,4747,5875.8223,3.1394703,813.8957,0.35919037,7500.974,4.0593204,0,,,,,875.2748803518609,0.0007253082,1033.7172039065767,0.0007302672,-0.013200215,-0.035178125
1.0006723,0.00054113625,16,0.0036181966,875.2775087902135,1033.7169113588711,4749,5875.526,3.139247,815.40015,0.3587245,7504.8506,4.0584183,16,,,,,875.2775087902135,0.0007255393,1033.7169113588711,0.00073073455,-0.013119608,-0.035241462
1.0002722,0.0005412872,16,0.0036184469,875.2745464674913,1033.717972808838,4750,5875.6543,3.1397474,815.6346,0.35904765,7501.8496,4.0595503,16,,,,,875.2745464674913,0.0007258737,1033.717972808838,0.000730852,-0.013585254,-0.035255797
1.001407,0.00054136687,16,0.003618697,875.2746514322803,1033.7139791083707,4751,5881.748,3.1406624,814.60645,0.35886186,7510.361,4.060148,16,,,,,875.2746514322803,0.0007241183,1033.7139791083707,0.00072902784,-0.013701449,-0.036066525
0.9999319,0.0005413091,16,0.0036189465,875.2750227909162,1033.7189900929347,4752,5873.9854,3.1400979,814.8902,0.35891673,7499.298,4.059715,16,,,,,875.2750227909162,0.0007256634,1033.7189900929347,0.00073105685,-0.013101941,-0.035254654
1.0018294,0.00054131483,0,0.0036191957,875.2759686119858,1033.7166688249536,4753,5884.6094,3.1405864,814.0686,0.35913113,7513.529,4.0597577,0,,,,,875.2759686119858,0.0007241039,1033.7166688249536,0.0007292204,-0.012924292,-0.034786828
1.0011204,0.0005412941,0,0.0036194448,875.2757261382163,1033.7168455780698,4754,5880.8765,3.1400547,815.0168,0.35885367,7508.2114,4.0596023,0,,,,,875.2757261382163,0.00072461425,1033.7168455780698,0.0007296077,-0.013056416,-0.034631185
1.0005189,0.00054121355,0,0.0036196935,875.2751295978494,1033.7165522768555,4755,5877.7476,3.1398747,814.44495,0.3592574,7503.7007,4.058998,0,,,,,875.2751295978494,0.0007240939,1033.7165522768555,0.0007292324,-0.013093125,-0.03470539
1.0006388,0.00054128777,0,0.0036199416,875.2748806055986,1033.717697888426,4756,5877.644,3.1398897,815.20917,0.35894755,7504.6,4.0595546,0,,,,,875.2748806055986,0.0007255241,1033.717697888426,0.00073061965,-0.012883045,-0.034181166
1.0002543,0.00054116704,0,0.0036201896,875.2746074639567,1033.7174268292779,4757,5876.1396,3.139495,813.4619,0.35926726,7501.716,4.058649,0,,,,,875.2746074639567,0.00072537427,1033.7174268292779,0.00073030434,-0.012967064,-0.03454614
0.9998837,0.0005412505,0,0.0036204373,875.2754098804999,1033.71830661093,4758,5873.9062,3.1396918,814.1619,0.35891175,7498.9365,4.059275,0,,,,,875.2754098804999,0.0007256757,1033.71830661093,0.00073091825,-0.012951719,-0.03435718
0.99921095,0.00054114376,0,0.0036206848,875.2769511453802,1033.7186137882923,4759,5868.7197,3.1392484,815.30646,0.3590202,7493.891,4.0584745,0,,,,,875.2769511453802,0.00072557334,1033.7186137882923,0.00073096465,-0.0127052115,-0.0340986
0.99986047,0.00054111576,0,0.0036209319,875.2744969294185,1033.7177979961373,4760,5873.0537,3.1391153,813.8619,0.3597094,7498.762,4.0582647,0,,,,,875.2744969294185,0.0007255245,1033.7177979961373,0.0007305267,-0.012906731,-0.033817872
1.000743,0.00054119766,0,0.0036211787,875.2755800543882,1033.7188444224116,4761,5878.64,3.139446,814.2184,0.35920793,7505.381,4.058879,0,,,,,875.2755800543882,0.00072522217,1033.7188444224116,0.0007303613,-0.01268121,-0.03377977
0.9997123,0.0005410897,0,0.003621425,875.2742279285744,1033.7189717300216,4762,5871.082,3.138917,814.42267,0.35901776,7497.651,4.058069,0,,,,,875.2742279285744,0.00072583975,1033.7189717300216,0.0007309325,-0.012886715,-0.03340462
0.9999261,0.0005412651,0,0.003621671,875.2752312836265,1033.7187714993083,4763,5873.2046,3.1399772,815.35443,0.35975656,7499.2544,4.059385,0,,,,,875.2752312836265,0.00072567613,1033.7187714993083,0.0007309129,-0.01299165,-0.033794686
0.99996614,0.0005413457,0,0.003621917,875.2754017004675,1033.717909675868,4764,5873.1323,3.140419,814.38495,0.35941243,7499.5547,4.059989,0,,,,,875.2754017004675,0.00072533486,1033.717909675868,0.000730618,-0.012945646,-0.033431597
1.0000997,0.0005413074,0,0.0036221624,875.2758944282434,1033.7197937055716,4765,5872.798,3.140313,815.46484,0.35854724,7500.5557,4.059702,0,,,,,875.2758944282434,0.00072645635,1033.7197937055716,0.0007320168,-0.012828935,-0.033026826
1.0000978,0.0005412924,0,0.0036224076,875.2761436310941,1033.7187312340802,4766,5873.904,3.1401298,814.0087,0.35920224,7500.5415,4.0595894,0,,,,,875.2761436310941,0.00072544377,1033.7187312340802,0.00073085184,-0.012603106,-0.03302968
1.0010616,0.000541271,0,0.0036226523,875.277149583747,1033.7195101445338,4767,5878.829,3.1400874,814.36584,0.35909566,7507.77,4.0594287,0,,,,,875.277149583747,0.0007249179,1033.7195101445338,0.0007303397,-0.012801669,-0.032771666
1.0003691,0.00054113957,0,0.0036228967,875.2751564518146,1033.7190013199383,4768,5873.768,3.139098,815.13666,0.35919276,7502.5767,4.058443,0,,,,,875.2751564518146,0.00072532694,1033.7190013199383,0.00073045655,-0.012744587,-0.032484323
1.0004386,0.0005410996,0,0.003623141,875.2761432716093,1033.7186259248133,4769,5875.571,3.1388865,813.8415,0.35934132,7503.0977,4.058143,0,,,,,875.2761432716093,0.00072571123,1033.7186259248133,0.0007310236,-0.0124218855,-0.032547936
1.0005189,0.00054116943,0,0.003623385,875.2770524629484,1033.7203960403356,4770,5875.8105,3.1389632,814.3377,0.35925084,7503.7007,4.058667,0,,,,,875.2770524629484,0.0007241151,1033.7203960403356,0.00072944356,-0.012352289,-0.032495063
1.0015082,0.00054135313,0,0.0036236285,875.275882402469,1033.7199807190343,4771,5880.4688,3.140087,815.0784,0.3589615,7511.12,4.060045,0,,,,,875.275882402469,0.0007250742,1033.7199807190343,0.0007304458,-0.012475707,-0.03222256
0.9994952,0.00054138724,0,0.0036238716,875.2757376860318,1033.7189249618534,4772,5869.5054,3.140345,814.84894,0.35882777,7496.023,4.060301,0,,,,,875.2757376860318,0.0007262451,1033.7189249618534,0.00073153566,-0.012614992,-0.03230217
1.0002394,0.0005414817,0,0.0036241147,875.2757185460213,1033.7206345303562,4773,5873.2065,3.141278,814.0762,0.35865736,7501.6035,4.0610094,0,,,,,875.2757185460213,0.00072570145,1033.7206345303562,0.00073137565,-0.01278247,-0.03224039
1.0015192,0.0005415198,0,0.0036243573,875.2757851518992,1033.7188825436879,4774,5880.575,3.1411831,814.7643,0.359281,7511.2026,4.0612946,0,,,,,875.2757851518992,0.00072449626,1033.7188825436879,0.00073000084,-0.012547816,-0.031864457
1.0015845,0.0005413467,0,0.0036245994,875.277552401827,1033.7188166505389,4775,5881.755,3.140574,815.4517,0.35969284,7511.6924,4.0599966,0,,,,,875.277552401827,0.0007237797,1033.7188166505389,0.0007292428,-0.012363302,-0.032121245
1.0008428,0.0005411868,0,0.0036248413,875.2771518882721,1033.7190038688536,4776,5876.962,3.1396146,814.3215,0.35868394,7506.13,4.0587974,0,,,,,875.2771518882721,0.00072486995,1033.7190038688536,0.00073026406,-0.012055254,-0.031945985
1.0015659,0.00054133,0,0.003625083,875.2756377683153,1033.7222811006154,4777,5881.2573,3.1400988,815.02563,0.35898262,7511.553,4.0598717,0,,,,,875.2756377683153,0.00072513137,1033.7222811006154,0.0007307363,-0.012265633,-0.031937763
1.0003719,0.0005411513,0,0.0036253245,875.276763365227,1033.719468988356,4778,5874.5605,3.1391907,815.3006,0.358592,7502.598,4.0585313,0,,,,,875.276763365227,0.00072495843,1033.719468988356,0.00073031324,-0.012189708,-0.03190555
1.0009606,0.0005411895,0,0.0036255654,875.276015548426,1033.7199882686864,4779,5877.364,3.1395624,815.20105,0.3584246,7507.0127,4.058818,0,,,,,875.276015548426,0.00072500965,1033.7199882686864,0.0007303237,-0.012105912,-0.031519722
1.0014228,0.00054136955,128,0.003625806,875.2762991427976,1033.719940238604,4780,5880.644,3.1408002,813.8931,0.35939074,7510.479,4.060168,128,,,,,875.2762991427976,0.00072459463,1033.719940238604,0.00072995294,-0.0120748505,-0.031309187
1.0000728,0.0005412636,0,0.0036260465,875.2757260273635,1033.7209676028062,4781,5873.0977,3.1399918,813.54724,0.35946605,7500.355,4.0593734,0,,,,,875.2757260273635,0.0007259387,1033.7209676028062,0.0007315716,-0.011907542,-0.031808667
1.0008577,0.00054138614,0,0.0036262865,875.2772480183005,1033.7193918548485,4782,5876.271,3.1406078,815.04083,0.3588931,7506.2417,4.0602922,0,,,,,875.2772480183005,0.00072493224,1033.7193918548485,0.00073049724,-0.011962079,-0.031460267
1.0030639,0.0005419956,128,0.003626526,875.2766330677757,1033.7229423870062,4783,5890.0703,3.144363,813.5654,0.35938826,7522.7876,4.0648637,128,,,,,875.2766330677757,0.0007224065,1033.7229423870062,0.0007296352,-0.011754915,-0.03139361
0.99950176,0.0005411135,0,0.0036267657,875.2761674501047,1033.7199404697585,4784,5869.8594,3.1390116,814.5621,0.35901314,7496.072,4.0582476,0,,,,,875.2761674501047,0.0007257277,1033.7199404697585,0.0007312397,-0.011968067,-0.031383008
0.99972856,0.00054109935,0,0.0036270046,875.2762291624605,1033.7200761323772,4785,5869.884,3.1390593,813.90466,0.35896617,7497.773,4.0581417,0,,,,,875.2762291624605,0.0007252941,1033.7200761323772,0.00073079055,-0.011842208,-0.031440884
0.9995919,0.000541155,0,0.0036272435,875.2759134981857,1033.7208967647553,4786,5869.621,3.1390624,814.5847,0.35886392,7496.748,4.058559,0,,,,,875.2759134981857,0.000725657,1033.7208967647553,0.00073108,-0.011855083,-0.03123475
1.0007502,0.00054119696,0,0.0036274819,875.2762643724652,1033.7195780220422,4787,5877.074,3.139484,813.8037,0.359467,7505.435,4.0588737,0,,,,,875.2762643724652,0.00072491675,1033.7195780220422,0.0007304409,-0.011490003,-0.03131301
0.9999521,0.0005411943,0,0.00362772,875.276537418155,1033.720130540407,4788,5871.3604,3.139342,814.9781,0.35955194,7499.449,4.0588536,0,,,,,875.276537418155,0.00072543847,1033.720130540407,0.0007308688,-0.011547996,-0.031028852
0.9992052,0.0005411223,8192,0.0036279578,875.2753293341835,1033.7203091968456,4789,5867.668,3.1391885,814.9859,0.3590553,7493.8477,4.0583134,8192,,,,,875.2753293341835,0.0007261372,1033.7203091968456,0.0007315207,-0.011607679,-0.031182164
1.0002719,0.00054116355,0,0.0036281953,875.2767622551983,1033.7199808484743,4790,5874.6055,3.13958,814.2955,0.3591169,7501.848,4.058623,0,,,,,875.2767622551983,0.0007252018,1033.7199808484743,0.00073073874,-0.011256595,-0.031471964
0.999763,0.00054112374,0,0.0036284325,875.2774058710412,1033.721363863621,4791,5870.6475,3.1390603,816.1783,0.35832164,7498.0312,4.0583243,0,,,,,875.2774058710412,0.0007259908,1033.721363863621,0.00073163497,-0.0115029495,-0.030927492
1.0002581,0.0005411689,0,0.0036286693,875.2773835949481,1033.7209894393138,4792,5874.3706,3.139326,813.75104,0.35909352,7501.744,4.0586634,0,,,,,875.2773835949481,0.0007251574,1033.7209894393138,0.0007307291,-0.011489515,-0.0307818
1.0001229,0.0005412794,0,0.0036289059,875.2768799940719,1033.7216731966896,4793,5873.593,3.1397033,815.03455,0.35887334,7500.73,4.0594916,0,,,,,875.2768799940719,0.00072466885,1033.7216731966896,0.0007303654,-0.0113278385,-0.03074269
1.0004157,0.00054134557,0,0.003629142,875.2769994311432,1033.7204456669403,4794,5874.76,3.1403372,814.50165,0.35900426,7502.9263,4.059988,0,,,,,875.2769994311432,0.0007249697,1033.7204456669403,0.00073056156,-0.0112290485,-0.030558676
0.9997237,0.0005413284,0,0.003629378,875.2765464693738,1033.721890203336,4795,5871.2036,3.1399875,814.85254,0.35876596,7497.7363,4.0598593,0,,,,,875.2765464693738,0.00072525936,1033.721890203336,0.0007309197,-0.0112184165,-0.030594105
1.000171,0.00054119446,0,0.0036296134,875.2767909214824,1033.7205798132254,4796,5873.059,3.1399777,814.46063,0.35908937,7501.091,4.058855,0,,,,,875.2767909214824,0.0007245461,1033.7205798132254,0.0007301583,-0.011175185,-0.030477323
1.0018246,0.00054139906,0,0.0036298488,875.2778831197165,1033.7202123819784,4797,5882.8887,3.1408024,814.5832,0.35878077,7513.4927,4.0603895,0,,,,,875.2778831197165,0.00072471786,1033.7202123819784,0.0007304973,-0.010963491,-0.03042856
0.99959016,0.0005410865,0,0.0036300838,875.2754491292558,1033.7200892401843,4798,5870.7393,3.1389115,814.3228,0.35929096,7496.735,4.058045,0,,,,,875.2754491292558,0.00072548905,1033.7200892401843,0.0007308493,-0.011071453,-0.030669438
0.9997434,0.00054106367,0,0.0036303182,875.2781344095113,1033.7205597441248,4799,5871.251,3.1386106,814.23663,0.35905555,7497.8843,4.0578737,0,,,,,875.2781344095113,0.00072573806,1033.7205597441248,0.0007313462,-0.01051353,-0.03041654
1.0006945,0.000541114,0,0.0036305527,875.2760478129201,1033.721519411487,4800,5876.8394,3.1390972,814.4244,0.3588165,7505.017,4.0582514,0,,,,,875.2760478129201,0.0007248919,1033.721519411487,0.0007284641,-0.010455479,-0.030601138
0.9998142,0.00054113945,0,0.0036307867,875.2781641802688,1033.7210119553206,4801,5872.1006,3.139133,815.0203,0.359049,7498.415,4.058442,0,,,,,875.2781641802688,0.0007258086,1033.7210119553206,0.0007314992,-0.010605474,-0.03045911
1.0008514,0.0005414017,0,0.0036310202,875.2769783783699,1033.7203826231898,4802,5876.9556,3.140835,814.5523,0.35887432,7506.194,4.060409,0,,,,,875.2769783783699,0.00072477903,1033.7203826231898,0.000730482,-0.010481101,-0.030183969
0.99977255,0.00054150843,0,0.0036312535,875.277481024782,1033.721299312252,4803,5870.7583,3.1413012,815.48206,0.35918185,7498.1025,4.0612097,0,,,,,875.277481024782,0.0007256234,1033.721299312252,0.0007315675,-0.010849713,-0.029805338
1.0004812,0.00054146774,0,0.0036314866,875.2775525257687,1033.7211592058893,4804,5875.1396,3.1409292,814.6395,0.3590694,7503.418,4.0609045,0,,,,,875.2775525257687,0.00072509196,1033.7211592058893,0.0007309094,-0.010714035,-0.02986143
1.0004133,0.00054128445,0,0.0036317192,875.2762951598241,1033.7208587488417,4805,5873.7856,3.1399333,814.3917,0.35876712,7502.908,4.05953,0,,,,,875.2762951598241,0.0007257436,1033.7208587488417,0.00073127355,-0.010487276,-0.029610274
1.0005049,0.0005411737,0,0.0036319518,875.2771194279469,1033.7206854713882,4806,5875.0415,3.1396844,814.2165,0.35906866,7503.595,4.058699,0,,,,,875.2771194279469,0.0007249747,1033.7206854713882,0.00073063176,-0.010860902,-0.02947371
1.0003504,0.0005411222,0,0.0036321837,875.2783501084086,1033.721396725413,4807,5875.0312,3.1393983,813.9418,0.3593844,7502.436,4.058313,0,,,,,875.2783501084086,0.0007249792,1033.721396725413,0.0007307111,-0.010629013,-0.029569944
1.0002325,0.0005411042,0,0.0036324153,875.2761841654058,1033.7232494877358,4808,5872.8203,3.1389627,814.72784,0.3592137,7501.552,4.058178,0,,,,,875.2761841654058,0.00072531804,1033.7232494877358,0.00073101535,-0.01057701,-0.029250922
1.0010318,0.00054121844,0,0.0036326468,875.2796775410707,1033.7220018458331,4809,5878.782,3.1395016,814.986,0.35877484,7507.5464,4.059035,0,,,,,875.2796775410707,0.00072423817,1033.7220018458331,0.0007301169,-0.0104787685,-0.029358476
1.001567,0.0005413244,0,0.003632878,875.2782827602016,1033.7216217339935,4810,5882.083,3.140307,814.5224,0.35936758,7511.5605,4.059829,0,,,,,875.2782827602016,0.00072422903,1033.7216217339935,0.0007300522,-0.010546955,-0.029609134
1.0010608,0.0005414238,0,0.0036331087,875.2770902576403,1033.7229974063325,4811,5877.8794,3.1406734,815.38654,0.3592099,7507.765,4.060575,0,,,,,875.2770902576403,0.0007258764,1033.7229974063325,0.00073172053,-0.010456945,-0.02919592
0.9998512,0.00054137554,0,0.0036333392,875.2790739013881,1033.720973223765,4812,5872.2617,3.1405628,815.2667,0.3587759,7498.693,4.060213,0,,,,,875.2790739013881,0.0007255042,1033.720973223765,0.000731377,-0.010159867,-0.029548367
1.0003816,0.0005413907,0,0.0036335692,875.278262024166,1033.7220800023656,4813,5874.854,3.1404405,815.84296,0.3586772,7502.6704,4.0603266,0,,,,,875.278262024166,0.000725721,1033.7220800023656,0.00073164597,-0.01028447,-0.029214019
1.001623,0.00054137176,0,0.003633799,875.2782049167723,1033.7230866152922,4814,5881.1895,3.1403437,814.638,0.35871592,7511.9814,4.0601845,0,,,,,875.2782049167723,0.00072502875,1033.7230866152922,0.0007307701,-0.0102996705,-0.0288042
1.0003617,0.0005412086,0,0.0036340286,875.2788180525067,1033.7214212908862,4815,5874.8716,3.1396055,814.10535,0.35985547,7502.5215,4.058961,0,,,,,875.2788180525067,0.00072486344,1033.7214212908862,0.0007307454,-0.010341422,-0.029294847
1.0011182,0.0005412865,0,0.0036342577,875.2789673803677,1033.7225272483638,4816,5878.0947,3.1399968,815.7403,0.3587748,7508.195,4.059545,0,,,,,875.2789673803677,0.0007244651,1033.7225272483638,0.0007304004,-0.01038739,-0.028466359
1.000306,0.0005411764,0,0.0036344866,875.2789392250077,1033.7238909267821,4817,5873.1846,3.1391726,814.77997,0.35918337,7502.1035,4.0587196,0,,,,,875.2789392250077,0.00072464213,1033.7238909267821,0.00073066447,-0.010356862,-0.02869382
1.0021921,0.0005413475,0,0.0036347152,875.2773037645026,1033.7219272834704,4818,5885.115,3.1404498,815.5116,0.35884634,7516.249,4.0600023,0,,,,,875.2773037645026,0.0007240159,1033.7219272834704,0.00072965183,-0.010145894,-0.028668163
1.0005038,0.00054122385,0,0.0036349434,875.2766391422622,1033.7212896817714,4819,5874.346,3.1397362,815.70154,0.35895747,7503.5864,4.0590754,0,,,,,875.2766391422622,0.0007257764,1033.7212896817714,0.0007314107,-0.01041131,-0.028735867
0.99931586,0.00054115365,0,0.0036351713,875.2772377310541,1033.723136509964,4820,5867.6313,3.1392727,815.6198,0.35907504,7494.6777,4.058549,0,,,,,875.2772377310541,0.0007260044,1033.723136509964,0.0007319665,-0.01033968,-0.028289655
1.0002587,0.00054125045,0,0.0036353988,875.2769972426422,1033.7241523225243,4821,5873.744,3.1398535,816.0967,0.35914811,7501.7485,4.0592747,0,,,,,875.2769972426422,0.00072504516,1033.7241523225243,0.00073103193,-0.010256899,-0.02830864
1.0023597,0.00054136076,0,0.003635626,875.2795969423998,1033.7251874603226,4822,5884.8936,3.1406097,814.33954,0.35928833,7517.5063,4.060102,0,,,,,875.2795969423998,0.00072236505,1033.7251874603226,0.0007294655,-0.01027019,-0.02818568
1.0019141,0.0005414088,0,0.003635853,875.2788930884674,1033.722016820389,4823,5882.6475,3.1403759,814.8713,0.35881624,7514.1646,4.060462,0,,,,,875.2788930884674,0.000724292,1033.722016820389,0.00073027634,-0.010046101,-0.028387744
1.0012649,0.0005413668,0,0.0036360796,875.2783282343235,1033.7236867827871,4824,5879.321,3.1406052,814.8406,0.35881537,7509.295,4.0601473,0,,,,,875.2783282343235,0.0007250076,1033.7236867827871,0.00073108653,-0.010108946,-0.028257946
1.0004153,0.0005412722,0,0.003636306,875.2781599234315,1033.7233230299162,4825,5873.3154,3.140021,815.08826,0.35876554,7502.924,4.059438,0,,,,,875.2781599234315,0.0007253902,1033.7233230299162,0.0007313907,-0.010156919,-0.027933575
1.0005727,0.0005413121,0,0.0036365318,875.2777449370338,1033.7222792610416,4826,5875.2256,3.1401522,814.6451,0.3589506,7504.104,4.059737,0,,,,,875.2777449370338,0.00072507095,1033.7222792610416,0.00073099695,-0.009948113,-0.02801803
1.0006151,0.0005412402,0,0.0036369828,875.277226637502,1033.7229691627053,4828,5874.8027,3.1396525,815.6066,0.35921293,7504.422,4.059198,0,,,,,875.277226637502,0.0007256247,1033.7229691627053,0.00073150377,-0.009818879,-0.027580183
0.9992435,0.00054106413,0,0.003637208,875.2788411396457,1033.7226509133798,4829,5867.2266,3.1383495,815.61725,0.35881096,7494.135,4.0578775,0,,,,,875.2788411396457,0.0007257754,1033.7226509133798,0.0007317836,-0.010067221,-0.027673708
1.000321,0.00054106826,0,0.0036374326,875.2782398291587,1033.7221758419978,4830,5874.133,3.138666,815.1058,0.35839218,7502.216,4.0579085,0,,,,,875.2782398291587,0.0007246096,1033.7221758419978,0.0007304157,-0.010074145,-0.027936365
1.0012031,0.00054122973,0,0.0036376568,875.2788169709152,1033.7226962310538,4831,5877.929,3.1397133,814.6686,0.3591228,7508.8315,4.059119,0,,,,,875.2788169709152,0.00072450563,1033.7226962310538,0.00073047617,-0.009813028,-0.027471075
1.0005966,0.0005413269,0,0.0036378808,875.2786555655493,1033.7232902942133,4832,5875.4023,3.1404624,815.97394,0.35866705,7504.2837,4.059848,0,,,,,875.2786555655493,0.000724942,1033.7232902942133,0.0007310082,-0.009840537,-0.027608387
1.0002408,0.00054155267,8192,0.0036381045,875.2768204570312,1033.7227739484963,4833,5873.4604,3.1413271,815.8773,0.35891643,7501.6143,4.0615416,8192,,,,,875.2768204570312,0.00072528323,1033.7227739484963,0.00073128944,-0.009741572,-0.02769387
1.0003572,0.00054144894,0,0.003638328,875.2770344716099,1033.7243708456174,4834,5873.117,3.1409686,815.41315,0.35910672,7502.487,4.0607634,0,,,,,875.2770344716099,0.000724446,1033.7243708456174,0.0007305401,-0.009712303,-0.027133921
1.0001624,0.00054131664,0,0.003638551,875.276897905496,1033.7227398576495,4835,5872.815,3.1401591,815.7764,0.3589243,7501.0264,4.059771,0,,,,,875.276897905496,0.0007261637,1033.7227398576495,0.0007321654,-0.009637568,-0.027083738
1.0004178,0.0005413945,128,0.003638774,875.2786801273821,1033.7234581667885,4836,5874.024,3.1404262,815.263,0.35887086,7502.9424,4.060355,128,,,,,875.2786801273821,0.000724717,1033.7234581667885,0.0007307721,-0.009552244,-0.027311867
1.0014113,0.0005412801,0,0.0036389963,875.2796432901541,1033.723332026604,4837,5879.128,3.1397293,814.3491,0.35853782,7510.393,4.059497,0,,,,,875.2796432901541,0.00072426157,1033.723332026604,0.00073035364,-0.009292012,-0.027619513
1.0001643,0.0005411124,0,0.0036392184,875.2786082955754,1033.7230552208307,4838,5872.6094,3.1388466,814.5912,0.35946715,7501.0405,4.0582395,0,,,,,875.2786082955754,0.00072507793,1033.7230552208307,0.0007310037,-0.009271001,-0.027452353
1.0003854,0.0005411322,0,0.0036394403,875.279067911605,1033.7249328300957,4839,5873.4976,3.1389666,814.5458,0.35958096,7502.6987,4.0583878,0,,,,,875.279067911605,0.0007251282,1033.7249328300957,0.00073127454,-0.009381064,-0.027617155
0.9996304,0.00054109213,0,0.0036396617,875.2776572305539,1033.7248032905095,4840,5868.4565,3.1387804,814.7274,0.35938838,7497.0366,4.0580873,0,,,,,875.2776572305539,0.00072567904,1033.7248032905095,0.0007317674,-0.009380835,-0.026915642
1.0007662,0.0005413471,0,0.003639883,875.2780821612257,1033.725322640605,4841,5875.756,3.140371,815.253,0.35887516,7505.5547,4.0599995,0,,,,,875.2780821612257,0.00072555186,1033.725322640605,0.00073180965,-0.009486618,-0.027075231
0.9992958,0.00054136704,0,0.0036401036,875.2776265338362,1033.7243158970823,4842,5866.7476,3.1403227,815.85004,0.35878193,7494.527,4.060149,0,,,,,875.2776265338362,0.0007258818,1033.7243158970823,0.00073206826,-0.0094623435,-0.026849916
1.0001842,0.000541379,0,0.003640324,875.2764600742552,1033.7227986408711,4843,5871.8066,3.1404202,815.77435,0.35925716,7501.1895,4.060239,0,,,,,875.2764600742552,0.00072583294,1033.7227986408711,0.00073174376,-0.009533617,-0.02683743
1.0006719,0.00054129487,0,0.0036405444,875.2787751109281,1033.7249256216978,4844,5875.199,3.1399786,814.9187,0.35856754,7504.8477,4.059608,0,,,,,875.2787751109281,0.00072445953,1033.7249256216978,0.00073065993,-0.009496597,-0.02679389
1.0007088,0.00054127706,0,0.0036407642,875.2788524069335,1033.7258671108648,4845,5874.7427,3.139774,815.18634,0.35917887,7505.1245,4.0594745,0,,,,,875.2788524069335,0.0007238523,1033.7258671108648,0.000730126,-0.009700166,-0.026519207
1.0009215,0.0005412948,0,0.0036409837,875.2789518128463,1033.7245559200219,4846,5875.9766,3.1396115,815.3764,0.35877955,7506.7197,4.0596075,0,,,,,875.2789518128463,0.00072449783,1033.7245559200219,0.0007305699,-0.009562668,-0.026095863
1.0003413,0.00054119836,0,0.003641203,875.2781363443348,1033.7243411620427,4847,5873.477,3.1392574,815.53314,0.35879257,7502.368,4.058884,0,,,,,875.2781363443348,0.0007259243,1033.7243411620427,0.0007320268,-0.009630161,-0.026562776
1.0003396,0.00054120575,0,0.003641422,875.2767358612134,1033.7248839727092,4848,5872.2246,3.1391742,815.0155,0.35946426,7502.3555,4.0589395,0,,,,,875.2767358612134,0.00072536187,1033.7248839727092,0.0007313238,-0.009584773,-0.026189268
0.9978237,0.00054099143,0,0.0036416405,875.2774263527401,1033.7233649933346,4849,5858.1587,3.1379511,814.2328,0.35905513,7483.487,4.057332,0,,,,,875.2774263527401,0.00072670844,1033.7233649933346,0.0007326543,-0.00957418,-0.026172351
0.9840679,0.00053967873,0,0.0036418587,875.2784436789296,1033.7257667180274,4850,5778.874,3.1305308,816.2239,0.35896182,7380.321,4.0474873,0,,,,,875.2784436789296,0.0007361201,1033.7257667180274,0.00074225746,-0.009396339,-0.02631484
0.9670125,0.00053798547,0,0.0036420766,875.2807011838354,1033.7244392948185,4851,5679.006,3.1203108,815.4688,0.35904938,7252.4087,4.034788,0,,,,,875.2807011838354,0.00074813707,1033.7244392948185,0.0007546832,-0.009285846,-0.026304327
0.9578769,0.0005369735,0,0.0036422943,875.2816213717904,1033.723386355445,4852,5626.8936,3.114661,814.94824,0.3588688,7183.8936,4.0271983,0,,,,,875.2816213717904,0.0007541162,1033.723386355445,0.000760537,-0.009287274,-0.026261322
0.9556053,0.0005367283,0,0.0036425116,875.2802763164427,1033.725458807688,4853,5614.0513,3.1132321,813.80347,0.35922387,7166.857,4.0253596,0,,,,,875.2802763164427,0.0007564505,1033.725458807688,0.00076300395,-0.009106575,-0.02622931
0.9542778,0.0005366069,0,0.0036427286,875.2801253553794,1033.7259406375836,4854,5605.0,3.1126156,814.2473,0.35914138,7156.901,4.024449,0,,,,,875.2801253553794,0.00075820164,1033.7259406375836,0.0007645404,-0.009503698,-0.026361184
0.95309955,0.00053656846,0,0.0036429453,875.2796679243254,1033.7250836125895,4855,5599.588,3.1121032,815.9891,0.3585697,7148.064,4.024161,0,,,,,875.2796679243254,0.00075818127,1033.7250836125895,0.0007645856,-0.009089154,-0.026525512
0.9532063,0.00053648086,0,0.0036431616,875.2809831712299,1033.7252891745438,4856,5600.3945,3.1120622,814.57935,0.35878652,7148.8647,4.023504,0,,,,,875.2809831712299,0.00075833086,1033.7252891745438,0.00076511793,-0.00894431,-0.026343042
0.9520231,0.00053638173,0,0.0036433775,875.2810157198221,1033.7252641731616,4857,5592.15,3.1115296,814.7785,0.35895061,7139.9907,4.0227604,0,,,,,875.2810157198221,0.00075845496,1033.7252641731616,0.00076531206,-0.009332186,-0.026284788
0.9527309,0.0005364538,0,0.0036435933,875.2796892384704,1033.7263079844129,4858,5597.18,3.1118546,815.2319,0.3585475,7145.2993,4.0233006,0,,,,,875.2796892384704,0.00075836416,1033.7263079844129,0.00076513196,-0.009340074,-0.025870945
0.95519286,0.00053667976,0,0.0036438087,875.2805374859199,1033.725703131752,4859,5611.325,3.1127813,814.8163,0.35938033,7163.7637,4.0249953,0,,,,,875.2805374859199,0.00075738545,1033.725703131752,0.00076394505,-0.009102313,-0.025622023
0.95663184,0.0005366615,0,0.0036440236,875.2824863643569,1033.7266016167105,4860,5618.834,3.1130292,815.0027,0.3589361,7174.5557,4.0248585,0,,,,,875.2824863643569,0.00075515325,1033.7266016167105,0.0007618931,-0.009026615,-0.025561666
0.96068096,0.000537163,0,0.0036442385,875.2816533906431,1033.7260294917776,4861,5642.955,3.1159024,813.6847,0.35903406,7204.9233,4.02862,0,,,,,875.2816533906431,0.0007521064,1033.7260294917776,0.00075886183,-0.009198627,-0.02536676
0.97619987,0.0005388991,0,0.003644453,875.2814133872349,1033.7240948388787,4862,5732.8125,3.125652,813.7146,0.35923395,7321.312,4.0416403,0,,,,,875.2814133872349,0.0007411896,1033.7240948388787,0.00074766483,-0.008962535,-0.025833338
0.99125284,0.00054053334,0,0.0036446669,875.2799838549993,1033.7251876677667,4863,5819.094,3.135448,814.4286,0.3592511,7434.2065,4.0538964,0,,,,,875.2799838549993,0.0007310507,1033.7251876677667,0.00073754916,-0.009034121,-0.025480032
0.9988413,0.00054136576,0,0.0036448806,875.277832489091,1033.7246147402952,4864,5864.1235,3.140028,815.7965,0.35842633,7491.1187,4.0601397,0,,,,,875.277832489091,0.0007265019,1033.7246147402952,0.00073274795,-0.009149565,-0.025583059
0.99974465,0.0005412984,0,0.003645094,875.2776854504837,1033.7246707157633,4865,5868.5303,3.139892,815.0649,0.35924807,7497.8936,4.0596347,0,,,,,875.2776854504837,0.0007258547,1033.7246707157633,0.00073203957,-0.009153443,-0.025265
0.99953777,0.00054118293,0,0.0036453072,875.2785054352794,1033.7249449909611,4866,5867.0625,3.139109,815.3621,0.35853988,7496.342,4.0587683,0,,,,,875.2785054352794,0.00072517147,1033.7249449909611,0.00073139323,-0.009082531,-0.025014788
1.0003065,0.0005412226,0,0.00364552,875.2792068203008,1033.7250480455286,4867,5872.4224,3.1391988,815.1881,0.35852417,7502.1074,4.059066,0,,,,,875.2792068203008,0.0007254359,1033.7250480455286,0.00073175225,-0.008971511,-0.02535828
0.999859,0.0005410885,0,0.0036457325,875.279843804218,1033.725109011071,4868,5869.2817,3.1385627,814.6548,0.35918266,7498.751,4.05806,0,,,,,875.279843804218,0.00072532176,1033.725109011071,0.0007315909,-0.008792995,-0.025193125
1.0010976,0.00054120476,0,0.0036459446,875.2798848681755,1033.7244640930546,4869,5876.623,3.1391368,814.18335,0.35899928,7508.04,4.0589323,0,,,,,875.2798848681755,0.00072518544,1033.7244640930546,0.00073134253,-0.008566057,-0.025271386
1.0002823,0.00054120255,0,0.0036461565,875.2798864869046,1033.7257914252693,4870,5872.313,3.1392744,815.74554,0.35890114,7501.9253,4.0589156,0,,,,,875.2798864869046,0.0007254358,1033.7257914252693,0.00073174684,-0.008555699,-0.024862949
1.00055,0.00054126297,0,0.003646368,875.2804280220666,1033.7248755203598,4871,5873.1577,3.1399245,814.2883,0.35875747,7503.934,4.0593686,0,,,,,875.2804280220666,0.00072481576,1033.7248755203598,0.0007311625,-0.008735894,-0.024931364
1.00005,0.0005415037,0,0.003646579,875.2797914165344,1033.7259545932502,4872,5870.2397,3.1408236,815.2518,0.35886446,7500.1836,4.0611744,0,,,,,875.2797914165344,0.0007253972,1033.7259545932502,0.00073191395,-0.0085809445,-0.024533587
0.99988353,0.00054144295,0,0.00364679,875.2796679688788,1033.7257824886274,4873,5869.982,3.1403725,814.28516,0.3592979,7498.935,4.0607185,0,,,,,875.2796679688788,0.0007251768,1033.7257824886274,0.0007317154,-0.008580214,-0.025058066
0.9994949,0.00054126023,0,0.0036470005,875.2796520203292,1033.7243645542294,4874,5866.2915,3.139289,815.4524,0.3592896,7496.0205,4.059348,0,,,,,875.2796520203292,0.0007251738,1033.7243645542294,0.0007314529,-0.008586048,-0.024673216
1.0000668,0.0005412628,0,0.0036472108,875.2798178633403,1033.7242148946361,4875,5870.358,3.1392229,814.29535,0.35915023,7500.309,4.059367,0,,,,,875.2798178633403,0.00072501,1033.7242148946361,0.000731215,-0.008170667,-0.024941437
0.99954987,0.00054115,0,0.0036474206,875.2790030406629,1033.7271333420144,4876,5867.5483,3.1388328,815.86835,0.35875,7496.4326,4.0585213,0,,,,,875.2790030406629,0.0007261586,1033.7271333420144,0.00073246594,-0.008399427,-0.024633586
0.9999495,0.0005411469,0,0.00364763,875.279280561817,1033.7261450764342,4877,5869.0425,3.1388607,814.9986,0.35916007,7499.43,4.0584984,0,,,,,875.279280561817,0.00072504824,1033.7261450764342,0.0007313462,-0.008442139,-0.024077294
1.0008438,0.00054122973,0,0.0036478394,875.2791758064246,1033.724979879542,4878,5875.3013,3.1391563,814.671,0.35897124,7506.136,4.059119,0,,,,,875.2791758064246,0.00072488806,1033.724979879542,0.00073107774,-0.008614436,-0.024098478
1.0003839,0.00054120173,0,0.0036480485,875.2777571627222,1033.7275472580452,4879,5872.8813,3.1393702,814.37335,0.35930815,7502.687,4.0589094,0,,,,,875.2777571627222,0.00072411326,1033.7275472580452,0.0007304758,-0.008803097,-0.023961032
1.000365,0.00054133864,0,0.0036482569,875.2807751121409,1033.7259715644793,4880,5871.5635,3.1397758,814.95734,0.35874972,7502.546,4.059936,0,,,,,875.2807751121409,0.0007248248,1033.7259715644793,0.0007313483,-0.0086913835,-0.024241801
0.9998419,0.00054138247,0,0.0036484653,875.2789478629928,1033.725789509717,4881,5869.469,3.139842,815.5291,0.35884696,7498.623,4.060265,0,,,,,875.2789478629928,0.00072570675,1033.725789509717,0.00073219684,-0.008535122,-0.023829438
1.0000801,0.0005412869,0,0.0036486732,875.2778297032952,1033.727668833127,4882,5870.924,3.139611,815.22864,0.35923004,7500.4097,4.059548,0,,,,,875.2778297032952,0.00072552916,1033.727668833127,0.00073188555,-0.008692266,-0.024063498
1.0008129,0.0005412688,0,0.0036488809,875.2800566935989,1033.726281762998,4883,5873.848,3.1394405,815.3279,0.35903263,7505.9053,4.0594125,0,,,,,875.2800566935989,0.0007247138,1033.726281762998,0.000731225,-0.008719174,-0.023191316
0.99952257,0.0005412422,0,0.0036490883,875.2807199805792,1033.7263646344688,4884,5867.614,3.1391873,814.94037,0.3591768,7496.228,4.0592127,0,,,,,875.2807199805792,0.0007256913,1033.7263646344688,0.0007323439,-0.008388941,-0.023904053
1.0004237,0.0005412801,0,0.0036492953,875.2818850073471,1033.7253424967755,4885,5872.3677,3.1396284,815.64685,0.35869735,7502.986,4.059497,0,,,,,875.2818850073471,0.0007243797,1033.7253424967755,0.0007309491,-0.008404253,-0.023891686
0.99972475,0.0005412378,0,0.0036495018,875.2802072223541,1033.7262375001214,4886,5867.3345,3.13906,815.4919,0.35898757,7497.744,4.0591803,0,,,,,875.2802072223541,0.0007257959,1033.7262375001214,0.00073226105,-0.008160856,-0.023720453
0.999802,0.0005413203,0,0.0036497081,875.2809706161609,1033.7247198104264,4887,5868.7056,3.139415,815.3956,0.3591643,7498.3237,4.0597987,0,,,,,875.2809706161609,0.00072537456,1033.7247198104264,0.00073185016,-0.008284405,-0.023519404
0.9996598,0.00054122525,0,0.0036499142,875.2801561329252,1033.7275806746802,4888,5867.1597,3.1392405,815.36475,0.35908577,7497.257,4.059086,0,,,,,875.2801561329252,0.000725393,1033.7275806746802,0.0007321149,-0.008418847,-0.023166707
1.0007808,0.0005412591,0,0.00365012,875.2796392479413,1033.7259183277345,4889,5873.1074,3.1393075,814.2461,0.3591175,7505.6646,4.05934,0,,,,,875.2796392479413,0.00072440633,1033.7259183277345,0.0007308578,-0.008212171,-0.023132185
1.0007437,0.00054120144,0,0.0036503254,875.2795433233676,1033.7275564312777,4890,5873.4907,3.139086,814.8931,0.35900977,7505.386,4.058907,0,,,,,875.2795433233676,0.00072548917,1033.7275564312777,0.00073199545,-0.008404642,-0.0227219
1.0007265,0.00054121355,0,0.0036505305,875.2801717096971,1033.7255019161023,4891,5872.919,3.139035,814.758,0.3589491,7505.2573,4.058998,0,,,,,875.2801717096971,0.000724578,1033.7255019161023,0.00073085394,-0.008294483,-0.023277937
1.0005113,0.0005413214,0,0.0036507351,875.2788316601996,1033.728298848694,4892,5871.504,3.1395788,814.0057,0.35918272,7503.6436,4.059807,0,,,,,875.2788316601996,0.000724593,1033.728298848694,0.00073119253,-0.008200819,-0.022697637
0.99968237,0.0005413701,0,0.0036509396,875.2800351297619,1033.7265100468335,4893,5867.3413,3.139967,815.5061,0.35872144,7497.4263,4.060172,0,,,,,875.2800351297619,0.00072643405,1033.7265100468335,0.0007331099,-0.008211509,-0.02286958
1.0002476,0.0005413656,0,0.0036513475,875.2805729195773,1033.727508042007,4895,5870.313,3.1400087,815.26965,0.3589419,7501.6655,4.060138,0,,,,,875.2805729195773,0.00072588644,1033.727508042007,0.0007326523,-0.007717233,-0.022876741
1.0006642,0.00054137176,0,0.003651551,875.2800644428678,1033.7265058327325,4896,5873.1157,3.1400814,815.0969,0.35958338,7504.79,4.0601845,0,,,,,875.2800644428678,0.00072419766,1033.7265058327325,0.0007308599,-0.0077415635,-0.02311862
1.000246,0.00054124073,8192,0.003651754,875.2822958755125,1033.72762604823,4897,5869.676,3.139217,815.26715,0.35891104,7501.654,4.0592017,8192,,,,,875.2822958755125,0.0007243069,1033.72762604823,0.0007312172,-0.007909348,-0.022470562
1.000438,0.0005412285,0,0.0036519568,875.2821052440665,1033.727493820268,4898,5871.381,3.138851,815.4253,0.3591899,7503.0938,4.05911,0,,,,,875.2821052440665,0.0007246841,1033.727493820268,0.00073134305,-0.0077326857,-0.022575129
1.002479,0.0005414001,0,0.0036521594,875.2814457261602,1033.727426008721,4899,5883.9272,3.1399348,815.04517,0.359405,7518.4004,4.060397,0,,,,,875.2814457261602,0.00072355405,1033.727426008721,0.000730056,-0.007727878,-0.02263762
1.0002228,0.00054120267,16,0.0036523615,875.2800592440688,1033.728701766478,4900,5869.046,3.1389575,815.9376,0.3589029,7501.48,4.0589166,16,,,,,875.2800592440688,0.0007250278,1033.728701766478,0.0007316775,-0.007948474,-0.021938812
0.99997807,0.00054127554,16,0.0036525633,875.2793707471669,1033.726564987944,4901,5868.359,3.1394346,814.72974,0.35901093,7499.644,4.059463,16,,,,,875.2793707471669,0.0007251158,1033.726564987944,0.00073166564,-0.008551973,-0.023672365
0.99935657,0.00054144935,16,0.0036527647,875.2798346451702,1033.7264853896927,4902,5864.8086,3.140362,814.6116,0.35930923,7494.983,4.0607667,16,,,,,875.2798346451702,0.0007259383,1033.7264853896927,0.0007325489,-0.008341661,-0.023692215
1.0018586,0.0005415686,16,0.0036529659,875.2785240736284,1033.7286001507634,4903,5875.7017,3.1412492,815.14703,0.35890126,7513.748,4.061661,16,,,,,875.2785240736284,0.00072353287,1033.7286001507634,0.0007318361,-0.008158866,-0.022342183
1.0001915,0.00054140383,0,0.0036531668,875.279654031713,1033.7304377723403,4904,5869.3145,3.13995,816.10077,0.359048,7501.2446,4.0604253,0,,,,,875.279654031713,0.0007252572,1033.7304377723403,0.0007322349,-0.007855197,-0.021069564
0.9998208,0.0005412726,16,0.0036533673,875.2808328678209,1033.727563624343,4905,5866.962,3.1390975,816.01654,0.35884503,7498.465,4.0594406,16,,,,,875.2808328678209,0.00072551216,1033.727563624343,0.00073223305,-0.007959158,-0.021863962
1.0010195,0.00054131035,16,0.0036535675,875.2797671662545,1033.729079891343,4906,5872.622,3.139458,815.1036,0.35894305,7507.4546,4.059724,16,,,,,875.2797671662545,0.0007248065,1033.729079891343,0.0007314986,-0.0083744265,-0.02224067
1.0013205,0.00054132764,16,0.0036537675,875.2789547463747,1033.726355473192,4907,5874.3643,3.1394036,816.5024,0.35910735,7509.712,4.0598536,16,,,,,875.2789547463747,0.00072398625,1033.726355473192,0.0007303232,-0.007911028,-0.02157793
1.0009112,0.0005412502,16,0.003653967,875.2804126394647,1033.7286332959845,4908,5872.95,3.1390603,815.94965,0.3595002,7506.6426,4.0592732,16,,,,,875.2804126394647,0.000724614,1033.7286332959845,0.00073135516,-0.0077346754,-0.020926507
1.000906,0.00054126605,0,0.0036541664,875.2786700374937,1033.728637348383,4909,5871.535,3.139191,814.8874,0.35890433,7506.6035,4.059392,0,,,,,875.2786700374937,0.00072489015,1033.728637348383,0.0007315042,-0.007903511,-0.020520575
1.0002365,0.0005413614,0,0.0036543652,875.2807794628683,1033.728011123507,4910,5868.6655,3.1395674,815.2281,0.35868746,7501.5825,4.0601068,0,,,,,875.2807794628683,0.00072481873,1033.728011123507,0.00073160086,-0.0077188527,-0.020849906
0.9999721,0.0005414438,0,0.0036545638,875.2816159874592,1033.7281588376663,4911,5867.526,3.1400983,815.0064,0.35916373,7499.5996,4.060725,0,,,,,875.2816159874592,0.0007250359,1033.7281588376663,0.00073198177,-0.0075165057,-0.020973712
1.0009004,0.0005413935,0,0.0036547622,875.2801363969464,1033.729958165005,4912,5871.8687,3.1400309,815.27435,0.35900182,7506.5615,4.060348,0,,,,,875.2801363969464,0.0007251794,1033.729958165005,0.0007320643,-0.0073326407,-0.020524649
1.0011517,0.00054134143,0,0.00365496,875.2798450905539,1033.728726087913,4913,5874.2246,3.1397064,816.0298,0.35907924,7508.446,4.059957,0,,,,,875.2798450905539,0.0007244679,1033.728726087913,0.0007312111,-0.0075026653,-0.020151319
1.0013591,0.00054134906,0,0.0036551578,875.2805098175338,1033.7283245002707,4914,5874.925,3.1398537,816.7864,0.35843968,7510.0015,4.0600142,0,,,,,875.2805098175338,0.00072485895,1033.7283245002707,0.0007316541,-0.0070905364,-0.020649744
1.0015328,0.00054138096,0,0.003655355,875.2812468959661,1033.7295470789977,4915,5875.0107,3.1399431,815.8893,0.3591565,7511.3047,4.0602536,0,,,,,875.2812468959661,0.00072464946,1033.7295470789977,0.0007316358,-0.0071726134,-0.020074273
1.0002083,0.0005412459,0,0.003655552,875.2801234823683,1033.729496932901,4916,5867.9604,3.1391125,816.99817,0.35858697,7501.37,4.059241,0,,,,,875.2801234823683,0.00072544796,1033.729496932901,0.000732355,-0.007295385,-0.020266378
1.0009075,0.0005413339,0,0.0036557487,875.281457469843,1033.7285642161378,4917,5871.4824,3.139507,815.3904,0.35898402,7506.6147,4.0599008,0,,,,,875.281457469843,0.0007245266,1033.7285642161378,0.0007313665,-0.0072199814,-0.019976716
1.0015246,0.00054141716,0,0.003655945,875.2809983973059,1033.728969099955,4918,5874.696,3.1400337,815.24963,0.35888633,7511.242,4.060525,0,,,,,875.2809983973059,0.0007250456,1033.728969099955,0.00073199987,-0.00693965,-0.019631011
1.0007815,0.0005412513,0,0.003656141,875.2816729928736,1033.7291463938893,4919,5870.682,3.1393394,815.87964,0.3587633,7505.6704,4.0592813,0,,,,,875.2816729928736,0.0007247041,1033.7291463938893,0.00073163473,-0.007155885,-0.01961374
1.0007927,0.0005412177,0,0.0036563368,875.2814002216653,1033.7291368402653,4920,5870.3145,3.139067,816.054,0.3590738,7505.754,4.059029,0,,,,,875.2814002216653,0.00072447554,1033.7291368402653,0.00073135016,-0.007150794,-0.019480867
1.0005372,0.00054126687,0,0.0036565321,875.2810083253808,1033.7299336935405,4921,5869.074,3.1389725,816.002,0.3595405,7503.837,4.0593977,0,,,,,875.2810083253808,0.00072518474,1033.7299336935405,0.00073213846,-0.0071501294,-0.019370703
1.0009496,0.00054131827,0,0.003656727,875.280064186635,1033.7298678535703,4922,5872.0693,3.1396124,814.8108,0.3591995,7506.9307,4.0597835,0,,,,,875.280064186635,0.0007244069,1033.7298678535703,0.00073135004,-0.006819004,-0.019609433
1.0007044,0.0005413717,0,0.003656922,875.2823415904236,1033.7300829876535,4923,5869.7783,3.1398468,814.8915,0.35876957,7505.0913,4.060184,0,,,,,875.2823415904236,0.0007249106,1033.7300829876535,0.000732143,-0.0066890954,-0.019664107
1.0008404,0.0005414829,0,0.0036571163,875.2814380089626,1033.7306545393953,4924,5870.855,3.1402862,816.5523,0.35865766,7506.1113,4.061018,0,,,,,875.2814380089626,0.00072492415,1033.7306545393953,0.0007321472,-0.0068410933,-0.019215703
1.0007211,0.0005414445,0,0.0036573103,875.2816116412421,1033.7312293948983,4925,5870.1914,3.1400545,815.27155,0.35862294,7505.2163,4.0607305,0,,,,,875.2816116412421,0.0007246517,1033.7312293948983,0.00073196634,-0.0069954833,-0.018877031
1.0018932,0.00054147374,0,0.003657504,875.2818012463647,1033.7306161650642,4926,5876.0444,3.1403713,816.02386,0.35903132,7514.0073,4.0609493,0,,,,,875.2818012463647,0.0007237315,1033.7306161650642,0.00073097466,-0.0067465766,-0.019011147
1.0013,0.0005413667,0,0.0036576975,875.2824469546349,1033.7297749047123,4927,5872.918,3.1396475,816.3663,0.3593097,7509.558,4.060147,0,,,,,875.2824469546349,0.00072374434,1033.7297749047123,0.0007308087,-0.0070687984,-0.018691383
1.0024414,0.0005413778,0,0.0036578905,875.28230579462,1033.7301576464847,4928,5880.4717,3.1397908,815.39435,0.35915706,7518.1187,4.06023,0,,,,,875.28230579462,0.0007228384,1033.7301576464847,0.0007298735,-0.0069607436,-0.018915527
1.0013196,0.0005412128,0,0.0036580833,875.2808532348718,1033.7296488836887,4929,5872.369,3.1389089,816.76324,0.358963,7509.7056,4.0589924,0,,,,,875.2808532348718,0.0007245432,1033.7296488836887,0.00073147856,-0.0067857294,-0.018505897
1.0010583,0.0005412898,0,0.0036582758,875.282489688216,1033.7305473015736,4930,5871.9624,3.1390495,815.3724,0.3589869,7507.7456,4.05957,0,,,,,875.282489688216,0.0007237941,1033.7305473015736,0.00073091814,-0.006458568,-0.018683182
1.0019915,0.0005414849,8192,0.003658468,875.2808521896724,1033.7300954856523,4931,5877.35,3.1404088,815.82996,0.35876256,7514.744,4.0610332,8192,,,,,875.2808521896724,0.00072445086,1033.7300954856523,0.0007315327,-0.006601539,-0.018234128
1.0016291,0.0005416538,0,0.0036586598,875.2819994978345,1033.7292155403536,4932,5874.2446,3.1412032,815.96423,0.35916463,7512.0264,4.0622997,0,,,,,875.2819994978345,0.0007250932,1033.7292155403536,0.00073236326,-0.006500359,-0.01813497
1.0011014,0.00054164074,0,0.0036588514,875.2806785946315,1033.7308339286365,4933,5872.0317,3.1412942,816.5172,0.35903457,7508.0684,4.062202,0,,,,,875.2806785946315,0.00072419166,1033.7308339286365,0.00073150214,-0.0063811727,-0.017937083
1.0011693,0.0005415096,0,0.0036590425,875.2815933743123,1033.7313012244886,4934,5872.4224,3.1403935,815.17834,0.3589468,7508.578,4.0612183,0,,,,,875.2815933743123,0.0007243851,1033.7313012244886,0.0007317033,-0.0062756916,-0.018055843
1.0017492,0.00054141006,0,0.0036592332,875.2829869325353,1033.732108948507,4935,5875.2134,3.140136,816.4447,0.35897595,7512.927,4.060472,0,,,,,875.2829869325353,0.0007248885,1033.732108948507,0.00073232554,-0.0063310927,-0.01798858
1.0012599,0.0005413462,0,0.003659424,875.2813509009524,1033.7313763115267,4936,5873.3594,3.1395023,816.7053,0.35854048,7509.258,4.059993,0,,,,,875.2813509009524,0.00072462833,1033.7313763115267,0.00073178404,-0.0065227994,-0.01791036
1.0022026,0.0005414069,0,0.003659614,875.2817831905079,1033.7301565130474,4937,5878.4336,3.139781,815.7834,0.358817,7516.3276,4.060448,0,,,,,875.2817831905079,0.00072344404,1033.7301565130474,0.0007304953,-0.0064255265,-0.017828735
1.0018104,0.0005412914,0,0.003659804,875.2817735995341,1033.730865414431,4938,5875.4307,3.1392136,817.3383,0.35841164,7513.386,4.0595818,0,,,,,875.2817735995341,0.0007244585,1033.730865414431,0.0007315739,-0.006236448,-0.017030824
1.0014911,0.00054136774,0,0.0036599934,875.2818436439783,1033.7308648048897,4939,5874.1733,3.1394157,816.5773,0.35818204,7510.9917,4.0601544,0,,,,,875.2818436439783,0.0007245004,1033.7308648048897,0.0007315734,-0.006477527,-0.017507197
1.000935,0.00054141786,0,0.0036601827,875.281225489032,1033.7302605326868,4940,5870.9897,3.1398711,815.57367,0.35903144,7506.821,4.06053,0,,,,,875.281225489032,0.0007246838,1033.7302605326868,0.0007318486,-0.0063455724,-0.017550627
1.0011607,0.00054156897,0,0.0036603715,875.2814633904823,1033.731910305572,4941,5871.9717,3.1408842,816.6288,0.35886842,7508.514,4.0616636,0,,,,,875.2814633904823,0.00072496914,1033.731910305572,0.0007324106,-0.0060409117,-0.017579518
1.0013381,0.00054160407,8192,0.0036605601,875.2840396662582,1033.7314111231362,4942,5874.201,3.1406968,815.2127,0.35915428,7509.844,4.061927,8192,,,,,875.2840396662582,0.00072382257,1033.7314111231362,0.0007313424,-0.0058463267,-0.017715242
1.0001174,0.0005412991,0,0.0036607482,875.2831938247002,1033.730549612383,4943,5865.8145,3.1392066,816.2466,0.3587385,7500.689,4.05964,0,,,,,875.2831938247002,0.00072479,1033.730549612383,0.0007320945,-0.0060514486,-0.017328162
1.0010254,0.00054131966,0,0.0036609361,875.2823336519266,1033.731365203855,4944,5871.387,3.139493,816.6041,0.35911804,7507.499,4.059794,0,,,,,875.2823336519266,0.0007244166,1033.731365203855,0.0007317886,-0.006062863,-0.017438632
1.0016849,0.0005414627,0,0.0036611238,875.2817477458975,1033.7316486392754,4945,5875.742,3.1400564,816.42456,0.35876864,7512.4453,4.0608664,0,,,,,875.2817477458975,0.00072456483,1033.7316486392754,0.0007319171,-0.005924715,-0.017381568
1.001076,0.00054134097,0,0.0036613112,875.2815073647714,1033.731117140958,4946,5871.295,3.1393697,816.20123,0.35889897,7507.8784,4.0599537,0,,,,,875.2815073647714,0.0007255878,1033.731117140958,0.00073291204,-0.0060142074,-0.016936181
1.0015119,0.00054135063,0,0.003661498,875.2828151308506,1033.7308399375077,4947,5874.2534,3.139566,815.34125,0.35912254,7511.1475,4.060026,0,,,,,875.2828151308506,0.000724307,1033.7308399375077,0.00073150836,-0.0056783296,-0.01698055
1.0018951,0.0005414266,0,0.0036616847,875.2832703920983,1033.7330066349969,4948,5877.037,3.1400845,816.5556,0.35895798,7514.0215,4.060596,0,,,,,875.2832703920983,0.0007234393,1033.7330066349969,0.0007309352,-0.005605113,-0.017005762
1.0008012,0.0005413975,0,0.003661871,875.2830703151933,1033.7297708897163,4949,5870.1733,3.1396213,816.17365,0.35880148,7505.818,4.0603776,0,,,,,875.2830703151933,0.0007239608,1033.7297708897163,0.0007310571,-0.0053481013,-0.017292079
1.0020612,0.00054145826,0,0.003662057,875.2845815278324,1033.7319490183525,4950,5878.212,3.1400123,816.409,0.35893998,7515.2676,4.0608335,0,,,,,875.2845815278324,0.0007241695,1033.7319490183525,0.00073163846,-0.005241201,-0.01723816
1.00076,0.0005413198,0,0.0036622426,875.2831888823755,1033.7306436366205,4951,5871.099,3.139212,815.6415,0.35911387,7505.508,4.059795,0,,,,,875.2831888823755,0.0007239023,1033.7306436366205,0.000730941,-0.005210472,-0.017176187
1.0015028,0.00054136943,0,0.003662428,875.2820080929785,1033.7307180822218,4952,5874.443,3.1396427,815.0884,0.3591496,7511.079,4.0601673,0,,,,,875.2820080929785,0.00072411535,1033.7307180822218,0.00073123374,-0.004953068,-0.017063636
1.000842,0.0005414836,0,0.003662613,875.283405444454,1033.732247712162,4953,5871.352,3.14006,816.1052,0.35891968,7506.1235,4.061023,0,,,,,875.283405444454,0.0007248878,1033.732247712162,0.0007324809,-0.005265085,-0.016517993
1.0010676,0.0005415076,0,0.0036627976,875.2829494317554,1033.730874464787,4954,5872.6113,3.1402953,816.35065,0.358993,7507.8154,4.0612035,0,,,,,875.2829494317554,0.00072526286,1033.730874464787,0.00073268206,-0.0054772445,-0.016620519
1.0014683,0.0005414707,0,0.003662982,875.2841159721713,1033.7314885943051,4955,5873.2476,3.1402116,817.32404,0.35906187,7510.8203,4.060927,0,,,,,875.2841159721713,0.0007246004,1033.7314885943051,0.00073213177,-0.005137688,-0.016505927
1.0021803,0.00054159306,0,0.003663166,875.2826529299623,1033.7284863761995,4956,5878.375,3.1406953,815.87805,0.35901567,7516.161,4.0618443,0,,,,,875.2826529299623,0.0007228395,1033.7284863761995,0.00073001796,-0.005108427,-0.016205886
1.0016842,0.00054140756,0,0.0036633497,875.2828355914621,1033.731907072627,4957,5875.754,3.1399913,816.30597,0.35890624,7512.44,4.060453,0,,,,,875.2828355914621,0.00072342803,1033.731907072627,0.00073090405,-0.0054052635,-0.016158696
1.0016998,0.00054134807,0,0.0036635331,875.2829245752653,1033.7320680385994,4958,5874.6704,3.1393728,815.4977,0.35911125,7512.5566,4.060007,0,,,,,875.2829245752653,0.0007242889,1033.7320680385994,0.00073164684,-0.005124221,-0.015706472
1.0007871,0.00054120505,0,0.0036637161,875.2839626300679,1033.7332646942634,4959,5870.5366,3.1387198,815.6367,0.359056,7505.712,4.058934,0,,,,,875.2839626300679,0.0007237917,1033.7332646942634,0.0007312891,-0.0051080296,-0.015932634
1.0005505,0.00054121634,0,0.003663899,875.2836037830821,1033.731279612917,4960,5869.073,3.1387298,816.17523,0.35868976,7503.937,4.059019,0,,,,,875.2836037830821,0.0007246091,1033.731279612917,0.00073207973,-0.005019705,-0.015909094
1.0007895,0.0005413283,0,0.0036640815,875.2818483481228,1033.7318280660156,4961,5869.389,3.139439,815.6287,0.35917392,7505.7295,4.0598583,0,,,,,875.2818483481228,0.0007243886,1033.7318280660156,0.0007317068,-0.005166,-0.015496943
1.0011789,0.00054154324,0,0.0036642635,875.2836852103887,1033.7312691527188,4962,5872.4604,3.1406949,816.4769,0.35940036,7508.65,4.0614705,0,,,,,875.2836852103887,0.0007238826,1033.7312691527188,0.0007313059,-0.0052242847,-0.015606972
0.99996006,0.0005414867,0,0.0036644451,875.2825209658039,1033.7320557016433,4963,5865.0356,3.1403103,816.3484,0.35893285,7499.5093,4.0610466,0,,,,,875.2825209658039,0.0007240281,1033.7320557016433,0.00073158473,-0.005171484,-0.0152474595
1.0020568,0.0005416112,0,0.0036646265,875.2821663839358,1033.7340620647326,4964,5876.558,3.1410556,815.1491,0.35912022,7515.2344,4.0619807,0,,,,,875.2821663839358,0.00072304904,1033.7340620647326,0.0007306996,-0.0051994165,-0.015196399
1.0009751,0.0005414296,0,0.0036648076,875.2824871932997,1033.7323499166007,4965,5870.7285,3.1398017,816.93744,0.35887212,7507.1216,4.0606184,0,,,,,875.2824871932997,0.00072497444,1033.7323499166007,0.00073240045,-0.0051932894,-0.015354236
1.0019537,0.00054147263,0,0.0036649886,875.283260317075,1033.7331412856934,4966,5876.317,3.1399,816.9964,0.35868007,7514.461,4.060941,0,,,,,875.283260317075,0.00072398066,1033.7331412856934,0.00073155115,-0.0048284517,-0.015380854
1.0001047,0.000541235,0,0.003665169,875.2828094429638,1033.733476781606,4967,5865.018,3.1386986,816.6431,0.3592258,7500.5938,4.059159,0,,,,,875.2828094429638,0.0007253687,1033.733476781606,0.0007329853,-0.004953784,-0.01470286
1.0002117,0.0005411806,0,0.0036653492,875.2839380263244,1033.7325693046628,4968,5866.294,3.1383631,816.6597,0.35890445,7501.396,4.058751,0,,,,,875.2839380263244,0.0007248679,1033.7325693046628,0.00073231314,-0.005136387,-0.014958794
0.99997634,0.0005411549,0,0.003665529,875.2817756855391,1033.733553998155,4969,5864.2095,3.138391,816.37885,0.3589008,7499.6313,4.058558,0,,,,,875.2817756855391,0.0007250569,1033.733553998155,0.0007324881,-0.0050799334,-0.014928108
0.9998744,0.0005412556,0,0.0036657085,875.2826082357599,1033.7341618279845,4970,5863.8706,3.1388638,817.02625,0.35896763,7498.8667,4.0593133,0,,,,,875.2826082357599,0.0007258555,1033.7341618279845,0.0007335362,-0.005192799,-0.014884194
1.0006133,0.0005415833,0,0.0036658875,875.2827613922844,1033.7323168706753,4971,5868.703,3.1406279,815.02106,0.35863572,7504.408,4.061771,0,,,,,875.2827613922844,0.00072444946,1033.7323168706753,0.000732133,-0.005216027,-0.014561521
0.9993863,0.00054140436,0,0.0036660663,875.2826030215169,1033.7331382213017,4972,5860.733,3.139674,815.9067,0.35859,7495.206,4.060429,0,,,,,875.2826030215169,0.0007258863,1033.7331382213017,0.00073354744,-0.004959418,-0.014362396
1.0002171,0.00054137997,0,0.003666245,875.2839271877081,1033.7340163701438,4973,5865.9526,3.1394784,816.23334,0.35902336,7501.4365,4.060246,0,,,,,875.2839271877081,0.00072472024,1033.7340163701438,0.0007324521,-0.0050013917,-0.014423675
1.0002054,0.00054125075,0,0.003666423,875.2839495465804,1033.7325329290215,4974,5866.313,3.138842,816.17957,0.35850552,7501.3486,4.059277,0,,,,,875.2839495465804,0.0007251411,1033.7325329290215,0.00073268963,-0.0049133934,-0.014556243
0.9993531,0.0005411728,8192,0.003666601,875.2837533144537,1033.7334655274403,4975,5860.59,3.1383631,815.1144,0.35890025,7494.957,4.0586925,8192,,,,,875.2837533144537,0.00072578556,1033.7334655274403,0.00073337567,-0.0046161814,-0.014394896
0.9995264,0.0005411453,0,0.0036667786,875.2841517435736,1033.7342540205063,4976,5862.1626,3.1382797,815.312,0.35902712,7496.2563,4.058486,0,,,,,875.2841517435736,0.0007253983,1033.7342540205063,0.00073316356,-0.0049663954,-0.014280101
0.99998677,0.00054112653,0,0.0036669557,875.2827245422753,1033.7337069915525,4977,5864.711,3.1383128,815.0151,0.35916838,7499.7095,4.0583453,0,,,,,875.2827245422753,0.00072525296,1033.7337069915525,0.0007327749,-0.0050646854,-0.014130643
1.0016601,0.00054211507,128,0.0036671327,875.2846792307439,1033.734259329434,4978,5873.404,3.1438422,815.6807,0.35940427,7512.259,4.065759,128,,,,,875.2846792307439,0.00072390755,1033.734259329434,0.00073159137,-0.004888767,-0.014074819
0.99928796,0.0005412105,0,0.0036673092,875.2828624711236,1033.7335806557644,4979,5860.6914,3.1385264,815.599,0.3589611,7494.4683,4.058975,0,,,,,875.2828624711236,0.00072488,1033.7335806557644,0.0007325304,-0.0047534714,-0.014042355
0.99963593,0.000541245,0,0.0036674854,875.283013812758,1033.733458834412,4980,5862.8564,3.138725,816.0757,0.35901758,7497.078,4.0592337,0,,,,,875.283013812758,0.00072559825,1033.733458834412,0.0007331738,-0.004699289,-0.014100801
0.99885136,0.00054110767,0,0.0036676615,875.2836771062771,1033.7341504978272,4981,5856.796,3.137878,816.17896,0.3587012,7491.194,4.058204,0,,,,,875.2836771062771,0.0007263371,1033.7341504978272,0.00073409383,-0.0043600495,-0.013748904
0.9994112,0.0005411554,0,0.003667837,875.2847776578687,1033.7333592636337,4982,5861.364,3.1382737,815.5455,0.3585762,7495.393,4.058562,0,,,,,875.2847776578687,0.0007255917,1033.7333592636337,0.0007333499,-0.004467476,-0.014278925
1.0001738,0.000541269,0,0.003668012,875.2837373307877,1033.7332579350498,4983,5865.6665,3.1390164,816.2315,0.3586949,7501.1123,4.059414,0,,,,,875.2837373307877,0.00072542083,1033.7332579350498,0.00073315465,-0.004488853,-0.014064221
0.9997475,0.00054131716,0,0.0036681872,875.284251262771,1033.7338833120161,4984,5862.4287,3.1391137,816.3435,0.35888875,7497.915,4.059775,0,,,,,875.284251262771,0.00072695257,1033.7338833120161,0.00073459686,-0.004224826,-0.014149839
0.9989128,0.0005412124,0,0.0036683618,875.2826638194219,1033.733555079752,4985,5858.682,3.1385448,815.9248,0.3588392,7491.655,4.0589895,0,,,,,875.2826638194219,0.0007263297,1033.733555079752,0.0007339429,-0.0042444207,-0.014121577
1.0000463,0.00054130086,0,0.003668536,875.2819116641263,1033.733831096356,4986,5864.644,3.1391585,815.8346,0.35886243,7500.156,4.059653,0,,,,,875.2819116641263,0.000725748,1033.733831096356,0.000733248,-0.004626472,-0.0135100875
1.0010946,0.00054138905,0,0.00366871,875.283685737088,1033.7331049326044,4987,5870.2856,3.1394634,813.68713,0.35970554,7508.0176,4.060314,0,,,,,875.283685737088,0.0007238525,1033.7331049326044,0.0007314152,-0.0044505782,-0.013253912
0.99933004,0.0005411375,0,0.0036688836,875.2842385895668,1033.7333536950314,4988,5860.984,3.1381636,815.15814,0.358982,7494.784,4.0584273,0,,,,,875.2842385895668,0.0007256185,1033.7333536950314,0.00073326984,-0.0042222007,-0.013760416
0.99937284,0.0005410675,0,0.003669057,875.283093528064,1033.734492336136,4989,5860.381,3.137631,815.253,0.35919532,7495.105,4.057903,0,,,,,875.283093528064,0.0007252108,1033.734492336136,0.0007328721,-0.00453894,-0.013027974
0.9987474,0.00054104143,0,0.00366923,875.283636196055,1033.7344137256202,4990,5856.104,3.1375225,815.8876,0.3591156,7490.4146,4.0577073,0,,,,,875.283636196055,0.0007260217,1033.7344137256202,0.0007336268,-0.0044647693,-0.013094895
0.9993327,0.0005411267,0,0.0036694026,875.2837399213004,1033.733358221396,4991,5860.6704,3.1382391,815.05896,0.35888967,7494.804,4.0583467,0,,,,,875.2837399213004,0.00072528864,1033.733358221396,0.0007328043,-0.004092029,-0.01359753
0.99793416,0.00054123177,0,0.0036695749,875.2829733872936,1033.7340488338032,4992,5851.779,3.1383789,815.22015,0.35878512,7484.3154,4.0591345,0,,,,,875.2829733872936,0.0007261029,1033.7340488338032,0.0007338464,-0.004337736,-0.013175794
0.9969136,0.0005411717,0,0.003669747,875.2832208699583,1033.7345260949305,4993,5845.608,3.1383474,816.0395,0.35883716,7476.661,4.0586843,0,,,,,875.2832208699583,0.0007273533,1033.7345260949305,0.00073523115,-0.0045283674,-0.012516879
0.996259,0.0005410617,0,0.0036699185,875.2830932178168,1033.7342499857436,4994,5842.6836,3.1375332,816.1191,0.3585698,7471.7515,4.057859,0,,,,,875.2830932178168,0.00072756194,1033.7342499857436,0.0007354119,-0.0043064607,-0.012928218
0.9964214,0.0005410135,0,0.0036700899,875.2831999983721,1033.734138806346,4995,5842.6167,3.1372097,815.4904,0.35917488,7472.9697,4.0574975,0,,,,,875.2831999983721,0.0007269846,1033.734138806346,0.0007347531,-0.0042825905,-0.012596667
0.9962194,0.0005408438,0,0.003670261,875.28341156898,1033.7344460127038,4996,5841.6406,3.136442,815.26874,0.3592919,7471.4546,4.0562253,0,,,,,875.28341156898,0.0007275521,1033.7344460127038,0.00073522655,-0.0043535274,-0.012516098
0.99730295,0.000540894,0,0.0036704317,875.2840722952678,1033.7343551363658,4997,5848.653,3.1365576,814.5384,0.35920763,7479.581,4.0566015,0,,,,,875.2840722952678,0.000726462,1033.7343551363658,0.0007341925,-0.0043216646,-0.012805021
0.99609643,0.00054065656,0,0.003670602,875.2830731915946,1033.7349228336848,4998,5841.0566,3.1355808,814.56226,0.35932395,7470.5327,4.0548205,0,,,,,875.2830731915946,0.0007282847,1033.7349228336848,0.0007358777,-0.0039106817,-0.012998725
0.9965747,0.00054084003,0,0.003670772,875.2838873927858,1033.735803878562,4999,5844.0396,3.1361418,816.13916,0.35885414,7474.1196,4.0561967,0,,,,,875.2838873927858,0.00072724296,1033.735803878562,0.0007350482,-0.0038703517,-0.012667497
0.9967689,0.0005408939,0,0.0036709418,875.2828231121402,1033.7343078589902,5000,5845.487,3.136843,816.1702,0.35853186,7475.5757,4.0566006,0,,,,,875.2828231121402,0.0007276197,1033.7343078589902,0.00073530735,-0.0040850095,-0.012673689
0.9973768,0.0005412476,0,0.0036711113,875.2850109640572,1033.735277617715,5001,5848.0503,3.138606,815.60767,0.3589949,7480.1353,4.059253,0,,,,,875.2850109640572,0.0007269459,1033.735277617715,0.00073509774,-0.0038333512,-0.012472783
0.9989658,0.0005414146,0,0.0036712803,875.2851643996744,1033.735171326985,5002,5858.602,3.1398978,815.3336,0.35889307,7492.0522,4.060506,0,,,,,875.2851643996744,0.00072551385,1033.735171326985,0.00073364045,-0.0034535073,-0.012862922
0.99879014,0.00054123864,0,0.0036714491,875.2845727899085,1033.7352101115316,5003,5857.7007,3.1387103,815.4865,0.35859382,7490.735,4.059186,0,,,,,875.2845727899085,0.00072600157,1033.7352101115316,0.00073397503,-0.0037827154,-0.012862033
1.0001289,0.00054124265,0,0.0036716175,875.2839170196864,1033.7352089689368,5004,5863.3677,3.1387172,815.83844,0.358727,7500.7754,4.0592165,0,,,,,875.2839170196864,0.00072560203,1033.7352089689368,0.0007334821,-0.003965978,-0.012113829
0.99892133,0.00054111896,0,0.0036717856,875.2846045253295,1033.7354581505215,5005,5857.8096,3.1380875,816.29425,0.35888728,7491.7188,4.0582886,0,,,,,875.2846045253295,0.00072519435,1033.7354581505215,0.00073308416,-0.0039047773,-0.012123926
0.9982532,0.0005410546,0,0.0036719535,875.285376461776,1033.7350814283502,5006,5853.765,3.1374435,815.8264,0.358802,7486.708,4.057806,0,,,,,875.285376461776,0.00072607555,1033.7350814283502,0.0007340883,-0.0037542542,-0.011983048
0.99982303,0.0005411158,0,0.0036721209,875.2837070504982,1033.7364597913793,5007,5861.644,3.1379642,814.9923,0.3590447,7498.4814,4.058265,0,,,,,875.2837070504982,0.00072441506,1033.7364597913793,0.0007322742,-0.004282692,-0.011720547
0.999612,0.00054114114,0,0.003672288,875.2853529461894,1033.735364485718,5008,5861.129,3.1381364,815.4872,0.35900745,7496.8984,4.058455,0,,,,,875.2853529461894,0.0007256537,1033.735364485718,0.00073370885,-0.004260269,-0.011887621
0.99953675,0.000541216,0,0.0036724547,875.2838399212017,1033.7348215361562,5009,5860.4697,3.138539,815.0862,0.35852584,7496.3345,4.059016,0,,,,,875.2838399212017,0.0007250722,1033.7348215361562,0.00073292974,-0.004314232,-0.011591775
0.9988005,0.0005411797,8192,0.0036726212,875.2836424383543,1033.7363064947162,5010,5855.284,3.138254,815.35864,0.3590213,7490.8125,4.058744,8192,,,,,875.2836424383543,0.0007254555,1033.7363064947162,0.0007334495,-0.00412333,-0.011419919
0.9989414,0.00054113957,0,0.0036727875,875.2837253551618,1033.7363734471628,5011,5857.1895,3.1380913,815.4029,0.35887283,7491.8696,4.058443,0,,,,,875.2837253551618,0.0007258365,1033.7363734471628,0.0007338719,-0.004624159,-0.011573104
0.9989959,0.00054111687,0,0.0036729532,875.2832277919566,1033.7355700697367,5012,5857.2324,3.1379318,815.0359,0.35894367,7492.278,4.058273,0,,,,,875.2832277919566,0.0007262565,1033.7355700697367,0.00073407445,-0.004190057,-0.011652324
1.0000587,0.00054122094,0,0.0036731188,875.2847941895702,1033.7355690289091,5013,5862.5186,3.1385722,814.69055,0.3590106,7500.248,4.0590534,0,,,,,875.2847941895702,0.00072477094,1033.7355690289091,0.0007328438,-0.0037858514,-0.01135838
0.999917,0.00054126314,0,0.0036732838,875.2852717224829,1033.7378178511608,5014,5862.43,3.1389022,816.38855,0.35827732,7499.186,4.05937,0,,,,,875.2852717224829,0.00072523515,1033.7378178511608,0.0007335813,-0.0040797335,-0.011208156
0.9995935,0.0005412173,0,0.0036734487,875.2847274930714,1033.7361818016623,5015,5859.7236,3.1383486,815.45703,0.35861316,7496.76,4.059026,0,,,,,875.2847274930714,0.0007251847,1033.7361818016623,0.00073327427,-0.0038747457,-0.0109042935
0.9986761,0.0005411176,0,0.0036736133,875.284042282779,1033.7363952995215,5016,5854.3267,3.1380768,815.4614,0.35929427,7489.88,4.0582786,0,,,,,875.284042282779,0.00072553975,1033.7363952995215,0.0007335544,-0.0040016267,-0.010815102
0.9997394,0.0005412492,0,0.0036737774,875.2845353159705,1033.7357512409399,5017,5861.4365,3.1388705,815.6173,0.3587489,7497.854,4.059265,0,,,,,875.2845353159705,0.00072585116,1033.7357512409399,0.00073394284,-0.0037505354,-0.0111444825
0.9998672,0.0005411648,0,0.0036739414,875.2839376404477,1033.736184339155,5018,5861.082,3.138183,814.2041,0.35909936,7498.8125,4.0586324,0,,,,,875.2839376404477,0.0007248849,1033.736184339155,0.00073282747,-0.003903254,-0.010764689
0.9999368,0.0005411629,0,0.003674105,875.2844417588759,1033.7360267039357,5019,5862.3374,3.1380124,815.7458,0.35849524,7499.335,4.058618,0,,,,,875.2844417588759,0.00072500936,1033.7360267039357,0.0007329799,-0.0036524483,-0.011063197
1.0002904,0.0005411986,0,0.003674268,875.2860084613835,1033.7359797722665,5020,5865.038,3.1382527,815.31665,0.35878372,7501.9863,4.058886,0,,,,,875.2860084613835,0.00072462973,1033.7359797722665,0.0007327411,-0.0032077946,-0.011315431
0.9999851,0.000541184,0,0.003674431,875.2862855400626,1033.735642125231,5021,5862.2085,3.1384475,814.9697,0.35891262,7499.697,4.0587764,0,,,,,875.2862855400626,0.0007244004,1033.735642125231,0.0007325082,-0.003631241,-0.010796593
1.0005668,0.0005413795,0,0.0036745935,875.2831699019247,1033.7367507081826,5022,5865.8613,3.1395025,816.38354,0.35890603,7504.0596,4.0602427,0,,,,,875.2831699019247,0.0007251841,1033.7367507081826,0.000733212,-0.0036063653,-0.010662147
1.0002031,0.0005414752,0,0.0036747558,875.2852469063134,1033.735231576963,5023,5864.193,3.1400225,815.23486,0.35848215,7501.332,4.0609603,0,,,,,875.2852469063134,0.00072444533,1033.735231576963,0.00073261483,-0.003686371,-0.010468168
1.0000015,0.000541346,0,0.0036749176,875.2835615271722,1033.7370098092065,5024,5861.5244,3.1391706,815.56305,0.3593779,7499.82,4.0599914,0,,,,,875.2835615271722,0.0007253557,1033.7370098092065,0.0007335738,-0.0037916612,-0.009946366
0.99968237,0.00054127915,0,0.0036750792,875.2839542408933,1033.7379975030933,5025,5860.1597,3.1388974,816.5294,0.35881832,7497.4263,4.05949,0,,,,,875.2839542408933,0.00072474044,1033.7379975030933,0.0007331172,-0.003695576,-0.009973627
1.0006309,0.00054135633,0,0.0036752406,875.2842896684585,1033.7371073372678,5026,5865.74,3.1392388,816.35754,0.3591601,7504.5396,4.060069,0,,,,,875.2842896684585,0.0007252192,1033.7371073372678,0.0007333944,-0.003664589,-0.009743618
1.0007268,0.0005412006,0,0.0036754014,875.2850916954745,1033.735917804776,5027,5864.8296,3.1384351,815.36597,0.35904405,7505.2593,4.0589013,0,,,,,875.2850916954745,0.00072437397,1033.735917804776,0.00073239487,-0.0039137634,-0.009632691
1.0000083,0.0005410824,0,0.003675562,875.2844879906174,1033.7367363033654,5028,5862.0923,3.1378284,815.22723,0.35885987,7499.8716,4.0580144,0,,,,,875.2844879906174,0.000724758,1033.7367363033654,0.00073288335,-0.0038238934,-0.009936436
0.9996569,0.00054106244,0,0.0036757223,875.2845331797921,1033.7366901686225,5029,5860.0117,3.1376371,815.5244,0.35918677,7497.2354,4.0578647,0,,,,,875.2845331797921,0.00072464376,1033.7366901686225,0.00073273724,-0.0037600228,-0.009949082
0.9997722,0.0005411664,0,0.0036758822,875.2840786045006,1033.7369373104107,5030,5859.3784,3.138323,814.8484,0.35962352,7498.1,4.0586443,0,,,,,875.2840786045006,0.00072512275,1033.7369373104107,0.0007332428,-0.0037563767,-0.0096515035
0.999999,0.00054140075,0,0.003676042,875.2837269179846,1033.737240499725,5031,5861.7305,3.139596,815.9398,0.3590768,7499.801,4.060402,0,,,,,875.2837269179846,0.00072484056,1033.737240499725,0.00073298765,-0.0036931671,-0.009893181
0.99965155,0.00054154993,0,0.0036762012,875.2845494372607,1033.7373522777707,5032,5859.823,3.140408,816.3908,0.35884127,7497.1953,4.061521,0,,,,,875.2845494372607,0.00072576024,1033.7373522777707,0.00073415553,-0.0035150559,-0.009489685
0.9993649,0.00054130703,0,0.0036763602,875.284267464822,1033.7369945706073,5033,5856.715,3.1390789,816.506,0.35866025,7495.0454,4.059699,0,,,,,875.284267464822,0.0007253966,1033.7369945706073,0.00073355,-0.003757868,-0.008977384
1.0003487,0.00054131827,0,0.0036765188,875.2836837745124,1033.7389790967227,5034,5863.609,3.138997,816.31726,0.35862258,7502.4233,4.0597835,0,,,,,875.2836837745124,0.0007247622,1033.7389790967227,0.00073295896,-0.0034474563,-0.009449728
0.9997579,0.00054118835,0,0.0036766771,875.2846171186945,1033.737572806359,5035,5859.896,3.1382818,816.5109,0.35880837,7497.9927,4.058809,0,,,,,875.2846171186945,0.00072464533,1033.737572806359,0.00073281024,-0.0033298545,-0.009198353
1.0012124,0.00054130156,0,0.0036768352,875.2845703605342,1033.7377701829241,5036,5867.318,3.1387968,815.80676,0.35900995,7508.9014,4.059658,0,,,,,875.2845703605342,0.000724021,1033.7377701829241,0.0007321999,-0.0033627793,-0.009305881
1.0009469,0.00054123247,0,0.0036769928,875.283489716508,1033.737304514034,5037,5866.502,3.1385522,815.7589,0.35905328,7506.91,4.0591397,0,,,,,875.283489716508,0.0007238925,1033.737304514034,0.00073191314,-0.00362401,-0.008875882
1.0006655,0.00054122304,0,0.0036771502,875.2835076148897,1033.7378237515532,5038,5864.7227,3.138404,815.4403,0.3591625,7504.8,4.059069,0,,,,,875.2835076148897,0.0007243551,1033.7378237515532,0.00073251204,-0.0033727714,-0.008760168
1.0005993,0.000541247,0,0.0036773072,875.2848647518459,1033.7374333445875,5039,5863.5205,3.1387136,816.1769,0.3585908,7504.303,4.059249,0,,,,,875.2848647518459,0.00072471367,1033.7374333445875,0.0007329485,-0.003556462,-0.008522655
1.0003372,0.00054133567,0,0.0036776203,875.2827991900106,1033.7361894150008,5041,5862.458,3.139177,815.97473,0.3586171,7502.338,4.059914,0,,,,,875.2827991900106,0.0007249844,1033.7361894150008,0.00073301594,-0.0031875977,-0.0087621715
0.9994792,0.0005411957,0,0.0036777763,875.2864950777736,1033.738149627032,5042,5857.2793,3.138317,816.63916,0.35875937,7495.9023,4.058864,0,,,,,875.2864950777736,0.00072496495,1033.738149627032,0.00073334726,-0.0030085912,-0.008470793
1.0005335,0.00054125773,0,0.003677932,875.2838956205471,1033.7379874597643,5043,5864.52,3.1387799,816.9287,0.358924,7503.8096,4.0593295,0,,,,,875.2838956205471,0.00072446704,1033.7379874597643,0.00073273515,-0.003014493,-0.008594435
1.0001106,0.0005412715,0,0.0036780874,875.2838846232223,1033.7399692787922,5044,5860.383,3.1387155,815.963,0.358723,7500.6387,4.059433,0,,,,,875.2838846232223,0.0007248433,1033.7399692787922,0.0007333345,-0.0034343277,-0.007931095
0.99989194,0.0005412398,0,0.0036782424,875.2839400066048,1033.7368992665013,5045,5859.737,3.138456,816.622,0.3587625,7498.998,4.059195,0,,,,,875.2839400066048,0.00072520546,1033.7368992665013,0.00073341955,-0.0033068578,-0.007779607
1.0001707,0.0005412352,0,0.0036783973,875.2864797152192,1033.7386639640058,5046,5862.279,3.1385152,815.71576,0.3591594,7501.089,4.05916,0,,,,,875.2864797152192,0.000724551,1033.7386639640058,0.000733057,-0.0030394811,-0.0079762
1.0007349,0.0005413384,0,0.0036785516,875.2849937417739,1033.7400229728785,5047,5864.818,3.1391118,817.0653,0.35879382,7505.321,4.0599346,0,,,,,875.2849937417739,0.00072487205,1033.7400229728785,0.0007333511,-0.002840144,-0.007827767
1.000556,0.00054130785,0,0.0036787058,875.28608175655,1033.7382124682917,5048,5864.2827,3.1388612,815.84436,0.35923254,7503.9785,4.0597053,0,,,,,875.28608175655,0.00072484365,1033.7382124682917,0.0007333139,-0.0029375912,-0.008098575
1.000788,0.0005412941,0,0.0036788594,875.2841124753177,1033.7374581880722,5049,5865.3906,3.1386647,816.1736,0.35887566,7505.7183,4.0596023,0,,,,,875.2841124753177,0.00072461576,1033.7374581880722,0.0007327547,-0.0030755422,-0.0079023605
1.0009016,0.0005412356,0,0.0036790129,875.2847204306472,1033.7379761367667,5050,5865.22,3.1384141,816.0602,0.3583913,7506.57,4.0591636,0,,,,,875.2847204306472,0.00072407525,1033.7379761367667,0.00073227845,-0.0026855422,-0.008183144
1.0007023,0.00054130383,0,0.0036791658,875.2868493920396,1033.7380958537158,5051,5864.1006,3.1386924,816.7597,0.3588205,7505.075,4.059675,0,,,,,875.2868493920396,0.0007249199,1033.7380958537158,0.0007333382,-0.0028240944,-0.007952607
1.0011909,0.00054146536,0,0.0036793188,875.2857386515564,1033.7383955165349,5052,5867.527,3.139642,815.05286,0.3590688,7508.74,4.0608864,0,,,,,875.2857386515564,0.00072356145,1033.7383955165349,0.0007319745,-0.0028641021,-0.008117285
1.0006167,0.00054143526,0,0.003679471,875.2852429730335,1033.7383414912754,5053,5862.444,3.1394508,815.3137,0.35900092,7504.4336,4.060661,0,,,,,875.2852429730335,0.00072384195,1033.7383414912754,0.0007323099,-0.002756121,-0.0074032308
1.0019598,0.00054153544,0,0.0036796234,875.2865401417753,1033.7378265349125,5054,5871.5273,3.1401875,814.4003,0.35939276,7514.5063,4.0614123,0,,,,,875.2865401417753,0.0007235,1033.7378265349125,0.00073206116,-0.002555551,-0.007521794
1.0002688,0.00054135313,0,0.0036797752,875.2860598113065,1033.7382473487264,5055,5861.8906,3.1390567,814.4274,0.3592684,7501.8247,4.060045,0,,,,,875.2860598113065,0.00072435086,1033.7382473487264,0.0007327501,-0.002541728,-0.0075265723
1.0004082,0.00054130796,0,0.0036799265,875.2864195965584,1033.738569441121,5056,5860.9487,3.1388795,816.04376,0.3587598,7502.8696,4.059706,0,,,,,875.2864195965584,0.0007250847,1033.738569441121,0.00073364394,-0.0026161121,-0.0069708186
1.0011865,0.00054129044,0,0.0036800776,875.2845347460299,1033.741618699421,5057,5866.375,3.1386847,816.1493,0.3587247,7508.707,4.0595746,0,,,,,875.2845347460299,0.0007236893,1033.741618699421,0.0007323743,-0.0027167466,-0.0069013545
1.0005023,0.0005411722,0,0.0036802285,875.2854026172574,1033.7395487327176,5058,5862.6265,3.1380017,815.88983,0.3589335,7503.5757,4.058688,0,,,,,875.2854026172574,0.0007259206,1033.7395487327176,0.0007343727,-0.0028172582,-0.007053343
1.0001183,0.0005412233,0,0.003680379,875.285906205581,1033.7405811027743,5059,5858.9673,3.138233,822.80927,0.35871226,7500.696,4.059071,0,,,,,875.285906205581,0.0007254811,1033.7405811027743,0.00073412736,-0.0024819958,-0.0062290886
1.0004116,0.000541237,0,0.003680529,875.2852545947541,1033.7398500940533,5060,5861.588,3.1383543,815.75653,0.35934943,7502.8955,4.059174,0,,,,,875.2852545947541,0.00072458806,1033.7398500940533,0.0007330728,-0.0026070755,-0.006409712
1.0014051,0.0005414899,0,0.003680679,875.2852622473415,1033.7367642404329,5061,5867.2666,3.1398318,816.2555,0.3589216,7510.347,4.061071,0,,,,,875.2852622473415,0.00072361267,1033.7367642404329,0.00073198753,-0.0023303907,-0.006306675
0.99945885,0.00054148975,0,0.0036808285,875.2855672619723,1033.7395185246462,5062,5854.4424,3.1397986,816.12775,0.35890892,7495.75,4.0610695,0,,,,,875.2855672619723,0.00072547875,1033.7395185246462,0.00073416985,-0.0022657588,-0.0062446417
0.99996895,0.0005414679,0,0.0036809775,875.2851865333593,1033.7386447280494,5063,5858.761,3.1395674,815.8745,0.35855392,7499.5757,4.060906,0,,,,,875.2851865333593,0.0007252346,1033.7386447280494,0.0007337789,-0.0021501847,-0.0071394066
1.001293,0.00054145465,0,0.0036811265,875.286385812075,1033.7389172400017,5064,5866.433,3.1396353,815.7775,0.35875773,7509.506,4.0608063,0,,,,,875.286385812075,0.00072485674,1033.7389172400017,0.00073351874,-0.0019957358,-0.006594868
1.0009596,0.0005413284,0,0.003681275,875.2861757526098,1033.7388327381375,5065,5864.8135,3.1387472,815.2671,0.359135,7507.006,4.0598593,0,,,,,875.2861757526098,0.0007240991,1033.7388327381375,0.0007326383,-0.001696802,-0.0064679063
0.9991813,0.00054113724,0,0.0036814231,875.2856908735109,1033.7394242112355,5066,5855.766,3.1375725,815.54034,0.3592293,7493.6685,4.058426,0,,,,,875.2856908735109,0.00072579115,1033.7394242112355,0.00073431217,-0.002035478,-0.0065731173
1.0011839,0.0005412228,0,0.003681571,875.2862642093651,1033.7395132043957,5067,5865.8184,3.1383002,815.60345,0.35881254,7508.687,4.0590672,0,,,,,875.2862642093651,0.00072358846,1033.7395132043957,0.0007321023,-0.0018886789,-0.006225927
1.0016035,0.0005412999,0,0.0036817186,875.2862983983866,1033.7400712721878,5068,5868.599,3.1386936,814.55756,0.35939014,7511.834,4.0596457,0,,,,,875.2862983983866,0.00072359265,1033.7400712721878,0.00073220284,-0.0018823179,-0.0062012514
1.0005038,0.00054130075,0,0.0036818658,875.2852090587116,1033.7394203706726,5069,5862.645,3.1386704,816.859,0.35883772,7503.587,4.059652,0,,,,,875.2852090587116,0.00072453753,1033.7394203706726,0.00073308684,-0.0018016751,-0.0062248274
1.0013555,0.0005415412,0,0.0036820127,875.2864445704251,1033.739015661921,5070,5866.8525,3.140166,815.3905,0.35879865,7509.975,4.0614552,0,,,,,875.2864445704251,0.00072444486,1033.739015661921,0.00073310436,-0.0016739714,-0.0059895096
1.0008788,0.0005414686,0,0.0036821591,875.2850813107015,1033.7391596872906,5071,5863.945,3.139684,815.57495,0.35901526,7506.3994,4.060911,0,,,,,875.2850813107015,0.0007245378,1033.7391596872906,0.0007331405,-0.0019408326,-0.0054704277
1.0019277,0.0005414664,0,0.0036823053,875.28615834728,1033.7396832003592,5072,5870.2305,3.1396403,815.3009,0.35885543,7514.266,4.0608945,0,,,,,875.28615834728,0.00072357117,1033.7396832003592,0.00073230197,-0.0017391703,-0.005854254
0.9997342,0.0005411902,0,0.0036824513,875.2869832371252,1033.7408695832785,5073,5856.569,3.1379867,815.6027,0.3585942,7497.8154,4.058823,0,,,,,875.2869832371252,0.00072517066,1033.7408695832785,0.00073400117,-0.0015641202,-0.005794169
1.0015969,0.0005413967,0,0.0036825968,875.2858476294592,1033.7400525012567,5074,5867.1196,3.1392322,816.2283,0.35891038,7511.7856,4.0603714,0,,,,,875.2858476294592,0.00072481186,1033.7400525012567,0.00073357235,-0.0018827727,-0.0055530015
1.00074,0.0005412892,0,0.0036827421,875.2865230566385,1033.7411607658746,5075,5862.607,3.1385994,816.4234,0.35827935,7505.3584,4.0595655,0,,,,,875.2865230566385,0.0007247474,1033.7411607658746,0.0007335861,-0.0015540911,-0.0051915147
1.0011306,0.00054129347,0,0.0036828872,875.2862364386383,1033.7407069589804,5076,5864.476,3.138636,815.6225,0.35858,7508.2876,4.0595975,0,,,,,875.2862364386383,0.00072454626,1033.7407069589804,0.00073321076,-0.0014732796,-0.005033263
1.0003154,0.00054127036,0,0.0036830318,875.2857882078022,1033.7403545509505,5077,5860.1733,3.1383798,816.0529,0.3590142,7502.174,4.059424,0,,,,,875.2857882078022,0.00072534493,1033.7403545509505,0.0007340019,-0.001547163,-0.0052341674
1.0005314,0.0005413188,0,0.003683176,875.2871781944991,1033.7409605914154,5078,5862.0493,3.138685,814.1202,0.35898018,7503.7944,4.0597873,0,,,,,875.2871781944991,0.00072389934,1033.7409605914154,0.00073275215,-0.0019012562,-0.0049792617
1.0006933,0.00054125977,0,0.0036833198,875.28623218436,1033.7411733070098,5079,5861.837,3.1384683,815.7553,0.35902146,7505.009,4.059345,0,,,,,875.28623218436,0.0007244905,1033.7411733070098,0.0007332322,-0.0015197733,-0.004888571
1.0005915,0.00054123945,0,0.0036834634,875.2865424575117,1033.7417242645809,5080,5862.2,3.1381521,813.85864,0.35948977,7504.245,4.059192,0,,,,,875.2865424575117,0.0007232391,1033.7417242645809,0.00073203706,-0.001479525,-0.0050167623
1.000629,0.0005413117,0,0.0036836069,875.2861715314039,1033.7409210815547,5081,5862.8564,3.1386244,816.04083,0.35878766,7504.526,4.059734,0,,,,,875.2861715314039,0.00072438753,1033.7409210815547,0.000733219,-0.0013374474,-0.0047737644
1.0001048,0.00054124644,0,0.0036837498,875.2855451432804,1033.7403752406412,5082,5857.911,3.1382885,815.8473,0.35853392,7500.594,4.0592446,0,,,,,875.2855451432804,0.00072558963,1033.7403752406412,0.000734264,-0.0015318893,-0.0043531996
1.0009795,0.00054144015,0,0.0036838923,875.287019131411,1033.7403940295756,5083,5864.7114,3.1394753,815.4591,0.3588834,7507.155,4.0606976,0,,,,,875.287019131411,0.0007243103,1033.7403940295756,0.00073322497,-0.0013260003,-0.0047117965
1.0000951,0.00054133555,0,0.0036840346,875.2879756563382,1033.7413340235098,5084,5859.2783,3.1388414,815.41644,0.3585716,7500.5225,4.059913,0,,,,,875.2879756563382,0.0007244768,1033.7413340235098,0.0007335692,-0.0011143801,-0.004657573
1.0025711,0.0005415508,0,0.0036841766,875.2859777934182,1033.7408600474973,5085,5873.0396,3.1400523,814.7559,0.3588234,7519.092,4.0615273,0,,,,,875.2859777934182,0.0007237167,1033.7408600474973,0.000732579,-0.0011199735,-0.0042321403
1.0012962,0.00054140866,8192,0.0036843182,875.2876106490166,1033.7406727899138,5086,5866.084,3.1392105,814.792,0.35891607,7509.53,4.0604615,8192,,,,,875.2876106490166,0.0007235879,1033.7406727899138,0.00073258847,-0.0010384346,-0.0045376467
1.0000908,0.000541196,0,0.0036844595,875.2867858326255,1033.7398018814474,5087,5859.2036,3.138097,816.08057,0.35816315,7500.4897,4.058866,0,,,,,875.2867858326255,0.0007249882,1033.7398018814474,0.00073369854,-0.0009446227,-0.0043912623
1.0006682,0.00054117653,0,0.0036846006,875.2879743929478,1033.7406279370043,5088,5861.599,3.1379375,815.2293,0.3588213,7504.8193,4.0587206,0,,,,,875.2879743929478,0.0007240876,1033.7406279370043,0.0007330288,-0.0008439968,-0.0042308746
1.0010835,0.0005412417,0,0.0036847412,875.2878999590278,1033.7411860111438,5089,5865.082,3.1382248,815.90076,0.35862705,7507.9346,4.0592093,0,,,,,875.2878999590278,0.000723838,1033.7411860111438,0.00073275075,-0.0009080042,-0.0043499977
1.0005218,0.00054122915,0,0.0036848816,875.2866262065426,1033.7397986447577,5090,5861.121,3.1381419,815.8743,0.358953,7503.722,4.059115,0,,,,,875.2866262065426,0.0007247806,1033.7397986447577,0.0007334056,-0.0009798736,-0.0039644768
0.99922264,0.00054121943,0,0.0036850215,875.286080698143,1033.741871463421,5091,5852.6753,3.1382446,815.56964,0.35852942,7493.9785,4.059042,0,,,,,875.286080698143,0.00072549377,1033.741871463421,0.0007344553,-0.0010895876,-0.0037386585
1.0006963,0.0005416025,0,0.0036851612,875.2861816146424,1033.7397675083992,5092,5862.4297,3.140383,815.7946,0.35863027,7505.031,4.061915,0,,,,,875.2861816146424,0.00072459783,1033.7397675083992,0.0007334942,-0.00095367833,-0.0038306604
1.0007688,0.0005415634,0,0.0036853005,875.2875038468569,1033.7419678854499,5093,5862.1533,3.1400075,816.262,0.3588784,7505.574,4.0616217,0,,,,,875.2875038468569,0.0007243967,1033.7419678854499,0.00073357543,-0.00085386774,-0.0039121737
0.99945796,0.00054132583,0,0.0036854397,875.2872111766715,1033.7420645652728,5094,5854.573,3.1386292,816.2593,0.35855126,7495.743,4.05984,0,,,,,875.2872111766715,0.00072522653,1033.7420645652728,0.00073432253,-0.0007295217,-0.003340657
1.0009651,0.0005413718,0,0.0036855782,875.2867583796083,1033.74058571028,5095,5863.8027,3.138877,815.329,0.35899794,7507.0464,4.060185,0,,,,,875.2867583796083,0.00072380155,1033.74058571028,0.0007328087,-0.0006605382,-0.0037663502
1.0001143,0.0005411853,0,0.0036857165,875.2855712432869,1033.7414297938924,5096,5858.0205,3.1379144,815.281,0.35867465,7500.666,4.0587864,0,,,,,875.2855712432869,0.0007253729,1033.7414297938924,0.0007341505,-0.0004801267,-0.003631554
1.0007477,0.00054121594,0,0.0036858546,875.2877760405975,1033.7414999240364,5097,5862.3906,3.138026,814.9612,0.35937554,7505.416,4.0590158,0,,,,,875.2877760405975,0.00072362425,1033.7414999240364,0.00073254656,-0.0007286131,-0.0035559929
1.0009586,0.00054121047,0,0.0036859924,875.2867592187843,1033.742091464931,5098,5863.966,3.138076,816.2722,0.3583024,7506.9976,4.0589747,0,,,,,875.2867592187843,0.0007243659,1033.742091464931,0.00073326146,-0.0005572263,-0.003409906
1.0006235,0.00054127956,0,0.0036861298,875.2876262646666,1033.7429085135543,5099,5861.377,3.1384213,815.3913,0.35925746,7504.485,4.059493,0,,,,,875.2876262646666,0.00072442327,1033.7429085135543,0.00073357817,-0.0004381099,-0.0032665436
1.0002882,0.0005414708,0,0.003686267,875.2875341241022,1033.7417094658294,5100,5860.14,3.1396263,815.48737,0.3590463,7501.97,4.0609274,0,,,,,875.2875341241022,0.0007246585,1033.7417094658294,0.0007337965,-0.00073320663,-0.0031525884
0.9995191,0.00054147263,0,0.0036864036,875.2875202691231,1033.7414933544214,5101,5855.927,3.1395328,815.2278,0.3592039,7496.202,4.060941,0,,,,,875.2875202691231,0.0007247876,1033.7414933544214,0.00073396304,-0.0007490311,-0.0028986053
1.0005808,0.00054139266,0,0.00368654,875.2859174160637,1033.7415826278054,5102,5861.0376,3.1391134,815.8798,0.35879248,7504.164,4.0603414,0,,,,,875.2859174160637,0.00072507234,1033.7415826278054,0.00073402235,-0.00073012797,-0.0029857617
1.0018189,0.000541422,0,0.003686676,875.2868829628154,1033.7435458993996,5103,5868.6885,3.13923,815.2271,0.35867605,7513.4497,4.060561,0,,,,,875.2868829628154,0.0007235005,1033.7435458993996,0.0007326905,-0.00070399255,-0.0027366094
1.0001277,0.00054126483,0,0.0036868118,875.2874322264094,1033.7419453371738,5104,5859.449,3.1382403,815.5377,0.35851297,7500.766,4.0593824,0,,,,,875.2874322264094,0.0007247353,1033.7419453371738,0.00073368853,-0.000472269,-0.0030666252
1.0006019,0.00054125796,0,0.0036869473,875.2880525635035,1033.741879252396,5105,5860.958,3.1383278,815.416,0.3588242,7504.3228,4.059331,0,,,,,875.2880525635035,0.00072416296,1033.741879252396,0.00073318294,1.5207721e-05,-0.0030813287
1.0004426,0.0005412475,0,0.0036870823,875.2877227773986,1033.7425353335684,5106,5860.8804,3.138179,815.4838,0.35867855,7503.1284,4.0592527,0,,,,,875.2877227773986,0.0007240649,1033.7425353335684,0.00073316914,-0.0002783169,-0.0033868789
1.0010889,0.0005413148,0,0.0036872171,875.2866942362459,1033.7417041994322,5107,5864.77,3.138506,815.19525,0.3588099,7507.975,4.059757,0,,,,,875.2866942362459,0.0007242759,1033.7417041994322,0.0007332427,-0.00039123555,-0.0033313166
0.99970096,0.0005412224,0,0.0036873515,875.2872312495962,1033.7425484746714,5108,5855.4077,3.138069,816.3424,0.35814556,7497.566,4.0590644,0,,,,,875.2872312495962,0.00072523754,1033.7425484746714,0.00073426845,-0.00020758991,-0.0030166998
0.9994196,0.0005412514,0,0.0036874856,875.2868647491973,1033.7429393644609,5109,5854.984,3.1381333,815.9728,0.35885265,7495.456,4.059282,0,,,,,875.2868647491973,0.0007258174,1033.7429393644609,0.0007348699,-0.00020979052,-0.0029572418
0.99946487,0.0005411768,0,0.0036876192,875.28715084093,1033.7429164009823,5110,5854.4727,3.1378613,816.6491,0.35878366,7495.7954,4.0587225,0,,,,,875.28715084093,0.00072545337,1033.7429164009823,0.000734623,-0.00041965285,-0.0025570937
1.0006309,0.0005412482,0,0.0036877529,875.2876595653938,1033.7415290849926,5111,5860.185,3.1382673,815.2211,0.35846308,7504.54,4.059258,0,,,,,875.2876595653938,0.00072409346,1033.7415290849926,0.000733088,-0.00039842853,-0.0022023115
1.0006579,0.0005413477,0,0.0036878858,875.2889656910376,1033.7420054563859,5112,5862.0225,3.1387565,815.3399,0.3591702,7504.7427,4.060004,0,,,,,875.2889656910376,0.000723677,1033.7420054563859,0.00073280657,-9.069088e-05,-0.0027330373
1.0000106,0.0005413187,0,0.0036880188,875.2864402756001,1033.7425869905032,5113,5857.948,3.1386766,815.38293,0.35890236,7499.888,4.0597863,0,,,,,875.2864402756001,0.0007254925,1033.7425869905032,0.0007345842,-0.0003679849,-0.002870855
0.999842,0.0005413167,0,0.0036881512,875.2871616044207,1033.7429124704674,5114,5856.392,3.1384513,814.69385,0.35914296,7498.6235,4.0597715,0,,,,,875.2871616044207,0.00072492,1033.7429124704674,0.000734012,-0.000132464,-0.0022439233
1.0001614,0.0005413291,0,0.0036882833,875.2871693206243,1033.7412407199736,5115,5859.4375,3.1385903,816.6595,0.35873842,7501.0195,4.0598645,0,,,,,875.2871693206243,0.0007247613,1033.7412407199736,0.00073367025,-0.0002648506,-0.0027930154
0.9995283,0.0005412753,0,0.003688415,875.2885529529428,1033.7439347287175,5116,5855.9136,3.1383755,816.6378,0.35874698,7496.271,4.059461,0,,,,,875.2885529529428,0.0007246044,1033.7439347287175,0.00073399174,2.3075181e-05,-0.002695829
1.0001129,0.00054127607,0,0.0036885466,875.2883012877969,1033.7426786223486,5117,5858.882,3.1383326,815.4628,0.35907745,7500.6553,4.059467,0,,,,,875.2883012877969,0.000724355,1033.7426786223486,0.00073359645,3.860444e-05,-0.0029978452
1.0009905,0.00054126035,0,0.0036886777,875.2877838583213,1033.7403935146224,5118,5864.4277,3.1383371,815.5676,0.358701,7507.237,4.059349,0,,,,,875.2877838583213,0.00072402187,1033.7403935146224,0.00073307456,1.4471683e-05,-0.0027663598
1.0003554,0.0005411535,0,0.0036888085,875.2869802009786,1033.7420911310146,5119,5859.965,3.1377053,816.1241,0.35884047,7502.4736,4.0585475,0,,,,,875.2869802009786,0.00072474836,1033.7420911310146,0.0007336003,-0.00023021516,-0.002389766
1.0001708,0.00054116343,0,0.003688939,875.2882815636037,1033.7422949630818,5120,5858.7056,3.1377919,815.8282,0.35847196,7501.09,4.0586224,0,,,,,875.2882815636037,0.0007244397,1033.7422949630818,0.00073359197,-8.4885054e-05,-0.0022798702
1.0005943,0.00054137805,0,0.003689069,875.2883391330616,1033.7428730926906,5121,5861.6914,3.1390417,817.7657,0.35843194,7504.2656,4.0602317,0,,,,,875.2883391330616,0.00072466396,1033.7428730926906,0.0007339613,0.0003322063,-0.0023293565
1.000611,0.00054154475,0,0.003689199,875.2876127897962,1033.7424980057344,5122,5860.9097,3.1399102,816.5519,0.35891652,7504.3906,4.061482,0,,,,,875.2876127897962,0.00072425284,1033.7424980057344,0.0007335495,0.00017339432,-0.001968025
0.9991203,0.00054142,0,0.0036893284,875.2872523228866,1033.7425944548645,5123,5852.224,3.1391478,816.439,0.35879532,7493.211,4.0605464,0,,,,,875.2872523228866,0.0007255373,1033.7425944548645,0.0007348009,0.00018419135,-0.0018824098
0.99984694,0.0005413788,0,0.0036894577,875.2883120992155,1033.7426928563013,5124,5856.648,3.1389027,816.2248,0.35869783,7498.6606,4.0602374,0,,,,,875.2883120992155,0.00072447734,1033.7426928563013,0.0007338114,0.00017841136,-0.0017696529
1.0006845,0.00054136285,0,0.0036895867,875.2895741487811,1033.7430319061393,5125,5860.1323,3.1388257,817.1558,0.35909665,7504.9424,4.0601177,0,,,,,875.2895741487811,0.00072464795,1033.7430319061393,0.0007339847,-7.306706e-05,-0.0015756772
0.9998706,0.00054116565,0,0.0036897152,875.2867429280295,1033.7433154877695,5126,5855.9336,3.1377294,816.10614,0.35898623,7498.838,4.0586386,0,,,,,875.2867429280295,0.000725006,1033.7433154877695,0.0007341702,-0.00034321682,-0.0011459038
1.0008283,0.00054118776,0,0.0036898432,875.2880801642242,1033.7442520069214,5127,5861.9683,3.1379087,815.5367,0.35883248,7506.0205,4.0588045,0,,,,,875.2880801642242,0.0007241248,1033.7442520069214,0.0007334324,4.353264e-05,-0.0012566561
0.9998492,0.0005411103,0,0.003689971,875.2886681904874,1033.743027399712,5128,5855.581,3.1372962,816.366,0.35905242,7498.6777,4.0582237,0,,,,,875.2886681904874,0.00072495133,1033.743027399712,0.00073419994,0.00024130492,-0.0011680953
1.0011958,0.0005413129,0,0.0036900986,875.2895270491326,1033.7430314131516,5129,5864.136,3.138552,816.8582,0.35866833,7508.777,4.0597434,0,,,,,875.2895270491326,0.00072394666,1033.7430314131516,0.00073326647,0.0005616348,-0.0013008381
1.0000631,0.0005413883,0,0.0036902258,875.2877011537589,1033.7422264739257,5130,5857.9414,3.1390016,815.78204,0.35876268,7500.2812,4.0603085,0,,,,,875.2877011537589,0.0007242681,1033.7422264739257,0.00073336984,0.00034730483,-0.000981206
1.0000974,0.00054154143,0,0.0036903527,875.287566719604,1033.7399087981257,5131,5856.7305,3.1399221,816.9665,0.35872555,7500.539,4.061457,0,,,,,875.287566719604,0.0007241176,1033.7399087981257,0.0007336108,0.00046768528,-0.00083262793
0.9999104,0.0005414149,0,0.0036904793,875.2868134460746,1033.745093593652,5132,5856.6733,3.139161,816.15674,0.3588927,7499.1367,4.0605083,0,,,,,875.2868134460746,0.0007247519,1033.745093593652,0.00073423586,0.00039125065,-0.0006493392
1.0002507,0.0005412929,0,0.0036906055,875.2876358461874,1033.7442866106924,5133,5858.42,3.1385763,816.4706,0.3593922,7501.689,4.059593,0,,,,,875.2876358461874,0.0007244942,1033.7442866106924,0.00073386554,0.00014966988,-0.0001623396
0.99914205,0.0005411317,0,0.0036907315,875.2884464714994,1033.7445256181918,5134,5850.8813,3.1374524,815.49445,0.35833803,7493.374,4.0583844,0,,,,,875.2884464714994,0.00072473346,1033.7445256181918,0.00073408464,0.0003073553,-0.00015664085
1.0000944,0.00054120674,0,0.003690857,875.28935679236,1033.7442809992872,5135,5857.9946,3.1379502,815.77277,0.35860425,7500.517,4.058947,0,,,,,875.28935679236,0.0007235109,1033.7442809992872,0.0007330064,0.0005757175,-0.0006275083
1.000717,0.0005412533,0,0.0036909822,875.2881011061677,1033.744558057591,5136,5861.4385,3.1382353,815.92316,0.35867432,7505.186,4.059296,0,,,,,875.2881011061677,0.0007245742,1033.744558057591,0.00073398417,0.00079574855,-0.0007073313
0.9999814,0.0005411404,0,0.003691107,875.2903145146151,1033.744183215537,5137,5856.21,3.1376338,815.5325,0.3589571,7499.669,4.0584493,0,,,,,875.2903145146151,0.00072517566,1033.744183215537,0.0007345775,0.0007526581,-0.00030135814
1.0001341,0.0005412493,0,0.0036912316,875.2893749438708,1033.7438157412782,5138,5857.837,3.1382678,816.95544,0.35846198,7500.8145,4.059266,0,,,,,875.2893749438708,0.000724277,1033.7438157412782,0.00073362194,0.0006017998,-0.00044675925
0.99977255,0.0005412226,0,0.003691356,875.2892637973516,1033.7434200134464,5139,5854.927,3.1379952,815.0169,0.35889193,7498.1025,4.059066,0,,,,,875.2892637973516,0.00072493637,1033.7434200134464,0.00073432707,0.00022318662,-0.00046643073
1.0005565,0.00054128206,0,0.0036914798,875.2884173589914,1033.7441094115302,5140,5859.575,3.1383762,815.2923,0.35904336,7503.9824,4.0595117,0,,,,,875.2884173589914,0.0007242607,1033.7441094115302,0.00073365186,0.00069648726,-0.00042976777
1.000615,0.00054127193,0,0.0036916034,875.2885281277356,1033.7436162359895,5141,5860.0146,3.138322,815.31,0.35865384,7504.4214,4.059436,0,,,,,875.2885281277356,0.000724047,1033.7436162359895,0.0007334068,0.0,0.0
1.0007234,0.00054126803,0,0.0036917266,875.288852015977,1033.743426338012,5142,5860.3867,3.1384263,815.59204,0.35879877,7505.2334,4.0594068,0,,,,,875.288852015977,0.0007241304,1033.743426338012,0.0007334167,0.00023490468,-0.00011778806
0.9997465,0.00054125,0,0.0036918495,875.289763251567,1033.745579838744,5143,5854.6846,3.138084,815.66187,0.35873118,7497.907,4.0592713,0,,,,,875.289763251567,0.0007247354,1033.745579838744,0.000734356,0.00053104165,-0.00027631017
0.99896383,0.00054129947,128,0.0036919722,875.2865577803511,1033.7428711887228,5144,5851.014,3.1385286,814.8098,0.35907704,7492.0376,4.0596423,128,,,,,875.2865577803511,0.0007251878,1033.7428711887228,0.0007342581,0.00016012251,-9.036068e-05
0.99951106,0.00054119,0,0.0036920945,875.288108671511,1033.7440561719982,5145,5853.6787,3.1378307,815.85236,0.3590927,7496.1416,4.058821,0,,,,,875.288108671511,0.0007247829,1033.7440561719982,0.0007341222,0.0005952128,-0.00031038866
0.99950504,0.00054122804,0,0.0036922165,875.287934260811,1033.7443220150185,5146,5853.7075,3.1379952,815.5329,0.35855392,7496.0967,4.059107,0,,,,,875.287934260811,0.0007248544,1033.7443220150185,0.00073419895,0.00039560278,-4.795726e-05
0.9995866,0.000541195,0,0.003692338,875.288332244061,1033.7443870029178,5147,5855.0645,3.13799,815.3081,0.3586845,7496.708,4.058859,0,,,,,875.288332244061,0.0007247048,1033.7443870029178,0.0007341185,0.00066183315,-0.00031825286
0.9999499,0.0005411121,0,0.0036924593,875.2883074994298,1033.7450420688,5148,5855.755,3.137592,815.8895,0.35893998,7499.4326,4.058237,0,,,,,875.2883074994298,0.00072504545,1033.7450420688,0.00073444174,0.0003512901,0.00024159848
1.0002815,0.00054114073,0,0.0036925804,875.2897647404249,1033.743747776664,5149,5858.095,3.1376913,815.18835,0.3588304,7501.9194,4.058452,0,,,,,875.2897647404249,0.0007245031,1033.743747776664,0.0007339703,0.000532385,0.0006465262
1.0002103,0.0005411398,0,0.003692701,875.2880815210483,1033.7440026285424,5150,5858.0527,3.1377113,815.6701,0.3591077,7501.3857,4.058445,0,,,,,875.2880815210483,0.00072469073,1033.7440026285424,0.00073395245,0.00032250024,2.9592045e-05
1.0003147,0.0005412556,0,0.0036928211,875.2883040364479,1033.7451478522157,5151,5857.378,3.138292,815.702,0.35846332,7502.1685,4.0593133,0,,,,,875.2883040364479,0.00072507514,1033.7451478522157,0.00073453767,0.0004966442,0.00038946635
0.99817777,0.0005412838,128,0.0036929413,875.2882645872701,1033.7452375272178,5152,5845.955,3.1386878,815.2158,0.3588077,7486.142,4.059525,128,,,,,875.2882645872701,0.00072584377,1033.7452375272178,0.0007354647,0.00045456624,0.00015142233
0.98843455,0.0005402515,0,0.0036930607,875.2887600038628,1033.745428876754,5153,5789.6284,3.1325424,815.62024,0.3589173,7413.07,4.0517826,0,,,,,875.2887600038628,0.00073271804,1033.745428876754,0.00074247824,0.00042727633,0.00047134713
0.9729097,0.00053857226,0,0.0036931802,875.2904777369354,1033.7445726636604,5154,5698.575,3.1228282,815.06024,0.35878274,7296.636,4.039189,0,,,,,875.2904777369354,0.00074322725,1033.7445726636604,0.0007530462,0.0006822953,8.161705e-05
0.96091354,0.00053733203,0,0.0036932991,875.2923543389156,1033.7447990373337,5155,5630.4937,3.115616,814.51495,0.35879868,7206.6675,4.029887,0,,,,,875.2923543389156,0.0007513531,1033.7447990373337,0.00076153333,0.0012033272,-0.00020131943
0.9563452,0.00053679536,0,0.0036934179,875.2915301345397,1033.746045144038,5156,5604.055,3.1124384,815.28937,0.3587317,7172.406,4.025862,0,,,,,875.2915301345397,0.00075461785,1033.746045144038,0.0007648682,0.0011634383,0.00017687624
0.95553356,0.00053658633,0,0.0036935362,875.2919230826476,1033.7458899594108,5157,5598.017,3.1112068,817.1863,0.3581887,7166.319,4.024295,0,,,,,875.2919230826476,0.00075572403,1033.7458899594108,0.0007659264,0.0009969231,0.0007733883
0.9545034,0.000536488,0,0.0036936542,875.2889773131196,1033.7439038179489,5158,5592.985,3.1106205,816.299,0.35895386,7158.593,4.0235577,0,,,,,875.2889773131196,0.00075654313,1033.7439038179489,0.00076618907,0.0010365336,0.0008502319
0.95310134,0.000536436,0,0.0036937718,875.2894485798699,1033.744668676241,5159,5584.916,3.110334,815.36383,0.35875157,7148.0776,4.023167,0,,,,,875.2894485798699,0.0007558259,1033.744668676241,0.0007655582,0.0010239104,0.0007940308
0.9519009,0.0005364645,0,0.0036938891,875.2915616061823,1033.747357724867,5160,5576.9995,3.110444,814.9881,0.35906693,7139.0747,4.023381,0,,,,,875.2915616061823,0.0007584894,1033.747357724867,0.0007689906,0.001167687,0.0010094416
0.9537194,0.0005369303,0,0.003694006,875.2901995814857,1033.7449876550995,5161,5588.5728,3.1130686,815.55414,0.35847571,7152.713,4.0268745,0,,,,,875.2901995814857,0.0007571119,1033.7449876550995,0.0007672362,0.0012083919,0.00072027126
0.9545415,0.0005368632,0,0.0036941227,875.2895876750306,1033.7451756737507,5162,5592.9775,3.1126864,815.21625,0.3583624,7158.8784,4.0263715,0,,,,,875.2895876750306,0.0007562403,1033.7451756737507,0.0007663097,0.0011550935,0.00064274285
0.956627,0.0005369132,0,0.003694239,875.2924482318549,1033.7443752212644,5163,5604.3184,3.1130369,816.2742,0.35844395,7174.5195,4.0267463,0,,,,,875.2924482318549,0.0007551929,1033.7443752212644,0.00076495804,0.0014881605,0.00097151904
0.9605548,0.0005372118,8192,0.0036943553,875.2901823009752,1033.7458964840553,5164,5627.7817,3.1147728,815.36383,0.35867864,7203.977,4.0289855,8192,,,,,875.2901823009752,0.00075232954,1033.7458964840553,0.0007624873,0.0013857593,0.00072187826
0.9712683,0.00053824973,0,0.0036944707,875.2890043762031,1033.7449084194138,5165,5689.284,3.1208985,815.351,0.35856402,7284.326,4.03677,0,,,,,875.2890043762031,0.0007446217,1033.7449084194138,0.0007543116,0.0012414661,0.0008826063
0.98714596,0.00053984247,0,0.0036945862,875.2905392856972,1033.7448768461072,5166,5781.186,3.1300585,816.14105,0.35870352,7403.406,4.048715,0,,,,,875.2905392856972,0.0007329086,1033.7448768461072,0.0007426686,0.0015820649,0.0009790234
0.99840623,0.00054097926,0,0.0036947012,875.2888654638875,1033.7451189020994,5167,5846.9873,3.1365821,814.56445,0.35921583,7487.8555,4.057241,0,,,,,875.2888654638875,0.00072552636,1033.7451189020994,0.000735007,0.0012531801,0.0011883626
1.0004108,0.0005412067,0,0.003694816,875.2889774436162,1033.7452131550504,5168,5857.694,3.1379724,814.68396,0.35896403,7502.889,4.0589466,0,,,,,875.2889774436162,0.0007235959,1033.7452131550504,0.0007330242,0.0011091519,0.002052341
1.0002595,0.00054124603,0,0.0036949303,875.289099623403,1033.7462168128295,5169,5856.906,3.1382635,815.3106,0.35865313,7501.7554,4.059242,0,,,,,875.289099623403,0.00072401366,1033.7462168128295,0.00073377194,0.0012901695,0.0021079027
1.0001097,0.0005413,0,0.0036950444,875.2887757429684,1033.746199261287,5170,5856.7983,3.1385689,815.4463,0.35878974,7500.6313,4.059646,0,,,,,875.2887757429684,0.00072403165,1033.746199261287,0.0007337406,0.0012610548,0.0019801778
1.0000811,0.00054123503,0,0.003695158,875.2915396448586,1033.7451914257026,5171,5855.652,3.1380675,815.5688,0.35887477,7500.4165,4.0591593,0,,,,,875.2915396448586,0.000724439,1033.7451914257026,0.00073430035,0.0016670013,0.0018977236
1.0005492,0.00054125197,0,0.0036952714,875.2898799813158,1033.745194030502,5172,5858.554,3.1382291,815.2966,0.3589118,7503.9272,4.059286,0,,,,,875.2898799813158,0.00072383974,1033.745194030502,0.00073342765,0.0015887509,0.0023212812
1.0005196,0.0005412737,0,0.0036953846,875.2896324824742,1033.7448093768735,5173,5858.722,3.1383593,816.26556,0.35850203,7503.7056,4.059449,0,,,,,875.2896324824742,0.0007241188,1033.7448093768735,0.000733695,0.0014542661,0.0019377582
1.0009586,0.0005413151,0,0.0036954973,875.2903614607756,1033.7462492066015,5174,5860.5483,3.1385572,815.09485,0.35898545,7506.9976,4.0597596,0,,,,,875.2903614607756,0.0007237529,1033.7462492066015,0.0007335703,0.0016011723,0.0023728083
1.0012369,0.00054129574,8192,0.0036956095,875.2895946892193,1033.7465942224717,5175,5862.4355,3.1384907,815.2778,0.35852408,7509.085,4.0596147,8192,,,,,875.2895946892193,0.0007241474,1033.7465942224717,0.00073400297,0.0017101631,0.002194633
1.0006548,0.0005412534,0,0.0036957217,875.2889599293685,1033.7467431690825,5176,5859.4224,3.1382864,815.7326,0.35859185,7504.719,4.059297,0,,,,,875.2889599293685,0.00072403613,1033.7467431690825,0.00073379214,0.0012828128,0.0028328972
1.0005277,0.0005412715,0,0.0036958335,875.2896878607821,1033.7468963830788,5177,5857.7007,3.1383014,815.43243,0.3587829,7503.766,4.059433,0,,,,,875.2896878607821,0.0007234197,1033.7468963830788,0.00073316344,0.0016045001,0.0029072342
1.0003337,0.0005412196,0,0.0036959448,875.2902941592138,1033.7445893448728,5178,5857.2725,3.138026,815.8477,0.35875955,7502.311,4.0590434,0,,,,,875.2902941592138,0.00072357774,1033.7445893448728,0.0007331939,0.0016057302,0.0027808193
0.9999844,0.00054112636,0,0.0036960559,875.2901622633792,1033.7469058829183,5179,5855.6016,3.137519,816.55725,0.35900086,7499.6914,4.058344,0,,,,,875.2901622633792,0.00072458806,1033.7469058829183,0.0007344344,0.0018146089,0.0028293466
1.0009876,0.0005412248,0,0.0036961667,875.2899007171422,1033.7472013486345,5180,5859.9746,3.1380053,815.85944,0.35839793,7507.216,4.0590825,0,,,,,875.2899007171422,0.0007237811,1033.7472013486345,0.0007335484,0.001645031,0.002680636
1.000476,0.00054124184,0,0.003696277,875.290648714335,1033.7448063508593,5181,5858.2407,3.1381438,815.5433,0.3586733,7503.379,4.0592103,0,,,,,875.290648714335,0.0007240926,1033.7448063508593,0.0007339108,0.0016669437,0.0028485158
1.0005867,0.0005413664,0,0.0036963872,875.2895349660639,1033.7463494006329,5182,5859.018,3.1388743,816.09814,0.35813344,7504.2095,4.0601444,0,,,,,875.2895349660639,0.00072411937,1033.7463494006329,0.00073399884,0.0018098395,0.002847461
0.9998703,0.0005413463,0,0.0036964968,875.2905902521727,1033.7480311512859,5183,5853.692,3.1387851,815.2561,0.35864428,7498.836,4.0599937,0,,,,,875.2905902521727,0.00072399364,1033.7480311512859,0.00073431415,0.0019853348,0.0028441667
1.000257,0.00054133544,0,0.0036966063,875.2908839455141,1033.7464355133664,5184,5857.365,3.138811,815.8568,0.3590421,7501.7363,4.059912,0,,,,,875.2908839455141,0.0007248399,1033.7464355133664,0.00073488936,0.002104508,0.0026900598
0.9992372,0.0005412451,0,0.0036967155,875.2902819587325,1033.746850101885,5185,5851.1187,3.1381352,815.6472,0.35853294,7494.0874,4.0592346,0,,,,,875.2902819587325,0.00072521984,1033.746850101885,0.0007351995,0.0017854754,0.0032786985
1.0013567,0.00054123776,16,0.0036969327,875.2889375185698,1033.745815143983,5187,5862.795,3.138128,815.7701,0.35867208,7509.984,4.05918,16,,,,,875.2889375185698,0.0007236529,1033.745815143983,0.0007331432,0.0012334931,0.0016637176
1.0003426,0.0005410598,16,0.0036970407,875.2908766677886,1033.7464924285232,5188,5856.92,3.1371458,815.2426,0.35836348,7502.378,4.057845,16,,,,,875.2908766677886,0.0007236894,1033.7464924285232,0.0007334765,0.001857961,0.0026256323
1.0006564,0.00054115424,0,0.0036971485,875.2902730233847,1033.7460548257238,5189,5858.3037,3.1375663,815.7577,0.35875845,7504.731,4.058553,0,,,,,875.2902730233847,0.00072394684,1033.7460548257238,0.00073364686,0.0022975705,0.0032783137
1.0001423,0.000541258,0,0.003697256,875.2913689915304,1033.7467478636786,5190,5855.9536,3.1382184,815.39954,0.3589573,7500.876,4.0593314,0,,,,,875.2913689915304,0.00072450214,1033.7467478636786,0.0007345793,0.0024080116,0.003176976
1.000443,0.00054156047,0,0.0036973632,875.2909288573485,1033.7467880942738,5191,5857.135,3.1401734,816.0151,0.35854068,7503.131,4.0615997,0,,,,,875.2909288573485,0.00072368234,1033.7467880942738,0.00073383836,0.0024282765,0.0034253506
0.9995649,0.0005414619,0,0.0036974698,875.2891399241794,1033.7472677568412,5192,5851.1094,3.1394217,815.93964,0.35858288,7496.5454,4.0608606,0,,,,,875.2891399241794,0.0007249836,1033.7472677568412,0.00073511765,0.0023737398,0.0036811582
0.99994564,0.0005413043,0,0.0036975765,875.2907309065873,1033.7475266716276,5193,5853.6235,3.1384528,815.66345,0.35884264,7499.401,4.0596786,0,,,,,875.2907309065873,0.000724628,1033.7475266716276,0.00073466083,0.0021758133,0.0039531407
1.0000802,0.0005411901,0,0.0036976824,875.2906464364775,1033.7476315901524,5194,5853.7856,3.1378891,816.054,0.35903835,7500.4106,4.058822,0,,,,,875.2906464364775,0.00072483165,1033.7476315901524,0.0007348151,0.0022562358,0.0041075787
1.0004998,0.00054118235,0,0.0036977883,875.2901002413497,1033.746157000587,5195,5855.418,3.1377196,815.7988,0.35877278,7503.5576,4.058764,0,,,,,875.2901002413497,0.0007237106,1033.746157000587,0.0007335221,0.0024309345,0.004520135
0.99988353,0.0005410826,0,0.0036978938,875.2898459026874,1033.7481168495665,5196,5852.3516,3.1371784,816.4823,0.35879132,7498.935,4.058016,0,,,,,875.2898459026874,0.00072440406,1033.7481168495665,0.0007342697,0.002352072,0.004430514
1.0006812,0.000541161,0,0.0036979988,875.2897097141508,1033.7493087103555,5197,5856.0996,3.1375852,816.4587,0.35898098,7504.917,4.058604,0,,,,,875.2897097141508,0.00072485406,1033.7493087103555,0.000734888,0.0024613072,0.005109278
0.9997479,0.0005410985,0,0.0036981038,875.2903169446904,1033.74918480815,5198,5851.057,3.1372583,814.9353,0.35868084,7497.9175,4.058135,0,,,,,875.2903169446904,0.0007248211,1033.74918480815,0.000735007,0.0026324769,0.004735035
1.0009441,0.0005413315,0,0.0036982081,875.2905595771679,1033.7481682083135,5199,5858.192,3.138573,816.1945,0.35898224,7506.8896,4.0598826,0,,,,,875.2905595771679,0.00072379474,1033.7481682083135,0.0007339789,0.002764759,0.004942304
1.0006832,0.0005413822,0,0.0036983124,875.2921191461642,1033.748478814824,5200,5855.725,3.1388376,817.06555,0.35878068,7504.9326,4.0602627,0,,,,,875.2921191461642,0.0007248961,1033.748478814824,0.00073525944,0.0028612772,0.005048147
1.0002217,0.00054126943,0,0.0036984163,875.2910191890746,1033.7493901430835,5201,5853.3657,3.1382618,815.69025,0.35894665,7501.471,4.0594172,0,,,,,875.2910191890746,0.00072415033,1033.7493901430835,0.000734443,0.0026453072,0.0052634226
1.0021429,0.0005413576,0,0.0036985197,875.2901947422959,1033.7479258433664,5202,5864.6523,3.1388433,815.6732,0.35860756,7515.8804,4.0600786,0,,,,,875.2901947422959,0.000722565,1033.7479258433664,0.00073258433,0.0025144564,0.005465688
1.0003105,0.0005411679,0,0.0036986228,875.2910333829078,1033.7477893100345,5203,5853.0015,3.1377609,816.43054,0.35877982,7502.1377,4.0586557,0,,,,,875.2910333829078,0.000724026,1033.7477893100345,0.00073413196,0.0025517375,0.0054971455
0.9997634,0.00054114487,0,0.0036987257,875.2914421381379,1033.7480701088707,5204,5850.44,3.1376727,815.4168,0.35895413,7498.034,4.058483,0,,,,,875.2914421381379,0.0007245376,1033.7480701088707,0.00073465466,0.0027653112,0.0056168144
1.0003089,0.0005411741,0,0.0036988282,875.2918895123693,1033.7476794796664,5205,5853.444,3.1376436,815.1861,0.35817093,7502.125,4.058702,0,,,,,875.2918895123693,0.0007233221,1033.7476794796664,0.0007333597,0.002850864,0.0058389846
1.000021,0.00054112595,0,0.0036989304,875.2904764731536,1033.74983294015,5206,5850.257,3.1373363,815.73376,0.35891345,7499.966,4.058341,0,,,,,875.2904764731536,0.00072452467,1033.74983294015,0.00073478225,0.0028337683,0.006161152
1.001094,0.00054128445,0,0.0036990321,875.2923513953573,1033.7487294784055,5207,5857.7925,3.1383948,816.2235,0.35901168,7508.013,4.05953,0,,,,,875.2923513953573,0.0007241571,1033.7487294784055,0.0007345186,0.002967426,0.0059258463
1.0000242,0.00054116204,0,0.0036991336,875.2903901203856,1033.7487456961069,5208,5851.3984,3.1376634,816.6639,0.35808796,7499.9897,4.058612,0,,,,,875.2903901203856,0.0007247713,1033.7487456961069,0.0007349296,0.003001053,0.006129085
1.0012258,0.0005412117,0,0.003699235,875.2913398188891,1033.7479322968377,5209,5857.22,3.137897,815.3291,0.35903224,7509.002,4.0589843,0,,,,,875.2913398188891,0.00072359777,1033.7479322968377,0.00073373626,0.0028465018,0.006433869
1.0000545,0.00054110994,0,0.0036993357,875.289296532243,1033.7509506108504,5210,5850.888,3.1373308,816.6633,0.3586875,7500.217,4.058221,0,,,,,875.289296532243,0.0007250755,1033.7509506108504,0.0007354025,0.0026398827,0.007039278
1.0009588,0.00054124586,0,0.0036994363,875.2890714812886,1033.7501448640492,5211,5856.723,3.1380908,816.7994,0.3592452,7506.999,4.0592403,0,,,,,875.2890714812886,0.00072445354,1033.7501448640492,0.00073460443,0.002939523,0.0065837386
1.0008775,0.00054129085,0,0.0036995364,875.2916803623547,1033.7493102972733,5212,5855.261,3.1383843,815.6515,0.3590672,7506.3896,4.059578,0,,,,,875.2916803623547,0.00072433084,1033.7493102972733,0.000734726,0.0031945202,0.0064392793
1.000805,0.00054136093,0,0.0036996363,875.290742437266,1033.7490557741799,5213,5855.654,3.138709,816.2126,0.35874206,7505.846,4.0601034,0,,,,,875.290742437266,0.0007238563,1033.7490557741799,0.0007340331,0.0032828192,0.006472793
1.001003,0.00054135115,0,0.0036997357,875.2907754055266,1033.7492751174966,5214,5856.4043,3.1387398,816.61365,0.358303,7507.3315,4.06003,0,,,,,875.2907754055266,0.0007240603,1033.7492751174966,0.0007343776,0.0032808704,0.006468046
1.0006077,0.0005412983,0,0.003699835,875.2907478521623,1033.749470983777,5215,5853.418,3.1383762,815.81573,0.3589149,7504.3667,4.0596337,0,,,,,875.2907478521623,0.0007236562,1033.749470983777,0.0007339901,0.0033714422,0.006930317
1.0011153,0.0005412897,0,0.0036999339,875.2909816708384,1033.7493021376567,5216,5856.904,3.1382885,815.3217,0.3588876,7508.1733,4.059569,0,,,,,875.2909816708384,0.00072321494,1033.7493021376567,0.00073352555,0.0033343409,0.007020908
1.0011182,0.0005411351,0,0.0037000324,875.290910237576,1033.7511049853674,5217,5856.252,3.1375961,815.4403,0.3588744,7508.195,4.0584097,0,,,,,875.290910237576,0.00072330143,1033.7511049853674,0.0007336805,0.0028477425,0.008059917
1.0016259,0.0005411314,0,0.0037001306,875.2903850606336,1033.7512048677306,5218,5858.2,3.137454,816.90027,0.3581357,7512.003,4.058382,0,,,,,875.2903850606336,0.0007243884,1033.7512048677306,0.0007346072,0.0029396322,0.008084266
1.0016664,0.0005411749,0,0.0037002284,875.2919309157447,1033.749670871532,5219,5860.0225,3.1378357,816.4922,0.35838574,7512.306,4.058708,0,,,,,875.2919309157447,0.0007235859,1033.749670871532,0.0007338885,0.003421199,0.007650137
1.0015436,0.00054127973,0,0.003700326,875.2905120775746,1033.7507823392543,5220,5858.7266,3.1384294,815.83014,0.35936224,7511.3853,4.0594945,0,,,,,875.2905120775746,0.00072361965,1033.7507823392543,0.00073407305,0.0034769091,0.007803598
1.000299,0.0005414041,0,0.0037004233,875.2926360273167,1033.7512433184145,5221,5851.17,3.1391757,815.845,0.35880575,7502.0513,4.060427,0,,,,,875.2926360273167,0.0007233942,1033.7512433184145,0.00073422544,0.0032028726,0.008146127
1.0009167,0.0005415729,0,0.0037005201,875.290851263248,1033.7498336390863,5222,5855.5664,3.1400967,815.9228,0.35878593,7506.6836,4.061693,0,,,,,875.290851263248,0.0007242369,1033.7498336390863,0.0007348203,0.0035439874,0.0080283135
1.0016066,0.0005414387,0,0.0037006168,875.2919325070679,1033.7505161505062,5223,5858.342,3.139305,817.0619,0.3587288,7511.8574,4.0606866,0,,,,,875.2919325070679,0.0007238861,1033.7505161505062,0.00073443906,0.0034826626,0.008369247
1.0004582,0.00054119533,0,0.003700713,875.2923958535794,1033.7519917419013,5224,5852.1646,3.1380007,816.7964,0.35860705,7503.2456,4.0588613,0,,,,,875.2923958535794,0.0007240281,1033.7519917419013,0.0007347221,0.0037217953,0.008018826
1.0009248,0.0005411658,0,0.0037008089,875.2902108855387,1033.750380412959,5225,5855.178,3.1376567,816.49585,0.35812968,7506.7446,4.05864,0,,,,,875.2902108855387,0.0007239822,1033.750380412959,0.00073436036,0.0035749185,0.0080723995
1.0013719,0.0005411717,0,0.0037009043,875.2902524567505,1033.7502287185548,5226,5857.123,3.1376886,814.57446,0.35919708,7510.0977,4.0586843,0,,,,,875.2902524567505,0.0007236673,1033.7502287185548,0.000733895,0.0035443024,0.008689149
1.0010114,0.00054111524,0,0.0037009995,875.2911290583488,1033.750587713667,5227,5855.3677,3.1374054,815.7969,0.35894364,7507.394,4.058261,0,,,,,875.2911290583488,0.00072334893,1033.750587713667,0.00073365046,0.0035004443,0.008438864
1.0014628,0.0005411905,8192,0.0037010945,875.291309998886,1033.7521194502033,5228,5857.8706,3.1379266,816.6121,0.35844758,7510.7793,4.058825,8192,,,,,875.291309998886,0.0007230136,1033.7521194502033,0.00073363236,0.0033503468,0.008967881
1.0017282,0.0005415007,0,0.0037012834,875.2919641179059,1033.7516682108767,5230,5859.6426,3.1395838,817.3324,0.35853896,7512.7695,4.0611515,0,,,,,875.2919641179059,0.00072329515,1033.7516682108767,0.00073411665,0.0039100517,0.008367255
1.0020367,0.0005414497,0,0.0037013772,875.2911057133915,1033.7517915282428,5231,5861.63,3.1393235,815.7119,0.3588646,7515.083,4.060769,0,,,,,875.2911057133915,0.00072306907,1033.7517915282428,0.0007337438,0.0038396972,0.008735176
1.0011592,0.00054127636,0,0.0037014708,875.2919327912639,1033.7503886713837,5232,5855.6724,3.1382651,817.4431,0.35851282,7508.5024,4.059469,0,,,,,875.2919327912639,0.0007238078,1033.7503886713837,0.00073437137,0.004042891,0.008586689
1.0017868,0.000541277,0,0.0037015642,875.2920299481455,1033.7523511980048,5233,5860.528,3.1384175,814.90186,0.35884786,7513.2095,4.059474,0,,,,,875.2920299481455,0.0007230541,1033.7523511980048,0.0007337363,0.0042960555,0.008259474
1.000724,0.00054127065,0,0.003701657,875.292166113345,1033.7507716818493,5234,5854.6455,3.1383266,817.09796,0.35870206,7505.2383,4.0594263,0,,,,,875.292166113345,0.0007245939,1033.7507716818493,0.0007352316,0.004018182,0.008383734
1.0020585,0.0005412946,0,0.0037017495,875.2916702786074,1033.7508583337753,5235,5861.558,3.1385314,816.5322,0.35899407,7515.247,4.0596056,0,,,,,875.2916702786074,0.0007220911,1033.7508583337753,0.00073262706,0.00423251,0.008710806
1.0011591,0.000541226,0,0.003701842,875.2922106716871,1033.7514035683814,5236,5857.3784,3.13805,816.12415,0.35895813,7508.5015,4.0590916,0,,,,,875.2922106716871,0.0007231605,1033.7514035683814,0.0007337462,0.0041612694,0.008639438
1.0017515,0.0005412659,0,0.0037019337,875.291796823012,1033.7507726402898,5237,5860.507,3.1383674,816.35016,0.3586473,7512.945,4.0593905,0,,,,,875.291796823012,0.000723369,1033.7507726402898,0.0007338924,0.0039719045,0.008911088
1.0031699,0.0005414341,0,0.0037020254,875.2902721237599,1033.7493327733273,5238,5867.745,3.139447,816.8896,0.3587072,7523.582,4.0606523,0,,,,,875.2902721237599,0.000721784,1033.7493327733273,0.00073234574,0.00393872,0.009269053
1.0020124,0.0005412925,0,0.0037021167,875.2919868869808,1033.7512120624517,5239,5861.6494,3.1385078,815.86096,0.35849,7514.901,4.05959,0,,,,,875.2919868869808,0.0007230307,1033.7512120624517,0.00073358533,0.0038918355,0.009654009
1.0029464,0.0005413653,0,0.0037022075,875.2932205180462,1033.752248741388,5240,5867.383,3.13905,816.4544,0.35911998,7521.9062,4.0601363,0,,,,,875.2932205180462,0.00072193186,1033.752248741388,0.0007328779,0.0041431156,0.008963881
1.002011,0.0005413377,0,0.0037022983,875.2923456942581,1033.7503383954459,5241,5861.649,3.1387208,816.02637,0.35959044,7514.8906,4.0599294,0,,,,,875.2923456942581,0.0007218724,1033.7503383954459,0.00073236105,0.00417421,0.009027255
1.0015022,0.00054134295,0,0.0037023884,875.2917502118686,1033.7509009315077,5242,5859.572,3.138766,815.8654,0.35804984,7511.074,4.0599685,0,,,,,875.2917502118686,0.0007233969,1033.7509009315077,0.0007341001,0.0044193426,0.009159953
1.0015485,0.0005413806,0,0.0037024785,875.2923826238164,1033.7520782145457,5243,5859.3364,3.1390524,816.7727,0.35895318,7511.4224,4.0602508,0,,,,,875.2923826238164,0.0007228872,1033.7520782145457,0.000733653,0.0043180087,0.009308742
1.0014038,0.0005413622,0,0.003702568,875.2920744837088,1033.7518306964776,5244,5858.3394,3.1388185,816.8688,0.35915753,7510.337,4.060113,0,,,,,875.2920744837088,0.0007236738,1033.7518306964776,0.0007343059,0.0042242715,0.009542127
1.0013663,0.0005416233,0,0.0037026573,875.2936106116899,1033.7514314596044,5245,5860.563,3.140362,828.4741,0.3592512,7510.055,4.062071,0,,,,,875.2936106116899,0.00072258804,1033.7514314596044,0.0007335017,0.0044393297,0.009253815
1.0011145,0.0005413513,0,0.0037027462,875.2920505665062,1033.7527700997862,5246,5856.81,3.1387706,817.7421,0.35894942,7508.1675,4.0600314,0,,,,,875.2920505665062,0.0007237385,1033.7527700997862,0.0007344826,0.004314394,0.009614398
1.0021274,0.0005413109,0,0.003702835,875.2918280602969,1033.751858764996,5247,5862.5933,3.138619,818.18164,0.35874465,7515.7637,4.059728,0,,,,,875.2918280602969,0.0007223475,1033.751858764996,0.0007329978,0.004373811,0.0095528755
1.0012125,0.00054117874,0,0.0037029232,875.2918697783699,1033.7513365738341,5248,5858.181,3.137833,817.5069,0.35874894,7508.9023,4.058737,0,,,,,875.2918697783699,0.0007231836,1033.7513365738341,0.00073368853,0.004520298,0.009407153
1.0015454,0.00054118654,0,0.0037030112,875.2911551062665,1033.7506310143767,5249,5858.8086,3.1378841,817.9563,0.35925397,7511.399,4.0587955,0,,,,,875.2911551062665,0.0007228908,1033.7506310143767,0.00073331955,0.0039939256,0.010290325
1.0010751,0.00054130395,0,0.0037030987,875.2919535037639,1033.7527294703682,5250,5857.033,3.1384974,818.1027,0.35886902,7507.872,4.059676,0,,,,,875.2919535037639,0.000723579,1033.7527294703682,0.00073432265,0.0047843773,0.009693734
1.0022211,0.00054159155,0,0.003703186,875.2925737121714,1033.7511260339852,5251,5863.814,3.1401725,818.69147,0.35851946,7516.467,4.061833,0,,,,,875.2925737121714,0.0007237603,1033.7511260339852,0.00073452253,0.00455523,0.0094740745
1.0014586,0.00054165255,0,0.003703273,875.2936089294592,1033.7511364642892,5252,5858.621,3.1405907,817.20807,0.35923138,7510.748,4.0622907,0,,,,,875.2936089294592,0.0007230583,1033.7511364642892,0.00073408993,0.0046262797,0.009721078
1.0027986,0.0005416475,0,0.0037033595,875.2929766906639,1033.7499132645307,5253,5866.9595,3.1405578,819.25916,0.3585747,7520.797,4.0622525,0,,,,,875.2929766906639,0.00072314095,1033.7499132645307,0.0007337612,0.005106711,0.0090785995
1.0023414,0.00054149627,0,0.003703446,875.2934886502497,1033.751583421733,5254,5864.6523,3.1396556,819.4108,0.35838097,7517.368,4.061118,0,,,,,875.2934886502497,0.0007225568,1033.751583421733,0.00073334755,0.005001024,0.009623697
1.0022666,0.0005413876,0,0.0037035318,875.29156082391,1033.751352946114,5255,5863.434,3.1390114,819.68994,0.35856253,7516.8076,4.060303,0,,,,,875.29156082391,0.0007233038,1033.751352946114,0.0007337841,0.005070659,0.009487216
1.0019976,0.0005413205,0,0.0037036175,875.2943972477176,1033.7516013161269,5256,5862.975,3.1386614,818.5451,0.35930753,7514.7905,4.0598,0,,,,,875.2943972477176,0.00072285725,1033.7516013161269,0.00073357887,0.0054211295,0.009313015
1.0013758,0.00054122286,0,0.0037037027,875.2944967223207,1033.7511814490397,5257,5859.4897,3.1381133,819.7331,0.35884798,7510.127,4.0590677,0,,,,,875.2944967223207,0.0007235171,1033.7511814490397,0.00073429086,0.0050893207,0.00964172
1.002137,0.00054131966,0,0.0037037877,875.2910462475138,1033.7518737049336,5258,5862.69,3.1385639,819.5821,0.3587855,7515.8354,4.059794,0,,,,,875.2910462475138,0.00072311563,1033.7518737049336,0.00073373085,0.004972053,0.009769057
1.0017666,0.00054139324,0,0.0037038724,875.2923167292815,1033.7515978487306,5259,5861.606,3.1391876,819.895,0.35894534,7513.0576,4.0603456,0,,,,,875.2923167292815,0.00072297204,1033.7515978487306,0.00073367544,0.004962238,0.009977808
1.0014966,0.0005416024,0,0.0037039567,875.2929897048614,1033.7528413367113,5260,5860.074,3.1403425,820.94305,0.35870132,7511.0327,4.061914,0,,,,,875.2929897048614,0.00072415674,1033.7528413367113,0.0007351388,0.0051621185,0.009938049
1.0018104,0.00054161344,0,0.0037040408,875.2925429286292,1033.75183204092,5261,5861.2227,3.1404545,819.868,0.3589695,7513.3867,4.061997,0,,,,,875.2925429286292,0.0007238162,1033.75183204092,0.00073471246,0.0054482007,0.00985946
1.0013912,0.0005414226,0,0.0037041244,875.2936352145135,1033.7518926524017,5262,5859.749,3.1392324,819.8366,0.35877568,7510.242,4.0605655,0,,,,,875.2936352145135,0.00072358706,1033.7518926524017,0.0007344663,0.0054432577,0.009387245
1.0016489,0.0005413538,0,0.0037042077,875.293095507702,1033.7529157602344,5263,5860.5044,3.138872,819.194,0.3592168,7512.175,4.0600495,0,,,,,875.293095507702,0.00072245125,1033.7529157602344,0.00073336484,0.0051137386,0.01042121
1.0027268,0.00054143294,0,0.0037042906,875.2925326935956,1033.7529418620916,5264,5865.4487,3.1393,818.8929,0.35848927,7520.2593,4.060643,0,,,,,875.2925326935956,0.00072150247,1033.7529418620916,0.0007324,0.0049423478,0.010789381
1.0011259,0.00054130534,8192,0.0037043733,875.2936024135613,1033.7509275468628,5265,5857.8394,3.1385322,819.0163,0.3586731,7508.2524,4.0596867,8192,,,,,875.2936024135613,0.0007241793,1033.7509275468628,0.000734961,0.005128643,0.009518725
1.0013324,0.00054125505,0,0.0037044557,875.2927466878455,1033.75234236263,5266,5858.6167,3.1382432,819.41296,0.3588851,7509.8013,4.0593095,0,,,,,875.2927466878455,0.0007233896,1033.75234236263,0.0007341172,0.005217963,0.010153375
1.0014471,0.0005412903,0,0.0037045376,875.2921846336011,1033.7509879771776,5267,5859.0464,3.1384861,818.2851,0.35879114,7510.6616,4.0595737,0,,,,,875.2921846336011,0.0007240423,1033.7509879771776,0.00073457375,0.005239282,0.0098840175
1.0011683,0.0005413059,0,0.0037046194,875.2939023360941,1033.7514139156588,5268,5858.527,3.1386898,818.0809,0.35891253,7508.5703,4.059691,0,,,,,875.2939023360941,0.0007237944,1033.7514139156588,0.00073459535,0.0052655227,0.009840081
1.0016744,0.000541346,0,0.0037047006,875.2932229680437,1033.7518289057748,5269,5860.3394,3.138858,818.07135,0.35921088,7512.3667,4.0599914,0,,,,,875.2932229680437,0.00072241266,1033.7518289057748,0.0007331938,0.0048829434,0.010350873
1.0011898,0.00054129935,0,0.0037047816,875.293811454103,1033.7528731095376,5270,5857.2554,3.1385326,818.1628,0.35865292,7508.7324,4.0596414,0,,,,,875.293811454103,0.0007232454,1033.7528731095376,0.00073419313,0.004735539,0.010916536
1.0009439,0.00054125604,0,0.0037048624,875.2928603856487,1033.753072346707,5271,5856.835,3.1383228,817.0941,0.3588606,7506.8877,4.0593166,0,,,,,875.2928603856487,0.0007233784,1033.753072346707,0.00073419337,0.005162801,0.010723414
1.000631,0.00054126733,0,0.0037049428,875.2921373857831,1033.753668741036,5272,5854.365,3.1383057,817.88055,0.35876995,7504.5405,4.0594015,0,,,,,875.2921373857831,0.0007241174,1033.753668741036,0.00073477527,0.005268305,0.010910277
1.0007607,0.00054125435,0,0.0037050226,875.2944482104087,1033.7515893617592,5273,5856.122,3.138552,817.4421,0.35873643,7505.513,4.059304,0,,,,,875.2944482104087,0.0007231543,1033.7515893617592,0.0007340072,0.005761515,0.010051717
1.0003245,0.0005412359,0,0.0037051025,875.2929306614972,1033.7516252872492,5274,5853.9526,3.138147,818.235,0.35827023,7502.242,4.0591655,0,,,,,875.2929306614972,0.0007248319,1033.7516252872492,0.0007355892,0.005517552,0.010266384
1.0012971,0.0005412965,0,0.0037051816,875.2925393936389,1033.7521951789927,5275,5858.1284,3.1385396,818.34576,0.35899082,7509.5366,4.05962,0,,,,,875.2925393936389,0.0007237233,1033.7521951789927,0.0007345492,0.0058852634,0.010470084
1.0009081,0.0005413477,0,0.0037052608,875.2930269175758,1033.7530017546571,5276,5856.688,3.1389043,817.58777,0.358559,7506.6196,4.060004,0,,,,,875.2930269175758,0.0007244671,1033.7530017546571,0.00073553086,0.0056663845,0.010856846
1.0001804,0.00054114254,0,0.0037053395,875.2933113341057,1033.7511737374934,5277,5852.4746,3.137712,817.9193,0.35829273,7501.161,4.0584655,0,,,,,875.2933113341057,0.00072396663,1033.7511737374934,0.00073471386,0.0057291295,0.010449085
1.000881,0.0005411165,0,0.0037054177,875.2941723518162,1033.7518684799861,5278,5855.2993,3.137503,817.2802,0.35855895,7506.4155,4.0582705,0,,,,,875.2941723518162,0.00072352536,1033.7518684799861,0.00073416246,0.005716083,0.010944799
1.0011808,0.0005411757,0,0.0037054957,875.2937654655624,1033.752434146843,5279,5857.8506,3.1378255,818.0193,0.35913333,7508.664,4.0587144,0,,,,,875.2937654655624,0.00072327454,1033.752434146843,0.0007341041,0.0057358206,0.011291911
1.0010505,0.0005415307,128,0.0037055735,875.2924401296619,1033.7522373931615,5280,5856.982,3.1398828,818.0583,0.35834953,7507.687,4.0613766,128,,,,,875.2924401296619,0.0007234658,1033.7522373931615,0.000734348,0.0056316615,0.011389159
0.9999917,0.0005412673,0,0.0037056508,875.293120124094,1033.7534965498248,5281,5849.759,3.1383886,817.38574,0.35916054,7499.7466,4.059401,0,,,,,875.293120124094,0.00072409085,1033.7534965498248,0.0007350438,0.005641591,0.011713259
0.999651,0.0005413893,0,0.0037057279,875.2958159670827,1033.7526184064532,5282,5849.1743,3.1391408,818.39374,0.35841364,7497.1914,4.060316,0,,,,,875.2958159670827,0.0007242216,1033.7526184064532,0.00073548424,0.0058598286,0.011244207
1.000211,0.0005413898,0,0.0037058047,875.2937054791739,1033.7534005309435,5283,5852.1333,3.1391087,818.46246,0.3588982,7501.3906,4.06032,0,,,,,875.2937054791739,0.0007244062,1033.7534005309435,0.00073556666,0.0054921913,0.011409187
1.0005034,0.00054127455,0,0.0037058808,875.2940556915169,1033.7533767332945,5284,5852.541,3.1383786,817.23755,0.35889617,7503.584,4.0594554,0,,,,,875.2940556915169,0.0007235286,1033.7533767332945,0.0007346993,0.005441556,0.011795989
1.0009454,0.0005412139,0,0.003705957,875.2936295509186,1033.753716766454,5285,5856.634,3.1382368,818.3259,0.35842028,7506.899,4.0590005,0,,,,,875.2936295509186,0.00072302326,1033.753716766454,0.0007340036,0.0058133616,0.011728782
1.001129,0.00054116873,0,0.0037060326,875.2933080820948,1033.7522978630625,5286,5856.953,3.137822,818.96124,0.35857594,7508.276,4.058662,0,,,,,875.2933080820948,0.00072391116,1033.7522978630625,0.00073474186,0.005581298,0.012353086
1.0000604,0.00054098794,0,0.003706108,875.2951629708188,1033.7541945159223,5287,5849.754,3.1368608,818.83905,0.35843027,7500.262,4.057306,0,,,,,875.2951629708188,0.00072398677,1033.7541945159223,0.000735229,0.005775403,0.0125051355
0.9999706,0.0005410183,0,0.003706183,875.2935446874053,1033.7539506382593,5288,5850.208,3.137033,817.8101,0.35846654,7499.5884,4.0575337,0,,,,,875.2935446874053,0.0007241828,1033.7539506382593,0.0007351499,0.0056245956,0.012346072
0.9999161,0.0005411091,0,0.0037062578,875.2926218656761,1033.7549863173222,5289,5849.282,3.1375546,818.4429,0.3582045,7499.179,4.0582147,0,,,,,875.2926218656761,0.0007248003,1033.7549863173222,0.0007359564,0.005577598,0.012682822
1.000475,0.0005414269,0,0.003706332,875.2948793230017,1033.75193208699,5290,5852.3394,3.1394267,818.48755,0.359003,7503.371,4.060598,0,,,,,875.2948793230017,0.0007229125,1033.75193208699,0.0007340177,0.0059645902,0.012402857
0.99953073,0.0005413568,0,0.003706406,875.2943603214964,1033.7536303492352,5291,5847.6553,3.1389704,817.8322,0.35867348,7496.289,4.0600724,0,,,,,875.2943603214964,0.0007244286,1033.7536303492352,0.00073570985,0.005676161,0.012293486
0.9994684,0.0005412279,0,0.00370648,875.294110695473,1033.7536806000562,5292,5847.1064,3.1382077,818.2287,0.35904694,7495.822,4.059106,0,,,,,875.294110695473,0.00072445965,1033.7536806000562,0.00073563243,0.005866233,0.012269797
1.0002564,0.0005411692,0,0.0037065533,875.2936243210927,1033.7536680106468,5293,5851.359,3.1378481,818.3943,0.35844517,7501.7314,4.0586653,0,,,,,875.2936243210927,0.0007240672,1033.7536680106468,0.00073510705,0.0059538735,0.012504212
1.0003527,0.0005411624,0,0.0037066264,875.2931948229636,1033.7552231737986,5294,5852.2075,3.137849,819.26776,0.35827485,7502.454,4.0586143,0,,,,,875.2931948229636,0.0007248248,1033.7552231737986,0.0007360711,0.005783848,0.0128371315
0.99881333,0.0005409807,0,0.003706699,875.2933177577368,1033.7552455074929,5295,5842.4106,3.1367285,818.5534,0.35849825,7490.9087,4.057252,0,,,,,875.2933177577368,0.0007246624,1033.7552455074929,0.00073575595,0.0057280273,0.013291032
0.9979784,0.00054089614,0,0.0037067714,875.2952570652767,1033.7539831955978,5296,5838.754,3.1362617,817.30884,0.3594494,7484.647,4.0566177,0,,,,,875.2952570652767,0.00072572805,1033.7539831955978,0.00073687953,0.0062840735,0.012440094
0.9962534,0.0005407277,0,0.0037068436,875.2943647163459,1033.7553701352392,5297,5828.582,3.1353736,818.6659,0.35859677,7471.7095,4.055354,0,,,,,875.2943647163459,0.00072648335,1033.7553701352392,0.000737809,0.0059159095,0.013011124
0.9974632,0.00054087467,0,0.0037069153,875.2942040919485,1033.7555015636995,5298,5834.932,3.136185,817.0699,0.3596072,7480.783,4.0564566,0,,,,,875.2942040919485,0.00072531943,1033.7555015636995,0.00073675014,0.006045106,0.013101783
0.99649763,0.000540857,0,0.0037069866,875.2942168139749,1033.7541127549875,5299,5829.931,3.136032,818.2196,0.35904312,7473.5415,4.056324,0,,,,,875.2942168139749,0.0007268174,1033.7541127549875,0.00073813414,0.006112373,0.013353216
0.9976003,0.00054094114,0,0.0037070576,875.2941240846604,1033.7545595630866,5300,5836.182,3.1364586,816.89233,0.35853353,7481.8115,4.056955,0,,,,,875.2941240846604,0.0007246027,1033.7545595630866,0.0007359762,0.006024733,0.013093417
0.99639624,0.00054079574,0,0.0037071283,875.2941768866692,1033.754401419751,5301,5828.1987,3.1356335,818.2971,0.3592647,7472.7812,4.0558643,0,,,,,875.2941768866692,0.0007271299,1033.754401419751,0.000738376,0.0060509066,0.01350855
0.99742925,0.0005408623,0,0.003707199,875.294499400702,1033.7541918245156,5302,5834.702,3.1362262,816.8881,0.35880524,7480.5283,4.056364,0,,,,,875.294499400702,0.0007262446,1033.7541918245156,0.00073741114,0.0059145703,0.013662893
0.9958973,0.00054080685,0,0.0037072687,875.2921549307773,1033.7555746670762,5303,5826.1265,3.1357863,818.8224,0.3586044,7469.039,4.055948,0,,,,,875.2921549307773,0.0007281046,1033.7555746670762,0.0007393263,0.005964299,0.013899279
0.9972238,0.0005408369,0,0.0037073386,875.2922386018081,1033.7552589907018,5304,5832.025,3.1360176,817.7274,0.35876092,7478.988,4.0561733,0,,,,,875.2922386018081,0.00072578865,1033.7552589907018,0.00073693553,0.00575177,0.0143222
0.99848,0.00054094096,0,0.003707408,875.2944509879821,1033.7550786373915,5305,5841.0234,3.1366978,818.3543,0.35909528,7488.409,4.056954,0,,,,,875.2944509879821,0.0007254635,1033.7550786373915,0.00073675293,0.0063726166,0.013563449
0.998855,0.0005410479,0,0.0037074771,875.2935476929631,1033.753825131868,5306,5843.149,3.1372454,817.40625,0.358578,7491.221,4.0577555,0,,,,,875.2935476929631,0.00072510436,1033.753825131868,0.0007362534,0.0063207373,0.013824273
0.9992809,0.0005410634,0,0.0037075458,875.2948987653251,1033.7541628822146,5307,5844.714,3.1372178,818.079,0.35874045,7494.4155,4.057872,0,,,,,875.2948987653251,0.0007243957,1033.7541628822146,0.00073564175,0.006315374,0.013811679
1.0003725,0.0005410771,0,0.0037076143,875.2952607117354,1033.7536045644545,5308,5852.424,3.137429,817.25714,0.35885313,7502.6025,4.057975,0,,,,,875.2952607117354,0.0007238283,1033.7536045644545,0.00073549565,0.00654591,0.013612835
0.9996826,0.000541007,0,0.0037076822,875.2939404660112,1033.7546931734864,5309,5848.133,3.1369722,817.75867,0.3590645,7497.428,4.057449,0,,,,,875.2939404660112,0.0007239221,1033.7546931734864,0.0007350271,0.006442245,0.013523225
1.0006396,0.00054111244,0,0.00370775,875.2943844288427,1033.7539539550946,5310,5853.174,3.137637,817.219,0.35862997,7504.6055,4.05824,0,,,,,875.2943844288427,0.000723088,1033.7539539550946,0.0007341901,0.006564913,0.013449957
0.999051,0.00054111454,0,0.0037078173,875.2944399367057,1033.7548597056752,5311,5844.175,3.137539,818.06775,0.35879502,7492.691,4.0582557,0,,,,,875.2944399367057,0.00072467164,1033.7548597056752,0.0007359846,0.006257579,0.0139245065
0.99827516,0.0005411365,0,0.0037078843,875.2929207646955,1033.754907501318,5312,5839.771,3.1377585,816.21936,0.35926673,7486.8726,4.05842,0,,,,,875.2929207646955,0.0007246881,1033.754907501318,0.00073595496,0.006283758,0.014311727
0.99897,0.00054120936,0,0.0037079512,875.2939824173636,1033.7550685245155,5313,5842.243,3.1380448,818.6966,0.3582778,7492.0835,4.0589666,0,,,,,875.2939824173636,0.0007258206,1033.7550685245155,0.00073723716,0.0064067272,0.014258157
1.0002117,0.00054124015,0,0.0037080175,875.2952161850486,1033.7551214922803,5314,5850.4966,3.1383498,816.82715,0.35884523,7501.396,4.0591974,0,,,,,875.2952161850486,0.0007238761,1033.7551214922803,0.0007353544,0.0061420077,0.014319138
0.99927706,0.00054103247,0,0.0037080836,875.2958539083879,1033.7557980705167,5315,5844.555,3.1373138,816.90424,0.35979748,7494.3867,4.05764,0,,,,,875.2958539083879,0.00072447356,1033.7557980705167,0.0007359835,0.006270947,0.0143356845
0.9988403,0.0005408961,0,0.0037081495,875.2979384979844,1033.7546558775853,5316,5841.4507,3.1363628,817.8972,0.3590668,7491.111,4.0566173,0,,,,,875.2979384979844,0.00072393095,1033.7546558775853,0.0007353388,0.006587091,0.014529918
1.0000384,0.00054096035,0,0.003708215,875.2947213838934,1033.754760484254,5317,5849.642,3.1367023,817.7448,0.3588219,7500.0967,4.057099,0,,,,,875.2947213838934,0.00072369614,1033.754760484254,0.00073494343,0.006618603,0.014590643
0.99998677,0.00054097665,0,0.00370828,875.2935115590957,1033.7559186260332,5318,5848.365,3.136806,817.7476,0.35859877,7499.7095,4.0572214,0,,,,,875.2935115590957,0.0007242701,1033.7559186260332,0.00073548063,0.006441635,0.014712793
0.9994396,0.0005410281,0,0.0037083447,875.2955926648776,1033.7556747810627,5319,5844.834,3.1370325,817.03064,0.35864943,7495.6055,4.057607,0,,,,,875.2955926648776,0.00072402006,1033.7556747810627,0.0007354184,0.0066258623,0.015199855
0.9995525,0.0005412795,0,0.0037084091,875.2944254152978,1033.7543438803918,5320,5846.9004,3.1385667,817.6438,0.3588964,7496.452,4.0594926,0,,,,,875.2944254152978,0.0007246192,1033.7543438803918,0.00073601014,0.0069306,0.01448206
0.99893385,0.00054133526,0,0.0037084732,875.2939590145933,1033.7564243547256,5321,5842.137,3.1389077,817.6521,0.35837403,7491.8125,4.059911,0,,,,,875.2939590145933,0.000725554,1033.7564243547256,0.0007372937,0.0067873853,0.014981709
1.0000756,0.0005412478,0,0.003708537,875.293416793198,1033.7558217121616,5322,5848.4453,3.1385188,817.04315,0.35877421,7500.375,4.0592546,0,,,,,875.293416793198,0.00072386296,1033.7558217121616,0.0007352916,0.0066888425,0.015200417
0.9991836,0.00054100674,0,0.0037086003,875.2949076363944,1033.7562824625609,5323,5843.483,3.1371179,817.3983,0.358532,7493.6855,4.057447,0,,,,,875.2949076363944,0.0007242502,1033.7562824625609,0.0007357132,0.0064074784,0.015590292
0.9988309,0.0005409027,0,0.0037086634,875.2930059367649,1033.7563664216977,5324,5840.5845,3.1365697,816.6894,0.35882324,7491.0405,4.056667,0,,,,,875.2930059367649,0.00072438974,1033.7563664216977,0.00073568994,0.0066038263,0.015638288
1.0005661,0.0005410392,0,0.0037087263,875.2954968875601,1033.7552603491229,5325,5851.087,3.1373436,816.9825,0.3583462,7504.0547,4.0576906,0,,,,,875.2954968875601,0.0007238116,1033.7552603491229,0.00073525455,0.006881795,0.0154695
0.9993434,0.00054087036,0,0.0037087887,875.2943318912477,1033.7567125853284,5326,5843.3726,3.13652,817.2133,0.35869536,7494.8843,4.056424,0,,,,,875.2943318912477,0.000724381,1033.7567125853284,0.00073588284,0.0061471607,0.016577221
1.0003521,0.00054102135,0,0.0037089125,875.2945526548189,1033.757788297557,5328,5848.362,3.1372545,816.5548,0.35897842,7502.449,4.0575566,0,,,,,875.2945526548189,0.00072364695,1033.757788297557,0.0007353547,0.006061591,0.016864808
1.0000196,0.0005410907,0,0.003708974,875.2934901314884,1033.7578381974263,5329,5846.8755,3.1378,817.0254,0.35841793,7499.9556,4.0580764,0,,,,,875.2934901314884,0.00072352064,1033.7578381974263,0.0007351435,0.006194793,0.017036619
0.99969214,0.00054107036,0,0.003709035,875.2932678284759,1033.7586570954552,5330,5844.1104,3.137629,817.30536,0.35889673,7497.4995,4.0579243,0,,,,,875.2932678284759,0.0007251258,1033.7586570954552,0.0007366392,0.006284896,0.017058037
0.99987394,0.00054108386,0,0.0037090958,875.2958984354182,1033.756807366435,5331,5846.7393,3.1375656,817.6515,0.35884643,7498.8633,4.0580254,0,,,,,875.2958984354182,0.0007242389,1033.756807366435,0.0007359192,0.0068251104,0.016444445
0.9994545,0.0005409689,0,0.0037092164,875.2936287511224,1033.7565643114522,5333,5843.103,3.1368942,817.8262,0.35848546,7495.7173,4.0571632,0,,,,,875.2936287511224,0.00072427926,1033.7565643114522,0.0007357275,0.0065968665,0.016672764
0.9989548,0.00054095866,0,0.0037092762,875.2948436131715,1033.7581648005716,5334,5841.4536,3.1368883,817.8236,0.35867172,7491.9697,4.0570865,0,,,,,875.2948436131715,0.0007249415,1033.7581648005716,0.00073658605,0.006856345,0.016748384
0.99976134,0.0005409764,0,0.0037093356,875.2947051556414,1033.7571158191147,5335,5846.119,3.1370678,817.67053,0.35872784,7498.0186,4.0572195,0,,,,,875.2947051556414,0.0007243435,1033.7571158191147,0.00073588605,0.006846575,0.016841367
1.0027443,0.0005412948,0,0.0037093947,875.2953661954256,1033.756555743627,5336,5861.909,3.138689,817.3991,0.35834947,7520.3906,4.0596075,0,,,,,875.2953661954256,0.00072228856,1033.756555743627,0.00073393766,0.006838353,0.01687779
1.0003126,0.0005411285,8192,0.0037094534,875.2948712667367,1033.7569675612228,5337,5849.123,3.1377208,817.6362,0.3588673,7502.153,4.05836,8192,,,,,875.2948712667367,0.0007246489,1033.7569675612228,0.0007362074,0.0069782627,0.016377104
1.000735,0.00054106436,0,0.0037095118,875.294718996839,1033.7555404021455,5338,5851.569,3.1375391,816.6076,0.35891747,7505.3213,4.057879,0,,,,,875.294718996839,0.00072351535,1033.7555404021455,0.00073494937,0.0070009236,0.016587036
0.99983585,0.00054096413,0,0.00370957,875.2947285316734,1033.757678848683,5339,5845.1045,3.13681,818.1258,0.35851663,7498.5776,4.0571275,0,,,,,875.2947285316734,0.0007247397,1033.757678848683,0.00073637586,0.007230997,0.016802626
0.9998123,0.0005409574,0,0.0037096278,875.2955656847967,1033.757472227981,5340,5845.4355,3.1368825,816.7284,0.35853404,7498.401,4.057077,0,,,,,875.2955656847967,0.00072406314,1033.757472227981,0.0007356352,0.007166109,0.017073853
0.99990463,0.0005410842,0,0.003709685,875.2944708191042,1033.757668324064,5341,5845.9,3.1374874,817.2772,0.35907537,7499.0933,4.058028,0,,,,,875.2944708191042,0.00072442536,1033.757668324064,0.0007360488,0.0073129134,0.017194338
1.0007738,0.0005412099,0,0.0037097423,875.2955068700263,1033.75756288932,5342,5849.511,3.1382155,816.89984,0.3587846,7505.612,4.0589705,0,,,,,875.2955068700263,0.0007235049,1033.75756288932,0.00073536497,0.007497901,0.017699674
1.0006562,0.00054123416,0,0.0037097991,875.2946972097773,1033.7576942994392,5343,5849.469,3.1383846,816.7195,0.3586274,7504.73,4.0591526,0,,,,,875.2946972097773,0.0007235806,1033.7576942994392,0.0007353645,0.007314306,0.01744919
1.0006249,0.0005411625,0,0.0037098555,875.2957165795706,1033.7576707441622,5344,5848.7437,3.1380424,816.6931,0.35906705,7504.495,4.058615,0,,,,,875.2957165795706,0.0007241021,1033.7576707441622,0.000735961,0.0075813653,0.017739125
0.99935025,0.0005409612,0,0.0037099116,875.2939325445748,1033.7591153889666,5345,5839.868,3.136902,817.14386,0.35876182,7494.9355,4.0571055,0,,,,,875.2939325445748,0.00072449,1033.7591153889666,0.00073635485,0.0070187664,0.018697668
1.0002766,0.00054086506,0,0.003710023,875.2957363464635,1033.757213424889,5347,5845.43,3.1363647,817.3506,0.3585234,7501.883,4.0563846,0,,,,,875.2957363464635,0.00072357326,1033.757213424889,0.0007351723,0.007014386,0.018893726
0.9995169,0.0005407172,0,0.0037100778,875.2948397466062,1033.7599295419075,5348,5839.853,3.1358016,817.072,0.35827786,7496.1855,4.0552754,0,,,,,875.2948397466062,0.0007245998,1033.7599295419075,0.0007364921,0.0068569584,0.019404924
0.9990226,0.0005409144,0,0.0037101328,875.2957967625698,1033.7575297760684,5349,5838.635,3.1364586,818.0586,0.35891977,7492.4785,4.0567546,0,,,,,875.2957967625698,0.0007244699,1033.7575297760684,0.0007362974,0.007448517,0.018786205
0.99996746,0.0005411488,0,0.0037101873,875.2946412840204,1033.7591116772016,5350,5843.623,3.13803,817.25714,0.35903,7499.5645,4.0585127,0,,,,,875.2946412840204,0.0007247338,1033.7591116772016,0.0007367425,0.0077687525,0.018574309
1.0003302,0.00054138206,0,0.0037102413,875.2934778334513,1033.7572276822789,5351,5845.137,3.1391425,817.13275,0.35858545,7502.2847,4.0602617,0,,,,,875.2934778334513,0.00072411064,1033.7572276822789,0.00073587557,0.007621723,0.01879852
0.9991055,0.00054116675,0,0.003710295,875.296252552859,1033.759086503829,5352,5838.186,3.1379573,817.7936,0.35869887,7493.1,4.058647,0,,,,,875.296252552859,0.0007248946,1033.759086503829,0.00073706673,0.007396996,0.019308712
0.99994355,0.00054104574,0,0.0037103486,875.2961946790975,1033.7588302840882,5353,5841.3984,3.1372945,817.6873,0.35899046,7499.3853,4.0577393,0,,,,,875.2961946790975,0.00072417327,1033.7588302840882,0.00073617074,0.007064067,0.020662745
1.0002002,0.00054094684,0,0.0037104017,875.2942579880787,1033.759842741943,5354,5842.3696,3.136933,816.162,0.35904202,7501.31,4.056998,0,,,,,875.2942579880787,0.0007240189,1033.759842741943,0.00073591387,0.006685415,0.020964282
0.9999555,0.0005408693,0,0.0037104543,875.2953263641473,1033.7597798330637,5355,5841.525,3.136453,816.74963,0.358597,7499.4746,4.0564165,0,,,,,875.2953263641473,0.0007237398,1033.7597798330637,0.0007354315,0.0067415126,0.020816889
0.999558,0.0005407993,0,0.003710507,875.2957586887608,1033.7593733170854,5356,5838.79,3.135968,817.5938,0.35897377,7496.4937,4.055891,0,,,,,875.2957586887608,0.0007242762,1033.7593733170854,0.00073616504,0.007361748,0.020602085
1.0009271,0.00054094085,0,0.003710559,875.2959900967726,1033.7593856690219,5357,5847.241,3.136729,817.6835,0.35854727,7506.7617,4.056953,0,,,,,875.2959900967726,0.00072315265,1033.7593856690219,0.0007350826,0.007475804,0.02029991
1.0022764,0.0005411906,0,0.0037106108,875.2939270401916,1033.7583563849398,5358,5855.775,3.1380322,816.6633,0.35911524,7516.8813,4.058826,0,,,,,875.2939270401916,0.0007232017,1033.7583563849398,0.00073489913,0.007670807,0.019921612
1.000878,0.0005411251,0,0.0037106622,875.2945611237924,1033.759876522266,5359,5846.249,3.1377268,816.61743,0.35867023,7506.393,4.0583344,0,,,,,875.2945611237924,0.0007233345,1033.759876522266,0.000735313,0.0076923296,0.020650756
0.9998838,0.0005411173,0,0.0037107135,875.295327586998,1033.761361342663,5360,5841.151,3.1377268,816.81476,0.35902157,7498.937,4.058276,0,,,,,875.295327586998,0.0007239664,1033.761361342663,0.0007362744,0.007417712,0.021128671
1.0006818,0.00054110185,0,0.0037107642,875.2965739123183,1033.760490920357,5361,5845.969,3.1376243,817.2912,0.35875434,7504.922,4.0581603,0,,,,,875.2965739123183,0.00072300335,1033.760490920357,0.00073525053,0.0077205803,0.0208115
1.0014514,0.0005411353,0,0.0037108145,875.2970599826991,1033.7585375987974,5362,5849.6475,3.1376913,817.5805,0.3587228,7510.6934,4.058411,0,,,,,875.2970599826991,0.00072300615,1033.7585375987974,0.00073551777,0.007894119,0.020547193
1.001284,0.00054109044,0,0.0037108648,875.2960382480774,1033.7595591458944,5363,5849.5537,3.1374846,815.99524,0.358848,7509.4385,4.058075,0,,,,,875.2960382480774,0.00072285224,1033.7595591458944,0.00073485496,0.00796186,0.020540012
1.0006795,0.0005410553,0,0.0037109146,875.2960607408447,1033.7598620535875,5364,5846.1333,3.1372406,817.2499,0.3586135,7504.9043,4.0578113,0,,,,,875.2960607408447,0.00072375534,1033.7598620535875,0.00073584873,0.007860144,0.020420661
0.9999532,0.00054090365,0,0.003710964,875.2948666863192,1033.7596376235406,5365,5841.189,3.1364114,816.8694,0.35884553,7499.4575,4.056674,0,,,,,875.2948666863192,0.00072380225,1033.7596376235406,0.00073576166,0.008173095,0.020611193
1.0002868,0.0005409781,0,0.0037110131,875.2968543747978,1033.7597021202087,5366,5844.081,3.136842,817.1762,0.35891533,7501.9595,4.0572324,0,,,,,875.2968543747978,0.0007237951,1033.7597021202087,0.00073587627,0.0079223225,0.020528687
1.0004889,0.00054106617,0,0.003711062,875.295239038214,1033.760372350373,5367,5845.7637,3.137372,817.3471,0.35911405,7503.475,4.057893,0,,,,,875.295239038214,0.00072284776,1033.760372350373,0.00073498825,0.008079636,0.020867048
1.0001853,0.00054100796,8192,0.0037111104,875.2954064984638,1033.7610735669155,5368,5842.818,3.1369221,816.56903,0.3587079,7501.1978,4.057456,8192,,,,,875.2954064984638,0.0007238211,1033.7610735669155,0.0007359772,0.008271318,0.021047017
1.0005233,0.00054099417,0,0.0037111584,875.296417285216,1033.7603455331741,5369,5845.6626,3.1369152,816.5596,0.35878286,7503.734,4.0573525,0,,,,,875.296417285216,0.0007231778,1033.7603455331741,0.00073520443,0.00817854,0.021012915
1.0003346,0.0005409683,8192,0.0037112064,875.2969319274889,1033.7599110303966,5370,5844.7183,3.1367543,817.20123,0.35804492,7502.318,4.057159,8192,,,,,875.2969319274889,0.0007240694,1033.7599110303966,0.0007362318,0.008159446,0.020900503
0.9997088,0.0005409535,0,0.0037112539,875.2960974576129,1033.7596775515476,5371,5839.962,3.1365972,816.34796,0.35886115,7497.6245,4.0570474,0,,,,,875.2960974576129,0.00072406087,1033.7596775515476,0.00073606224,0.008159689,0.020937866
1.0001905,0.0005410984,0,0.003711301,875.2959460587525,1033.7613148128694,5372,5844.075,3.1374426,817.6994,0.3581562,7501.2373,4.0581346,0,,,,,875.2959460587525,0.0007239504,1033.7613148128694,0.00073629135,0.0087059615,0.020597208
0.99956053,0.0005410447,0,0.0037113477,875.2966849135614,1033.7598186621963,5373,5840.4185,3.1371598,816.3675,0.35861236,7496.5127,4.0577316,0,,,,,875.2966849135614,0.0007237537,1033.7598186621963,0.000736027,0.008430121,0.020846983
0.9994351,0.0005410053,0,0.0037113943,875.2970262705416,1033.7597565676188,5374,5838.2334,3.1368787,816.58453,0.35829046,7495.5723,4.057436,0,,,,,875.2970262705416,0.00072439027,1033.7597565676188,0.00073662883,0.008477785,0.02143824
0.9997283,0.00054104906,0,0.0037114404,875.2972021445281,1033.7585055905452,5375,5841.0566,3.1372201,817.74457,0.35849613,7497.771,4.0577645,0,,,,,875.2972021445281,0.0007239932,1033.7585055905452,0.0007361371,0.008480607,0.021324508
1.0013802,0.00054106524,0,0.003711486,875.297234026208,1033.7605260134833,5376,5849.75,3.1374335,816.4761,0.35881275,7510.16,4.0578856,0,,,,,875.297234026208,0.0007229116,1033.7605260134833,0.0007351864,0.00823711,0.022135826
0.99947363,0.00054079114,0,0.0037115316,875.296325515536,1033.760726521597,5377,5838.424,3.1358302,816.7026,0.35867414,7495.861,4.05583,0,,,,,875.296325515536,0.00072455144,1033.760726521597,0.0007366114,0.008544383,0.021673154
0.9989416,0.00054070697,0,0.0037115766,875.2967231978806,1033.761124163606,5378,5836.2485,3.1352997,816.17847,0.3588402,7491.8706,4.0551987,0,,,,,875.2967231978806,0.0007249091,1033.761124163606,0.00073721923,0.008585698,0.021596141
0.9998222,0.0005409076,0,0.0037116215,875.2958958682121,1033.7610280360343,5379,5841.3145,3.1364436,817.21576,0.35857582,7498.475,4.0567036,0,,,,,875.2958958682121,0.00072453194,1033.7610280360343,0.000736886,0.008495904,0.021978829
1.0006026,0.00054113404,0,0.003711666,875.2968094106526,1033.7611682259899,5380,5845.3096,3.1376944,816.61536,0.3580724,7504.3276,4.0584016,0,,,,,875.2968094106526,0.0007235768,1033.7611682259899,0.0007359525,0.008637607,0.021890126
1.000674,0.00054138066,0,0.00371171,875.2965150458505,1033.7609825887898,5381,5846.651,3.1392345,817.0492,0.3587582,7504.864,4.060251,0,,,,,875.2965150458505,0.0007239941,1033.7609825887898,0.0007364954,0.008792157,0.021694006
0.9999339,0.00054119417,0,0.003711754,875.2958556107781,1033.7604235431775,5382,5841.7256,3.1380723,816.0062,0.3585527,7499.313,4.0588527,0,,,,,875.2958556107781,0.0007234657,1033.7604235431775,0.00073617115,0.008793066,0.02185109
1.0014977,0.0005412209,0,0.0037117973,875.2979428961451,1033.7601586037451,5383,5850.6514,3.1381953,815.4794,0.35890698,7511.041,4.059053,0,,,,,875.2979428961451,0.0007228954,1033.7601586037451,0.000735206,0.008692335,0.02198583
0.99908876,0.00054090196,0,0.0037118406,875.2960304539777,1033.7628379645607,5384,5837.005,3.1363766,816.1792,0.3586867,7492.9746,4.056661,0,,,,,875.2960304539777,0.00072442833,1033.7628379645607,0.0007368265,0.008615795,0.022493823
0.9996399,0.0005408296,0,0.0037118832,875.2964078873945,1033.761734082521,5385,5839.28,3.1360254,815.3582,0.3585605,7497.108,4.0561185,0,,,,,875.2964078873945,0.00072335836,1033.761734082521,0.0007355981,0.008644753,0.0223787
1.0005051,0.00054090354,0,0.0037119258,875.296942947148,1033.7609003410623,5386,5844.701,3.136516,815.95593,0.35908186,7503.5967,4.056673,0,,,,,875.296942947148,0.0007230842,1033.7609003410623,0.00073524396,0.008912994,0.022450494
0.99939495,0.0005407284,0,0.003711968,875.2968400129987,1033.7614869920758,5387,5838.4478,3.135671,816.8425,0.35810214,7495.271,4.0553594,0,,,,,875.2968400129987,0.0007244097,1033.7614869920758,0.00073669525,0.008558152,0.0227602
1.0002162,0.00054088695,0,0.0037120096,875.2965396774636,1033.760661119523,5388,5842.201,3.136513,817.821,0.35830986,7501.4307,4.0565486,0,,,,,875.2965396774636,0.00072389026,1033.760661119523,0.0007360745,0.008507783,0.022701524
0.99995583,0.00054103904,0,0.003712051,875.2961253898161,1033.762793225555,5389,5841.9873,3.1373303,816.8302,0.3592701,7499.4775,4.057689,0,,,,,875.2961253898161,0.0007237703,1033.762793225555,0.00073627953,0.008668555,0.022616355
0.9996226,0.0005411281,0,0.0037120923,875.2968293964412,1033.7606689785584,5390,5840.4995,3.1378405,816.2197,0.3590999,7496.978,4.0583572,0,,,,,875.2968293964412,0.0007237942,1033.7606689785584,0.0007362559,0.0087595945,0.022683285
1.0003868,0.0005410695,0,0.003712133,875.2960610398975,1033.762292432446,5391,5843.282,3.137508,816.8599,0.3583374,7502.7095,4.0579176,0,,,,,875.2960610398975,0.0007242484,1033.762292432446,0.00073670957,0.008721218,0.023091452
0.99991506,0.0005409786,0,0.0037121736,875.2959516726221,1033.7618984387323,5392,5841.5806,3.1369324,815.8384,0.35871503,7499.1714,4.057236,0,,,,,875.2959516726221,0.00072414166,1033.7618984387323,0.00073642784,0.008798639,0.022935618
0.9996784,0.00054092676,0,0.0037122136,875.2968397093265,1033.7609378831726,5393,5840.685,3.1366794,815.98816,0.359176,7497.3965,4.056847,0,,,,,875.2968397093265,0.00072421785,1033.7609378831726,0.00073648646,0.008664645,0.022934642
1.0010556,0.0005410481,0,0.0037122534,875.2975116642131,1033.7620878786654,5394,5847.694,3.137303,816.8009,0.35875648,7507.7256,4.0577574,0,,,,,875.2975116642131,0.0007232567,1033.7620878786654,0.0007357443,0.009151702,0.023052985
0.9995938,0.00054085226,0,0.003712293,875.2968313162385,1033.761879775263,5395,5840.1777,3.1361396,815.4118,0.35920396,7496.762,4.0562882,0,,,,,875.2968313162385,0.0007232864,1033.761879775263,0.00073579437,0.008770513,0.022987338
1.0006558,0.00054097,0,0.003712332,875.2972918059702,1033.7614317445828,5396,5846.6416,3.1369,816.39026,0.35896888,7504.727,4.0571713,0,,,,,875.2972918059702,0.0007235492,1033.7614317445828,0.0007358736,0.008905875,0.022842715
1.0010606,0.0005410599,0,0.003712371,875.2962201700709,1033.7609631263356,5397,5847.573,3.1373055,816.9518,0.35880762,7507.7627,4.0578456,0,,,,,875.2962201700709,0.0007231608,1033.7609631263356,0.0007353116,0.008872591,0.023130057
1.0007893,0.0005411065,0,0.0037124094,875.2975324781211,1033.761531759138,5398,5847.2886,3.1376457,817.74347,0.3586964,7505.728,4.058195,0,,,,,875.2975324781211,0.00072346994,1033.761531759138,0.00073594705,0.009087994,0.023085246
0.99984777,0.0005409931,0,0.0037124476,875.2972013326003,1033.7618864770675,5399,5841.836,3.137005,816.3438,0.35856718,7498.667,4.057345,0,,,,,875.2972013326003,0.0007244091,1033.7618864770675,0.000736901,0.00915128,0.023037048
1.0008717,0.0005410426,0,0.0037124853,875.2980779984648,1033.761725630891,5400,5846.937,3.1371288,816.0689,0.35878122,7506.3457,4.057716,0,,,,,875.2980779984648,0.00072297984,1033.761725630891,0.0007354779,0.009613204,0.022996621
0.9999505,0.0005409539,0,0.0037125228,875.2977762042192,1033.7601645935054,5401,5842.106,3.1367278,816.7484,0.358514,7499.4375,4.0570507,0,,,,,875.2977762042192,0.00072349305,1033.7601645935054,0.0007357801,0.009390965,0.023086036
1.0004392,0.00054103375,0,0.00371256,875.2973679074164,1033.7625197607038,5402,5844.7153,3.1374047,817.21655,0.35869667,7503.102,4.0576496,0,,,,,875.2973679074164,0.0007232453,1033.7625197607038,0.00073577615,0.0090769185,0.02393368
1.0009696,0.00054108736,0,0.0037125968,875.2964612193823,1033.7616049803885,5403,5846.836,3.1375756,816.5597,0.3581933,7507.081,4.0580516,0,,,,,875.2964612193823,0.0007229226,1033.7616049803885,0.0007354072,0.008899958,0.023929657
1.0010298,0.00054109853,0,0.0037126332,875.2973956001022,1033.7629400767285,5404,5848.267,3.137633,816.69257,0.35879833,7507.532,4.0581355,0,,,,,875.2973956001022,0.000723656,1033.7629400767285,0.0007362849,0.0089594405,0.023233408
1.0005544,0.00054110214,0,0.0037126695,875.2965184424947,1033.7614828833216,5405,5845.385,3.137587,816.8116,0.35852084,7503.967,4.0581627,0,,,,,875.2965184424947,0.0007237085,1033.7614828833216,0.00073615747,0.009387875,0.023353593
1.0004894,0.0005410036,0,0.003712705,875.2970724996384,1033.762484132133,5406,5844.3276,3.1370208,815.7189,0.3589132,7503.4785,4.0574236,0,,,,,875.2970724996384,0.00072372647,1033.762484132133,0.0007362044,0.009282183,0.02384978
0.9992569,0.00054078706,0,0.0037127407,875.2971734505104,1033.7607729179185,5407,5837.883,3.1358705,817.31964,0.35852504,7494.2354,4.0557995,0,,,,,875.2971734505104,0.000724074,1033.7607729179185,0.00073631224,0.009449762,0.023460126
1.0003233,0.00054082106,0,0.003712776,875.2977798590786,1033.7636015288804,5408,5843.1953,3.1361268,816.97144,0.35885948,7502.2334,4.0560546,0,,,,,875.2977798590786,0.00072325085,1033.7636015288804,0.000736026,0.009129328,0.024470568
1.0003258,0.00054088,0,0.0037128106,875.2968459715161,1033.763519307439,5409,5842.968,3.1364229,816.4702,0.35885376,7502.2524,4.0564966,0,,,,,875.2968459715161,0.00072338316,1033.763519307439,0.00073590997,0.009193337,0.024780916
1.0007776,0.0005410728,0,0.003712845,875.2969125815719,1033.7624420131879,5410,5846.413,3.137557,815.9205,0.35882056,7505.64,4.0579424,0,,,,,875.2969125815719,0.0007232274,1033.7624420131879,0.0007356645,0.009424777,0.024423584
0.99968225,0.00054117123,0,0.0037128793,875.2960603847632,1033.7623627721293,5411,5839.6157,3.1380398,815.7889,0.35903922,7497.4253,4.0586805,0,,,,,875.2960603847632,0.0007243863,1033.7623627721293,0.0007369694,0.009347002,0.024537932
1.0012003,0.0005413504,0,0.003712913,875.2984615093621,1033.7631870528944,5412,5848.3994,3.1390681,816.28796,0.35839558,7508.811,4.0600243,0,,,,,875.2984615093621,0.00072326016,1033.7631870528944,0.0007361617,0.00959311,0.024510814
0.9997834,0.00054108986,0,0.0037129465,875.2967248002103,1033.7628409330061,5413,5840.9043,3.1375644,817.81995,0.3580911,7498.184,4.05807,0,,,,,875.2967248002103,0.0007243935,1033.7628409330061,0.00073712616,0.009529658,0.024152085
0.9997482,0.00054089865,0,0.0037129796,875.2979567469118,1033.7631941109803,5414,5839.962,3.1366122,817.2287,0.35757223,7497.92,4.0566363,0,,,,,875.2979567469118,0.0007244411,1033.7631941109803,0.0007371688,0.00958365,0.02433865
0.9999443,0.0005408776,0,0.0037130124,875.2967256065461,1033.7632832527988,5415,5841.4375,3.1364586,817.6436,0.3584705,7499.391,4.0564785,0,,,,,875.2967256065461,0.0007230021,1033.7632832527988,0.00073546084,0.009561961,0.024609432
0.9995563,0.00054079155,0,0.0037130448,875.297542964791,1033.763479864557,5416,5839.5044,3.1358519,816.0346,0.35885862,7496.481,4.055833,0,,,,,875.297542964791,0.0007233536,1033.763479864557,0.00073601404,0.009498828,0.024476182
1.0003233,0.0005408648,0,0.0037130772,875.2980150570845,1033.7634452947652,5417,5843.5596,3.1363668,816.1251,0.35934022,7502.233,4.0563827,0,,,,,875.2980150570845,0.00072287774,1033.7634452947652,0.00073552853,0.009603473,0.024723966
0.99976486,0.00054086983,0,0.0037131088,875.2975128401793,1033.7627717764165,5418,5840.6045,3.1363127,816.13196,0.3587895,7498.045,4.0564203,0,,,,,875.2975128401793,0.00072397257,1033.7627717764165,0.00073640374,0.0096538635,0.024331236
1.0009661,0.0005410973,0,0.0037131403,875.2971290555288,1033.7619343644283,5419,5848.1064,3.137771,816.9813,0.35906276,7507.0537,4.0581264,0,,,,,875.2971290555288,0.0007227377,1033.7619343644283,0.0007354034,0.009685859,0.024523446
0.99974716,0.0005411604,0,0.0037131715,875.298500679432,1033.7619215296932,5420,5839.9478,3.1379468,815.5282,0.35878712,7497.912,4.0585995,0,,,,,875.298500679432,0.0007240957,1033.7619215296932,0.0007368245,0.009828282,0.024534035
1.0004988,0.00054116093,0,0.0037132022,875.2986838340894,1033.7629507680394,5421,5844.836,3.138105,816.6314,0.35860142,7503.5493,4.0586033,0,,,,,875.2986838340894,0.00072327466,1033.7629507680394,0.0007361242,0.009682886,0.024941985
0.9998104,0.00054094393,0,0.0037132327,875.2979440747702,1033.7642169005526,5422,5840.8784,3.1368794,816.6204,0.35803097,7498.3867,4.056976,0,,,,,875.2979440747702,0.00072355894,1033.7642169005526,0.00073632575,0.0096886605,0.025073802
0.99875367,0.0005407866,0,0.003713263,875.2963303889695,1033.762889527192,5423,5833.779,3.1359499,817.06085,0.35842386,7490.4614,4.055796,0,,,,,875.2963303889695,0.0007241008,1033.762889527192,0.00073661475,0.009828646,0.025124421
1.0001906,0.0005409261,0,0.0037132928,875.2975926184106,1033.762444832104,5424,5842.7236,3.1366193,816.7709,0.35830387,7501.238,4.0568423,0,,,,,875.2975926184106,0.0007232429,1033.762444832104,0.00073581043,0.009716918,0.024653373
0.9996778,0.00054087257,0,0.003713322,875.2977954525459,1033.7629929191387,5425,5840.4688,3.1363604,816.8867,0.358948,7497.392,4.056441,0,,,,,875.2977954525459,0.00072388636,1033.7629929191387,0.00073646836,0.009786443,0.024835302
0.99969196,0.00054078083,0,0.0037133512,875.2977777725048,1033.7631157132596,5426,5839.2437,3.1358385,815.82465,0.35893655,7497.4985,4.0557528,0,,,,,875.2977777725048,0.0007238473,1033.7631157132596,0.00073648954,0.009680492,0.025286421
1.000088,0.00054090016,0,0.00371338,875.2981481722322,1033.7639920845095,5427,5841.976,3.136538,816.83496,0.35869116,7500.4688,4.056648,0,,,,,875.2981481722322,0.0007239927,1033.7639920845095,0.0007367204,0.009740374,0.025475008
0.9997275,0.00054094556,0,0.0037134085,875.2963183657678,1033.7639189258743,5428,5840.078,3.136929,816.4839,0.3587381,7497.7646,4.0569882,0,,,,,875.2963183657678,0.0007236557,1033.7639189258743,0.00073639804,0.009713171,0.025135756
0.9995876,0.00054094015,0,0.0037134367,875.2969179974895,1033.7641938229165,5429,5837.83,3.1366663,817.0223,0.35842174,7496.716,4.0569477,0,,,,,875.2969179974895,0.00072419544,1033.7641938229165,0.0007369588,0.009516498,0.025848117
1.0007778,0.00054099434,0,0.0037134646,875.297489422048,1033.7644106238263,5430,5845.1416,3.137184,816.58636,0.35878357,7505.642,4.057354,0,,,,,875.297489422048,0.00072372874,1033.7644106238263,0.0007365634,0.009496869,0.026209384
0.99950707,0.00054083223,0,0.003713492,875.2978572683303,1033.7633819786558,5431,5838.1885,3.1362312,816.3345,0.3589442,7496.112,4.056138,0,,,,,875.2978572683303,0.00072299415,1033.7633819786558,0.00073566753,0.009872307,0.025721166
0.99979055,0.0005408946,0,0.003713519,875.2980466652722,1033.7638394929425,5432,5838.55,3.1365664,817.02295,0.35834625,7498.238,4.056606,0,,,,,875.2980466652722,0.0007240859,1033.7638394929425,0.0007368795,0.009672156,0.025990644
0.999556,0.0005409211,0,0.0037135459,875.295835834896,1033.7655843015548,5433,5838.2397,3.1366608,816.5461,0.35859343,7496.4785,4.0568047,0,,,,,875.295835834896,0.0007238862,1033.7655843015548,0.0007365859,0.010061148,0.026204113
0.999082,0.00054086116,0,0.0037135724,875.2967646820822,1033.765732407735,5434,5835.3906,3.1364007,816.01215,0.35901394,7492.924,4.056355,0,,,,,875.2967646820822,0.00072514504,1033.765732407735,0.0007380611,0.009943162,0.026335634
0.9993629,0.00054088514,0,0.0037135985,875.2969205319138,1033.7632457520067,5435,5835.99,3.13642,817.2438,0.35863867,7495.0303,4.0565352,0,,,,,875.2969205319138,0.0007239237,1033.7632457520067,0.0007365701,0.009937677,0.02676481
0.9993198,0.00054088567,0,0.0037136243,875.295755822412,1033.7644932730223,5436,5836.1045,3.136623,816.1337,0.35869953,7494.707,4.056539,0,,,,,875.295755822412,0.0007243402,1033.7644932730223,0.00073712104,0.00929359,0.027039634
0.99864334,0.00054072804,0,0.00371365,875.2968034922166,1033.7634935175176,5437,5832.8174,3.1355686,815.92755,0.35868913,7489.634,4.055357,0,,,,,875.2968034922166,0.0007237885,1033.7634935175176,0.0007364163,0.00985754,0.02649781
0.9996001,0.0005407521,0,0.0037136748,875.2967644743452,1033.7649823102647,5438,5837.012,3.1356444,816.77783,0.35845056,7496.8096,4.055537,0,,,,,875.2967644743452,0.00072414335,1033.7649823102647,0.0007368344,0.009793174,0.026880106
0.9989779,0.000540729,0,0.0037136998,875.2988434937665,1033.7650618040045,5439,5834.2456,3.1356137,817.7185,0.3586771,7492.143,4.0553637,0,,,,,875.2988434937665,0.0007235111,1033.7650618040045,0.00073644245,0.009766386,0.02706251
1.0000947,0.0005409111,0,0.0037137242,875.2975853427189,1033.764487492142,5440,5840.254,3.1367755,815.6935,0.35831296,7500.518,4.05673,0,,,,,875.2975853427189,0.0007237226,1033.764487492142,0.0007366259,0.009369047,0.027352216
0.99970347,0.0005410705,0,0.0037137484,875.298258327839,1033.76419539662,5441,5837.2046,3.137521,816.3392,0.3586811,7497.5845,4.057925,0,,,,,875.298258327839,0.00072425976,1033.76419539662,0.00073727535,0.009594167,0.027339438
0.9999535,0.00054112455,0,0.0037137722,875.2981760820992,1033.7660133028294,5442,5839.571,3.1379538,816.3663,0.35856214,7499.46,4.0583305,0,,,,,875.2981760820992,0.0007243571,1033.7660133028294,0.000737634,0.009861898,0.026858682
0.9989346,0.00054096046,0,0.0037137957,875.2964923564948,1033.7638107765836,5443,5833.267,3.136948,817.1179,0.35875383,7491.8184,4.0571,0,,,,,875.2964923564948,0.0007249039,1033.7638107765836,0.0007377561,0.010068476,0.026701024
1.0006818,0.00054101157,0,0.0037138187,875.2979872389296,1033.7654154373326,5444,5842.314,3.1371808,816.46246,0.3587364,7504.9214,4.057483,0,,,,,875.2979872389296,0.00072342315,1033.7654154373326,0.00073637726,0.009690411,0.027359739
1.0004587,0.00054089085,0,0.0037138416,875.2968561824864,1033.7653902847856,5445,5842.2886,3.136574,817.10925,0.35860407,7503.2485,4.0565777,0,,,,,875.2968561824864,0.00072392815,1033.7653902847856,0.0007366572,0.009895009,0.026871592
1.0001353,0.0005407813,0,0.0037138641,875.297717524659,1033.7660512205998,5446,5840.239,3.136084,815.80927,0.3593763,7500.823,4.055756,0,,,,,875.297717524659,0.0007235129,1033.7660512205998,0.0007363822,0.009767066,0.027532473
0.99934274,0.00054065185,0,0.0037138863,875.2960240948971,1033.7649453678928,5447,5835.053,3.1352558,816.1278,0.35825065,7494.8794,4.0547853,0,,,,,875.2960240948971,0.0007244332,1033.7649453678928,0.0007371423,0.009362171,0.027585294
1.0012962,0.0005409246,0,0.003713908,875.2969335411946,1033.7648363186622,5448,5847.3105,3.1369147,816.8196,0.35863793,7509.53,4.056831,0,,,,,875.2969335411946,0.000723363,1033.7648363186622,0.00073619385,0.009572449,0.0279922
0.9986291,0.000540758,0,0.0037139293,875.2964829656851,1033.765206854384,5449,5830.911,3.1359353,816.9448,0.3581152,7489.527,4.0555816,0,,,,,875.2964829656851,0.0007248507,1033.765206854384,0.0007377003,0.009617941,0.02792897
0.9991653,0.00054103584,0,0.0037139505,875.2964019721142,1033.7651374606935,5450,5833.736,3.137472,817.1228,0.35852596,7493.5483,4.0576653,0,,,,,875.2964019721142,0.0007242539,1033.7651374606935,0.00073735416,0.009873562,0.028021486
1.0000949,0.0005411016,0,0.0037139712,875.2982531600212,1033.765800261571,5451,5839.4927,3.1378393,816.32764,0.35801348,7500.52,4.0581584,0,,,,,875.2982531600212,0.00072425976,1033.765800261571,0.0007375428,0.00956982,0.027960336
0.9996758,0.0005407666,0,0.0037139917,875.2970199353297,1033.7667192501835,5452,5836.1694,3.1359708,816.8703,0.35899153,7497.3774,4.055646,0,,,,,875.2970199353297,0.000724036,1033.7667192501835,0.00073720794,0.009493557,0.028633757
0.99887776,0.00054073276,0,0.003714012,875.2966357692158,1033.7662725151067,5453,5831.766,3.1357894,816.1621,0.35884124,7491.392,4.0553923,0,,,,,875.2966357692158,0.0007240733,1033.7662725151067,0.0007370642,0.00968238,0.02847057
1.0000681,0.00054083794,0,0.0037140318,875.2971971169181,1033.7669478059768,5454,5838.8853,3.1363406,817.1265,0.35852104,7500.319,4.056181,0,,,,,875.2971971169181,0.0007233775,1033.7669478059768,0.0007363985,0.009798252,0.0287022
0.99931055,0.000540717,0,0.003714051,875.2980770649413,1033.7659689249433,5455,5833.6997,3.1356015,816.94995,0.35888192,7494.6377,4.055274,0,,,,,875.2980770649413,0.00072373444,1033.7659689249433,0.0007367866,0.009961537,0.028579906
0.99351346,0.00053981005,0,0.0037140704,875.2961106116875,1033.7655482474252,5456,5800.492,3.1303866,817.04895,0.3587973,7451.1606,4.048472,0,,,,,875.2961106116875,0.00072817993,1033.7655482474252,0.00074118166,0.009930716,0.028473105
0.9788255,0.0005383881,0,0.003714089,875.2983027375071,1033.766212655925,5457,5715.2983,3.122074,816.0253,0.35854876,7341.004,4.0378075,0,,,,,875.2983027375071,0.0007378165,1033.766212655925,0.00075120653,0.009986699,0.028605742
0.96216047,0.00053672545,0,0.0037141077,875.2977492556131,1033.767632660034,5458,5617.0923,3.1127117,816.99066,0.35877016,7216.0195,4.025338,0,,,,,875.2977492556131,0.0007505664,1033.767632660034,0.0007644248,0.00953397,0.029864471
0.95677876,0.00053626223,0,0.0037141256,875.2989783411044,1033.767531114399,5459,5585.8574,3.1100254,816.7535,0.35826734,7175.6577,4.021864,0,,,,,875.2989783411044,0.0007532406,1033.767531114399,0.0007672012,0.009335831,0.029695995
0.95417166,0.00053593266,0,0.0037141435,875.2995350646698,1033.7668471364905,5460,5571.497,3.1082075,816.648,0.35840487,7156.105,4.0193925,0,,,,,875.2995350646698,0.0007547496,1033.7668471364905,0.00076876197,0.009481077,0.029903091
0.95319486,0.0005357935,0,0.003714161,875.2997549305204,1033.7668348721709,5461,5565.016,3.1071072,817.2741,0.35845754,7148.779,4.0183487,0,,,,,875.2997549305204,0.00075692235,1033.7668348721709,0.0007708431,0.009712935,0.029522562
0.9535562,0.00053587893,0,0.003714178,875.2977646140573,1033.7675382410448,5462,5568.009,3.1075675,816.695,0.3593444,7151.489,4.0189896,0,,,,,875.2977646140573,0.0007565513,1033.7675382410448,0.0007704087,0.009955552,0.029067883
0.952199,0.000535728,0,0.003714195,875.2985097757961,1033.7669142577129,5463,5560.2964,3.106699,816.81274,0.3585731,7141.31,4.0178576,0,,,,,875.2985097757961,0.0007570626,1033.7669142577129,0.0007709151,0.009718685,0.02915046
0.95288175,0.00053573766,0,0.0037142113,875.2991607826598,1033.7677361648791,5464,5562.47,3.1068273,817.1022,0.35810328,7146.4307,4.01793,0,,,,,875.2991607826598,0.00075712573,1033.7677361648791,0.00077102554,0.0095582865,0.030265778
0.9529827,0.0005357772,0,0.0037142276,875.299507064811,1033.7674820142556,5465,5564.103,3.1069005,815.44226,0.35854957,7147.188,4.018226,0,,,,,875.299507064811,0.0007566699,1033.7674820142556,0.0007705634,0.010071842,0.029862555
0.9548061,0.00053603674,0,0.0037142432,875.2994447084043,1033.7664940903187,5466,5575.296,3.1085079,816.7132,0.3587657,7160.863,4.020173,0,,,,,875.2994447084043,0.00075496914,1033.7664940903187,0.00076889014,0.01017417,0.02939903
0.9568688,0.00053615717,0,0.0037142588,875.2996551245743,1033.7670448418924,5467,5586.28,3.1092741,816.80743,0.35864595,7176.333,4.021076,0,,,,,875.2996551245743,0.00075352227,1033.7670448418924,0.0007674833,0.010087175,0.029844426
0.96388865,0.0005368342,0,0.003714274,875.3000939846366,1033.7680395502593,5468,5627.5303,3.1132169,817.01105,0.3589526,7228.9805,4.0261536,0,,,,,875.3000939846366,0.00074835337,1033.7680395502593,0.0007622408,0.010103675,0.02989161
0.98048526,0.00053844467,0,0.0037142886,875.2983553553859,1033.7676304376232,5469,5723.609,3.1226366,816.904,0.3583221,7353.4517,4.038232,0,,,,,875.2983553553859,0.0007363902,1033.7676304376232,0.0007499509,0.010273829,0.029901484
0.9947177,0.00053995027,8192,0.003714303,875.2980424712866,1033.7697094279888,5470,5804.273,3.131337,816.24384,0.35834783,7460.1924,4.049524,8192,,,,,875.2980424712866,0.0007265959,1033.7697094279888,0.0007402179,0.009989035,0.030742217
0.9991051,0.00054068316,0,0.0037143172,875.297436939884,1033.766547934933,5471,5830.4214,3.135539,816.4837,0.35878026,7493.097,4.0550203,0,,,,,875.297436939884,0.000723347,1033.766547934933,0.00073659234,0.009862361,0.031060548
0.9989534,0.000540607,8192,0.003714331,875.2977099254599,1033.767673342339,5472,5829.058,3.1351643,817.668,0.358203,7491.9595,4.054449,8192,,,,,875.2977099254599,0.000723673,1033.767673342339,0.0007370551,0.00971799,0.030956855
0.9994636,0.0005406091,0,0.0037143445,875.29854911697,1033.7704900733634,5473,5831.0693,3.1351066,816.05237,0.35910553,7495.7856,4.054465,0,,,,,875.29854911697,0.0007236851,1033.7704900733634,0.00073749287,0.009883464,0.03202568
1.000052,0.000540583,0,0.0037143575,875.2974247652273,1033.7684582319403,5474,5835.4976,3.134953,816.2383,0.35841557,7500.1987,4.054269,0,,,,,875.2974247652273,0.0007232817,1033.7684582319403,0.0007367263,0.01015838,0.03153814
1.0006258,0.0005407189,0,0.0037143703,875.2987054762616,1033.7672599368912,5475,5839.34,3.135646,816.7091,0.3585596,7504.5024,4.0552883,0,,,,,875.2987054762616,0.00072245876,1033.7672599368912,0.00073573017,0.0105104325,0.03093649
0.99985564,0.00054041913,8192,0.0037143829,875.2982820316794,1033.768030486266,5476,5834.1313,3.1338468,816.275,0.35892504,7498.726,4.05304,8192,,,,,875.2982820316794,0.00072396785,1033.768030486266,0.0007372837,0.010748767,0.030780813
0.9999063,0.0005404208,0,0.003714395,875.2972446256177,1033.768476045882,5477,5835.711,3.1338599,816.23773,0.3588509,7499.106,4.053053,0,,,,,875.2972446256177,0.00072306686,1033.768476045882,0.0007363465,0.010891729,0.030961951
0.9999381,0.0005405638,0,0.003714418,875.2995696906694,1033.7668654080567,5479,5834.439,3.1345966,815.9257,0.35857266,7499.344,4.054125,0,,,,,875.2995696906694,0.0007238456,1033.7668654080567,0.0007371753,0.010603605,0.03127101
1.0014479,0.00054124114,0,0.0037144292,875.2994389944306,1033.7660256032514,5480,5844.176,3.1387012,816.9034,0.35837352,7510.6675,4.059205,0,,,,,875.2994389944306,0.0007228193,1033.7660256032514,0.00073633576,0.010775325,0.031247798
1.0006019,0.00054098864,0,0.00371444,875.2986043942708,1033.766160268442,5481,5838.6084,3.1371818,816.45746,0.35855255,7504.3228,4.057311,0,,,,,875.2986043942708,0.0007226178,1033.766160268442,0.0007359678,0.010325121,0.031412084
0.9995737,0.000540606,0,0.0037144504,875.2979399855712,1033.7669808542128,5482,5831.072,3.1348758,816.48,0.35894448,7496.6113,4.0544415,0,,,,,875.2979399855712,0.0007241772,1033.7669808542128,0.00073748827,0.010568437,0.031868275
1.0000496,0.00054069236,0,0.0037144606,875.2987694892893,1033.7670235326423,5483,5834.949,3.1354685,817.6162,0.35816437,7500.18,4.055089,0,,,,,875.2987694892893,0.0007237799,1033.7670235326423,0.00073713524,0.010758136,0.03165072
0.9997805,0.00054042775,0,0.0037144704,875.2992538932559,1033.7679483871084,5484,5832.952,3.1341195,817.3335,0.35843903,7498.162,4.053105,0,,,,,875.2992538932559,0.0007231897,1033.7679483871084,0.00073660095,0.010477277,0.032142468
1.0002599,0.00054043083,0,0.0037144797,875.2977070724615,1033.76747467762,5485,5834.2886,3.1339242,816.0402,0.3588105,7501.7573,4.053128,0,,,,,875.2977070724615,0.00072300574,1033.76747467762,0.00073626096,0.010765939,0.03259775
1.0003422,0.00054045115,0,0.0037144888,875.2991513273406,1033.7694495399865,5486,5835.5923,3.1340582,817.43225,0.35847995,7502.3755,4.0532804,0,,,,,875.2991513273406,0.0007236303,1033.7694495399865,0.00073717564,0.010980748,0.032292135
1.000382,0.0005404472,0,0.0037144977,875.2984621231251,1033.7672548331539,5487,5835.4907,3.133949,816.9962,0.3588041,7502.6733,4.0532503,0,,,,,875.2984621231251,0.00072237407,1033.7672548331539,0.00073571625,0.010681279,0.032457784
0.9999948,0.00054052233,0,0.003714506,875.2980409463437,1033.7693763403688,5488,5832.124,3.134472,817.10547,0.35895044,7499.7695,4.053814,0,,,,,875.2980409463437,0.00072350254,1033.7693763403688,0.0007370401,0.010503905,0.032889392
1.0003736,0.0005406807,0,0.0037145142,875.2985227100759,1033.7691199454666,5489,5834.9155,3.1355217,816.83813,0.35905018,7502.6104,4.0550017,0,,,,,875.2985227100759,0.0007235462,1033.7691199454666,0.00073711795,0.010529877,0.03301133
0.9996245,0.00054060126,0,0.0037145219,875.2983971924514,1033.7702427885556,5490,5830.598,3.1348677,817.3942,0.35851982,7496.992,4.054406,0,,,,,875.2983971924514,0.0007242002,1033.7702427885556,0.00073790824,0.011241141,0.03290959
0.9991166,0.0005404634,0,0.0037145293,875.2982381722684,1033.768908928859,5491,5826.5947,3.1340253,817.95984,0.35848147,7493.183,4.0533724,0,,,,,875.2982381722684,0.0007241614,1033.768908928859,0.00073761656,0.010936604,0.03297856
1.0001837,0.0005405145,0,0.0037145365,875.2991744486562,1033.768906762906,5492,5834.2866,3.1343324,816.1934,0.3591838,7501.1865,4.0537553,0,,,,,875.2991744486562,0.00072372414,1033.768906762906,0.0007373201,0.011406653,0.032984797
0.9990065,0.0005404558,0,0.0037145433,875.2971717521145,1033.7702980870072,5493,5826.5615,3.1339946,817.4157,0.35933647,7492.3574,4.053315,0,,,,,875.2971717521145,0.0007243839,1033.7702980870072,0.000738009,0.011475124,0.03364699
1.0002605,0.00054047845,0,0.0037145498,875.299506282643,1033.7699074494794,5494,5832.867,3.1341548,816.968,0.35920203,7501.762,4.053485,0,,,,,875.299506282643,0.00072281127,1033.7699074494794,0.0007365027,0.011522189,0.03407941
1.002539,0.00054086203,128,0.0037145559,875.3017836070655,1033.7721807499238,5495,5846.4766,3.1364212,816.6902,0.3584832,7518.8506,4.0563617,128,,,,,875.3017836070655,0.0007203238,1033.7721807499238,0.0007345195,0.011590104,0.03395194
1.0007907,0.0005405881,0,0.0037145617,875.3050576099057,1033.7734576877292,5496,5835.43,3.1347764,817.48047,0.35866106,7505.739,4.0543075,0,,,,,875.3050576099057,0.0007230133,1033.7734576877292,0.0007367892,0.011622141,0.034047052
1.0002877,0.00054054795,0,0.003714567,875.2984409184321,1033.7706159432405,5497,5831.6064,3.1345673,817.8226,0.35872263,7501.9663,4.054006,0,,,,,875.2984409184321,0.0007237096,1033.7706159432405,0.00073749037,0.01153666,0.034537524
0.9997428,0.000540382,0,0.0037145722,875.2987313487282,1033.7725010630254,5498,5828.8037,3.1336877,817.86084,0.35846612,7497.88,4.0527616,0,,,,,875.2987313487282,0.000723066,1033.7725010630254,0.0007369309,0.011414594,0.034871195
1.0000206,0.0005403928,0,0.0037145768,875.2992206782715,1033.7697195580754,5499,5830.0015,3.133635,817.5695,0.3583024,7499.9634,4.0528426,0,,,,,875.2992206782715,0.0007234909,1033.7697195580754,0.0007370195,0.011606257,0.03466396
0.999724,0.0005404039,0,0.0037145813,875.2989970360733,1033.769294103263,5500,5828.469,3.1337664,816.95026,0.3586564,7497.7383,4.0529256,0,,,,,875.2989970360733,0.00072333263,1033.769294103263,0.00073697476,0.011745991,0.03471243
0.99984473,0.0005404951,0,0.0037145854,875.2989199209113,1033.770051606049,5501,5829.561,3.134463,817.3225,0.358473,7498.644,4.05361,0,,,,,875.2989199209113,0.00072344096,1033.770051606049,0.00073750794,0.011467364,0.035187244
0.9998169,0.000540554,0,0.0037145892,875.2988006148703,1033.770363331734,5502,5828.1543,3.1347408,816.9643,0.35844588,7498.4355,4.0540514,0,,,,,875.2988006148703,0.0007237014,1033.770363331734,0.0007376064,0.011359606,0.03520948
1.0007272,0.00054059806,0,0.0037145927,875.2978861347672,1033.7706447102257,5503,5833.827,3.1349754,817.3986,0.35843274,7505.262,4.054382,0,,,,,875.2978861347672,0.0007237455,1033.7706447102257,0.0007374345,0.011183751,0.034869354
0.99968004,0.0005405041,0,0.0037145957,875.2989581140711,1033.7709281016196,5504,5828.1494,3.1344237,816.9946,0.35913193,7497.409,4.0536776,0,,,,,875.2989581140711,0.00072405965,1033.7709281016196,0.0007379273,0.011562606,0.03495073
1.0003668,0.0005404363,0,0.0037145985,875.2999227538796,1033.7720438213194,5505,5830.7847,3.134064,815.8588,0.35910943,7502.5596,4.053169,0,,,,,875.2999227538796,0.0007224171,1033.7720438213194,0.00073633814,0.01138468,0.035342626
1.0007595,0.0005404053,0,0.0037146008,875.2987292236511,1033.7709566307678,5506,5833.0425,3.1338346,817.40796,0.35854885,7505.505,4.052936,0,,,,,875.2987292236511,0.00072293874,1033.7709566307678,0.0007366748,0.011397013,0.035959415
1.0003593,0.0005403175,0,0.003714603,875.2991275663921,1033.7704205189589,5507,5831.6533,3.1333807,817.9533,0.35886633,7502.5034,4.052278,0,,,,,875.2991275663921,0.00072267064,1033.7704205189589,0.00073637906,0.011597835,0.035736427
1.000453,0.00054035266,0,0.0037146048,875.2990521097897,1033.7714463965358,5508,5831.196,3.1334941,817.923,0.35820425,7503.206,4.0525417,0,,,,,875.2990521097897,0.00072274805,1033.7714463965358,0.0007365579,0.011788561,0.03584628
0.99955153,0.0005403993,8192,0.0037146062,875.2977496530009,1033.7712456905554,5509,5826.495,3.1338882,818.64,0.3583528,7496.4453,4.0528913,8192,,,,,875.2977496530009,0.00072405883,1033.7712456905554,0.00073783705,0.011784538,0.035935823
1.0002631,0.0005407139,0,0.0037146073,875.2990748329319,1033.7703814145154,5510,5831.1636,3.1356688,817.8815,0.35870677,7501.7817,4.0552506,0,,,,,875.2990748329319,0.00072411203,1033.7703814145154,0.0007380352,0.011836424,0.035654835
0.99996865,0.0005406499,0,0.003714608,875.299426846949,1033.7712946503063,5511,5827.8906,3.1354256,816.9281,0.35863146,7499.573,4.054771,0,,,,,875.299426846949,0.0007238751,1033.7712946503063,0.000737998,0.011788165,0.036532987
1.0007664,0.00054060936,0,0.0037146085,875.3000579363202,1033.771434585301,5512,5832.6367,3.13524,817.7758,0.35793868,7505.5566,4.0544667,0,,,,,875.3000579363202,0.00072262937,1033.771434585301,0.00073675695,0.011362011,0.036822878
0.9994612,0.0005403736,0,0.0037146085,875.2991095205078,1033.7718106391455,5513,5824.8755,3.1339924,818.672,0.3587026,7495.7676,4.0526986,0,,,,,875.2991095205078,0.0007231671,1033.7718106391455,0.00073718594,0.011321976,0.037532385
1.0002699,0.0005403903,0,0.0037146083,875.2987942063721,1033.7730843142006,5514,5828.4707,3.1340601,817.639,0.35885626,7501.833,4.052824,0,,,,,875.2987942063721,0.00072384253,1033.7730843142006,0.0007379699,0.011179556,0.037466556
1.0001587,0.0005404007,8192,0.0037146076,875.29835124953,1033.7719476891896,5515,5829.77,3.133722,817.9339,0.35878834,7500.9985,4.0529017,8192,,,,,875.29835124953,0.00072376535,1033.7719476891896,0.0007376304,0.011709011,0.036107067
1.0008057,0.00054038904,0,0.0037146069,875.3003901124395,1033.7709985551342,5516,5834.01,3.1337793,817.3031,0.35890105,7505.851,4.0528145,0,,,,,875.3003901124395,0.00072260335,1033.7709985551342,0.0007364198,0.011681649,0.036029607
1.0007273,0.00054039655,0,0.0037146055,875.2991307469674,1033.7721474885636,5517,5832.4434,3.1337957,817.9898,0.35837144,7505.263,4.0528708,0,,,,,875.2991307469674,0.00072289875,1033.7721474885636,0.00073688076,0.012048979,0.036671653
1.0012863,0.00054056593,0,0.0037146038,875.2988689607156,1033.7712738677658,5518,5836.595,3.134835,817.35693,0.35861424,7509.455,4.054141,0,,,,,875.2988689607156,0.0007228749,1033.7712738677658,0.0007366849,0.011821182,0.036331408
1.0011445,0.0005407524,0,0.003714602,875.3010644775065,1033.7707578916452,5519,5836.2144,3.1358845,817.2528,0.3585222,7508.392,4.055539,0,,,,,875.3010644775065,0.00072277786,1033.7707578916452,0.00073691877,0.012250345,0.036276553
0.99981475,0.000540625,0,0.0037145996,875.2995642365182,1033.7718811221032,5520,5827.311,3.135173,818.73364,0.358663,7498.4194,4.054584,0,,,,,875.2995642365182,0.0007240044,1033.7718811221032,0.0007381211,0.012190243,0.036257457
1.000473,0.00054056844,0,0.003714597,875.299697778207,1033.7707276087829,5521,5832.02,3.1346304,817.75604,0.35878134,7503.3564,4.0541596,0,,,,,875.299697778207,0.00072306994,1033.7707276087829,0.00073704415,0.012511011,0.036287837
1.0007683,0.0005404949,0,0.0037145943,875.2989571457858,1033.7694819828907,5522,5833.8037,3.134381,817.86725,0.3589132,7505.571,4.0536084,0,,,,,875.2989571457858,0.00072285265,1033.7694819828907,0.00073668774,0.011893182,0.036286134
1.0018103,0.00054059806,0,0.003714591,875.2993983855954,1033.769968490284,5523,5838.5815,3.134872,818.69214,0.3585706,7513.3857,4.054382,0,,,,,875.2993983855954,0.00072243286,1033.769968490284,0.00073619117,0.011726929,0.03601962
1.0011417,0.0005404948,0,0.0037145873,875.300716418682,1033.7722522562844,5524,5835.46,3.1343849,816.802,0.35859343,7508.3706,4.0536075,0,,,,,875.300716418682,0.0007219548,1033.7722522562844,0.0007360489,0.012033235,0.03675913
1.0001296,0.0005403695,0,0.0037145833,875.2988610795765,1033.7726987523038,5525,5829.838,3.1336915,817.6651,0.359123,7500.781,4.0526676,0,,,,,875.2988610795765,0.0007241147,1033.7726987523038,0.0007381006,0.012395052,0.03695638
1.0008295,0.00054047455,0,0.0037145792,875.3014027185418,1033.7744977193697,5526,5832.3174,3.1342938,818.0218,0.35873812,7506.03,4.053456,0,,,,,875.3014027185418,0.00072271284,1033.7744977193697,0.0007372,0.0119564,0.03779029
1.0011076,0.0005405251,0,0.0037145745,875.3002813104032,1033.7723581558466,5527,5835.451,3.1347375,817.45264,0.35871947,7508.115,4.053835,0,,,,,875.3002813104032,0.00072231545,1033.7723581558466,0.0007362881,0.012193001,0.037322883
1.0011046,0.0005404925,0,0.0037145696,875.2976740996191,1033.7724998446415,5528,5835.012,3.1345901,817.6638,0.35873684,7508.0933,4.0535903,0,,,,,875.2976740996191,0.00072198577,1033.7724998446415,0.00073592603,0.012232028,0.037586376
1.0001436,0.0005404031,0,0.0037145643,875.2986214105588,1033.7727571447158,5529,5829.0015,3.1338813,818.1674,0.35855648,7500.886,4.05292,0,,,,,875.2986214105588,0.00072359416,1033.7727571447158,0.0007375935,0.012457718,0.03794043
1.0021193,0.0005405574,0,0.0037145587,875.3005894953043,1033.7719507940392,5530,5841.423,3.1349669,816.88715,0.35859212,7515.703,4.0540767,0,,,,,875.3005894953043,0.00072193553,1033.7719507940392,0.0007360634,0.012250836,0.037629414
1.0017922,0.00054063206,0,0.0037145528,875.301007012121,1033.7743235079406,5531,5839.123,3.1351829,817.20294,0.35845354,7513.25,4.054637,0,,,,,875.301007012121,0.0007230158,1033.7743235079406,0.0007367132,0.012467416,0.037681967
1.0003299,0.0005405377,0,0.0037145466,875.2986736355414,1033.7716490861308,5532,5830.116,3.1346807,818.187,0.35876942,7502.2827,4.0539293,0,,,,,875.2986736355414,0.00072404376,1033.7716490861308,0.0007380907,0.012506377,0.037986167
1.0002892,0.0005404987,0,0.00371454,875.3008365397022,1033.7737906974185,5533,5830.8154,3.1345444,817.7041,0.35830763,7501.9775,4.053637,0,,,,,875.3008365397022,0.00072233466,1033.7737906974185,0.000736748,0.012544195,0.038130656
0.9995469,0.0005403965,0,0.003714533,875.2991582013353,1033.7733918997494,5534,5826.005,3.1340482,817.4961,0.35876754,7496.41,4.0528703,0,,,,,875.2991582013353,0.00072423933,1033.7733918997494,0.00073850167,0.012541931,0.03815612
1.0010692,0.0005405507,0,0.0037145258,875.3004010974873,1033.7724772523293,5535,5834.5854,3.1348038,817.36664,0.35865462,7507.827,4.0540266,0,,,,,875.3004010974873,0.00072261994,1033.7724772523293,0.0007367964,0.012520305,0.038170114
1.0017626,0.0005406706,128,0.0037145182,875.3006238790362,1033.7713158478796,5536,5839.4404,3.1354716,817.115,0.3589793,7513.028,4.054926,128,,,,,875.3006238790362,0.00072262576,1033.7713158478796,0.0007365839,0.012877105,0.037761535
1.0023167,0.00054067705,128,0.0037145102,875.2991219218848,1033.770943924258,5537,5841.368,3.135662,817.9867,0.35851023,7517.183,4.0549746,128,,,,,875.2991219218848,0.0007216344,1033.770943924258,0.0007356292,0.012452568,0.038344614
0.9999599,0.00054019573,0,0.0037145019,875.2998662331024,1033.7753842306324,5538,5826.831,3.1332245,819.4762,0.3588368,7499.508,4.0513644,0,,,,,875.2998662331024,0.0007229258,1033.7753842306324,0.0007372991,0.011857151,0.039039373
1.0006201,0.00054043916,0,0.0037144932,875.2990975780293,1033.7721283203641,5539,5832.5547,3.1343353,818.10693,0.35827792,7504.4595,4.05319,0,,,,,875.2990975780293,0.0007231074,1033.7721283203641,0.00073713233,0.012165007,0.037680246
1.0007366,0.0005405989,0,0.0037144844,875.2998044885616,1033.7732541741348,5540,5832.481,3.1351233,816.53705,0.35868254,7505.333,4.054388,0,,,,,875.2998044885616,0.0007221325,1033.7732541741348,0.0007365087,0.012594111,0.037946507
1.0008199,0.00054067594,0,0.003714475,875.2985544845003,1033.7728675982444,5541,5832.638,3.1358497,817.00824,0.35900337,7505.9575,4.054966,0,,,,,875.2985544845003,0.00072293874,1033.7728675982444,0.00073722075,0.01196488,0.03858657
1.00066,0.00054050406,0,0.0037144655,875.2986668377332,1033.7731268429281,5542,5832.2397,3.1352386,818.71967,0.35810563,7504.758,4.053677,0,,,,,875.2986668377332,0.00072257745,1033.7731268429281,0.0007367869,0.011901223,0.03881347
1.0006164,0.0005404819,0,0.0037144555,875.2996344251928,1033.7734770526054,5543,5831.3164,3.1346886,817.73987,0.35829642,7504.432,4.0535107,0,,,,,875.2996344251928,0.0007241621,1033.7734770526054,0.00073848,0.012240446,0.038662035
1.0013678,0.0005404465,8192,0.0037144453,875.300294381412,1033.7719125782726,5544,5835.852,3.1345966,817.266,0.35843906,7510.067,4.053245,8192,,,,,875.300294381412,0.00072208024,1033.7719125782726,0.0007362196,0.011952143,0.038789388
1.0012156,0.00054038945,0,0.0037144346,875.2995486728591,1033.7716289098385,5545,5835.9697,3.134273,817.72986,0.3586589,7508.925,4.0528173,0,,,,,875.2995486728591,0.0007223548,1033.7716289098385,0.00073648285,0.012473064,0.038268834
1.0003215,0.0005403166,0,0.0037144236,875.3003335711057,1033.7740499000547,5546,5829.98,3.1334956,817.4663,0.35882473,7502.2197,4.0522714,0,,,,,875.3003335711057,0.00072345376,1033.7740499000547,0.00073772826,0.01247598,0.03879731
1.0013372,0.00054039294,0,0.0037144125,875.3011580662858,1033.77311309648,5547,5836.451,3.1341019,817.5636,0.35909566,7509.837,4.0528436,0,,,,,875.3011580662858,0.00072204217,1033.77311309648,0.0007361225,0.012630297,0.038892962
1.0011039,0.0005404554,0,0.0037144008,875.3009463942423,1033.774010579112,5548,5835.171,3.1345837,816.926,0.35889325,7508.0874,4.053312,0,,,,,875.3009463942423,0.0007230066,1033.774010579112,0.0007373961,0.012380158,0.039132923
1.0010567,0.0005406853,0,0.0037143887,875.3014063177243,1033.7727502917833,5549,5834.8496,3.1358178,817.45984,0.35882753,7507.7334,4.0550365,0,,,,,875.3014063177243,0.00072325085,1033.7727502917833,0.0007375974,0.012667492,0.038895316
1.0017512,0.0005408312,0,0.0037143766,875.300744751512,1033.7723695517825,5550,5839.402,3.136529,818.51776,0.35849836,7512.9424,4.0561304,0,,,,,875.300744751512,0.0007213845,1033.7723695517825,0.00073547923,0.012768258,0.038855746
1.0006611,0.0005405365,0,0.0037143638,875.3008362154774,1033.7741997656397,5551,5832.212,3.135041,818.68835,0.35844097,7504.767,4.0539203,0,,,,,875.3008362154774,0.0007230955,1033.7741997656397,0.000737565,0.012399403,0.039250948
1.0022856,0.0005405391,0,0.003714351,875.2999940567779,1033.7738839783103,5552,5839.603,3.1351073,817.83356,0.35863107,7516.95,4.05394,0,,,,,875.2999940567779,0.00072290935,1033.7738839783103,0.00073729834,0.0122475205,0.039897393
1.0016255,0.00054043153,0,0.0037143375,875.299779755355,1033.7747417358246,5553,5836.6,3.1346462,818.1438,0.35837203,7511.9995,4.053133,0,,,,,875.299779755355,0.0007223054,1033.7747417358246,0.00073664996,0.012106196,0.040023286
1.0018111,0.00054048677,0,0.003714324,875.3011227940988,1033.7725419695046,5554,5838.8105,3.1346202,817.7124,0.35839626,7513.392,4.0535474,0,,,,,875.3011227940988,0.00072009437,1033.7725419695046,0.0007342797,0.0130067095,0.039214715
1.0008258,0.00054041477,0,0.00371431,875.2987365046772,1033.7734076743868,5555,5832.2666,3.1340945,817.75134,0.35866588,7506.002,4.053007,0,,,,,875.2987365046772,0.00072330027,1033.7734076743868,0.0007375562,0.012948696,0.039414994
0.9993141,0.0005402562,8192,0.0037142958,875.2996462256326,1033.7745760440564,5556,5824.5674,3.1332896,818.5932,0.35814968,7494.6646,4.0518184,8192,,,,,875.2996462256326,0.0007243251,1033.7745760440564,0.0007387196,0.012960816,0.039484743
1.0012344,0.0005405332,0,0.0037142811,875.3007177370981,1033.7742991833952,5557,5836.362,3.134901,817.25,0.35905978,7509.0664,4.0538955,0,,,,,875.3007177370981,0.00072246627,1033.7742991833952,0.00073688396,0.013160784,0.03931646
1.0009075,0.00054050173,0,0.003714266,875.2999662137843,1033.7747203732602,5558,5832.8223,3.1347258,818.0929,0.3583019,7506.615,4.0536594,0,,,,,875.2999662137843,0.0007230105,1033.7747203732602,0.0007374577,0.012797912,0.03999949
1.0016191,0.0005405165,0,0.0037142509,875.2992759768816,1033.7752030602446,5559,5837.752,3.1349785,817.8567,0.35872176,7511.951,4.0537705,0,,,,,875.2992759768816,0.00072227843,1033.7752030602446,0.00073664705,0.012536892,0.040540807
1.0018063,0.00054048095,0,0.003714235,875.2986105160808,1033.7738586637945,5560,5838.9497,3.134808,817.07214,0.35860732,7513.3555,4.0535035,0,,,,,875.2986105160808,0.0007224569,1033.7738586637945,0.0007367381,0.012838466,0.040351417
1.0007637,0.00054045016,0,0.0037142192,875.2996689880298,1033.775319591919,5561,5831.5215,3.1344826,818.5488,0.35811356,7505.5356,4.0532727,0,,,,,875.2996689880298,0.00072320824,1033.775319591919,0.00073759817,0.012840766,0.040184516
1.0005132,0.0005404231,0,0.003714203,875.3009325081837,1033.773843770337,5562,5830.5312,3.1346004,817.35736,0.35890642,7503.6577,4.0530696,0,,,,,875.3009325081837,0.00072323706,1033.773843770337,0.00073766155,0.012437442,0.04091545
1.000636,0.00054045906,0,0.0037141861,875.3013923637668,1033.774599702576,5563,5831.987,3.134459,818.0305,0.3583404,7504.5786,4.0533395,0,,,,,875.3013923637668,0.00072275806,1033.774599702576,0.0007372731,0.012975502,0.040148526
1.0004902,0.00054040895,0,0.0037141691,875.2993818116906,1033.775453665994,5564,5829.7896,3.134248,816.9642,0.35848597,7503.485,4.0529637,0,,,,,875.2993818116906,0.000723765,1033.775453665994,0.0007382066,0.012704097,0.04017883
1.0005952,0.00054044684,0,0.003714152,875.3000732093428,1033.7737235346835,5565,5831.7456,3.1345608,818.1479,0.3582428,7504.2725,4.053248,0,,,,,875.3000732093428,0.0007233409,1033.7737235346835,0.0007377822,0.012770218,0.040050358
1.0008974,0.00054045254,0,0.0037141342,875.2990988873979,1033.7753438785203,5566,5833.251,3.1344678,817.452,0.35875246,7506.539,4.053291,0,,,,,875.2990988873979,0.0007237107,1033.7753438785203,0.00073812203,0.013011275,0.040223528
1.0017902,0.0005404997,0,0.0037141163,875.301083136433,1033.7766284297822,5567,5837.3813,3.1347523,821.2598,0.35876656,7513.2344,4.053644,0,,,,,875.301083136433,0.00072286866,1033.7766284297822,0.0007376389,0.013135776,0.040414743
1.0010961,0.00054028013,0,0.003714098,875.3002591703581,1033.7754944962023,5568,5833.7144,3.133763,817.69165,0.3585051,7508.03,4.0519977,0,,,,,875.3002591703581,0.0007229497,1033.7754944962023,0.0007374434,0.01287811,0.04097428
0.9999563,0.0005402837,0,0.0037140793,875.3006052419062,1033.7761653772293,5569,5826.8984,3.1338143,818.76697,0.3585325,7499.481,4.0520244,0,,,,,875.3006052419062,0.0007239114,1033.7761653772293,0.00073868176,0.012740725,0.04132594
0.99990344,0.0005404391,0,0.0037140604,875.2996341429955,1033.7738033885553,5570,5826.434,3.1344123,818.4301,0.358655,7499.0845,4.0531898,0,,,,,875.2996341429955,0.0007240505,1033.7738033885553,0.00073853775,0.013386495,0.040605113
0.99943185,0.00054049934,0,0.003714041,875.300436477952,1033.7753421170387,5571,5824.442,3.1349616,818.3716,0.3582837,7495.5474,4.053642,0,,,,,875.300436477952,0.0007237678,1033.7753421170387,0.0007385637,0.0128430575,0.04099827
1.000404,0.0005405726,0,0.0037140213,875.3001588986949,1033.7742650497376,5572,5830.128,3.1352873,819.16437,0.35880774,7502.8384,4.054191,0,,,,,875.3001588986949,0.00072291895,1033.7742650497376,0.0007374285,0.0132868765,0.04052101
1.0000428,0.00054038275,0,0.0037140013,875.3002994464211,1033.7747997625693,5573,5826.491,3.1343186,818.83716,0.35838726,7500.1294,4.0527673,0,,,,,875.3002994464211,0.0007236316,1033.7747997625693,0.00073821243,0.012816243,0.04174337
0.9994983,0.0005402243,0,0.003713981,875.3008903874263,1033.7765157487056,5574,5824.2036,3.133612,817.34937,0.35862255,7496.046,4.051579,0,,,,,875.3008903874263,0.00072288583,1033.7765157487056,0.0007376326,0.0125399,0.041811347
0.9994781,0.0005401362,0,0.0037139603,875.3010222412827,1033.776258153172,5575,5823.36,3.1330361,816.63135,0.35918036,7495.8945,4.050918,0,,,,,875.3010222412827,0.0007236242,1033.776258153172,0.0007383343,0.0126819555,0.041701946
1.0007366,0.0005402345,0,0.0037139393,875.3005417084365,1033.77589750593,5576,5830.058,3.1335394,818.07947,0.35874593,7505.333,4.0516553,0,,,,,875.3005417084365,0.00072314567,1033.77589750593,0.00073773443,0.012586688,0.042115793
1.0006399,0.00054023945,0,0.003713918,875.300133562004,1033.775307174329,5577,5830.26,3.1334355,816.96655,0.35904384,7504.608,4.0516925,0,,,,,875.300133562004,0.00072219636,1033.775307174329,0.0007365809,0.012924743,0.04193329
1.0003628,0.0005402653,0,0.0037138963,875.298888411231,1033.7763547259851,5578,5828.1704,3.1336336,818.68536,0.35839155,7502.5293,4.051886,0,,,,,875.298888411231,0.00072335056,1033.7763547259851,0.00073793967,0.013024136,0.041980285
0.99999577,0.0005404282,0,0.0037138744,875.3006665410267,1033.7756530101742,5579,5825.949,3.1347415,818.09625,0.35893944,7499.777,4.053108,0,,,,,875.3006665410267,0.00072325295,1033.7756530101742,0.00073776324,0.012886693,0.042224526
1.0003098,0.0005406195,8192,0.003713852,875.3003430803212,1033.775038058453,5580,5828.4756,3.1358309,817.30334,0.35846666,7502.132,4.0545425,8192,,,,,875.3003430803212,0.0007231224,1033.775038058453,0.00073784357,0.012945518,0.04201399
0.99964565,0.00054043846,0,0.0037138294,875.2994855052455,1033.774836268238,5581,5824.071,3.1346836,819.4022,0.35843375,7497.151,4.053185,0,,,,,875.2994855052455,0.00072419416,1033.774836268238,0.00073882594,0.013152349,0.04206728
0.99975604,0.0005403241,0,0.0037138064,875.3010266437111,1033.775515029018,5582,5824.898,3.133894,817.46545,0.35865223,7497.979,4.052327,0,,,,,875.3010266437111,0.0007238575,1033.775515029018,0.0007385079,0.013554267,0.041818157
1.0006534,0.000540381,0,0.003713783,875.3008118274885,1033.7748194493065,5583,5831.317,3.1342194,818.6667,0.35889208,7504.709,4.052754,0,,,,,875.3008118274885,0.00072309753,1033.7748194493065,0.00073757453,0.013543662,0.041505583
1.000929,0.0005403552,0,0.0037137594,875.3011564374891,1033.777379040333,5584,5831.0405,3.1340048,818.6954,0.35853797,7506.776,4.052561,0,,,,,875.3011564374891,0.0007234177,1033.777379040333,0.0007382675,0.013472732,0.04274381
1.0072219,0.0005426571,2176,0.0037137354,875.3020043624616,1033.776339703022,5585,5867.195,3.1476545,817.7431,0.3587042,7553.972,4.069824,2176,,,,,875.3020043624616,0.00071890466,1033.776339703022,0.0007334282,0.013004937,0.043164752
0.99987966,0.00054020336,0,0.003713711,875.2997599965615,1033.7755788447134,5586,5826.068,3.1333528,817.8954,0.35863045,7498.9062,4.0514216,0,,,,,875.2997599965615,0.0007234961,1033.7755788447134,0.00073793315,0.01364812,0.042270243
1.0003227,0.0005403312,0,0.0037136863,875.3020571660281,1033.7752742584214,5587,5828.0767,3.134038,818.3635,0.3585194,7502.229,4.0523806,0,,,,,875.3020571660281,0.0007228999,1033.7752742584214,0.0007375665,0.014041477,0.042136393
1.0017447,0.0005405575,0,0.0037136613,875.3003813884709,1033.7755412602855,5588,5836.1704,3.1353002,817.92065,0.3586116,7512.894,4.0540776,0,,,,,875.3003813884709,0.0007227478,1033.7755412602855,0.0007374122,0.0136427125,0.042381193
0.99979645,0.0005402483,0,0.003713636,875.3014046348322,1033.7772626245107,5589,5823.9165,3.133836,818.1409,0.35879418,7498.282,4.051759,0,,,,,875.3014046348322,0.00072335865,1033.7772626245107,0.00073834136,0.013070746,0.043091405
1.0012252,0.00054036325,0,0.0037136103,875.300537754825,1033.7744023461996,5590,5831.577,3.1342714,818.8832,0.35838363,7508.998,4.052621,0,,,,,875.300537754825,0.00072223664,1033.7744023461996,0.0007367893,0.013274912,0.043475322
1.0001636,0.00054028054,0,0.0037135843,875.300387405881,1033.7760455167063,5591,5826.808,3.1338546,817.66064,0.35898396,7501.035,4.0520005,0,,,,,875.300387405881,0.0007235697,1033.7760455167063,0.00073824293,0.013547994,0.043008283
0.99969274,0.0005403021,0,0.003713558,875.3015106459736,1033.7753527130585,5592,5824.7373,3.1339457,817.90424,0.35868716,7497.5044,4.052162,0,,,,,875.3015106459736,0.00072323147,1033.7753527130585,0.00073788693,0.013797749,0.042269595
1.0003589,0.0005403161,0,0.0037135312,875.2994855267896,1033.7767730785836,5593,5827.1787,3.133923,818.3264,0.35840422,7502.501,4.0522676,0,,,,,875.2994855267896,0.00072343834,1033.7767730785836,0.00073821447,0.013765711,0.042918425
0.99986863,0.00054026576,0,0.0037135042,875.3011080250628,1033.777331399329,5594,5825.0054,3.1336544,818.0634,0.35865566,7498.823,4.05189,0,,,,,875.3011080250628,0.0007239183,1033.777331399329,0.0007388693,0.013840981,0.042845316
0.99895245,0.0005402594,0,0.0037134767,875.300540910646,1033.7763662618909,5595,5820.4,3.13355,817.5873,0.35899174,7491.952,4.051842,0,,,,,875.300540910646,0.0007230826,1033.7763662618909,0.0007379563,0.013736618,0.04282761
0.9997021,0.0005402608,0,0.003713449,875.297495510643,1033.7765145231006,5596,5823.627,3.1336572,818.47974,0.35865355,7497.574,4.0518527,0,,,,,875.297495510643,0.00072348467,1033.7765145231006,0.0007378867,0.013404432,0.043069318
0.9997319,0.0005401519,0,0.003713421,875.3006028142851,1033.7771298546131,5597,5823.9526,3.1331103,819.1346,0.35814402,7497.798,4.051036,0,,,,,875.3006028142851,0.0007233347,1033.7771298546131,0.00073804246,0.01330173,0.0428942
0.9997211,0.0005401066,0,0.0037133927,875.3008104742858,1033.7763595738702,5598,5824.261,3.1329894,819.0695,0.35840762,7497.717,4.0506964,0,,,,,875.3008104742858,0.0007230329,1033.7763595738702,0.00073776965,0.013338183,0.0431874
0.99935013,0.0005401574,0,0.003713364,875.3021831461217,1033.7771279692056,5599,5820.746,3.1331306,818.6458,0.35883963,7494.9346,4.051077,0,,,,,875.3021831461217,0.00072360045,1033.7771279692056,0.00073859317,0.013600331,0.043786664
0.99745375,0.0005400886,0,0.003713335,875.2992264708982,1033.7777755211523,5600,5810.494,3.1327329,818.5454,0.35879716,7480.7124,4.050561,0,,,,,875.2992264708982,0.0007260563,1033.7777755211523,0.00074100227,0.013471357,0.043587837
0.9972357,0.0005401951,0,0.0037133056,875.3018087208209,1033.7754350366413,5601,5809.6016,3.1333463,818.48505,0.35863182,7479.077,4.0513597,0,,,,,875.3018087208209,0.000725305,1033.7754350366413,0.0007402362,0.013972764,0.04354481
0.9967562,0.0005400866,0,0.0037132758,875.3008155033743,1033.7780032506091,5602,5804.972,3.1326451,819.55817,0.35821697,7475.4805,4.050546,0,,,,,875.3008155033743,0.0007259231,1033.7780032506091,0.00074096577,0.013894372,0.044292245
0.9961062,0.0005400235,0,0.0037132457,875.3016122714796,1033.7763056526617,5603,5801.993,3.132162,819.92004,0.35839042,7470.606,4.0500727,0,,,,,875.3016122714796,0.0007257771,1033.7763056526617,0.00074070593,0.013982365,0.04409287
0.99653435,0.000539861,0,0.0037132155,875.3003330009856,1033.7777837608319,5604,5803.9473,3.131752,818.39795,0.3586661,7473.817,4.048854,0,,,,,875.3003330009856,0.0007252482,1033.7777837608319,0.00074019085,0.013448598,0.04491428
0.9974298,0.0005398545,0,0.0037131847,875.3005565932581,1033.7769828784094,5605,5807.61,3.1316285,818.7722,0.35832912,7480.5327,4.0488057,0,,,,,875.3005565932581,0.00072539,1033.7769828784094,0.00074026024,0.013267733,0.044911772
0.9990152,0.0005401431,0,0.0037125002,875.3014983761652,1033.7785013147281,5625,5816.804,3.1330392,818.93085,0.35863006,7492.423,4.05097,0,,,,,875.3014983761652,0.0007237975,1033.7785013147281,0.00073898246,0.014659679,0.04625928
0.99931264,0.00054023357,0,0.0037124625,875.3023214686023,1033.7789277372601,5626,5817.1377,3.13333,821.2521,0.3579134,7494.6533,4.051648,0,,,,,875.3023214686023,0.0007243173,1033.7789277372601,0.0007395577,0.014725491,0.046427134
0.9995068,0.000540067,0,0.0037124243,875.3022470001372,1033.7796389507537,5627,5818.82,3.1328692,818.97705,0.35825205,7496.1094,4.050399,0,,,,,875.3022470001372,0.00072357256,1033.7796389507537,0.0007387943,0.014599598,0.04716016
0.99911416,0.00053999346,0,0.003712386,875.3002633344643,1033.77923111177,5628,5815.797,3.1324787,820.7373,0.35859054,7493.165,4.0498476,0,,,,,875.3002633344643,0.00072368793,1033.77923111177,0.000738784,0.014356355,0.047478016
1.0002854,0.00054020307,0,0.0037123472,875.3018919573875,1033.777117068833,5629,5821.6943,3.1333268,819.6971,0.3579486,7501.9487,4.0514197,0,,,,,875.3018919573875,0.0007223954,1033.777117068833,0.0007376634,0.014762932,0.047270283
0.9999522,0.00054023106,0,0.0037123081,875.301836764323,1033.7792381613579,5630,5820.202,3.1336133,819.93304,0.35832092,7499.45,4.0516295,0,,,,,875.301836764323,0.00072350533,1033.7792381613579,0.00073883386,0.014767188,0.047271103
1.0000529,0.0005403639,0,0.0037122688,875.3004851379975,1033.7780279439344,5631,5820.186,3.1342254,819.1346,0.3588386,7500.2056,4.0526257,0,,,,,875.3004851379975,0.00072367844,1033.7780279439344,0.0007387511,0.014760747,0.04710921
0.99972355,0.00054023037,0,0.003712229,875.3025631844794,1033.7809317285771,5632,5817.055,3.1336637,819.39716,0.3583293,7497.7354,4.0516243,0,,,,,875.3025631844794,0.0007242018,1033.7809317285771,0.00073970057,0.014663395,0.047872208
1.0003073,0.00054026785,0,0.003712189,875.3024258586727,1033.778573379556,5633,5820.892,3.1339142,819.96423,0.35845682,7502.1133,4.0519056,0,,,,,875.3024258586727,0.00072320254,1033.778573379556,0.0007385186,0.014395473,0.048382286
0.99949706,0.0005401505,0,0.0037121484,875.3005493888634,1033.7798254624431,5634,5815.515,3.1332037,820.22473,0.35848022,7496.0366,4.0510254,0,,,,,875.3005493888634,0.00072468264,1033.7798254624431,0.00073988363,0.014349832,0.04896771
1.0005778,0.000540238,0,0.0037121077,875.300943784708,1033.7793093356997,5635,5821.792,3.1334348,818.92206,0.35908574,7504.142,4.0516815,0,,,,,875.300943784708,0.000723319,1033.7793093356997,0.0007385056,0.01478462,0.048112664
1.0015808,0.0005401983,0,0.0037120664,875.3021178942496,1033.7802377321284,5636,5827.9497,3.1335008,820.1521,0.35874867,7511.6646,4.051384,0,,,,,875.3021178942496,0.0007225045,1033.7802377321284,0.0007376989,0.014300987,0.047926284
1.0008317,0.00054007355,0,0.003712025,875.3010661304347,1033.7806091341267,5637,5822.8516,3.1327894,819.95123,0.3585493,7506.0464,4.0504484,0,,,,,875.3010661304347,0.000722874,1033.7806091341267,0.0007381998,0.014538025,0.04875739
0.99888766,0.0005399914,0,0.0037119833,875.3013154412292,1033.7800117623715,5638,5811.457,3.1322498,820.17926,0.3591026,7491.4663,4.0498323,0,,,,,875.3013154412292,0.0007235054,1033.7800117623715,0.0007387981,0.014564065,0.048664168
0.99934447,0.0005401531,0,0.0037119412,875.3010516366182,1033.778091520231,5639,5814.1377,3.1333916,820.5362,0.35918766,7494.892,4.051045,0,,,,,875.3010516366182,0.0007240125,1033.778091520231,0.0007392244,0.01406158,0.049007215
0.9991795,0.00054034486,0,0.0037118988,875.3018474923869,1033.781226407003,5640,5812.476,3.1343608,820.6722,0.35801187,7493.655,4.052483,0,,,,,875.3018474923869,0.00072373124,1033.781226407003,0.0007395414,0.014587218,0.04938823
0.99891794,0.0005402935,0,0.003711856,875.3020095044001,1033.7797517930135,5641,5810.5054,3.133971,820.2803,0.35904965,7491.6934,4.052098,0,,,,,875.3020095044001,0.0007241234,1033.7797517930135,0.0007397031,0.014472972,0.049345683
0.99963725,0.00054021366,0,0.003711813,875.3000807480591,1033.7817012442783,5642,5815.138,3.1336646,821.30176,0.35873303,7497.088,4.051499,0,,,,,875.3000807480591,0.0007245579,1033.7817012442783,0.0007401518,0.014594673,0.049777027
0.9994047,0.0005400638,0,0.0037117694,875.3003993114105,1033.7810466751966,5643,5812.797,3.1326842,821.64905,0.35852364,7495.344,4.050375,0,,,,,875.3003993114105,0.00072422484,1033.7810466751966,0.0007396619,0.014610661,0.049603473
0.99987495,0.0005399495,0,0.0037117256,875.3008104560569,1033.7814562115188,5644,5814.48,3.1324403,820.70685,0.3583934,7498.8706,4.049518,0,,,,,875.3008104560569,0.00072313705,1033.7814562115188,0.0007388203,0.014105448,0.0506389
0.9990406,0.00053983985,0,0.0037116816,875.3009328584844,1033.7823283247728,5645,5809.938,3.1318774,820.8727,0.3591841,7492.6133,4.0486956,0,,,,,875.3009328584844,0.0007248633,1033.7823283247728,0.0007404047,0.013743154,0.050717745
1.0003263,0.0005400251,0,0.003711637,875.3012162143555,1033.780878729267,5646,5816.932,3.1324651,820.3554,0.35887823,7502.2554,4.050085,0,,,,,875.3012162143555,0.00072295754,1033.780878729267,0.0007382227,0.014640838,0.05045608
1.0001256,0.0005401002,0,0.0037115924,875.3007353100272,1033.7814834292333,5647,5815.9624,3.1328342,821.3634,0.35899422,7500.7505,4.050648,0,,,,,875.3007353100272,0.0007238259,1033.7814834292333,0.0007392315,0.014660247,0.05041629
1.0003313,0.0005403304,0,0.0037115472,875.3009820689515,1033.7812585901436,5648,5817.7617,3.1341085,821.61383,0.35850304,7502.293,4.052375,0,,,,,875.3009820689515,0.00072416326,1033.7812585901436,0.0007397202,0.014405582,0.05002662
0.9991967,0.0005401734,0,0.0037115018,875.3017626141318,1033.781347049738,5649,5810.1836,3.133738,820.81866,0.35887045,7493.784,4.051197,0,,,,,875.3017626141318,0.0007240752,1033.781347049738,0.0007397916,0.014150582,0.050796174
0.99996275,0.0005401375,0,0.003711456,875.300987447954,1033.7809442402215,5650,5814.156,3.1332874,820.84296,0.35842186,7499.5293,4.050928,0,,,,,875.300987447954,0.0007238462,1033.7809442402215,0.0007393084,0.014201282,0.051089052
0.9999434,0.00054008054,8192,0.0037114099,875.3013854692749,1033.7811579848826,5651,5814.705,3.133032,820.78094,0.35850823,7499.384,4.050501,8192,,,,,875.3013854692749,0.0007239486,1033.7811579848826,0.0007394646,0.014155472,0.0510276
1.0004088,0.00054007827,0,0.0037113633,875.303382736026,1033.7822664193823,5652,5816.762,3.1329293,819.64813,0.35814145,7502.8745,4.0504837,0,,,,,875.303382736026,0.000723476,1033.7822664193823,0.00073926913,0.014283329,0.051389083
1.000899,0.0005401123,0,0.0037113165,875.3032357795232,1033.782255048658,5653,5819.166,3.13342,820.8616,0.35886335,7506.5503,4.050739,0,,,,,875.3032357795232,0.0007231261,1033.782255048658,0.00073894253,0.014139645,0.051780853
0.99985445,0.00054002565,0,0.0037112695,875.3024389610613,1033.7825614582866,5654,5814.0386,3.1327386,821.80884,0.35865408,7498.717,4.050089,0,,,,,875.3024389610613,0.000723913,1033.7825614582866,0.0007396428,0.014205759,0.051127624
1.0007678,0.00054005336,0,0.003711222,875.3010560557036,1033.7835144410026,5655,5818.094,3.1331587,820.6276,0.35910073,7505.5674,4.050297,0,,,,,875.3010560557036,0.0007235942,1033.7835144410026,0.0007392734,0.013776343,0.051435407
1.0004928,0.00054014655,0,0.0037111742,875.3012335617442,1033.7835456599748,5656,5817.2954,3.13336,820.2473,0.35907075,7503.5044,4.050996,0,,,,,875.3012335617442,0.0007240788,1033.7835456599748,0.00073981745,0.014680747,0.0511792
1.0010524,0.00054015114,0,0.003711126,875.3004599345136,1033.7826825363893,5657,5820.718,3.1333332,819.64026,0.3585059,7507.7017,4.05103,0,,,,,875.3004599345136,0.0007234468,1033.7826825363893,0.0007389932,0.014542479,0.05178056
0.9998164,0.00054006354,0,0.0037110776,875.3028513979805,1033.7828646743492,5658,5812.683,3.1325176,821.4014,0.35821778,7498.4316,4.050373,0,,,,,875.3028513979805,0.00072252046,1033.7828646743492,0.0007384138,0.0149476165,0.051184457
1.0005378,0.0005400562,0,0.0037110287,875.3031993110317,1033.7822739826154,5659,5817.197,3.132779,819.3431,0.35869467,7503.8413,4.0503182,0,,,,,875.3031993110317,0.00072293193,1033.7822739826154,0.0007386662,0.014733792,0.051777422
1.0001864,0.00054009876,8192,0.0037109796,875.3022247880224,1033.7831199816897,5660,5815.7188,3.1331115,819.59576,0.35834894,7501.207,4.0506372,8192,,,,,875.3022247880224,0.0007236286,1033.7831199816897,0.0007395405,0.015251968,0.051908433
1.0002577,0.00054019387,0,0.0037109302,875.3013993046695,1033.7844283719978,5661,5815.1323,3.133457,819.77844,0.35867995,7501.741,4.0513506,0,,,,,875.3013993046695,0.0007237767,1033.7844283719978,0.0007397038,0.015128687,0.052099623
1.0007504,0.0005402731,0,0.0037108804,875.2996771996761,1033.782269204994,5662,5818.642,3.133898,820.04266,0.35929352,7505.437,4.0519447,0,,,,,875.2996771996761,0.0007233885,1033.782269204994,0.00073902396,0.014912208,0.052032776
1.0000443,0.0005400609,0,0.0037108301,875.3031026656324,1033.7826023640796,5663,5814.5166,3.133254,820.3365,0.35873324,7500.141,4.0503535,0,,,,,875.3031026656324,0.0007239674,1033.7826023640796,0.0007398449,0.014815632,0.052158963
1.0006697,0.00054008135,0,0.0037107796,875.3001814020733,1033.7820997462968,5664,5817.0,3.133324,819.7393,0.35883534,7504.8315,4.0505066,0,,,,,875.3001814020733,0.0007223372,1033.7820997462968,0.0007378918,0.014548824,0.052854136
0.9997146,0.0005400031,0,0.0037107288,875.3015130077349,1033.7824027560796,5665,5812.1787,3.1326137,819.697,0.35854784,7497.6685,4.04992,0,,,,,875.3015130077349,0.0007234641,1033.7824027560796,0.00073915144,0.014998819,0.05235392
1.0023762,0.0005401886,0,0.0037106778,875.3016569572891,1033.7826763527382,5666,5827.721,3.133767,821.1119,0.35865337,7517.6294,4.051311,0,,,,,875.3016569572891,0.000721864,1033.7826763527382,0.00073747936,0.0152275115,0.05205856
1.0011066,0.0005399848,0,0.0037106262,875.3022165941456,1033.78292122002,5667,5819.209,3.1324532,820.9522,0.3581235,7508.1084,4.0497828,0,,,,,875.3022165941456,0.0007229305,1033.78292122002,0.00073876855,0.0150519945,0.052603375
1.0003282,0.0005399873,0,0.0037105745,875.3028550675062,1033.7840573404349,5668,5815.136,3.1324213,819.9938,0.35868287,7502.2695,4.0498013,0,,,,,875.3028550675062,0.0007232132,1033.7840573404349,0.0007391627,0.015433945,0.052563243
0.99987996,0.0005400843,0,0.0037105223,875.3019681492293,1033.7839015105155,5669,5813.419,3.133032,821.38934,0.358605,7498.908,4.050529,0,,,,,875.3019681492293,0.00072356337,1033.7839015105155,0.00073945033,0.01522035,0.052375283
1.0009177,0.0005403572,0,0.0037104697,875.3022642089916,1033.7838056480134,5670,5817.954,3.1345778,820.484,0.35826644,7506.6914,4.0525756,0,,,,,875.3022642089916,0.00072309293,1033.7838056480134,0.00073930516,0.015073998,0.053190127
1.0001261,0.0005403295,0,0.0037104168,875.3025651610826,1033.7826598145207,5671,5814.6504,3.134266,819.33124,0.35897744,7500.755,4.0523677,0,,,,,875.3025651610826,0.0007232802,1033.7826598145207,0.0007392829,0.015389066,0.052601613
1.0013291,0.00054030406,0,0.0037103638,875.3016451631938,1033.7844556401656,5672,5821.831,3.1343966,820.6328,0.358833,7509.7764,4.052177,0,,,,,875.3016451631938,0.00072279485,1033.7844556401656,0.00073896936,0.015475362,0.0531116
0.9996553,0.00054008135,0,0.0037103102,875.3014458289016,1033.7827916253564,5673,5811.5273,3.132812,820.9103,0.35890856,7497.2236,4.0505066,0,,,,,875.3014458289016,0.0007234532,1033.7827916253564,0.0007394163,0.015464772,0.05293021
1.0017531,0.00054030836,128,0.0037102564,875.3026617621607,1033.7833542630979,5674,5824.101,3.1342483,820.2791,0.35851043,7512.9565,4.0522094,128,,,,,875.3026617621607,0.00072217593,1033.7833542630979,0.000738063,0.015694208,0.053060453
1.0002025,0.0005399637,0,0.0037102022,875.3025445891993,1033.7842127064368,5675,5815.271,3.132385,820.6232,0.3583943,7501.3276,4.0496244,0,,,,,875.3025445891993,0.0007235188,1033.7842127064368,0.000739531,0.015393737,0.05317334
1.0002164,0.00053993595,0,0.0037101477,875.3014167827348,1033.7827894528227,5676,5813.699,3.1322165,820.8411,0.35882595,7501.431,4.049416,0,,,,,875.3014167827348,0.0007231894,1033.7827894528227,0.0007387969,0.015069502,0.053703234
1.0004276,0.0005400222,0,0.003710093,875.3020566343632,1033.7842615216464,5677,5815.8647,3.1327012,820.444,0.35864908,7503.0156,4.050063,0,,,,,875.3020566343632,0.00072335947,1033.7842615216464,0.00073933706,0.015161183,0.053319983
1.0008148,0.00054019596,0,0.0037100378,875.3033897887959,1033.783637623648,5678,5818.586,3.1338856,820.41943,0.3585562,7505.9194,4.0513663,0,,,,,875.3033897887959,0.0007227717,1033.783637623648,0.00073882955,0.015317102,0.053414278
1.0007277,0.0005403991,0,0.0037099821,875.3031893142447,1033.783179709916,5679,5816.7188,3.1347716,820.7289,0.35865507,7505.266,4.05289,0,,,,,875.3031893142447,0.00072291197,1033.783179709916,0.0007391214,0.015250653,0.053702656
1.000344,0.00054023555,0,0.0037099263,875.302577594889,1033.7831851730143,5680,5815.7393,3.1338503,821.19714,0.35857868,7502.389,4.0516634,0,,,,,875.302577594889,0.0007233169,1033.7831851730143,0.000739288,0.01573434,0.05358097
1.0011954,0.00054016797,0,0.0037098702,875.303137564317,1033.783097950983,5681,5821.092,3.1335669,819.6756,0.358423,7508.7744,4.0511565,0,,,,,875.303137564317,0.0007222127,1033.783097950983,0.0007382309,0.015381963,0.053172704
0.999906,0.0005400025,0,0.0037098136,875.3018842882361,1033.7853250567998,5682,5811.9746,3.1326566,821.17847,0.3583323,7499.1035,4.0499153,0,,,,,875.3018842882361,0.000723357,1033.7853250567998,0.00073950045,0.015171867,0.05420736
1.0006131,0.000540022,0,0.0037097568,875.3012545681655,1033.7850555431894,5683,5816.8813,3.1330166,820.9989,0.35807705,7504.4067,4.0500617,0,,,,,875.3012545681655,0.0007232108,1033.7850555431894,0.0007392091,0.014728352,0.054221064
1.0000936,0.00053987355,0,0.0037096995,875.3008114831104,1033.783580588675,5684,5813.82,3.1323838,820.286,0.3584209,7500.5103,4.0489483,0,,,,,875.3008114831104,0.0007233936,1033.783580588675,0.00073910865,0.014727109,0.05442353
1.0004003,0.00053997367,0,0.003709642,875.3017315549894,1033.7849133995403,5685,5814.762,3.132566,820.2011,0.35887548,7502.811,4.0496993,0,,,,,875.3017315549894,0.0007230473,1033.7849133995403,0.000738986,0.015150563,0.054551084
1.0002671,0.00054007594,0,0.0037095842,875.3028688910845,1033.783874003946,5686,5815.2314,3.1329615,820.66016,0.358276,7501.8125,4.050466,0,,,,,875.3028688910845,0.0007232403,1033.783874003946,0.00073915534,0.015411522,0.053637043
0.99985677,0.0005399744,0,0.003709526,875.3038220960004,1033.7842255796575,5687,5812.491,3.1327116,820.9302,0.35828492,7498.7344,4.049705,0,,,,,875.3038220960004,0.0007227814,1033.7842255796575,0.00073895266,0.015234333,0.0546226
1.0003558,0.00053996255,0,0.0037094676,875.3015822910025,1033.784816655233,5688,5813.6377,3.132733,820.7562,0.35829118,7502.4775,4.049616,0,,,,,875.3015822910025,0.0007236409,1033.784816655233,0.0007397092,0.0148402015,0.055072933
1.0003762,0.00053991086,0,0.0037094087,875.3016317676565,1033.7849636455494,5689,5814.5283,3.1327395,820.6887,0.3589519,7502.6304,4.049228,0,,,,,875.3016317676565,0.00072297844,1033.7849636455494,0.0007390635,0.014982892,0.05527429
1.0003729,0.00053992646,0,0.0037093493,875.3023772851905,1033.7851288396323,5690,5814.5938,3.1327708,819.898,0.35889176,7502.605,4.049345,0,,,,,875.3023772851905,0.000721936,1033.7851288396323,0.0007378992,0.015059185,0.055322226
0.999865,0.0005399637,0,0.00370929,875.3024475041339,1033.7854622507316,5691,5810.1123,3.1327443,820.04333,0.35878834,7498.796,4.0496244,0,,,,,875.3024475041339,0.0007233509,1033.7854622507316,0.0007395302,0.015366706,0.055772018
1.0001327,0.00054002163,0,0.00370923,875.3022615590312,1033.7859885243727,5692,5812.841,3.1331303,820.78125,0.35853955,7500.8037,4.050059,0,,,,,875.3022615590312,0.000723983,1033.7859885243727,0.00074031117,0.015206004,0.055418223
1.0004308,0.0005400347,0,0.0037091698,875.3018462044344,1033.7851554404165,5693,5814.612,3.133151,820.1787,0.358119,7503.04,4.050157,0,,,,,875.3018462044344,0.00072373764,1033.7851554404165,0.0007399062,0.015258812,0.055257794
1.0003772,0.0005400472,0,0.0037091093,875.3023905252992,1033.784639609409,5694,5813.352,3.1330237,820.9808,0.35856557,7502.637,4.0502505,0,,,,,875.3023905252992,0.00072288915,1033.784639609409,0.0007390839,0.015410028,0.055344388
0.9989848,0.0005398525,0,0.0037090485,875.3014546037798,1033.784936755696,5695,5806.709,3.1321342,820.5456,0.35862622,7492.195,4.0487905,0,,,,,875.3014546037798,0.0007240464,1033.784936755696,0.00074008584,0.015107572,0.05529001
0.9990576,0.0005398191,0,0.0037089873,875.3006962718371,1033.7851586135118,5696,5807.111,3.1317067,820.2185,0.35857695,7492.7407,4.04854,0,,,,,875.3006962718371,0.00072439987,1033.7851586135118,0.0007403873,0.015607291,0.05555931
0.99945,0.00053983147,0,0.0037089256,875.3030210607872,1033.7855003456712,5697,5808.909,3.131592,819.8686,0.35870898,7495.684,4.0486326,0,,,,,875.3030210607872,0.00072343124,1033.7855003456712,0.00073954446,0.015795853,0.055367954
0.99926496,0.00053986826,0,0.0037088636,875.3017556880748,1033.7864783057416,5698,5808.9688,3.131915,821.11017,0.3589324,7494.296,4.0489087,0,,,,,875.3017556880748,0.0007231244,1033.7864783057416,0.0007392973,0.015907431,0.055066627
0.9995676,0.0005399792,0,0.0037088015,875.3027551779842,1033.7846638820126,5699,5810.818,3.1326773,820.47754,0.35846713,7496.566,4.049741,0,,,,,875.3027551779842,0.000724107,1033.7846638820126,0.0007403024,0.0157508,0.05480039
1.000107,0.0005402111,0,0.003708739,875.3016879473141,1033.7860480489935,5700,5812.9365,3.1336734,820.03754,0.35838434,7500.612,4.05148,0,,,,,875.3016879473141,0.0007232711,1033.7860480489935,0.0007397545,0.016047658,0.05539081
0.99849826,0.0005401202,0,0.003708676,875.3025390126727,1033.785259106883,5701,5804.234,3.1332233,820.26074,0.3584931,7488.546,4.050798,0,,,,,875.3025390126727,0.00072477764,1033.785259106883,0.0007412508,0.01637696,0.055746846
0.9992776,0.0005400861,0,0.0037086129,875.301116223603,1033.785357876697,5702,5808.239,3.1331582,820.2711,0.35885844,7494.3906,4.0505424,0,,,,,875.301116223603,0.0007239638,1033.785357876697,0.00074019254,0.015872173,0.055928215
0.99905246,0.0005400013,0,0.0037085493,875.3019402040995,1033.7849242317834,5703,5806.7397,3.132365,820.4181,0.3584733,7492.702,4.0499067,0,,,,,875.3019402040995,0.00072415045,1033.7849242317834,0.0007402785,0.015984338,0.054971457
1.0001829,0.00054005726,0,0.0037084853,875.3045639472266,1033.7857302969248,5704,5814.8423,3.1327643,820.45276,0.358661,7501.1797,4.050326,0,,,,,875.3045639472266,0.0007231947,1033.7857302969248,0.00073955226,0.016396446,0.05479716
0.99986464,0.0005398963,0,0.0037084213,875.3028672047238,1033.7846798743942,5705,5812.4844,3.1320019,820.9454,0.35872707,7498.7935,4.049119,0,,,,,875.3028672047238,0.00072393054,1033.7846798743942,0.0007400729,0.016307905,0.055262256
1.0000015,0.0005398655,0,0.0037083565,875.302081946636,1033.7853782421903,5706,5811.844,3.1317666,820.3651,0.3590047,7499.8203,4.048888,0,,,,,875.302081946636,0.00072309194,1033.7853782421903,0.0007391548,0.015929315,0.055924438
0.9998883,0.0005399234,0,0.0037082916,875.3024653685316,1033.786248250737,5707,5812.849,3.1321075,821.0002,0.358308,7498.9707,4.049322,0,,,,,875.3024653685316,0.00072404236,1033.786248250737,0.00074030587,0.016229702,0.055159297
0.99987346,0.0005401147,0,0.0037082264,875.30395076268,1033.7847473644529,5708,5812.41,3.1330228,820.2801,0.3584341,7498.8594,4.050757,0,,,,,875.30395076268,0.0007233664,1033.7847473644529,0.0007396612,0.016633186,0.05524149
0.99956197,0.00054030854,8192,0.003708161,875.3014711055084,1033.7847421111467,5709,5809.792,3.1342208,820.8333,0.35835254,7496.5234,4.052211,8192,,,,,875.3014711055084,0.0007239764,1033.7847421111467,0.00074019673,0.016303778,0.05535854
1.0002291,0.00054027425,0,0.003708095,875.3025769252197,1033.7853094276738,5710,5814.8076,3.134166,820.94464,0.35844314,7501.5273,4.0519533,0,,,,,875.3025769252197,0.0007233774,1033.7853094276738,0.0007397688,0.016594106,0.055315737
0.9994514,0.0005400396,0,0.0037080287,875.3030953714424,1033.7843914455802,5711,5809.59,3.1326637,820.7461,0.35886103,7495.6943,4.050194,0,,,,,875.3030953714424,0.00072373723,1033.7843914455802,0.00073998986,0.01635857,0.05539614
0.99953693,0.00053987507,0,0.003707962,875.3025838666993,1033.7865225710188,5712,5808.6484,3.1321115,820.1259,0.3590345,7496.3354,4.0489597,0,,,,,875.3025838666993,0.0007235486,1033.7865225710188,0.000739908,0.016158717,0.05632317
1.0002569,0.00053993403,0,0.0037078953,875.3029081827451,1033.7874421386855,5713,5812.9375,3.1326575,820.62787,0.3584178,7501.735,4.0494018,0,,,,,875.3029081827451,0.0007237765,1033.7874421386855,0.0007404455,0.01584969,0.05687823
0.99994653,0.000539862,0,0.003707828,875.3046072483049,1033.785830804457,5714,5810.552,3.1322684,820.5601,0.35877505,7499.4077,4.048862,0,,,,,875.3046072483049,0.00072382274,1033.785830804457,0.0007402135,0.015575975,0.057026915
1.0008142,0.00053990853,0,0.0037077605,875.3017116884662,1033.7873392568008,5715,5814.8223,3.1324902,820.22266,0.35873413,7505.915,4.0492105,0,,,,,875.3017116884662,0.0007230689,1033.7873392568008,0.0007393591,0.015735148,0.05749219
0.9999203,0.0005399557,0,0.0037076925,875.3036234977442,1033.7866142730165,5716,5811.022,3.132462,821.73016,0.35838565,7499.211,4.0495644,0,,,,,875.3036234977442,0.0007235646,1033.7866142730165,0.0007399934,0.016119687,0.057107486
0.9986299,0.000539909,0,0.0037076243,875.3028283752612,1033.785917307604,5717,5803.5186,3.1322386,821.23364,0.3590609,7489.533,4.0492144,0,,,,,875.3028283752612,0.00072435563,1033.785917307604,0.0007406166,0.016487995,0.05697465
0.9992045,0.0005399312,0,0.0037075556,875.3031514107521,1033.786155908744,5718,5806.6895,3.1324244,821.0703,0.35906202,7493.843,4.0493803,0,,,,,875.3031514107521,0.0007241943,1033.786155908744,0.00074056804,0.016300477,0.05694066
0.9991286,0.000539855,0,0.0037074867,875.3037468442288,1033.7866594758411,5719,5806.643,3.1319988,821.5307,0.35831448,7493.273,4.048809,0,,,,,875.3037468442288,0.0007238142,1033.7866594758411,0.00074003707,0.016308244,0.057036128
0.99837965,0.0005398042,0,0.0037074175,875.3038731655736,1033.7859868199607,5720,5802.1074,3.1315753,821.899,0.35828972,7487.6562,4.0484285,0,,,,,875.3038731655736,0.0007243272,1033.7859868199607,0.0007407592,0.016674738,0.056870863
0.99862087,0.00053985795,0,0.003707348,875.3026692876789,1033.7874712825087,5721,5802.4043,3.131993,821.79315,0.35830384,7489.4653,4.0488315,0,,,,,875.3026692876789,0.00072467106,1033.7874712825087,0.0007412838,0.016434297,0.05777672
0.9993275,0.00054001086,0,0.0037072778,875.305811482873,1033.7865307905845,5722,5807.7007,3.1325538,820.8063,0.35843244,7494.7646,4.0499783,0,,,,,875.305811482873,0.0007237391,1033.7865307905845,0.00074043823,0.016945148,0.05734934
0.9985308,0.0005398895,0,0.0037072075,875.3047479761418,1033.7877118975719,5723,5802.1875,3.1318285,821.40784,0.3586844,7488.79,4.049068,0,,,,,875.3047479761418,0.0007242545,1033.7877118975719,0.0007410087,0.01678565,0.057878613
0.99914193,0.00053989096,0,0.003707137,875.3051523634459,1033.7874973396233,5724,5805.637,3.132168,820.84375,0.35872987,7493.373,4.049079,0,,,,,875.3051523634459,0.0007240287,1033.7874973396233,0.00074073527,0.016630994,0.05780367
0.998732,0.00053983513,0,0.0037070662,875.3019775392108,1033.786771797224,5725,5804.0366,3.1319587,821.18744,0.3583285,7490.299,4.0486603,0,,,,,875.3019775392108,0.0007241278,1033.786771797224,0.0007405696,0.016789958,0.057909682
0.9999602,0.00053990225,0,0.0037069947,875.3046421490637,1033.785681360287,5726,5810.255,3.132189,821.08026,0.3584536,7499.51,4.0491633,0,,,,,875.3046421490637,0.0007238638,1033.785681360287,0.0007402989,0.016684758,0.0577347
0.99869424,0.0005397785,0,0.0037069232,875.3045712057988,1033.7881793914232,5727,5802.885,3.1312702,821.8366,0.35839182,7490.0156,4.0482354,0,,,,,875.3045712057988,0.00072406925,1033.7881793914232,0.00074077543,0.016464252,0.05796092
0.9993673,0.0005398355,0,0.0037068513,875.3045662429744,1033.7864189948846,5728,5807.401,3.1317334,821.2321,0.35829875,7495.0635,4.0486627,0,,,,,875.3045662429744,0.00072339515,1033.7864189948846,0.00073986565,0.017126493,0.057719674
0.99799687,0.00053984125,0,0.0037067789,875.30419094537,1033.7863620224716,5729,5798.8784,3.1315336,820.6134,0.35897565,7484.7856,4.048706,0,,,,,875.30419094537,0.00072465854,1033.7863620224716,0.00074115855,0.016960481,0.057818886
0.9987711,0.00053993723,0,0.0037067062,875.303045698211,1033.7868432745681,5730,5802.832,3.1324227,821.39453,0.35807598,7490.592,4.049426,0,,,,,875.303045698211,0.00072400924,1033.7868432745681,0.0007405075,0.016725728,0.058518328
0.9986619,0.000540041,0,0.0037066333,875.302602203084,1033.787731082381,5731,5802.553,3.1328232,820.2804,0.35827157,7489.773,4.0502043,0,,,,,875.302602203084,0.0007242904,1033.787731082381,0.00074087764,0.016724318,0.05842293
0.99864656,0.0005400203,0,0.00370656,875.3042821800846,1033.7870397780607,5732,5802.4434,3.1326401,820.9157,0.35887572,7489.658,4.050049,0,,,,,875.3042821800846,0.00072402036,1033.7870397780607,0.0007407166,0.017229956,0.05840418
0.99793714,0.00053988403,0,0.0037064864,875.3043867651731,1033.7870747048091,5733,5797.8784,3.1318352,821.4004,0.35816154,7484.3374,4.049027,0,,,,,875.3043867651731,0.0007253633,1033.7870747048091,0.00074206956,0.017100213,0.05872893
0.9990535,0.000539906,0,0.0037064124,875.3041505554718,1033.7869145459954,5734,5805.7197,3.132038,820.73785,0.3586447,7492.71,4.0491915,0,,,,,875.3041505554718,0.00072355947,1033.7869145459954,0.00074020465,0.017218659,0.058314424
0.9991234,0.0005397783,0,0.0037063381,875.3035537582693,1033.7882390492946,5735,5804.9126,3.1314886,822.6306,0.35824394,7493.2344,4.048234,0,,,,,875.3035537582693,0.0007245077,1033.7882390492946,0.0007411709,0.017007412,0.058419567
0.9995605,0.00053979614,0,0.0037062636,875.30320378342,1033.7877230006338,5736,5807.695,3.1314437,821.5636,0.3587485,7496.512,4.0483675,0,,,,,875.30320378342,0.00072374905,1033.7877230006338,0.00074023876,0.016980082,0.059104767
0.9983247,0.00053953193,0,0.0037061886,875.304061276132,1033.7880738486492,5737,5799.726,3.1308541,821.9108,0.3585692,7487.244,4.0463862,0,,,,,875.304061276132,0.0007234401,1033.7880738486492,0.0007400227,0.016094837,0.060037795
0.99928194,0.00053988263,0,0.0037061132,875.3025971785594,1033.7884330667844,5738,5804.6875,3.1322298,821.3823,0.3585601,7494.4233,4.0490165,0,,,,,875.3025971785594,0.00072470156,1033.7884330667844,0.0007414929,0.016794294,0.059529975
1.0000432,0.00054046506,0,0.0037060378,875.3040652029024,1033.787134718563,5739,5809.9775,3.135467,821.1576,0.3585824,7500.132,4.0533843,0,,,,,875.3040652029024,0.0007240267,1033.787134718563,0.00074079883,0.017226733,0.0588946
0.9992283,0.000540203,0,0.0037059616,875.303910422037,1033.7871111735974,5740,5805.8735,3.133856,821.0748,0.35863778,7494.021,4.0514193,0,,,,,875.303910422037,0.00072315836,1033.7871111735974,0.0007399422,0.017147873,0.059052434
0.9983367,0.0005401183,0,0.0037058855,875.3053040693148,1033.7870505768674,5741,5799.462,3.1332135,821.4213,0.35868317,7487.334,4.050784,0,,,,,875.3053040693148,0.0007242179,1033.7870505768674,0.00074093824,0.017275786,0.059036337
0.9994601,0.0005398972,0,0.0037058087,875.3049357345348,1033.7886610166204,5742,5806.442,3.1320832,820.5622,0.35886693,7495.7593,4.0491257,0,,,,,875.3049357345348,0.00072406896,1033.7886610166204,0.0007408577,0.017551785,0.059027858
0.9990663,0.00053984846,0,0.0037057318,875.3054249870297,1033.7876023451645,5743,5804.1006,3.1317701,821.8566,0.35820672,7492.806,4.04876,0,,,,,875.3054249870297,0.000723222,1033.7876023451645,0.0007399938,0.017290886,0.05913928
0.99915653,0.00053977314,0,0.0037056545,875.3027703545844,1033.789902343532,5744,5803.2256,3.13152,820.98444,0.3589223,7493.483,4.0481954,0,,,,,875.3027703545844,0.0007241221,1033.789902343532,0.000740856,0.017116973,0.06025689
0.99863106,0.00053969753,0,0.0037055768,875.3020728378551,1033.7886698354312,5745,5800.569,3.1311476,821.4167,0.35826248,7489.542,4.0476284,0,,,,,875.3020728378551,0.0007235421,1033.7886698354312,0.0007397556,0.017192448,0.06009923
0.99998075,0.00054029445,0,0.0037054988,875.3057458052183,1033.7881512458093,5746,5808.89,3.1344564,821.7453,0.3587534,7499.664,4.052105,0,,,,,875.3057458052183,0.00072293106,1033.7881512458093,0.0007396915,0.017378738,0.059819035
0.99888474,0.00053990167,0,0.0037054205,875.3042018845125,1033.788339675721,5747,5801.4253,3.1321225,822.21564,0.3580209,7491.4443,4.049159,0,,,,,875.3042018845125,0.00072411844,1033.788339675721,0.00074097706,0.017160065,0.06005576
0.99948794,0.0005401549,0,0.0037053418,875.3043304861592,1033.7875713950673,5748,5805.677,3.133805,822.2102,0.35840532,7495.9683,4.051059,0,,,,,875.3043304861592,0.0007234632,1033.7875713950673,0.00074015924,0.017278317,0.06052173
0.99942666,0.00053994736,0,0.003705263,875.3045582198883,1033.788264834553,5749,5805.949,3.132308,821.8082,0.35815904,7495.509,4.049502,0,,,,,875.3045582198883,0.00072399044,1033.788264834553,0.0007409062,0.017342648,0.05994992
0.9989352,0.00054010074,0,0.0037051835,875.3049741213626,1033.7889753089967,5750,5802.296,3.1329746,822.62524,0.35841423,7491.8228,4.050652,0,,,,,875.3049741213626,0.00072381133,1033.7889753089967,0.000740626,0.017527651,0.059947036
0.99992883,0.0005403803,0,0.0037051039,875.3044046546884,1033.7876628918978,5751,5807.9844,3.1345522,822.9699,0.35814828,7499.275,4.0527487,0,,,,,875.3044046546884,0.00072395685,1033.7876628918978,0.00074067264,0.017613018,0.060031198
0.9994921,0.0005402793,0,0.0037050238,875.3037731278094,1033.7896995348146,5752,5805.2896,3.1345165,822.2198,0.35858205,7495.9995,4.0519915,0,,,,,875.3037731278094,0.0007244376,1033.7896995348146,0.00074136356,0.017282242,0.060737222
0.999482,0.00053975685,0,0.0037049435,875.3044348270405,1033.7889271716647,5753,5803.578,3.1317585,821.38196,0.35897702,7495.9233,4.048073,0,,,,,875.3044348270405,0.00072370353,1033.7889271716647,0.00074057514,0.016978133,0.061293256
0.99935097,0.00054011494,0,0.003704863,875.3027934208524,1033.7900888968175,5754,5802.9424,3.1337903,821.63965,0.35863295,7494.941,4.050759,0,,,,,875.3027934208524,0.0007240563,1033.7900888968175,0.00074094726,0.016828395,0.061744306
1.0014095,0.00054022466,0,0.0037047819,875.303489416357,1033.7863411299888,5755,5815.51,3.1343284,822.0395,0.35874856,7510.38,4.0515814,0,,,,,875.303489416357,0.000722561,1033.7863411299888,0.00073901407,0.017105669,0.06114768
0.99881554,0.0005396963,0,0.0037047006,875.3038513412138,1033.790269910007,5756,5799.145,3.1313682,822.3342,0.3582033,7490.9253,4.047619,0,,,,,875.3038513412138,0.0007244298,1033.790269910007,0.000741475,0.016823199,0.061449513
0.9996109,0.0005401167,0,0.003704619,875.3058932612806,1033.7907966773441,5757,5804.0854,3.1337976,823.04095,0.35856465,7496.8906,4.0507717,0,,,,,875.3058932612806,0.0007231796,1033.7907966773441,0.00074029755,0.016802361,0.061775587
0.9989169,0.0005396507,0,0.003704537,875.3041282907154,1033.7896083245673,5758,5800.7007,3.1311965,821.83905,0.35842746,7491.6855,4.047277,0,,,,,875.3041282907154,0.0007236873,1033.7896083245673,0.00074055843,0.016680522,0.061807994
0.9963254,0.0005394098,0,0.0037044545,875.3027057936839,1033.7896406883233,5759,5784.3364,3.1298704,820.9857,0.35879546,7472.2495,4.04547,0,,,,,875.3027057936839,0.00072572374,1033.7896406883233,0.0007425859,0.016410302,0.06205515
0.9837337,0.00053821394,0,0.0037043719,875.303211969026,1033.7885616319281,5760,5711.413,3.1232708,822.8988,0.35901168,7377.8145,4.0365014,0,,,,,875.303211969026,0.00073414895,1033.7885616319281,0.0007512096,0.01646597,0.06239308
0.9666389,0.0005366353,0,0.0037042887,875.3047109074862,1033.7916862164946,5761,5612.844,3.1135843,822.676,0.35846278,7249.607,4.024662,0,,,,,875.3047109074862,0.0007464829,1033.7916862164946,0.0007644618,0.016738769,0.062135905
0.95721143,0.00053561636,0,0.0037042054,875.3053079539702,1033.7904584679206,5762,5556.979,3.107766,822.60406,0.3585484,7178.9023,4.01702,0,,,,,875.3053079539702,0.00075311965,1033.7904584679206,0.00077120523,0.01698522,0.062503725
0.9552236,0.0005354344,0,0.0037041218,875.3064018245943,1033.7899193447233,5763,5546.0674,3.106469,822.4465,0.3589501,7163.994,4.0156555,0,,,,,875.3064018245943,0.00075483037,1033.7899193447233,0.0007728509,0.017221719,0.06201206
0.95388937,0.0005352098,0,0.0037040378,875.3051579117996,1033.790626178842,5764,5538.573,3.1054535,822.65765,0.358658,7153.988,4.013971,0,,,,,875.3051579117996,0.0007560009,1033.790626178842,0.00077392644,0.01697779,0.06244382
0.9522555,0.0005349045,0,0.0037039535,875.3055363014254,1033.789627480171,5765,5528.318,3.10353,821.20013,0.35869625,7141.734,4.011681,0,,,,,875.3055363014254,0.0007570111,1033.789627480171,0.0007749707,0.01704436,0.062803105
0.951687,0.00053475564,0,0.0037038687,875.3072150118599,1033.7919621344577,5766,5524.9756,3.1028516,822.4298,0.35815483,7137.47,4.010565,0,,,,,875.3072150118599,0.0007569429,1033.7919621344577,0.0007752162,0.017051654,0.063193075
0.95256615,0.0005350856,0,0.0037036983,875.3066896950636,1033.79224383585,5768,5529.224,3.10441,823.6046,0.35813484,7144.064,4.0130396,0,,,,,875.3066896950636,0.0007568484,1033.79224383585,0.00077529874,0.017219782,0.062939614
0.95481396,0.0005355339,0,0.0037036126,875.3058024009945,1033.790393374487,5769,5542.9624,3.1071177,822.7256,0.35848412,7160.922,4.016402,0,,,,,875.3058024009945,0.00075574766,1033.790393374487,0.00077396154,0.017318098,0.06303217
0.9614974,0.0005361068,0,0.0037034403,875.3051222277995,1033.7912424222245,5771,5580.4116,3.110286,822.9069,0.35866782,7211.047,4.0206985,0,,,,,875.3051222277995,0.00075104355,1033.7912424222245,0.00076898054,0.017193949,0.063409686
0.97506446,0.00053734996,0,0.0037033535,875.3068452521495,1033.7901454494427,5772,5659.323,3.1175447,822.16095,0.35890093,7312.797,4.0300217,0,,,,,875.3068452521495,0.0007399712,1033.7901454494427,0.00075786456,0.017732168,0.063703656
0.991352,0.00053888833,0,0.0037032664,875.3056277544733,1033.791811993418,5773,5753.9473,3.1267648,822.2604,0.35893482,7434.95,4.041559,0,,,,,875.3056277544733,0.00072960055,1033.791811993418,0.0007472212,0.017331446,0.06380713
0.99865764,0.0005399645,0,0.003703179,875.3045389871529,1033.7899684720562,5774,5795.4927,3.132961,821.8079,0.35873672,7489.741,4.04963,0,,,,,875.3045389871529,0.0007251851,1033.7899684720562,0.0007422164,0.017272132,0.063832894
1.000045,0.00054011063,0,0.0037030913,875.3042513951843,1033.791896269609,5775,5803.8867,3.1335657,823.1716,0.35845542,7500.1455,4.0507264,0,,,,,875.3042513951843,0.00072350143,1033.791896269609,0.00074058253,0.017253052,0.06379013
0.99958014,0.00054001744,0,0.0037030033,875.3041185595296,1033.7908858673798,5776,5801.5107,3.133485,823.43414,0.35888678,7496.6597,4.0500274,0,,,,,875.3041185595296,0.0007245149,1033.7908858673798,0.0007416228,0.016847478,0.063432634
0.9991548,0.0005400459,0,0.003702915,875.3036625577063,1033.7916788806688,5777,5797.3467,3.1336808,822.82874,0.3589352,7493.4697,4.050241,0,,,,,875.3036625577063,0.0007238015,1033.7916788806688,0.00074106554,0.01687547,0.06423833
0.9989068,0.000540162,0,0.0037028263,875.3050635213833,1033.791810975889,5778,5796.0474,3.1342623,822.4799,0.3584716,7491.61,4.051111,0,,,,,875.3050635213833,0.0007245881,1033.791810975889,0.0007420074,0.017385077,0.06484153
0.99974906,0.0005401735,0,0.0037027372,875.3039179852906,1033.7917550922953,5779,5800.7373,3.1345177,823.31604,0.35881004,7497.927,4.051198,0,,,,,875.3039179852906,0.00072388217,1033.7917550922953,0.00074114243,0.017399095,0.065037355
0.99858475,0.00054000306,0,0.0037026478,875.3040940104595,1033.7923597129327,5780,5792.6694,3.1336527,826.2306,0.35827684,7489.1943,4.0499196,0,,,,,875.3040940104595,0.00072424393,1033.7923597129327,0.0007414845,0.017379897,0.06575678
1.0009441,0.0005402185,0,0.003702558,875.3046577164829,1033.792145992279,5781,5806.5693,3.134393,823.36774,0.3581287,7506.889,4.051535,0,,,,,875.3046577164829,0.0007232446,1033.792145992279,0.00074055255,0.017727995,0.06536212
1.0000652,0.0005401521,0,0.003702468,875.3042217558682,1033.791254932301,5782,5801.623,3.134075,823.0757,0.35823774,7500.298,4.0510373,0,,,,,875.3042217558682,0.0007232488,1033.791254932301,0.00074057723,0.017678648,0.06536779
0.9984557,0.00053996104,0,0.0037023777,875.3035593510735,1033.791943204354,5783,5791.0454,3.1327295,823.2164,0.35859534,7488.2266,4.0496044,0,,,,,875.3035593510735,0.0007239541,1033.791943204354,0.0007411647,0.017853774,0.06567548
1.0001318,0.0005400927,0,0.0037022869,875.303883905133,1033.7935917423292,5784,5800.967,3.1337028,822.8221,0.3590542,7500.7974,4.050592,0,,,,,875.303883905133,0.0007234368,1033.7935917423292,0.0007408039,0.017444288,0.0660175
0.9999457,0.0005401563,0,0.0037021958,875.3046189979261,1033.7921928412243,5785,5800.6475,3.1339052,823.0911,0.35892245,7499.4014,4.0510693,0,,,,,875.3046189979261,0.00072323077,1033.7921928412243,0.0007405982,0.017865242,0.06590379
1.0002481,0.00054019404,0,0.0037021043,875.3053741260014,1033.7915360717684,5786,5801.8315,3.1339588,822.4128,0.35849953,7501.6694,4.051352,0,,,,,875.3053741260014,0.0007230993,1033.7915360717684,0.0007404219,0.018212492,0.065714315
0.9994003,0.0005400864,0,0.0037020126,875.3042627120445,1033.7916177629556,5787,5797.3276,3.133379,823.8611,0.35881415,7495.311,4.0505447,0,,,,,875.3042627120445,0.0007243918,1033.7916177629556,0.0007416605,0.017892923,0.06588935
1.0013688,0.0005402388,0,0.0037019206,875.3057861167805,1033.791163408955,5788,5809.0156,3.1345077,822.6296,0.35890517,7510.074,4.0516877,0,,,,,875.3057861167805,0.0007230293,1033.791163408955,0.0007403163,0.018049696,0.06593677
0.9998166,0.000540085,0,0.0037018282,875.3047701294397,1033.7929270935024,5789,5798.5854,3.1337414,823.02264,0.35876235,7498.433,4.0505342,0,,,,,875.3047701294397,0.0007243771,1033.7929270935024,0.00074181997,0.018046355,0.06614031
1.0001029,0.00054014183,0,0.0037017355,875.3060679871878,1033.792375679043,5790,5799.978,3.134176,822.36456,0.35900295,7500.58,4.0509605,0,,,,,875.3060679871878,0.00072390126,1033.792375679043,0.000741129,0.017963473,0.06655194
0.9986371,0.0005400227,0,0.0037016424,875.3052489936528,1033.793077014418,5791,5791.057,3.133563,822.7078,0.35896584,7489.587,4.050067,0,,,,,875.3052489936528,0.0007243103,1033.793077014418,0.0007419336,0.01801558,0.06706514
0.9986198,0.00054005446,0,0.003701549,875.3043764903582,1033.7930003058184,5792,5788.887,3.133292,824.1174,0.35844827,7489.4575,4.050305,0,,,,,875.3043764903582,0.0007248613,1033.7930003058184,0.00074241596,0.017781371,0.06734959
1.0000328,0.0005401133,0,0.0037014552,875.3051316819879,1033.7913353857975,5793,5797.2554,3.1339276,822.69275,0.35875317,7500.054,4.0507464,0,,,,,875.3051316819879,0.00072435616,1033.7913353857975,0.00074102695,0.01765252,0.06740932
0.99939835,0.0005400997,0,0.0037013611,875.3045696736082,1033.7915706373474,5794,5793.552,3.1335082,824.0834,0.3584079,7495.2964,4.0506444,0,,,,,875.3045696736082,0.0007238295,1033.7915706373474,0.00074115844,0.01765047,0.06773705
0.99968386,0.0005399704,0,0.0037012666,875.3042835224571,1033.7934072756525,5795,5794.3076,3.1329548,823.84393,0.3588545,7497.4375,4.0496745,0,,,,,875.3042835224571,0.0007237638,1033.7934072756525,0.0007412223,0.017625052,0.06820588
0.9998773,0.00053988106,0,0.0037011718,875.304516474534,1033.7936410795046,5796,5796.2407,3.1325977,823.7072,0.35866213,7498.888,4.0490046,0,,,,,875.304516474534,0.00072317175,1033.7936410795046,0.0007405919,0.017773211,0.06836851
1.00047,0.0005399846,0,0.0037010768,875.3049668869685,1033.7947521113872,5797,5801.1055,3.1331558,823.9645,0.3584083,7503.334,4.0497813,0,,,,,875.3049668869685,0.00072363316,1033.7947521113872,0.0007412577,0.017976575,0.067542054
1.0000848,0.0005401625,0,0.0037009814,875.303823558902,1033.7928270411746,5798,5799.1553,3.1337519,823.8599,0.35897106,7500.4443,4.0511155,0,,,,,875.303823558902,0.00072342873,1033.7928270411746,0.00074080797,0.018275911,0.0669058
0.9995629,0.0005402526,0,0.0037008857,875.3047294568655,1033.7929712259543,5799,5796.7646,3.1347153,824.3525,0.35875148,7496.531,4.051791,0,,,,,875.3047294568655,0.00072401785,1033.7929712259543,0.0007416725,0.018362619,0.06711774
0.99900955,0.0005403765,0,0.0037007895,875.3057171752405,1033.7947389043527,5800,5793.953,3.1354058,823.9263,0.35902986,7492.3804,4.0527205,0,,,,,875.3057171752405,0.0007240483,1033.7947389043527,0.0007420958,0.018965732,0.06754651
0.9989745,0.00054025155,0,0.0037006931,875.3050513620512,1033.7929371040361,5801,5792.347,3.1343377,824.4469,0.3581166,7492.1177,4.051783,0,,,,,875.3050513620512,0.0007245779,1033.7929371040361,0.0007422584,0.019022023,0.067809016
0.9995268,0.0005401123,0,0.0037005963,875.3046953462496,1033.7948001969762,5802,5794.6284,3.133724,823.6797,0.35909942,7496.26,4.050739,0,,,,,875.3046953462496,0.0007237429,1033.7948001969762,0.0007414157,0.018513205,0.06843395
0.9996999,0.00054001063,0,0.0037004992,875.3063148268756,1033.7942946735423,5803,5795.622,3.133339,824.62634,0.3583351,7497.5576,4.0499763,0,,,,,875.3063148268756,0.0007236623,1033.7942946735423,0.00074145256,0.018371072,0.06861235
0.9995569,0.000539971,0,0.0037004019,875.3061003656219,1033.7940163221378,5804,5793.449,3.132812,824.8889,0.3586328,7496.4854,4.0496793,0,,,,,875.3061003656219,0.00072341453,1033.7940163221378,0.00074103556,0.018410595,0.06872154
1.0000529,0.00054002914,0,0.003700304,875.3064697407041,1033.7944151197069,5805,5796.9834,3.1330235,824.22144,0.35936418,7500.2056,4.050115,0,,,,,875.3064697407041,0.0007233979,1033.7944151197069,0.0007411259,0.018497216,0.06838111
1.0004741,0.00053994736,8192,0.003700206,875.3045188736612,1033.7946638249614,5806,5798.8447,3.1330664,823.19165,0.3583324,7503.3643,4.049502,8192,,,,,875.3045188736612,0.00072200695,1033.7946638249614,0.0007395428,0.01817906,0.06934141
0.999552,0.0005399756,0,0.0037001076,875.3049782441713,1033.795955286382,5807,5792.0845,3.133448,826.919,0.3584207,7496.4487,4.0497136,0,,,,,875.3049782441713,0.00072474795,1033.795955286382,0.00074258266,0.0180246,0.070033334
0.9999788,0.0005402193,0,0.0037000086,875.3057610002331,1033.7944753154225,5808,5795.5957,3.1345897,823.72406,0.35924405,7499.6494,4.0515413,0,,,,,875.3057610002331,0.0007235332,1033.7944753154225,0.00074130535,0.018351825,0.06951901
0.9994186,0.00054019596,0,0.0036999097,875.3055144671321,1033.7949116541706,5809,5793.1035,3.1341465,824.28186,0.35827833,7495.448,4.0513663,0,,,,,875.3055144671321,0.0007242158,1033.7949116541706,0.00074224535,0.01861491,0.06897495
0.99998313,0.00054017804,0,0.0036998102,875.3058396554234,1033.7946555357698,5810,5795.9097,3.133968,825.2398,0.3588396,7499.682,4.051232,0,,,,,875.3058396554234,0.0007236012,1033.7946555357698,0.0007413564,0.018798806,0.069052644
0.9987765,0.00053994445,0,0.0036997104,875.3056542015315,1033.795686000784,5811,5788.86,3.13286,824.28235,0.35879517,7490.6323,4.04948,0,,,,,875.3056542015315,0.00072429836,1033.795686000784,0.00074225146,0.018409587,0.069449894
0.99982643,0.00054006546,0,0.0036996102,875.3063496960276,1033.795431155223,5812,5795.435,3.133485,824.204,0.35867023,7498.507,4.0503874,0,,,,,875.3063496960276,0.0007235681,1033.795431155223,0.00074152584,0.01866704,0.069329225
0.99961895,0.000540032,0,0.00369951,875.3053070200382,1033.7941326537948,5813,5793.1646,3.1331415,825.1682,0.35841006,7496.9507,4.0501366,0,,,,,875.3053070200382,0.0007244568,1033.7941326537948,0.00074225763,0.018675148,0.06955539
1.0003451,0.0005400272,0,0.003699409,875.3055392317822,1033.7963456464693,5814,5797.637,3.1332545,824.3168,0.35848972,7502.3965,4.050101,0,,,,,875.3055392317822,0.0007234469,1033.7963456464693,0.0007413821,0.018613026,0.069548205
1.0002038,0.0005400094,0,0.0036993078,875.3046780981938,1033.7947999019113,5815,5797.1665,3.133551,823.0952,0.35859367,7501.3374,4.0499673,0,,,,,875.3046780981938,0.00072302634,1033.7947999019113,0.0007410086,0.018309562,0.06970608
1.000477,0.00054006855,0,0.0036992065,875.3043900613766,1033.7953622485716,5816,5797.542,3.1337807,824.1213,0.35900316,7503.3853,4.0504107,0,,,,,875.3043900613766,0.0007233862,1033.7953622485716,0.0007411899,0.018301751,0.07043997
1.0003883,0.00054003316,0,0.0036991045,875.306130091363,1033.796255607775,5817,5797.9146,3.1336412,824.0901,0.35836565,7502.72,4.050145,0,,,,,875.306130091363,0.0007235208,1033.796255607775,0.0007415349,0.018437382,0.06995157
1.0003893,0.0005401318,0,0.0036990026,875.3052300750888,1033.793932878291,5818,5799.0527,3.1339986,825.1072,0.3582755,7502.7285,4.050885,0,,,,,875.3052300750888,0.0007240598,1033.793932878291,0.0007417494,0.018713368,0.06954465
0.9998968,0.0005400628,0,0.0036989,875.3062524286593,1033.7946212053293,5819,5794.902,3.1333458,823.80963,0.35901502,7499.0347,4.0503674,0,,,,,875.3062524286593,0.0007236328,1033.7946212053293,0.0007415045,0.018764978,0.069468535
0.99980533,0.0005400722,0,0.0036987972,875.3057471033345,1033.7932964910358,5820,5794.895,3.1336954,825.1995,0.35832265,7498.3486,4.0504384,0,,,,,875.3057471033345,0.0007238881,1033.7932964910358,0.00074168877,0.018653663,0.06975029
0.9996457,0.00054010935,0,0.003698694,875.306797887599,1033.7954061486334,5821,5794.0923,3.1339624,824.6737,0.35875094,7497.1514,4.050717,0,,,,,875.306797887599,0.0007244956,1033.7954061486334,0.000742484,0.018621635,0.06993517
0.9995733,0.00054006086,0,0.0036985907,875.3054597944389,1033.7956171649716,5822,5792.4766,3.1335573,824.4487,0.35833642,7496.6084,4.050353,0,,,,,875.3054597944389,0.0007235881,1033.7956171649716,0.0007415144,0.018898906,0.07000513
0.9994645,0.0005400302,0,0.0036984868,875.3058354978082,1033.794171795968,5823,5792.385,3.13356,824.6296,0.3588617,7495.7925,4.050123,0,,,,,875.3058354978082,0.0007236748,1033.794171795968,0.0007415012,0.018427601,0.07051018
1.0003737,0.0005400734,0,0.0036983828,875.3050926343043,1033.7958191836433,5824,5797.962,3.1339912,824.48956,0.35847643,7502.6113,4.050447,0,,,,,875.3050926343043,0.0007230274,1033.7958191836433,0.00074101525,0.018534647,0.070529655
1.0001847,0.00054005574,0,0.0036982782,875.3061617069889,1033.7945320067342,5825,5796.2007,3.133479,824.5926,0.35898942,7501.194,4.050315,0,,,,,875.3061617069889,0.00072364265,1033.7945320067342,0.00074148114,0.018765017,0.07019366
1.0005274,0.00053998746,0,0.0036981734,875.3052861461215,1033.796870678977,5826,5798.982,3.1333256,824.8177,0.35928404,7503.764,4.049803,0,,,,,875.3052861461215,0.0007223807,1033.796870678977,0.00074043457,0.018669592,0.07014914
1.0010859,0.0005400116,0,0.0036980682,875.3067776053119,1033.7960324086093,5827,5802.282,3.133513,824.9917,0.35849556,7507.9526,4.049984,0,,,,,875.3067776053119,0.0007230389,1033.7960324086093,0.0007410478,0.018664004,0.070125096
1.0001924,0.00053998927,0,0.0036979627,875.3067139304137,1033.7959883355275,5828,5795.771,3.1333096,823.3529,0.3588112,7501.252,4.049816,0,,,,,875.3067139304137,0.00072256196,1033.7959883355275,0.0007405506,0.018815255,0.07067658
1.0003303,0.0005401928,0,0.0036978568,875.3054326634556,1033.7949326339997,5829,5797.0654,3.1343977,824.0381,0.35882,7502.2856,4.051343,0,,,,,875.3054326634556,0.000723118,1033.7949326339997,0.00074105035,0.018732384,0.07109903
1.0001688,0.00054029503,0,0.0036977506,875.3057513787544,1033.7953205932772,5830,5796.895,3.13534,823.1054,0.35877284,7501.074,4.0521092,0,,,,,875.3057513787544,0.00072361605,1033.7953205932772,0.0007418552,0.018760927,0.0708353
0.999974,0.0005402571,0,0.0036976442,875.3055068337951,1033.795394418557,5831,5794.5264,3.1346722,823.9992,0.35869882,7499.614,4.0518246,0,,,,,875.3055068337951,0.0007233402,1033.795394418557,0.0007413284,0.018794274,0.070855886
0.999346,0.0005401477,0,0.0036975374,875.3066697015704,1033.794481000634,5832,5792.3013,3.1339104,824.6224,0.3589449,7494.904,4.0510044,0,,,,,875.3066697015704,0.000724105,1033.794481000634,0.0007420465,0.01872648,0.06986834
1.0000341,0.0005400159,0,0.0036974302,875.3048353480033,1033.7944081855821,5833,5796.6206,3.1335175,823.5372,0.3592574,7500.064,4.050016,0,,,,,875.3048353480033,0.00072315126,1033.7944081855821,0.0007409145,0.018876888,0.07068501
1.000263,0.000539915,0,0.0036973227,875.3055944123375,1033.7944585846674,5834,5795.8267,3.1329243,824.0257,0.35869974,7501.781,4.049259,0,,,,,875.3055944123375,0.000723293,1033.7944585846674,0.0007410918,0.018465016,0.07136618
0.9993162,0.0005397918,0,0.0036972149,875.3044860280277,1033.7947459266522,5835,5791.315,3.1323268,824.3085,0.35814893,7494.68,4.0483356,0,,,,,875.3044860280277,0.0007242575,1033.7947459266522,0.00074183213,0.018705964,0.071046405
0.9984998,0.0005397863,0,0.0036971068,875.3060404476256,1033.796768544924,5836,5787.2026,3.1323216,825.8192,0.35872698,7488.5576,4.048294,0,,,,,875.3060404476256,0.0007248484,1033.796768544924,0.00074297824,0.018935744,0.0708139
0.99940187,0.0005399657,0,0.0036969983,875.305056979034,1033.7991854559361,5837,5790.6177,3.1330032,824.33734,0.3586743,7495.3228,4.049639,0,,,,,875.305056979034,0.00072358677,1033.7991854559361,0.00074301026,0.018616207,0.0710322
0.9993922,0.0005402305,128,0.0036968894,875.3038363710384,1033.7965090424984,5838,5791.509,3.1349096,824.0375,0.3582126,7495.2505,4.0516253,128,,,,,875.3038363710384,0.00072387746,1033.7965090424984,0.0007420101,0.018163016,0.070838764
1.0000343,0.0005402187,0,0.0036967802,875.3041393071637,1033.7977688880296,5839,5794.931,3.134845,823.4118,0.3585255,7500.0664,4.051537,0,,,,,875.3041393071637,0.00072368165,1033.7977688880296,0.000742005,0.01855952,0.07157454
0.9990825,0.00053995755,0,0.0036966708,875.3057955037157,1033.7961432527836,5840,5788.5557,3.1332715,823.8471,0.3585777,7492.9277,4.049578,0,,,,,875.3057955037157,0.0007238147,1033.7961432527836,0.0007418911,0.018883172,0.071975574
1.0000924,0.0005399679,0,0.0036965609,875.3047982998622,1033.7974973178589,5841,5794.645,3.1335437,824.23505,0.35851535,7500.5015,4.049656,0,,,,,875.3047982998622,0.00072398776,1033.7974973178589,0.0007421743,0.01859644,0.07237113
0.9996148,0.00053989777,0,0.0036964507,875.3059028100254,1033.7962268431468,5842,5792.564,3.1331213,824.0693,0.3586947,7496.9194,4.04913,0,,,,,875.3059028100254,0.00072382233,1033.7962268431468,0.00074186607,0.01880786,0.072055556
0.9996867,0.0005398966,0,0.0036963401,875.3052327700918,1033.7967148421976,5843,5791.7383,3.1329815,824.8753,0.35857788,7497.459,4.0491214,0,,,,,875.3052327700918,0.0007235279,1033.7967148421976,0.0007415068,0.018879673,0.07221413
0.99952954,0.0005398314,0,0.0036962293,875.3055759375153,1033.7979352718203,5844,5791.2104,3.132749,824.921,0.35928735,7496.2803,4.048632,0,,,,,875.3055759375153,0.0007242134,1033.7979352718203,0.0007424115,0.01883626,0.072232544
1.0003866,0.0005399585,0,0.003696118,875.3052541796388,1033.7966511057318,5845,5796.4204,3.1332793,823.8065,0.3588492,7502.708,4.0495853,0,,,,,875.3052541796388,0.0007234782,1033.7966511057318,0.00074146874,0.018856026,0.072298706
0.99930567,0.00053992117,0,0.0036960067,875.3058279284298,1033.7969142377033,5846,5789.1157,3.132951,824.1383,0.35859478,7494.601,4.0493054,0,,,,,875.3058279284298,0.0007239581,1033.7969142377033,0.00074190693,0.018892653,0.07260106
1.000721,0.0005400505,0,0.0036958947,875.3046280406584,1033.797061254447,5847,5797.841,3.1338894,823.6119,0.35862356,7505.216,4.0502753,0,,,,,875.3046280406584,0.0007224866,1033.797061254447,0.00074057654,0.018819699,0.072555184
1.0002012,0.0005399486,0,0.0036957825,875.3052087572134,1033.7974441199717,5848,5795.526,3.1334906,823.27295,0.35904634,7501.3174,4.049511,0,,,,,875.3052087572134,0.0007227334,1033.7974441199717,0.00074089895,0.018772185,0.07227874
0.9998653,0.0005399541,0,0.00369567,875.3057981061722,1033.7974992733057,5849,5792.089,3.1332276,825.61395,0.35869017,7498.7983,4.0495524,0,,,,,875.3057981061722,0.00072453165,1033.7974992733057,0.0007427985,0.0187492,0.072947055
0.9996122,0.00053991994,0,0.0036955571,875.3064636796298,1033.7968812418258,5850,5791.563,3.1331003,823.6026,0.3586448,7496.9004,4.0492964,0,,,,,875.3064636796298,0.0007236752,1033.7968812418258,0.0007419215,0.018907882,0.07247126
1.0009035,0.00054020365,0,0.003695444,875.3059163107682,1033.7958282260838,5851,5799.9307,3.1345046,825.55835,0.35895205,7506.585,4.051424,0,,,,,875.3059163107682,0.00072247314,1033.7958282260838,0.0007405082,0.019200273,0.07211817
1.0008116,0.00054013624,0,0.0036953303,875.3064003003658,1033.7969295641333,5852,5797.969,3.133909,824.24866,0.35862285,7505.895,4.0509186,0,,,,,875.3064003003658,0.00072260376,1033.7969295641333,0.0007408171,0.019374039,0.07252111
0.9997642,0.0005399236,0,0.0036952165,875.3047937127051,1033.7981941048815,5853,5791.8516,3.133048,823.3328,0.35899955,7498.04,4.0493236,0,,,,,875.3047937127051,0.00072398956,1033.7981941048815,0.0007423082,0.019100077,0.07298602
1.0011176,0.0005401183,0,0.0036951024,875.3050024159844,1033.797685871616,5854,5800.228,3.1341667,823.81305,0.35855505,7508.19,4.050784,0,,,,,875.3050024159844,0.0007226042,1033.797685871616,0.00074081647,0.019113503,0.07302949
1.0004469,0.00053998944,0,0.0036949879,875.3072847552579,1033.7977372666178,5855,5794.9443,3.1334918,824.1151,0.35823515,7503.16,4.0498176,0,,,,,875.3072847552579,0.0007226886,1033.7977372666178,0.0007410965,0.019343885,0.07321531
1.0005758,0.00053991115,0,0.0036948728,875.305575731179,1033.7977966389042,5856,5796.7964,3.1331902,823.1695,0.3590528,7504.1265,4.04923,0,,,,,875.305575731179,0.00072351436,1033.7977966389042,0.00074169354,0.019210089,0.07313039
1.0001158,0.00053982536,0,0.0036947578,875.304996621652,1033.7977816563757,5857,5794.1943,3.1326442,824.32825,0.35790995,7500.6763,4.048587,0,,,,,875.304996621652,0.00072425464,1033.7977816563757,0.00074245763,0.018805658,0.07283665
1.0005268,0.0005399191,0,0.003694642,875.305151926276,1033.798806073823,5858,5795.382,3.1331217,823.0729,0.35911095,7503.7593,4.04929,0,,,,,875.305151926276,0.0007234695,1033.798806073823,0.0007417033,0.019221252,0.07366838
0.99986327,0.00053998636,0,0.0036945264,875.305979259595,1033.7974393559161,5859,5791.9746,3.1335576,823.28406,0.3584704,7498.783,4.049794,0,,,,,875.305979259595,0.0007238236,1033.7974393559161,0.0007422112,0.019104874,0.07385518
0.9996781,0.0005399873,0,0.00369441,875.3052372427112,1033.797890942194,5860,5790.2905,3.1342142,823.5463,0.3588622,7497.394,4.0498013,0,,,,,875.3052372427112,0.0007238014,1033.797890942194,0.0007422506,0.018409654,0.0743499
1.0000918,0.0005400022,0,0.0036942936,875.3043195829081,1033.7988252468522,5861,5791.365,3.134174,822.5187,0.35879606,7500.4966,4.049913,0,,,,,875.3043195829081,0.0007236781,1033.7988252468522,0.0007421456,0.018723486,0.07455827
1.001094,0.0005400418,0,0.0036941767,875.3037013529821,1033.7980413323044,5862,5797.774,3.1343296,823.2171,0.35878986,7508.0137,4.05021,0,,,,,875.3037013529821,0.0007225334,1033.7980413323044,0.00074077677,0.018699216,0.074330755
1.0009757,0.00054001284,0,0.0036940593,875.30582029799,1033.7978681956704,5863,5797.7393,3.1337318,823.254,0.35886574,7507.126,4.049993,0,,,,,875.30582029799,0.00072232576,1033.7978681956704,0.0007406605,0.019509876,0.07423992
1.0000782,0.00053982355,0,0.003693942,875.3062311179693,1033.7977703696265,5864,5791.606,3.132578,823.0056,0.35870424,7500.395,4.0485735,0,,,,,875.3062311179693,0.00072335475,1033.7977703696265,0.00074162806,0.019384691,0.07405001
1.0003681,0.00053981633,0,0.003693824,875.3059877344292,1033.7986182894256,5865,5794.315,3.1325514,823.1199,0.35864195,7502.57,4.048519,0,,,,,875.3059877344292,0.00072329666,1033.7986182894256,0.0007415947,0.019425655,0.074454255
1.0006679,0.0005398123,0,0.0036937057,875.3076949457725,1033.7979641360103,5866,5796.7886,3.1326141,822.078,0.3586677,7504.8184,4.048489,0,,,,,875.3076949457725,0.0007223505,1033.7979641360103,0.0007406594,0.01922356,0.07388973
0.9997425,0.0005398665,0,0.0036935871,875.306688338021,1033.797171905615,5867,5790.54,3.1328464,823.22107,0.3591838,7497.8774,4.0488954,0,,,,,875.306688338021,0.00072385604,1033.797171905615,0.00074218644,0.018763192,0.07401797
1.00161,0.000540239,0,0.0036934684,875.30548607178,1033.798329669578,5868,5801.366,3.1351862,823.44073,0.358238,7511.884,4.051689,0,,,,,875.30548607178,0.00072326796,1033.798329669578,0.0007418213,0.019034041,0.07433331
0.9998198,0.0005401538,0,0.003693349,875.3064160990672,1033.7980408146009,5869,5791.263,3.1346953,823.48224,0.358054,7498.457,4.05105,0,,,,,875.3064160990672,0.0007238453,1033.7980408146009,0.00074242783,0.019084336,0.07437136
0.99848616,0.0005399449,0,0.0036932295,875.3053181443202,1033.797823445741,5870,5782.6514,3.1329942,823.6974,0.3583924,7488.455,4.0494833,0,,,,,875.3053181443202,0.0007241556,1033.797823445741,0.0007425743,0.01926562,0.07445837
0.9995043,0.0005398398,0,0.0036931096,875.3062999623071,1033.7995655193072,5871,5788.3457,3.1329293,823.8814,0.35857886,7496.0913,4.048695,0,,,,,875.3062999623071,0.0007240863,1033.7995655193072,0.00074263976,0.01929232,0.07478221
1.0003331,0.00053990865,0,0.0036929892,875.3056788953568,1033.7993986903812,5872,5793.585,3.133152,823.29956,0.35873538,7502.3066,4.0492115,0,,,,,875.3056788953568,0.00072327175,1033.7993986903812,0.00074170274,0.019855183,0.074961625
0.99902284,0.00053978775,0,0.0036928689,875.3066589546079,1033.7984635575312,5873,5784.9746,3.1323073,823.8952,0.35875285,7492.48,4.048305,0,,,,,875.3066589546079,0.0007237843,1033.7984635575312,0.0007423136,0.019831106,0.075290404
0.9996772,0.00053979683,0,0.0036927478,875.3059503449001,1033.797552321114,5874,5789.018,3.132594,822.44604,0.35885704,7497.3877,4.0483727,0,,,,,875.3059503449001,0.0007230726,1033.797552321114,0.0007414371,0.019601772,0.07564686
1.0002072,0.00053975417,0,0.0036926267,875.3059392618513,1033.7994792926052,5875,5792.054,3.1325915,822.54834,0.3584771,7501.363,4.048053,0,,,,,875.3059392618513,0.0007229336,1033.7994792926052,0.00074138906,0.019682415,0.0758363
1.0007435,0.00053990097,0,0.003692505,875.3059580452993,1033.8003142894927,5876,5794.1885,3.1331837,822.83124,0.35901627,7505.385,4.049154,0,,,,,875.3059580452993,0.00072266685,1033.8003142894927,0.00074125093,0.019553855,0.07578205
0.9998886,0.0005398459,0,0.0036923832,875.3059414889412,1033.8001429828337,5877,5789.5244,3.1329777,823.1578,0.35832226,7498.973,4.048741,0,,,,,875.3059414889412,0.0007239515,1033.8001429828337,0.00074261945,0.01955134,0.07615897
0.99918437,0.00053977926,0,0.003692261,875.3055339501169,1033.7983211140315,5878,5785.919,3.1328113,823.4402,0.35895762,7493.6914,4.048241,0,,,,,875.3055339501169,0.0007241586,1033.7983211140315,0.0007426763,0.01954129,0.07604803
0.9987682,0.00053978246,0,0.0036921382,875.3066216751332,1033.799410831809,5879,5782.647,3.1322198,822.67596,0.35883388,7490.5703,4.048265,0,,,,,875.3066216751332,0.0007239321,1033.799410831809,0.0007426914,0.01963628,0.076141424
0.9995535,0.000539784,0,0.0036920153,875.3058208727924,1033.7985514242514,5880,5786.808,3.1324232,822.9406,0.35837352,7496.46,4.048277,0,,,,,875.3058208727924,0.00072377984,1033.7985514242514,0.0007421372,0.01980239,0.0764614
1.0001131,0.0005398414,0,0.0036918921,875.308118301773,1033.8006031150867,5881,5790.3765,3.1331105,824.2467,0.35839814,7500.657,4.0487075,0,,,,,875.308118301773,0.00072381645,1033.8006031150867,0.0007426809,0.019663047,0.076640554
0.9990984,0.0005397583,0,0.0036917685,875.3047426351483,1033.79988676718,5882,5783.5977,3.132231,822.81305,0.3585989,7493.047,4.048084,0,,,,,875.3047426351483,0.00072416733,1033.79988676718,0.00074271025,0.01988972,0.076806486
0.9995469,0.00053972524,0,0.0036916446,875.3062621984917,1033.8004351000518,5883,5786.383,3.132256,823.40875,0.35871768,7496.41,4.047836,0,,,,,875.3062621984917,0.00072371773,1033.8004351000518,0.00074232067,0.01975386,0.0768515
0.99927384,0.0005398283,0,0.0036915203,875.3067914797125,1033.7994721464881,5884,5785.3623,3.1325245,823.0504,0.35879204,7494.3623,4.0486093,0,,,,,875.3067914797125,0.0007237819,1033.7994721464881,0.00074244884,0.020231554,0.07626708
0.99936324,0.0005398277,0,0.0036913957,875.3073555785306,1033.7998938163487,5885,5784.6646,3.1325016,823.1997,0.35865253,7495.033,4.0486045,0,,,,,875.3073555785306,0.00072403083,1033.7998938163487,0.0007430263,0.020088544,0.077095106
0.99816704,0.0005396117,0,0.0036912707,875.3066820365572,1033.7994389413323,5886,5778.12,3.131464,824.22565,0.35830954,7486.0615,4.046984,0,,,,,875.3066820365572,0.00072402495,1033.7994389413323,0.00074262946,0.019921418,0.07693927
0.9985513,0.0005395243,0,0.0036911455,875.308091271969,1033.8004139705122,5887,5779.6304,3.1317022,826.81934,0.35879922,7488.944,4.046329,0,,,,,875.308091271969,0.00072381325,1033.8004139705122,0.0007424851,0.019564962,0.07824868
1.0000024,0.00053977687,0,0.00369102,875.3063507839538,1033.799740604226,5888,5787.7026,3.1322567,823.7705,0.35806993,7499.8267,4.048223,0,,,,,875.3063507839538,0.00072336674,1033.799740604226,0.0007419642,0.020066284,0.07742974
0.99992543,0.0005398612,0,0.003690894,875.3083872953512,1033.7974713770018,5889,5787.6997,3.1327631,822.5964,0.35880223,7499.2495,4.048856,0,,,,,875.3083872953512,0.00072327495,1033.7974713770018,0.00074190885,0.020163834,0.07760426
0.9997606,0.0005400312,0,0.0036907678,875.3073471008987,1033.800762695043,5890,5787.5044,3.1335971,823.9968,0.3584344,7498.013,4.0501304,0,,,,,875.3073471008987,0.0007234777,1033.800762695043,0.00074267876,0.020364277,0.07712678
0.9988323,0.00053998735,0,0.0036906411,875.3077312878365,1033.7994036487426,5891,5781.4224,3.1332176,823.20715,0.3590853,7491.051,4.049802,0,,,,,875.3077312878365,0.00072456634,1033.7994036487426,0.0007434376,0.020356607,0.07718404
0.9986312,0.00053982006,0,0.0036905142,875.3057199392149,1033.80080726934,5892,5780.011,3.1327324,823.53955,0.3585081,7489.5425,4.0485473,0,,,,,875.3057199392149,0.00072538084,1033.80080726934,0.0007443206,0.019746922,0.07784903
0.99796855,0.0005396718,0,0.003690387,875.3071604907985,1033.7993732011553,5893,5776.6465,3.1318104,822.8971,0.35827497,7484.573,4.0474353,0,,,,,875.3071604907985,0.0007247319,1033.7993732011553,0.000743448,0.019853648,0.077145316
0.99886996,0.0005397266,0,0.0036902593,875.3077500373902,1033.800866386106,5894,5781.4556,3.1317623,822.6354,0.3583656,7491.3335,4.047846,0,,,,,875.3077500373902,0.0007236764,1033.800866386106,0.00074263354,0.020382658,0.07738893
0.998953,0.0005396137,0,0.0036901312,875.3067290366273,1033.8003335181108,5895,5782.012,3.1312244,822.7661,0.35845017,7491.956,4.0469995,0,,,,,875.3067290366273,0.00072408054,1033.8003335181108,0.00074283214,0.020255357,0.077561796
0.9994292,0.0005397845,128,0.003690003,875.3072581104897,1033.7997512430484,5896,5784.8125,3.1323955,823.36743,0.35878888,7495.528,4.0482802,128,,,,,875.3072581104897,0.0007232302,1033.7997512430484,0.00074185303,0.02025554,0.07829073
0.9979607,0.0005395422,0,0.0036898744,875.3078081204711,1033.8017909271603,5897,5775.1406,3.131145,822.9148,0.35907692,7484.514,4.046463,0,,,,,875.3078081204711,0.00072441564,1033.8017909271603,0.0007433439,0.019995488,0.078327216
0.998344,0.00053976814,0,0.0036897454,875.3076735023262,1033.8012066540532,5898,5776.9077,3.1325655,823.0285,0.35885602,7487.389,4.0481577,0,,,,,875.3076735023262,0.00072419667,1033.8012066540532,0.0007432177,0.019977689,0.07861402
0.997926,0.0005398948,0,0.0036896162,875.3070515102559,1033.8015109551466,5899,5774.265,3.133431,823.649,0.35873723,7484.254,4.0491076,0,,,,,875.3070515102559,0.00072432344,1033.8015109551466,0.0007434708,0.01973326,0.0792599
0.9975172,0.00053968927,0,0.0036894865,875.3068092685198,1033.7993543394427,5900,5771.0107,3.132186,823.1355,0.3584562,7481.1885,4.0475664,0,,,,,875.3068092685198,0.00072405883,1033.7993543394427,0.00074329745,0.019872366,0.07942389
0.99931777,0.00053974864,0,0.0036893566,875.3068733330599,1033.8004298373216,5901,5781.68,3.1322985,823.5683,0.35855862,7494.692,4.0480113,0,,,,,875.3068733330599,0.00072376156,1033.8004298373216,0.0007425498,0.020099562,0.07880646
0.9976629,0.0005395617,0,0.0036892262,875.3054230422453,1033.8013350110318,5902,5773.262,3.1311815,823.222,0.358345,7482.281,4.0466094,0,,,,,875.3054230422453,0.0007255472,1033.8013350110318,0.00074445567,0.02016639,0.07885878
0.9965401,0.0005394488,0,0.0036890956,875.3071417285895,1033.8017473425518,5903,5765.821,3.13031,824.4406,0.35860747,7473.8604,4.045763,0,,,,,875.3071417285895,0.00072569493,1033.8017473425518,0.00074473675,0.020489529,0.079046264
0.9962454,0.0005393174,0,0.0036889648,875.3069418659538,1033.8015206576874,5904,5763.5713,3.1296532,822.96606,0.35882407,7471.65,4.044777,0,,,,,875.3069418659538,0.00072551036,1033.8015206576874,0.0007444129,0.019777294,0.07929024
0.9963656,0.00053931214,0,0.0036888334,875.3083193887171,1033.798862426199,5905,5765.4873,3.1299045,823.11285,0.35849452,7472.5513,4.044738,0,,,,,875.3083193887171,0.00072503,1033.798862426199,0.0007437364,0.01970211,0.07869707
0.9953025,0.0005392519,0,0.003688702,875.3062363494728,1033.8017786039559,5906,5758.4756,3.1294734,823.5696,0.35815442,7464.578,4.044286,0,,,,,875.3062363494728,0.0007270426,1033.8017786039559,0.0007460826,0.019690668,0.078855336
0.9953615,0.00053933304,0,0.0036885699,875.3064427702906,1033.8015700807632,5907,5758.214,3.130073,822.8113,0.35873947,7465.021,4.0448947,0,,,,,875.3064427702906,0.0007264401,1033.8015700807632,0.0007455455,0.01989481,0.07968854
0.99629223,0.0005395592,0,0.0036884376,875.3078640985019,1033.801182179178,5908,5764.9463,3.131002,824.2433,0.3584996,7472.001,4.0465903,0,,,,,875.3078640985019,0.0007262195,1033.801182179178,0.00074525655,0.020391563,0.07927217
0.9956509,0.0005394649,0,0.003688305,875.3077416783551,1033.8017600310338,5909,5761.12,3.130188,823.7356,0.3585738,7467.191,4.045883,0,,,,,875.3077416783551,0.00072665274,1033.8017600310338,0.00074594776,0.020687861,0.07902509
0.99599314,0.0005394313,0,0.003688172,875.3071652503022,1033.8025907990245,5910,5761.8257,3.1299891,823.6607,0.3585917,7469.758,4.0456314,0,,,,,875.3071652503022,0.00072547985,1033.8025907990245,0.0007446593,0.02081701,0.07935732
0.99559754,0.00053940254,0,0.0036880386,875.3065456155384,1033.800505998126,5911,5760.4136,3.1301186,824.60846,0.35848096,7466.791,4.045416,0,,,,,875.3065456155384,0.00072615367,1033.800505998126,0.0007450436,0.0206982,0.079384774
0.9985475,0.00053961464,0,0.003687905,875.307188353002,1033.800869926938,5912,5776.684,3.1313953,823.23584,0.35851318,7488.915,4.0470066,0,,,,,875.307188353002,0.0007238886,1033.800869926938,0.0007428255,0.02044897,0.079847276
0.9989933,0.00053962675,0,0.003687771,875.30700990898,1033.8021786464396,5913,5778.3804,3.13143,823.8799,0.35836503,7492.2583,4.047097,0,,,,,875.30700990898,0.00072327105,1033.8021786464396,0.0007422626,0.02042761,0.07998578
0.99839157,0.0005395992,0,0.0036876367,875.3071232119245,1033.8011941511236,5914,5775.988,3.1313086,823.8729,0.35870665,7487.7456,4.0468907,0,,,,,875.3071232119245,0.00072434824,1033.8011941511236,0.00074334623,0.020280018,0.079875596
0.998678,0.0005396423,8192,0.0036875021,875.3073230511975,1033.801897238409,5915,5777.2915,3.1317465,823.83075,0.3584164,7489.894,4.047214,8192,,,,,875.3073230511975,0.0007241987,1033.801897238409,0.00074329745,0.020548038,0.07981645
0.99863654,0.00053958513,0,0.0036872318,875.3076928397027,1033.8013512800849,5917,5776.723,3.1312878,823.97656,0.35848263,7489.583,4.0467854,0,,,,,875.3076928397027,0.00072449713,1033.8013512800849,0.0007434404,0.020563921,0.080081634
0.9999918,0.0005396455,0,0.003687096,875.3076254707539,1033.8019057609404,5918,5783.6177,3.1319492,824.094,0.35845494,7499.747,4.047238,0,,,,,875.3076254707539,0.00072374806,1033.8019057609404,0.0007426621,0.020239344,0.08081991
0.99822605,0.0005395859,0,0.00368696,875.3073459448477,1033.8026949618682,5919,5772.305,3.1313784,823.89386,0.35946065,7486.5044,4.046791,0,,,,,875.3073459448477,0.0007249323,1033.8026949618682,0.00074415264,0.020530177,0.081028156
0.99924445,0.000539768,0,0.0036868239,875.3074606239497,1033.801748095927,5920,5779.3755,3.1324117,825.15814,0.35850683,7494.142,4.0481567,0,,,,,875.3074606239497,0.00072412007,1033.801748095927,0.0007433273,0.020522289,0.080667526
0.9990573,0.000539747,0,0.0036866872,875.3073159806152,1033.8037832036937,5921,5777.16,3.1323621,824.291,0.35885406,7492.7383,4.0479994,0,,,,,875.3073159806152,0.0007239397,1033.8037832036937,0.0007434153,0.020408861,0.08118359
0.99869263,0.0005397198,0,0.00368655,875.3088951406919,1033.8011453315526,5922,5774.0547,3.1320117,824.04254,0.35859138,7490.0034,4.0477953,0,,,,,875.3088951406919,0.0007238826,1033.8011453315526,0.0007430906,0.020668179,0.08110712
1.0002625,0.0005398482,0,0.0036864127,875.3084659470002,1033.803247809171,5923,5784.221,3.1328769,824.63477,0.35877007,7501.777,4.048758,0,,,,,875.3084659470002,0.0007223042,1033.803247809171,0.0007415148,0.020631317,0.080965444
0.9984621,0.0005394294,0,0.003686275,875.3076587104756,1033.8054071651038,5924,5772.3423,3.1311665,825.5514,0.35849023,7488.2744,4.0456176,0,,,,,875.3076587104756,0.0007245579,1033.8054071651038,0.00074411946,0.019844748,0.08226094
0.9979478,0.0005392468,0,0.003686137,875.3070912460604,1033.804174876269,5925,5766.9355,3.1299753,824.86945,0.35849714,7484.4175,4.0442476,0,,,,,875.3070912460604,0.0007245753,1033.804174876269,0.0007438194,0.019807428,0.08305707
0.99952143,0.0005393432,0,0.0036859987,875.3072282035168,1033.8051156079982,5926,5776.597,3.1306982,824.3156,0.3585035,7496.219,4.044971,0,,,,,875.3072282035168,0.00072343997,1033.8051156079982,0.0007429079,0.01973516,0.0832448
0.9987807,0.0005394407,0,0.0036858602,875.3066086750132,1033.8033319552062,5927,5772.381,3.130836,824.65015,0.35890555,7490.664,4.045702,0,,,,,875.3066086750132,0.0007237561,1033.8033319552062,0.0007430293,0.020135794,0.0830025
0.99878573,0.00053956907,0,0.0036857212,875.3068441217811,1033.804519733535,5928,5770.612,3.13173,825.6284,0.35860226,7490.7017,4.0466647,0,,,,,875.3068441217811,0.0007248289,1033.804519733535,0.00074437534,0.020232577,0.08366207
0.9988333,0.0005398506,0,0.0036855817,875.3069656305253,1033.8058297687178,5929,5771.9893,3.1333961,824.30493,0.3590054,7491.0586,4.048776,0,,,,,875.3069656305253,0.0007232296,1033.8058297687178,0.00074304536,0.020189175,0.08377064
0.9987042,0.0005397641,0,0.003685442,875.3079656714463,1033.80359416388,5930,5771.3906,3.1327534,824.54926,0.35850567,7490.0903,4.0481277,0,,,,,875.3079656714463,0.00072382373,1033.80359416388,0.00074338604,0.020421289,0.083443314
0.9992191,0.00053969264,0,0.003685302,875.3067670628639,1033.8045654223627,5931,5773.3105,3.132026,824.3894,0.3588011,7493.952,4.0475917,0,,,,,875.3067670628639,0.0007245313,1033.8045654223627,0.0007440716,0.020695107,0.08374145
0.9995804,0.00053953717,0,0.0036851617,875.3067916299806,1033.8044114588283,5932,5775.8647,3.1315486,823.9495,0.35900733,7496.6616,4.0464253,0,,,,,875.3067916299806,0.00072369556,1033.8044114588283,0.0007431822,0.020479135,0.08427322
0.9994547,0.0005394969,0,0.003685021,875.3103532360933,1033.802956530757,5933,5775.59,3.1312819,825.2858,0.35842827,7495.7188,4.0461235,0,,,,,875.3103532360933,0.0007231196,1033.802956530757,0.00074243604,0.020498203,0.0835636
0.9991741,0.00053950876,0,0.0036848802,875.3077627197043,1033.8051052946207,5934,5772.7744,3.1307588,824.8683,0.3590519,7493.6147,4.0462127,0,,,,,875.3077627197043,0.0007239338,1033.8051052946207,0.0007434826,0.020781638,0.08367992
0.99898344,0.00053944706,0,0.0036847387,875.3063840945306,1033.8035039514853,5935,5772.342,3.1305792,824.5422,0.358911,7492.1846,4.0457497,0,,,,,875.3063840945306,0.0007242206,1033.8035039514853,0.00074326945,0.020901516,0.08389341
0.99941,0.0005394999,0,0.003684597,875.307067975092,1033.8032584239459,5936,5774.6206,3.1311176,824.726,0.35861424,7495.3833,4.046146,0,,,,,875.307067975092,0.0007235334,1033.8032584239459,0.00074281957,0.020450901,0.084510826
0.9992919,0.0005396185,0,0.003684455,875.3075777060176,1033.806501090838,5937,5772.403,3.131524,824.76697,0.35887286,7494.498,4.047035,0,,,,,875.3075777060176,0.0007237143,1033.806501090838,0.00074354105,0.020750403,0.08472212
0.99879134,0.0005396912,0,0.0036843128,875.3074741440857,1033.8050781459879,5938,5770.808,3.132042,824.94,0.35841528,7490.7437,4.0475807,0,,,,,875.3074741440857,0.0007240713,1033.8050781459879,0.0007437493,0.020827565,0.08477838
1.0022328,0.00053989724,0,0.00368417,875.308928105922,1033.803644893033,5939,5790.2627,3.1334822,824.8156,0.3587163,7516.554,4.049126,0,,,,,875.308928105922,0.0007217451,1033.803644893033,0.0007411889,0.020448862,0.084233135
0.9990127,0.0005388244,0,0.003675968,875.3216702480495,1033.7710032354644,5993,5898.271,3.145463,821.9599,0.3585981,7492.4043,4.04108,0,,,,,875.3216702480495,0.0007196952,1033.7710032354644,0.0007353263,0.03331359,0.03335438
0.99997634,0.000539164,0,0.0036758068,875.3224096488268,1033.7704540050745,5994,5901.5845,3.1455016,822.16425,0.35834736,7499.6313,4.043627,0,,,,,875.3224096488268,0.0007195365,1033.7704540050745,0.0007351544,0.033412084,0.033938598
0.99971104,0.00053896155,0,0.0036756455,875.3218486421888,1033.7718193226178,5995,5900.1177,3.1450245,822.03796,0.35835785,7497.6416,4.0421085,0,,,,,875.3218486421888,0.000719547,1033.7718193226178,0.00073533074,0.03402007,0.034287486
0.9986966,0.00053892337,0,0.0036754836,875.3236340903586,1033.7714951937155,5996,5893.73,3.1448312,822.05225,0.35855815,7490.0337,4.041822,0,,,,,875.3236340903586,0.00071956444,1033.7714951937155,0.0007355437,0.03495805,0.03458041
0.9980459,0.00053906575,0,0.0036753216,875.3236029493685,1033.7721833873877,5997,5887.591,3.1447926,821.5801,0.35815135,7485.1533,4.04289,0,,,,,875.3236029493685,0.00072063,1033.7721833873877,0.0007367802,0.03532416,0.034812864
1.0001007,0.00053954666,0,0.003675159,875.3244331347942,1033.7721724945131,5998,5898.8896,3.1477013,827.5514,0.35840532,7500.5645,4.046497,0,,,,,875.3244331347942,0.0007195238,1033.7721724945131,0.000735909,0.03576351,0.035267886
0.99836504,0.0005393563,0,0.0036749963,875.3239218773451,1033.7738590180747,5999,5886.412,3.1458292,822.6449,0.35800585,7487.547,4.045069,0,,,,,875.3239218773451,0.0007213121,1033.7738590180747,0.0007377857,0.035632133,0.03601437
0.9994724,0.0005392751,0,0.0036748333,875.326132578331,1033.773062484108,6000,5890.216,3.145323,821.50446,0.35885987,7495.8516,4.0444603,0,,,,,875.326132578331,0.00071960234,1033.773062484108,0.00073612103,0.03599139,0.037341624
0.99948204,0.000539266,0,0.00367467,875.3229098352479,1033.7750138576048,6001,5888.603,3.1447623,822.11017,0.35860324,7495.924,4.0443916,0,,,,,875.3229098352479,0.0007204354,1033.7750138576048,0.00073686853,0.03592902,0.038460966
0.9991592,0.000539266,0,0.0036745062,875.3254793304862,1033.7756330594868,6002,5883.4814,3.1441512,822.34875,0.3579865,7493.503,4.0443916,0,,,,,875.3254793304862,0.0007201186,1033.7756330594868,0.0007367997,0.0360386,0.039989233
0.998402,0.0005393365,0,0.003674342,875.3255829240413,1033.7753718354807,6003,5877.298,3.1432445,821.9662,0.35857716,7487.8237,4.044921,0,,,,,875.3255829240413,0.0007203885,1033.7753718354807,0.0007369835,0.03592285,0.040808935
0.99918,0.0005392598,0,0.0036741775,875.3246783189111,1033.7754591763612,6004,5880.5713,3.1432934,822.3802,0.35822803,7493.6587,4.0443454,0,,,,,875.3246783189111,0.00072001724,1033.7754591763612,0.00073654595,0.0363662,0.041140005
0.9982952,0.00053935003,0,0.0036740128,875.3252795133201,1033.7761176379945,6005,5872.7144,3.1430006,822.35913,0.35854712,7487.023,4.045022,0,,,,,875.3252795133201,0.0007213636,1033.7761176379945,0.0007381462,0.03608303,0.042319886
0.99885666,0.00053952547,0,0.0036738478,875.3254308537946,1033.7788098533456,6006,5873.643,3.1435506,824.76074,0.35855615,7491.234,4.0463376,0,,,,,875.3254308537946,0.0007203574,1033.7788098533456,0.0007375561,0.036069382,0.04377419
0.99868536,0.00053944055,0,0.0036736822,875.3225313255704,1033.7785006519234,6007,5870.9165,3.1426625,821.63745,0.35874668,7489.949,4.045701,0,,,,,875.3225313255704,0.00072056137,1033.7785006519234,0.0007374882,0.035599407,0.04498419
1.0002896,0.0005396884,0,0.0036735164,875.3244668058471,1033.7774197676686,6008,5877.233,3.1438026,823.77704,0.35806248,7501.9805,4.0475597,0,,,,,875.3244668058471,0.0007200704,1033.7774197676686,0.0007370674,0.035979077,0.045571234
0.99889714,0.00053926,0,0.0036733504,875.3244965668664,1033.7793131214385,6009,5868.1294,3.1410291,821.6288,0.3587261,7491.537,4.044347,0,,,,,875.3244965668664,0.00072052574,1033.7793131214385,0.0007377804,0.03643033,0.045879215
0.9988326,0.00053922524,0,0.003673184,875.3258824482178,1033.780633950374,6010,5865.989,3.141029,822.6934,0.35868034,7491.053,4.044086,0,,,,,875.3258824482178,0.0007206817,1033.780633950374,0.0007381367,0.036366016,0.04709995
0.9983616,0.0005393181,0,0.0036730173,875.3248696736396,1033.7818523022183,6011,5860.272,3.140519,822.80084,0.35823727,7487.521,4.044782,0,,,,,875.3248696736396,0.0007216456,1033.7818523022183,0.0007392923,0.036559477,0.04809182
0.99945074,0.0005393207,0,0.00367285,875.3251897052755,1033.7807636508492,6012,5866.209,3.1409702,822.7088,0.35837686,7495.6895,4.044802,0,,,,,875.3251897052755,0.00072060653,1033.7807636508492,0.0007381123,0.036644246,0.04822531
0.9981024,0.0005392765,0,0.0036726827,875.3251098725797,1033.7816828284647,6013,5857.064,3.140182,823.2901,0.3588772,7485.577,4.044471,0,,,,,875.3251098725797,0.000721235,1033.7816828284647,0.0007387356,0.036617883,0.048748568
0.9990447,0.00053939206,0,0.0036725148,875.3268830564784,1033.7817171564393,6014,5859.8096,3.1405323,823.3643,0.35778186,7492.644,4.045337,0,,,,,875.3268830564784,0.0007204473,1033.7817171564393,0.00073823164,0.03694853,0.049848665
0.997896,0.00053925934,0,0.0036723467,875.3254498637059,1033.7821102203882,6015,5852.088,3.1393511,823.7753,0.35820785,7484.0293,4.044342,0,,,,,875.3254498637059,0.0007218579,1033.7821102203882,0.0007395983,0.0367639,0.050672308
0.99985826,0.00053939817,0,0.0036721784,875.3245354755315,1033.7821974581811,6016,5861.6807,3.1397264,822.92255,0.35788107,7498.7456,4.045383,0,,,,,875.3245354755315,0.0007202686,1033.7821974581811,0.00073784246,0.03663791,0.051601294
0.9986326,0.0005393826,0,0.0036720096,875.32288494966,1033.783870448236,6017,5850.9316,3.1387749,822.5213,0.3585842,7489.553,4.0452666,0,,,,,875.32288494966,0.0007212997,1033.783870448236,0.00073925895,0.036376107,0.05335433
0.99862313,0.00053944363,0,0.0036718403,875.3245589145796,1033.785170224414,6018,5850.1055,3.139346,823.8164,0.3580591,7489.4824,4.045724,0,,,,,875.3245589145796,0.00072180975,1033.785170224414,0.0007397924,0.036542814,0.05350632
0.99951684,0.0005395927,0,0.003671671,875.3256283529304,1033.7847893808598,6019,5854.0693,3.1404932,823.9517,0.35765126,7496.185,4.046842,0,,,,,875.3256283529304,0.00072151376,1033.7847893808598,0.00073971815,0.036677327,0.054022647
0.99882805,0.0005397625,0,0.003671501,875.3254166067713,1033.7841829715587,6020,5846.937,3.1403482,823.44934,0.35821316,7491.019,4.0481153,0,,,,,875.3254166067713,0.00072158215,1033.7841829715587,0.0007399059,0.036294956,0.055070955
0.9978829,0.00053965254,8192,0.003671331,875.3232313028565,1033.7842293968283,6021,5839.994,3.1392324,823.2972,0.3582303,7483.9307,4.047291,8192,,,,,875.3232313028565,0.00072195346,1033.7842293968283,0.00073993724,0.035893906,0.056418814
0.99820447,0.0005395228,0,0.0036711607,875.3256620037323,1033.7858329228848,6022,5840.682,3.1388156,822.1434,0.35866958,7486.3423,4.0463176,0,,,,,875.3256620037323,0.00072116504,1033.7858329228848,0.00073944393,0.0363823,0.056763772
0.9986108,0.0005396126,0,0.0036709898,875.3249189585956,1033.787505299453,6023,5839.9146,3.1385057,824.02246,0.3582003,7489.3896,4.0469913,0,,,,,875.3249189585956,0.0007224785,1033.787505299453,0.00074104225,0.036208376,0.05757419
0.9974434,0.0005393688,0,0.0036708186,875.3249753350079,1033.788758453415,6024,5832.7505,3.1369474,823.5703,0.35825163,7480.6343,4.0451627,0,,,,,875.3249753350079,0.00072312885,1033.788758453415,0.00074173615,0.036145616,0.05776225
0.9984759,0.0005394849,0,0.0036706473,875.3248506767042,1033.7873551643283,6025,5837.6675,3.1372178,823.4769,0.35843918,7488.3784,4.0460334,0,,,,,875.3248506767042,0.0007218986,1033.7873551643283,0.00074028503,0.03596828,0.058705516
0.9998281,0.0005396911,0,0.0036704754,875.322246381503,1033.7878851564806,6026,5843.252,3.1380227,823.46,0.35853866,7498.5195,4.04758,0,,,,,875.322246381503,0.0007209257,1033.7878851564806,0.00073926133,0.036010746,0.05919896
0.99909836,0.0005396798,0,0.0036703034,875.3246452992553,1033.7871866666683,6027,5838.298,3.1381028,823.7973,0.3584184,7493.0464,4.047495,0,,,,,875.3246452992553,0.00072105,1033.7871866666683,0.0007395096,0.036160775,0.060147252
0.9979399,0.00053988077,0,0.0036701309,875.3260898133351,1033.788895665242,6028,5832.456,3.1390162,823.4738,0.35842365,7484.358,4.0490026,0,,,,,875.3260898133351,0.0007220114,1033.788895665242,0.0007409488,0.036914982,0.059456225
0.9989422,0.00053987285,0,0.003669958,875.3258665865005,1033.788216974617,6029,5836.683,3.13943,823.8045,0.3580932,7491.8755,4.048943,0,,,,,875.3258665865005,0.00072188966,1033.788216974617,0.000740781,0.03729854,0.060190678
0.99725336,0.0005398771,0,0.0036697849,875.3249090143813,1033.7901926087675,6030,5826.4956,3.1378572,825.0477,0.35792133,7479.2095,4.048975,0,,,,,875.3249090143813,0.0007235917,1033.7901926087675,0.0007426128,0.036936603,0.060790192
0.9972822,0.0005396492,0,0.0036696114,875.3233765108821,1033.7888362381584,6031,5825.604,3.137029,824.23206,0.35828066,7479.426,4.047266,0,,,,,875.3233765108821,0.00072306395,1033.7888362381584,0.00074168836,0.03674531,0.0608171
0.99809825,0.0005396334,0,0.0036694377,875.3262459783688,1033.7893463392588,6032,5827.5796,3.1370392,823.6888,0.3584191,7485.546,4.0471473,0,,,,,875.3262459783688,0.0007233666,1033.7893463392588,0.0007423551,0.036920574,0.06162643
0.99864644,0.0005395417,0,0.0036692636,875.3240882742306,1033.7890883557852,6033,5829.0537,3.136767,823.97626,0.3581733,7489.657,4.0464597,0,,,,,875.3240882742306,0.00072248286,1033.7890883557852,0.0007411929,0.036469698,0.06245932
0.99898416,0.00053955795,0,0.0036690892,875.3244116180765,1033.7906330276383,6034,5828.7954,3.136487,823.40283,0.3580406,7492.19,4.0465813,0,,,,,875.3244116180765,0.0007213839,1033.7906330276383,0.0007403122,0.036181364,0.063541554
0.9989513,0.00053965865,0,0.0036689143,875.3230765371261,1033.7914420655984,6035,5824.9785,3.1362681,823.15326,0.35867518,7491.944,4.0473366,0,,,,,875.3230765371261,0.00072198233,1033.7914420655984,0.0007408869,0.035421036,0.065152645
0.99871284,0.00053963944,0,0.0036687392,875.3236103353365,1033.7916730207317,6036,5823.775,3.136707,823.94507,0.35798156,7490.1553,4.0471926,0,,,,,875.3236103353365,0.0007222931,1033.7916730207317,0.0007414814,0.035614148,0.064635865
0.9977509,0.0005397143,0,0.0036685637,875.3238837253492,1033.7919063333998,6037,5817.074,3.1367278,823.98944,0.35813043,7482.9404,4.047754,0,,,,,875.3238837253492,0.00072312675,1033.7919063333998,0.00074235117,0.035577334,0.065152735
0.99633723,0.0005396987,128,0.003668388,875.3230812885802,1033.7914668022204,6038,5807.1675,3.1364305,823.1065,0.358499,7472.3384,4.047637,128,,,,,875.3230812885802,0.0007237958,1033.7914668022204,0.00074285135,0.035093416,0.065459184
0.9990631,0.0005397441,0,0.0036682119,875.3258339580291,1033.7926751321102,6039,5823.8413,3.136683,823.9492,0.35846055,7492.7817,4.0479774,0,,,,,875.3258339580291,0.0007221552,1033.7926751321102,0.0007415572,0.036188178,0.065512165
0.9990184,0.0005397328,0,0.0036680354,875.325585398924,1033.791986100189,6040,5823.439,3.1365218,822.8101,0.35852888,7492.447,4.0478926,0,,,,,875.325585398924,0.00072220387,1033.791986100189,0.0007414777,0.03573085,0.06519866
0.9984639,0.00053966005,0,0.0036678584,875.3239872681643,1033.793193145381,6041,5818.294,3.136185,824.0172,0.35781,7488.2886,4.047347,0,,,,,875.3239872681643,0.0007225914,1033.793193145381,0.00074192963,0.036262535,0.06684501
0.9997716,0.0005397054,0,0.0036676815,875.3238892945336,1033.7928753021338,6042,5826.05,3.1368146,823.86816,0.35836995,7498.0957,4.047687,0,,,,,875.3238892945336,0.0007217736,1033.7928753021338,0.00074096484,0.03637174,0.066237114
0.9984676,0.00053976924,0,0.0036675038,875.3240051066838,1033.7930336974284,6043,5817.2744,3.135777,823.2066,0.35862973,7488.316,4.048166,0,,,,,875.3240051066838,0.0007223683,1033.7930336974284,0.0007416644,0.035559375,0.06692977
0.9993418,0.0005397681,0,0.0036673262,875.3234519985199,1033.7942033385198,6044,5820.339,3.1365178,824.10614,0.35798177,7494.872,4.048157,0,,,,,875.3234519985199,0.000722097,1033.7942033385198,0.00074154144,0.035911232,0.06725788
0.9990702,0.00053970964,0,0.003667148,875.3227924691698,1033.7920613632878,6045,5819.028,3.1361513,822.86255,0.3585263,7492.8354,4.047719,0,,,,,875.3227924691698,0.00072159956,1033.7920613632878,0.00074065756,0.036381874,0.06754034
0.999611,0.0005397819,0,0.0036669695,875.323775604314,1033.792563808826,6046,5821.219,3.1360922,824.92175,0.35827312,7496.891,4.0482607,0,,,,,875.323775604314,0.00072112423,1033.792563808826,0.00074026664,0.036125794,0.06811314
0.9995769,0.00053968246,0,0.0036667907,875.3243617365563,1033.7935114765337,6047,5820.027,3.1357687,824.11523,0.358487,7496.6357,4.047515,0,,,,,875.3243617365563,0.00072175724,1033.7935114765337,0.00074117706,0.036274195,0.067828104
0.99893016,0.00053976953,0,0.0036666116,875.3241473507373,1033.7934483235813,6048,5816.043,3.1356773,825.11584,0.35778585,7491.785,4.048168,0,,,,,875.3241473507373,0.00072196714,1033.7934483235813,0.0007412519,0.036102545,0.06817807
0.9993393,0.00053979276,0,0.003666432,875.3246652884388,1033.7936306711022,6049,5817.6436,3.1363912,823.99786,0.358053,7494.8535,4.048342,0,,,,,875.3246652884388,0.00072230125,1033.7936306711022,0.00074184214,0.036309913,0.06883802
1.0000738,0.00053999125,0,0.0036662524,875.3238279938691,1033.7943367486137,6050,5820.746,3.1373992,823.6869,0.3585033,7500.362,4.049831,0,,,,,875.3238279938691,0.00072201056,1033.7943367486137,0.00074165536,0.036453675,0.06891924
0.9997413,0.0005400188,0,0.0036660722,875.3245250202483,1033.7944417089486,6051,5818.345,3.1369915,823.77026,0.3584652,7497.8687,4.0500374,0,,,,,875.3245250202483,0.0007216457,1033.7944417089486,0.0007413851,0.036130708,0.06958374
0.9994276,0.00053977803,0,0.0036658917,875.3248125015423,1033.7942014267792,6052,5815.871,3.1361597,823.43915,0.35820147,7495.5156,4.048232,0,,,,,875.3248125015423,0.00072187715,1033.7942014267792,0.0007415873,0.03627285,0.06988025
0.99984914,0.0005397671,0,0.0036657108,875.325421177579,1033.7951494177269,6053,5816.6484,3.1358857,824.21027,0.35790285,7498.6772,4.04815,0,,,,,875.325421177579,0.0007224489,1033.7951494177269,0.0007421662,0.036352634,0.07028314
0.9996165,0.0005396356,0,0.0036655297,875.3237251152249,1033.7948118990016,6054,5814.381,3.1351624,825.0076,0.3578568,7496.9326,4.0471635,0,,,,,875.3237251152249,0.00072218885,1033.7948118990016,0.0007416687,0.03615835,0.07090057
0.99953204,0.0005396422,0,0.0036653483,875.3239599143285,1033.7949947470302,6055,5813.8057,3.1347685,824.05347,0.3587114,7496.299,4.047213,0,,,,,875.3239599143285,0.0007216638,1033.7949947470302,0.0007412178,0.036411002,0.070939206
1.0013016,0.0005397839,0,0.0036651664,875.3241990281434,1033.7962373232094,6056,5821.473,3.1354988,822.9064,0.3583281,7509.5703,4.048276,0,,,,,875.3241990281434,0.0007207282,1033.7962373232094,0.0007404915,0.036002845,0.072250456
1.0009012,0.00053992175,0,0.0036649844,875.3243603698813,1033.7968781874501,6057,5818.8477,3.1361382,823.00775,0.35834068,7506.568,4.0493097,0,,,,,875.3243603698813,0.0007213398,1033.7968781874501,0.00074127293,0.03595249,0.07215288
0.9981967,0.0005399542,0,0.0036648018,875.3241806952531,1033.7972492028425,6058,5802.504,3.1357286,824.0671,0.35806906,7486.284,4.0495534,0,,,,,875.3241806952531,0.00072296365,1033.7972492028425,0.0007430954,0.035573713,0.072644114
0.99853176,0.0005399976,0,0.003664619,875.3237138719787,1033.7977449181399,6059,5803.3467,3.1363468,825.1076,0.35818696,7488.797,4.0498786,0,,,,,875.3237138719787,0.00072363764,1033.7977449181399,0.0007439114,0.036039025,0.073092416
0.99980307,0.0005400493,8192,0.0036644358,875.3238949890726,1033.796387092528,6060,5810.1274,3.1362042,824.6027,0.35813093,7498.3315,4.0502663,8192,,,,,875.3238949890726,0.0007220283,1033.796387092528,0.00074191985,0.035604842,0.07324384
0.99241835,0.0005396635,128,0.0036640686,875.3251135816727,1033.7949861050358,6062,5765.995,3.1341202,824.61316,0.35830566,7442.9478,4.047373,128,,,,,875.3251135816727,0.00072512607,1033.7949861050358,0.0007449767,0.036061876,0.07422579
0.9897562,0.000538709,0,0.0036638845,875.3258210938773,1033.7974479187785,6063,5749.6777,3.128852,824.3682,0.35825253,7422.9824,4.0402145,0,,,,,875.3258210938773,0.0007292934,1033.7974479187785,0.00074963557,0.03624688,0.07437108
0.97284275,0.00053700595,0,0.0036637,875.3255844527746,1033.7983237420278,6064,5651.134,3.1185658,824.63293,0.35832945,7296.1343,4.027442,0,,,,,875.3255844527746,0.0007405434,1033.7983237420278,0.0007613084,0.035967007,0.07469958
0.9594347,0.00053561374,0,0.0036635152,875.3261157137908,1033.798054591227,6065,5572.387,3.110766,825.07306,0.35841808,7195.5767,4.0170007,0,,,,,875.3261157137908,0.0007505896,1033.798054591227,0.0007714583,0.036503345,0.075263314
0.95648175,0.00053544535,0,0.00366333,875.3267295917522,1033.7986522973338,6066,5553.428,3.1092706,824.5989,0.3581319,7173.43,4.0157375,0,,,,,875.3267295917522,0.000752277,1033.7986522973338,0.000773493,0.035478275,0.07592782
0.9537575,0.0005354693,0,0.0036631445,875.3258072226022,1033.800691850746,6067,5537.7266,3.1088862,823.5549,0.35869005,7152.999,4.0159173,0,,,,,875.3258072226022,0.0007541014,1033.800691850746,0.0007754049,0.03582454,0.07643146
0.9535541,0.00053530023,0,0.0036629587,875.3267394070947,1033.7987162615577,6068,5536.166,3.1085086,824.2785,0.35907984,7151.473,4.0146494,0,,,,,875.3267394070947,0.0007546213,1033.7987162615577,0.0007760362,0.036300745,0.075666375
0.9537649,0.00053513783,0,0.0036627727,875.3270459472071,1033.7993632473858,6069,5535.907,3.1076934,824.24396,0.3578122,7153.054,4.0134315,0,,,,,875.3270459472071,0.000755425,1033.7993632473858,0.0007767821,0.036557704,0.076341376
0.9512137,0.000534637,0,0.0036625862,875.326208885877,1033.8005966241585,6070,5521.26,3.104309,824.3372,0.35856158,7133.921,4.0096755,0,,,,,875.326208885877,0.0007562108,1033.8005966241585,0.00077772216,0.036273472,0.0765987
0.95427805,0.00053523044,0,0.0036623992,875.3251084423057,1033.8012497599643,6071,5537.9756,3.1078,824.3485,0.35820004,7156.903,4.014126,0,,,,,875.3251084423057,0.0007543567,1033.8012497599643,0.00077598897,0.036282882,0.07703827
0.9553447,0.0005352563,0,0.0036622123,875.3263998081993,1033.800546135678,6072,5543.0015,3.10806,824.2892,0.3584077,7164.9023,4.01432,0,,,,,875.3263998081993,0.00075387023,1033.800546135678,0.00077525724,0.03615767,0.07686775
0.957086,0.0005352792,0,0.0036620246,875.3264148788473,1033.7999022636368,6073,5553.6616,3.1081119,822.93176,0.3587887,7177.962,4.0144916,0,,,,,875.3264148788473,0.0007523676,1033.7999022636368,0.0007736438,0.03603485,0.076770104
0.95974994,0.00053579855,0,0.003661837,875.3255778225051,1033.8011152996603,6074,5567.144,3.1107202,824.9222,0.3580806,7197.941,4.0183864,0,,,,,875.3255778225051,0.0007504875,1033.8011152996603,0.0007718503,0.035809167,0.07806688
0.9702388,0.00053683616,0,0.0036616488,875.3246402361187,1033.8006630247792,6075,5626.506,3.116962,824.2979,0.35856646,7276.6055,4.0261683,0,,,,,875.3246402361187,0.0007426517,1033.8006630247792,0.0007638032,0.035861988,0.07855939
0.9877738,0.00053857156,0,0.0036614602,875.3249406103571,1033.8023479523688,6076,5728.438,3.1266499,823.0589,0.3585196,7408.1143,4.0391836,0,,,,,875.3249406103571,0.0007298699,1033.8023479523688,0.00075089786,0.035910588,0.07898625
0.9980209,0.0005395923,0,0.0036612714,875.325147846452,1033.8018302223456,6077,5787.3384,3.1326954,824.7701,0.35845724,7484.966,4.0468388,0,,,,,875.325147846452,0.0007235356,1033.8018302223456,0.0007442648,0.035827875,0.07882082
1.0004208,0.00053977495,0,0.0036610824,875.3254112249659,1033.7991923699021,6078,5799.771,3.13395,824.15015,0.3580248,7502.965,4.0482087,0,,,,,875.3254112249659,0.00072148524,1033.7991923699021,0.0007418622,0.036069345,0.07906219
1.0001329,0.0005400867,128,0.0036608928,875.322744660308,1033.801959631013,6079,5797.9897,3.1350691,824.67615,0.35816646,7500.8057,4.050547,128,,,,,875.322744660308,0.00072269683,1033.801959631013,0.0007433829,0.03566071,0.079722114
1.0004556,0.0005400388,0,0.003660703,875.3241751610644,1033.8001790168487,6080,5799.7124,3.1349428,824.50385,0.35869595,7503.226,4.0501876,0,,,,,875.3241751610644,0.00072143564,1033.8001790168487,0.00074182625,0.035972483,0.079951495
1.000115,0.0005399327,0,0.0036605129,875.3234566505331,1033.8016284215894,6081,5796.237,3.1346738,824.33856,0.35814282,7500.6714,4.0493917,0,,,,,875.3234566505331,0.0007225281,1033.8016284215894,0.00074329943,0.0358435,0.07984759
1.001469,0.0005400524,0,0.0036603224,875.3237541045951,1033.8010355208382,6082,5804.1133,3.1352186,825.06866,0.35787237,7510.826,4.0502896,0,,,,,875.3237541045951,0.00072159193,1033.8010355208382,0.00074227486,0.03611876,0.08021152
1.0005429,0.0005398992,0,0.0036601315,875.3250523121362,1033.8008167536445,6083,5798.96,3.1345844,825.0015,0.35875344,7503.8804,4.049141,0,,,,,875.3250523121362,0.0007216749,1033.8008167536445,0.000742308,0.03640759,0.080098115
1.001592,0.00053982146,0,0.0036599403,875.3260001426031,1033.8010943384666,6084,5803.696,3.1342866,824.89667,0.35838106,7511.749,4.0485578,0,,,,,875.3260001426031,0.000721065,1033.8010943384666,0.00074172916,0.036440622,0.080470756
1.0018007,0.0005398194,0,0.003659749,875.3238186636186,1033.8012587567198,6085,5805.087,3.1337843,825.26404,0.35806668,7513.3135,4.0485425,0,,,,,875.3238186636186,0.0007208027,1033.8012587567198,0.00074135757,0.03631827,0.08045427
1.0005871,0.00053981505,0,0.003659557,875.3255402876457,1033.801959752121,6086,5797.436,3.133308,825.2971,0.35790953,7504.2114,4.0485096,0,,,,,875.3255402876457,0.0007224573,1033.801959752121,0.00074324175,0.03599263,0.08112231
1.0008107,0.00053979224,0,0.003659365,875.3257531546594,1033.8022209274516,6087,5797.7456,3.1340344,824.4032,0.3585466,7505.8887,4.0483384,0,,,,,875.3257531546594,0.00072215084,1033.8022209274516,0.0007431638,0.0367661,0.08095697
1.0004545,0.000540026,0,0.0036591724,875.3244625510531,1033.801463171822,6088,5796.224,3.1350164,824.5731,0.35810375,7503.218,4.0500917,0,,,,,875.3244625510531,0.00072231016,1033.801463171822,0.0007431505,0.03649594,0.08111423
1.0011911,0.0005401804,0,0.0036589797,875.3247850641526,1033.8012138874965,6089,5800.273,3.1360161,824.54486,0.35855028,7508.7417,4.05125,0,,,,,875.3247850641526,0.0007214016,1033.8012138874965,0.0007423607,0.036520932,0.08119019
1.000711,0.00053998386,0,0.0036587864,875.3239807471612,1033.802212491081,6090,5795.641,3.1349137,825.3832,0.35832515,7505.141,4.0497756,0,,,,,875.3239807471612,0.0007215339,1033.802212491081,0.0007424142,0.036484756,0.08209499
1.0007596,0.0005399546,0,0.003658593,875.3234920863038,1033.803836581766,6091,5796.531,3.1345074,825.29663,0.3582089,7505.506,4.049556,0,,,,,875.3234920863038,0.0007222945,1033.803836581766,0.0007432217,0.036076393,0.081507094
0.99984276,0.0005397976,0,0.0036583992,875.324682423294,1033.8015587863774,6092,5790.862,3.1333532,825.7116,0.35766155,7498.6294,4.0483785,0,,,,,875.324682423294,0.0007223697,1033.8015587863774,0.0007431612,0.035884287,0.08205375
1.0003662,0.0005398123,0,0.003658205,875.3241371313137,1033.802758039932,6093,5792.73,3.133443,824.89325,0.3586719,7502.5547,4.048489,0,,,,,875.3241371313137,0.00072249165,1033.802758039932,0.00074312737,0.03621813,0.08244477
1.0005157,0.00053970877,0,0.0036580106,875.3247777860149,1033.8027134962294,6094,5794.5093,3.1332827,824.142,0.35890922,7503.6763,4.0477123,0,,,,,875.3247777860149,0.00072210707,1033.8027134962294,0.000742828,0.036167655,0.08222401
1.0022832,0.0005399038,0,0.0036578157,875.3262382637373,1033.8053920547468,6095,5804.0107,3.1340141,825.2451,0.35842475,7516.9326,4.0491753,0,,,,,875.3262382637373,0.00071994134,1033.8053920547468,0.00074116566,0.036153186,0.082686275
1.0009658,0.0005397987,0,0.0036576206,875.3253346940041,1033.8031161763092,6096,5795.291,3.1334758,824.3724,0.35828495,7507.0522,4.048387,0,,,,,875.3253346940041,0.0007211985,1033.8031161763092,0.00074221153,0.036097657,0.082509264
1.0007796,0.0005399872,0,0.003657425,875.3241822928162,1033.8037845114159,6097,5794.1567,3.1344583,825.4883,0.35838342,7505.6553,4.0498004,0,,,,,875.3241822928162,0.0007216689,1033.8037845114159,0.0007428331,0.03591734,0.08292624
1.0008665,0.0005400995,0,0.0036572292,875.324334645814,1033.80436907212,6098,5794.767,3.135108,825.36053,0.35802475,7506.3076,4.050643,0,,,,,875.324334645814,0.0007218509,1033.80436907212,0.0007430417,0.036051564,0.08266921
1.0012249,0.0005399983,0,0.0036570332,875.3256925830873,1033.8027652370993,6099,5795.467,3.1342354,825.2877,0.3582303,7508.9946,4.049884,0,,,,,875.3256925830873,0.00072133116,1033.8027652370993,0.0007423702,0.03568245,0.08350894
1.0018727,0.00053994183,0,0.0036568367,875.3239124880836,1033.8043786475996,6100,5800.102,3.134213,825.22076,0.35787818,7513.8535,4.0494604,0,,,,,875.3239124880836,0.00072157505,1033.8043786475996,0.0007426704,0.03623933,0.08283969
1.0008922,0.00053988956,0,0.00365664,875.3238489061364,1033.8027111525012,6101,5794.502,3.1337466,825.94775,0.35852137,7506.5,4.0490685,0,,,,,875.3238489061364,0.0007222272,1033.8027111525012,0.0007431826,0.036060173,0.08316155
1.000487,0.0005398574,0,0.0036564427,875.3249361285879,1033.803833507101,6102,5790.767,3.1332388,825.62366,0.3584593,7503.461,4.048827,0,,,,,875.3249361285879,0.0007219675,1033.803833507101,0.0007430375,0.035883,0.083844185
1.0012158,0.0005398036,393216,0.0036562453,875.3246253494412,1033.8032788205492,6103,5795.548,3.1334112,825.86816,0.35814333,7508.9272,4.048424,393216,,,,,875.3246253494412,0.0007213272,1033.8032788205492,0.0007422444,0.036073256,0.08354422
1.000429,0.00053979113,0,0.0036560474,875.3244295006708,1033.8029634652448,6104,5790.631,3.133257,825.7174,0.35870248,7503.0264,4.0483303,0,,,,,875.3244295006708,0.0007219801,1033.8029634652448,0.00074297725,0.036135018,0.084069885
1.0007161,0.0005399027,0,0.0036558493,875.325635346929,1033.8025505016672,6105,5791.2803,3.133697,825.404,0.3581003,7505.1787,4.049167,0,,,,,875.325635346929,0.0007214354,1033.8025505016672,0.00074239407,0.036359824,0.08384973
1.0005685,0.00053989416,393216,0.0036556507,875.3265075127022,1033.8049620465467,6106,5790.541,3.133461,825.5214,0.35840783,7504.0723,4.049103,393216,,,,,875.3265075127022,0.00072267145,1033.8049620465467,0.00074400206,0.03603949,0.08437874
1.0005754,0.00053986086,0,0.003655452,875.3249606639617,1033.8033810731536,6107,5791.0103,3.1333575,825.8646,0.35838595,7504.1245,4.048853,0,,,,,875.3249606639617,0.0007225058,1033.8033810731536,0.00074359984,0.036081884,0.08386167
1.0005032,0.0005398479,0,0.0036552527,875.3250840266396,1033.8060216358251,6108,5789.234,3.1331964,825.44226,0.3585646,7503.5825,4.0487556,0,,,,,875.3250840266396,0.0007225803,1033.8060216358251,0.0007439919,0.035760734,0.0847018
1.000819,0.00053990516,0,0.0036550532,875.3251394409808,1033.8051056485315,6109,5791.681,3.1337378,825.57336,0.35874805,7505.9507,4.0491853,0,,,,,875.3251394409808,0.0007225143,1033.8051056485315,0.00074389664,0.036089376,0.08448417
1.0010055,0.0005399547,0,0.0036548534,875.3242318822039,1033.804059483608,6110,5792.633,3.1341667,826.14307,0.35847282,7507.35,4.0495567,0,,,,,875.3242318822039,0.0007212869,1033.804059483608,0.0007424142,0.03604948,0.08476839
1.000871,0.0005398887,0,0.0036546534,875.3237616521415,1033.8049625693911,6111,5790.9365,3.13371,824.94977,0.3582065,7506.3403,4.049062,0,,,,,875.3237616521415,0.00072194886,1033.8049625693911,0.0007431554,0.036103204,0.084692895
1.0005403,0.00053987827,0,0.003654453,875.3247451925085,1033.8049914609883,6112,5788.9087,3.1335542,825.2404,0.3581299,7503.8604,4.0489836,0,,,,,875.3247451925085,0.0007217358,1033.8049914609883,0.0007430302,0.03636662,0.08502552
1.0012997,0.00053992757,0,0.003654252,875.3233841074368,1033.8047774733227,6113,5793.7803,3.1340218,825.3323,0.35798717,7509.556,4.0493536,0,,,,,875.3233841074368,0.00072286546,1033.8047774733227,0.000744077,0.03668415,0.084564835
1.000938,0.0005398411,0,0.0036540509,875.3246237215253,1033.805938079965,6114,5790.7773,3.1332216,825.10284,0.35849804,7506.844,4.0487046,0,,,,,875.3246237215253,0.00072283536,1033.805938079965,0.0007442159,0.036596373,0.085486874
1.0012318,0.0005397829,0,0.0036538495,875.3245875546928,1033.8053913700605,6115,5791.892,3.1327686,826.1326,0.35816193,7509.047,4.048269,0,,,,,875.3245875546928,0.0007217545,1033.8053913700605,0.00074297265,0.036229555,0.08586213
1.0016915,0.00053992594,0,0.0036536476,875.325491484293,1033.807108904271,6116,5795.1816,3.1333494,825.66125,0.3585318,7512.4946,4.049341,0,,,,,875.325491484293,0.00072188425,1033.807108904271,0.00074339384,0.03621137,0.085763715
1.0013343,0.0005398825,0,0.0036534455,875.3238637458018,1033.804795224441,6117,5792.6353,3.1334548,824.45715,0.35871565,7509.8154,4.0490155,0,,,,,875.3238637458018,0.00072146935,1033.804795224441,0.00074252364,0.036410917,0.085730694
1.0013549,0.0005400602,0,0.003653243,875.3243493258624,1033.805911074978,6118,5792.3516,3.1344624,825.5737,0.35791168,7509.97,4.0503483,0,,,,,875.3243493258624,0.000722432,1033.805911074978,0.0007439793,0.03621748,0.085895374
1.0002394,0.0005401571,0,0.0036530402,875.3245417440921,1033.805814303575,6119,5786.6416,3.1347635,825.922,0.35855794,7501.604,4.0510745,0,,,,,875.3245417440921,0.0007232171,1033.805814303575,0.0007448349,0.036141466,0.08601738
1.0014142,0.00054011465,0,0.0036528371,875.324952620877,1033.804821388686,6120,5793.258,3.134943,825.51154,0.35818386,7510.415,4.0507565,0,,,,,875.324952620877,0.00072188355,1033.804821388686,0.00074328325,0.0364191,0.08572388
1.0016083,0.0005399871,0,0.0036526336,875.325382801427,1033.805503153254,6121,5793.463,3.1340432,825.2938,0.35852388,7511.87,4.0498,0,,,,,875.325382801427,0.00072170765,1033.805503153254,0.0007431714,0.03622998,0.08614298
1.0014927,0.0005400285,0,0.0036524297,875.3230887204555,1033.8059963257108,6122,5792.7866,3.133719,826.41364,0.35809782,7511.004,4.0501103,0,,,,,875.3230887204555,0.00072187773,1033.8059963257108,0.0007431745,0.03590889,0.0863226
1.00052,0.0005397913,0,0.0036522255,875.3234619195902,1033.8061559433315,6123,5786.7583,3.1326482,825.69635,0.35832626,7503.708,4.0483313,0,,,,,875.3234619195902,0.00072216056,1033.8061559433315,0.0007434362,0.036070146,0.08626046
1.0015235,0.00053981435,0,0.003652021,875.323528872402,1033.805502752098,6124,5791.398,3.1327043,824.16437,0.35852692,7511.2344,4.0485044,0,,,,,875.323528872402,0.00072231016,1033.805502752098,0.00074347144,0.036046874,0.08665662
1.0011911,0.00053980557,0,0.0036518164,875.3239112123645,1033.8053177409408,6125,5790.2134,3.1327498,825.38873,0.35849902,7508.7417,4.0484385,0,,,,,875.3239112123645,0.00072200707,1033.8053177409408,0.0007431828,0.03628366,0.08692733
1.0014459,0.0005398966,0,0.003651611,875.3250542588355,1033.8046747698854,6126,5791.079,3.1331062,825.84216,0.35812113,7510.6523,4.0491214,0,,,,,875.3250542588355,0.00072151155,1033.8046747698854,0.000742736,0.036120158,0.08693492
1.0013119,0.0005400251,8192,0.0036514057,875.3243140008858,1033.8066737223844,6127,5789.1724,3.1339583,824.9206,0.35791904,7509.648,4.050085,8192,,,,,875.3243140008858,0.0007222447,1033.8066737223844,0.0007438539,0.03631415,0.08752861
1.00123,0.00054027245,8192,0.0036511999,875.3239521871126,1033.8071556871275,6128,5789.4375,3.1350067,825.1785,0.35828888,7509.033,4.05194,8192,,,,,875.3239521871126,0.0007223968,1033.8071556871275,0.00074424286,0.035864364,0.087234534
1.0019507,0.0005401087,0,0.0036509938,875.3251571887042,1033.8051031599016,6129,5793.88,3.1345103,824.91943,0.3583917,7514.439,4.050712,0,,,,,875.3251571887042,0.0007211738,1033.8051031599016,0.0007425739,0.0363199,0.086886995
1.0018638,0.0005399568,0,0.0036507873,875.3247396769027,1033.8056249142842,6130,5792.338,3.133695,824.9405,0.35832402,7513.787,4.0495725,0,,,,,875.3247396769027,0.0007210356,1033.8056249142842,0.0007424401,0.036540672,0.08723839
1.0024364,0.0005400274,0,0.0036505805,875.3247755011271,1033.8064690208535,6131,5796.7695,3.1340091,825.9152,0.35833976,7518.0815,4.050102,0,,,,,875.3247755011271,0.00072095735,1033.8064690208535,0.00074245105,0.036403246,0.087077536
1.0004612,0.00053987344,0,0.0036503733,875.3239292093529,1033.806752234116,6132,5784.931,3.1327846,826.06866,0.35832423,7503.2676,4.0489473,0,,,,,875.3239292093529,0.0007222997,1033.806752234116,0.0007437654,0.036335405,0.087889306
1.0008198,0.0005398107,0,0.0036501659,875.3231983040062,1033.807860877715,6133,5785.7676,3.1325934,825.7824,0.35821554,7505.9565,4.0484767,0,,,,,875.3231983040062,0.0007224731,1033.807860877715,0.0007439495,0.03630259,0.08795211
1.0013524,0.0005399093,0,0.003649958,875.3255091536395,1033.8065248000694,6134,5789.38,3.1329994,826.60736,0.35797808,7509.951,4.0492163,0,,,,,875.3255091536395,0.0007214152,1033.8065248000694,0.00074294966,0.036467206,0.08812821
1.001386,0.0005399857,0,0.0036497498,875.3240532676436,1033.807542172294,6135,5790.151,3.133596,825.92554,0.35851228,7510.2036,4.0497894,0,,,,,875.3240532676436,0.0007223718,1033.807542172294,0.00074400817,0.036440287,0.08793347
1.0013373,0.00053998886,0,0.0036495414,875.3255053155458,1033.8056747684502,6136,5788.3125,3.1337194,825.95917,0.3587625,7509.838,4.0498133,0,,,,,875.3255053155458,0.0007215855,1033.8056747684502,0.00074303837,0.036580473,0.088141695
1.0015022,0.0005400498,0,0.0036493326,875.3243580783783,1033.807806885272,6137,5789.959,3.1337252,826.115,0.35836425,7511.074,4.05027,0,,,,,875.3243580783783,0.0007221991,1033.807806885272,0.0007440215,0.036292206,0.08861441
1.0006083,0.0005398914,0,0.0036491235,875.3252685847673,1033.807494773706,6138,5784.3584,3.1328425,827.04504,0.35819995,7504.3706,4.0490823,0,,,,,875.3252685847673,0.0007221786,1033.807494773706,0.00074394385,0.036385372,0.08859523
1.0017152,0.0005399384,0,0.003648914,875.3259298685773,1033.80699046399,6139,5789.2383,3.1333215,825.20135,0.3587452,7512.6724,4.0494347,0,,,,,875.3259298685773,0.00072090153,1033.80699046399,0.0007424962,0.036713734,0.08888624
1.0009574,0.00053996354,0,0.0036487042,875.3255541526275,1033.806199487071,6140,5785.578,3.1333337,826.0422,0.35817367,7506.989,4.049623,0,,,,,875.3255541526275,0.0007222123,1033.806199487071,0.0007437988,0.03655216,0.088464946
1.0010267,0.0005399556,0,0.003648494,875.3254245296075,1033.8083238477966,6141,5786.244,3.1332927,826.3649,0.35825586,7507.509,4.049564,0,,,,,875.3254245296075,0.0007217167,1033.8083238477966,0.0007435027,0.036403585,0.08875597
1.0021105,0.000539976,0,0.0036482834,875.3245201857085,1033.807843222014,6142,5791.0723,3.1336946,825.1118,0.35863572,7515.637,4.0497165,0,,,,,875.3245201857085,0.00072175637,1033.807843222014,0.0007434047,0.036575407,0.089246064
1.0014004,0.0005400112,0,0.0036480727,875.3248579379155,1033.8076856991004,6143,5787.971,3.1336474,825.96936,0.3585765,7510.3105,4.0499806,0,,,,,875.3248579379155,0.000721448,1033.8076856991004,0.0007431571,0.03673346,0.08924427
1.0012845,0.000539911,8192,0.0036478615,875.3250887077802,1033.8070751427058,6144,5787.3384,3.1331615,825.6619,0.3583843,7509.4424,4.049229,8192,,,,,875.3250887077802,0.00072140864,1033.8070751427058,0.0007429898,0.036587063,0.08895054
1.0019994,0.0005399143,0,0.0036476501,875.3244954493397,1033.806456629098,6145,5790.071,3.1329439,825.57007,0.35847747,7514.8037,4.049254,0,,,,,875.3244954493397,0.0007215818,1033.806456629098,0.00074297213,0.03618411,0.0896339
1.0014964,0.00053988525,0,0.0036474383,875.3236516218891,1033.8084131755031,6146,5787.6377,3.132449,826.05396,0.35820457,7511.0317,4.049036,0,,,,,875.3236516218891,0.0007214426,1033.8084131755031,0.00074296637,0.036228232,0.08956356
1.0012804,0.0005399395,0,0.0036472261,875.3237111132584,1033.8078686979422,6147,5786.9507,3.132978,826.37646,0.35829535,7509.411,4.049443,0,,,,,875.3237111132584,0.0007220243,1033.8078686979422,0.0007436852,0.03630516,0.08936007
1.0008706,0.0005399594,0,0.0036470138,875.3240744052152,1033.8088095043693,6148,5783.1353,3.13318,825.73016,0.3587522,7506.338,4.049592,0,,,,,875.3240744052152,0.00072181725,1033.8088095043693,0.0007436204,0.036409322,0.089988366
1.000794,0.00054010475,0,0.003646801,875.3228413430991,1033.8055425580674,6149,5783.404,3.1341903,826.6144,0.35766405,7505.7637,4.050682,0,,,,,875.3228413430991,0.00072098273,1033.8055425580674,0.0007423959,0.036759954,0.089775175
1.001646,0.0005403029,0,0.0036465877,875.3239464518869,1033.807325595611,6150,5788.473,3.1353076,832.82996,0.3585609,7512.154,4.0521684,0,,,,,875.3239464518869,0.00072235154,1033.807325595611,0.0007440242,0.036956932,0.0901942
1.0013912,0.00053998403,0,0.0036463742,875.3251986487637,1033.8090680352761,6151,5785.493,3.133619,826.5867,0.35840616,7510.242,4.049777,0,,,,,875.3251986487637,0.00072138396,1033.8090680352761,0.0007433584,0.036972456,0.09039009
1.0024738,0.000540082,0,0.0036461605,875.3242821959491,1033.8076307363572,6152,5792.5,3.1338766,826.8922,0.35823634,7518.362,4.0505114,0,,,,,875.3242821959491,0.00072110165,1033.8076307363572,0.00074270327,0.03668038,0.09020753
1.0009696,0.00053977326,0,0.0036459463,875.3262613618307,1033.8084466629655,6153,5783.845,3.1325772,826.34924,0.35841504,7507.081,4.0481963,0,,,,,875.3262613618307,0.0007213588,1033.8084466629655,0.00074313267,0.037243526,0.09017313
1.0013713,0.00053974934,0,0.0036457318,875.3253447641714,1033.8079108661661,6154,5785.3535,3.1323247,827.0592,0.3584541,7510.093,4.0480165,0,,,,,875.3253447641714,0.0007217236,1033.8079108661661,0.0007434079,0.037024707,0.09006004
1.002292,0.0005398711,0,0.0036455172,875.3253891655961,1033.807232971877,6155,5790.748,3.1327016,826.0448,0.35873616,7516.9985,4.04893,0,,,,,875.3253891655961,0.000721072,1033.807232971877,0.00074257667,0.036921438,0.090478875
1.000933,0.00053986075,0,0.003645302,875.3255563563505,1033.8091790462888,6156,5782.624,3.132543,827.2196,0.35783643,7506.806,4.0488524,0,,,,,875.3255563563505,0.0007223277,1033.8091790462888,0.00074430864,0.03687574,0.09078023
1.0012275,0.0005399346,0,0.0036450864,875.3253865346769,1033.8075418061449,6157,5784.026,3.1334336,826.81647,0.35818774,7509.0146,4.049406,0,,,,,875.3253865346769,0.0007220313,1033.8075418061449,0.0007438747,0.037143987,0.0902146
1.0011394,0.0005402012,0,0.0036448708,875.3259098525319,1033.8071467394325,6158,5783.418,3.1345856,826.56476,0.35787466,7508.3535,4.0514054,0,,,,,875.3259098525319,0.00072178076,1033.8071467394325,0.0007436888,0.036920402,0.09084476
1.0013908,0.000540096,0,0.0036446545,875.3258486238788,1033.8088631831515,6159,5784.9673,3.1341622,826.5964,0.3582473,7510.2397,4.0506167,0,,,,,875.3258486238788,0.00072160043,1033.8088631831515,0.0007436994,0.037012976,0.090916924
1.0008738,0.0005399369,0,0.0036444382,875.3262747011336,1033.8092767603903,6160,5780.876,3.1329138,826.2401,0.35854042,7506.3623,4.049423,0,,,,,875.3262747011336,0.0007224106,1033.8092767603903,0.0007445047,0.036873274,0.091727115
1.0009893,0.0005398373,0,0.0036442215,875.3250305399276,1033.8083641020337,6161,5782.266,3.1327076,827.9528,0.35768783,7507.2285,4.0486765,0,,,,,875.3250305399276,0.00072246534,1033.8083641020337,0.00074432924,0.037282147,0.09127397
1.0015905,0.00053983595,0,0.0036440042,875.3266709665295,1033.8088043135444,6162,5786.512,3.1329665,826.73975,0.3577878,7511.7373,4.0486665,0,,,,,875.3266709665295,0.00072165276,1033.8088043135444,0.0007437655,0.03770176,0.0912286
1.0011134,0.0005397312,0,0.0036437868,875.3249057871393,1033.809890107134,6163,5783.0327,3.1323593,827.4177,0.3583206,7508.159,4.0478806,0,,,,,875.3249057871393,0.0007219886,1033.809890107134,0.0007438863,0.037884492,0.09124352
1.0014473,0.0005396894,0,0.003643569,875.3253466979405,1033.8077734117498,6164,5784.5605,3.1323528,826.469,0.35861441,7510.6636,4.047567,0,,,,,875.3253466979405,0.00072158873,1033.8077734117498,0.0007434193,0.0374735,0.09103754
1.0013744,0.00053988793,0,0.003643351,875.325241846898,1033.8082370985321,6165,5784.166,3.132889,826.95996,0.35830063,7510.116,4.049056,0,,,,,875.325241846898,0.0007215521,1033.8082370985321,0.0007433792,0.037327714,0.09160565
1.00061,0.0005398261,0,0.0036431325,875.3232022785758,1033.8110063358383,6166,5779.2383,3.1330144,826.5141,0.35852024,7504.384,4.0485926,0,,,,,875.3232022785758,0.0007227382,1033.8110063358383,0.00074496743,0.037755523,0.091592364
1.0009352,0.00053994876,0,0.0036429137,875.325922429366,1033.8088814336315,6167,5779.721,3.1331975,827.30835,0.35884187,7506.8228,4.0495124,0,,,,,875.325922429366,0.00072248356,1033.8088814336315,0.0007445516,0.037217416,0.09231193
1.001189,0.0005399569,0,0.0036426946,875.3262019058086,1033.8104175260169,6168,5781.606,3.132942,826.9394,0.35896298,7508.726,4.0495734,0,,,,,875.3262019058086,0.00072177354,1033.8104175260169,0.00074403104,0.03702264,0.09288268
1.0009542,0.0005398141,0,0.003642475,875.3246324038379,1033.809999876816,6169,5780.157,3.1323628,825.565,0.35824832,7506.9644,4.0485024,0,,,,,875.3246324038379,0.0007219411,1033.809999876816,0.00074386306,0.03726273,0.092219695
1.0013182,0.00053987076,0,0.0036422552,875.3255223564498,1033.8099908551974,6170,5781.5464,3.1328862,826.98926,0.3586732,7509.695,4.0489273,0,,,,,875.3255223564498,0.0007216527,1033.8099908551974,0.0007437238,0.037366163,0.09234887
1.0013415,0.0005399241,0,0.0036420352,875.3250020943838,1033.809599020301,6171,5782.3193,3.1328871,826.4976,0.35835847,7509.869,4.0493274,0,,,,,875.3250020943838,0.0007219117,1033.809599020301,0.00074398174,0.037514955,0.09244406
1.0015955,0.00053992454,0,0.0036418147,875.3255124776392,1033.8103657059444,6172,5783.114,3.1327798,827.1531,0.35836875,7511.775,4.0493307,0,,,,,875.3255124776392,0.00072136,1033.8103657059444,0.0007434937,0.03702446,0.09304005
1.0009507,0.000539837,0,0.003641594,875.3253792493208,1033.8092904263103,6173,5778.8647,3.132522,826.1935,0.35837144,7506.939,4.048674,0,,,,,875.3253792493208,0.00072187366,1033.8092904263103,0.0007438577,0.037374772,0.09281976
1.0000534,0.0005397989,0,0.0036413728,875.3253359557933,1033.8100365257203,6174,5774.2104,3.1320271,826.2413,0.35860524,7500.2095,4.048388,0,,,,,875.3253359557933,0.00072300836,1033.8100365257203,0.00074518746,0.03696958,0.0928687
1.0004128,0.0005397744,0,0.0036411514,875.3245339286236,1033.8104219901243,6175,5776.185,3.1317725,826.63416,0.3583832,7502.905,4.048205,0,,,,,875.3245339286236,0.00072192604,1033.8104219901243,0.0007439872,0.037066896,0.09340327
1.0009315,0.00053974363,0,0.0036409297,875.3257140425067,1033.8103722103847,6176,5777.7754,3.1317222,826.54376,0.35862777,7506.7944,4.047974,0,,,,,875.3257140425067,0.00072204275,1033.8103722103847,0.0007441252,0.03688155,0.09385107
1.00175,0.00053990533,0,0.0036407076,875.3248128377065,1033.808460480471,6177,5783.1245,3.132392,826.51184,0.358136,7512.933,4.0491867,0,,,,,875.3248128377065,0.00072165736,1033.808460480471,0.000743567,0.036864825,0.09360707
1.0013295,0.00053998985,0,0.003640485,875.3247039012792,1033.8105744223863,6178,5781.3423,3.1329808,826.81146,0.35899127,7509.7803,4.0498204,0,,,,,875.3247039012792,0.00072201417,1033.8105744223863,0.0007441788,0.037124895,0.09333688
1.0005317,0.00053995854,0,0.0036402622,875.3250081882892,1033.8099279587072,6179,5774.887,3.1330166,827.74243,0.35802686,7503.7964,4.049586,0,,,,,875.3250081882892,0.0007230239,1033.8099279587072,0.00074524735,0.037356663,0.0938779
1.000377,0.0005400107,0,0.0036400391,875.326801815487,1033.8115080228326,6180,5774.7915,3.1331384,826.92914,0.3586739,7502.636,4.049977,0,,,,,875.326801815487,0.00072158035,1033.8115080228326,0.00074413593,0.03711588,0.09394989
1.0018883,0.00054011116,0,0.0036398156,875.3273535647785,1033.8111084741897,6181,5783.379,3.1335642,826.93524,0.35863274,7513.97,4.05073,0,,,,,875.3273535647785,0.0007215251,1033.8111084741897,0.0007439478,0.037023436,0.09418769
1.0008463,0.0005398372,0,0.0036395919,875.3248182442208,1033.811792351552,6182,5776.2905,3.1324615,827.0701,0.35821247,7506.1553,4.0486755,0,,,,,875.3248182442208,0.00072302256,1033.811792351552,0.00074542227,0.037495438,0.09377436
1.0003804,0.0005397027,0,0.0036393679,875.3262894242278,1033.8098645679593,6183,5774.7446,3.131903,827.651,0.35835966,7502.661,4.047667,0,,,,,875.3262894242278,0.00072207296,1033.8098645679593,0.00074435415,0.037716348,0.09376443
1.0004119,0.0005396591,0,0.0036391434,875.3257743283468,1033.811231774287,6184,5774.719,3.13127,827.1048,0.35853398,7502.898,4.04734,0,,,,,875.3257743283468,0.0007222272,1033.811231774287,0.00074450957,0.03743886,0.09415908
1.0000592,0.0005395509,0,0.0036389187,875.324694816385,1033.8109850669919,6185,5771.2236,3.130787,826.12933,0.35880527,7500.253,4.0465283,0,,,,,875.324694816385,0.0007222541,1033.8109850669919,0.0007443741,0.037488684,0.09434879
1.0008144,0.00053972076,0,0.0036386936,875.3260330032376,1033.8109632283858,6186,5776.1567,3.1315904,826.4296,0.3582847,7505.917,4.0478024,0,,,,,875.3260330032376,0.00072233053,1033.8109632283858,0.00074457703,0.037480704,0.094689876
1.0008912,0.0005398953,0,0.0036384682,875.3249990551868,1033.8119065969854,6187,5776.781,3.1324782,826.6218,0.3583046,7506.492,4.0491114,0,,,,,875.3249990551868,0.0007225695,1033.8119065969854,0.0007451085,0.037282187,0.09464144
0.9990268,0.00053994654,0,0.0036382424,875.3245713646805,1033.813212760907,6188,5763.7954,3.1328068,827.849,0.35806227,7492.51,4.0494957,0,,,,,875.3245713646805,0.0007238855,1033.813212760907,0.0007465568,0.037221268,0.09548484
1.000184,0.0005400535,0,0.0036380163,875.3254923822359,1033.8124113113386,6189,5771.1147,3.1332045,828.1106,0.358607,7501.189,4.0502977,0,,,,,875.3254923822359,0.0007232176,1033.8124113113386,0.0007457217,0.0368697,0.09546093
1.000467,0.0005399364,0,0.0036377897,875.324012950023,1033.811554112765,6190,5773.192,3.1324139,827.2906,0.3586373,7503.3105,4.04942,0,,,,,875.324012950023,0.0007232663,1033.811554112765,0.00074568315,0.036724716,0.09492755
1.0002145,0.00053975516,0,0.003637563,875.3256199096892,1033.8118634653708,6191,5770.9756,3.1316314,826.3329,0.35866684,7501.417,4.0480604,0,,,,,875.3256199096892,0.0007224476,1033.8118634653708,0.0007447923,0.037086483,0.095100254
0.99910957,0.00053964986,0,0.003637336,875.3248288807258,1033.8106977322964,6192,5765.529,3.1308823,827.9628,0.3582399,7493.1304,4.047271,0,,,,,875.3248288807258,0.000723342,1033.8106977322964,0.0007455084,0.036936928,0.09514902
0.99886256,0.00053963467,8192,0.0036371085,875.3248342327249,1033.8123498217305,6193,5764.2866,3.1307642,827.17303,0.35844412,7491.278,4.047157,8192,,,,,875.3248342327249,0.00072436826,1033.8123498217305,0.0007468012,0.037236,0.09527258
1.0003848,0.0005397015,0,0.0036368808,875.3248273799479,1033.8110393263446,6194,5771.652,3.1312873,827.51416,0.3586237,7502.695,4.047658,0,,,,,875.3248273799479,0.000722193,1033.8110393263446,0.0007444262,0.037284266,0.0955535
1.0000255,0.0005396848,0,0.0036366526,875.3270391394109,1033.8127124833918,6195,5770.3745,3.1314142,828.1045,0.35848445,7500.0,4.0475326,0,,,,,875.3270391394109,0.0007217248,1033.8127124833918,0.00074425444,0.037560858,0.0951813
0.99947685,0.00053984934,8192,0.0036364242,875.3255503926389,1033.8118809080313,6196,5767.398,3.1322253,827.7694,0.3586241,7495.8853,4.0487666,8192,,,,,875.3255503926389,0.0007231461,1033.8118809080313,0.000745737,0.037632693,0.095509425
0.9989929,0.0005398424,0,0.0036361956,875.3242690730088,1033.8120914657738,6197,5763.383,3.1319146,827.69305,0.35856518,7492.256,4.0487146,0,,,,,875.3242690730088,0.0007246108,1033.8120914657738,0.0007471975,0.03708077,0.09516734
1.0002384,0.0005397653,8192,0.0036359665,875.3259687119262,1033.8113913223253,6198,5770.626,3.1319788,827.7495,0.35844034,7501.5967,4.048136,8192,,,,,875.3259687119262,0.0007229219,1033.8113913223253,0.0007453028,0.03788084,0.095330685
0.9997298,0.00053972413,0,0.003635737,875.3262301857842,1033.813242160949,6199,5768.0156,3.1312711,827.3345,0.35829535,7497.782,4.0478277,0,,,,,875.3262301857842,0.0007220842,1033.813242160949,0.0007447845,0.037180297,0.095402814
0.9995613,0.0005397215,0,0.0036355073,875.3248661717969,1033.810524675557,6200,5766.0493,3.131276,828.029,0.3581143,7496.5186,4.047808,0,,,,,875.3248661717969,0.0007225828,1033.810524675557,0.00074483844,0.036808617,0.095702976
0.99910265,0.0005396667,0,0.0036352773,875.3265462560511,1033.8109445078373,6201,5763.186,3.1309638,828.12335,0.35808104,7493.0786,4.0473967,0,,,,,875.3265462560511,0.0007231211,1033.8109445078373,0.00074545026,0.036857948,0.09594207
1.0001202,0.00053972297,0,0.0036350468,875.3250074479865,1033.812294138137,6202,5769.4316,3.131371,828.3677,0.35843086,7500.71,4.047819,0,,,,,875.3250074479865,0.0007229386,1033.812294138137,0.00074539275,0.03716472,0.096008234
0.99935204,0.0005396901,0,0.003634816,875.3259525950759,1033.8116877780424,6203,5764.0728,3.130927,827.5286,0.35825506,7494.949,4.047572,0,,,,,875.3259525950759,0.0007236482,1033.8116877780424,0.00074615824,0.03673152,0.09690607
0.9988317,0.0005396804,0,0.003634585,875.3243493864345,1033.8129026917532,6204,5759.706,3.1307695,828.31744,0.35786292,7491.0464,4.0474997,0,,,,,875.3243493864345,0.00072405953,1033.8129026917532,0.00074659515,0.03686569,0.09735259
0.99857837,0.0005396318,0,0.0036343536,875.3237114214555,1033.812715502078,6205,5758.6216,3.1304226,826.6206,0.35869223,7489.1465,4.0471354,0,,,,,875.3237114214555,0.0007238759,1033.812715502078,0.00074629893,0.03698657,0.09727563
0.99774873,0.00053943763,0,0.0036341217,875.3256778060713,1033.8134018951,6206,5753.5615,3.1294458,828.49866,0.35841447,7482.9243,4.045679,0,,,,,875.3256778060713,0.0007243585,1033.8134018951,0.0007470628,0.037137352,0.097421214
0.9977436,0.0005395594,0,0.0036336575,875.3244912581301,1033.8122128849266,6208,5753.1523,3.1299813,827.19946,0.358394,7482.886,4.046592,0,,,,,875.3244912581301,0.0007246644,1033.8122128849266,0.00074723316,0.036826536,0.09776965
0.9975014,0.00053960906,0,0.0036334246,875.3255015647395,1033.813261808136,6209,5751.403,3.130288,828.0999,0.3587692,7481.0693,4.0469646,0,,,,,875.3255015647395,0.0007247129,1033.813261808136,0.0007475233,0.037084572,0.09805969
0.9977429,0.00053962244,0,0.0036331916,875.3251869170987,1033.8129726619688,6210,5750.939,3.1305315,827.82825,0.35854626,7482.881,4.0470653,0,,,,,875.3251869170987,0.0007249343,1033.8129726619688,0.0007476285,0.037025563,0.09813379
0.99709684,0.0005394814,0,0.0036329583,875.325243715437,1033.8132235309654,6211,5748.3857,3.1299756,829.2695,0.35834405,7478.0356,4.046007,0,,,,,875.325243715437,0.0007248427,1033.8132235309654,0.00074773794,0.03777198,0.09785108
0.99760664,0.0005394979,0,0.0036327245,875.3258073195307,1033.8141578628295,6212,5751.1875,3.1299095,827.7323,0.3580977,7481.859,4.0461307,0,,,,,875.3258073195307,0.0007246938,1033.8141578628295,0.00074745005,0.037533153,0.09821155
0.9971066,0.0005390114,0,0.0036324903,875.3268823784836,1033.8144509051922,6213,5746.524,3.127316,827.7412,0.35820737,7478.109,4.0424824,0,,,,,875.3268823784836,0.0007250473,1033.8144509051922,0.00074801355,0.037688255,0.09830378
0.9973855,0.00053899776,0,0.003632256,875.3263650690722,1033.8139124390689,6214,5749.231,3.1271875,827.8351,0.3583896,7480.2,4.04238,0,,,,,875.3263650690722,0.00072515436,1033.8139124390689,0.0007479804,0.0375553,0.09843386
0.9984211,0.00053906086,0,0.0036320214,875.3248179985951,1033.8126121488312,6215,5754.787,3.127446,828.42834,0.35813606,7487.967,4.0428534,0,,,,,875.3248179985951,0.0007240762,1033.8126121488312,0.0007465402,0.037682753,0.098410875
0.99987626,0.0005392431,0,0.0036317862,875.3269365857609,1033.813657281415,6216,5760.8936,3.1283581,827.7764,0.35816228,7498.8804,4.04422,0,,,,,875.3269365857609,0.0007228371,1033.813657281415,0.00074557733,0.037313204,0.09944555
0.9996826,0.0005396971,0,0.0036315508,875.3234001271029,1033.810837982804,6217,5760.661,3.1309533,827.7243,0.35830566,7497.428,4.047625,0,,,,,875.3234001271029,0.00072222494,1033.810837982804,0.00074449024,0.037303098,0.099654086
0.9992466,0.00053981727,0,0.0036313152,875.3256786435599,1033.8145644883127,6218,5757.663,3.131801,827.9977,0.35835347,7494.158,4.0485263,0,,,,,875.3256786435599,0.0007229175,1033.8145644883127,0.0007459029,0.037480306,0.09968465
0.9987446,0.00053976744,0,0.003631079,875.3250510589039,1033.8163174233111,6219,5753.476,3.131618,829.28143,0.3580785,7490.3936,4.0481524,0,,,,,875.3250510589039,0.00072400103,1033.8163174233111,0.00074724446,0.037750088,0.100265555
0.9995306,0.0005395906,0,0.0036308425,875.3252652141036,1033.8147129232334,6220,5758.6685,3.1305027,827.3487,0.35876012,7496.288,4.0468264,0,,,,,875.3252652141036,0.0007238023,1033.8147129232334,0.0007467669,0.037828814,0.09989941
0.9995141,0.0005396584,0,0.003630606,875.3236191545927,1033.8151388095455,6221,5758.1694,3.13059,828.11053,0.35832286,7496.1646,4.0473347,0,,,,,875.3236191545927,0.0007237304,1033.8151388095455,0.0007466302,0.037617724,0.100308396
1.0003356,0.0005392774,0,0.003630369,875.3258602446668,1033.8148334447392,6222,5762.059,3.1287537,826.7545,0.35893545,7502.325,4.044477,0,,,,,875.3258602446668,0.00072222453,1033.8148334447392,0.00074508064,0.037726223,0.100027174
0.99861395,0.0005391142,0,0.0036301315,875.3259925335303,1033.8150462508677,6223,5751.9307,3.1274614,829.2818,0.3583861,7489.4136,4.043253,0,,,,,875.3259925335303,0.000724192,1033.8150462508677,0.0007471152,0.03728512,0.10085191
0.9991678,0.00053912133,0,0.0036298938,875.3256305614902,1033.8153263261615,6224,5754.474,3.127495,828.731,0.3579914,7493.5674,4.043307,0,,,,,875.3256305614902,0.0007228445,1033.8153263261615,0.00074572384,0.036971476,0.101364605
1.0003237,0.0005392599,0,0.0036296558,875.3261383642769,1033.814858167571,6225,5760.01,3.1284065,827.8483,0.35864964,7502.236,4.0443463,0,,,,,875.3261383642769,0.0007224702,1033.814858167571,0.0007453301,0.037235983,0.10117793
0.9989959,0.00053933053,0,0.0036294174,875.3263196755481,1033.8168409436664,6226,5752.3823,3.1287045,827.66455,0.35881212,7492.278,4.0448756,0,,,,,875.3263196755481,0.00072332274,1033.8168409436664,0.0007467372,0.0371027,0.101711065
0.999405,0.00053982483,0,0.0036291787,875.3269535396234,1033.8172406046056,6227,5755.3193,3.1315813,827.8959,0.35843948,7495.346,4.048583,0,,,,,875.3269535396234,0.0007235728,1033.8172406046056,0.0007471221,0.037170533,0.101501
1.0,0.0005397284,0,0.0036289396,875.3239206288687,1033.817500271476,6228,5758.111,3.131112,828.20154,0.35774976,7499.8086,4.0478597,0,,,,,875.3239206288687,0.00072278065,1033.817500271476,0.00074621034,0.037425313,0.10157137
0.99937,0.0005391993,0,0.0036287003,875.3263607090537,1033.8153486070955,6229,5755.064,3.1283288,827.7298,0.3586833,7495.0835,4.0438914,0,,,,,875.3263607090537,0.00072324055,1033.8153486070955,0.00074612995,0.0374757,0.1010702
1.0016588,0.0005394432,0,0.0036284607,875.3273245168191,1033.8152963580856,6230,5768.289,3.1294818,827.68115,0.35875016,7512.249,4.045721,0,,,,,875.3273245168191,0.00072257867,1033.8152963580856,0.0007455767,0.037480865,0.10148996
1.0009704,0.0005393113,0,0.0036282206,875.3252581554818,1033.8151509858772,6231,5763.285,3.1290355,828.2719,0.35828424,7507.0864,4.0447316,0,,,,,875.3252581554818,0.00072282826,1033.8151509858772,0.00074572756,0.037599597,0.10165864
1.0003242,0.00053931156,0,0.0036279801,875.3255810801306,1033.815209052977,6232,5758.5303,3.1285012,827.714,0.35863113,7502.24,4.0447335,0,,,,,875.3255810801306,0.00072259794,1033.815209052977,0.00074555585,0.03716181,0.10246352
1.0006862,0.0005392874,0,0.0036277396,875.3251207308829,1033.8162112760672,6233,5761.256,3.1286392,827.7679,0.35817736,7504.9546,4.0445523,0,,,,,875.3251207308829,0.00072259083,1033.8162112760672,0.0007455242,0.037324753,0.10218537
0.99954385,0.00053920306,0,0.0036274986,875.3249100044487,1033.8156145459784,6234,5754.5645,3.128261,828.15826,0.35836253,7496.3877,4.0439196,0,,,,,875.3249100044487,0.0007233698,1033.8156145459784,0.0007463886,0.037459847,0.10238744
0.9990189,0.0005391657,0,0.0036272572,875.324749464787,1033.8166938621343,6235,5750.709,3.128054,829.3869,0.35896006,7492.4507,4.0436397,0,,,,,875.324749464787,0.0007244014,1033.8166938621343,0.0007476572,0.037275963,0.10254483
1.0003551,0.0005392693,0,0.0036270155,875.3264710270429,1033.8167083082888,6236,5759.3076,3.1285946,828.7769,0.35848013,7502.4717,4.0444164,0,,,,,875.3264710270429,0.00072317565,1033.8167083082888,0.00074641046,0.03771797,0.10199007
1.0008894,0.00053926016,0,0.0036267734,875.3250530381349,1033.815817421414,6237,5761.9155,3.1287692,827.6427,0.3584474,7506.4795,4.044348,0,,,,,875.3250530381349,0.0007226671,1033.815817421414,0.00074570137,0.03748503,0.102306046
0.9997586,0.00053919625,0,0.0036265312,875.3258931448888,1033.8175417797825,6238,5753.8306,3.1281426,827.97974,0.3580519,7497.998,4.0438685,0,,,,,875.3258931448888,0.00072289683,1033.8175417797825,0.0007462782,0.03726574,0.10263595
1.000228,0.0005393467,0,0.0036262884,875.3232739947032,1033.8152503508713,6239,5757.8994,3.1290395,827.19946,0.35874733,7501.519,4.044997,0,,,,,875.3232739947032,0.0007231204,1033.8152503508713,0.00074579456,0.037026476,0.10246798
1.000933,0.0005397628,0,0.0036260455,875.3250592943017,1033.8160245749714,6240,5762.0317,3.1314712,828.55066,0.35842958,7506.806,4.0481176,0,,,,,875.3250592943017,0.00072289427,1033.8160245749714,0.00074596767,0.03709256,0.10204146
1.0007868,0.00053937855,0,0.003625802,875.325324806883,1033.8182792237112,6241,5759.8687,3.1291986,828.06476,0.35842335,7505.709,4.045236,0,,,,,875.325324806883,0.00072250474,1033.8182792237112,0.00074580073,0.036802616,0.10306041
0.9997999,0.0005393634,0,0.0036255585,875.3252529938793,1033.8180329031975,6242,5755.0723,3.1286838,828.3478,0.35838363,7498.308,4.0451226,0,,,,,875.3252529938793,0.0007226052,1033.8180329031975,0.0007459294,0.036801953,0.10335509
1.0006183,0.0005394096,0,0.0036253144,875.3248718876855,1033.8166272572676,6243,5760.572,3.1289127,827.88855,0.3583836,7504.446,4.045469,0,,,,,875.3248718876855,0.0007221627,1033.8166272572676,0.0007450568,0.03682792,0.10267148
1.0002257,0.0005392136,0,0.00362507,875.3235899057331,1033.817759337745,6244,5757.133,3.1280143,827.9649,0.3585209,7501.5015,4.0439987,0,,,,,875.3235899057331,0.0007231688,1033.817759337745,0.00074615487,0.036864717,0.10271718
0.9999214,0.0005391558,0,0.0036248255,875.3255788873234,1033.8167922938455,6245,5756.5625,3.1277902,828.99255,0.35814363,7499.2188,4.0435653,0,,,,,875.3255788873234,0.0007227913,1033.8167922938455,0.0007458398,0.037212532,0.10218946
1.0006353,0.00053923135,0,0.0036245803,875.3256892080315,1033.8168292398382,6246,5760.931,3.1284919,828.88617,0.35798907,7504.573,4.0441318,0,,,,,875.3256892080315,0.00072266406,1033.8168292398382,0.0007458709,0.037430078,0.1021114
1.0013343,0.00053933874,0,0.0036243352,875.3258748017374,1033.816533450103,6247,5762.9062,3.1291287,828.76514,0.35802802,7509.8154,4.044937,0,,,,,875.3258748017374,0.00072242337,1033.816533450103,0.0007456323,0.037659228,0.10296582
1.0005498,0.0005398387,0,0.0036240895,875.3259685171829,1033.8165970068912,6248,5759.461,3.1318235,828.11005,0.35833997,7503.932,4.048687,0,,,,,875.3259685171829,0.00072273193,1033.8165970068912,0.00074598874,0.03738761,0.10280237
1.0018181,0.0005400339,0,0.0036238434,875.3249090311399,1033.8163672026292,6249,5765.528,3.1326797,828.3862,0.35835373,7513.4434,4.050151,0,,,,,875.3249090311399,0.00072200847,1033.8163672026292,0.0007451072,0.037145574,0.103452474
1.000971,0.0005394663,0,0.003623597,875.326031103921,1033.8180001956453,6250,5759.8076,3.1297393,828.5365,0.35818085,7507.091,4.0458937,0,,,,,875.326031103921,0.00072217005,1033.8180001956453,0.0007455921,0.0376771,0.10363812
1.0008876,0.00053934834,0,0.0036233505,875.3252752773312,1033.8161364132548,6251,5760.3394,3.1290886,827.4771,0.358562,7506.466,4.045009,0,,,,,875.3252752773312,0.00072225486,1033.8161364132548,0.0007452724,0.037823085,0.10329564
0.9999809,0.00053921953,0,0.0036231035,875.3249400120462,1033.8182202434732,6252,5754.6934,3.1281,828.27795,0.35826766,7499.6655,4.044043,0,,,,,875.3249400120462,0.000722772,1033.8182202434732,0.0007460163,0.037563,0.10374834
1.0004281,0.00053916185,0,0.0036228562,875.3264899112635,1033.8172241983802,6253,5756.5356,3.127942,827.9574,0.3582291,7503.0195,4.0436106,0,,,,,875.3264899112635,0.00072253257,1033.8172241983802,0.00074582396,0.037989955,0.1038107
1.0003772,0.0005391806,0,0.0036226085,875.325724350999,1033.8186339546546,6254,5756.8076,3.1278005,827.8889,0.35875282,7502.6377,4.0437512,0,,,,,875.325724350999,0.00072263123,1033.8186339546546,0.0007460434,0.03772286,0.104109935
1.0009171,0.0005392398,0,0.0036223605,875.3259482086387,1033.8167873145567,6255,5760.4297,3.1283832,828.0157,0.35857204,7506.6865,4.044195,0,,,,,875.3259482086387,0.00072226115,1033.8167873145567,0.00074538984,0.037813228,0.10375618
1.0009484,0.00053935836,0,0.0036221123,875.3262576296382,1033.8181531546043,6256,5759.165,3.129162,828.16455,0.35873452,7506.922,4.0450845,0,,,,,875.3262576296382,0.00072252203,1033.8181531546043,0.000745899,0.037601545,0.104336046
1.0012562,0.00053996796,0,0.0036218637,875.3254681410328,1033.8162354588255,6257,5761.5347,3.1327221,828.76135,0.35831574,7509.23,4.0496564,0,,,,,875.3254681410328,0.0007221087,1033.8162354588255,0.00074535934,0.03776207,0.10410897
1.0017954,0.0005396135,0,0.0036216145,875.325143749078,1033.8181169647705,6258,5765.1074,3.130452,828.3404,0.35810292,7513.274,4.046998,0,,,,,875.325143749078,0.0007221744,1033.8181169647705,0.0007455073,0.037654694,0.10411114
1.0009581,0.0005393477,0,0.0036213654,875.3262755658413,1033.817539206359,6259,5759.7725,3.1290543,827.78296,0.35830143,7506.9937,4.0450044,0,,,,,875.3262755658413,0.00072215905,1033.817539206359,0.0007454279,0.037593305,0.10349957
1.0010507,0.00053934613,0,0.0036211158,875.3261621406255,1033.8176108024813,6260,5760.877,3.1290598,829.8549,0.3580928,7507.689,4.044993,0,,,,,875.3261621406255,0.00072199834,1033.8176108024813,0.00074521545,0.037769664,0.10364942
1.001046,0.0005393141,0,0.0036208658,875.3274916552281,1033.8168128465666,6261,5761.356,3.1289978,828.1644,0.35870814,7507.6533,4.0447526,0,,,,,875.3274916552281,0.0007224083,1033.8168128465666,0.0007457622,0.038147274,0.10383933
0.9996226,0.00053913734,0,0.0036206155,875.3264607616275,1033.8171830330025,6262,5752.0864,3.1278265,828.7098,0.35789642,7496.978,4.043427,0,,,,,875.3264607616275,0.0007233886,1033.8171830330025,0.00074677326,0.037612658,0.10396093
1.0000614,0.0005392159,8192,0.0036203647,875.3258267826874,1033.818050357502,6263,5754.24,3.1280425,828.65137,0.35831136,7500.269,4.0440164,8192,,,,,875.3258267826874,0.0007219988,1033.818050357502,0.0007453254,0.037231363,0.10428649
1.0009688,0.00053935626,0,0.003620114,875.3240838328866,1033.8173248839776,6264,5759.843,3.1287067,828.355,0.35854378,7507.074,4.0450687,0,,,,,875.3240838328866,0.0007224187,1033.8173248839776,0.00074561255,0.037260797,0.104788564
1.0002333,0.0005392647,0,0.0036198625,875.3264360486883,1033.8172984289924,6265,5755.319,3.1285145,828.43585,0.35845295,7501.558,4.044382,0,,,,,875.3264360486883,0.0007228468,1033.8172984289924,0.0007460316,0.03792418,0.10450562
1.0009246,0.00053936936,0,0.003619611,875.326560617556,1033.8168156277925,6266,5758.927,3.1290123,830.9792,0.35823512,7506.743,4.045167,0,,,,,875.326560617556,0.0007218909,1033.8168156277925,0.00074498676,0.037724227,0.10487178
1.001147,0.00053936767,0,0.003619359,875.3265904176478,1033.8185428563897,6267,5760.663,3.1289732,829.87244,0.35840923,7508.411,4.045154,0,,,,,875.3265904176478,0.0007225792,1033.8185428563897,0.0007461479,0.03770755,0.104961455
1.00081,0.0005392642,0,0.0036191067,875.3241219286724,1033.8179473088685,6268,5758.2285,3.128514,828.4939,0.3583282,7505.884,4.0443783,0,,,,,875.3241219286724,0.0007217182,1033.8179473088685,0.0007448064,0.03769578,0.10538477
1.0016899,0.0005394496,0,0.003618854,875.3258305542417,1033.8187501692753,6269,5762.438,3.1296058,829.81586,0.35829398,7512.4824,4.0457687,0,,,,,875.3258305542417,0.00072250824,1033.8187501692753,0.0007460263,0.03796652,0.105726324
0.9999636,0.00053929916,0,0.0036186012,875.3257988819107,1033.8172676198867,6270,5753.47,3.1287434,828.623,0.35828745,7499.5356,4.0446405,0,,,,,875.3257988819107,0.0007228613,1033.8172676198867,0.0007461226,0.037760176,0.105277196
1.0000151,0.0005392714,0,0.003618348,875.3270803511471,1033.817619046472,6271,5753.644,3.128462,829.0803,0.35850492,7499.922,4.044432,0,,,,,875.3270803511471,0.00072301686,1033.817619046472,0.0007462984,0.037865262,0.10502188
1.0003701,0.00053927884,0,0.0036180944,875.3268520895025,1033.8184055014788,6272,5754.8594,3.1286614,829.5608,0.3583774,7502.585,4.044488,0,,,,,875.3268520895025,0.00072239025,1033.8184055014788,0.0007458259,0.03779036,0.10519134
1.0000666,0.0005392875,0,0.0036178404,875.3255813852877,1033.8187706802596,6273,5753.963,3.1285896,829.33234,0.3581966,7500.308,4.0445533,0,,,,,875.3255813852877,0.0007231342,1033.8187706802596,0.0007466312,0.037892744,0.10504414
1.0011859,0.00053934474,0,0.003617586,875.3268253424412,1033.8204129686774,6274,5760.1265,3.1286294,828.0742,0.35874552,7508.702,4.0449824,0,,,,,875.3268253424412,0.00072249933,1033.8204129686774,0.0007461824,0.0374715,0.10556324
1.001358,0.000539289,0,0.0036173316,875.3242504893697,1033.8183499097056,6275,5759.633,3.1284869,829.1207,0.35885698,7509.993,4.0445642,0,,,,,875.3242504893697,0.00072245137,1033.8183499097056,0.0007458207,0.037721533,0.10606358
1.0009795,0.0005392554,0,0.0036170767,875.3249421644484,1033.8180529558492,6276,5758.357,3.1282294,828.381,0.3584245,7507.1553,4.044312,0,,,,,875.3249421644484,0.0007232491,1033.8180529558492,0.00074656453,0.03780339,0.10573443
1.0010501,0.0005393672,0,0.0036168215,875.3253601961383,1033.8182923276293,6277,5759.019,3.1288693,829.67804,0.35853207,7507.6846,4.0451508,0,,,,,875.3253601961383,0.00072237634,1033.8182923276293,0.00074585417,0.037812006,0.105405286
1.00057,0.0005394167,8192,0.0036165658,875.3262254942795,1033.8174877268532,6278,5755.4395,3.1292315,827.5212,0.3585295,7504.084,4.0455217,8192,,,,,875.3262254942795,0.000722154,1033.8174877268532,0.0007452386,0.038002394,0.10567597
1.0003355,0.00053969416,0,0.00361631,875.3261628895245,1033.8186567930584,6279,5754.758,3.1307218,830.1104,0.3586941,7502.3247,4.0476027,0,,,,,875.3261628895245,0.0007232207,1033.8186567930584,0.0007468873,0.0377278,0.105851404
1.001095,0.0005395129,0,0.0036160536,875.3258818516437,1033.8171504665725,6280,5759.259,3.1297073,829.06085,0.35851255,7508.021,4.0462437,0,,,,,875.3258818516437,0.0007221249,1033.8171504665725,0.0007454632,0.038176615,0.1057952
0.99984103,0.0005392729,0,0.003615797,875.3268040772595,1033.818386975462,6281,5751.283,3.1285458,828.93695,0.35853717,7498.616,4.0444436,0,,,,,875.3268040772595,0.0007233243,1033.818386975462,0.00074685767,0.037855756,0.10563054
1.000629,0.000539303,0,0.0036155402,875.326097082292,1033.8190679293111,6282,5756.812,3.1284044,828.9562,0.3581522,7504.526,4.044669,0,,,,,875.326097082292,0.00072229136,1033.8190679293111,0.0007459381,0.03763066,0.10543889
1.0007081,0.0005392443,0,0.003615283,875.3272426975961,1033.8175168586663,6283,5757.8125,3.1280496,828.43726,0.35855666,7505.1196,4.044229,0,,,,,875.3272426975961,0.0007217913,1033.8175168586663,0.0007452104,0.037763897,0.10537369
0.9995579,0.0005390725,0,0.0036150254,875.3263901072108,1033.8189600742767,6284,5750.377,3.1272016,829.6284,0.35873637,7496.493,4.0429406,0,,,,,875.3263901072108,0.0007234707,1033.8189600742767,0.0007469788,0.038038053,0.105681345
1.000823,0.0005391829,0,0.0036147675,875.326329279686,1033.8176104688232,6285,5758.575,3.1280658,829.2924,0.35848156,7505.981,4.043769,0,,,,,875.326329279686,0.00072177476,1033.8176104688232,0.0007450671,0.03794117,0.10525936
1.0003982,0.00053930527,0,0.0036145092,875.3260644673346,1033.8188251273486,6286,5756.689,3.1287618,828.79297,0.3590747,7502.7944,4.0446863,0,,,,,875.3260644673346,0.0007232214,1033.8188251273486,0.00074672524,0.038111642,0.10500123
1.0002059,0.00053963676,0,0.0036142506,875.3267539423584,1033.8177008805528,6287,5753.5947,3.1304164,830.9342,0.35880426,7501.3525,4.0471725,0,,,,,875.3267539423584,0.00072274887,1033.8177008805528,0.0007463787,0.038119704,0.10602949
0.9993749,0.0005396482,0,0.003613992,875.3240072571649,1033.8193218242695,6288,5748.931,3.1305242,830.0989,0.35838017,7495.1206,4.047258,0,,,,,875.3240072571649,0.00072326796,1033.8193218242695,0.000746813,0.037955318,0.10624754
1.0002079,0.0005393622,0,0.0036137325,875.3258552150338,1033.8186046238282,6289,5754.322,3.128972,829.33887,0.35876662,7501.3677,4.045113,0,,,,,875.3258552150338,0.0007227933,1033.8186046238282,0.00074625295,0.038116287,0.10566272
0.99958724,0.00053919473,0,0.003613473,875.3264956072478,1033.8183374418456,6290,5748.5513,3.127858,829.2998,0.35876268,7496.713,4.043857,0,,,,,875.3264956072478,0.0007231659,1033.8183374418456,0.0007465274,0.038000263,0.10679398
1.0008814,0.0005393199,0,0.003613213,875.3245682527177,1033.8183972869617,6291,5756.395,3.1283414,828.44403,0.35848805,7506.419,4.044796,0,,,,,875.3245682527177,0.00072202476,1033.8183972869617,0.0007454425,0.037528023,0.106613785
1.0002587,0.0005392445,0,0.003612953,875.3264930624448,1033.819239268697,6292,5753.9634,3.1281395,830.1842,0.35843313,7501.7485,4.0442305,0,,,,,875.3264930624448,0.0007229996,1033.819239268697,0.0007465882,0.038157247,0.10614183
1.0004075,0.00053917925,0,0.0036126925,875.3263700902266,1033.818836926134,6293,5753.445,3.1278248,829.0461,0.35891664,7502.8647,4.043741,0,,,,,875.3263700902266,0.0007226827,1033.818836926134,0.00074605364,0.038255382,0.10675037
1.0000886,0.00053922675,0,0.0036124315,875.3271292183408,1033.8195642334617,6294,5751.732,3.1279733,829.5349,0.3590974,7500.4727,4.0440974,0,,,,,875.3271292183408,0.00072263327,1033.8195642334617,0.00074626243,0.038387287,0.107187815
1.0001075,0.00053931103,0,0.0036121702,875.3281588328423,1033.8196919591169,6295,5752.451,3.1284492,829.965,0.3585646,7500.615,4.0447297,0,,,,,875.3281588328423,0.00072224357,1033.8196919591169,0.0007460951,0.038472656,0.10729955
0.9994523,0.0005392207,0,0.0036119088,875.3247892670997,1033.819734219899,6296,5747.5923,3.128193,829.75745,0.35817447,7495.7007,4.044052,0,,,,,875.3247892670997,0.0007226989,1033.819734219899,0.0007461094,0.038657054,0.10738667
1.0008985,0.00053933816,0,0.003611647,875.3269309080828,1033.820202126201,6297,5756.165,3.1287901,831.4606,0.35816786,7506.5474,4.044933,0,,,,,875.3269309080828,0.0007226171,1033.820202126201,0.00074650906,0.0386438,0.1073897
1.0001204,0.0005392152,0,0.0036113847,875.3259200053724,1033.82017372672,6298,5752.1113,3.1281083,829.1997,0.35854554,7500.712,4.044011,0,,,,,875.3259200053724,0.00072266953,1033.82017372672,0.000746504,0.038787145,0.10747637
1.0000753,0.0005392315,0,0.0036111223,875.3261594053581,1033.8200929934726,6299,5751.0884,3.128263,829.0666,0.35865843,7500.3735,4.044133,0,,,,,875.3261594053581,0.0007233949,1033.8200929934726,0.000747249,0.038701914,0.10755874
1.0004714,0.0005392616,0,0.0036108594,875.3266989052365,1033.8200334626067,6300,5753.7285,3.1284459,829.5614,0.35791057,7503.3433,4.0443587,0,,,,,875.3266989052365,0.00072265085,1033.8200334626067,0.0007465043,0.03881888,0.10718298
1.0001636,0.00053926295,0,0.0036105963,875.3276095890393,1033.8189447761686,6301,5752.2266,3.1282678,829.2992,0.35867283,7501.035,4.0443687,0,,,,,875.3276095890393,0.00072187517,1033.8189447761686,0.00074559124,0.03906052,0.107540816
0.9998615,0.0005392014,0,0.0036103327,875.3257382969377,1033.8208034069712,6302,5749.3706,3.1279283,829.7624,0.3587557,7498.7695,4.0439076,0,,,,,875.3257382969377,0.00072326855,1033.8208034069712,0.00074722077,0.038800105,0.107830755
0.99976146,0.0005391587,0,0.003610069,875.3271324530132,1033.818063686286,6303,5748.8896,3.1280172,830.5277,0.35837027,7498.0195,4.043587,0,,,,,875.3271324530132,0.0007228117,1033.818063686286,0.0007462503,0.039040376,0.10757187
1.0011504,0.00053932384,0,0.0036098047,875.3274706119527,1033.8199906361829,6304,5757.857,3.128581,828.88586,0.35879707,7508.4365,4.0448256,0,,,,,875.3274706119527,0.000721642,1033.8199906361829,0.0007453844,0.038603976,0.107639246
1.0011637,0.0005392548,0,0.0036095402,875.3271944925734,1033.8210004378109,6305,5757.3105,3.128383,831.022,0.35780007,7508.5366,4.0443077,0,,,,,875.3271944925734,0.0007224475,1033.8210004378109,0.00074627274,0.038944624,0.10779826
1.0000399,0.0005391271,0,0.0036092754,875.3274764164086,1033.8197012232406,6306,5751.1895,3.1276832,830.1203,0.3582136,7500.108,4.04335,0,,,,,875.3274764164086,0.0007228631,1033.8197012232406,0.0007465905,0.03888879,0.10715528
1.000401,0.0005392466,0,0.0036090103,875.32704730711,1033.8183557508391,6307,5754.451,3.128343,829.876,0.3583451,7502.816,4.044246,0,,,,,875.32704730711,0.0007223177,1033.8183557508391,0.0007457636,0.038575783,0.106892675
0.99981666,0.0005393103,0,0.0036087446,875.3277141442323,1033.8198812550957,6308,5750.8853,3.1286538,829.9886,0.35792372,7498.4336,4.044724,0,,,,,875.3277141442323,0.00072292885,1033.8198812550957,0.0007467172,0.038670473,0.107089244
1.000289,0.0005393647,0,0.003608479,875.327227983054,1033.8214409910363,6309,5752.136,3.129214,830.2346,0.35762843,7501.9756,4.045132,0,,,,,875.327227983054,0.000722539,1033.8214409910363,0.0007468317,0.038860727,0.107521884
0.99937016,0.00053931033,0,0.0036082128,875.3250007730821,1033.8211679684446,6310,5747.7515,3.1286175,829.361,0.35855564,7495.085,4.0447245,0,,,,,875.3250007730821,0.00072395767,1033.8211679684446,0.00074781664,0.038405355,0.10749585
1.0003954,0.0005394109,0,0.0036079462,875.3268416218397,1033.8202245795603,6311,5753.104,3.1290197,830.72296,0.35885015,7502.7744,4.045479,0,,,,,875.3268416218397,0.00072275207,1033.8202245795603,0.000746779,0.038584307,0.10747848
0.9989107,0.0005392252,0,0.0036076794,875.3266553491771,1033.8216777595435,6312,5743.066,3.1277492,830.795,0.3584184,7491.639,4.0440855,0,,,,,875.3266553491771,0.0007249861,1033.8216777595435,0.0007490313,0.038468402,0.108243264
1.0000151,0.00053915946,0,0.0036074123,875.327322154818,1033.8209999523906,6313,5750.324,3.1276157,830.4211,0.3584849,7499.922,4.043593,0,,,,,875.327322154818,0.0007234366,1033.8209999523906,0.0007473591,0.038952637,0.1085258
0.9996953,0.00053903036,0,0.0036071448,875.3270868328646,1033.8202252132598,6314,5748.743,3.1270232,829.1742,0.35863662,7497.5234,4.0426245,0,,,,,875.3270868328646,0.00072249625,1033.8202252132598,0.0007462721,0.039230738,0.10844337
0.99943215,0.0005390712,0,0.003606877,875.3276809323474,1033.8198039754907,6315,5746.6235,3.127311,830.75055,0.35806444,7495.55,4.042931,0,,,,,875.3276809323474,0.0007235059,1033.8198039754907,0.0007472692,0.03915143,0.108172916
0.99927855,0.0005391195,0,0.0036066088,875.327672937543,1033.8198626466083,6316,5746.763,3.1275666,830.1508,0.35798365,7494.398,4.043293,0,,,,,875.327672937543,0.0007229441,1033.8198626466083,0.00074672897,0.038947955,0.10762064
0.9995766,0.0005394693,0,0.0036063404,875.3260144748849,1033.8205889243122,6317,5748.299,3.1295109,829.7038,0.35836324,7496.6333,4.0459166,0,,,,,875.3260144748849,0.000723547,1033.8205889243122,0.0007474904,0.038943104,0.10803959
0.99878526,0.00053942774,0,0.0036060717,875.3253865028084,1033.821755682649,6318,5741.6743,3.1293828,830.4356,0.3583355,7490.698,4.0456047,0,,,,,875.3253865028084,0.00072478043,1033.821755682649,0.0007489652,0.03881917,0.108652815
0.9996839,0.0005393389,0,0.0036058025,875.3264400898172,1033.820506915076,6319,5747.19,3.128672,830.2039,0.35811952,7497.438,4.0449386,0,,,,,875.3264400898172,0.0007234652,1033.820506915076,0.0007473074,0.038490836,0.108787015
0.99956244,0.0005392222,0,0.0036055332,875.326279805653,1033.8204306244747,6320,5746.3755,3.1278894,829.67834,0.35831675,7496.527,4.0440636,0,,,,,875.326279805653,0.00072330324,1033.8204306244747,0.00074702996,0.038640384,0.10914953
1.0008446,0.00053925486,0,0.0036052633,875.328145775245,1033.8202499978765,6321,5752.1016,3.1280098,830.0048,0.35848746,7506.1426,4.044308,0,,,,,875.328145775245,0.00072201685,1033.8202499978765,0.00074597594,0.038625274,0.10971492
0.9996753,0.00053917756,0,0.0036049932,875.3267248907271,1033.8210900873187,6322,5746.501,3.127488,831.97845,0.35824528,7497.373,4.0437284,0,,,,,875.3267248907271,0.0007223852,1033.8210900873187,0.00074629387,0.03823234,0.10920987
0.9998614,0.0005391746,0,0.0036047227,875.3264764987473,1033.8213123391101,6323,5747.2017,3.127409,831.8208,0.3582874,7498.769,4.0437064,0,,,,,875.3264764987473,0.00072300795,1033.8213123391101,0.00074698887,0.038487736,0.109547496
0.9992782,0.0005390383,0,0.003604452,875.3261194196831,1033.8213748834823,6324,5743.253,3.127007,830.2843,0.35862544,7494.395,4.042684,0,,,,,875.3261194196831,0.0007228668,1033.8213748834823,0.0007466168,0.038368978,0.109346665
1.0000498,0.0005392942,0,0.0036041809,875.3260824946532,1033.821630445833,6325,5748.6934,3.1280606,829.5226,0.3587932,7500.182,4.0446033,0,,,,,875.3260824946532,0.0007221418,1033.821630445833,0.0007461896,0.038254466,0.109429196
1.000279,0.00053939485,0,0.0036039094,875.3275078133477,1033.8205855945653,6326,5750.18,3.1287992,830.19745,0.35823858,7501.9004,4.045358,0,,,,,875.3275078133477,0.00072296784,1033.8205855945653,0.0007470164,0.038589496,0.10973107
0.9995154,0.00053920544,0,0.0036036377,875.3276051832847,1033.8216472170539,6327,5744.5273,3.1279082,829.5717,0.3582229,7496.1743,4.0439377,0,,,,,875.3276051832847,0.00072277314,1033.8216472170539,0.00074685604,0.03913652,0.109753124
1.0002931,0.00053919986,0,0.0036033657,875.3271086307785,1033.8199462943169,6328,5748.862,3.12772,829.57697,0.35818005,7502.007,4.0438957,0,,,,,875.3271086307785,0.00072238303,1033.8199462943169,0.00074615126,0.03888335,0.11003056
0.9988936,0.0005390825,0,0.0036030933,875.3265785124004,1033.822051787048,6329,5741.1353,3.127134,830.3128,0.35831332,7491.5107,4.0430155,0,,,,,875.3265785124004,0.0007235309,1033.822051787048,0.0007476785,0.03892716,0.110071495
1.0000435,0.00053916743,0,0.0036028204,875.3272453273842,1033.82139854475,6330,5746.3687,3.12791,829.52936,0.3584578,7500.135,4.0436525,0,,,,,875.3272453273842,0.00072273216,1033.82139854475,0.0007469513,0.039476313,0.1106034
1.0001937,0.0005391434,0,0.0036025473,875.3267224649792,1033.82164342708,6331,5746.771,3.1275754,829.8875,0.3583536,7501.261,4.0434723,0,,,,,875.3267224649792,0.0007227529,1033.82164342708,0.000746788,0.038887132,0.11101095
0.9996857,0.00053916103,0,0.003602274,875.3270390162893,1033.819601972475,6332,5745.1943,3.1273623,829.6612,0.35872307,7497.4517,4.0436044,0,,,,,875.3270390162893,0.00072292367,1033.819601972475,0.0007468192,0.03875806,0.110552244
0.9999751,0.00053918635,0,0.0036020002,875.3267315881565,1033.8223968822936,6333,5745.9185,3.127645,830.7041,0.35875702,7499.6216,4.0437946,0,,,,,875.3267315881565,0.00072259817,1033.8223968822936,0.0007468517,0.03888211,0.11064021
1.0014843,0.0005393701,0,0.0036017261,875.3280666406456,1033.820953512219,6334,5754.6636,3.1285856,829.2747,0.35901573,7510.9404,4.0451727,0,,,,,875.3280666406456,0.0007215836,1033.820953512219,0.0007456123,0.039076712,0.111134954
1.0004852,0.00053926796,8192,0.0036014519,875.3271179328287,1033.8219908707813,6335,5749.848,3.1280205,830.1119,0.35834825,7503.4478,4.0444064,8192,,,,,875.3271179328287,0.0007231974,1033.8219908707813,0.0007473421,0.038950063,0.11054334
1.0005801,0.0005391665,0,0.0036011771,875.3272727937682,1033.8220419483207,6336,5749.259,3.1275225,829.70184,0.35832557,7504.159,4.0436454,0,,,,,875.3272727937682,0.0007221329,1033.8220419483207,0.00074623816,0.03902813,0.111281954
0.9995775,0.0005391419,0,0.003600902,875.3283797431668,1033.8240765417038,6337,5742.508,3.1273453,830.4251,0.35848483,7496.64,4.043461,0,,,,,875.3283797431668,0.0007233673,1033.8240765417038,0.0007478669,0.038822927,0.11175977
1.000701,0.00053934887,0,0.0036006267,875.3261401991925,1033.8226940896898,6338,5749.887,3.1282852,829.63727,0.35849196,7505.066,4.0450134,0,,,,,875.3261401991925,0.00072255894,1033.8226940896898,0.00074656255,0.03908204,0.11134911
1.000775,0.0005394447,0,0.003600351,875.3272865429477,1033.823189137065,6339,5750.046,3.128947,829.8804,0.35849103,7505.621,4.045732,0,,,,,875.3272865429477,0.00072232285,1033.823189137065,0.00074663793,0.038973168,0.11135478
1.0010926,0.0005394045,0,0.003600075,875.3289192955181,1033.8235832471507,6340,5751.1064,3.1288602,829.934,0.35868663,7508.0024,4.0454307,0,,,,,875.3289192955181,0.0007219375,1033.8235832471507,0.0007465249,0.03907521,0.1115069
1.0013999,0.00053944596,0,0.0035997985,875.3283542537997,1033.8219161788977,6341,5754.089,3.1290479,829.9934,0.3585662,7510.3076,4.0457416,0,,,,,875.3283542537997,0.00072207215,1033.8219161788977,0.00074616336,0.03911051,0.11103431
1.0015186,0.0005394271,0,0.003599522,875.328549769929,1033.824040436119,6342,5753.989,3.1287336,829.89215,0.3585243,7511.198,4.0456,0,,,,,875.328549769929,0.0007221855,1033.824040436119,0.000746692,0.038800925,0.11153298
1.0006448,0.0005392046,0,0.0035992449,875.327956056245,1033.8220323518906,6343,5747.5034,3.127445,830.6935,0.35818893,7504.6445,4.043931,0,,,,,875.327956056245,0.0007218385,1033.8220323518906,0.00074610225,0.03895551,0.11201159
1.0000926,0.0005390902,0,0.0035989676,875.3272211334303,1033.8229289116546,6344,5745.497,3.1268685,830.91406,0.3582289,7500.503,4.043073,0,,,,,875.3272211334303,0.0007236044,1033.8229289116546,0.00074792077,0.03908237,0.11183833
1.0013674,0.0005392394,0,0.0035986898,875.3265878842939,1033.8223106818907,6345,5752.3433,3.127524,830.38257,0.3586356,7510.0645,4.0441923,0,,,,,875.3265878842939,0.00072258787,1033.8223106818907,0.0007465085,0.038605772,0.11185022
1.0003151,0.0005391493,0,0.0035984118,875.3284920928224,1033.8238102593364,6346,5744.5396,3.1274104,829.7698,0.35802907,7502.172,4.043516,0,,,,,875.3284920928224,0.0007229322,1033.8238102593364,0.00074744,0.039217997,0.11263684
1.0001991,0.00053940475,0,0.0035981333,875.3255877661339,1033.8251538540794,6347,5744.319,3.128704,830.93744,0.35853237,7501.302,4.0454326,0,,,,,875.3255877661339,0.00072276604,1033.8251538540794,0.0007473676,0.03893215,0.11270708
1.0005689,0.0005396306,0,0.0035978549,875.327229644724,1033.8241121960862,6348,5746.3306,3.1298597,829.1381,0.35874102,7504.0747,4.0471263,0,,,,,875.327229644724,0.00072296395,1033.8241121960862,0.0007476352,0.03884873,0.11290766
1.000362,0.0005393882,0,0.0035975757,875.3282651207619,1033.8228452837816,6349,5744.4976,3.1286478,830.2559,0.35848004,7502.5234,4.0453086,0,,,,,875.3282651207619,0.00072258327,1033.8228452837816,0.0007470134,0.039079864,0.11253722
1.0007213,0.00053927174,0,0.0035972965,875.327897744791,1033.823811147858,6350,5746.929,3.1279368,830.451,0.35817525,7505.2183,4.044435,0,,,,,875.327897744791,0.0007225294,1033.823811147858,0.0007468806,0.039229557,0.113082826
1.0006822,0.0005392023,0,0.0035970167,875.3264003272271,1033.8242231884453,6351,5747.1284,3.127401,830.2214,0.35854,7504.925,4.043914,0,,,,,875.3264003272271,0.0007221055,1033.8242231884453,0.00074658485,0.038950264,0.113143094
1.0003545,0.00053910736,0,0.0035967368,875.3286414541669,1033.8249012663987,6352,5744.0786,3.1271756,830.84454,0.35825127,7502.4673,4.043202,0,,,,,875.3286414541669,0.0007228565,1033.8249012663987,0.0007475974,0.039420065,0.11316056
1.0008086,0.00053916563,0,0.003596176,875.3296475715163,1033.822679355083,6354,5747.3027,3.1272745,831.08356,0.35829046,7505.873,4.043639,0,,,,,875.3296475715163,0.00072229217,1033.822679355083,0.0007463438,0.039188474,0.11292087
1.0005972,0.00053919555,0,0.003595895,875.3259770729187,1033.8222179780137,6355,5745.222,3.127655,829.74347,0.35829875,7504.2876,4.0438633,0,,,,,875.3259770729187,0.000722231,1033.8222179780137,0.0007462229,0.039371032,0.11302254
0.9994374,0.0005392213,0,0.0035956136,875.3282619041364,1033.8228481865133,6356,5738.7993,3.1278012,830.43024,0.3580793,7495.5894,4.0440564,0,,,,,875.3282619041364,0.00072331645,1033.8228481865133,0.000747812,0.03955168,0.11312844
1.000388,0.0005393094,0,0.003595332,875.3278386074421,1033.824242686165,6357,5744.4077,3.1283245,829.76666,0.3586353,7502.7188,4.0447173,0,,,,,875.3278386074421,0.00072308804,1033.824242686165,0.00074786425,0.039283223,0.113396466
1.0007607,0.0005391339,0,0.00359505,875.3284425279094,1033.824496611577,6358,5745.9727,3.1277647,829.6589,0.35858062,7505.513,4.0434012,0,,,,,875.3284425279094,0.0007221328,1033.824496611577,0.00074687746,0.039801322,0.113217264
1.000881,0.0005391169,0,0.0035947678,875.3284034176586,1033.8242104297533,6359,5746.3525,3.127565,829.251,0.35799396,7506.4155,4.0432734,0,,,,,875.3284034176586,0.00072272116,1033.8242104297533,0.0007473546,0.039751727,0.11324533
0.99998456,0.0005391439,0,0.003594485,875.3280422245107,1033.823591215272,6360,5740.47,3.1271832,830.5775,0.3584395,7499.693,4.043476,0,,,,,875.3280422245107,0.00072298467,1033.823591215272,0.0007474309,0.039183617,0.114121534
1.002249,0.0005392878,0,0.003594202,875.3272776817741,1033.8241484533978,6361,5752.455,3.1281912,830.41455,0.35848358,7516.676,4.044555,0,,,,,875.3272776817741,0.0007215086,1033.8241484533978,0.0007460171,0.039402522,0.11453104
0.99987346,0.0005389599,0,0.0035939189,875.3263115500105,1033.8249691008477,6362,5737.7363,3.1265657,830.822,0.35800064,7498.8594,4.042096,0,,,,,875.3263115500105,0.0007236185,1033.8249691008477,0.00074820797,0.03959093,0.11522496
0.99974823,0.00053901755,0,0.0035936353,875.328018409642,1033.8236349292492,6363,5737.7866,3.12677,830.6595,0.35898563,7497.9204,4.0425286,0,,,,,875.328018409642,0.00072259933,1033.8236349292492,0.0007470633,0.039402977,0.11488252
0.999723,0.0005390677,0,0.0035933512,875.328647524096,1033.8253219717587,6364,5737.589,3.1270707,832.39514,0.35842472,7497.7314,4.042905,0,,,,,875.328647524096,0.00072304957,1033.8253219717587,0.000747893,0.04007438,0.11477433
0.9979687,0.00053895626,128,0.003593067,875.3289432384165,1033.8257161124975,6365,5726.0625,3.126601,830.883,0.35849485,7484.574,4.042069,128,,,,,875.3289432384165,0.0007236451,1033.8257161124975,0.0007485604,0.03987271,0.11479586
0.9948467,0.0005385335,0,0.0035927824,875.3279113098049,1033.8264559606573,6366,5708.254,3.1238968,831.1163,0.35907242,7461.1597,4.038898,0,,,,,875.3279113098049,0.00072681386,1033.8264559606573,0.0007519713,0.03987277,0.115712546
0.98023164,0.0005369958,0,0.0035924974,875.3285288734321,1033.8257385805325,6367,5623.0605,3.1150756,831.3411,0.35848013,7351.55,4.0273657,0,,,,,875.3285288734321,0.0007371099,1033.8257385805325,0.0007625473,0.04011997,0.1157585
0.96494913,0.0005354668,0,0.0035922122,875.3306884838437,1033.8260424403084,6368,5533.1533,3.1064825,830.61957,0.35856313,7236.9336,4.0158987,0,,,,,875.3306884838437,0.00074800925,1033.8260424403084,0.0007738748,0.040083215,0.11575431
0.95761603,0.00053484086,0,0.0035919268,875.3297870336355,1033.8264742524163,6369,5491.0366,3.1027954,831.8341,0.3582237,7181.937,4.0112042,0,,,,,875.3297870336355,0.0007550821,1033.8264742524163,0.00078134943,0.03995683,0.115891494
0.9558552,0.00053465174,0,0.0035916409,875.3287083424975,1033.8268051386572,6370,5479.8843,3.1012962,831.05994,0.35815382,7168.731,4.0097857,0,,,,,875.3287083424975,0.00075499166,1033.8268051386572,0.00078122824,0.039537594,0.11672805
0.9552288,0.0005344969,0,0.0035913545,875.3280911847492,1033.8256000654965,6371,5474.692,3.1005983,832.0788,0.3586537,7164.033,4.0086246,0,,,,,875.3280911847492,0.00075583585,1033.8256000654965,0.00078174716,0.039306078,0.11673464
0.9536961,0.00053437817,0,0.003591068,875.3297716323348,1033.8261561913027,6372,5466.623,3.099925,831.6426,0.35842755,7152.538,4.007734,0,,,,,875.3297716323348,0.00075607543,1033.8261561913027,0.0007822567,0.039488923,0.1165647
0.9539155,0.000534282,0,0.003590781,875.3285397047879,1033.8273981871894,6373,5467.0947,3.0992746,831.7967,0.3583242,7154.1836,4.007013,0,,,,,875.3285397047879,0.0007563262,1033.8273981871894,0.00078252546,0.039527126,0.117023624
0.95402545,0.00053413707,0,0.003590494,875.3292854712469,1033.8261833851884,6374,5466.539,3.0988004,831.5642,0.3581,7155.0083,4.0059257,0,,,,,875.3292854712469,0.0007566226,1033.8261833851884,0.00078267354,0.039600603,0.11750232
0.9564063,0.0005344231,0,0.0035902064,875.3308067870621,1033.8243026820764,6375,5481.3564,3.1001446,830.3294,0.35855696,7172.8643,4.008071,0,,,,,875.3308067870621,0.0007538063,1033.8243026820764,0.0007795363,0.03982847,0.11726571
0.95602655,0.0005345014,0,0.0035899184,875.3298770449003,1033.827796590343,6376,5479.366,3.1006734,831.19806,0.35850507,7170.016,4.008658,0,,,,,875.3298770449003,0.00075518753,1033.827796590343,0.00078157184,0.03982837,0.11697375
0.95846254,0.00053487055,0,0.0035896301,875.3287706413752,1033.8274788743524,6377,5491.912,3.1027374,831.2656,0.35891548,7188.2856,4.011427,0,,,,,875.3287706413752,0.0007527097,1033.8274788743524,0.00077890605,0.039732352,0.11742589
0.9651545,0.00053575524,0,0.0035893416,875.3292690447076,1033.8257571154952,6378,5531.3604,3.1081183,832.0262,0.35840204,7238.474,4.0180616,0,,,,,875.3292690447076,0.000748152,1033.8257571154952,0.0007741332,0.039545495,0.1173733
0.97978735,0.00053720357,0,0.003589053,875.3275129901727,1033.8284656049914,6379,5616.3164,3.1160972,832.2455,0.3588373,7348.218,4.028924,0,,,,,875.3275129901727,0.00073739205,1033.8284656049914,0.0007631376,0.03928405,0.11766186
0.9958795,0.00053859584,0,0.0035887635,875.328211940872,1033.8259776734594,6380,5709.2983,3.1245322,831.5866,0.35815516,7468.9053,4.039366,0,,,,,875.328211940872,0.0007259753,1033.8259776734594,0.0007509773,0.03974837,0.11717774
0.99929756,0.0005388288,0,0.0035884741,875.3278375428833,1033.8276141317742,6381,5729.9604,3.1259763,831.9725,0.35830274,7494.5405,4.041113,0,,,,,875.3278375428833,0.000723433,1033.8276141317742,0.00074866373,0.040205326,0.11714348
1.0012149,0.0005389861,0,0.0035881842,875.3267394332962,1033.8267409130171,6382,5740.779,3.1267266,832.35443,0.35838488,7508.92,4.0422926,0,,,,,875.3267394332962,0.00072222267,1033.8267409130171,0.00074719713,0.03994693,0.11764551
1.0015897,0.0005390107,0,0.0035878941,875.3289785016473,1033.8273954923109,6383,5741.4966,3.1266248,832.24695,0.35853067,7511.731,4.042477,0,,,,,875.3289785016473,0.00072164997,1033.8273954923109,0.0007465729,0.03978442,0.117913306
0.99970275,0.00053896656,128,0.0035876036,875.3275472768621,1033.826311898375,6384,5730.578,3.1266315,831.2119,0.35819992,7497.579,4.042146,128,,,,,875.3275472768621,0.00072295684,1033.826311898375,0.0007478007,0.039869864,0.1181282
1.0003617,0.0005390208,0,0.0035873128,875.3274071239518,1033.8284588088195,6385,5734.882,3.1266592,831.1767,0.35854098,7502.521,4.042553,0,,,,,875.3274071239518,0.0007230752,1033.8284588088195,0.00074827636,0.03986565,0.11810196
1.000093,0.0005391559,0,0.0035870215,875.3291658717644,1033.8266123042952,6386,5732.52,3.1275642,831.315,0.3586864,7500.5063,4.043566,0,,,,,875.3291658717644,0.0007234734,1033.8266123042952,0.0007485754,0.03989761,0.11807911
1.0000173,0.00053912465,0,0.0035867302,875.3287011624044,1033.8268299781712,6387,5731.3354,3.1276464,831.3156,0.35898632,7499.938,4.0433316,0,,,,,875.3287011624044,0.00072367047,1033.8268299781712,0.00074894883,0.03996637,0.11845406
1.0003701,0.00053914293,128,0.0035864383,875.3292782694838,1033.8263534136054,6388,5734.0083,3.1276283,831.4188,0.35844943,7502.585,4.043469,128,,,,,875.3292782694838,0.0007232231,1033.8263534136054,0.0007483258,0.039929155,0.11804383
1.000654,0.00053900917,0,0.003586146,875.3282196924886,1033.8263173299156,6389,5735.253,3.1267679,831.60254,0.35864106,7504.713,4.0424657,0,,,,,875.3282196924886,0.0007227613,1033.8263173299156,0.000747798,0.039735813,0.11813119
1.0008277,0.0005389757,0,0.0035858536,875.3277223704481,1033.824791168194,6390,5735.17,3.1266823,832.41003,0.35818967,7506.0156,4.0422144,0,,,,,875.3277223704481,0.00072334,1033.824791168194,0.00074829074,0.039632916,0.11877551
0.99941,0.0005389625,0,0.003585561,875.3276998847725,1033.828080981412,6391,5728.2705,3.1260695,831.3615,0.358657,7495.3833,4.0421157,0,,,,,875.3276998847725,0.0007241893,1033.828080981412,0.00074950006,0.039753675,0.11893088
1.0004874,0.00053895946,0,0.0035852678,875.3289329392574,1033.8284844728628,6392,5734.957,3.1263332,831.42694,0.35861513,7503.4644,4.042093,0,,,,,875.3289329392574,0.0007227335,1033.8284844728628,0.00074806437,0.03987991,0.11841481
1.0004472,0.0005389175,0,0.0035849742,875.3286382391113,1033.82788717332,6393,5733.5034,3.1262634,830.99695,0.35872298,7503.1626,4.041778,0,,,,,875.3286382391113,0.0007225826,1033.82788717332,0.0007478765,0.039691307,0.118685424
1.0002593,0.00053902256,0,0.0035846806,875.3290791689349,1033.8280187327991,6394,5732.771,3.1265366,831.72107,0.35839674,7501.7534,4.042566,0,,,,,875.3290791689349,0.00072314736,1033.8280187327991,0.00074826344,0.040079065,0.11911103
1.0007491,0.00053903717,0,0.0035843863,875.3285036578238,1033.827568270522,6395,5735.261,3.1265893,830.6289,0.358397,7505.427,4.0426755,0,,,,,875.3285036578238,0.0007222763,1033.827568270522,0.00074733054,0.03976351,0.119289
1.0006087,0.0005389767,0,0.003584092,875.3271699784764,1033.827172400977,6396,5732.8364,3.1263704,830.6902,0.35871646,7504.3735,4.042222,0,,,,,875.3271699784764,0.0007223714,1033.827172400977,0.00074728223,0.039982874,0.119663484
1.0005523,0.0005389683,0,0.0035837973,875.3291184940962,1033.8297301656244,6397,5733.1987,3.126402,831.9184,0.35886827,7503.9507,4.042159,0,,,,,875.3291184940962,0.0007226078,1033.8297301656244,0.000748102,0.04024085,0.120032735
1.0001774,0.00053899334,0,0.003583502,875.3267418999042,1033.8274449164142,6398,5731.4224,3.1264973,831.18146,0.3590765,7501.1387,4.042347,0,,,,,875.3267418999042,0.0007228621,1033.8274449164142,0.00074782054,0.040213037,0.11967671
1.0006493,0.0005389874,0,0.0035832066,875.3276783336987,1033.8285820942024,6399,5732.356,3.126687,831.81305,0.35826722,7504.678,4.042302,0,,,,,875.3276783336987,0.00072259636,1033.8285820942024,0.0007478814,0.04033665,0.11977512
1.0008192,0.0005390644,0,0.0035829109,875.3295827938396,1033.8273518181495,6400,5734.9146,3.1268654,831.0333,0.35879833,7505.952,4.04288,0,,,,,875.3295827938396,0.00072240114,1033.8273518181495,0.0007477786,0.04021014,0.11938711
1.0001886,0.0005389417,0,0.0035826147,875.3274600327918,1033.8288247315131,6401,5731.415,3.1264842,831.4712,0.35862914,7501.2227,4.04196,0,,,,,875.3274600327918,0.0007232379,1033.8288247315131,0.00074844237,0.040431257,0.11969642
1.0002533,0.0005389417,0,0.0035823183,875.3305109620915,1033.8258521669914,6402,5731.192,3.1265128,830.2054,0.35856023,7501.708,4.04196,0,,,,,875.3305109620915,0.0007224231,1033.8258521669914,0.00074758084,0.04057834,0.119496904
1.0005618,0.00053901813,0,0.0035820217,875.3288656150276,1033.8273936642072,6403,5734.3545,3.126541,831.10974,0.35842738,7504.0225,4.042533,0,,,,,875.3288656150276,0.0007225795,1033.8273936642072,0.0007477753,0.04051636,0.11918286
1.0011524,0.0005389048,0,0.0035817246,875.328276561282,1033.8271025932745,6404,5737.7954,3.1262512,830.87616,0.35823703,7508.451,4.0416827,0,,,,,875.328276561282,0.0007224414,1033.8271025932745,0.00074730464,0.040044017,0.118778385
1.0007606,0.0005388288,0,0.0035814273,875.3283857839709,1033.8275363088228,6405,5733.9585,3.1257753,830.8342,0.35831302,7505.5127,4.041113,0,,,,,875.3283857839709,0.00072268286,1033.8275363088228,0.00074784557,0.04000795,0.119642586
1.0026257,0.00053910475,0,0.0035811295,875.3280568689282,1033.8279642925577,6406,5745.155,3.1272564,830.95667,0.3587573,7519.501,4.0431824,0,,,,,875.3280568689282,0.000720669,1033.8279642925577,0.00074594445,0.03994303,0.12009874
0.9999869,0.0005390215,0,0.0035808315,875.3285909165674,1033.8296818036886,6407,5730.3315,3.1266441,831.19836,0.35872212,7499.7104,4.042558,0,,,,,875.3285909165674,0.00072365,1033.8296818036886,0.0007491749,0.04021407,0.12004213
1.0011002,0.00053928804,0,0.003580533,875.3289023317686,1033.82886959921,6408,5735.135,3.1283436,831.3104,0.35888526,7508.06,4.044557,0,,,,,875.3289023317686,0.00072350324,1033.82886959921,0.00074909104,0.040109582,0.12050296
1.0004255,0.0005391812,0,0.0035802342,875.3293197713589,1033.8283966379813,6409,5732.516,3.1278358,830.44556,0.35877463,7502.9995,4.0437555,0,,,,,875.3293197713589,0.0007230382,1033.8283966379813,0.00074854336,0.04034863,0.11990348
1.0006269,0.0005391297,0,0.0035799353,875.3289351955136,1033.8284036035348,6410,5734.497,3.127409,832.2704,0.35833478,7504.5103,4.04337,0,,,,,875.3289351955136,0.0007236598,1033.8284036035348,0.00074902544,0.040290948,0.11952363
1.0008812,0.0005389598,0,0.0035796359,875.3284958447614,1033.826361899819,6411,5734.195,3.1267188,831.4101,0.35863724,7506.417,4.042095,0,,,,,875.3284958447614,0.0007216411,1033.826361899819,0.0007466345,0.0405201,0.12004093
1.0003704,0.0005388732,0,0.0035793362,875.3299158813682,1033.8286144244994,6412,5731.9146,3.125837,830.31226,0.35833034,7502.5864,4.0414457,0,,,,,875.3299158813682,0.00072279235,1033.8286144244994,0.0007482576,0.040380284,0.11999243
1.0017334,0.00053897174,0,0.0035790363,875.328394728694,1033.828954519388,6413,5739.911,3.1263497,831.15814,0.35867694,7512.809,4.042185,0,,,,,875.328394728694,0.0007220544,1033.828954519388,0.0007474362,0.040348735,0.120357804
1.0005032,0.0005388068,0,0.003578736,875.3305126948145,1033.8283836669598,6414,5731.9507,3.1255732,831.16534,0.3586417,7503.5825,4.040948,0,,,,,875.3305126948145,0.00072192814,1033.8283836669598,0.00074738666,0.040548876,0.12050043
1.0008312,0.0005389444,0,0.0035784352,875.3281639326034,1033.8293950151137,6415,5734.5454,3.1263905,830.9265,0.35860887,7506.0425,4.04198,0,,,,,875.3281639326034,0.0007225827,1033.8293950151137,0.0007480608,0.040510427,0.12061398
1.0014442,0.0005392724,0,0.0035781343,875.3290183248157,1033.8284967834957,6416,5738.6577,3.12799,831.4658,0.35815284,7510.64,4.04444,0,,,,,875.3290183248157,0.0007218635,1033.8284967834957,0.00074723817,0.040599257,0.12041477
1.0002472,0.0005392386,0,0.0035778328,875.3302307105391,1033.8297267075463,6417,5730.8096,3.128131,831.56995,0.35910034,7501.6626,4.0441866,0,,,,,875.3302307105391,0.00072340004,1033.8297267075463,0.00074918906,0.04061254,0.12091998
1.0008725,0.0005391629,0,0.0035775313,875.3282783378629,1033.8288817328053,6418,5735.0664,3.1274986,831.11224,0.35863334,7506.3525,4.0436187,0,,,,,875.3282783378629,0.00072260416,1033.8288817328053,0.0007480441,0.040841524,0.12054666
0.99990344,0.0005389482,0,0.0035772293,875.329048549948,1033.8290893892759,6419,5729.55,3.1262572,831.28955,0.3583934,7499.0845,4.0420084,0,,,,,875.329048549948,0.00072322844,1033.8290893892759,0.0007487869,0.040739525,0.1207204
1.0000423,0.0005389294,0,0.003576927,875.3285073168502,1033.8292797499737,6420,5729.894,3.126073,830.9339,0.35851592,7500.126,4.0418677,0,,,,,875.3285073168502,0.00072364864,1033.8292797499737,0.00074907887,0.040729135,0.12080098
1.0003716,0.00053890556,0,0.0035766244,875.3295990777376,1033.829245233088,6421,5730.786,3.126086,830.96344,0.35895014,7502.5957,4.0416884,0,,,,,875.3295990777376,0.0007223142,1033.829245233088,0.00074773544,0.040660344,0.12120991
1.0001806,0.00053888926,0,0.0035763213,875.3274126523204,1033.8277911324058,6422,5730.1797,3.125698,829.9899,0.35863486,7501.163,4.0415664,0,,,,,875.3274126523204,0.00072244153,1033.8277911324058,0.00074770395,0.040675744,0.12108379
1.0010766,0.0005389356,0,0.0035760181,875.3290465975707,1033.8295535665027,6423,5734.794,3.1261623,830.8892,0.35885757,7507.8823,4.041914,0,,,,,875.3290465975707,0.00072139653,1033.8295535665027,0.0007468335,0.040476725,0.12115387
1.0009272,0.000538976,0,0.0035757145,875.3272336538615,1033.8279833622266,6424,5732.8013,3.1263156,830.13544,0.35860437,7506.762,4.042217,0,,,,,875.3272336538615,0.0007220549,1033.8279833622266,0.0007471638,0.04034363,0.12161026
1.0007784,0.0005390587,0,0.0035754105,875.32910467857,1033.829800684691,6425,5732.5747,3.1266718,830.8349,0.35851663,7505.6465,4.042837,0,,,,,875.32910467857,0.0007224572,1033.829800684691,0.000747966,0.04049717,0.12172529
1.0002016,0.000538961,0,0.0035751062,875.3295141390456,1033.8291759122312,6426,5729.65,3.1263118,830.95844,0.35850292,7501.3203,4.0421042,0,,,,,875.3295141390456,0.00072297896,1033.8291759122312,0.00074854307,0.04064932,0.12168222
1.0014846,0.0005389983,0,0.0035748016,875.329005101519,1033.8291099038156,6427,5736.4546,3.126694,830.81885,0.35865822,7510.9434,4.042384,0,,,,,875.329005101519,0.0007215262,1033.8291099038156,0.0007469036,0.041019738,0.12157999
1.000344,0.00053898327,8192,0.0035744966,875.3306541424963,1033.8299233784996,6428,5731.0713,3.1263824,831.1148,0.35862723,7502.3887,4.042271,8192,,,,,875.3306541424963,0.0007226257,1033.8299233784996,0.0007484262,0.040542908,0.12154899
1.0045229,0.00054038514,128,0.0035741914,875.3269568484575,1033.8301291330454,6429,5755.5864,3.1343722,831.4703,0.35893804,7533.7295,4.052785,128,,,,,875.3269568484575,0.0007202338,1033.8301291330454,0.0007460188,0.040815048,0.120908424
1.000769,0.0005390233,0,0.003573886,875.3294211479149,1033.8289597027144,6430,5732.247,3.1266136,831.39087,0.35838097,7505.576,4.0425715,0,,,,,875.3294211479149,0.00072195544,1033.8289597027144,0.00074748026,0.040983025,0.12184531
1.0010071,0.00053901534,0,0.00357358,875.3296109246078,1033.8288630005632,6431,5735.236,3.1266036,830.94946,0.35883197,7507.362,4.042512,0,,,,,875.3296109246078,0.00072219403,1033.8288630005632,0.0007477278,0.040923372,0.121359535
1.0010562,0.0005389988,0,0.0035729671,875.3282413156721,1033.8285006506967,6433,5732.9937,3.126573,830.5484,0.35890806,7507.73,4.042388,0,,,,,875.3282413156721,0.00072156294,1033.8285006506967,0.00074684795,0.04084145,0.12220744
1.0008682,0.0005389567,0,0.0035726603,875.3289500158971,1033.8288629848403,6434,5733.1826,3.1262472,831.4488,0.35872036,7506.32,4.0420723,0,,,,,875.3289500158971,0.0007225865,1033.8288629848403,0.00074801163,0.04097652,0.121837266
1.0008732,0.00053890806,0,0.0035723532,875.3308838072495,1033.8324691840703,6435,5732.7573,3.1258035,831.8197,0.35826573,7506.358,4.0417075,0,,,,,875.3308838072495,0.00072210946,1033.8324691840703,0.00074807985,0.04101639,0.12251367
1.000223,0.0005388109,0,0.0035720456,875.328415524846,1033.8302481266774,6436,5728.095,3.1255631,832.0116,0.35841346,7501.4814,4.040979,0,,,,,875.328415524846,0.0007229658,1033.8302481266774,0.00074840273,0.040957227,0.12234667
1.0011595,0.0005391108,0,0.0035717376,875.3281857288648,1033.830296263055,6437,5734.056,3.1268764,830.0971,0.35910678,7508.5054,4.0432277,0,,,,,875.3281857288648,0.000722145,1033.830296263055,0.00074765825,0.040774275,0.1227595
1.0010693,0.0005392465,0,0.0035714295,875.3285146564084,1033.8306875315338,6438,5734.072,3.1277318,831.51556,0.3585515,7507.8286,4.0442452,0,,,,,875.3285146564084,0.0007224379,1033.8306875315338,0.0007482838,0.04103966,0.12233051
1.0012735,0.00053920643,0,0.003571121,875.3298175303676,1033.8295213296217,6439,5733.479,3.1278982,832.5887,0.35867232,7509.36,4.043945,0,,,,,875.3298175303676,0.00072204665,1033.8295213296217,0.0007476754,0.040701453,0.122708105
1.00074,0.00053918076,0,0.003570812,875.3294876875377,1033.8297804670763,6440,5730.9497,3.1272533,831.88654,0.3588444,7505.359,4.0437527,0,,,,,875.3294876875377,0.0007224652,1033.8297804670763,0.0007481655,0.04102144,0.122807436
1.0014163,0.0005390979,0,0.0035705029,875.3315227921488,1033.8290580317023,6441,5734.792,3.1270766,832.298,0.35847098,7510.4307,4.043131,0,,,,,875.3315227921488,0.00072078983,1033.8290580317023,0.00074626994,0.040779132,0.12287585
1.0007569,0.0005389134,0,0.0035701934,875.328919792574,1033.8302179884254,6442,5730.374,3.125992,832.6589,0.35918045,7505.485,4.0417476,0,,,,,875.328919792574,0.00072270643,1033.8302179884254,0.00074821815,0.04110756,0.12307152
1.0012581,0.000538912,0,0.0035698835,875.3298049134381,1033.8305693742677,6443,5733.656,3.1257908,832.8878,0.35832193,7509.2446,4.041737,0,,,,,875.3298049134381,0.00072227657,1033.8305693742677,0.0007479838,0.040920258,0.122809306
1.0002718,0.0005387927,0,0.0035695734,875.3296866294338,1033.830433160684,6444,5728.2617,3.125383,834.0448,0.3584175,7501.847,4.040842,0,,,,,875.3296866294338,0.0007220875,1033.830433160684,0.00074779225,0.04081632,0.12311268
1.0008321,0.00053897686,0,0.0035692628,875.3293707568491,1033.831636581403,6445,5730.235,3.126161,832.5032,0.3589744,7506.049,4.0422235,0,,,,,875.3293707568491,0.00072244485,1033.831636581403,0.0007484724,0.04092305,0.12376726
1.0010391,0.00053917564,0,0.003568952,875.3291947614367,1033.8306835641606,6446,5731.0723,3.1272652,832.41174,0.35853392,7507.6016,4.043714,0,,,,,875.3291947614367,0.00072274526,1033.8306835641606,0.00074856303,0.0409222,0.12378614
1.0009003,0.0005393824,0,0.003568641,875.3289172286973,1033.8320582632014,6447,5730.3506,3.1287663,834.6921,0.35859746,7506.56,4.0452647,0,,,,,875.3289172286973,0.00072302093,1033.8320582632014,0.0007487687,0.040784664,0.12389978
1.0007938,0.0005391682,0,0.0035683294,875.3283830324507,1033.8310262430018,6448,5729.804,3.1275086,832.00946,0.35890523,7505.7617,4.0436583,0,,,,,875.3283830324507,0.0007228774,1033.8310262430018,0.0007486593,0.041395642,0.12333796
1.0007948,0.00053897145,0,0.0035680176,875.3294432075443,1033.8307070887638,6449,5729.3677,3.1264668,832.6625,0.3583461,7505.7695,4.042183,0,,,,,875.3294432075443,0.00072289706,1033.8307070887638,0.000748728,0.041377198,0.1236888
1.0009228,0.00053892744,0,0.0035677056,875.3309177532212,1033.8303547412743,6450,5731.155,3.1263404,832.0689,0.35925642,7506.7295,4.0418525,0,,,,,875.3309177532212,0.00072183943,1033.8303547412743,0.00074765494,0.041594025,0.12335862
1.0010928,0.000538941,0,0.0035673932,875.3299610157633,1033.8304116613233,6451,5731.2207,3.12621,832.1691,0.35864568,7508.0044,4.0419545,0,,,,,875.3299610157633,0.000721962,1033.8304116613233,0.00074761285,0.041568376,0.12377301
1.0006157,0.0005388513,0,0.0035670802,875.3295460046049,1033.830640772805,6452,5728.6084,3.1258726,833.56274,0.35852855,7504.427,4.0412817,0,,,,,875.3295460046049,0.00072234217,1033.830640772805,0.0007479038,0.041562162,0.12339905
1.0011659,0.00053893955,0,0.0035667673,875.3308786574298,1033.8313230263764,6453,5732.426,3.1260562,831.72205,0.35907993,7508.5522,4.0419436,0,,,,,875.3308786574298,0.0007219861,1033.8313230263764,0.00074792595,0.041563254,0.12375522
0.9999169,0.0005388569,0,0.0035664537,875.3305470618079,1033.8309452970616,6454,5724.6113,3.1256037,832.65125,0.35856885,7499.1855,4.0413237,0,,,,,875.3305470618079,0.00072274054,1033.8309452970616,0.00074871053,0.041755654,0.12372559
1.0009199,0.0005390186,0,0.00356614,875.330420999951,1033.8320916515108,6455,5729.8496,3.1265423,831.36707,0.3588744,7506.7075,4.0425363,0,,,,,875.330420999951,0.000722252,1033.8320916515108,0.000748479,0.04144251,0.12417297
1.0000522,0.0005389808,0,0.003565826,875.3295372248617,1033.8316811880657,6456,5725.176,3.1262329,832.34155,0.35881117,7500.2,4.042253,0,,,,,875.3295372248617,0.00072272576,1033.8316811880657,0.0007485907,0.04157171,0.12452593
1.0004755,0.00053892273,0,0.0035655117,875.3287496262684,1033.8318421300323,6457,5727.218,3.126128,832.19653,0.35839406,7503.3745,4.041817,0,,,,,875.3287496262684,0.00072280946,1033.8318421300323,0.0007487364,0.041860525,0.12467687
1.001691,0.0005389604,0,0.0035651969,875.3296831269031,1033.831166979585,6458,5733.1562,3.1263704,831.5812,0.35836777,7512.49,4.0421,0,,,,,875.3296831269031,0.0007216455,1033.831166979585,0.00074753456,0.041505616,0.12468066
1.0000347,0.00053892226,0,0.0035648819,875.3299834344929,1033.83214110667,6459,5724.461,3.126074,831.5836,0.35888848,7500.0684,4.041814,0,,,,,875.3299834344929,0.00072293147,1033.83214110667,0.0007488733,0.041483574,0.12482684
1.0013206,0.0005390414,0,0.0035645664,875.3305941257345,1033.8319452226096,6460,5731.8203,3.1264272,831.431,0.35860872,7509.713,4.0427074,0,,,,,875.3305941257345,0.0007222487,1033.8319452226096,0.0007483129,0.041644514,0.124899514
1.0011656,0.0005389535,0,0.0035642507,875.3291067890278,1033.8321560229692,6461,5729.9487,3.1260607,831.7615,0.3584768,7508.5503,4.0420485,0,,,,,875.3291067890278,0.0007223516,1033.8321560229692,0.0007484347,0.04170841,0.1247648
1.0000722,0.00053885084,0,0.0035639347,875.3295932070134,1033.8318725072445,6462,5724.2295,3.1256242,831.94653,0.3588079,7500.35,4.0412784,0,,,,,875.3295932070134,0.0007228255,1033.8318725072445,0.0007487754,0.04144541,0.12472638
1.0004152,0.0005389479,0,0.0035636183,875.3296080573487,1033.8320907034167,6463,5726.801,3.1262324,832.00024,0.35876742,7502.9224,4.042006,0,,,,,875.3296080573487,0.00072281156,1033.8320907034167,0.0007488787,0.041785058,0.12433383
1.001155,0.0005389024,0,0.0035633016,875.3290858137259,1033.8317272608303,6464,5729.1216,3.125962,832.1741,0.3580899,7508.4707,4.041665,0,,,,,875.3290858137259,0.00072225736,1033.8317272608303,0.0007481302,0.041998215,0.12529053
1.0014131,0.0005389119,0,0.0035629845,875.3297637787457,1033.831809784406,6465,5731.3433,3.1259372,832.4427,0.35834375,7510.4062,4.041736,0,,,,,875.3297637787457,0.0007218048,1033.831809784406,0.0007478088,0.04164643,0.1252608
1.001079,0.0005388913,0,0.0035626672,875.3305844097074,1033.8320144281583,6466,5729.8745,3.125919,832.5179,0.35874707,7507.9004,4.0415816,0,,,,,875.3305844097074,0.00072256185,1033.8320144281583,0.0007486792,0.041854516,0.12511514
1.0006951,0.0005389165,0,0.0035623496,875.3303678762722,1033.8298725582595,6467,5726.233,3.1260312,832.82086,0.35864082,7505.022,4.0417705,0,,,,,875.3303678762722,0.00072163617,1033.8298725582595,0.0007476155,0.0418767,0.1254655
1.0005934,0.0005390493,0,0.0035620315,875.3298603358697,1033.8322820069106,6468,5727.0884,3.1267915,832.16077,0.35899115,7504.259,4.0427666,0,,,,,875.3298603358697,0.0007229261,1033.8322820069106,0.00074916653,0.041964114,0.1252825
1.0005878,0.0005390676,0,0.0035617133,875.3308125199758,1033.831870650949,6469,5727.985,3.1269848,831.89,0.35842308,7504.217,4.042904,0,,,,,875.3308125199758,0.0007221952,1033.831870650949,0.00074827677,0.041936383,0.1245297
1.0016418,0.0005391619,0,0.0035613945,875.3291646141151,1033.8312761104416,6470,5732.742,3.1273623,832.49286,0.35839128,7512.1216,4.043611,0,,,,,875.3291646141151,0.0007219889,1033.8312761104416,0.00074794574,0.04175741,0.12504697
1.0008173,0.000539016,0,0.0035610755,875.3294287395928,1033.8337150820025,6471,5728.621,3.1266286,832.18695,0.35860878,7505.9385,4.0425167,0,,,,,875.3294287395928,0.00072246435,1033.8337150820025,0.0007487255,0.042063184,0.12490082
1.0002466,0.00053885934,0,0.0035607563,875.3296328258992,1033.8330794105818,6472,5725.6294,3.1256125,833.06415,0.35853496,7501.658,4.041342,0,,,,,875.3296328258992,0.00072273624,1033.8330794105818,0.0007487712,0.04236067,0.12479137
1.0015147,0.00053886557,0,0.0035604367,875.3303151334565,1033.8316532809586,6473,5732.005,3.1257362,831.7723,0.35876295,7511.168,4.0413885,0,,,,,875.3303151334565,0.0007221436,1033.8316532809586,0.0007482126,0.042341422,0.124730594
1.0011955,0.00053875713,0,0.0035601167,875.330846991852,1033.832002751663,6474,5729.6494,3.1252394,831.4339,0.35848096,7508.7754,4.0405755,0,,,,,875.330846991852,0.0007217655,1033.832002751663,0.0007477035,0.042232707,0.12548207
1.0013587,0.0005389393,0,0.0035597964,875.330288286906,1033.8321843809579,6475,5730.7715,3.125922,832.80505,0.35851088,7509.999,4.0419416,0,,,,,875.330288286906,0.0007217555,1033.8321843809579,0.00074771227,0.042096347,0.12548523
1.0004694,0.0005390198,0,0.0035594758,875.3306119454768,1033.8338721777257,6476,5724.3423,3.126516,832.9775,0.3588028,7503.3296,4.0425453,0,,,,,875.3306119454768,0.00072282384,1033.8338721777257,0.0007492027,0.04231047,0.12623517
0.9995438,0.00053920085,0,0.003559155,875.3314389702834,1033.8328773287717,6477,5718.867,3.1275442,832.1192,0.35893545,7496.387,4.0439034,0,,,,,875.3314389702834,0.00072396063,1033.8328773287717,0.000750569,0.042324558,0.12629241
1.0010679,0.00053928094,0,0.0035588336,875.3310408764739,1033.832558991681,6478,5728.137,3.1276717,831.9371,0.35836256,7507.818,4.0445037,0,,,,,875.3310408764739,0.00072225457,1033.832558991681,0.00074854284,0.042002246,0.12597133
1.001123,0.0005390607,0,0.003558512,875.3301797166922,1033.8326236820353,6479,5727.4517,3.1266377,832.2314,0.35891995,7508.2305,4.042852,0,,,,,875.3301797166922,0.0007222968,1033.8326236820353,0.0007485037,0.041696418,0.12631653
1.0011429,0.00053893,0,0.00355819,875.3311610142019,1033.8329137857154,6480,5726.923,3.1259568,831.4778,0.35864037,7508.38,4.041872,0,,,,,875.3311610142019,0.00072256936,1033.8329137857154,0.00074878405,0.042169306,0.12662981
1.0013673,0.0005389996,0,0.0035578678,875.3304709449163,1033.8344737042462,6481,5728.7705,3.1259654,832.5904,0.3586555,7510.063,4.042394,0,,,,,875.3304709449163,0.00072227744,1033.8344737042462,0.0007487586,0.04185596,0.12677768
1.0015836,0.00053891516,0,0.0035575454,875.3307737367334,1033.8332272796988,6482,5729.097,3.1257217,832.21606,0.35862646,7511.6855,4.0417604,0,,,,,875.3307737367334,0.0007217497,1033.8332272796988,0.00074812287,0.04200804,0.12741868
1.0003971,0.00053878216,0,0.0035572224,875.3308205664041,1033.8336598450776,6483,5721.703,3.1248882,832.25287,0.35890713,7502.7866,4.040763,0,,,,,875.3308205664041,0.000722496,1033.8336598450776,0.0007487795,0.041820597,0.12697618
1.0000523,0.00053881045,0,0.0035568993,875.3308006387633,1033.8332389769819,6484,5720.4883,3.1251245,832.597,0.358489,7500.201,4.040975,0,,,,,875.3308006387633,0.0007223208,1033.8332389769819,0.0007484968,0.04180461,0.12723473
1.0005902,0.00053901743,0,0.0035565756,875.3297520662172,1033.8318728559375,6485,5723.351,3.1262019,832.80975,0.35908157,7504.235,4.0425277,0,,,,,875.3297520662172,0.00072279305,1033.8318728559375,0.00074882264,0.04202552,0.12704892
0.99981564,0.00053894415,0,0.0035562518,875.3314827352044,1033.8323920631815,6486,5718.3955,3.1259081,832.5098,0.35895422,7498.426,4.041978,0,,,,,875.3314827352044,0.00072341337,1033.8323920631815,0.000749752,0.04185448,0.12696639
0.9996399,0.0005389107,0,0.0035559277,875.3300292067747,1033.8331488438726,6487,5718.0205,3.1256979,832.4927,0.35903874,7497.108,4.041727,0,,,,,875.3300292067747,0.00072292006,1033.8331488438726,0.00074913865,0.041589335,0.12720817
0.99951535,0.00053884805,0,0.003555603,875.3317770598586,1033.8337699094816,6488,5716.9355,3.125211,833.226,0.35887948,7496.174,4.0412574,0,,,,,875.3317770598586,0.0007225753,1033.8337699094816,0.00074892235,0.041673347,0.12717575
1.0002306,0.00053879234,0,0.0035552783,875.3312273465101,1033.8330291235497,6489,5719.757,3.125368,832.4375,0.35918817,7501.538,4.0408397,0,,,,,875.3312273465101,0.000722116,1033.8330291235497,0.000748297,0.042205837,0.12750891
1.0011965,0.0005389282,0,0.003554953,875.3282881644072,1033.8323214230834,6490,5725.4556,3.1258843,832.07477,0.35874546,7508.782,4.041858,0,,,,,875.3282881644072,0.00072157406,1033.8323214230834,0.00074750534,0.04179285,0.12800436
1.0000147,0.0005387949,0,0.0035546275,875.3306443179894,1033.8328541846954,6491,5718.9956,3.1249332,833.1775,0.35872516,7499.919,4.0408587,0,,,,,875.3306443179894,0.0007219023,1033.8328541846954,0.00074817095,0.041755956,0.1276089
1.0009315,0.000538821,0,0.0035543018,875.3314940635332,1033.8330775093877,6492,5723.035,3.125512,832.5131,0.3587842,7506.795,4.0410542,0,,,,,875.3314940635332,0.00072270475,1033.8330775093877,0.0007490296,0.04274081,0.12797572
0.9998933,0.00053884985,0,0.0035539756,875.3301208368248,1033.8334894110412,6493,5718.411,3.1255004,833.31323,0.35861585,7499.0083,4.0412707,0,,,,,875.3301208368248,0.0007236394,1033.8334894110412,0.0007500228,0.04259459,0.12733908
0.99972713,0.00053878693,0,0.0035536492,875.3305517260158,1033.833083572479,6494,5717.2163,3.1251955,833.08984,0.3586573,7497.762,4.0407987,0,,,,,875.3305517260158,0.0007235188,1033.833083572479,0.0007497955,0.04275885,0.12769929
0.9998277,0.0005387292,0,0.0035533223,875.3307423183463,1033.8354939223495,6495,5716.567,3.1248412,833.70825,0.358715,7498.516,4.0403657,0,,,,,875.3307423183463,0.00072379917,1033.8354939223495,0.000750491,0.04228696,0.12835526
0.9996099,0.00053870224,0,0.0035529952,875.3326433220846,1033.8332957383352,6496,5715.376,3.1245654,832.7004,0.35866228,7496.883,4.0401635,0,,,,,875.3326433220846,0.0007226086,1033.8332957383352,0.00074917485,0.042332266,0.12856106
0.99976957,0.0005388347,0,0.0035526678,875.3311048057578,1033.8335383902356,6497,5716.656,3.1250672,832.4766,0.35874397,7498.0806,4.0411572,0,,,,,875.3311048057578,0.0007231746,1033.8335383902356,0.0007495429,0.04221304,0.12832886
0.99972355,0.0005388157,0,0.00355234,875.330514710467,1033.8358400807138,6498,5715.031,3.1252224,832.3771,0.35879964,7497.7354,4.0410147,0,,,,,875.330514710467,0.0007234341,1033.8358400807138,0.000750189,0.04233938,0.12869768
0.999394,0.0005388444,8192,0.0035516836,875.3300451047985,1033.8349109900228,6500,5712.913,3.1252892,832.96576,0.35867786,7495.2637,4.0412297,8192,,,,,875.3300451047985,0.00072432135,1033.8349109900228,0.00075087516,0.042006895,0.12878568
1.0000234,0.00053880434,0,0.0035513549,875.3294924009967,1033.8330992965075,6501,5715.882,3.125381,832.1218,0.3584651,7499.984,4.0409293,0,,,,,875.3294924009967,0.0007225847,1033.8330992965075,0.00074889197,0.041800417,0.12897244
0.9986679,0.00053865893,0,0.0035510256,875.3298879445057,1033.8355432620929,6502,5708.2876,3.12422,832.92065,0.35827187,7489.818,4.039839,0,,,,,875.3298879445057,0.00072434195,1033.8355432620929,0.0007511471,0.041841727,0.12880012
0.9996347,0.00053862727,0,0.0035506962,875.3315211869775,1033.8342273939934,6503,5714.87,3.1242805,833.06323,0.35858843,7497.069,4.0396013,0,,,,,875.3315211869775,0.00072313077,1033.8342273939934,0.0007495328,0.042118113,0.128563
0.99835134,0.0005384067,0,0.0035503665,875.3307671971014,1033.8347813050634,6504,5706.491,3.1229606,832.1346,0.35813782,7487.444,4.037947,0,,,,,875.3307671971014,0.00072346936,1033.8347813050634,0.0007500147,0.041999314,0.12889417
0.99854326,0.00053852616,0,0.0035500366,875.3309086691746,1033.8350171519164,6505,5706.8047,3.123395,832.639,0.35825738,7488.8833,4.038843,0,,,,,875.3309086691746,0.0007242775,1033.8350171519164,0.0007509005,0.04182007,0.12954222
0.9989314,0.0005387099,0,0.0035497062,875.3297059262393,1033.835142169903,6506,5709.7896,3.124691,832.17267,0.3585251,7491.7944,4.040221,0,,,,,875.3297059262393,0.0007240196,1033.835142169903,0.00075062044,0.041770093,0.12934373
0.99840164,0.0005388645,0,0.0035493753,875.3306514086744,1033.8351706154765,6507,5706.021,3.1258817,833.20874,0.3585212,7487.8213,4.041381,0,,,,,875.3306514086744,0.0007245693,1033.8351706154765,0.000751462,0.042098787,0.12928028
0.999363,0.0005389359,0,0.0035490445,875.3307818643366,1033.8365908616315,6508,5709.716,3.1260047,832.636,0.3584674,7495.0312,4.041916,0,,,,,875.3307818643366,0.00072343985,1033.8365908616315,0.000750477,0.042245023,0.13004196
0.9979105,0.0005386648,0,0.0035487132,875.3307198114717,1033.8338752169295,6509,5701.81,3.1243186,831.5948,0.3586587,7484.1377,4.039883,0,,,,,875.3307198114717,0.00072419783,1033.8338752169295,0.0007507355,0.041704655,0.13000862
0.996478,0.00053834036,0,0.0035483814,875.3287651066905,1033.8356558706098,6510,5692.2466,3.1225598,833.07935,0.35842755,7473.3945,4.03745,0,,,,,875.3287651066905,0.00072550226,1033.8356558706098,0.0007521495,0.0415877,0.13032818
0.99729306,0.00053830695,0,0.0035480494,875.3307643906858,1033.835195085728,6511,5694.96,3.1225004,831.55286,0.35886115,7479.507,4.037199,0,,,,,875.3307643906858,0.00072486076,1033.835195085728,0.00075153506,0.04195423,0.13127504
0.99681747,0.00053819886,0,0.0035477171,875.330985378173,1033.836066997933,6512,5693.062,3.1219475,832.22546,0.35856846,7475.9404,4.0363884,0,,,,,875.330985378173,0.0007248748,1033.836066997933,0.00075177196,0.04238425,0.13112998
0.9974291,0.0005382725,0,0.0035473844,875.3312845039726,1033.8366976723487,6513,5696.6743,3.1223807,832.3028,0.35891616,7480.5273,4.0369406,0,,,,,875.3312845039726,0.00072465,1033.8366976723487,0.0007514842,0.04204312,0.13127744
0.99698955,0.00053818827,0,0.0035470515,875.3314264841149,1033.83535858737,6514,5692.595,3.1221344,831.60876,0.35894352,7477.231,4.036309,0,,,,,875.3314264841149,0.00072460406,1033.83535858737,0.0007512437,0.042459022,0.13162641
0.9973587,0.00053842476,0,0.003546718,875.3286976483075,1033.83614082009,6515,5696.01,3.1232305,832.62775,0.35884285,7479.999,4.0380826,0,,,,,875.3286976483075,0.000724984,1033.83614082009,0.0007517745,0.042113833,0.13123536
0.99638397,0.0005384278,0,0.0035463846,875.3299199143776,1033.8363796031363,6516,5690.084,3.1232755,831.09796,0.35888845,7472.689,4.0381055,0,,,,,875.3299199143776,0.00072607206,1033.8363796031363,0.0007530458,0.04217379,0.13169587
0.9973475,0.00053844944,0,0.0035460505,875.3305357381253,1033.8368083266714,6517,5693.5586,3.1234016,832.8945,0.35852754,7479.915,4.0382676,0,,,,,875.3305357381253,0.0007249851,1033.8368083266714,0.0007520502,0.042022552,0.13230605
0.99872726,0.0005385221,0,0.0035457162,875.3305716466837,1033.838539165978,6518,5702.2705,3.1237097,831.80035,0.35854897,7490.263,4.0388126,0,,,,,875.3305716466837,0.0007242505,1033.838539165978,0.0007514145,0.042053886,0.13249408
0.99902815,0.00053856656,0,0.0035453816,875.3302284511201,1033.8366104478055,6519,5704.2373,3.123776,832.0892,0.35865366,7492.52,4.039146,0,,,,,875.3302284511201,0.0007237606,1033.8366104478055,0.0007507216,0.041926946,0.13212726
0.99988437,0.0005385677,0,0.0035450468,875.3303454563536,1033.8371850463473,6520,5708.1167,3.1240716,832.2983,0.35909116,7498.9414,4.039155,0,,,,,875.3303454563536,0.0007234452,1033.8371850463473,0.0007504663,0.042157844,0.13250789
0.9999084,0.0005387927,8320,0.0035447115,875.330333334678,1033.8354070108808,6521,5708.6733,3.125512,831.8421,0.35863224,7499.1216,4.040842,8320,,,,,875.330333334678,0.0007230529,1033.8354070108808,0.0007495255,0.041980702,0.13201465
0.9996521,0.0005384545,0,0.003544376,875.3309306972915,1033.8367453991011,6522,5707.008,3.1235516,832.4466,0.35906607,7497.199,4.0383058,0,,,,,875.3309306972915,0.00072306144,1033.8367453991011,0.0007500544,0.041752063,0.13225399
0.9997417,0.0005385195,0,0.00354404,875.3303350228659,1033.837139836599,6523,5705.8384,3.1239343,831.3612,0.35907096,7497.871,4.0387936,0,,,,,875.3303350228659,0.00072304974,1033.837139836599,0.0007499739,0.041626044,0.13291173
0.99961466,0.0005384618,0,0.0035437038,875.3307924939575,1033.8368185377017,6524,5705.07,3.123836,832.08026,0.35886273,7496.9185,4.03836,0,,,,,875.3307924939575,0.0007233697,1033.8368185377017,0.0007503578,0.041967127,0.1329744
0.9986152,0.000538416,0,0.0035433671,875.3305935916394,1033.8386310504334,6525,5699.699,3.1232018,832.1575,0.35850683,7489.423,4.038017,0,,,,,875.3305935916394,0.00072418206,1033.8386310504334,0.00075142545,0.042041894,0.13312845
0.9980843,0.0005383285,0,0.0035430305,875.3311498107455,1033.838067814383,6526,5695.52,3.1228015,832.1764,0.3585908,7485.4414,4.0373607,0,,,,,875.3311498107455,0.0007247347,1033.838067814383,0.00075193035,0.04227609,0.13351747
0.99983686,0.0005384635,0,0.003542693,875.3309435610946,1033.837008912405,6527,5705.6665,3.1239333,832.6327,0.35915533,7498.585,4.038373,0,,,,,875.3309435610946,0.0007235732,1033.837008912405,0.0007507226,0.04226155,0.133657
0.9998883,0.0005385452,0,0.0035423557,875.3300599259026,1033.8377803293913,6528,5706.089,3.1241684,831.9831,0.3590184,7498.9707,4.0389857,0,,,,,875.3300599259026,0.00072229526,1033.8377803293913,0.0007493633,0.042245194,0.1338549
0.99941635,0.00053852214,0,0.003542018,875.3305926174261,1033.8376765178205,6529,5702.417,3.1241348,832.5391,0.3593952,7495.431,4.038813,0,,,,,875.3305926174261,0.0007234422,1033.8376765178205,0.00075052003,0.04231032,0.13398103
0.9994215,0.00053839514,0,0.0035416796,875.3298302741123,1033.837895800881,6530,5701.263,3.1237552,832.1941,0.35856366,7495.4697,4.0378604,0,,,,,875.3298302741123,0.0007230238,1033.837895800881,0.00074993714,0.04221456,0.13416916
0.9987365,0.00053839677,0,0.003541341,875.3301755681734,1033.8380833043457,6531,5698.6504,3.123741,832.81934,0.35953254,7490.3325,4.037873,0,,,,,875.3301755681734,0.00072328345,1033.8380833043457,0.00075043493,0.042243943,0.13399799
0.9995853,0.00053844514,0,0.0035410023,875.329994675891,1033.8369368371773,6532,5702.917,3.1236792,831.97284,0.35870594,7496.698,4.0382357,0,,,,,875.329994675891,0.00072326016,1033.8369368371773,0.0007502302,0.042263817,0.13406636
1.0001278,0.00053838675,0,0.0035406633,875.3304272487776,1033.838436439344,6533,5705.2856,3.1233234,832.31714,0.35884282,7500.767,4.0377975,0,,,,,875.3304272487776,0.0007234626,1033.838436439344,0.0007505913,0.041961856,0.13398491
0.9997292,0.0005383159,8192,0.0035403238,875.3298386493866,1033.8385194916405,6534,5703.4443,3.122749,832.1908,0.35876355,7497.778,4.0372663,8192,,,,,875.3298386493866,0.00072287477,1033.8385194916405,0.0007500537,0.042195782,0.13450965
1.0001447,0.000538376,0,0.0035399839,875.330218328118,1033.8368487063155,6535,5705.9985,3.1232789,832.354,0.35886136,7500.8936,4.037717,0,,,,,875.330218328118,0.0007231192,1033.8368487063155,0.0007501192,0.042184234,0.13432159
0.99949044,0.00053867704,0,0.003539303,875.3310282807214,1033.8384205208072,6537,5702.415,3.1250024,832.88904,0.3585982,7495.987,4.0399747,0,,,,,875.3310282807214,0.0007237025,1033.8384205208072,0.0007509953,0.041984927,0.13431795
0.99910843,0.00053869287,0,0.0035389625,875.3302556746974,1033.8381738561418,6538,5700.5,3.1252232,832.2144,0.35861406,7493.122,4.0400934,0,,,,,875.3302556746974,0.00072397816,1033.8381738561418,0.0007510221,0.042098213,0.13392325
0.9996154,0.0005385574,0,0.0035386214,875.3300012438557,1033.8386506455927,6539,5701.7104,3.1245735,833.7368,0.35849923,7496.924,4.0390778,0,,,,,875.3300012438557,0.0007234679,1033.8386506455927,0.0007507521,0.04202826,0.13451403
0.99963456,0.00053850113,0,0.0035382798,875.330763101673,1033.8379821681417,6540,5702.8013,3.1238635,831.9629,0.35916433,7497.068,4.0386553,0,,,,,875.330763101673,0.0007231096,1033.8379821681417,0.0007502944,0.04203427,0.1346864
1.0008717,0.00053852896,0,0.0035379382,875.3317617941002,1033.8361512473912,6541,5710.0503,3.1240973,833.03864,0.35911635,7506.3457,4.038864,0,,,,,875.3317617941002,0.0007224276,1033.8361512473912,0.00075117126,0.04223326,0.13494202
1.0000378,0.00053834193,0,0.003537596,875.3303470188332,1033.8380923918025,6542,5704.13,3.123041,832.2067,0.35827908,7500.092,4.0374613,0,,,,,875.3303470188332,0.0007231005,1033.8380923918025,0.00075025146,0.042178135,0.13460566
1.0017911,0.00053852756,0,0.0035372537,875.3304940350811,1033.8385824892791,6543,5715.475,3.1241066,833.1252,0.35858995,7513.2417,4.0388536,0,,,,,875.3304940350811,0.0007216842,1033.8385824892791,0.0007488198,0.04225265,0.13450213
1.0007304,0.0005384904,0,0.003536911,875.3321351785082,1033.8374083490517,6544,5709.529,3.1238468,832.6684,0.3592587,7505.286,4.038575,0,,,,,875.3321351785082,0.0007221778,1033.8374083490517,0.0007492596,0.04219468,0.13474818
0.9998678,0.00053853774,0,0.003536568,875.3305887087188,1033.8399610297104,6545,5703.492,3.1240501,832.92426,0.35898694,7498.817,4.03893,0,,,,,875.3305887087188,0.00072271517,1033.8399610297104,0.0007502284,0.042086434,0.13487917
0.99990875,0.00053857034,0,0.0035362246,875.3310220530198,1033.8385454003449,6546,5704.1743,3.1248002,831.5723,0.3583378,7499.124,4.0391746,0,,,,,875.3310220530198,0.0007231074,1033.8385454003449,0.0007504299,0.042157274,0.13490255
0.9996909,0.0005386185,0,0.003535881,875.3315936364507,1033.837983333805,6547,5702.735,3.1246204,832.5664,0.35890752,7497.49,4.0395355,0,,,,,875.3315936364507,0.000723015,1033.837983333805,0.00075033394,0.042234644,0.13536114
1.0001293,0.00053857785,0,0.0035355368,875.3303450450444,1033.8389377329436,6548,5704.7437,3.1240995,831.7617,0.35861003,7500.7783,4.039231,0,,,,,875.3303450450444,0.00072323944,1033.8389377329436,0.00075047824,0.042436086,0.13505307
1.0010839,0.00053859595,0,0.0035351925,875.3304634462379,1033.8382994585832,6549,5710.7925,3.1244688,832.7725,0.35884282,7507.937,4.0393667,0,,,,,875.3304634462379,0.00072284555,1033.8382994585832,0.0007500076,0.042464476,0.13507888
1.0005362,0.00053857046,0,0.0035348479,875.3328881016492,1033.8383936485973,6550,5708.2524,3.1242943,832.60046,0.35892338,7503.8296,4.0391755,0,,,,,875.3328881016492,0.000722113,1033.8383936485973,0.0007493234,0.042797685,0.13483964
1.0001208,0.000538423,0,0.0035345028,875.3312250168012,1033.8391805594845,6551,5704.0386,3.1235507,832.2478,0.35909426,7500.714,4.0380697,0,,,,,875.3312250168012,0.00072343816,1033.8391805594845,0.0007507282,0.042479355,0.13527305
1.0007601,0.0005383407,0,0.0035341575,875.3308424485876,1033.8385188338152,6552,5707.4277,3.1235392,832.73065,0.35871542,7505.5093,4.037452,0,,,,,875.3308424485876,0.0007224387,1033.8385188338152,0.0007496069,0.042344715,0.13576312
1.001071,0.0005385351,0,0.003533812,875.3304788767664,1033.8387483152408,6553,5709.4165,3.1238825,832.2728,0.35877132,7507.8403,4.0389104,0,,,,,875.3304788767664,0.0007218806,1033.8387483152408,0.00074918056,0.042250074,0.13581376
1.0007473,0.00053851126,0,0.003533466,875.3320956527191,1033.83866696128,6554,5706.978,3.124172,832.56616,0.35876238,7505.4136,4.0387316,0,,,,,875.3320956527191,0.0007224256,1033.83866696128,0.0007498391,0.042344626,0.13600877
1.0000999,0.000538491,0,0.0035331198,875.3289922696871,1033.8403015529434,6555,5702.5586,3.123844,833.40515,0.3584062,7500.558,4.0385795,0,,,,,875.3289922696871,0.00072338904,1033.8403015529434,0.0007507839,0.04210293,0.13612056
1.0016583,0.0005386044,0,0.0035327731,875.3303598329329,1033.8398144772393,6556,5712.8804,3.1246212,831.91455,0.35912496,7512.246,4.0394297,0,,,,,875.3303598329329,0.0007219689,1033.8398144772393,0.00074937777,0.042343926,0.13594402
1.0010558,0.00053848134,0,0.0035324262,875.3312487243911,1033.8403781663549,6557,5708.3496,3.124072,831.7932,0.35876498,7507.7275,4.038507,0,,,,,875.3312487243911,0.00072266214,1033.8403781663549,0.0007501561,0.04279933,0.13662301
0.9997583,0.0005384276,0,0.003532079,875.3304813839866,1033.8415504445245,6558,5700.3027,3.1234198,832.16693,0.35886604,7497.996,4.038104,0,,,,,875.3304813839866,0.0007223936,1033.8415504445245,0.0007499657,0.042744227,0.13666055
1.0012549,0.00053861254,0,0.0035317314,875.3302570017893,1033.8397048914426,6559,5710.1445,3.124685,833.11743,0.35858393,7509.22,4.039491,0,,,,,875.3302570017893,0.00072261237,1033.8397048914426,0.0007499755,0.042667646,0.13640724
1.0013754,0.00053858943,0,0.0035313836,875.3308223212441,1033.838005875531,6560,5710.6313,3.1244392,832.6564,0.3585738,7510.1245,4.0393176,0,,,,,875.3308223212441,0.0007223126,1033.838005875531,0.00074951415,0.043237153,0.13634633
0.9999135,0.0005383719,0,0.0035310353,875.3314436820386,1033.8393019541313,6561,5700.9814,3.1234941,832.5417,0.35878274,7499.16,4.0376863,0,,,,,875.3314436820386,0.0007223032,1033.8393019541313,0.0007498733,0.043129973,0.13650028
1.0006847,0.0005386007,0,0.0035306867,875.3309875269883,1033.839088062947,6562,5706.6743,3.1242936,832.8186,0.3582841,7504.9443,4.0394025,0,,,,,875.3309875269883,0.00072259625,1033.839088062947,0.0007499412,0.043014456,0.13624024
1.000227,0.00053847214,0,0.003530338,875.3306113951585,1033.8405747676295,6563,5703.4253,3.1236346,832.93634,0.35893655,7501.511,4.038438,0,,,,,875.3306113951585,0.00072342844,1033.8405747676295,0.0007509,0.04279594,0.13660811
1.000489,0.0005383578,0,0.0035299887,875.3315257647673,1033.8408557384887,6564,5703.6978,3.1230392,833.3041,0.35862172,7503.4756,4.0375805,0,,,,,875.3315257647673,0.0007224897,1033.8408557384887,0.0007498634,0.043039702,0.13681383
1.0000718,0.0005383426,0,0.0035296392,875.3310481887386,1033.839388155581,6565,5702.555,3.1230109,834.09454,0.35864744,7500.3467,4.037466,0,,,,,875.3310481887386,0.0007233355,1033.839388155581,0.0007508688,0.04294005,0.1365507
0.9996304,0.0005384667,0,0.0035292893,875.3315249402146,1033.8402538676633,6566,5699.874,3.1235738,833.12915,0.35850236,7497.0366,4.038397,0,,,,,875.3315249402146,0.0007236588,1033.8402538676633,0.00075134594,0.042646866,0.13702314
0.9995972,0.00053857354,0,0.003528939,875.3303964601237,1033.8406491347987,6567,5698.4287,3.1242588,833.6189,0.35866112,7496.7876,4.0391984,0,,,,,875.3303964601237,0.0007236176,1033.8406491347987,0.0007513002,0.042821042,0.13713819
0.9994145,0.00053864776,0,0.0035285887,875.3303133198822,1033.8406369395507,6568,5698.459,3.1248724,833.10565,0.35890868,7495.4175,4.039755,0,,,,,875.3303133198822,0.0007236738,1033.8406369395507,0.0007513802,0.043085646,0.13726601
0.99974567,0.00053858134,0,0.0035282378,875.3312530586895,1033.8386059995646,6569,5700.623,3.124389,832.5696,0.35832903,7497.9014,4.039257,0,,,,,875.3312530586895,0.0007221373,1033.8386059995646,0.00074948464,0.042885043,0.13715748
1.0006578,0.0005385439,0,0.0035278867,875.3312907372383,1033.840611702702,6570,5704.0884,3.1243327,831.94556,0.35897464,7504.7417,4.038976,0,,,,,875.3312907372383,0.0007224532,1033.840611702702,0.0007500866,0.04300104,0.13770878
1.0006075,0.0005384239,0,0.0035275354,875.3315252972282,1033.8396317599,6571,5704.8013,3.1235063,832.027,0.35827765,7504.3647,4.038076,0,,,,,875.3315252972282,0.00072182727,1033.8396317599,0.0007492728,0.042783175,0.13751063
1.0004015,0.00053834345,8192,0.0035271836,875.3313510719756,1033.8408097267315,6572,5703.7666,3.1232564,833.5348,0.35836175,7502.82,4.0374727,8192,,,,,875.3313510719756,0.00072296755,1033.8408097267315,0.00075057655,0.042712424,0.13718672
1.0001378,0.0005382508,0,0.0035268315,875.3314259503143,1033.8401441046665,6573,5701.655,3.1226945,832.53516,0.358832,7500.8423,4.036778,0,,,,,875.3314259503143,0.0007229955,1033.8401441046665,0.00075064914,0.042879686,0.1370987
1.001107,0.00053846044,0,0.003526479,875.3316798921345,1033.8416770840254,6574,5707.9653,3.1235795,832.92676,0.3589716,7508.111,4.03835,0,,,,,875.3316798921345,0.0007223813,1033.8416770840254,0.00075027166,0.042754505,0.13731383
1.0012178,0.0005385074,0,0.0035261263,875.3300120419474,1033.8397661308961,6575,5708.6523,3.124296,832.8442,0.35882506,7508.9424,4.0387025,0,,,,,875.3300120419474,0.00072269473,1033.8397661308961,0.0007501475,0.042681348,0.13728932
0.99990684,0.0005386411,0,0.003525773,875.3305389280677,1033.840627377167,6576,5700.115,3.1246808,833.21075,0.35858467,7499.11,4.0397053,0,,,,,875.3305389280677,0.00072308927,1033.840627377167,0.00075083727,0.04289912,0.1376041
0.99937963,0.0005386195,0,0.0035254199,875.3312124390637,1033.8386392311613,6577,5697.7046,3.1248295,833.145,0.3588482,7495.156,4.039543,0,,,,,875.3312124390637,0.0007235158,1033.8386392311613,0.00075095065,0.04266822,0.13679382
1.0006771,0.00053859805,0,0.003525066,875.3304253963242,1033.8394034786352,6578,5705.5127,3.1244729,833.4326,0.3586365,7504.887,4.0393825,0,,,,,875.3304253963242,0.00072219013,1033.8394034786352,0.0007495968,0.042507328,0.13702327
0.9995247,0.00053834915,0,0.003524712,875.3312544812502,1033.8411476399265,6579,5698.3735,3.1232882,832.6647,0.35925716,7496.244,4.0375156,0,,,,,875.3312544812502,0.00072390464,1033.8411476399265,0.0007515554,0.043070626,0.13714792
0.9998043,0.00053843076,8192,0.0035243577,875.3305891337093,1033.84023479498,6580,5700.059,3.123269,833.46185,0.3585562,7498.341,4.0381274,8192,,,,,875.3305891337093,0.0007231319,1033.84023479498,0.00075061835,0.042904533,0.13728265
0.9993173,0.0005383977,0,0.003524003,875.3316614126497,1033.8399442010316,6581,5698.15,3.1229177,833.5352,0.35908896,7494.6885,4.0378795,0,,,,,875.3316614126497,0.0007235603,1033.8399442010316,0.00075118284,0.042998664,0.1371612
0.9996798,0.00053834554,0,0.003523648,875.3320797880842,1033.841309929664,6582,5699.328,3.122735,832.64886,0.35894293,7497.407,4.0374885,0,,,,,875.3320797880842,0.00072365196,1033.841309929664,0.00075151416,0.042943142,0.13756
0.999529,0.0005383158,0,0.0035232927,875.3313743583536,1033.8409725159302,6583,5699.076,3.122748,833.5322,0.35808638,7496.2764,4.0372653,0,,,,,875.3313743583536,0.0007235756,1033.8409725159302,0.0007512112,0.043402992,0.13708785
0.9986679,0.00053837174,0,0.003522937,875.332132950949,1033.8411202328457,6584,5694.875,3.1229165,833.2399,0.35863286,7489.818,4.037685,0,,,,,875.332132950949,0.0007242824,1033.8411202328457,0.00075219554,0.042941242,0.13699055
0.9992022,0.0005384886,0,0.003522581,875.3324906581286,1033.8406206837226,6585,5697.1597,3.1236541,832.7006,0.35873422,7493.825,4.0385613,0,,,,,875.3324906581286,0.0007235029,1033.8406206837226,0.00075130776,0.042998496,0.13744195
0.99918187,0.0005384096,0,0.0035222247,875.3311254162027,1033.8414053856732,6586,5696.03,3.1232488,833.1727,0.35872874,7493.673,4.0379686,0,,,,,875.3311254162027,0.0007235151,1033.8414053856732,0.0007512925,0.042721674,0.13790236
0.9992112,0.0005383008,0,0.003521868,875.3303945433124,1033.8413566100994,6587,5696.874,3.1229773,833.1099,0.35860762,7493.8926,4.037153,0,,,,,875.3303945433124,0.00072345,1033.8413566100994,0.00075099414,0.042900056,0.13787842
1.0000473,0.00053845986,0,0.003521511,875.3309855858934,1033.8389759662402,6588,5701.632,3.123313,832.4082,0.35875267,7500.163,4.038346,0,,,,,875.3309855858934,0.00072227634,1033.8389759662402,0.00074966456,0.043071523,0.13782252
0.9994448,0.00053840707,0,0.003521154,875.3326614286107,1033.841651786271,6589,5696.897,3.1233473,833.4997,0.3589758,7495.6445,4.03795,0,,,,,875.3326614286107,0.0007232847,1033.841651786271,0.00075124484,0.043866884,0.13833451
0.9997836,0.0005384193,0,0.0035207963,875.3319653968495,1033.8412384358953,6590,5699.6357,3.123191,832.10504,0.35870987,7498.1855,4.0380416,0,,,,,875.3319653968495,0.0007230746,1033.8412384358953,0.00075082824,0.04332607,0.13803475
1.0001949,0.000538488,0,0.0035204384,875.3315232892508,1033.8413376074914,6591,5701.9634,3.12362,832.67206,0.35877454,7501.27,4.0385566,0,,,,,875.3315232892508,0.00072310376,1033.8413376074914,0.000750851,0.043281753,0.13821553
1.0002227,0.00053852034,0,0.0035200801,875.3321913309784,1033.8407734212149,6592,5700.835,3.123778,832.79443,0.3589253,7501.479,4.0387993,0,,,,,875.3321913309784,0.0007232318,1033.8407734212149,0.00075102877,0.04301527,0.13837826
1.0003208,0.000538524,0,0.0035197216,875.3318096031993,1033.8416992492407,6593,5702.8594,3.1237912,834.1245,0.3585702,7502.215,4.038827,0,,,,,875.3318096031993,0.0007226179,1033.8416992492407,0.00075047027,0.043479025,0.13799416
1.0006081,0.00053839455,0,0.0035193628,875.3326235946954,1033.8400553830731,6594,5704.5615,3.1231225,832.8083,0.35856324,7504.369,4.037856,0,,,,,875.3326235946954,0.00072221755,1033.8400553830731,0.0007499636,0.043078344,0.13809253
1.0005214,0.0005384206,0,0.0035190035,875.3321206594533,1033.8427379384614,6595,5702.6724,3.1230583,833.0838,0.35897255,7503.7188,4.038051,0,,,,,875.3321206594533,0.00072250277,1033.8427379384614,0.000750532,0.043494537,0.13856918
1.0004424,0.0005385291,0,0.003518644,875.3323975653564,1033.8400688844392,6596,5702.4536,3.1235266,833.1116,0.35892707,7503.126,4.038865,0,,,,,875.3323975653564,0.00072295085,1033.8400688844392,0.0007506324,0.04329063,0.13874072
1.0003674,0.0005386029,0,0.003518284,875.3314930928166,1033.8414783052353,6597,5702.245,3.124355,833.7804,0.35899186,7502.5645,4.0394187,0,,,,,875.3314930928166,0.0007234891,1033.8414783052353,0.00075136684,0.043125123,0.13863274
1.0001981,0.0005386476,0,0.0035179239,875.3321804839879,1033.841328112395,6598,5699.3506,3.124612,833.1852,0.35845312,7501.2944,4.039754,0,,,,,875.3321804839879,0.0007232924,1033.841328112395,0.0007512773,0.043627154,0.1392461
0.9995384,0.00053858163,0,0.0035175635,875.3310499198243,1033.8419244140475,6599,5695.95,3.1240373,832.8468,0.35894164,7496.3467,4.039259,0,,,,,875.3310499198243,0.000723907,1033.8419244140475,0.00075188576,0.043758508,0.13961254
1.0002282,0.0005385684,0,0.0035172026,875.3317499779845,1033.8415503703436,6600,5700.0156,3.1240628,832.9425,0.35892573,7501.5195,4.0391603,0,,,,,875.3317499779845,0.0007231243,1033.8415503703436,0.0007510655,0.04373567,0.13978848
0.9995317,0.0005383108,0,0.0035168414,875.3327567058977,1033.8417115729794,6601,5695.127,3.1228817,832.8619,0.358564,7496.2964,4.037228,0,,,,,875.3327567058977,0.00072211766,1033.8417115729794,0.00074999296,0.043926314,0.13966125
0.99863213,0.0005381961,0,0.00351648,875.3327250950308,1033.8428999551181,6602,5690.351,3.122041,834.0682,0.3588343,7489.55,4.036368,0,,,,,875.3327250950308,0.00072443084,1033.8428999551181,0.00075263693,0.04391058,0.13986616
0.9997952,0.00053827924,0,0.0035161183,875.3332973921315,1033.842903185537,6603,5697.7256,3.122452,833.2301,0.3587855,7498.2725,4.036991,0,,,,,875.3332973921315,0.00072341075,1033.842903185537,0.0007515734,0.044052575,0.13960542
0.99977285,0.0005382481,0,0.003515756,875.3316936252663,1033.8411068599244,6604,5695.94,3.1224902,833.92487,0.3593688,7498.105,4.036758,0,,,,,875.3316936252663,0.00072377216,1033.8411068599244,0.0007515176,0.044296425,0.1402415
0.9995081,0.00053835456,0,0.0035153937,875.3308959493233,1033.8438272791418,6605,5694.132,3.1230679,833.9089,0.35852757,7496.119,4.037556,0,,,,,875.3308959493233,0.00072347943,1033.8438272791418,0.0007517586,0.043612063,0.14047259
0.9992529,0.00053854636,0,0.003515031,875.3327760825352,1033.8412526469074,6606,5693.924,3.1241992,834.1746,0.3586896,7494.2056,4.038995,0,,,,,875.3327760825352,0.0007239997,1033.8412526469074,0.0007521466,0.04382128,0.13985108
1.0016305,0.00053877063,0,0.0035146677,875.3327720621486,1033.8416113715873,6607,5706.2783,3.1256952,833.613,0.35863894,7512.0376,4.0406766,0,,,,,875.3327720621486,0.000722491,1033.8416113715873,0.00075060036,0.043640334,0.14036785
1.0003475,0.0005385489,0,0.0035143045,875.3316837329183,1033.8425739312986,6608,5698.5815,3.1241322,833.3853,0.35911298,7502.4146,4.039014,0,,,,,875.3316837329183,0.00072209584,1033.8425739312986,0.00075030257,0.043497927,0.14057449
1.0006822,0.0005384779,0,0.0035139406,875.33108772688,1033.8428032045474,6609,5700.97,3.1237288,833.0619,0.3591527,7504.9253,4.038481,0,,,,,875.33108772688,0.000722884,1033.8428032045474,0.0007509377,0.043763816,0.1407545
1.0002707,0.0005383726,0,0.0035135767,875.331879944705,1033.8423596125556,6610,5697.4375,3.1231685,834.67926,0.3584239,7501.839,4.0376916,0,,,,,875.331879944705,0.0007231259,1033.8423596125556,0.00075112464,0.043765176,0.1413024
0.9996571,0.00053827284,0,0.0035132123,875.3307258372317,1033.843925492663,6611,5693.8125,3.122677,833.6965,0.35919055,7497.237,4.0369434,0,,,,,875.3307258372317,0.0007239892,1033.843925492663,0.0007522249,0.04344029,0.14143695
0.9996705,0.00053820206,0,0.0035128477,875.3311095995045,1033.8433328872156,6612,5694.155,3.1222768,832.6469,0.358541,7497.3374,4.0364122,0,,,,,875.3311095995045,0.0007231713,1033.8433328872156,0.0007513332,0.043533973,0.14082055
0.9998364,0.00053817395,0,0.0035124826,875.3324106380053,1033.8428237519213,6613,5695.546,3.1225421,834.76654,0.3587181,7498.5815,4.0362015,0,,,,,875.3324106380053,0.00072276156,1033.8428237519213,0.0007509054,0.043970067,0.14130563
1.0011268,0.0005384035,0,0.0035121173,875.3327848315716,1033.8427952703814,6614,5702.3154,3.1236622,833.0866,0.3594042,7508.259,4.0379233,0,,,,,875.3327848315716,0.0007225464,1033.8427952703814,0.00075057783,0.044020377,0.14131424
0.9992257,0.0005383902,0,0.0035117515,875.3310829314798,1033.8436429441324,6615,5691.983,3.1233792,834.03516,0.35860905,7494.0015,4.037823,0,,,,,875.3310829314798,0.0007236761,1033.8436429441324,0.0007519816,0.043991342,0.14119533
0.99915254,0.00053841446,0,0.0035113858,875.3320510953013,1033.8435239034472,6616,5690.961,3.1232643,833.7751,0.35888484,7493.4526,4.0380054,0,,,,,875.3320510953013,0.0007236461,1033.8435239034472,0.0007519158,0.044042528,0.1415935
1.0006117,0.0005384752,0,0.0035110193,875.3327677057118,1033.8435334405992,6617,5698.6016,3.1236591,834.41425,0.35925585,7504.396,4.0384607,0,,,,,875.3327677057118,0.00072243786,1033.8435334405992,0.0007506132,0.04392244,0.14160387
0.9991656,0.0005382502,0,0.0035106528,875.3322913424546,1033.842556606932,6618,5691.325,3.1227314,835.0567,0.35890102,7493.551,4.0367737,0,,,,,875.3322913424546,0.00072358944,1033.842556606932,0.0007516471,0.044064317,0.14159635
0.9994901,0.0005382862,0,0.0035102859,875.3328100306232,1033.8439525725807,6619,5693.389,3.1228468,833.74695,0.3588457,7495.9844,4.037043,0,,,,,875.3328100306232,0.00072314567,1033.8439525725807,0.00075106585,0.043888886,0.14106064
0.9999328,0.00053833623,0,0.0035099185,875.331488692054,1033.8434025605577,6620,5694.1147,3.122938,834.31305,0.35894898,7499.3047,4.037419,0,,,,,875.331488692054,0.0007229242,1033.8434025605577,0.0007511747,0.04393786,0.14186992
1.0005176,0.00053836126,0,0.003509551,875.3325865075025,1033.8439312614914,6621,5698.333,3.1229894,832.3611,0.35860452,7503.6904,4.0376062,0,,,,,875.3325865075025,0.0007222971,1033.8439312614914,0.0007506517,0.043946195,0.14193334
0.99992263,0.0005384065,0,0.003509183,875.3308637236944,1033.845382017549,6622,5694.924,3.123217,833.5277,0.35891548,7499.2285,4.0379457,0,,,,,875.3308637236944,0.00072262867,1033.845382017549,0.0007509995,0.043868184,0.141832
0.9996897,0.00053834333,0,0.0035088148,875.3311269280107,1033.8434741892981,6623,5692.319,3.1227932,834.0325,0.35879037,7497.4814,4.037472,0,,,,,875.3311269280107,0.0007233179,1033.8434741892981,0.0007515683,0.044115286,0.14218476
0.9989242,0.0005381816,0,0.0035084463,875.3325798398995,1033.843327608639,6624,5688.635,3.1219845,833.9988,0.3586457,7491.74,4.0362587,0,,,,,875.3325798398995,0.00072292174,1033.843327608639,0.00075117033,0.0443044,0.14169039
1.0000825,0.00053824426,8192,0.0035080775,875.3321695369149,1033.8448931757753,6625,5694.079,3.122407,833.9907,0.35880172,7500.4272,4.036729,8192,,,,,875.3321695369149,0.00072281837,1033.8448931757753,0.00075139984,0.04365827,0.14236382
1.0003457,0.00053826475,0,0.0035077082,875.3326058754419,1033.844063599194,6626,5694.5034,3.1224904,833.31696,0.35848656,7502.4014,4.0368824,0,,,,,875.3326058754419,0.00072295364,1033.844063599194,0.0007512289,0.04374626,0.14227068
1.0007867,0.0005384062,0,0.0035073387,875.3316294112739,1033.8445849346542,6627,5697.3633,3.123377,833.0855,0.3588982,7505.7085,4.0379434,0,,,,,875.3316294112739,0.0007225508,1033.8445849346542,0.0007509969,0.043785248,0.14278242
1.000702,0.00053854,0,0.003506969,875.3312916163329,1033.8433517415076,6628,5697.616,3.124039,833.6577,0.35883647,7505.073,4.038947,0,,,,,875.3312916163329,0.00072250253,1033.8433517415076,0.00075073674,0.0440095,0.14238602
1.0005702,0.0005385074,0,0.0035065988,875.3321531232716,1033.843622276744,6629,5695.728,3.1239202,833.81537,0.35897535,7504.085,4.0387025,0,,,,,875.3321531232716,0.000723203,1033.843622276744,0.0007514603,0.04439779,0.14250636
1.0012391,0.00053857855,0,0.0035062283,875.3325193808702,1033.8448063820015,6630,5699.9194,3.1241436,834.047,0.35894406,7509.1016,4.039236,0,,,,,875.3325193808702,0.00072266365,1033.8448063820015,0.00075117045,0.044207327,0.1427878
1.001022,0.0005384468,0,0.0035058574,875.3338612058494,1033.8430670378848,6631,5699.2026,3.1236155,834.0845,0.35914722,7507.473,4.038248,0,,,,,875.3338612058494,0.00072218827,1033.8430670378848,0.00075057935,0.044544447,0.14278276
1.0023395,0.0005385128,0,0.0035054863,875.3303049225628,1033.84378791567,6632,5706.1133,3.1237955,833.72925,0.3588809,7517.3545,4.0387425,0,,,,,875.3303049225628,0.0007210526,1033.84378791567,0.00074913906,0.044583976,0.14291465
1.0000843,0.0005381601,0,0.003505115,875.3321889201688,1033.8447720348395,6633,5692.462,3.1218069,833.55963,0.3592449,7500.4404,4.0360975,0,,,,,875.3321889201688,0.0007227057,1033.8447720348395,0.00075123156,0.043980658,0.14344838
1.0012622,0.00053830567,0,0.003504743,875.3324622144926,1033.8452558630888,6634,5700.269,3.12278,833.39,0.3590874,7509.275,4.0371895,0,,,,,875.3324622144926,0.0007221359,1033.8452558630888,0.0007507101,0.04437701,0.1430637
0.9993286,0.00053826784,0,0.003504371,875.333150567161,1033.8443582354369,6635,5688.779,3.1223478,834.36127,0.3587108,7494.7734,4.036906,0,,,,,875.333150567161,0.00072326855,1033.8443582354369,0.00075165206,0.044662066,0.14308727
0.99984604,0.00053843064,0,0.0035039985,875.3312511307603,1033.843981610231,6636,5691.298,3.123723,834.66003,0.35873252,7498.654,4.038127,0,,,,,875.3312511307603,0.00072351337,1033.843981610231,0.0007519702,0.04443383,0.14330156
0.9997075,0.0005386827,0,0.003503626,875.3344133722234,1033.8446979702994,6637,5691.2134,3.1245613,834.61334,0.3586102,7497.615,4.040017,0,,,,,875.3344133722234,0.0007234175,1033.8446979702994,0.00075227267,0.044311292,0.14327446
1.0037653,0.0005395837,128,0.0035032528,875.3342334070381,1033.8454839916362,6638,5714.086,3.1298811,833.71924,0.3587999,7528.0483,4.0467744,128,,,,,875.3342334070381,0.0007211735,1033.8454839916362,0.0007489881,0.04418236,0.14356685
1.0019296,0.0005385016,0,0.0035028795,875.3341033298875,1033.8426959925955,6639,5702.385,3.123968,833.8938,0.3587608,7514.281,4.038659,0,,,,,875.3341033298875,0.00072077545,1033.8426959925955,0.0007489708,0.044541784,0.1439298
0.9999083,0.0005382979,0,0.0035025058,875.3321226803541,1033.8449503107097,6640,5692.348,3.1225924,833.8771,0.35831442,7499.121,4.0371313,0,,,,,875.3321226803541,0.0007233455,1033.8449503107097,0.0007518241,0.044423472,0.14293772
1.0001513,0.0005382846,0,0.0035021317,875.3313119308257,1033.8447423401221,6641,5693.005,3.1224103,833.39856,0.3589759,7500.943,4.0370317,0,,,,,875.3313119308257,0.00072332786,1033.8447423401221,0.0007516662,0.044012263,0.14346562
1.0010457,0.00053829944,0,0.0035017575,875.3323609867698,1033.8440394813629,6642,5697.002,3.1226573,834.3784,0.35883147,7507.6514,4.0371428,0,,,,,875.3323609867698,0.0007221902,1033.8440394813629,0.00075060583,0.044069692,0.14327382
0.9997707,0.0005381545,0,0.0035013827,875.3318092438225,1033.8448152991664,6643,5689.549,3.121905,835.578,0.35855788,7498.089,4.0360556,0,,,,,875.3318092438225,0.00072403875,1033.8448152991664,0.0007524531,0.043948654,0.14370117
0.99987614,0.0005382087,0,0.0035010078,875.3309722623274,1033.8441381429222,6644,5689.3706,3.1221514,833.7397,0.35876682,7498.88,4.0364623,0,,,,,875.3309722623274,0.00072336383,1033.8441381429222,0.0007516485,0.04402315,0.14448649
1.0002499,0.0005384152,0,0.003500257,875.332478932776,1033.8446841356704,6646,5691.063,3.1236613,834.3495,0.35921192,7501.682,4.038011,0,,,,,875.332478932776,0.0007230795,1033.8446841356704,0.0007515593,0.04388955,0.14420152
1.0002838,0.00053835474,0,0.003499881,875.3325302992231,1033.845865742111,6647,5691.0786,3.122942,834.4473,0.35887316,7501.9375,4.0375576,0,,,,,875.3325302992231,0.00072337786,1033.845865742111,0.0007520805,0.043955524,0.14467338
0.9993901,0.0005381794,0,0.0034995046,875.3313835476235,1033.8454031630692,6648,5684.2505,3.1219623,834.50604,0.35914505,7495.235,4.0362425,0,,,,,875.3313835476235,0.00072352437,1033.8454031630692,0.00075202185,0.044344995,0.14511548
1.0000602,0.0005382931,0,0.0034991282,875.3330290498127,1033.8466418084358,6649,5688.427,3.1224587,833.9866,0.3590254,7500.2603,4.037095,0,,,,,875.3330290498127,0.0007227924,1033.8466418084358,0.0007516225,0.04447433,0.14502989
0.9998765,0.00053815136,0,0.0034987512,875.3315956446277,1033.84643209774,6650,5687.293,3.1220534,833.3712,0.35897267,7498.8823,4.036032,0,,,,,875.3315956446277,0.0007227629,1033.84643209774,0.0007513533,0.04413574,0.1452223
0.9996621,0.00053816184,0,0.003498374,875.3321091742137,1033.846028414874,6651,5683.948,3.1217043,834.55707,0.3587829,7497.2744,4.036111,0,,,,,875.3321091742137,0.00072415464,1033.846028414874,0.0007528706,0.044054113,0.14564346
1.0003256,0.00053815055,0,0.0034979964,875.332373326343,1033.8462552040496,6652,5688.3228,3.1220577,833.63684,0.3591133,7502.25,4.036026,0,,,,,875.332373326343,0.0007228889,1033.8462552040496,0.0007516096,0.044387065,0.14588282
1.0004168,0.00053824804,0,0.0034976185,875.3325913479606,1033.8460969203225,6653,5688.3203,3.1224935,834.1294,0.35868776,7502.934,4.0367575,0,,,,,875.3325913479606,0.0007231789,1033.8460969203225,0.0007519404,0.044334993,0.14614268
1.0006714,0.00053822505,8192,0.0034972404,875.3329578091491,1033.845832935855,6654,5688.9863,3.122466,835.0335,0.35831064,7504.8438,4.036585,8192,,,,,875.3329578091491,0.00072293606,1033.845832935855,0.00075164065,0.044798817,0.14605981
0.99991405,0.00053815293,0,0.0034968618,875.3322462272922,1033.8474695603704,6655,5685.0483,3.1218138,834.7601,0.35884178,7499.164,4.036044,0,,,,,875.3322462272922,0.00072367006,1033.8474695603704,0.0007525473,0.044830497,0.1462124
1.0002917,0.00053815264,0,0.003496483,875.3338702535609,1033.845559314937,6656,5687.5376,3.1220264,834.27014,0.35888904,7501.996,4.0360417,0,,,,,875.3338702535609,0.00072265614,1033.845559314937,0.0007513148,0.04498466,0.14620328
0.9992017,0.00053813285,0,0.003496104,875.3325879507744,1033.8456294875614,6657,5680.3867,3.1218204,835.513,0.359053,7493.822,4.0358934,0,,,,,875.3325879507744,0.000723897,1033.8456294875614,0.0007526504,0.044777997,0.14619704
1.0000403,0.00053827406,0,0.0034957244,875.3323353281985,1033.8477925222974,6658,5685.2954,3.122752,835.07135,0.35881695,7500.1104,4.0369525,0,,,,,875.3323353281985,0.00072327146,1033.8477925222974,0.00075231015,0.04505802,0.14630827
0.99889106,0.00053818483,0,0.0034953447,875.333611744576,1033.8455506405835,6659,5679.01,3.1220646,835.03033,0.358636,7491.4917,4.036283,0,,,,,875.333611744576,0.00072402303,1033.8455506405835,0.00075285387,0.045029115,0.14649364
1.0001494,0.00053819636,0,0.0034949644,875.3334993255162,1033.84652226882,6660,5685.4536,3.122434,833.8621,0.35872182,7500.929,4.03637,0,,,,,875.3334993255162,0.000722978,1033.84652226882,0.00075187435,0.044880852,0.1465342
0.99918383,0.00053812016,0,0.003494584,875.3325760584256,1033.847553461123,6661,5678.2705,3.1217148,834.1952,0.358956,7493.6875,4.035798,0,,,,,875.3325760584256,0.000723719,1033.847553461123,0.00075275934,0.04471469,0.14716895
1.000144,0.0005380697,0,0.0034942033,875.3331946691486,1033.8476199621623,6662,5684.2397,3.1217382,834.2564,0.35919052,7500.8887,4.03542,0,,,,,875.3331946691486,0.00072291074,1033.8476199621623,0.0007518408,0.044756927,0.14711356
0.9992434,0.00053795043,0,0.0034938222,875.331753876151,1033.847388700549,6663,5678.096,3.1209636,834.8786,0.35988218,7494.1343,4.0345254,0,,,,,875.331753876151,0.0007248176,1033.847388700549,0.00075391144,0.044502143,0.14755952
0.99973875,0.00053796166,0,0.0034934408,875.3333981484659,1033.8460047748833,6664,5680.271,3.1209433,835.615,0.35923478,7497.849,4.0346093,0,,,,,875.3333981484659,0.0007234914,1033.8460047748833,0.0007523588,0.04454805,0.1476559
0.9997911,0.0005380313,0,0.0034930592,875.3325397577622,1033.8473173738716,6665,5681.641,3.1215475,836.21814,0.35860863,7498.2417,4.0351315,0,,,,,875.3325397577622,0.00072317827,1033.8473173738716,0.00075202074,0.043861166,0.14730476
0.9998337,0.00053817895,0,0.0034926771,875.3329972409751,1033.8466406922685,6666,5681.3955,3.1225805,836.03064,0.359098,7498.5615,4.036239,0,,,,,875.3329972409751,0.0007230186,1033.8466406922685,0.0007519339,0.043820847,0.14734603
1.0003542,0.000538428,0,0.0034922948,875.3328427635587,1033.847418230121,6667,5683.424,3.1238425,835.3671,0.35918334,7502.465,4.038107,0,,,,,875.3328427635587,0.0007233744,1033.847418230121,0.00075263245,0.043993615,0.1476399
0.9993911,0.0005382347,0,0.003491912,875.3326617645114,1033.8458362756755,6668,5678.382,3.12261,835.2345,0.35893178,7495.2417,4.0366573,0,,,,,875.3326617645114,0.00072417036,1033.8458362756755,0.0007530538,0.043750696,0.14798242
0.9975559,0.0005379272,0,0.003491529,875.3325299049405,1033.8464754116858,6669,5668.494,3.1208777,834.34326,0.3587766,7481.4785,4.034351,0,,,,,875.3325299049405,0.0007255551,1033.8464754116858,0.0007544361,0.0440859,0.14747408
0.98481894,0.00053662324,0,0.0034911458,875.3327804674867,1033.846955135193,6670,5592.893,3.1130583,837.6141,0.35895306,7385.9536,4.0245714,0,,,,,875.3327804674867,0.00073377107,1033.846955135193,0.0007631003,0.044148162,0.14808217
0.9689734,0.000534867,0,0.003490762,875.3349913680049,1033.8472049442714,6671,5501.768,3.103281,836.2083,0.3592707,7267.115,4.0114,0,,,,,875.3349913680049,0.0007449589,1033.8472049442714,0.0007750683,0.044263452,0.14784569
0.9595625,0.00053390866,0,0.0034903781,875.3330268347561,1033.848636582031,6672,5447.0664,3.0974364,836.52673,0.3586584,7196.535,4.004213,0,,,,,875.3330268347561,0.00075246446,1033.848636582031,0.0007828273,0.04438618,0.1479317
0.9570171,0.00053355185,0,0.003489994,875.3350189708724,1033.8479917847617,6673,5430.7407,3.0957608,837.3226,0.35860848,7177.4453,4.001537,0,,,,,875.3350189708724,0.0007546006,1033.8479917847617,0.0007850087,0.044386487,0.14846885
0.954896,0.0005334949,0,0.0034896093,875.3344559845439,1033.847406562799,6674,5419.0225,3.0950363,835.80774,0.35963237,7161.537,4.0011096,0,,,,,875.3344559845439,0.0007562352,1033.847406562799,0.00078673236,0.044043664,0.14845622
0.9532722,0.0005334173,0,0.0034892245,875.3325630201322,1033.8483999179125,6675,5409.396,3.094728,835.34064,0.3590155,7149.3594,4.0005274,0,,,,,875.3325630201322,0.0007566512,1033.8483999179125,0.0007872765,0.044173136,0.1486667
0.9558489,0.00053376594,0,0.0034888391,875.3325031027412,1033.8492682106144,6676,5423.404,3.0969574,836.4878,0.35839182,7168.6836,4.0031424,0,,,,,875.3325031027412,0.00075484446,1033.8492682106144,0.00078555814,0.04427828,0.14825343
0.9532045,0.0005334232,0,0.0034884536,875.332507907173,1033.8482174591109,6677,5408.5933,3.0949018,835.62946,0.35925427,7148.8516,4.000572,0,,,,,875.332507907173,0.0007576978,1033.8482174591109,0.00078829104,0.04411224,0.14831918
0.9551583,0.00053351646,0,0.0034880678,875.3349137195102,1033.8485437790114,6678,5419.505,3.0952928,835.6643,0.35854605,7163.5044,4.0012712,0,,,,,875.3349137195102,0.0007563859,1033.8485437790114,0.0007871246,0.04457359,0.14885414
0.9553468,0.00053351576,0,0.0034876815,875.3342886887622,1033.849344400971,6679,5419.3633,3.0951564,836.53534,0.35912296,7164.9185,4.001266,0,,,,,875.3342886887622,0.00075624546,1033.849344400971,0.00078702153,0.044387423,0.14931548
0.95767576,0.00053370715,0,0.003487295,875.3339768840476,1033.8487566292147,6680,5433.655,3.0964627,835.76654,0.35902783,7182.385,4.0027013,0,,,,,875.3339768840476,0.0007537633,1033.8487566292147,0.00078439806,0.044175055,0.14914465
0.96201915,0.00053412694,0,0.0034869083,875.3338675155088,1033.8479305990859,6681,5458.9766,3.0988567,836.405,0.3587807,7214.9595,4.00585,0,,,,,875.3338675155088,0.0007512398,1033.8479305990859,0.00078146515,0.043869745,0.14928395
0.97565436,0.00053550274,0,0.003486521,875.3340037692517,1033.8484122884581,6682,5537.1514,3.1069474,836.50494,0.35896415,7317.221,4.016168,0,,,,,875.3340037692517,0.0007405663,1033.8484122884581,0.00077060633,0.04441822,0.14930296
0.9913971,0.00053714606,0,0.0034861336,875.3326448857752,1033.849121115362,6683,5628.0684,3.116367,836.2637,0.35880038,7435.2886,4.0284925,0,,,,,875.3326448857752,0.0007300405,1033.849121115362,0.0007595464,0.0442349,0.1499187
0.99775755,0.0005377755,0,0.0034857458,875.3314123984612,1033.849420780891,6684,5665.835,3.1205723,836.40094,0.35875228,7482.9907,4.0332136,0,,,,,875.3314123984612,0.0007255009,1033.849420780891,0.00075485883,0.04423565,0.14916669
0.99947727,0.00053788314,0,0.0034853576,875.3334443928361,1033.8483072744393,6685,5674.282,3.1210976,836.3064,0.35856894,7495.888,4.0340204,0,,,,,875.3334443928361,0.00072390004,1033.8483072744393,0.00075310346,0.044286497,0.15016882
1.0000854,0.0005379332,0,0.0034849693,875.3322913232611,1033.8490143430486,6686,5677.267,3.1211588,836.23865,0.35910207,7500.4487,4.034396,0,,,,,875.3322913232611,0.0007228991,1033.8490143430486,0.00075214513,0.044553347,0.15067407
0.9996616,0.00053800724,0,0.0034845804,875.332753542328,1033.849258890355,6687,5675.4053,3.1213567,836.43665,0.3594153,7497.271,4.034951,0,,,,,875.332753542328,0.0007239188,1033.849258890355,0.000753242,0.044595286,0.1505268
0.9991444,0.00053800794,0,0.0034841914,875.3331624157994,1033.8497821097337,6688,5672.002,3.121475,836.6236,0.35873714,7493.3916,4.0349565,0,,,,,875.3331624157994,0.0007237802,1033.8497821097337,0.0007534168,0.044869654,0.15028691
1.0022849,0.00053826376,0,0.003483802,875.3304306359402,1033.850546903799,6689,5689.9517,3.123053,836.276,0.35883868,7516.945,4.0368752,0,,,,,875.3304306359402,0.0007225597,1033.850546903799,0.00075189077,0.044617314,0.15063012
0.998862,0.00053798995,0,0.0034834123,875.3320503446744,1033.8482546777063,6690,5671.1606,3.1211357,835.5854,0.35892668,7491.274,4.0348215,0,,,,,875.3320503446744,0.000724106,1033.8482546777063,0.00075324014,0.044795573,0.15023772
0.99988675,0.000538054,0,0.0034830223,875.3322444434223,1033.8493124308552,6691,5676.924,3.1217425,836.294,0.358449,7498.9595,4.0353017,0,,,,,875.3322444434223,0.000723602,1033.8493124308552,0.0007530056,0.045053296,0.15015867
0.9998454,0.0005380327,0,0.0034826319,875.3342072178635,1033.8494414174936,6692,5676.114,3.1215127,835.5227,0.35938883,7498.649,4.035142,0,,,,,875.3342072178635,0.0007236278,1033.8494414174936,0.00075316377,0.0451346,0.15064196
0.9995684,0.0005379171,0,0.0034822412,875.3338850786247,1033.8490059150874,6693,5676.2705,3.1207695,837.0633,0.35910264,7496.572,4.034275,0,,,,,875.3338850786247,0.0007238975,1033.8490059150874,0.00075309636,0.044997323,0.15000534
0.99970144,0.0005379161,0,0.0034818503,875.3334832315312,1033.8486441766092,6694,5676.576,3.1206605,835.6993,0.35877234,7497.5693,4.034268,0,,,,,875.3334832315312,0.00072285306,1033.8486441766092,0.0007520206,0.045115776,0.15019724
1.0001485,0.0005380272,0,0.003481459,875.3335027958988,1033.8485460716786,6695,5678.8857,3.121395,836.00543,0.3587581,7500.9224,4.035101,0,,,,,875.3335027958988,0.0007234719,1033.8485460716786,0.0007526627,0.04526716,0.15008017
0.99864477,0.0005379978,0,0.0034810675,875.3329376405802,1033.8492459706054,6696,5670.306,3.1212864,836.69354,0.35860047,7489.6445,4.0348806,0,,,,,875.3329376405802,0.00072424236,1033.8492459706054,0.00075364567,0.045060825,0.15064771
0.9981802,0.0005381583,0,0.0034806754,875.3326559899024,1033.8486949029411,6697,5667.5273,3.1221368,836.9346,0.3587404,7486.1606,4.036084,0,,,,,875.3326559899024,0.0007250937,1033.8486949029411,0.00075460604,0.04476508,0.15071741
0.9985896,0.0005380983,0,0.003480283,875.3322188025704,1033.849428785581,6698,5668.7466,3.1218145,836.1585,0.3586633,7489.2305,4.035634,0,,,,,875.3322188025704,0.0007235372,1033.849428785581,0.0007531005,0.045218155,0.1508119
1.0000886,0.00053813396,0,0.0034798905,875.334120669052,1033.8494697284864,6699,5678.4683,3.1220272,835.2551,0.35855544,7500.4727,4.0359015,0,,,,,875.334120669052,0.00072248763,1033.8494697284864,0.0007519601,0.04480935,0.15083098
0.999748,0.00053805555,8192,0.0034794977,875.3340394861434,1033.847527697398,6700,5676.566,3.1214967,834.92773,0.35916182,7497.9185,4.0353136,8192,,,,,875.3340394861434,0.00072287366,1033.847527697398,0.00075204164,0.04494453,0.1509289
1.0000453,0.00053795887,0,0.0034791045,875.332867931056,1033.848326567733,6701,5676.8154,3.1211007,835.7837,0.35911492,7500.1484,4.0345883,0,,,,,875.332867931056,0.0007232901,1033.848326567733,0.00075254677,0.04498559,0.1513205
0.9989347,0.0005378262,0,0.003478711,875.3320546704349,1033.8485239076645,6702,5671.875,3.1200812,835.6409,0.35875675,7491.819,4.0335937,0,,,,,875.3320546704349,0.00072306,1033.8485239076645,0.00075214775,0.044836134,0.15097108
1.0000322,0.000538008,0,0.003478317,875.3327628937228,1033.849524079892,6703,5678.619,3.1209133,835.983,0.35924473,7500.0503,4.034957,0,,,,,875.3327628937228,0.0007238812,1033.849524079892,0.00075326825,0.04491912,0.15078147
0.9998528,0.0005379442,0,0.0034779229,875.3323961324827,1033.8496170509043,6704,5675.754,3.1208992,836.17566,0.35877278,7498.7046,4.0344787,0,,,,,875.3323961324827,0.00072417693,1033.8496170509043,0.00075362396,0.04483184,0.15104538
0.999547,0.0005383165,0,0.0034771336,875.3323363675793,1033.8516996988737,6706,5675.2363,3.1227174,835.3154,0.3588179,7496.411,4.0372705,0,,,,,875.3323363675793,0.000723832,1033.8516996988737,0.00075381144,0.045123506,0.15085728
1.0002549,0.0005382553,0,0.0034767385,875.3327569722516,1033.8493414772138,6707,5677.925,3.1225169,835.48596,0.35875016,7501.72,4.036812,0,,,,,875.3327569722516,0.0007230161,1033.8493414772138,0.000752456,0.045203485,0.15142073
1.000177,0.00053816475,0,0.003476343,875.3328788943822,1033.850113131729,6708,5678.882,3.1217473,835.0551,0.35920328,7501.136,4.036133,0,,,,,875.3328788943822,0.00072345353,1033.850113131729,0.00075295224,0.04473302,0.15102778
1.0001483,0.00053812115,0,0.0034759473,875.3316328223802,1033.847779680755,6709,5679.124,3.1215727,835.2056,0.35897154,7500.9204,4.0358057,0,,,,,875.3316328223802,0.00072332815,1033.847779680755,0.00075241673,0.04486989,0.15097351
0.9993219,0.0005380021,0,0.003475551,875.3323695892686,1033.85008190733,6710,5673.227,3.120801,835.7667,0.3592621,7494.7227,4.034913,0,,,,,875.3323695892686,0.0007239401,1033.85008190733,0.0007533242,0.044948593,0.15124765
1.0002601,0.00053804455,0,0.0034751548,875.3325419252594,1033.8493342427414,6711,5679.332,3.1211565,835.2004,0.35874432,7501.7593,4.035231,0,,,,,875.3325419252594,0.00072313135,1033.8493342427414,0.0007523395,0.04486181,0.1510263
0.99989086,0.00053797255,0,0.003474758,875.3329724262369,1033.8498454959604,6712,5677.5347,3.120777,836.11127,0.3583048,7498.99,4.0346913,0,,,,,875.3329724262369,0.00072345557,1033.8498454959604,0.0007528391,0.04519433,0.15093747
0.9991694,0.0005379571,0,0.0034743608,875.3325285014469,1033.8501526891391,6713,5672.386,3.1206694,835.2385,0.3587442,7493.579,4.0345755,0,,,,,875.3325285014469,0.0007244751,1033.8501526891391,0.0007540512,0.04536404,0.15146752
1.0002698,0.00053825864,0,0.0034739636,875.3327317681011,1033.848697014427,6714,5680.162,3.1222396,836.18414,0.3588921,7501.8315,4.0368366,0,,,,,875.3327317681011,0.0007237078,1033.848697014427,0.00075311953,0.04567648,0.1509637
0.99940205,0.00053814246,0,0.003473566,875.3328359146326,1033.8496222753693,6715,5675.2627,3.1214943,835.1892,0.3589891,7495.324,4.0359654,0,,,,,875.3328359146326,0.00072317064,1033.8496222753693,0.0007525871,0.045276742,0.15097374
0.99947566,0.0005380776,0,0.0034731678,875.3337308222086,1033.8503308138897,6716,5675.0156,3.1211421,834.6098,0.35896644,7495.876,4.035479,0,,,,,875.3337308222086,0.0007231448,1033.8503308138897,0.00075266144,0.04549944,0.15120348
1.0004494,0.0005400981,0,0.0034723708,875.3709958715037,1033.817043994142,6718,5779.5747,3.1325917,834.9393,0.35912383,7503.1787,4.0506325,0,,,,,875.3709958715037,0.0007199696,1033.817043994142,0.0007468353,0.080293186,0.10668326
0.99996674,0.0005400749,0,0.003471972,875.3701193073011,1033.8168787357536,6719,5776.064,3.1323862,836.00726,0.35794935,7499.559,4.0504584,0,,,,,875.3701193073011,0.0007203243,1033.8168787357536,0.00074727024,0.08058311,0.1069665
1.0005026,0.0005400561,8192,0.0034715727,875.3730778959348,1033.8181495867707,6720,5779.1416,3.132291,835.2525,0.3582239,7503.5776,4.0503173,8192,,,,,875.3730778959348,0.00072013383,1033.8181495867707,0.0007474537,0.08064865,0.10699853
0.9994144,0.0005400471,8192,0.003471173,875.3703124269134,1033.8177519823985,6721,5774.1514,3.1322763,835.0856,0.35804552,7495.4165,4.05025,8192,,,,,875.3703124269134,0.00072089175,1033.8177519823985,0.0007480258,0.08045068,0.106789455
0.9994298,0.0005400635,0,0.003470773,875.3701292260907,1033.8184281247095,6722,5773.372,3.132078,836.2181,0.3579184,7495.532,4.0503726,0,,,,,875.3701292260907,0.0007208603,1033.8184281247095,0.00074790436,0.08051927,0.10728484
0.9997622,0.0005399527,0,0.0034703729,875.3712129109924,1033.817306089177,6723,5775.26,3.131646,836.20087,0.3577176,7498.025,4.049542,0,,,,,875.3712129109924,0.00072048506,1033.817306089177,0.0007477191,0.08091767,0.107222416
1.0011111,0.00054002483,0,0.0034699724,875.3695747732788,1033.8176720668066,6724,5783.799,3.13201,834.6983,0.3577834,7508.1416,4.0500827,0,,,,,875.3695747732788,0.0007190124,1033.8176720668066,0.0007457673,0.07968097,0.10616335
1.0017757,0.00054015935,0,0.0034695715,875.3715223170974,1033.8178744892778,6725,5787.252,3.132833,835.0757,0.358549,7513.126,4.0510917,0,,,,,875.3715223170974,0.0007195216,1033.8178744892778,0.0007466319,0.08041932,0.10646877
1.0003164,0.0005401011,0,0.0034691703,875.3703920806491,1033.817007426565,6726,5777.891,3.132631,836.2015,0.35788083,7502.1816,4.050655,0,,,,,875.3703920806491,0.0007203674,1033.817007426565,0.00074717985,0.0803992,0.10681329
1.0004911,0.00054030964,0,0.0034687687,875.3708898882167,1033.8181299751654,6727,5779.0215,3.1338236,836.475,0.35829464,7503.492,4.052219,0,,,,,875.3708898882167,0.00072105444,1033.8181299751654,0.00074818585,0.08045878,0.107497975
1.0001738,0.0005402956,0,0.003468367,875.3717848798087,1033.8180855384862,6728,5776.805,3.1336153,835.79877,0.35829476,7501.1123,4.0521135,0,,,,,875.3717848798087,0.00072028616,1033.8180855384862,0.0007475161,0.08078768,0.10787102
1.000452,0.0005401991,0,0.0034679647,875.3722433565122,1033.8170866459698,6729,5777.6406,3.133054,836.5641,0.35859233,7503.199,4.0513897,0,,,,,875.3722433565122,0.0007198571,1033.8170866459698,0.0007467953,0.080389224,0.10770911
0.99982524,0.00054006855,0,0.0034675624,875.3722224951421,1033.818327118338,6730,5775.3345,3.1323075,835.22815,0.35857525,7498.498,4.0504107,0,,,,,875.3722224951421,0.0007198546,1033.818327118338,0.0007471635,0.08074756,0.10750409
1.0012726,0.00054010854,0,0.0034671596,875.3696424423465,1033.8158904844058,6731,5784.034,3.1326241,835.0887,0.35835487,7509.3525,4.0507107,0,,,,,875.3696424423465,0.0007194724,1033.8158904844058,0.0007462558,0.08039712,0.1070819
1.002064,0.00054012303,0,0.0034667565,875.3707638617016,1033.8189816890601,6732,5787.901,3.13274,835.3714,0.35832182,7515.288,4.0508194,0,,,,,875.3707638617016,0.0007198476,1033.8189816890601,0.0007469269,0.08036669,0.10745678
1.000093,0.000539952,0,0.003466353,875.3697250196778,1033.8152276134033,6733,5777.982,3.1315546,836.00714,0.3582546,7500.5063,4.0495367,0,,,,,875.3697250196778,0.0007196402,1033.8152276134033,0.0007462897,0.08056754,0.107266136
1.0000949,0.0005400405,0,0.0034659493,875.3720000732235,1033.8178488152355,6734,5777.689,3.1319263,835.48926,0.3590759,7500.5205,4.0502005,0,,,,,875.3720000732235,0.00071993656,1033.8178488152355,0.0007471399,0.08079988,0.107476786
0.9996396,0.0005400769,0,0.0034655454,875.3700276541798,1033.8185784195343,6735,5773.6733,3.1322973,835.9986,0.3581323,7497.1055,4.050473,0,,,,,875.3700276541798,0.000719916,1033.8185784195343,0.0007471196,0.08104643,0.10783441
1.0006022,0.00054045115,0,0.003465141,875.3713998110904,1033.8169038664175,6736,5780.001,3.134319,835.68097,0.358686,7504.3257,4.0532804,0,,,,,875.3713998110904,0.0007195006,1033.8169038664175,0.0007466196,0.08084053,0.10810736
1.0002702,0.00054037775,0,0.0034647363,875.3713115007693,1033.8175354557295,6737,5777.867,3.1339674,836.7253,0.35838312,7501.8354,4.0527296,0,,,,,875.3713115007693,0.0007202604,1033.8175354557295,0.0007470913,0.08094882,0.10775241
0.99974245,0.0005401214,0,0.0034643312,875.3709133946973,1033.818407821833,6738,5773.802,3.1324472,835.4209,0.35832137,7497.877,4.050807,0,,,,,875.3709133946973,0.0007205008,1033.818407821833,0.0007478282,0.0804659,0.10792097
1.001442,0.00054022315,8192,0.0034639258,875.3721131262189,1033.817681683341,6739,5784.416,3.1330817,836.02515,0.35840365,7510.623,4.0515704,8192,,,,,875.3721131262189,0.0007196368,1033.817681683341,0.0007467034,0.08063311,0.107708275
1.0001688,0.0005400768,0,0.0034635202,875.3707238820722,1033.8179901984092,6740,5777.3276,3.1320028,835.5328,0.35839397,7501.074,4.0504727,0,,,,,875.3707238820722,0.0007195076,1033.8179901984092,0.00074635335,0.080711134,0.10776488
1.0004588,0.0005400217,0,0.0034631144,875.3715912728105,1033.819327276241,6741,5777.003,3.131913,835.90906,0.3583791,7503.25,4.0500593,0,,,,,875.3715912728105,0.000720121,1033.819327276241,0.00074751105,0.08139862,0.10854003
0.99981874,0.0005399302,0,0.003462708,875.3716366355511,1033.818175238156,6742,5774.659,3.1313815,835.3132,0.35854176,7498.449,4.049373,0,,,,,875.3716366355511,0.000719908,1033.818175238156,0.00074706203,0.08123049,0.108271986
1.0009451,0.0005401466,0,0.0034623013,875.3717082005462,1033.8173620076273,6743,5781.283,3.1325157,836.9849,0.35834563,7506.897,4.0509963,0,,,,,875.3717082005462,0.0007197378,1033.8173620076273,0.00074691605,0.081444204,0.10828506
1.0002421,0.0005401712,0,0.0034618946,875.3722235728599,1033.8186417676081,6744,5776.0713,3.1327753,835.4212,0.3583349,7501.6245,4.051181,0,,,,,875.3722235728599,0.0007202388,1033.8186417676081,0.000747468,0.08150479,0.10898857
1.0008457,0.0005402914,0,0.0034614874,875.371556391362,1033.8196548072647,6745,5780.401,3.133382,835.71826,0.3580698,7506.151,4.052082,0,,,,,875.371556391362,0.00072041294,1033.8196548072647,0.000747841,0.08118512,0.10881273
1.000058,0.00054011564,0,0.0034610797,875.3712747027423,1033.8184607561889,6746,5776.3906,3.132487,835.7056,0.35832423,7500.244,4.050764,0,,,,,875.3712747027423,0.00071992766,1033.8184607561889,0.00074709055,0.08140368,0.10843711
1.0000097,0.0005400619,0,0.0034606718,875.3723441175234,1033.81867108374,6747,5774.581,3.1320603,836.4289,0.35814446,7499.8813,4.050361,0,,,,,875.3723441175234,0.0007201303,1033.81867108374,0.0007473844,0.081356585,0.10904391
1.0004612,0.00054012146,0,0.0034602636,875.3705844344915,1033.8197087882245,6748,5778.302,3.1324449,836.0068,0.35761902,7503.268,4.0508075,0,,,,,875.3705844344915,0.0007196345,1033.8197087882245,0.0007470762,0.081369065,0.10890505
1.0010715,0.0005402097,0,0.0034598552,875.3708118424313,1033.8188217182155,6749,5782.4043,3.1329558,835.87537,0.35835513,7507.8447,4.0514693,0,,,,,875.3708118424313,0.0007191,1033.8188217182155,0.00074609974,0.08152872,0.10876338
1.0006926,0.00054012367,0,0.0034594464,875.3707915704442,1033.818775639951,6750,5778.627,3.132338,835.8345,0.35812694,7505.0034,4.050824,0,,,,,875.3707915704442,0.0007196939,1033.818775639951,0.00074696273,0.081512645,0.10946097
1.0005155,0.0005401624,0,0.0034590373,875.3708365216415,1033.8200224264351,6751,5778.1772,3.1326008,836.71796,0.35809916,7503.675,4.0511146,0,,,,,875.3708365216415,0.000720493,1033.8200224264351,0.0007477046,0.08152136,0.10893237
1.0007836,0.0005402057,0,0.0034586277,875.3717257968149,1033.8193753946264,6752,5779.7285,3.1328926,835.9438,0.35826495,7505.685,4.0514393,0,,,,,875.3717257968149,0.0007197655,1033.8193753946264,0.0007472271,0.08131244,0.10957136
0.99984056,0.00053996476,0,0.003458218,875.371735329237,1033.8190541515214,6753,5773.363,3.1317372,836.6832,0.35818386,7498.613,4.0496325,0,,,,,875.371735329237,0.0007200437,1033.8190541515214,0.0007474117,0.081632584,0.10950418
1.0014135,0.0005401248,0,0.003457808,875.3734896741788,1033.8192062028593,6754,5783.2446,3.1323543,835.91205,0.35855246,7510.4097,4.0508323,0,,,,,875.3734896741788,0.0007197536,1033.8192062028593,0.00074711564,0.081696354,0.10928455
1.0009965,0.0005400776,0,0.0034573975,875.3717369451299,1033.8199545493576,6755,5780.7407,3.132082,834.9414,0.35791573,7507.282,4.050479,0,,,,,875.3717369451299,0.00071902655,1033.8199545493576,0.00074645673,0.0812919,0.10972928
1.0002772,0.00054012483,0,0.0034569867,875.3714648589057,1033.8193547697467,6756,5775.8394,3.1323,836.5737,0.35790044,7501.8877,4.0508327,0,,,,,875.3714648589057,0.00072009134,1033.8193547697467,0.0007474059,0.08161448,0.10966439
0.9999065,0.00054020644,0,0.0034565758,875.3720292355805,1033.8220434892607,6757,5774.029,3.1328025,835.58246,0.35809943,7499.1074,4.051445,0,,,,,875.3720292355805,0.0007205214,1033.8220434892607,0.00074837194,0.08162587,0.110001676
1.0003484,0.0005403137,0,0.0034561644,875.3720782884166,1033.819377972438,6758,5777.3525,3.133466,836.88855,0.35813296,7502.422,4.0522494,0,,,,,875.3720782884166,0.00072004995,1033.819377972438,0.0007473965,0.081565395,0.109305605
1.0001308,0.00054022355,0,0.0034557527,875.3721944634665,1033.8192796721623,6759,5775.7715,3.1329253,836.8605,0.35809547,7500.789,4.0515733,0,,,,,875.3721944634665,0.00072071573,1033.8192796721623,0.0007480067,0.08197375,0.1091801
1.0003196,0.0005401726,0,0.0034553406,875.3728166490614,1033.8201269308151,6760,5776.7427,3.1326528,835.9376,0.35797957,7502.2056,4.0511913,0,,,,,875.3728166490614,0.00072039256,1033.8201269308151,0.00074809446,0.081973605,0.109652035
1.0004143,0.00054012355,0,0.0034549285,875.370947922301,1033.8192584917242,6761,5777.5615,3.1323009,836.3422,0.3578478,7502.9155,4.050823,0,,,,,875.370947922301,0.0007204095,1033.8192584917242,0.0007478806,0.08158601,0.11030442
1.001151,0.00054008665,0,0.0034545157,875.3716204037936,1033.8193113991206,6762,5781.6895,3.1321483,836.2388,0.35811856,7508.441,4.0505466,0,,,,,875.3716204037936,0.00071966334,1033.8193113991206,0.00074707315,0.08167017,0.10977357
1.0008236,0.00054000143,0,0.003454103,875.3712142544496,1033.8189585391467,6763,5779.597,3.1317134,836.74756,0.35804278,7505.986,4.049907,0,,,,,875.3712142544496,0.00071979285,1033.8189585391467,0.0007470922,0.082106024,0.109826975
1.000548,0.0005400774,0,0.0034536896,875.3727997665917,1033.8195655890854,6764,5778.7637,3.1320307,836.6679,0.35806826,7503.9185,4.050477,0,,,,,875.3727997665917,0.00071986136,1033.8195655890854,0.00074737845,0.08211848,0.10983697
0.99916404,0.0005400549,0,0.0034532761,875.3721931637865,1033.8206545640835,6765,5769.747,3.1319318,837.2064,0.35777795,7493.539,4.0503087,0,,,,,875.3721931637865,0.0007206247,1033.8206545640835,0.0007481085,0.082102805,0.11048426
1.0003567,0.0005403608,0,0.0034528621,875.3724613301873,1033.8199324177908,6766,5776.163,3.133715,835.82715,0.3582767,7502.484,4.052603,0,,,,,875.3724613301873,0.00071997504,1033.8199324177908,0.00074751326,0.08222699,0.11033716
0.9998818,0.00054036063,0,0.003452448,875.371874963557,1033.8205889361016,6767,5773.6436,3.1336515,836.01135,0.35800278,7498.9224,4.0526013,0,,,,,875.371874963557,0.00072029023,1033.8205889361016,0.00074781047,0.081793785,0.11055504
1.0004095,0.0005402206,0,0.0034520335,875.3713411971914,1033.8207959358276,6768,5776.5254,3.1328192,835.0512,0.35804868,7502.8794,4.051551,0,,,,,875.3713411971914,0.00071988924,1033.8207959358276,0.0007472415,0.08193716,0.1106761
1.0006797,0.0005401705,0,0.0034516186,875.3718838577255,1033.821009520545,6769,5777.6606,3.1325595,836.358,0.3584874,7504.9062,4.0511756,0,,,,,875.3718838577255,0.00071977824,1033.821009520545,0.0007473724,0.082142554,0.11039707
1.0005432,0.00054011075,0,0.0034512035,875.3717581116873,1033.8203039933262,6770,5777.715,3.1321948,836.0117,0.35823086,7503.8823,4.0507274,0,,,,,875.3717581116873,0.0007198,1033.8203039933262,0.00074727443,0.08180991,0.11013853
1.0007136,0.0005400818,0,0.0034507879,875.3729267296034,1033.8199796675945,6771,5779.1157,3.1320226,835.8569,0.35840112,7505.1606,4.0505104,0,,,,,875.3729267296034,0.0007200737,1033.8199796675945,0.0007475258,0.08154691,0.109570116
1.0001493,0.00053994806,0,0.0034503723,875.372161651263,1033.819255659786,6772,5774.379,3.1312435,837.048,0.35771865,7500.9277,4.049507,0,,,,,875.372161651263,0.00072008633,1033.819255659786,0.0007474196,0.08149516,0.11011663
1.0005958,0.0005400606,0,0.003449956,875.3699535068688,1033.8196372842026,6773,5778.53,3.1319695,836.1173,0.358086,7504.277,4.050351,0,,,,,875.3699535068688,0.0007201523,1033.8196372842026,0.0007471955,0.080813676,0.10928446
1.0004379,0.000540227,0,0.0034495397,875.3705584029046,1033.820395923005,6774,5777.6577,3.1328404,836.72266,0.3578073,7503.093,4.051599,0,,,,,875.3705584029046,0.00071967405,1033.820395923005,0.000747002,0.080377005,0.1092322
1.0011048,0.0005404124,0,0.003449123,875.3718113420373,1033.8190784712967,6775,5780.527,3.1339445,836.9024,0.3579968,7508.0947,4.0529895,0,,,,,875.3718113420373,0.00072055636,1033.8190784712967,0.00074795453,0.080560155,0.10932589
1.0001355,0.00054020615,0,0.003448706,875.3716362863056,1033.817865834803,6776,5776.075,3.132814,835.8829,0.35830042,7500.8247,4.0514426,0,,,,,875.3716362863056,0.0007202041,1033.817865834803,0.0007472811,0.08040941,0.10920565
0.9999357,0.0005400848,0,0.0034482884,875.3702309610503,1033.8182794293239,6777,5774.6245,3.1320891,835.6053,0.35808536,7499.326,4.0505323,0,,,,,875.3702309610503,0.0007206255,1033.8182794293239,0.00074791413,0.0805947,0.10964592
1.0003517,0.0005401353,0,0.0034478707,875.3706985011925,1033.8177838624674,6778,5776.5386,3.1322486,835.26215,0.35869962,7502.446,4.0509114,0,,,,,875.3706985011925,0.0007196679,1033.8177838624674,0.0007466888,0.08087329,0.109655395
1.0004025,0.0005401169,0,0.0034474528,875.3713145957825,1033.8204725580272,6779,5777.375,3.1322904,835.65485,0.35823312,7502.8267,4.0507736,0,,,,,875.3713145957825,0.0007202317,1033.8204725580272,0.0007475914,0.08078909,0.109770134
1.0001734,0.000540039,0,0.0034470344,875.3717486101502,1033.8188454756764,6780,5776.274,3.1319113,835.7283,0.35816482,7501.11,4.050189,0,,,,,875.3717486101502,0.0007199453,1033.8188454756764,0.00074717734,0.08090923,0.10950672
0.9998834,0.0005400264,0,0.0034466158,875.3705048694553,1033.8202531925117,6781,5772.858,3.1316655,836.5685,0.35811126,7498.934,4.0500946,0,,,,,875.3705048694553,0.0007207968,1033.8202531925117,0.0007481891,0.08121032,0.110787
1.0000193,0.0005401301,0,0.003446197,875.3727212758165,1033.8205489102038,6782,5774.706,3.1323607,835.72626,0.3586378,7499.953,4.0508723,0,,,,,875.3727212758165,0.0007198065,1033.8205489102038,0.00074738753,0.081430905,0.11043821
1.0002954,0.00054010726,0,0.0034457776,875.3696932888383,1033.8183400388348,6783,5775.8384,3.132102,836.77045,0.3579117,7502.0244,4.050701,0,,,,,875.3696932888383,0.0007199424,1033.8183400388348,0.0007467787,0.0814859,0.11093176
1.0001286,0.0005400142,0,0.003445358,875.3717923366539,1033.8225047305377,6784,5772.908,3.1316655,837.1209,0.35828662,7500.7734,4.050003,0,,,,,875.3717923366539,0.0007199135,1033.8225047305377,0.0007477489,0.08127914,0.111515805
1.0004675,0.0005400547,0,0.003444938,875.3718976441187,1033.8205338227772,6785,5776.146,3.1318707,836.9352,0.3582887,7503.315,4.050307,0,,,,,875.3718976441187,0.0007200664,1033.8205338227772,0.000747652,0.08134249,0.11092061
0.9999254,0.00054002664,0,0.003444518,875.3708657344598,1033.8202907191658,6786,5772.8413,3.131781,836.86633,0.35808644,7499.249,4.0500965,0,,,,,875.3708657344598,0.00072050054,1033.8202907191658,0.0007476952,0.081156634,0.11104961
0.9999485,0.00054012437,0,0.0034440972,875.3708214234618,1033.8200373231955,6787,5771.218,3.132347,836.25464,0.3580269,7499.4224,4.0508294,0,,,,,875.3708214234618,0.0007201206,1033.8200373231955,0.00074760115,0.08153581,0.11156166
1.000234,0.00054024043,0,0.0034436765,875.3711415299024,1033.820138605066,6788,5774.154,3.1329348,836.7927,0.3581051,7501.5635,4.0516996,0,,,,,875.3711415299024,0.0007206298,1033.820138605066,0.0007480696,0.08164548,0.11125572
1.001239,0.00054027233,0,0.0034432553,875.372300376625,1033.8194987392712,6789,5780.093,3.1331444,836.5736,0.3578874,7509.1,4.051939,0,,,,,875.372300376625,0.00071912626,1033.8194987392712,0.0007465253,0.081688784,0.111046426
1.0005921,0.00054018584,0,0.003442834,875.3722386350249,1033.8200215200106,6790,5775.485,3.1325653,836.3878,0.35786566,7504.249,4.0512905,0,,,,,875.3722386350249,0.00072003296,1033.8200215200106,0.00074763555,0.08115861,0.111218385
0.9996128,0.0005398965,0,0.00344199,875.370660871171,1033.820734587594,6792,5770.301,3.1311557,837.1795,0.35794622,7496.905,4.0491204,0,,,,,875.370660871171,0.0007202965,1033.820734587594,0.0007478663,0.08117138,0.11145874
1.0003713,0.0005398756,0,0.0034415675,875.3720551395975,1033.8211194918244,6793,5773.341,3.131031,836.7702,0.3580942,7502.5938,4.0489635,0,,,,,875.3720551395975,0.0007192629,1033.8211194918244,0.00074689323,0.08192763,0.11252535
1.0009612,0.0005400291,0,0.0034411447,875.3737497444029,1033.8211611578993,6794,5776.739,3.1317246,836.3774,0.35823268,7507.017,4.0501146,0,,,,,875.3737497444029,0.0007196502,1033.8211611578993,0.0007474082,0.082111485,0.11275878
1.0009134,0.000540139,0,0.0034407217,875.3727373328172,1033.8212155424599,6795,5776.3833,3.1323261,837.14966,0.35793605,7506.659,4.050939,0,,,,,875.3727373328172,0.00071944087,1033.8212155424599,0.00074723875,0.08245469,0.11282365
1.0008215,0.00054027175,0,0.0034394506,875.3723089867174,1033.8216330049588,6798,5774.107,3.1330855,836.5507,0.35835102,7505.969,4.0519347,0,,,,,875.3723089867174,0.00071948033,1033.8216330049588,0.00074718817,0.08211163,0.11355865
1.0006589,0.00054008735,0,0.0034390262,875.3728659236367,1033.8217059032409,6799,5771.8164,3.1321993,836.82965,0.3580662,7504.75,4.050552,0,,,,,875.3728659236367,0.00071984314,1033.8217059032409,0.000747771,0.082096934,0.11363561
0.9997668,0.00053987774,0,0.0034386017,875.3729237197722,1033.8223778732136,6800,5766.9297,3.1308877,835.6348,0.35823658,7498.06,4.0489798,0,,,,,875.3729237197722,0.00071994355,1033.8223778732136,0.00074793823,0.08211469,0.113564506
0.99966514,0.0005398708,0,0.0034381766,875.3720051136954,1033.8233478466402,6801,5766.626,3.1308231,836.9217,0.35874176,7497.2974,4.048928,0,,,,,875.3720051136954,0.0007202904,1033.8233478466402,0.0007482987,0.08201172,0.11384927
0.99928004,0.00053979974,0,0.0034377514,875.372896536957,1033.8219164520929,6802,5764.0513,3.130438,837.68964,0.35857803,7494.409,4.0483947,0,,,,,875.372896536957,0.00072020636,1033.8219164520929,0.0007480067,0.082190536,0.113574184
0.9997907,0.00053985487,0,0.0034373258,875.3727450906824,1033.822806876454,6803,5766.3086,3.1307964,836.6715,0.3584939,7498.2393,4.048808,0,,,,,875.3727450906824,0.0007205409,1033.822806876454,0.00074855564,0.082225,0.11404541
1.0002539,0.0005400533,0,0.0034369,875.3726328300377,1033.8215385606782,6804,5769.851,3.1318882,836.70807,0.35828888,7501.713,4.0502963,0,,,,,875.3726328300377,0.0007204349,1033.8215385606782,0.0007480747,0.08185579,0.113292485
1.00099,0.00054034125,8192,0.0034364737,875.3714719950619,1033.8216933380702,6805,5773.4575,3.1335769,837.1617,0.35797623,7507.2334,4.052456,8192,,,,,875.3714719950619,0.0007204418,1033.8216933380702,0.00074824376,0.08176252,0.11373677
0.9999626,0.0005401048,0,0.0034360471,875.3734661553857,1033.8235925938043,6806,5766.2705,3.132319,837.45374,0.3577681,7499.5283,4.0506825,0,,,,,875.3734661553857,0.00072039623,1033.8235925938043,0.00074847694,0.081436,0.114383526
1.0007477,0.0005400686,0,0.0034356203,875.3714834691721,1033.8229244845684,6807,5771.557,3.132032,835.9238,0.3583651,7505.416,4.050411,0,,,,,875.3714834691721,0.00071937946,1033.8229244845684,0.00074746384,0.0819601,0.11463149
1.000033,0.0005399013,0,0.003435193,875.3729763724782,1033.8224006066312,6808,5767.0205,3.1311824,836.4682,0.35863498,7500.056,4.0491567,0,,,,,875.3729763724782,0.0007203306,1033.8224006066312,0.0007483652,0.0817924,0.1143528
1.0011293,0.0005399905,0,0.0034347656,875.373060682726,1033.8222047670247,6809,5771.443,3.131788,837.0656,0.35793668,7508.2783,4.049825,0,,,,,875.373060682726,0.000719679,1033.8222047670247,0.00074762246,0.08182796,0.115240045
1.0002322,0.00053993944,0,0.003434338,875.371680421027,1033.8254940522697,6810,5766.979,3.1313567,837.73944,0.35853058,7501.55,4.0494423,0,,,,,875.371680421027,0.00072133157,1033.8254940522697,0.000749664,0.08222693,0.11563042
0.9997394,0.0005398495,0,0.0034339097,875.3723471534997,1033.8235024449586,6811,5763.721,3.130696,838.0692,0.35875434,7497.854,4.048768,0,,,,,875.3723471534997,0.0007205447,1033.8235024449586,0.0007487143,0.08185161,0.11563993
1.000175,0.00053989433,0,0.0034334813,875.3716749031069,1033.8238199991304,6812,5765.7334,3.1311274,836.6976,0.35798305,7501.121,4.049104,0,,,,,875.3716749031069,0.0007202526,1033.8238199991304,0.0007484581,0.08204856,0.11569233
0.9979068,0.00053980155,0,0.0034330527,875.373055161929,1033.8222599802793,6813,5756.7817,3.13048,836.87134,0.3581595,7484.11,4.0484085,0,,,,,875.373055161929,0.0007215991,1033.8222599802793,0.00074972754,0.08196655,0.114093035
0.9972337,0.0005396904,0,0.0034326236,875.3733821601637,1033.8217001009439,6814,5753.469,3.129857,837.4514,0.35792407,7479.062,4.0475745,0,,,,,875.3733821601637,0.0007217415,1033.8217001009439,0.00074964494,0.08177843,0.113542
0.9989725,0.00053977774,0,0.0034321942,875.3725852759151,1033.8212420645768,6815,5760.3213,3.1304727,836.3931,0.35875925,7492.1025,4.0482297,0,,,,,875.3725852759151,0.000720449,1033.8212420645768,0.0007482551,0.0822036,0.11483998
0.9972522,0.00053968094,0,0.0034317644,875.3734642396214,1033.8230452129483,6816,5751.596,3.129726,836.98413,0.35814533,7479.2007,4.047504,0,,,,,875.3734642396214,0.000721654,1033.8230452129483,0.0007499463,0.08244365,0.11501883
0.9981149,0.0005398563,0,0.0034309044,875.3737881232847,1033.8240076904628,6818,5754.99,3.1307886,835.96185,0.35866618,7485.6704,4.048819,0,,,,,875.3737881232847,0.00072161923,1033.8240076904628,0.00074987666,0.08233845,0.11519449
0.9984524,0.0005398678,0,0.0034304736,875.3718508456948,1033.8219934995313,6819,5757.822,3.1308417,836.2854,0.35788205,7488.202,4.048905,0,,,,,875.3718508456948,0.00072108733,1033.8219934995313,0.00074908795,0.08251241,0.11519706
0.9980438,0.0005397996,0,0.0034300426,875.3730364378646,1033.821943304796,6820,5755.0806,3.1304731,837.20386,0.3581274,7485.137,4.0483937,0,,,,,875.3730364378646,0.00072097935,1033.821943304796,0.00074890465,0.08216934,0.11593128
0.9979228,0.00053972524,0,0.0034296114,875.3722607131072,1033.8240490475732,6821,5752.337,3.1300714,837.3834,0.3578642,7484.23,4.047836,0,,,,,875.3722607131072,0.000721594,1033.8240490475732,0.00074993377,0.08268512,0.11625583
0.9998465,0.0005398409,0,0.0034291798,875.3731017566898,1033.8241631202477,6822,5765.0947,3.1307514,836.95807,0.35833734,7498.6577,4.048703,0,,,,,875.3731017566898,0.0007205423,1033.8241631202477,0.0007488057,0.08256039,0.11584018
0.9995787,0.00053974363,0,0.0034287479,875.372980859776,1033.8236567636104,6823,5763.0464,3.1301925,836.82135,0.35793954,7496.649,4.047974,0,,,,,875.372980859776,0.0007205205,1033.8236567636104,0.0007486792,0.082282685,0.11608458
0.99977994,0.00053977134,0,0.0034283157,875.3719456615298,1033.8247047041173,6824,5762.823,3.1303732,836.56665,0.35837612,7498.158,4.0481815,0,,,,,875.3719456615298,0.000720553,1033.8247047041173,0.0007487334,0.08202719,0.11668182
0.99916077,0.0005398102,0,0.0034278831,875.3720549766199,1033.824351067925,6825,5759.7056,3.1305735,838.1432,0.35771918,7493.5146,4.0484734,0,,,,,875.3720549766199,0.00072043,1033.824351067925,0.0007485396,0.08244552,0.116674244
1.0008857,0.0005401767,0,0.0034274505,875.3727712042503,1033.8254349696142,6826,5769.5005,3.1327314,837.7388,0.35826227,7506.4517,4.051222,0,,,,,875.3727712042503,0.0007203957,1033.8254349696142,0.00074890396,0.08253366,0.116848744
0.9993913,0.00054008013,0,0.0034270172,875.3727346674696,1033.8236475219564,6827,5759.464,3.1322355,837.52936,0.3584854,7495.2437,4.0504975,0,,,,,875.3727346674696,0.00072101655,1033.8236475219564,0.00074943923,0.08238863,0.116738304
1.000358,0.0005401242,0,0.0034265837,875.3718896551322,1033.823787028224,6828,5766.074,3.1323767,836.44543,0.35891333,7502.493,4.050828,0,,,,,875.3718896551322,0.00072044117,1033.823787028224,0.00074884016,0.08260486,0.116801776
1.0004076,0.0005400043,0,0.00342615,875.3733383312763,1033.824222004935,6829,5766.4106,3.1316714,836.8078,0.35818812,7502.8657,4.0499287,0,,,,,875.3733383312763,0.00072003336,1033.824222004935,0.0007484111,0.08270947,0.11691216
1.0006596,0.0005398948,0,0.003425716,875.3717199044573,1033.8260626790034,6830,5766.337,3.1311631,837.152,0.3584385,7504.7554,4.0491076,0,,,,,875.3717199044573,0.00072107685,1033.8260626790034,0.0007497013,0.08267375,0.11689524
1.000733,0.0005398408,0,0.0034252815,875.3734020081773,1033.8236202608962,6831,5767.368,3.1308072,836.9161,0.35883918,7505.306,4.0487027,0,,,,,875.3734020081773,0.0007200489,1033.8236202608962,0.0007481797,0.081994295,0.11738702
1.0008277,0.0005398143,0,0.0034248468,875.3714814840966,1033.8228583820069,6832,5767.984,3.1306832,837.3418,0.35841334,7506.016,4.048504,0,,,,,875.3714814840966,0.0007188646,1033.8228583820069,0.0007468603,0.08179537,0.117542446
1.0008316,0.0005398267,0,0.0034244119,875.3731285971064,1033.8246169979238,6833,5767.6006,3.1307375,836.82275,0.35840958,7506.0454,4.048597,0,,,,,875.3731285971064,0.0007197675,1033.8246169979238,0.00074802054,0.082443185,0.11731011
1.0008097,0.00053997705,0,0.0034239765,875.3740201833409,1033.8254183518752,6834,5768.3657,3.1315448,837.54736,0.35787502,7505.8813,4.0497246,0,,,,,875.3740201833409,0.0007196342,1033.8254183518752,0.00074813014,0.0825822,0.11676832
1.0037497,0.0005409436,0,0.0034235409,875.3742365090554,1033.8242040971309,6835,5785.8823,3.1372156,837.02,0.35805076,7527.931,4.0569735,0,,,,,875.3742365090554,0.0007176432,1033.8242040971309,0.00074608746,0.08250203,0.11693999
0.99970156,0.0005401349,0,0.0034231048,875.3731603499423,1033.8254482469165,6836,5761.2974,3.1325142,837.3248,0.35836467,7497.5703,4.0509086,0,,,,,875.3731603499423,0.00072116277,1033.8254482469165,0.0007498194,0.08208251,0.117006585
1.0004562,0.00054007734,8192,0.0034226687,875.3745087703671,1033.824026367005,6837,5766.811,3.1321805,837.00586,0.35860443,7503.23,4.0504766,8192,,,,,875.3745087703671,0.00072087557,1033.824026367005,0.0007493235,0.08221368,0.11675368
0.99934906,0.00053990167,0,0.0034222319,875.372555463826,1033.8234295365307,6838,5763.8667,3.1310742,838.63043,0.3575452,7494.927,4.049159,0,,,,,875.372555463826,0.00072093663,1033.8234295365307,0.0007492079,0.0826093,0.11481447
1.0016418,0.000540108,0,0.003421795,875.3726067185206,1033.824283083611,6839,5775.8223,3.132215,839.0287,0.3580115,7512.1216,4.050707,0,,,,,875.3726067185206,0.00071974937,1033.824283083611,0.00074806396,0.08237426,0.115178265
1.0006845,0.0005399492,0,0.0034213578,875.3716112878195,1033.8250681452923,6840,5768.7095,3.1313872,837.2869,0.35815153,7504.9424,4.0495157,0,,,,,875.3716112878195,0.0007199268,1033.8250681452923,0.0007482892,0.082140185,0.116727814
1.0007691,0.0005399217,0,0.0034209203,875.3727440370914,1033.824861037547,6841,5769.747,3.131222,836.85156,0.35848013,7505.5767,4.0493093,0,,,,,875.3727440370914,0.00071975065,1033.824861037547,0.0007480532,0.08224811,0.11680115
1.0007097,0.00053993624,0,0.0034204824,875.3718985362137,1033.825143679719,6842,5768.343,3.131282,837.5546,0.35812786,7505.131,4.0494184,0,,,,,875.3718985362137,0.0007195173,1033.825143679719,0.00074779725,0.08241848,0.11696557
1.0013157,0.0005402957,0,0.0034200442,875.3728772387357,1033.825232176973,6843,5772.3438,3.1333127,836.8048,0.3586727,7509.6763,4.052114,0,,,,,875.3728772387357,0.00071960175,1033.825232176973,0.0007480728,0.08304903,0.1167627
0.9998796,0.0005399204,0,0.0034196058,875.3733875480305,1033.8248272915653,6844,5763.9473,3.1311374,836.6457,0.35848442,7498.906,4.0492997,0,,,,,875.3733875480305,0.0007203257,1033.8248272915653,0.000748703,0.08272453,0.117351316
1.0000341,0.00053993124,0,0.003419167,875.3719005541991,1033.8223083602315,6845,5764.3247,3.131241,837.86786,0.3578757,7500.064,4.049381,0,,,,,875.3719005541991,0.0007199893,1033.8223083602315,0.00074801507,0.08278299,0.11717148
1.0011388,0.00053998135,0,0.0034187278,875.3733748545648,1033.8240400528769,6846,5770.136,3.131507,836.8368,0.35824987,7508.3496,4.049757,0,,,,,875.3733748545648,0.00071910454,1033.8240400528769,0.0007474601,0.083123155,0.117808565
1.0000005,0.0005403221,0,0.0034182884,875.3751255090997,1033.8238754148633,6847,5764.2036,3.1335254,836.9719,0.3586424,7499.8125,4.0523124,0,,,,,875.3751255090997,0.00071894645,1033.8238754148633,0.0007472067,0.083244376,0.11789336
0.9998281,0.0005401325,0,0.0034178488,875.3728860134859,1033.8250344962821,6848,5762.1772,3.1323814,836.55945,0.35815758,7498.5195,4.0508904,0,,,,,875.3728860134859,0.00072014576,1033.8250344962821,0.00074877177,0.0833839,0.1184483
0.99932885,0.0005400819,8192,0.0034174088,875.3737960769103,1033.8267654760039,6849,5759.065,3.1321507,837.48474,0.35841915,7494.775,4.050511,8192,,,,,875.3737960769103,0.0007211753,1033.8267654760039,0.0007499084,0.0832658,0.11825011
0.99964225,0.00054029364,0,0.0034169683,875.375265645841,1033.825687006798,6850,5761.288,3.1333323,837.7539,0.35854468,7497.1255,4.0520988,0,,,,,875.375265645841,0.00072052126,1033.825687006798,0.0007491583,0.08339717,0.11826319
1.0006987,0.0005401898,0,0.0034165275,875.3723775677157,1033.8248697322333,6851,5767.6978,3.1327522,836.4479,0.35805795,7505.0483,4.05132,0,,,,,875.3723775677157,0.00071979035,1033.8248697322333,0.00074823946,0.08358365,0.11767096
1.0004681,0.00054027815,0,0.0034160865,875.3764817599649,1033.8239999276852,6852,5765.9697,3.133241,836.86316,0.3581658,7503.32,4.051983,0,,,,,875.3764817599649,0.00071873085,1033.8239999276852,0.00074696715,0.083459295,0.11801772
1.0000273,0.00053978694,0,0.0034156453,875.3731658272056,1033.826694364035,6853,5763.713,3.1304746,838.25665,0.3584714,7500.0137,4.048299,0,,,,,875.3731658272056,0.0007194781,1033.826694364035,0.0007480261,0.08315163,0.11812561
1.0006431,0.0005402338,0,0.0034152037,875.373629212881,1033.8241926472333,6854,5766.974,3.1331184,837.6003,0.3582444,7504.632,4.05165,0,,,,,875.373629212881,0.000719488,1033.8241926472333,0.0007477206,0.083242886,0.1181361
0.9996477,0.0005398095,0,0.0034147617,875.3730672694123,1033.8260111623804,6855,5759.9316,3.1307206,837.7399,0.35835925,7497.166,4.048468,0,,,,,875.3730672694123,0.0007203882,1033.8260111623804,0.00074896874,0.08322945,0.11861074
0.9998445,0.00054039306,0,0.0034143196,875.374411486225,1033.8251278726264,6856,5762.2153,3.133955,836.647,0.3585686,7498.642,4.0528445,0,,,,,875.374411486225,0.00072025304,1033.8251278726264,0.0007487839,0.08316308,0.11832041
1.0003978,0.0005401407,0,0.003413877,875.3724219355086,1033.8247042035587,6857,5765.008,3.1325197,837.2917,0.35805336,7502.792,4.050952,0,,,,,875.3724219355086,0.00071964983,1033.8247042035587,0.0007479401,0.0830792,0.11832234
0.9996058,0.00054018776,0,0.0034134341,875.3736898380612,1033.8254669131131,6858,5759.8066,3.132913,838.20337,0.35805276,7496.852,4.051305,0,,,,,875.3736898380612,0.0007211156,1033.8254669131131,0.0007497638,0.08347619,0.118564025
0.99938315,0.0005398947,0,0.0034129908,875.3737638750654,1033.8263115096079,6859,5759.1846,3.1311243,836.8382,0.35831228,7495.182,4.0491066,0,,,,,875.3737638750654,0.0007206567,1033.8263115096079,0.0007494806,0.083174646,0.11857926
1.0000759,0.00054030283,0,0.0034125475,875.3734344197926,1033.8256908722728,6860,5763.4126,3.1334574,837.31213,0.35847074,7500.3784,4.052168,0,,,,,875.3734344197926,0.00072055456,1033.8256908722728,0.0007490524,0.08320082,0.11821242
1.000439,0.0005399846,0,0.0034121037,875.373081371119,1033.8262020236407,6861,5764.4253,3.1316445,837.08777,0.35820857,7503.101,4.0497813,0,,,,,875.373081371119,0.000719585,1033.8262020236407,0.0007480693,0.083242826,0.11839679
0.99935734,0.0005396758,0,0.0034116595,875.3730926834133,1033.826120492935,6862,5758.6226,3.1298258,837.50183,0.35824862,7494.989,4.0474653,0,,,,,875.3730926834133,0.00072046113,1033.826120492935,0.00074908807,0.082789235,0.11904364
1.0011262,0.00054025184,0,0.003411215,875.3726894787026,1033.8266581875218,6863,5769.446,3.1331778,837.3467,0.35866424,7508.2544,4.0517855,0,,,,,875.3726894787026,0.0007197241,1033.8266581875218,0.0007482307,0.08309242,0.11818663
0.9999979,0.00054024364,0,0.0034107703,875.3737058647529,1033.8261334671083,6864,5762.1416,3.1331508,837.3628,0.3584059,7499.793,4.051724,0,,,,,875.3737058647529,0.00072057167,1033.8261334671083,0.0007491701,0.0829424,0.11794011
0.99996907,0.0005406721,128,0.0034103254,875.3741709067367,1033.825422156337,6865,5762.844,3.1355994,837.7485,0.35855064,7499.5767,4.0549374,128,,,,,875.3741709067367,0.00072086067,1033.825422156337,0.00074906036,0.083498634,0.118453726
1.0003989,0.0005406452,0,0.00340988,875.373606311377,1033.8258423317761,6866,5765.066,3.1354134,836.5466,0.35802037,7502.8003,4.0547357,0,,,,,875.373606311377,0.0007199736,1033.8258423317761,0.0007486188,0.08312108,0.11856282
1.000368,0.0005404198,0,0.003409434,875.3748267270523,1033.824726149489,6867,5763.2373,3.1342013,837.0628,0.3586536,7502.569,4.053045,0,,,,,875.3748267270523,0.0007194144,1033.824726149489,0.00074800104,0.08416159,0.119362146
1.0010381,0.000540364,0,0.0034089882,875.3746391418687,1033.8260420511053,6868,5768.3594,3.133846,837.48157,0.3587842,7507.594,4.0526266,0,,,,,875.3746391418687,0.0007191382,1033.8260420511053,0.0007477439,0.08444432,0.1193068
1.000363,0.0005402785,0,0.003408542,875.3752986280018,1033.8256663184925,6869,5764.856,3.1332777,838.15814,0.35853216,7502.531,4.0519853,0,,,,,875.3752986280018,0.0007193029,1033.8256663184925,0.000747854,0.08417083,0.11878059
0.9999977,0.0005402016,0,0.0034080953,875.3746953808327,1033.827403706946,6870,5761.433,3.1328924,838.5787,0.35783458,7499.791,4.051409,0,,,,,875.3746953808327,0.00072051515,1033.827403706946,0.00074948714,0.084151246,0.11924927
1.0008439,0.000540265,0,0.0034076483,875.3725666808809,1033.8261712420249,6871,5767.4424,3.1332684,838.02686,0.35819173,7506.1377,4.051884,0,,,,,875.3725666808809,0.00071998197,1033.8261712420249,0.0007484188,0.083475776,0.11894248
1.0003662,0.00054025394,0,0.003407201,875.3741180324619,1033.8258505828067,6872,5764.348,3.13318,838.11584,0.35813788,7502.5547,4.051801,0,,,,,875.3741180324619,0.0007199623,1033.8258505828067,0.0007485283,0.08371783,0.119355395
1.0008508,0.0005403585,0,0.0034067535,875.3723909145898,1033.826249680304,6873,5766.262,3.133918,837.48566,0.3586466,7506.189,4.052585,0,,,,,875.3723909145898,0.00072118075,1033.826249680304,0.00074984925,0.08373197,0.11938703
1.0008699,0.00054043334,0,0.0034063056,875.3730574084889,1033.826173026965,6874,5767.5366,3.134202,836.55365,0.35869002,7506.332,4.0531464,0,,,,,875.3730574084889,0.0007197865,1033.826173026965,0.0007483893,0.083826296,0.11914005
1.0012543,0.0005404386,0,0.0034058574,875.3744063448621,1033.8247789939633,6875,5770.097,3.134274,836.90857,0.35830262,7509.216,4.053186,0,,,,,875.3744063448621,0.00071876025,1033.8247789939633,0.00074720924,0.08345652,0.118873194
1.0004201,0.0005402759,0,0.003405409,875.3734178219931,1033.8248809294769,6876,5763.6416,3.1334064,838.5895,0.35802862,7502.9595,4.0519657,0,,,,,875.3734178219931,0.00071983656,1033.8248809294769,0.0007483224,0.08339454,0.11912207
1.000109,0.00054023735,0,0.00340496,875.3743932769696,1033.826913833934,6877,5761.994,3.1332304,837.10315,0.35824886,7500.626,4.0516768,0,,,,,875.3743932769696,0.00072009675,1033.826913833934,0.00074887293,0.08439351,0.12022445
1.000708,0.00054040935,0,0.0034045111,875.3728947980137,1033.8265896777466,6878,5766.093,3.134067,838.66327,0.3581661,7505.118,4.0529666,0,,,,,875.3728947980137,0.000719712,1033.8265896777466,0.00074841036,0.084347665,0.119820125
0.9998356,0.00054023956,0,0.0034040615,875.3744392871649,1033.827486882616,6879,5759.7266,3.1330917,837.6413,0.35844177,7498.5757,4.0516934,0,,,,,875.3744392871649,0.000720471,1033.827486882616,0.00074936956,0.08424923,0.12033429
0.9998546,0.00054024835,0,0.003403612,875.3738168892519,1033.8266797194337,6880,5761.0957,3.1331623,837.7937,0.35842535,7498.7183,4.0517592,0,,,,,875.3738168892519,0.0007201755,1033.8266797194337,0.00074887194,0.084270224,0.1198139
1.000215,0.000540289,0,0.003403162,875.3745361777269,1033.8259855622582,6881,5762.942,3.1334617,837.36694,0.35872257,7501.422,4.052064,0,,,,,875.3745361777269,0.00072016707,1033.8259855622582,0.00074884656,0.083786815,0.120195664
0.99955094,0.0005401975,0,0.0034027114,875.3750940887542,1033.826127070533,6882,5758.602,3.1328704,838.15234,0.3581686,7496.441,4.051378,0,,,,,875.3750940887542,0.00072066044,1033.826127070533,0.00074932165,0.08430546,0.11955862
1.000677,0.0005402486,0,0.0034022608,875.3743750058937,1033.8254651429181,6883,5765.6147,3.1331177,837.84845,0.35840634,7504.886,4.051761,0,,,,,875.3743750058937,0.00071945455,1033.8254651429181,0.0007479528,0.08400693,0.11989554
1.0002021,0.0005402224,0,0.0034018098,875.375274292481,1033.8266586878494,6884,5763.2285,3.1329446,838.13135,0.35842872,7501.324,4.0515647,0,,,,,875.375274292481,0.0007202271,1033.8266586878494,0.00074901484,0.08452005,0.11998802
1.0005696,0.0005402798,0,0.0034013584,875.3732330226017,1033.8274354046964,6885,5764.3247,3.133328,838.37604,0.35861465,7504.0806,4.051995,0,,,,,875.3732330226017,0.0007201101,1033.8274354046964,0.00074888585,0.084409334,0.1203325
1.0001034,0.00054033357,0,0.0034009067,875.3737930465098,1033.8266993048737,6886,5762.4194,3.1336796,836.5312,0.35886842,7500.5835,4.052398,0,,,,,875.3737930465098,0.0007196805,1033.8266993048737,0.0007484227,0.084466994,0.120580174
1.0001101,0.00054045196,0,0.0034004548,875.3737550057485,1033.82647925568,6887,5762.493,3.1343615,838.87177,0.35826406,7500.6343,4.053286,0,,,,,875.3737550057485,0.0007203053,1033.82647925568,0.0007493722,0.084184356,0.12029416
1.0002841,0.0005404322,0,0.0034000026,875.3743408792618,1033.8261509064398,6888,5762.4893,3.1341796,838.463,0.35786414,7501.939,4.053138,0,,,,,875.3743408792618,0.0007196186,1033.8261509064398,0.0007485218,0.08448167,0.12036536
1.0005724,0.0005404048,0,0.00339955,875.3741041395582,1033.8267992869078,6889,5764.239,3.1340933,837.2818,0.3586262,7504.1016,4.0529327,0,,,,,875.3741041395582,0.0007191209,1033.8267992869078,0.00074793695,0.08410952,0.12075368
0.99926615,0.0005402453,0,0.0033990971,875.3753817971235,1033.8267784185336,6890,5757.209,3.1331563,838.327,0.3583619,7494.3047,4.0517364,0,,,,,875.3753817971235,0.0007203127,1033.8267784185336,0.0007491864,0.08472986,0.12058021
0.9997264,0.0005401615,0,0.003398644,875.3758665163361,1033.826987194081,6891,5758.8843,3.1326933,837.54443,0.3584342,7497.757,4.051108,0,,,,,875.3758665163361,0.000720594,1033.826987194081,0.000749291,0.085158095,0.12076348
1.0000453,0.00054011476,0,0.0033981905,875.3755412081504,1033.8264796468231,6892,5761.7812,3.1324189,837.8545,0.3582938,7500.148,4.0507574,0,,,,,875.3755412081504,0.00072003866,1033.8264796468231,0.00074874255,0.08534455,0.12055388
1.0001684,0.0005401445,0,0.0033977367,875.3728562400647,1033.8267214337939,6893,5762.687,3.1325707,837.9468,0.35866886,7501.0723,4.0509806,0,,,,,875.3728562400647,0.00071993965,1033.8267214337939,0.00074858865,0.08486906,0.1209182
0.99950355,0.0005401382,0,0.0033972827,875.374607295198,1033.8277833702089,6894,5757.63,3.1325858,837.41815,0.35860386,7496.0854,4.0509334,0,,,,,875.374607295198,0.00072003965,1033.8277833702089,0.0007489641,0.08464436,0.12128437
1.0000864,0.0005404764,0,0.0033968282,875.3765388719706,1033.8281415090669,6895,5761.5674,3.1345248,839.13513,0.3578906,7500.457,4.0534697,0,,,,,875.3765388719706,0.00072062487,1033.8281415090669,0.0007498601,0.08464698,0.12122558
1.0000609,0.0005406345,0,0.0033963735,875.3763437871561,1033.8281613286135,6896,5762.0815,3.135538,838.4158,0.35789993,7500.265,4.054655,0,,,,,875.3763437871561,0.0007203744,1033.8281613286135,0.00074975175,0.08450065,0.12105536
1.0000072,0.00054044015,0,0.0033959183,875.3751456307025,1033.8274106567987,6897,5760.72,3.1344244,838.018,0.35827732,7499.862,4.053198,0,,,,,875.3751456307025,0.0007205401,1033.8274106567987,0.00074969395,0.084937505,0.12119754
1.0003732,0.0005403185,0,0.003395463,875.374152655246,1033.8265899425894,6898,5763.708,3.1335645,837.26587,0.35756943,7502.608,4.052285,0,,,,,875.374152655246,0.0007198707,1033.8265899425894,0.00074861536,0.08486613,0.1208339
1.0012927,0.000540368,0,0.0033950072,875.3756321192437,1033.8268925925472,6899,5768.9688,3.133875,838.4754,0.35800034,7509.5034,4.0526567,0,,,,,875.3756321192437,0.0007197706,1033.8268925925472,0.0007485982,0.084954746,0.12146379
1.0003543,0.00054024364,0,0.0033945513,875.3749280988707,1033.8281047044782,6900,5762.2554,3.1330755,838.61835,0.35829875,7502.4653,4.051724,0,,,,,875.3749280988707,0.0007195763,1033.8281047044782,0.00074851443,0.08481028,0.12158615
1.0008562,0.0005402512,0,0.003394095,875.3743005507804,1033.8271443744406,6901,5765.544,3.1331635,838.54895,0.35847706,7506.2295,4.0517807,0,,,,,875.3743005507804,0.00071919244,1033.8271443744406,0.000748077,0.08489288,0.12174285
1.0015416,0.00054027105,0,0.0033936384,875.3769837619582,1033.8273697994273,6902,5770.0786,3.1334043,837.2206,0.35824224,7511.3706,4.0519295,0,,,,,875.3769837619582,0.0007188143,1033.8273697994273,0.00074779993,0.08504942,0.121377885
0.999961,0.0005402217,0,0.0033931816,875.3750521731248,1033.8288409770626,6903,5759.1045,3.1330879,838.08325,0.3579471,7499.516,4.0515594,0,,,,,875.3750521731248,0.0007200364,1033.8288409770626,0.00074923143,0.0845554,0.12244446
0.99996585,0.0005403444,0,0.0033927243,875.3746741134939,1033.8288223538452,6904,5759.6694,3.1338668,838.03625,0.35794935,7499.5522,4.0524797,0,,,,,875.3746741134939,0.000720719,1033.8288223538452,0.00074998406,0.08468753,0.12228923
0.99983436,0.00054028805,0,0.0033922668,875.3754706771437,1033.8285726488966,6905,5759.157,3.1335924,838.2167,0.35794696,7498.5664,4.052057,0,,,,,875.3754706771437,0.0007204385,1033.8285726488966,0.00074965385,0.08484582,0.122360446
1.0003667,0.0005402476,0,0.0033918088,875.3747446926008,1033.8275042590735,6906,5761.6475,3.1333628,837.2899,0.35832268,7502.559,4.0517535,0,,,,,875.3747446926008,0.00071923976,1033.8275042590735,0.00074810133,0.08446741,0.12197461
0.99962306,0.00054016866,0,0.0033913506,875.3750243466558,1033.828169405918,6907,5758.02,3.1328163,838.6834,0.35787278,7496.9814,4.051162,0,,,,,875.3750243466558,0.0007203962,1033.828169405918,0.00074948004,0.08494345,0.122050755
0.99964,0.00054019486,0,0.0033908922,875.3753513659007,1033.8281763484001,6908,5758.3945,3.1329975,837.9542,0.35821167,7497.1084,4.051358,0,,,,,875.3753513659007,0.00072085595,1033.8281763484001,0.00075007125,0.08499227,0.122488916
1.0003074,0.0005402606,0,0.0033904335,875.3753706858197,1033.8274038691216,6909,5762.1997,3.133291,838.50507,0.35810336,7502.1147,4.051851,0,,,,,875.3753706858197,0.00071977894,1033.8274038691216,0.00074871926,0.08468224,0.12207697
1.0007911,0.0005402628,0,0.0033899744,875.3759681644724,1033.828013212345,6910,5764.8916,3.1333134,837.3761,0.35839978,7505.741,4.0518675,0,,,,,875.3759681644724,0.00071899156,1033.828013212345,0.00074802793,0.085245006,0.122320965
0.99928445,0.0005401516,0,0.003389515,875.3742206376062,1033.8278581283837,6911,5756.31,3.1327178,837.6852,0.35809436,7494.442,4.0510335,0,,,,,875.3742206376062,0.0007201153,1033.8278581283837,0.0007491589,0.085178934,0.12222754
0.9995459,0.0005401966,0,0.0033890551,875.3746316116979,1033.828657216811,6912,5757.288,3.1328971,838.4201,0.35823226,7496.403,4.051371,0,,,,,875.3746316116979,0.0007208855,1033.828657216811,0.00075000816,0.08517169,0.122014165
1.000449,0.00054017606,0,0.0033885953,875.3755016306332,1033.828057443989,6913,5762.0103,3.1329093,837.9334,0.3580344,7503.1753,4.051217,0,,,,,875.3755016306332,0.0007194976,1033.828057443989,0.00074858934,0.08526116,0.12293565
1.0004389,0.0005401955,0,0.0033881348,875.3749537502912,1033.8286222654965,6914,5763.4243,3.133032,838.3526,0.35777768,7503.1,4.051363,0,,,,,875.3749537502912,0.00072003197,1033.8286222654965,0.0007490826,0.08481221,0.12208237
0.9993793,0.000540145,0,0.0033876742,875.3754150629583,1033.8276075711344,6915,5756.993,3.1326635,837.2874,0.35833737,7495.1533,4.050984,0,,,,,875.3754150629583,0.000719934,1033.8276075711344,0.0007489104,0.08478281,0.121773444
1.0013885,0.00054041034,0,0.0033872132,875.3759188149855,1033.8273547782508,6916,5768.649,3.1341112,837.87866,0.35833526,7510.2227,4.052974,0,,,,,875.3759188149855,0.0007188316,1033.8273547782508,0.0007479143,0.08533961,0.12243613
1.0004338,0.00054044044,8192,0.003386752,875.3760326301826,1033.8284628294757,6917,5763.8267,3.1344287,837.85596,0.35836458,7503.062,4.0532,8192,,,,,875.3760326301826,0.00072028354,1033.8284628294757,0.00074952445,0.08514213,0.12222068
1.000046,0.00054033427,0,0.0033862903,875.3764127208617,1033.8295719524695,6918,5760.955,3.133775,837.4363,0.35847652,7500.1533,4.0524035,0,,,,,875.3764127208617,0.00071962894,1033.8295719524695,0.0007489918,0.085385755,0.12245749
0.9997586,0.0005403007,0,0.0033858286,875.3746599674816,1033.8275772167603,6919,5759.3125,3.1335657,837.8503,0.3587299,7497.998,4.0521517,0,,,,,875.3746599674816,0.00072018587,1033.8275772167603,0.0007491869,0.085427634,0.12232676
1.0002143,0.0005402938,0,0.0033853662,875.3766035126142,1033.8282626539867,6920,5761.395,3.133573,838.36884,0.358606,7501.4165,4.0521,0,,,,,875.3766035126142,0.0007193858,1033.8282626539867,0.00074858917,0.08578597,0.12311654
1.0003754,0.00054021523,0,0.0033849038,875.3759652258063,1033.8276628136375,6921,5761.647,3.133045,838.25525,0.35828024,7502.624,4.051511,0,,,,,875.3759652258063,0.0007198825,1033.8276628136375,0.0007489136,0.08555024,0.12281566
0.9991337,0.000540009,0,0.003384441,875.3758168564686,1033.8292688844501,6922,5754.5566,3.1319942,837.87976,0.35833663,7493.3115,4.049964,0,,,,,875.3758168564686,0.00072035554,1033.8292688844501,0.00074948283,0.08552376,0.122777045
1.0002586,0.00054007146,8192,0.0033839778,875.3764120215204,1033.8271337718338,6923,5761.88,3.1323998,837.4676,0.35846907,7501.748,4.0504327,8192,,,,,875.3764120215204,0.0007197062,1033.8271337718338,0.00074866106,0.08563887,0.12292922
1.0006647,0.00054023345,0,0.0033835145,875.3776893517444,1033.8289546466851,6924,5763.269,3.1332145,838.63196,0.3582515,7504.794,4.0516477,0,,,,,875.3776893517444,0.00071934913,1033.8289546466851,0.0007485676,0.085499145,0.12322283
0.9995207,0.0005402679,0,0.0033830507,875.3761581060859,1033.82856390312,6925,5756.461,3.133443,837.7516,0.35858017,7496.214,4.051906,0,,,,,875.3761581060859,0.0007201112,1033.82856390312,0.00074941915,0.08570269,0.12317507
0.99809974,0.0005404086,0,0.0033825864,875.3759502928995,1033.829108607859,6926,5749.1177,3.1343298,837.47784,0.35811025,7485.557,4.052961,0,,,,,875.3759502928995,0.00072112196,1033.829108607859,0.0007506728,0.08570089,0.123004936
0.99907213,0.0005403979,0,0.0033821221,875.3757746464474,1033.8284296057059,6927,5754.162,3.1341748,838.0106,0.35877624,7492.8496,4.052881,0,,,,,875.3757746464474,0.00072046183,1033.8284296057059,0.0007498052,0.0855527,0.12347048
1.001438,0.0005404654,0,0.0033816574,875.3764311495593,1033.8293809503343,6928,5768.033,3.134513,837.28485,0.3581245,7510.5938,4.053387,0,,,,,875.3764311495593,0.0007187041,1033.8293809503343,0.00074809097,0.08578345,0.123065196
1.0002469,0.00054020894,0,0.0033811925,875.375736493757,1033.8286610460957,6929,5761.76,3.1330726,838.0775,0.3582031,7501.66,4.0514636,0,,,,,875.375736493757,0.0007193471,1033.8286610460957,0.0007484173,0.0857208,0.12326516
1.0001123,0.0005401519,0,0.0033807273,875.3762184359703,1033.8285281750245,6930,5760.579,3.1326935,837.5279,0.35824645,7500.6504,4.051036,0,,,,,875.3762184359703,0.00071991916,1033.8285281750245,0.0007489529,0.0856946,0.122918434
0.9996046,0.0005400458,8192,0.0033802616,875.3750969733532,1033.8283906161994,6931,5757.4297,3.1321445,837.433,0.3586207,7496.8433,4.05024,8192,,,,,875.3750969733532,0.00071992754,1033.8283906161994,0.0007490321,0.08530996,0.1230855
0.99990267,0.0005400718,0,0.0033797957,875.3772036039123,1033.8288921438557,6932,5759.4785,3.1323771,837.3504,0.3575971,7499.0786,4.050435,0,,,,,875.3772036039123,0.000719945,1033.8288921438557,0.00074916746,0.08586797,0.12323899
0.99874014,0.00054007705,0,0.0033793293,875.3756838046681,1033.8283957132999,6933,5753.114,3.1323843,837.66895,0.3583409,7490.36,4.0504746,0,,,,,875.3756838046681,0.00072069437,1033.8283957132999,0.00074962777,0.085942306,0.122674085
1.000734,0.00054043863,0,0.0033788627,875.3783402130548,1033.828190261458,6934,5763.9873,3.134544,838.23334,0.35794562,7505.3135,4.0531864,0,,,,,875.3783402130548,0.00071864837,1033.828190261458,0.0007477888,0.08630127,0.12320112
0.99958426,0.00054038473,0,0.003378396,875.3768170654245,1033.8300797754296,6935,5758.5317,3.1341212,837.6423,0.35833248,7496.6904,4.052782,0,,,,,875.3768170654245,0.0007200979,1033.8300797754296,0.0007497317,0.08579299,0.12303577
1.000414,0.0005403501,0,0.0033779289,875.3759398531065,1033.8285387961278,6936,5763.539,3.1339426,837.94165,0.35826465,7502.914,4.052522,0,,,,,875.3759398531065,0.00071986235,1033.8285387961278,0.0007490507,0.08617064,0.122377135
0.9994879,0.00054019195,0,0.0033769936,875.3747207230324,1033.8291826689838,6938,5757.5977,3.1329787,838.3249,0.3584222,7495.968,4.0513363,0,,,,,875.3747207230324,0.0007206373,1033.8291826689838,0.0007498658,0.08508168,0.12301039
0.99968976,0.0005402019,0,0.0033765254,875.376075816713,1033.8288897719513,6939,5759.3394,3.1331344,838.908,0.3579759,7497.482,4.0514107,0,,,,,875.376075816713,0.0007201879,1033.8288897719513,0.0007496563,0.08582156,0.122731216
0.9994446,0.00054010336,0,0.003376057,875.3758222851905,1033.828623881221,6940,5756.6357,3.1326406,837.59863,0.358343,7495.643,4.0506716,0,,,,,875.3758222851905,0.0007201229,1033.828623881221,0.00074935117,0.08580742,0.12319515
1.0002688,0.0005401741,0,0.0033755882,875.3762054289443,1033.828883454857,6941,5759.1313,3.1330311,838.79724,0.3584064,7501.8247,4.0512023,0,,,,,875.3762054289443,0.00072020164,1033.828883454857,0.00074961554,0.08559308,0.12374172
0.9987683,0.00054001505,16,0.0033751193,875.3776984845722,1033.8283890151702,6942,5748.751,3.1321676,838.94025,0.3583237,7490.5713,4.0500097,16,,,,,875.3776984845722,0.00072053954,1033.8283890151702,0.0007499089,0.08582086,0.124314226
0.99905765,0.0005400405,16,0.00337465,875.3781778774445,1033.8279996133406,6943,5751.588,3.132199,838.2903,0.3584871,7492.741,4.0502005,16,,,,,875.3781778774445,0.0007200845,1033.8279996133406,0.00074931025,0.08627404,0.12376515
0.99968,0.00054017897,16,0.0033741803,875.3762510404753,1033.8284104169065,6944,5762.124,3.1330357,838.4658,0.35790372,7497.4087,4.051239,16,,,,,875.3762510404753,0.000720388,1033.8284104169065,0.00074948,0.08595706,0.12119017
0.99930054,0.00054020545,16,0.0033737104,875.3765689304935,1033.8282651549466,6945,5759.4775,3.1332088,838.78033,0.35826668,7494.563,4.0514374,16,,,,,875.3765689304935,0.0007202523,1033.8282651549466,0.00074940664,0.085587054,0.12116263
0.9991071,0.00054006,16,0.0033732401,875.3771413249281,1033.8289655921917,6946,5751.7324,3.1323853,837.5557,0.35850507,7493.1123,4.0503464,16,,,,,875.3771413249281,0.0007202261,1033.8289655921917,0.00074958167,0.08591116,0.12372612
0.99832505,0.00054023595,144,0.0033727696,875.3763488739886,1033.8297725274228,6947,5747.274,3.1334486,838.6263,0.35840067,7487.2466,4.0516663,144,,,,,875.3763488739886,0.00072153326,1033.8297725274228,0.00075093866,0.08609724,0.124059536
0.9994002,0.00054014183,16,0.0033722986,875.3765158491167,1033.8303348663032,6948,5751.9307,3.1328106,837.0094,0.35887912,7495.31,4.0509605,16,,,,,875.3765158491167,0.000720384,1033.8303348663032,0.0007500444,0.08580874,0.12441838
0.9994431,0.00053994457,16,0.0033718273,875.3756689249126,1033.8297322754338,6949,5743.763,3.1317925,838.3043,0.35835886,7495.632,4.049481,16,,,,,875.3756689249126,0.0007199535,1033.8297322754338,0.00074939796,0.08454554,0.12533751
0.9993296,0.000540002,16,0.0033713558,875.3757289618434,1033.8305794095083,6950,5743.281,3.1320317,838.11646,0.35889986,7494.781,4.049912,16,,,,,875.3757289618434,0.0007210877,1033.8305794095083,0.0007506959,0.08465797,0.124866545
0.99998015,0.00054007856,16,0.003370884,875.3757071308343,1033.8298850246906,6951,5754.5903,3.1325805,838.23334,0.35818774,7499.6597,4.0504856,16,,,,,875.3757071308343,0.0007204026,1033.8298850246906,0.0007497935,0.08501565,0.12494464
0.9994542,0.0005399332,16,0.003370412,875.3760217083397,1033.8315893719732,6952,5749.6475,3.1316037,838.6776,0.35812214,7495.7153,4.0493956,16,,,,,875.3760217083397,0.00072127953,1033.8315893719732,0.00075087347,0.08491384,0.12511906
0.99882674,0.0005398606,16,0.0033699395,875.3764633914959,1033.8301484418207,6953,5749.221,3.1313381,838.19684,0.35915673,7491.0093,4.048851,16,,,,,875.3764633914959,0.0007202196,1033.8301484418207,0.00074964535,0.08540499,0.12577955
0.9989652,0.00054003333,16,0.0033694669,875.3770245231744,1033.829272408952,6954,5755.6353,3.132213,837.7807,0.3580576,7492.048,4.0501466,16,,,,,875.3770245231744,0.00071924296,1033.829272408952,0.00074842694,0.08624545,0.12412215
0.9989974,0.00054020877,16,0.0033689938,875.3758949942085,1033.829739433223,6955,5756.234,3.1332552,838.6788,0.3582997,7492.289,4.051462,16,,,,,875.3758949942085,0.0007210324,1033.829739433223,0.0007504296,0.08667089,0.12344218
0.9995965,0.00054046,16,0.0033685204,875.3766893198917,1033.8300239720425,6956,5757.297,3.1347005,838.49976,0.35790038,7496.782,4.0533466,16,,,,,875.3766893198917,0.0007203624,1033.8300239720425,0.0007500369,0.086465396,0.12455652
0.99985933,0.0005403905,16,0.0033680468,875.3753417695666,1033.8301043617478,6957,5756.2065,3.1344557,838.7742,0.35819235,7498.7534,4.0528255,16,,,,,875.3753417695666,0.00072050415,1033.8301043617478,0.0007501407,0.08607049,0.12578703
0.99905246,0.00054010213,16,0.0033675728,875.3766427859028,1033.8313326128273,6958,5749.0415,3.1328082,838.52045,0.3582119,7492.702,4.0506625,16,,,,,875.3766427859028,0.0007202091,1033.8313326128273,0.000750027,0.08583269,0.12652627
1.0003785,0.0005401422,16,0.0033670985,875.3767236343201,1033.830253542249,6959,5757.9956,3.1330378,838.0369,0.35815006,7502.647,4.050963,16,,,,,875.3767236343201,0.0007192899,1033.830253542249,0.0007488468,0.08603637,0.12592715
0.999243,0.0005399704,16,0.003366624,875.3769282238607,1033.8321351028746,6960,5751.3564,3.1320195,838.9528,0.35816535,7494.1313,4.0496745,16,,,,,875.3769282238607,0.00072079286,1033.8321351028746,0.0007506064,0.086507276,0.12554228
1.0002109,0.0005399994,16,0.003366149,875.3767837771425,1033.8306664074505,6961,5755.2427,3.1320765,839.26154,0.3580971,7501.39,4.049892,16,,,,,875.3767837771425,0.0007198728,1033.8306664074505,0.0007491372,0.08580556,0.12598206
0.9989195,0.0005398612,16,0.0033656738,875.3774118444561,1033.8300450871443,6962,5747.7812,3.13135,838.7734,0.35830948,7491.705,4.048856,16,,,,,875.3774118444561,0.0007191123,1033.8300450871443,0.0007486734,0.08585382,0.12644957
0.99927884,0.00053992483,16,0.0033651982,875.3752477485509,1033.8322747877892,6963,5749.385,3.131856,838.17773,0.35872713,7494.4,4.049333,16,,,,,875.3752477485509,0.0007199448,1033.8322747877892,0.0007497484,0.08525728,0.12682138
0.99939054,0.00054007414,16,0.0033647225,875.3728043865208,1033.832092344298,6964,5743.9023,3.1326597,839.6478,0.35812482,7495.238,4.0504527,16,,,,,875.3728043865208,0.0007218852,1033.832092344298,0.00075165066,0.08478512,0.12585686
0.9996071,0.0005403593,16,0.0033642463,875.3748222425505,1033.8308641454,6965,5755.6675,3.134366,839.80023,0.3579819,7496.862,4.0525913,16,,,,,875.3748222425505,0.0007205975,1033.8308641454,0.0007502284,0.08526849,0.124968514
0.9994945,0.0005401711,16,0.00336377,875.3756970295634,1033.8294444366138,6966,5754.218,3.1332376,838.31384,0.35859174,7496.0176,4.05118,16,,,,,875.3756970295634,0.00071991124,1033.8294444366138,0.00074928574,0.08544041,0.1256468
0.99985796,0.00054007675,0,0.0033632931,875.3745336534982,1033.8308484523484,6967,5753.7754,3.132628,839.2972,0.35768232,7498.743,4.0504723,0,,,,,875.3745336534982,0.00072029827,1033.8308484523484,0.0007498951,0.08611964,0.12656628
0.99872816,0.0005399765,0,0.003362816,875.3767996516286,1033.8301241667793,6968,5747.876,3.132085,839.48193,0.35817254,7490.27,4.049721,0,,,,,875.3767996516286,0.0007208017,1033.8301241667793,0.0007504061,0.08608697,0.12634312
1.0002836,0.0005400727,0,0.0033623388,875.3759868321874,1033.831726263973,6969,5756.2563,3.1326873,838.76215,0.35803473,7501.9355,4.0504417,0,,,,,875.3759868321874,0.00071994733,1033.831726263973,0.0007497127,0.08564427,0.1270295
0.99784243,0.0005399365,128,0.003361861,875.3759400418808,1033.8313956292113,6970,5740.1274,3.131849,839.9042,0.35833392,7483.6274,4.0494204,128,,,,,875.3759400418808,0.00072120666,1033.8313956292113,0.0007508923,0.086059324,0.12707867
0.9988996,0.0005399177,0,0.003361383,875.3754151556528,1033.8322523468144,6971,5746.9565,3.131698,839.57434,0.3584226,7491.5557,4.049279,0,,,,,875.3754151556528,0.00072080304,1033.8322523468144,0.00075060123,0.08659547,0.12702371
0.99674904,0.00053993636,128,0.0033609048,875.3758136954757,1033.8330780738831,6972,5735.21,3.131855,839.27795,0.3586799,7475.4272,4.0494194,128,,,,,875.3758136954757,0.0007221119,1033.8330780738831,0.0007520805,0.08669383,0.12713893
0.98921204,0.00053830846,0,0.003360426,875.3768659759371,1033.8323680908252,6973,5689.1367,3.1224527,839.072,0.35818696,7418.901,4.0372105,0,,,,,875.3768659759371,0.00072650716,1033.8323680908252,0.00075677846,0.086272456,0.12816362
0.97327894,0.0005365977,0,0.0033599471,875.3772573023937,1033.8322292416392,6974,5601.3037,3.1125612,838.9121,0.35858402,7299.406,4.0243797,0,,,,,875.3772573023937,0.0007389345,1033.8322292416392,0.00076968287,0.0863677,0.12678356
0.95982444,0.00053525955,0,0.003359468,875.3765842603409,1033.8308122002363,6975,5525.5034,3.1048474,839.91437,0.35800964,7198.4995,4.014344,0,,,,,875.3765842603409,0.00074890733,1033.8308122002363,0.00077976,0.08631514,0.12518485
0.95620084,0.0005348431,0,0.0033589886,875.3785248170715,1033.831261789542,6976,5501.8057,3.102283,838.1795,0.3583339,7171.323,4.0112205,0,,,,,875.3785248170715,0.00075081043,1033.831261789542,0.0007818884,0.08631145,0.12625396
0.9544121,0.0005347642,0,0.0033585087,875.3797552992364,1033.8319043279303,6977,5491.142,3.1018248,840.6641,0.35834572,7157.908,4.010629,0,,,,,875.3797552992364,0.0007521822,1033.8319043279303,0.00078352925,0.086502284,0.12666081
0.9529882,0.0005345548,0,0.0033580284,875.3772620290324,1033.8321808711441,6978,5481.946,3.1008403,839.9196,0.35814366,7147.229,4.009059,0,,,,,875.3772620290324,0.00075355166,1033.8321808711441,0.000784924,0.08638521,0.12750679
0.9516163,0.00053433096,0,0.003357548,875.3779013664864,1033.8325557291341,6979,5471.511,3.0995626,839.1322,0.358221,7136.94,4.00738,0,,,,,875.3779013664864,0.0007546268,1033.8325557291341,0.0007861989,0.08655115,0.12876539
0.9514955,0.00053442083,0,0.0033570672,875.376834004142,1033.8326652892315,6980,5471.756,3.0999386,839.3373,0.35924128,7136.034,4.008054,0,,,,,875.376834004142,0.0007550607,1033.8326652892315,0.0007864952,0.08626527,0.12843063
0.9535742,0.00053455174,0,0.0033565862,875.378955477468,1033.8336207269044,6981,5483.3516,3.1007285,838.9623,0.3585601,7151.624,4.0090356,0,,,,,875.378955477468,0.0007531283,1033.8336207269044,0.0007847246,0.08622228,0.12879553
0.9547279,0.0005345681,0,0.0033561047,875.3780494216103,1033.831956620939,6982,5488.8633,3.1007764,839.35516,0.3588528,7160.2764,4.0091586,0,,,,,875.3780494216103,0.0007524957,1033.831956620939,0.0007837133,0.08692169,0.12902434
0.9563135,0.0005346493,0,0.0033556232,875.3782012039114,1033.8340280076877,6983,5498.7847,3.1013482,838.3762,0.35828036,7172.168,4.0097675,0,,,,,875.3782012039114,0.00075103174,1033.8340280076877,0.0007824658,0.08709234,0.12893249
0.95843863,0.0005349045,0,0.0033551413,875.3774100482143,1033.8343564277866,6984,5510.46,3.1029239,840.0518,0.35857925,7188.1064,4.011681,0,,,,,875.3774100482143,0.00074946956,1033.8343564277866,0.0007809489,0.08689034,0.12940937
0.969606,0.00053619774,0,0.0033546588,875.378557160826,1033.832231228322,6985,5577.198,3.1103792,839.4278,0.35847723,7271.8594,4.0213804,0,,,,,875.378557160826,0.00074186816,1033.832231228322,0.00077275245,0.08673948,0.12773642
0.98610604,0.0005380683,0,0.0033541762,875.3782794789454,1033.8303914135447,6986,5675.206,3.1213148,838.9292,0.3583419,7395.6064,4.0354095,0,,,,,875.3782794789454,0.0007298921,1033.8303914135447,0.0007601348,0.08635203,0.12665339
0.9968945,0.00053997216,0,0.0033536933,875.3761478080273,1033.8324653276143,6987,5735.797,3.1323652,839.12036,0.3585589,7476.5176,4.049688,0,,,,,875.3761478080273,0.00072216266,1033.8324653276143,0.0007523364,0.08667052,0.12816654
0.99978834,0.0005401348,0,0.0033532102,875.3777487084214,1033.8341545654441,6988,5750.343,3.133211,840.33014,0.35838807,7498.221,4.0509076,0,,,,,875.3777487084214,0.0007207293,1033.8341545654441,0.0007509963,0.08686586,0.12840827
0.9984818,0.000539881,0,0.0033527266,875.3762322919239,1033.8327479755758,6989,5743.408,3.1318555,839.44403,0.35863745,7488.4224,4.049004,0,,,,,875.3762322919239,0.00072063046,1033.8327479755758,0.0007505891,0.08640803,0.1287669
0.9994181,0.0005398846,0,0.0033522428,875.3773892533611,1033.833059189848,6990,5748.7266,3.1318882,839.7541,0.3584721,7495.4443,4.0490313,0,,,,,875.3773892533611,0.0007200598,1033.833059189848,0.0007500533,0.08703413,0.12901482
0.99960643,0.0005397937,0,0.0033517587,875.3776188181812,1033.833159589129,6991,5748.124,3.1311653,839.89355,0.3582393,7496.857,4.0483494,0,,,,,875.3776188181812,0.00071977824,1033.833159589129,0.0007497399,0.08681616,0.12932213
1.0003977,0.00053985673,0,0.0033512742,875.3769146660727,1033.8336894702747,6992,5753.111,3.1317065,840.34845,0.35856402,7502.7915,4.048822,0,,,,,875.3769146660727,0.00071914436,1033.8336894702747,0.00074900006,0.08658732,0.12983125
0.9991848,0.00053980696,0,0.0033507894,875.3774388932814,1033.833554013366,6993,5746.54,3.1315625,840.43964,0.35863075,7493.695,4.048449,0,,,,,875.3774388932814,0.00072017976,1033.833554013366,0.00075024,0.08701573,0.12957439
0.99853265,0.00053993054,0,0.0033503044,875.3761290017394,1033.8337534217017,6994,5741.27,3.1321197,839.8294,0.3583608,7488.8037,4.0493755,0,,,,,875.3761290017394,0.0007204749,1033.8337534217017,0.00075060746,0.0864749,0.1299708
0.9989812,0.0005402332,0,0.003349819,875.3770298510746,1033.8339391405977,6995,5744.6963,3.1340463,841.1553,0.35802725,7492.1675,4.0516458,0,,,,,875.3770298510746,0.00072116527,1033.8339391405977,0.0007516239,0.08672163,0.12999037
0.99956703,0.00054015825,0,0.0033493333,875.3769498404429,1033.832251363327,6996,5751.06,3.1335278,840.0356,0.35886762,7496.5615,4.0510836,0,,,,,875.3769498404429,0.00071966456,1033.832251363327,0.0007495935,0.087042876,0.12831093
1.0009497,0.0005401765,0,0.0033488474,875.378245283797,1033.83159148164,6997,5758.848,3.1335354,840.5043,0.3583157,7506.9316,4.0512204,0,,,,,875.378245283797,0.0007194757,1033.83159148164,0.0007492681,0.086928375,0.12731995
0.9994587,0.00053989986,0,0.003348361,875.3776070808574,1033.8350261475675,6998,5749.2354,3.1321766,840.1613,0.35847297,7495.7485,4.0491457,0,,,,,875.3776070808574,0.00071982626,1033.8350261475675,0.00075013423,0.08628996,0.128762
0.9999365,0.0005399306,0,0.0033478744,875.3764821661855,1033.8341888853543,6999,5750.862,3.132319,840.1729,0.35851997,7499.3325,4.049376,0,,,,,875.3764821661855,0.000720284,1033.8341888853543,0.0007504543,0.08696189,0.12955004
0.9993539,0.00053977134,0,0.0033473875,875.3770249429667,1033.833907216313,7000,5746.189,3.1314213,839.8114,0.3582076,7494.963,4.0481815,0,,,,,875.3770249429667,0.00072042376,1033.833907216313,0.00075060717,0.086170554,0.12922145
1.0007985,0.0005399372,0,0.0033469002,875.3758788891076,1033.833439663841,7001,5755.5586,3.132369,840.38336,0.35818005,7505.797,4.0494256,0,,,,,875.3758788891076,0.00071962853,1033.833439663841,0.00074954994,0.08628179,0.12883557
0.9995473,0.0005398824,0,0.0033464127,875.376805119218,1033.8336619407091,7002,5748.2236,3.1320882,840.58344,0.35794276,7496.4136,4.0490146,0,,,,,875.376805119218,0.00071998814,1033.8336619407091,0.0007500316,0.08716632,0.1296683
1.0003178,0.00053997675,0,0.003345925,875.3784689119755,1033.8336329238632,7003,5751.385,3.1326823,840.97125,0.3588105,7502.1924,4.049722,0,,,,,875.3784689119755,0.00071995065,1033.8336329238632,0.0007503259,0.087185204,0.13041574
1.0001352,0.00054002483,0,0.0033454369,875.3779066218683,1033.8343892513776,7004,5751.4595,3.1327846,841.0207,0.3585584,7500.8223,4.0500827,0,,,,,875.3779066218683,0.0007192792,1033.8343892513776,0.0007495061,0.08743419,0.1305156
0.9990787,0.0005398422,0,0.0033449484,875.3782192493245,1033.83351722914,7005,5745.09,3.1318398,840.8886,0.3580754,7492.899,4.048713,0,,,,,875.3782192493245,0.00071984436,1033.83351722914,0.0007499819,0.08707973,0.13026288
1.0002589,0.00053992716,0,0.0033444597,875.3780433941911,1033.8354551109799,7006,5749.851,3.1323843,840.72644,0.3585924,7501.7505,4.0493503,0,,,,,875.3780433941911,0.0007188419,1033.8354551109799,0.0007492922,0.0869541,0.13065301
0.9993984,0.00053986814,0,0.0033439705,875.3777919838369,1033.834168704713,7007,5745.656,3.132072,840.589,0.3580776,7495.297,4.0489078,0,,,,,875.3777919838369,0.0007198864,1033.834168704713,0.0007501407,0.08756479,0.13043119
0.9994014,0.0005399259,0,0.003343481,875.3765182424527,1033.8327514797304,7008,5748.7964,3.132393,840.1302,0.3580205,7495.3193,4.0493407,0,,,,,875.3765182424527,0.0007197997,1033.8327514797304,0.00074981316,0.08717341,0.12881371
1.0003331,0.00053994416,0,0.0033429915,875.3760540967735,1033.8319536520567,7009,5754.224,3.1327348,839.57385,0.35845485,7502.3066,4.049478,0,,,,,875.3760540967735,0.00072026066,1033.8319536520567,0.00075059035,0.08663427,0.12809463
1.0000918,0.00053998263,0,0.0033425016,875.3765288276704,1033.834093405236,7010,5750.645,3.132573,840.0217,0.35850495,7500.4966,4.0497665,0,,,,,875.3765288276704,0.00072027923,1033.834093405236,0.00075048226,0.08642941,0.1298703
1.000829,0.00054006366,0,0.0033420112,875.3757609303766,1033.8338568280842,7011,5755.2,3.1330318,840.2801,0.35846084,7506.0254,4.050374,0,,,,,875.3757609303766,0.00071960315,1033.8338568280842,0.00074967893,0.086451046,0.12962422
0.9998786,0.0005398625,0,0.0033415207,875.3776958104263,1033.8344669771113,7012,5748.1787,3.131945,841.4129,0.35802335,7498.898,4.0488653,0,,,,,875.3776958104263,0.00072003435,1033.8344669771113,0.0007502731,0.08741014,0.13047892
1.0003666,0.000539859,0,0.0033410299,875.3771435217043,1033.8356902842963,7013,5751.8984,3.1320105,840.81805,0.35803503,7502.558,4.048839,0,,,,,875.3771435217043,0.00071962696,1033.8356902842963,0.00074986875,0.08732718,0.13062596
1.0009176,0.0005398962,0,0.0033405386,875.3774151616597,1033.8351868949048,7014,5755.2056,3.1322525,840.8995,0.3580757,7506.69,4.049118,0,,,,,875.3774151616597,0.0007192021,1033.8351868949048,0.00074957,0.08741733,0.13061313
0.9999412,0.000539913,0,0.003340047,875.3788501520571,1033.8334416769599,7015,5748.193,3.1322024,840.7079,0.35817826,7499.367,4.0492444,0,,,,,875.3788501520571,0.0007200021,1033.8334416769599,0.00075018033,0.0875632,0.13088776
1.0000637,0.00054008415,0,0.0033395553,875.3781967279573,1033.8335418770407,7016,5749.047,3.1331334,840.6779,0.35823327,7500.2856,4.0505276,0,,,,,875.3781967279573,0.0007203825,1033.8335418770407,0.00075065583,0.08724232,0.13097778
0.9998397,0.00054016133,0,0.0033390631,875.3767832413088,1033.8349327406015,7017,5747.757,3.133751,844.149,0.3579252,7498.6064,4.0511065,0,,,,,875.3767832413088,0.0007211334,1033.8349327406015,0.0007516926,0.08681347,0.13115187
1.0004123,0.00054006145,0,0.0033385707,875.3769329211757,1033.8341983736486,7018,5749.4375,3.1331544,840.8672,0.35865954,7502.9014,4.0503573,0,,,,,875.3769329211757,0.0007198237,1033.8341983736486,0.00075022306,0.08755202,0.13144709
1.000665,0.0005400022,0,0.003338078,875.3793575374581,1033.834773852333,7019,5751.112,3.1328676,841.022,0.3583726,7504.796,4.049913,0,,,,,875.3793575374581,0.0007196818,1033.834773852333,0.00075018656,0.08734496,0.13187228
0.9997936,0.0005398107,0,0.003337585,875.3772772363981,1033.8356460489563,7020,5745.582,3.131825,840.63574,0.35883233,7498.2607,4.0484767,0,,,,,875.3772772363981,0.0007199365,1033.8356460489563,0.0007504866,0.08729703,0.13245344
1.0015957,0.0005398796,0,0.0033370915,875.3769186226732,1033.8360624028219,7021,5755.167,3.1322033,840.132,0.3588987,7511.776,4.0489936,0,,,,,875.3769186226732,0.0007192215,1033.8360624028219,0.0007496688,0.08744804,0.13230482
1.0004225,0.00053977914,0,0.003336598,875.3785547725513,1033.8340482410435,7022,5752.019,3.131572,840.3112,0.35862866,7502.977,4.04824,0,,,,,875.3785547725513,0.0007199728,1033.8340482410435,0.0007501579,0.08745677,0.13033523
0.9999909,0.00053982623,0,0.003336104,875.3778751632184,1033.8334807826845,7023,5750.9,3.1319208,840.4135,0.3583425,7499.74,4.0485935,0,,,,,875.3778751632184,0.0007200341,1033.8334807826845,0.0007501179,0.08721978,0.13026391
0.999593,0.0005399153,0,0.0033356098,875.3778055302043,1033.8353717278796,7024,5745.4507,3.1324055,839.97174,0.35827968,7496.7563,4.049261,0,,,,,875.3778055302043,0.0007204991,1033.8353717278796,0.00075104536,0.0870923,0.13185078
0.99921703,0.00054023886,0,0.0033351153,875.3782201483641,1033.8358049272106,7025,5743.7495,3.134308,840.9273,0.35823938,7493.9365,4.051688,0,,,,,875.3782201483641,0.0007212216,1033.8358049272106,0.00075205404,0.087641425,0.13149041
1.0005287,0.00054025033,0,0.0033346203,875.377709483396,1033.8355056705077,7026,5751.0415,3.1341927,840.6226,0.35837635,7503.774,4.051774,0,,,,,875.377709483396,0.000719992,1033.8355056705077,0.00075063354,0.08755207,0.13207544
1.0003058,0.0005399616,0,0.003334125,875.3772642530537,1033.8352374046638,7027,5747.9385,3.1326332,840.5352,0.3582386,7502.1016,4.0496087,0,,,,,875.3772642530537,0.0007196193,1033.8352374046638,0.00075002754,0.08746892,0.13240846
1.0003406,0.0005398777,0,0.0033336296,875.3770383601538,1033.8348897964388,7028,5748.863,3.1321943,840.45233,0.35860425,7502.3633,4.0489793,0,,,,,875.3770383601538,0.0007195698,1033.8348897964388,0.00074995065,0.087502874,0.13204496
1.0004822,0.0005398689,0,0.0033331339,875.378283337458,1033.835364809648,7029,5749.702,3.1321168,840.43195,0.35838914,7503.4253,4.0489135,0,,,,,875.378283337458,0.00071910094,1033.835364809648,0.00074955105,0.08740724,0.1322669
1.0010587,0.00053984846,0,0.0033326377,875.3776370772496,1033.8351334771596,7030,5751.5835,3.1321697,840.4011,0.35842013,7507.749,4.04876,0,,,,,875.3776370772496,0.00071908685,1033.8351334771596,0.00074948504,0.08741906,0.13237697
1.0008181,0.00053982006,0,0.0033321413,875.3774592505977,1033.8349572164698,7031,5751.089,3.1318343,839.7587,0.358713,7505.945,4.0485473,0,,,,,875.3774592505977,0.00071939506,1033.8349572164698,0.00074977503,0.08754595,0.13254549
1.0010151,0.000539866,0,0.0033316447,875.3774241198698,1033.8363783284397,7032,5751.9736,3.132163,840.7533,0.35828176,7507.4214,4.0488915,0,,,,,875.3774241198698,0.00071934465,1033.8363783284397,0.00074978446,0.08769059,0.13281411
0.9999678,0.00053986063,0,0.0033311476,875.376878964677,1033.8349743852357,7033,5745.2344,3.1321929,841.28864,0.35843128,7499.5674,4.0488515,0,,,,,875.376878964677,0.0007202003,1033.8349743852357,0.0007506263,0.08818926,0.13235857
0.9997159,0.000539923,0,0.0033306503,875.3786393371142,1033.835357324548,7034,5744.7495,3.1324275,840.5721,0.3585299,7497.678,4.0493193,0,,,,,875.3786393371142,0.0007208303,1033.835357324548,0.00075136655,0.08764574,0.13229233
1.000147,0.0005398495,0,0.0033301527,875.3787385250413,1033.8348482929566,7035,5747.085,3.1322198,840.0601,0.35877147,7500.9106,4.048768,0,,,,,875.3787385250413,0.0007196115,1033.8348482929566,0.00075006945,0.088054486,0.13306274
1.0006483,0.0005398431,0,0.0033296547,875.3791562732879,1033.836786908953,7036,5748.769,3.1322067,840.4207,0.35798118,7504.6704,4.04872,0,,,,,875.3791562732879,0.0007202206,1033.836786908953,0.0007509412,0.08790773,0.13319756
0.99985206,0.00053980394,0,0.0033291564,875.3784094897625,1033.8351838542214,7037,5744.2695,3.131907,841.19556,0.3582479,7498.699,4.048426,0,,,,,875.3784094897625,0.00072022225,1033.8351838542214,0.0007506442,0.087804906,0.13328287
0.99989766,0.0005398565,0,0.003328658,875.3775933706117,1033.83539344871,7038,5745.0015,3.131988,839.9744,0.35904828,7499.041,4.0488205,0,,,,,875.3775933706117,0.0007197869,1033.83539344871,0.0007502683,0.08803118,0.13356568
1.0007924,0.000539838,0,0.0033281592,875.3773848999535,1033.837865969915,7039,5748.615,3.132103,841.42395,0.35860312,7505.7515,4.0486817,0,,,,,875.3773848999535,0.0007198477,1033.837865969915,0.00075068075,0.08785609,0.13380167
1.000205,0.00053975993,0,0.00332766,875.3783964674044,1033.8369978408014,7040,5746.4937,3.1318378,841.1943,0.35772032,7501.346,4.048096,0,,,,,875.3783964674044,0.00071962917,1033.8369978408014,0.00075032737,0.08776868,0.13344975
1.0005732,0.00053992576,0,0.0033271606,875.3771773603062,1033.8348008586827,7041,5752.7607,3.1328225,840.2123,0.3581534,7504.1074,4.04934,0,,,,,875.3771773603062,0.000720211,1033.8348008586827,0.0007506662,0.08777686,0.13143256
1.0001106,0.00053985673,0,0.0033266607,875.3787602017267,1033.8354855826776,7042,5749.1885,3.1324208,841.00684,0.35846332,7500.6387,4.048822,0,,,,,875.3787602017267,0.0007197562,1033.8354855826776,0.00075019116,0.08796609,0.13196559
1.0004224,0.0005397766,0,0.0033261608,875.3768885944456,1033.835982752437,7043,5749.9404,3.1318498,839.17413,0.35872105,7502.9766,4.048221,0,,,,,875.3768885944456,0.0007185517,1033.835982752437,0.0007489809,0.08756123,0.13272081
1.0011996,0.000539826,0,0.0033256605,875.378216468186,1033.8350546618942,7044,5754.264,3.1324282,841.05145,0.35833505,7508.805,4.0485916,0,,,,,875.378216468186,0.00071888807,1033.8350546618942,0.00074922683,0.087375395,0.13296261
1.0009196,0.0005400416,0,0.0033251597,875.3787912529802,1033.8359954530804,7045,5751.6514,3.133382,847.3153,0.35849622,7506.705,4.0502086,0,,,,,875.3787912529802,0.0007198494,1033.8359954530804,0.00075045915,0.088294104,0.13327241
1.0013021,0.0005400714,0,0.0033246586,875.379023151763,1033.8356720142806,7046,5754.837,3.1333697,839.5145,0.3584999,7509.574,4.050432,0,,,,,875.379023151763,0.00071855163,1033.8356720142806,0.00074899127,0.088315934,0.1326741
1.0007339,0.0005400723,0,0.0033241576,875.3775679222995,1033.8355406407509,7047,5751.5635,3.1333804,840.03394,0.3586229,7505.312,4.050439,0,,,,,875.3775679222995,0.00071938115,1033.8355406407509,0.000749938,0.08799512,0.13256273
1.0006833,0.00054004055,0,0.0033236558,875.3783193422173,1033.83709373136,7048,5749.806,3.1329615,841.1195,0.35836554,7504.933,4.050201,0,,,,,875.3783193422173,0.0007200749,1033.83709373136,0.00075099675,0.087970674,0.13287461
1.0008024,0.0005400123,0,0.003323154,875.3777804744068,1033.8352837217963,7049,5751.2524,3.1331687,840.82544,0.3590877,7505.8267,4.049989,0,,,,,875.3777804744068,0.0007191305,1033.8352837217963,0.0007496134,0.08754043,0.13301821
1.0004379,0.0005398529,0,0.0033226518,875.3781829990689,1033.8362704490019,7050,5749.1284,3.1323068,840.31055,0.35874575,7503.093,4.0487933,0,,,,,875.3781829990689,0.00071967323,1033.8362704490019,0.0007502584,0.0877844,0.13339208
1.0006571,0.0005396987,0,0.0033221492,875.3787117452002,1033.8356070086966,7051,5749.2686,3.1316004,840.4977,0.35817063,7504.737,4.047637,0,,,,,875.3787117452002,0.0007188309,1033.8356070086966,0.0007493053,0.08811542,0.13340726
0.9998643,0.00053962215,0,0.0033216465,875.3786204446999,1033.8354590688941,7052,5745.7847,3.1310716,840.66486,0.35840803,7498.7905,4.047063,0,,,,,875.3786204446999,0.00071950734,1033.8354590688941,0.00074982195,0.0875409,0.13279589
1.0006549,0.00053972914,0,0.0033211433,875.3776996962904,1033.8359820426954,7053,5749.8564,3.1315625,839.7917,0.35877717,7504.72,4.0478654,0,,,,,875.3776996962904,0.00071895117,1033.8359820426954,0.00074943725,0.08768905,0.13339356
1.0006516,0.0005398065,0,0.00332064,875.3784540223417,1033.8375225524762,7054,5747.7183,3.1325827,840.6908,0.3587968,7504.6953,4.048445,0,,,,,875.3784540223417,0.00071939855,1033.8375225524762,0.00075029116,0.08781413,0.1346
0.99987787,0.0005400863,0,0.003320136,875.3775855588044,1033.8368846151102,7055,5743.9463,3.1337795,840.2264,0.358237,7498.8926,4.050544,0,,,,,875.3775855588044,0.0007199259,1033.8368846151102,0.0007508687,0.08778895,0.13389444
1.0005952,0.00054014067,0,0.0033196323,875.3788939226582,1033.8382949048262,7056,5747.916,3.134045,840.75745,0.35802934,7504.273,4.0509515,0,,,,,875.3788939226582,0.00072034163,1033.8382949048262,0.0007516048,0.08827929,0.13438304
1.000319,0.0005399004,0,0.003319128,875.3790444133328,1033.837223582461,7057,5745.736,3.1326165,839.71533,0.358434,7502.2007,4.0491495,0,,,,,875.3790444133328,0.0007197272,1033.837223582461,0.0007505987,0.08857535,0.13420942
1.0009464,0.0005398471,0,0.0033186232,875.3766369956676,1033.8358926745855,7058,5749.86,3.1323447,840.45184,0.35811067,7506.9067,4.04875,0,,,,,875.3766369956676,0.00071872235,1033.8358926745855,0.00074911676,0.08821933,0.13388796
1.0001825,0.00053972314,0,0.0033181184,875.3777931388081,1033.8380849886694,7059,5745.6733,3.131706,840.95844,0.35796276,7501.1772,4.04782,0,,,,,875.3777931388081,0.0007196544,1033.8380849886694,0.00075055985,0.088151924,0.13446009
1.001011,0.0005397474,0,0.0033176132,875.3787319801622,1033.8372062482147,7060,5749.5435,3.1318867,840.3964,0.35867617,7507.3906,4.0480022,0,,,,,875.3787319801622,0.00071876886,1033.8372062482147,0.00074952224,0.08855403,0.13457932
1.000902,0.0005397373,0,0.0033171074,875.3794179146694,1033.837892632071,7061,5750.5576,3.1317396,840.7002,0.3585326,7506.574,4.0479264,0,,,,,875.3794179146694,0.00071887334,1033.837892632071,0.00074970536,0.08826953,0.13340966
1.0015134,0.0005398748,0,0.0033166017,875.3787879629929,1033.8372643379107,7062,5753.72,3.1324406,841.2012,0.3585694,7511.1587,4.0489573,0,,,,,875.3787879629929,0.00071899744,1033.8372643379107,0.0007497294,0.08795488,0.13400635
1.0013392,0.0005398779,0,0.0033160956,875.3781320690642,1033.8373308700334,7063,5751.6323,3.1326923,840.4345,0.35862043,7509.852,4.048981,0,,,,,875.3781320690642,0.00071894197,1033.8373308700334,0.000749626,0.08849251,0.13476224
1.0003725,0.00053996796,0,0.0033155892,875.3771376542154,1033.8379050079889,7064,5746.6323,3.1330562,841.81036,0.35844487,7502.6025,4.0496564,0,,,,,875.3771376542154,0.0007195527,1033.8379050079889,0.00075048185,0.08824933,0.13453467
1.0001231,0.00053983944,0,0.0033150823,875.3786876640872,1033.8377339530034,7065,5746.2427,3.132535,839.9274,0.35827327,7500.7324,4.0486927,0,,,,,875.3786876640872,0.00071957434,1033.8377339530034,0.00075036846,0.088056214,0.13407575
1.0017672,0.000539907,0,0.0033145752,875.3789273658642,1033.8354931784947,7066,5754.6724,3.132877,840.4363,0.35854056,7513.0615,4.049199,0,,,,,875.3789273658642,0.0007179941,1033.8354931784947,0.0007484833,0.088584214,0.13401058
1.000464,0.00053972873,0,0.0033140678,875.3787847583995,1033.8377139367676,7067,5746.687,3.1319814,841.09875,0.35844082,7503.288,4.047862,0,,,,,875.3787847583995,0.00071945,1033.8377139367676,0.00075045694,0.088702746,0.13489239
1.0014008,0.0005398687,0,0.0033135603,875.3784626584634,1033.8376140292676,7068,5752.337,3.1325414,840.59894,0.3581936,7510.315,4.048912,0,,,,,875.3784626584634,0.00071855244,1033.8376140292676,0.0007492753,0.08846545,0.13474566
1.0012891,0.0005397338,0,0.0033130522,875.379491950886,1033.8373260924927,7069,5749.2617,3.1321645,842.1596,0.35835594,7509.477,4.0479,0,,,,,875.379491950886,0.0007193119,1033.8373260924927,0.0007502724,0.08781509,0.13590065
1.0013322,0.0005398034,0,0.003312544,875.3789279749352,1033.8365675878667,7070,5750.3477,3.1321929,841.0119,0.35835633,7509.7993,4.0484223,0,,,,,875.3789279749352,0.0007193402,1033.8365675878667,0.0007498062,0.088127695,0.1347059
1.0018139,0.0005398237,0,0.0033120355,875.3786299600479,1033.838528496782,7071,5752.114,3.1326365,841.1134,0.35837036,7513.4126,4.0485744,0,,,,,875.3786299600479,0.0007193377,1033.838528496782,0.00075042126,0.08786408,0.13640983
1.0011588,0.00053979224,0,0.0033115265,875.379197354752,1033.8373121290065,7072,5747.4326,3.1324828,840.4761,0.3590266,7508.5,4.0483384,0,,,,,875.379197354752,0.0007183385,1033.8373121290065,0.00074910995,0.088254735,0.13634667
1.0014174,0.0005398577,0,0.0033110173,875.3775468318622,1033.8375152041726,7073,5751.143,3.132504,840.89087,0.35880342,7510.4385,4.0488296,0,,,,,875.3775468318622,0.0007197125,1033.8375152041726,0.0007504932,0.08870976,0.135226
1.0001692,0.00053967495,0,0.0033105079,875.3776301742909,1033.8371178790817,7074,5743.602,3.1316986,841.89325,0.35833287,7501.077,4.0474586,0,,,,,875.3776301742909,0.00072001235,1033.8371178790817,0.00075082533,0.0885784,0.13591997
1.0005529,0.0005396303,0,0.003309998,875.3762007111284,1033.837116121154,7075,5745.4297,3.1319137,841.3693,0.35852495,7503.955,4.047124,0,,,,,875.3762007111284,0.00071923854,1033.837116121154,0.0007497119,0.08881579,0.13585667
1.0005219,0.00053973653,0,0.0033094878,875.3784193711929,1033.8371374982526,7076,5745.988,3.1323276,841.6172,0.3584612,7503.723,4.0479207,0,,,,,875.3784193711929,0.000719237,1033.8371374982526,0.00075015705,0.08846209,0.13576603
1.0002548,0.000539782,0,0.0033089775,875.3777672940457,1033.836939236811,7077,5744.3623,3.1325607,842.0052,0.3578567,7501.719,4.0482616,0,,,,,875.3777672940457,0.00071948103,1033.836939236811,0.00075032574,0.08863338,0.13582097
1.0001794,0.0005398397,0,0.0033084669,875.3782117068675,1033.8352053618999,7078,5743.2456,3.1324084,841.3525,0.3588243,7501.1543,4.048694,0,,,,,875.3782117068675,0.0007192613,1033.8352053618999,0.0007499357,0.08811178,0.13541105
0.9999572,0.0005397631,0,0.0033079558,875.3790029917825,1033.8368218893777,7079,5743.063,3.1323202,841.46875,0.3583144,7499.488,4.0481195,0,,,,,875.3790029917825,0.00071975443,1033.8368218893777,0.0007505137,0.0881487,0.13510129
1.0008811,0.000539847,0,0.0033074445,875.3775621039133,1033.8380874476456,7080,5748.5024,3.132586,840.515,0.35829383,7506.4165,4.0487494,0,,,,,875.3775621039133,0.00071923976,1033.8380874476456,0.0007502131,0.088518046,0.1355228
1.0018926,0.000539756,0,0.0033069327,875.3785759048938,1033.8370134623501,7081,5753.3267,3.1323524,841.65576,0.35873815,7514.0024,4.0480666,0,,,,,875.3785759048938,0.00071896164,1033.8370134623501,0.00074968033,0.0888955,0.13588694
0.9997656,0.00053949724,0,0.003306421,875.3797213620435,1033.8379807458127,7082,5742.0522,3.130832,841.54846,0.35820955,7498.0503,4.046126,0,,,,,875.3797213620435,0.0007199362,1033.8379807458127,0.00075086276,0.088513136,0.13559522
1.0007101,0.0005398162,0,0.0033053963,875.3772808478126,1033.8384541448847,7084,5746.5117,3.1323826,842.73724,0.35790902,7505.1343,4.048518,0,,,,,875.3772808478126,0.00071978295,1033.8384541448847,0.0007507255,0.08910182,0.13586746
1.0012236,0.00054007146,0,0.0033048834,875.3783398492769,1033.8381588263314,7085,5751.718,3.1342413,841.33563,0.35848045,7508.9854,4.0504327,0,,,,,875.3783398492769,0.0007188643,1033.8381588263314,0.0007500083,0.088728845,0.13505669
1.0009557,0.0005401021,0,0.0033043702,875.3787858280261,1033.8363513435881,7086,5751.754,3.1347485,840.75134,0.35843253,7506.9766,4.050662,0,,,,,875.3787858280261,0.00071901403,1033.8363513435881,0.00074980606,0.08831435,0.13480328
1.0008512,0.0005399165,0,0.0033038568,875.379884810907,1033.8372479508716,7087,5750.779,3.1335452,841.8862,0.35847774,7506.192,4.0492706,0,,,,,875.379884810907,0.00071967195,1033.8372479508716,0.0007506915,0.08837324,0.13451967
1.00115,0.00053982995,0,0.003303343,875.3775484091452,1033.837891107289,7088,5749.681,3.1327558,841.7873,0.35878584,7508.4336,4.048621,0,,,,,875.3775484091452,0.00071888533,1033.837891107289,0.0007497404,0.08803794,0.13609922
1.0008452,0.0005396346,0,0.003302829,875.3778776913234,1033.8378644222114,7089,5746.992,3.1318867,840.9097,0.35829565,7506.147,4.0471563,0,,,,,875.3778776913234,0.00071978074,1033.8378644222114,0.000750669,0.08789883,0.13633232
1.0016929,0.00053973234,0,0.0033023148,875.3792520100385,1033.8382181421157,7090,5751.0254,3.131903,839.8634,0.3587241,7512.505,4.047889,0,,,,,875.3792520100385,0.0007179304,1033.8382181421157,0.0007488066,0.088128656,0.1363397
1.0004076,0.0005395595,0,0.0033018,875.3788075143491,1033.83882961861,7091,5744.599,3.1313186,841.7414,0.35866806,7502.8657,4.046593,0,,,,,875.3788075143491,0.00072013517,1033.83882961861,0.0007511842,0.087243974,0.13606228
1.0012611,0.000539696,0,0.0033012852,875.3772844492573,1033.8372742036452,7092,5750.26,3.131954,841.1331,0.35852566,7509.2666,4.047617,0,,,,,875.3772844492573,0.0007186173,1033.8372742036452,0.000749376,0.0874308,0.13614683
1.0002902,0.00053979206,0,0.00330077,875.3781999016101,1033.8381638699982,7093,5747.721,3.1324883,841.7779,0.35860425,7501.9844,4.048337,0,,,,,875.3781999016101,0.0007203227,1033.8381638699982,0.0007512766,0.08790959,0.13345744
1.0009478,0.00054001063,0,0.0033002542,875.3778407343553,1033.836569060597,7094,5753.2314,3.133931,841.65436,0.35870117,7506.917,4.0499763,0,,,,,875.3778407343553,0.0007196129,1033.836569060597,0.0007503928,0.08754606,0.13387653
1.0007554,0.00054002414,0,0.0032997385,875.379497460583,1033.8378827567867,7095,5750.96,3.1338396,841.59985,0.35845786,7505.474,4.0500774,0,,,,,875.379497460583,0.0007186833,1033.8378827567867,0.0007498495,0.088387206,0.13465564
1.0012153,0.0005399018,0,0.0032992223,875.3798491069001,1033.8376478020846,7096,5751.845,3.1329584,842.63116,0.35833347,7508.924,4.04916,0,,,,,875.3798491069001,0.00071850617,1033.8376478020846,0.0007494341,0.08896731,0.13485958
1.0011842,0.00053978286,0,0.003298706,875.3793934760902,1033.838663382125,7097,5751.638,3.1326861,841.96045,0.35853672,7508.6904,4.0482683,0,,,,,875.3793934760902,0.00071902614,1033.838663382125,0.00075007684,0.08912272,0.1355833
1.0012445,0.0005397769,0,0.003298189,875.3777106750917,1033.8383792884822,7098,5751.7983,3.132533,841.3641,0.3584223,7509.142,4.0482235,0,,,,,875.3777106750917,0.00071865704,1033.8383792884822,0.000749549,0.08859059,0.13574184
0.9999635,0.0005396187,0,0.0032976721,875.3775911388881,1033.8387725549965,7099,5742.576,3.1315494,841.9859,0.35866463,7499.535,4.047037,0,,,,,875.3775911388881,0.00071998965,1033.8387725549965,0.00075096905,0.08875937,0.1362206
1.0008016,0.0005396949,0,0.0032971546,875.3787499853665,1033.838865208904,7100,5750.35,3.132108,840.99316,0.35853037,7505.8203,4.0476084,0,,,,,875.3787499853665,0.00071846566,1033.838865208904,0.0007493599,0.08862121,0.13537072
1.0007678,0.00053977146,8192,0.003296637,875.3794150378787,1033.836528985768,7101,5751.2446,3.132449,841.0569,0.3587835,7505.5674,4.0481825,8192,,,,,875.3794150378787,0.00071875926,1033.836528985768,0.0007493609,0.088466674,0.13467753
1.0009366,0.0005398337,0,0.003296119,875.3783133074078,1033.8380029576117,7102,5750.85,3.1327157,841.5962,0.3584288,7506.8335,4.0486493,0,,,,,875.3783133074078,0.00071862235,1033.8380029576117,0.0007494141,0.088589676,0.13509832
0.9999183,0.00053971563,0,0.0032956009,875.3794130405347,1033.8365574112795,7103,5744.4756,3.1323228,842.8018,0.35871372,7499.196,4.047764,0,,,,,875.3794130405347,0.0007200241,1033.8365574112795,0.0007508104,0.08852617,0.13519345
1.0009311,0.00053976994,0,0.0032950821,875.3791688149073,1033.8389604355798,7104,5749.101,3.1323345,841.47656,0.3591033,7506.792,4.048171,0,,,,,875.3791688149073,0.0007189426,1033.8389604355798,0.0007500092,0.088724494,0.13635504
1.0001432,0.0005396776,0,0.0032945634,875.3783420971483,1033.840259125208,7105,5741.932,3.1317365,842.5767,0.35839534,7500.8823,4.0474787,0,,,,,875.3783420971483,0.0007199156,1033.840259125208,0.00075124804,0.08872066,0.13754216
1.0008441,0.0005397719,0,0.0032940442,875.3777793806112,1033.840703613172,7106,5746.986,3.1326127,843.0498,0.358835,7506.1396,4.0481863,0,,,,,875.3777793806112,0.0007198491,1033.840703613172,0.00075121236,0.08849028,0.13740921
0.9998615,0.0005397214,0,0.0032935247,875.3790645088834,1033.8377435432358,7107,5741.6006,3.1321504,842.5485,0.3586395,7498.7695,4.047807,0,,,,,875.3790645088834,0.0007193322,1033.8377435432358,0.00075024477,0.088697284,0.13729729
1.0003046,0.00053979224,0,0.0032930048,875.3789587406866,1033.83711624322,7108,5746.4707,3.1325746,842.6275,0.35824713,7502.0933,4.0483384,0,,,,,875.3789587406866,0.000719405,1033.83711624322,0.00075019186,0.08938008,0.13520789
0.9993534,0.0005397684,0,0.003292485,875.3787036274673,1033.8367001955064,7109,5743.145,3.132341,842.3066,0.3582302,7494.9595,4.04816,0,,,,,875.3787036274673,0.0007201256,1033.8367001955064,0.00075093575,0.08895886,0.13445589
0.99963176,0.00053970015,0,0.0032919645,875.3808574530028,1033.8389780583425,7110,5742.39,3.1321251,841.68896,0.3580998,7497.047,4.047648,0,,,,,875.3808574530028,0.00071966776,1033.8389780583425,0.0007508111,0.0888133,0.13582668
1.000834,0.0005396971,0,0.0032914437,875.3802639373624,1033.837380421323,7111,5746.905,3.1319745,842.28046,0.35855997,7506.063,4.047625,0,,,,,875.3802639373624,0.0007199407,1033.837380421323,0.0007508686,0.089169666,0.13636683
1.0003583,0.0005395751,0,0.0032909228,875.3791783274086,1033.8410893907953,7112,5744.037,3.1312208,843.198,0.35812613,7502.496,4.04671,0,,,,,875.3791783274086,0.00071991753,1033.8410893907953,0.0007513694,0.08889245,0.13696525
1.0006502,0.00053955853,0,0.0032904015,875.379951511825,1033.8390444274673,7113,5745.471,3.131389,842.33093,0.3587549,7504.685,4.0465856,0,,,,,875.379951511825,0.0007194018,1033.8390444274673,0.0007505276,0.08929878,0.13705091
1.0000571,0.00053956715,0,0.0032898798,875.379796267856,1033.8394266578066,7114,5739.0977,3.131483,842.1377,0.35850683,7500.237,4.0466504,0,,,,,875.379796267856,0.0007202311,1033.8394266578066,0.0007516026,0.089104526,0.13826013
0.9987357,0.000539654,0,0.003289358,875.3785477773955,1033.839630716016,7115,5734.11,3.1319613,841.85065,0.35842535,7490.3267,4.047302,0,,,,,875.3785477773955,0.0007208374,1033.839630716016,0.00075222173,0.08831939,0.13742696
0.99836826,0.00053993077,0,0.0032888358,875.3791695033412,1033.8383933725663,7116,5735.865,3.1332424,841.9967,0.35871166,7487.571,4.0493774,0,,,,,875.3791695033412,0.0007212044,1033.8383933725663,0.0007525194,0.088905066,0.13540204
0.997052,0.0005396767,0,0.0032883133,875.379449950801,1033.8383101716756,7117,5727.4688,3.1316438,843.2226,0.35860586,7477.699,4.047472,0,,,,,875.379449950801,0.00072154216,1033.8383101716756,0.0007527435,0.0893251,0.13576202
0.99747634,0.00053953356,0,0.0032877906,875.3815901663404,1033.840866790159,7118,5727.6167,3.1309004,843.2673,0.35886618,7480.882,4.0463986,0,,,,,875.3815901663404,0.00072114385,1033.840866790159,0.0007528232,0.08929078,0.13714133
0.99758273,0.0005393396,0,0.0032872674,875.3799548609467,1033.8399773312594,7119,5726.269,3.130116,842.86206,0.35892096,7481.6797,4.044944,0,,,,,875.3799548609467,0.00072133157,1033.8399773312594,0.0007527271,0.08926322,0.13773763
0.9981061,0.0005393044,16,0.003286744,875.3778311849871,1033.8398356706725,7120,5723.8726,3.12949,843.0282,0.35876784,7485.605,4.0446796,16,,,,,875.3778311849871,0.0007206705,1033.8398356706725,0.0007514765,0.08854778,0.13859947
0.9968938,0.0005391581,16,0.0032862204,875.3805228656082,1033.8406289011696,7121,5718.2476,3.1288402,844.1873,0.3584407,7476.5127,4.043583,16,,,,,875.3805228656082,0.0007219388,1033.8406289011696,0.0007533503,0.088958174,0.13876298
0.996943,0.0005392047,16,0.0032856963,875.3795681812741,1033.8395609270165,7122,5716.5547,3.1288939,844.50665,0.35816285,7476.882,4.043932,16,,,,,875.3795681812741,0.00072194624,1033.8395609270165,0.00075326156,0.08901202,0.13926886
0.9978412,0.0005394626,16,0.003285172,875.3794155601038,1033.8380972984487,7123,5725.28,3.1304271,844.74713,0.3581201,7483.6177,4.0458665,16,,,,,875.3794155601038,0.0007220419,1033.8380972984487,0.0007533255,0.08947706,0.13783416
0.99742776,0.0005396642,16,0.0032846474,875.3781679991948,1033.8383299152727,7124,5728.1304,3.1318755,843.84607,0.35840946,7480.517,4.047378,16,,,,,875.3781679991948,0.0007217102,1033.8383299152727,0.00075302686,0.088930555,0.13656436
0.9987311,0.0005398522,16,0.0032841226,875.3802923353089,1033.838271767981,7125,5734.852,3.132779,845.1282,0.35841277,7490.292,4.048788,16,,,,,875.3802923353089,0.0007213476,1033.838271767981,0.0007527508,0.089557394,0.13747
0.999368,0.0005396647,16,0.0032835973,875.3794283565938,1033.839572416633,7126,5735.0938,3.1318893,845.8929,0.3586847,7495.069,4.047382,16,,,,,875.3794283565938,0.00072064385,1033.839572416633,0.0007519944,0.089819245,0.1384685
0.9988593,0.0005395237,16,0.0032830718,875.3792478581788,1033.8395637768594,7127,5732.4663,3.131216,844.92163,0.3586306,7491.2534,4.0463247,16,,,,,875.3792478581788,0.00072040956,1033.8395637768594,0.0007518031,0.08957349,0.13880514
0.999365,0.0005396181,16,0.003282546,875.3810882309097,1033.8394094196365,7128,5734.402,3.1314316,845.6394,0.35808325,7495.046,4.0470324,16,,,,,875.3810882309097,0.0007209344,1033.8394094196365,0.0007523223,0.08956557,0.13876568
0.9987718,0.00053947564,16,0.0032820199,875.379900291618,1033.8403568004576,7129,5730.1123,3.1308277,845.30164,0.35855675,7490.597,4.0459642,16,,,,,875.379900291618,0.0007211317,1033.8403568004576,0.00075273914,0.09004849,0.13876316
0.9985696,0.00053946144,16,0.0032814934,875.3780757625682,1033.8401153245886,7130,5729.124,3.1304915,845.42633,0.3586563,7489.081,4.0458574,16,,,,,875.3780757625682,0.0007212605,1033.8401153245886,0.00075264263,0.08977207,0.13934562
1.0006005,0.000540021,144,0.0032809668,875.377260972837,1033.8357561347404,7131,5744.0396,3.1340096,844.8404,0.35874712,7504.312,4.050054,144,,,,,875.377260972837,0.0007199544,1033.8357561347404,0.00074960635,0.08999573,0.13777289
1.0000924,0.00053968426,16,0.0032804399,875.3814191497129,1033.8378830028657,7132,5741.6094,3.132052,845.2489,0.35887036,7500.5015,4.0475287,16,,,,,875.3814191497129,0.00071965007,1033.8378830028657,0.0007508479,0.08950993,0.13784976
1.0006243,0.0005398538,16,0.0032799125,875.3819984666014,1033.837472399444,7133,5744.3555,3.1329157,846.1764,0.35878637,7504.4907,4.0488005,16,,,,,875.3819984666014,0.00072140817,1033.837472399444,0.0007508229,0.09013276,0.13772084
0.99869573,0.0005395601,16,0.003279385,875.3808115690858,1033.840265034521,7134,5730.953,3.1313128,844.78864,0.35909617,7490.027,4.0465975,16,,,,,875.3808115690858,0.00072081125,1033.840265034521,0.0007523319,0.09035146,0.13912664
1.000761,0.000539655,16,0.003278857,875.3785374751205,1033.8401692343816,7135,5739.5635,3.1316376,843.56,0.3587391,7505.5166,4.047309,16,,,,,875.3785374751205,0.00072005467,1033.8401692343816,0.0007512784,0.08951771,0.13969857
1.0007445,0.0005396675,16,0.0032783288,875.3798799653878,1033.8396861924675,7136,5738.291,3.1316926,844.3758,0.35854858,7505.3916,4.047403,16,,,,,875.3798799653878,0.00071959867,1033.8396861924675,0.00075097725,0.08962487,0.13970546
0.99962115,0.0005395443,16,0.0032778003,875.3796673780166,1033.8413473860562,7137,5728.3525,3.1310353,844.4456,0.35881642,7496.9673,4.0464787,16,,,,,875.3796673780166,0.00072056777,1033.8413473860562,0.00075232954,0.089215286,0.14004527
0.9999193,0.0005393656,16,0.0032772715,875.3795714793742,1033.8402926153149,7138,5724.078,3.1302211,843.8639,0.35833064,7499.203,4.0451384,16,,,,,875.3795714793742,0.0007203437,1033.8402926153149,0.0007519063,0.089113496,0.1405174
0.9993588,0.00053947035,16,0.0032767423,875.3788825551969,1033.840675030996,7139,5729.4224,3.1309571,845.3244,0.35835448,7494.9995,4.045924,16,,,,,875.3788825551969,0.00072086725,1033.840675030996,0.0007523987,0.088767044,0.13898894
0.99927896,0.0005396267,16,0.0032762128,875.3790251284643,1033.8401083972942,7140,5734.3296,3.13158,842.4365,0.35910925,7494.401,4.0470967,16,,,,,875.3790251284643,0.0007200459,1033.8401083972942,0.0007513662,0.088682085,0.13840246
1.0002724,0.00053965,0,0.0032756831,875.3782449778923,1033.840567666804,7141,5736.918,3.1314933,844.1353,0.3584948,7501.8516,4.0472717,0,,,,,875.3782449778923,0.0007202381,1033.840567666804,0.0007516514,0.08890238,0.14000198
1.0012856,0.00053957116,0,0.0032751532,875.3798436110823,1033.8388503724047,7142,5742.566,3.1314907,843.046,0.35867617,7509.4497,4.0466805,0,,,,,875.3798436110823,0.0007185576,1033.8388503724047,0.000749705,0.089158356,0.14019248
0.9999864,0.0005394901,0,0.0032746228,875.3795634256194,1033.840112561787,7143,5734.875,3.1307073,844.1706,0.35878217,7499.7065,4.0460725,0,,,,,875.3795634256194,0.000719616,1033.840112561787,0.0007509974,0.08961843,0.1401407
0.99987155,0.0005394966,0,0.0032740922,875.3775911063665,1033.841213637789,7144,5732.393,3.1308403,844.0594,0.35905558,7498.845,4.046121,0,,,,,875.3775911063665,0.000720571,1033.841213637789,0.0007521181,0.08972307,0.14092018
0.9990301,0.0005395579,0,0.0032735614,875.3793491381134,1033.840690632977,7145,5727.9604,3.131441,844.04126,0.35839635,7492.5347,4.046581,0,,,,,875.3793491381134,0.000721244,1033.840690632977,0.0007528868,0.08961895,0.14107111
0.9990875,0.00053975056,0,0.0032730303,875.3800128832254,1033.8418302678422,7146,5728.382,3.132209,844.5054,0.3586474,7492.9653,4.048026,0,,,,,875.3800128832254,0.00072050415,1033.8418302678422,0.00075240823,0.089773715,0.14143363
1.0007676,0.00053989125,0,0.0032724987,875.3789297438,1033.8405203819875,7147,5740.415,3.132997,843.34686,0.3584109,7505.5654,4.049081,0,,,,,875.3789297438,0.0007198671,1033.8405203819875,0.0007514641,0.08999186,0.13987878
0.99869174,0.0005395793,0,0.003271967,875.3792894024207,1033.8398210391074,7148,5731.7134,3.1317255,845.02216,0.3587223,7489.997,4.0467415,0,,,,,875.3792894024207,0.0007201028,1033.8398210391074,0.00075162394,0.08963679,0.13894925
0.9989066,0.0005395041,0,0.0032714347,875.3794469100176,1033.8408568848959,7149,5731.2114,3.1310678,844.1108,0.35867593,7491.6084,4.0461774,0,,,,,875.3794469100176,0.0007206189,1033.8408568848959,0.0007521475,0.090190805,0.14014147
1.0001587,0.00053948566,0,0.0032709024,875.3795436552083,1033.8415501838026,7150,5736.5903,3.130973,844.02295,0.35878295,7500.9985,4.046039,0,,,,,875.3795436552083,0.0007198584,1033.8415501838026,0.00075147836,0.08988734,0.14050213
1.0002881,0.0005394346,0,0.0032703697,875.3812945083207,1033.8408600508958,7151,5737.825,3.1306887,844.0365,0.3588184,7501.9697,4.045656,0,,,,,875.3812945083207,0.0007194707,1033.8408600508958,0.0007509575,0.09004614,0.14048184
0.9993554,0.00053936883,0,0.0032698368,875.3811120562546,1033.841683788883,7152,5731.0596,3.1300962,843.3413,0.3584997,7494.974,4.045163,0,,,,,875.3811120562546,0.0007204639,1033.841683788883,0.00075229676,0.09033442,0.1410866
0.99987745,0.0005394908,0,0.0032693034,875.3799248779374,1033.8426421381064,7153,5732.8164,3.1310186,844.29865,0.35817263,7498.8896,4.0460777,0,,,,,875.3799248779374,0.00072036043,1033.8426421381064,0.0007521827,0.090288036,0.14155318
0.9992924,0.0005397087,0,0.0032687697,875.3801751331873,1033.8415815472285,7154,5730.696,3.1321113,844.2125,0.35854468,7494.5015,4.047712,0,,,,,875.3801751331873,0.0007207186,1033.8415815472285,0.0007525872,0.089690864,0.14133792
0.99935365,0.000539792,0,0.0032682358,875.378365130709,1033.841061461599,7155,5731.858,3.132725,843.02747,0.35869595,7494.961,4.0483365,0,,,,,875.378365130709,0.0007197775,1033.841061461599,0.00075162033,0.08989954,0.14077416
1.0001719,0.0005397789,0,0.0032677017,875.3817521934872,1033.8404076771683,7156,5738.4424,3.1324751,843.8662,0.35826436,7501.098,4.0482383,0,,,,,875.3817521934872,0.0007197405,1033.8404076771683,0.0007513941,0.09029886,0.1400511
0.9993866,0.0005395036,0,0.0032671671,875.380705875999,1033.842021029247,7157,5733.668,3.1312447,843.17944,0.35822153,7495.2085,4.0461736,0,,,,,875.380705875999,0.00072006223,1033.842021029247,0.0007518508,0.090209715,0.14058436
1.0001419,0.0005394877,0,0.0032666323,875.3802410184926,1033.8413870297359,7158,5735.349,3.1310909,843.74915,0.35821575,7500.8726,4.0460544,0,,,,,875.3802410184926,0.00071946956,1033.8413870297359,0.0007511697,0.08979296,0.14150612
0.9997945,0.00053946703,0,0.0032660973,875.3805462290287,1033.842315236966,7159,5732.473,3.13078,843.12463,0.3587402,7498.267,4.0458994,0,,,,,875.3805462290287,0.0007205123,1033.842315236966,0.00075229077,0.09008597,0.14190982
0.9989791,0.0005393412,0,0.0032655618,875.3783876859223,1033.8410851447438,7160,5727.426,3.129995,843.448,0.3583518,7492.152,4.0449557,0,,,,,875.3783876859223,0.00072047696,1033.8410851447438,0.00075210555,0.0896383,0.14218988
1.0005174,0.0005394237,0,0.0032650263,875.3793003162708,1033.841147657932,7161,5735.7534,3.1306286,843.1655,0.35898834,7503.6885,4.0455747,0,,,,,875.3793003162708,0.00071919657,1033.841147657932,0.0007507696,0.0901753,0.14244547
1.0000362,0.0005394136,0,0.00326449,875.3793614966771,1033.8423461552002,7162,5732.035,3.1308215,843.2922,0.35864076,7500.0806,4.045499,0,,,,,875.3793614966771,0.0007197213,1033.8423461552002,0.0007514082,0.09026978,0.14260937
1.0006325,0.0005395711,0,0.0032639538,875.3796242388224,1033.8425746030482,7163,5735.5654,3.1317847,843.7322,0.35892776,7504.5527,4.04668,0,,,,,875.3796242388224,0.0007204578,1033.8425746030482,0.0007525149,0.0904919,0.14311261
1.000401,0.00053963374,0,0.0032634172,875.3800975404918,1033.8422568287672,7164,5736.705,3.1318324,843.105,0.35833493,7502.816,4.0471497,0,,,,,875.3800975404918,0.0007201881,1033.8422568287672,0.0007520097,0.090342686,0.14121534
1.0006132,0.0005396106,0,0.0032628803,875.3790850227006,1033.8423063521986,7165,5739.355,3.1320002,844.1394,0.35863373,7504.407,4.0469766,0,,,,,875.3790850227006,0.00072032673,1033.8423063521986,0.00075216615,0.0898422,0.14111897
0.99886703,0.00053935335,0,0.0032623431,875.3788057735771,1033.8428426740552,7166,5727.4067,3.130438,844.1759,0.35898137,7491.3115,4.045047,0,,,,,875.3788057735771,0.0007204291,1033.8428426740552,0.00075227005,0.08996881,0.14245749
1.0011916,0.0005395507,0,0.0032618057,875.379322255298,1033.840894170463,7167,5738.947,3.1315672,842.6686,0.3584575,7508.745,4.046527,0,,,,,875.379322255298,0.00071931916,1033.840894170463,0.0007509477,0.08990932,0.14292967
1.0005289,0.0005394475,0,0.0032362076,875.3807362211194,1033.8443172536422,7214,5728.581,3.1312933,843.0411,0.35890794,7503.7754,4.045753,0,,,,,875.3807362211194,0.000719022,1033.8443172536422,0.00075131597,0.090815775,0.14719944
0.9998813,0.0005397057,0,0.0032356558,875.3792364487773,1033.845701095364,7215,5724.3022,3.1323588,844.4485,0.3589146,7498.9185,4.0476894,0,,,,,875.3792364487773,0.00072024553,1033.845701095364,0.00075285765,0.0909531,0.14672999
0.9992659,0.00053954066,0,0.0032351038,875.381139400665,1033.8457342537592,7216,5721.052,3.1316507,847.1612,0.35856846,7494.303,4.0464516,0,,,,,875.381139400665,0.0007205405,1033.8457342537592,0.0007532131,0.09088359,0.14704223
0.99960124,0.00053941546,0,0.0032345515,875.3811108775021,1033.846078082227,7217,5723.584,3.1308186,844.9001,0.3587064,7496.818,4.0455127,0,,,,,875.3811108775021,0.0007208159,1033.846078082227,0.0007534389,0.09122409,0.14668174
0.99987465,0.00053940475,0,0.0032339988,875.3801398987954,1033.8428376901097,7218,5728.68,3.1307328,845.20325,0.35895503,7498.8687,4.0454326,0,,,,,875.3801398987954,0.0007204055,1033.8428376901097,0.0007523899,0.09154994,0.14425881
1.0006324,0.00053934957,0,0.0032334458,875.3827729503713,1033.8433668475986,7219,5733.2554,3.130653,843.67896,0.35823938,7504.552,4.0450187,0,,,,,875.3827729503713,0.0007184371,1033.8433668475986,0.00075050833,0.09058015,0.14517093
1.0004855,0.00053925154,0,0.0032328926,875.3809994554892,1033.8458789807844,7220,5729.8413,3.1301854,843.63965,0.35835904,7503.4497,4.0442834,0,,,,,875.3809994554892,0.00071968127,1033.8458789807844,0.0007520362,0.09095601,0.14659987
0.9991431,0.0005391776,0,0.0032323392,875.3805384665179,1033.8453938375592,7221,5720.861,3.1293664,844.4987,0.35871732,7493.3823,4.043729,0,,,,,875.3805384665179,0.000720865,1033.8453938375592,0.0007533162,0.09067025,0.14651695
1.0001768,0.0005393711,0,0.0032317853,875.3807272828716,1033.8453941020362,7222,5728.019,3.1304498,845.5201,0.358688,7501.135,4.04518,0,,,,,875.3807272828716,0.00072066695,1033.8453941020362,0.00075300253,0.090665594,0.14548658
0.9994503,0.00053935964,0,0.0032312311,875.3804057729433,1033.8463947118348,7223,5723.006,3.130643,843.9921,0.35848022,7495.686,4.045094,0,,,,,875.3804057729433,0.00072066404,1033.8463947118348,0.0007531933,0.090671286,0.14655775
0.999189,0.00053941045,0,0.0032306768,875.3805957849318,1033.8457409760254,7224,5720.629,3.1309886,844.8823,0.3584024,7493.7266,4.045475,0,,,,,875.3805957849318,0.00072034023,1033.8457409760254,0.00075296254,0.09068843,0.1466326
0.99883205,0.000539284,0,0.003230122,875.3802386086131,1033.8466032181768,7225,5718.487,3.1302435,844.30695,0.35832408,7491.0493,4.044527,0,,,,,875.3802386086131,0.0007208741,1033.8466032181768,0.000753548,0.09089093,0.14738284
0.99883026,0.0005392203,0,0.003229567,875.3804824025536,1033.846948127577,7226,5717.8643,3.129801,844.94617,0.35809103,7491.0356,4.044049,0,,,,,875.3804824025536,0.0007214394,1033.846948127577,0.0007542179,0.09068964,0.14743784
0.99940246,0.00053924776,0,0.0032290118,875.3800747671228,1033.8463052525587,7227,5720.431,3.129804,844.1437,0.3581291,7495.327,4.044255,0,,,,,875.3800747671228,0.00072059204,1033.8463052525587,0.0007532356,0.09083541,0.14779851
0.99911445,0.00053918414,0,0.003228456,875.3802025825448,1033.8461490005188,7228,5720.2017,3.1298234,843.621,0.3591039,7493.167,4.043778,0,,,,,875.3802025825448,0.000720832,1033.8461490005188,0.00075338467,0.090376936,0.14719202
0.99960643,0.0005392149,0,0.003227344,875.3808892984573,1033.8465257579937,7230,5722.7017,3.1298306,844.85486,0.35859978,7496.857,4.0440083,0,,,,,875.3808892984573,0.00072024757,1033.8465257579937,0.00075283664,0.0905331,0.14682022
0.99861574,0.0005393136,0,0.0032267876,875.3801811722308,1033.8444649191422,7231,5719.8604,3.1303113,845.25726,0.35863072,7489.427,4.044749,0,,,,,875.3801811722308,0.00072102534,1033.8444649191422,0.0007533335,0.09048605,0.1455512
0.9994069,0.00053929863,0,0.0032262306,875.3812185979942,1033.8461384456614,7232,5723.8384,3.130293,843.7737,0.3583814,7495.3604,4.0446367,0,,,,,875.3812185979942,0.0007204038,1033.8461384456614,0.00075293187,0.09078515,0.14615826
1.0006293,0.0005392568,0,0.0032256737,875.3811850107022,1033.8458197515533,7233,5727.8237,3.1303613,844.16876,0.35836306,7504.5283,4.0443225,0,,,,,875.3811850107022,0.00071899756,1033.8458197515533,0.00075148937,0.09032827,0.14780617
0.9982512,0.00053900166,0,0.0032251163,875.380613300835,1033.8469044486906,7234,5712.2725,3.1287732,845.09296,0.35859388,7486.693,4.0424094,0,,,,,875.380613300835,0.0007205417,1033.8469044486906,0.00075315323,0.0901504,0.14883019
0.9987175,0.00053912646,0,0.0032245587,875.3788460535711,1033.8473535481749,7235,5713.978,3.129276,845.1961,0.35843453,7490.19,4.0433455,0,,,,,875.3788460535711,0.00072086265,1033.8473535481749,0.00075353886,0.09005878,0.148682
0.9991309,0.0005392342,0,0.0032240006,875.3798995292484,1033.8460955999583,7236,5716.093,3.129824,845.01807,0.35840762,7493.2905,4.044153,0,,,,,875.3798995292484,0.0007205456,1033.8460955999583,0.00075318833,0.090865016,0.14915821
0.9989976,0.0005392416,0,0.0032234422,875.3805375055018,1033.845659951698,7237,5718.3643,3.1301568,844.1651,0.3590674,7492.291,4.0442085,0,,,,,875.3805375055018,0.00072040793,1033.845659951698,0.0007529621,0.091254294,0.14797503
0.9996907,0.00053935783,0,0.0032228837,875.3827158372337,1033.8465662894992,7238,5724.554,3.1307619,844.251,0.35878175,7497.489,4.0450807,0,,,,,875.3827158372337,0.0007198899,1033.8465662894992,0.00075253693,0.091332175,0.1471036
0.9989308,0.00053933327,0,0.003222325,875.381317868487,1033.8459183528535,7239,5721.9717,3.130555,844.757,0.35862088,7491.79,4.044896,0,,,,,875.381317868487,0.00072052534,1033.8459183528535,0.0007532066,0.09143659,0.14628668
0.9995003,0.0005392418,0,0.0032217659,875.3807125723936,1033.8467428111583,7240,5722.731,3.1300268,843.86285,0.3585965,7496.0605,4.0442104,0,,,,,875.3807125723936,0.0007205464,1033.8467428111583,0.00075324747,0.09160679,0.14813142
0.99916506,0.00053911144,0,0.0032212064,875.3816768047848,1033.8462978935945,7241,5719.0347,3.128941,843.9173,0.358515,7493.547,4.0432324,0,,,,,875.3816768047848,0.00071996945,1033.8462978935945,0.0007525884,0.09169664,0.1481954
0.9986907,0.0005387733,0,0.0032206466,875.3799720481275,1033.8475104552756,7242,5715.6924,3.1273298,845.61115,0.35860294,7489.9893,4.0406966,0,,,,,875.3799720481275,0.0007205243,1033.8475104552756,0.0007532314,0.09140841,0.14885774
0.99910533,0.0005390776,0,0.0032200865,875.3825235745085,1033.8476951583432,7243,5717.9194,3.1292439,844.7262,0.35878423,7493.0986,4.042979,0,,,,,875.3825235745085,0.0007204408,1033.8476951583432,0.0007533552,0.09161106,0.1491812
0.9984545,0.0005392537,0,0.0032195263,875.3806743141812,1033.8455659101544,7244,5716.181,3.1300352,844.21606,0.35852113,7488.218,4.0442996,0,,,,,875.3806743141812,0.0007209425,1033.8455659101544,0.0007533943,0.09166711,0.14759545
0.9989393,0.0005395196,0,0.0032189656,875.3806904942586,1033.8471798543558,7245,5720.2886,3.1317146,843.9059,0.35858938,7491.8535,4.0462937,0,,,,,875.3806904942586,0.0007208877,1033.8471798543558,0.00075382856,0.09139962,0.14769575
0.9990913,0.0005394645,0,0.0032184047,875.3811726454771,1033.845320958752,7246,5721.531,3.131448,844.43005,0.3588076,7492.9937,4.045881,0,,,,,875.3811726454771,0.0007201951,1033.845320958752,0.0007529262,0.09173481,0.14727294
0.9992889,0.0005392844,0,0.0032178434,875.3804567920391,1033.8454313466227,7247,5718.69,3.130229,845.2406,0.3583979,7494.4756,4.0445294,0,,,,,875.3804567920391,0.00072084035,1033.8454313466227,0.0007534216,0.09144618,0.14874224
0.9981602,0.000539072,0,0.003217282,875.3807946707669,1033.8481767149883,7248,5712.5674,3.1291754,844.15906,0.3582375,7486.0103,4.042937,0,,,,,875.3807946707669,0.00072176475,1033.8481767149883,0.0007548526,0.09107784,0.1486388
0.9989859,0.00053910026,0,0.0032167202,875.3808432927389,1033.8484456610722,7249,5717.104,3.1291268,845.173,0.35837972,7492.203,4.043149,0,,,,,875.3808432927389,0.000720909,1033.8484456610722,0.0007538988,0.0913769,0.14894263
0.998903,0.00053884654,0,0.0032161581,875.3820241726282,1033.8464955741779,7250,5716.157,3.1275733,843.906,0.358909,7491.581,4.041246,0,,,,,875.3820241726282,0.0007200065,1033.8464955741779,0.000752559,0.09163029,0.14829516
1.0000409,0.0005391751,0,0.0032155956,875.3814769490755,1033.8456324396539,7251,5726.598,3.129723,845.23315,0.35855362,7500.115,4.04371,0,,,,,875.3814769490755,0.0007199224,1033.8456324396539,0.00075236836,0.090935156,0.14706181
0.99957305,0.00053922646,0,0.003215033,875.3813987719664,1033.846182487166,7252,5725.6187,3.130004,844.3137,0.35868505,7496.6064,4.044095,0,,,,,875.3813987719664,0.0007201776,1033.846182487166,0.00075272605,0.090921044,0.14628892
0.9987738,0.00053921377,0,0.00321447,875.3815355479489,1033.8464975622653,7253,5716.771,3.1298623,844.4614,0.3587802,7490.6123,4.044,0,,,,,875.3815355479489,0.00071960175,1033.8464975622653,0.0007522648,0.091072045,0.1481905
0.9994582,0.000539406,0,0.0032139067,875.3817123327092,1033.8477843232313,7254,5719.07,3.1312716,845.39886,0.35798433,7495.745,4.045442,0,,,,,875.3817123327092,0.0007195799,1033.8477843232313,0.00075274846,0.09145564,0.14963265
0.99979067,0.0005393345,0,0.0032133432,875.3804410805952,1033.8469274297988,7255,5721.262,3.1309936,843.4223,0.35859996,7498.239,4.0449057,0,,,,,875.3804410805952,0.0007209388,1033.8469274297988,0.0007537703,0.09155456,0.14921626
0.9994558,0.00053913856,0,0.0032127793,875.3816956735454,1033.8465820506278,7256,5716.997,3.129704,844.31635,0.35836512,7495.727,4.043436,0,,,,,875.3816956735454,0.0007197874,1033.8465820506278,0.0007524594,0.09128188,0.15009952
0.99856865,0.00053908397,0,0.0032122151,875.3818668856236,1033.8478929385599,7257,5714.837,3.1293375,844.0571,0.35890883,7489.0737,4.0430264,0,,,,,875.3818668856236,0.00072026893,1033.8478929385599,0.0007532191,0.09112663,0.14849654
0.9990394,0.00053918036,0,0.0032116508,875.3817282322873,1033.8458729084387,7258,5719.994,3.1298199,845.88477,0.35824075,7492.6045,4.0437493,0,,,,,875.3817282322873,0.00072077237,1033.8458729084387,0.00075334904,0.09113429,0.14674866
0.99906236,0.0005390912,0,0.003211086,875.380486893588,1033.8463270081843,7259,5719.5376,3.1294346,845.3216,0.35827327,7492.7764,4.043081,0,,,,,875.380486893588,0.0007211808,1033.8463270081843,0.00075373927,0.09090061,0.14711815
0.99892503,0.00053904543,0,0.003210521,875.3832940602388,1033.8451650746706,7260,5716.6646,3.1290972,844.88916,0.3587949,7491.7466,4.0427375,0,,,,,875.3832940602388,0.00072000193,1033.8451650746706,0.0007525003,0.09118596,0.14875029
0.999214,0.00053911743,0,0.0032099558,875.3813502951223,1033.847175737932,7261,5717.0674,3.1295426,844.51526,0.3590163,7493.9136,4.0432777,0,,,,,875.3813502951223,0.0007209954,1033.847175737932,0.0007538097,0.091551684,0.14968304
0.998686,0.00053914334,0,0.00320939,875.383171463458,1033.8490476979348,7262,5712.3237,3.1294348,844.8273,0.3586248,7489.954,4.043472,0,,,,,875.383171463458,0.0007204257,1033.8490476979348,0.0007536665,0.09157903,0.15004836
1.0027677,0.00053944567,0,0.0032088242,875.3540552132365,1033.8477052290314,7263,5736.131,3.13153,844.2395,0.35815346,7520.566,4.045739,0,,,,,875.3540552132365,0.00071793847,1033.8477052290314,0.00073692435,0.091773264,0.15074424
0.9980677,0.00053903204,0,0.003208258,875.3807137066568,1033.848179649314,7264,5710.6606,3.1291296,845.0868,0.35843936,7485.3164,4.0426373,0,,,,,875.3807137066568,0.0007218165,1033.848179649314,0.00075479364,0.09152842,0.14981616
0.9989778,0.0005391479,0,0.0032076915,875.3819526530579,1033.8475708241326,7265,5717.4053,3.1295645,846.2607,0.35847425,7492.142,4.0435057,0,,,,,875.3819526530579,0.0007210781,1033.8475708241326,0.00075397,0.091715746,0.14854714
0.9995539,0.00053919235,0,0.0032071245,875.3814489984944,1033.8476260635562,7266,5720.8794,3.1301854,845.7493,0.35853052,7496.463,4.0438395,0,,,,,875.3814489984944,0.0007199248,1033.8476260635562,0.0007528653,0.09181078,0.14921042
0.9985532,0.0005390373,0,0.0032065576,875.3805698151355,1033.8487986011478,7267,5711.6597,3.1295695,845.7245,0.35846835,7488.958,4.0426764,0,,,,,875.3805698151355,0.0007207497,1033.8487986011478,0.0007538347,0.09129132,0.15118437
0.99947244,0.00053915323,0,0.0032059902,875.3819356433736,1033.84889490475,7268,5715.484,3.1296701,844.749,0.35927477,7495.852,4.043546,0,,,,,875.3819356433736,0.00072080543,1033.84889490475,0.0007540172,0.09189433,0.15147087
0.99845684,0.0005390573,0,0.0032054225,875.3821994735845,1033.8507896879096,7269,5710.042,3.1293352,844.4017,0.35879314,7488.2354,4.0428267,0,,,,,875.3821994735845,0.0007214848,1033.8507896879096,0.00075501075,0.09183125,0.15159993
0.9996282,0.0005391285,0,0.0032048544,875.3808491021175,1033.8474817078916,7270,5716.7505,3.1296878,844.7752,0.35872036,7497.02,4.0433607,0,,,,,875.3808491021175,0.00072015874,1033.8474817078916,0.0007529916,0.09188519,0.15092508
0.9999505,0.00053909904,0,0.0032042863,875.3814178501843,1033.8473198159227,7271,5719.5337,3.1292644,844.8706,0.3583778,7499.4375,4.0431395,0,,,,,875.3814178501843,0.00071977434,1033.8473198159227,0.0007525342,0.09157157,0.14992476
0.99943435,0.00053901906,0,0.0032037178,875.3827022555109,1033.8472392418773,7272,5719.528,3.1290197,845.5425,0.358311,7495.5664,4.0425396,0,,,,,875.3827022555109,0.00072006043,1033.8472392418773,0.0007527443,0.09161219,0.14880615
1.0003814,0.00053913216,0,0.003203149,875.3814009307986,1033.849325195532,7273,5724.8853,3.1297817,845.289,0.35802504,7502.669,4.043388,0,,,,,875.3814009307986,0.0007195475,1033.849325195532,0.0007526095,0.09157371,0.14906876
0.9984988,0.0005391001,0,0.0032025797,875.3797161996323,1033.8485057661157,7274,5710.5283,3.1294897,846.14966,0.3585888,7488.55,4.0431476,0,,,,,875.3797161996323,0.0007215767,1033.8485057661157,0.0007546475,0.091947235,0.15078336
0.9991695,0.0005393765,0,0.0032020104,875.3803413503008,1033.8486438139794,7275,5715.068,3.1309838,846.0335,0.35882348,7493.58,4.045221,0,,,,,875.3803413503008,0.00072028424,1033.8486438139794,0.00075345376,0.091621526,0.15098535
0.99359727,0.0005383775,0,0.0032014407,875.3820142927867,1033.8483146787878,7276,5681.2886,3.1252723,846.04144,0.35865852,7451.7896,4.0377283,0,,,,,875.3820142927867,0.00072447734,1033.8483146787878,0.0007579729,0.09168968,0.15107831
0.97953564,0.0005367892,0,0.0032008705,875.3817817118427,1033.8475642808673,7277,5599.0234,3.1161513,845.9044,0.35843605,7346.3296,4.025816,0,,,,,875.3817817118427,0.00073409773,1033.8475642808673,0.0007677469,0.09162237,0.15132384
0.96463776,0.00053479796,0,0.0032003003,875.3826175228321,1033.8478332637578,7278,5515.302,3.1047614,845.8855,0.35844547,7234.5986,4.0108824,0,,,,,875.3826175228321,0.0007451314,1033.8478332637578,0.00077935774,0.091055095,0.15071903
0.95808744,0.0005340656,0,0.0031997296,875.3842969364572,1033.8503119214508,7279,5477.912,3.1003182,844.6528,0.35890767,7185.4727,4.0053897,0,,,,,875.3842969364572,0.0007482846,1033.8503119214508,0.00078313146,0.09088428,0.15044475
0.9562359,0.000533799,0,0.0031991587,875.3818004655487,1033.8502914488326,7280,5466.716,3.0988019,845.5047,0.35817668,7171.586,4.0033903,0,,,,,875.3818004655487,0.0007507761,1033.8502914488326,0.0007853073,0.09125461,0.15063801
0.9535594,0.00053356186,0,0.0031985876,875.3832458013917,1033.8492210796094,7281,5449.9683,3.097184,845.27216,0.35886917,7151.513,4.0016117,0,,,,,875.3832458013917,0.00075392885,1033.8492210796094,0.0007887219,0.09201575,0.15100838
0.95336866,0.00053358293,0,0.0031980162,875.3836912443988,1033.8470329951906,7282,5447.5605,3.097296,845.44855,0.35875946,7150.0825,4.00177,0,,,,,875.3836912443988,0.0007527585,1033.8470329951906,0.00078729296,0.09180551,0.1512825
0.9533153,0.0005336727,0,0.0031974444,875.3841335155107,1033.8482021587288,7283,5447.123,3.0979092,845.9942,0.35849175,7149.6826,4.002443,0,,,,,875.3841335155107,0.00075344543,1033.8482021587288,0.0007883789,0.0925518,0.15154995
0.9537382,0.0005339958,0,0.0031968723,875.3820136359527,1033.847980395527,7284,5449.5293,3.0995398,846.32837,0.35824552,7152.854,4.004866,0,,,,,875.3820136359527,0.0007541745,1033.847980395527,0.000788977,0.09202579,0.15174975
0.95443666,0.0005340941,0,0.0031963,875.3838117700934,1033.848481071475,7285,5455.946,3.0998974,845.51056,0.3580738,7158.0923,4.005604,0,,,,,875.3838117700934,0.00075225125,1033.848481071475,0.00078712025,0.092680044,0.15029976
0.95607334,0.00053413754,0,0.0031957272,875.3831764002458,1033.8470213769067,7286,5467.144,3.1003976,846.75,0.35855862,7170.367,4.0059295,0,,,,,875.3831764002458,0.0007513106,1033.8470213769067,0.00078570395,0.09242933,0.14990191
0.95873475,0.0005342576,0,0.0031951542,875.3843210969222,1033.8478481282373,7287,5482.6777,3.1012974,844.63116,0.35884634,7190.327,4.0068297,0,,,,,875.3843210969222,0.00074909575,1033.8478481282373,0.0007835526,0.09195805,0.14982247
0.96577924,0.00053489034,0,0.003194581,875.3822684960064,1033.8493625259816,7288,5519.6387,3.104991,847.1145,0.35840172,7243.1597,4.011575,0,,,,,875.3822684960064,0.0007445081,1033.8493625259816,0.00077905785,0.09186198,0.1511231
0.98099726,0.00053671683,0,0.0031940076,875.3811169134157,1033.8521231521308,7289,5606.4727,3.115714,846.1843,0.35890403,7357.2915,4.0252733,0,,,,,875.3811169134157,0.0007325839,1033.8521231521308,0.00076678646,0.09181609,0.15255369
0.9944387,0.00053804985,0,0.0031934339,875.3818821511535,1033.849488903209,7290,5684.755,3.1234446,846.0576,0.35886025,7458.1,4.0352707,0,,,,,875.3818821511535,0.00072388566,1033.849488903209,0.00075734296,0.09232029,0.15242879
1.0006046,0.00053915,0,0.0031928597,875.3823842422398,1033.8500072220424,7291,5718.942,3.129527,845.19257,0.35896555,7504.343,4.0435214,0,,,,,875.3823842422398,0.0007197816,1033.8500072220424,0.00075314933,0.09298695,0.15252116
1.0004386,0.00053930434,0,0.0031922853,875.3826250912205,1033.8488701925423,7292,5720.188,3.1305747,847.18964,0.35870877,7503.0977,4.044679,0,,,,,875.3826250912205,0.0007201673,1033.8488701925423,0.0007534339,0.09285207,0.15165977
0.9997737,0.0005392552,0,0.0031917107,875.3824889579222,1033.8475703094102,7293,5718.8022,3.130501,845.8797,0.3590877,7498.1113,4.044311,0,,,,,875.3824889579222,0.00072000077,1033.8475703094102,0.0007530126,0.09268285,0.15065223
1.0005621,0.0005392846,0,0.0031911356,875.3827849340555,1033.8497293906028,7294,5720.579,3.130316,847.1582,0.35839584,7504.024,4.0445313,0,,,,,875.3827849340555,0.00071934285,1033.8497293906028,0.0007526326,0.09266925,0.15159452
1.0015528,0.00053923996,0,0.0031905603,875.3844126804368,1033.8486124127119,7295,5724.1475,3.1303713,846.6448,0.35857514,7511.454,4.0441966,0,,,,,875.3844126804368,0.00071847974,1033.8486124127119,0.0007512656,0.09202997,0.15302342
1.0011313,0.00053919887,0,0.0031899847,875.3806569993791,1033.8501868402977,7296,5721.0654,3.1302052,846.0219,0.3585225,7508.293,4.043888,0,,,,,875.3806569993791,0.00071887625,1033.8501868402977,0.0007521665,0.09223907,0.15360476
1.0005256,0.00053923135,0,0.003189409,875.3814502565434,1033.8494777213773,7297,5717.108,3.1299934,847.0666,0.35826948,7503.7505,4.0441318,0,,,,,875.3814502565434,0.00071993296,1033.8494777213773,0.00075317145,0.09252034,0.15348993
1.0012149,0.000539226,0,0.003188833,875.3821481872545,1033.8507648146415,7298,5720.777,3.1301866,846.7118,0.35892615,7508.9194,4.0440917,0,,,,,875.3821481872545,0.0007198733,1033.8507648146415,0.0007533267,0.09251537,0.15366447
1.0004249,0.0005391966,0,0.0031882564,875.3817510685922,1033.8507157184997,7299,5717.9473,3.1301272,847.77936,0.35874823,7502.9946,4.0438714,0,,,,,875.3817510685922,0.00072026625,1033.8507157184997,0.00075368525,0.09262102,0.15323058
1.0011253,0.0005393857,0,0.0031876797,875.3832695380967,1033.848623556875,7300,5725.127,3.1310196,847.6529,0.3584276,7508.2485,4.0452895,0,,,,,875.3832695380967,0.00071950455,1033.848623556875,0.00075271365,0.093116075,0.15132418
1.0008287,0.0005392219,0,0.0031871025,875.3833509595107,1033.846064831186,7301,5725.2583,3.1303911,847.1346,0.35898286,7506.0244,4.044061,0,,,,,875.3833509595107,0.00071857776,1033.846064831186,0.00075115956,0.09290963,0.15082403
1.0004501,0.0005391364,0,0.0031865253,875.3819313503544,1033.8481817761015,7302,5719.4214,3.1297584,847.5473,0.35870248,7503.184,4.04342,0,,,,,875.3819313503544,0.00072008255,1033.8481817761015,0.0007530666,0.09255042,0.15198766
1.0000504,0.0005390911,0,0.0031859477,875.3819144471911,1033.8484961224349,7303,5713.543,3.128994,847.50946,0.35829073,7500.1865,4.0430803,0,,,,,875.3819144471911,0.0007199718,1033.8484961224349,0.000753056,0.09184385,0.15165482
0.99939114,0.00053905166,0,0.0031853698,875.3805509304361,1033.850304569762,7304,5708.11,3.1290402,847.5041,0.35869557,7495.242,4.042784,0,,,,,875.3805509304361,0.0007205313,1033.850304569762,0.00075395365,0.092287,0.15366806
1.0008794,0.00053934066,0,0.0031847917,875.381601584364,1033.8497425260125,7305,5714.571,3.1306753,848.0123,0.3587487,7506.404,4.044952,0,,,,,875.381601584364,0.00071930786,1033.8497425260125,0.0007527923,0.09203537,0.154504
0.99961317,0.00053927454,0,0.003184213,875.3820050824099,1033.8503612136137,7306,5702.4595,3.1300645,848.83484,0.35867015,7496.907,4.044456,0,,,,,875.3820050824099,0.0007210506,1033.8503612136137,0.0007546827,0.09183915,0.15449023
1.0001364,0.00053928804,0,0.0031836345,875.3825430428042,1033.8501823212964,7307,5714.257,3.1303868,847.9265,0.358478,7500.831,4.044557,0,,,,,875.3825430428042,0.00071938126,1033.8501823212964,0.0007528082,0.09201705,0.15324096
0.99993056,0.0005393006,0,0.0031830552,875.3834288294604,1033.8498252035376,7308,5717.2764,3.1303282,846.73,0.35928744,7499.2876,4.0446515,0,,,,,875.3834288294604,0.0007194647,1033.8498252035376,0.00075279013,0.09216862,0.15159144
1.0004015,0.00053880055,0,0.003182476,875.3846451778252,1033.8489001496014,7309,5715.521,3.1273444,848.4961,0.35888484,7502.8193,4.040901,0,,,,,875.3846451778252,0.00071895355,1033.8489001496014,0.0007520908,0.09288054,0.15285163
1.0010461,0.00053915556,0,0.0031818964,875.3822811741913,1033.8502014810406,7310,5718.743,3.1294818,847.8518,0.35873622,7507.6543,4.0435634,0,,,,,875.3822811741913,0.00071915146,1033.8502014810406,0.00075238186,0.0932883,0.15382709
1.0021837,0.00053918123,0,0.0031813164,875.3823865331303,1033.8486432950822,7311,5727.4146,3.13014,847.14136,0.3588127,7516.186,4.043756,0,,,,,875.3823865331303,0.00071913213,1033.8486432950822,0.00075213495,0.09299589,0.15259266
1.0000094,0.00053884444,0,0.0031807362,875.382969425093,1033.8509921579584,7312,5711.4463,3.1275811,848.8371,0.3587103,7499.8794,4.04123,0,,,,,875.382969425093,0.00071961945,1033.8509921579584,0.00075314473,0.09336742,0.15350454
0.9994528,0.00053891126,8192,0.0031801558,875.3832653035323,1033.8527298213457,7313,5704.9233,3.128122,847.18744,0.3585377,7495.705,4.0417314,8192,,,,,875.3832653035323,0.00072069693,1033.8527298213457,0.00075462996,0.09270086,0.15502118
0.9993791,0.0005394132,0,0.0031789937,875.3829060528113,1033.8497571997113,7315,5712.7705,3.131047,848.375,0.35849077,7495.152,4.0454955,0,,,,,875.3829060528113,0.0007205623,1033.8497571997113,0.0007540515,0.093314305,0.15227324
1.000557,0.0005393266,0,0.0031784123,875.3812086215682,1033.8499971975916,7316,5720.624,3.130875,847.78156,0.35823676,7503.986,4.044846,0,,,,,875.3812086215682,0.00072012254,1033.8499971975916,0.00075350085,0.092680715,0.15270497
1.0000206,0.0005391711,0,0.0031778307,875.3825363605048,1033.8508563497148,7317,5713.4575,3.1297219,847.56134,0.35872734,7499.9634,4.04368,0,,,,,875.3825363605048,0.0007203949,1033.8508563497148,0.000753975,0.09328786,0.15429242
1.000198,0.00053910044,0,0.0031772489,875.3816913189113,1033.8515531905884,7318,5713.7666,3.1293151,848.1051,0.358808,7501.294,4.04315,0,,,,,875.3816913189113,0.00071971107,1033.8515531905884,0.0007532746,0.09315901,0.1545307
