flux,flux_err,quality,timecorr,centroid_col,centroid_row,cadenceno,sap_flux,sap_flux_err,sap_bkg,sap_bkg_err,pdcsap_flux,pdcsap_flux_err,sap_quality,psf_centr1,psf_centr1_err,psf_centr2,psf_centr2_err,mom_centr1,mom_centr1_err,mom_centr2,mom_centr2_err,pos_corr1,pos_corr2
0.9995647,0.0005075857,0,0.0029379288,48.40980983463497,778.1466384822792,2977,5214.1987,2.7447734,625.8355,0.27560955,6569.1025,3.3358347,0,,,,,48.40980983463497,0.0007306073,778.1466384822792,0.0007536732,-0.07917934,-0.08763311
0.99889165,0.0005080502,8192,0.0029385004,48.411685409490715,778.1495189075993,2978,5212.775,2.7447386,625.54474,0.27564695,6564.679,3.3388872,8192,,,,,48.411685409490715,0.00073024223,778.1495189075993,0.0007531003,-0.078992136,-0.0869994
0.9988518,0.0005078428,0,0.0029390717,48.40991057816174,778.1481201919535,2979,5212.067,2.7445803,626.39795,0.2754118,6564.4175,3.3375242,0,,,,,48.40991057816174,0.00073037285,778.1481201919535,0.00075330853,-0.07901408,-0.08690856
1.0003926,0.0005082763,0,0.0029396429,48.410386670694656,778.1496252199026,2980,5221.1924,2.7457044,626.0884,0.27567062,6574.543,3.340373,0,,,,,48.410386670694656,0.00072983437,778.1496252199026,0.000752574,-0.078978874,-0.086879954
0.9981959,0.00050790375,0,0.0029402135,48.409733716169164,778.1507428948479,2981,5208.7764,2.7443562,627.19617,0.27537143,6560.107,3.3379247,0,,,,,48.409733716169164,0.000731418,778.1507428948479,0.000754022,-0.07865818,-0.0865692
0.99981153,0.00050828105,0,0.0029407842,48.409208532860376,778.1501545931031,2982,5219.385,2.745292,626.04315,0.27535674,6570.7246,3.3404045,0,,,,,48.409208532860376,0.00072971627,778.1501545931031,0.0007523453,-0.07865475,-0.085681856
0.9987003,0.0005079544,0,0.0029413546,48.40960602226773,778.148871229487,2983,5211.8633,2.7446785,625.80646,0.2757166,6563.422,3.3382578,0,,,,,48.40960602226773,0.00073128747,778.148871229487,0.0007540938,-0.07863832,-0.08616405
0.9995872,0.0005083534,0,0.0029419246,48.41047513317444,778.1498737368794,2984,5218.5566,2.7451305,625.736,0.27538398,6569.2505,3.34088,0,,,,,48.41047513317444,0.00072970457,778.1498737368794,0.0007522858,-0.07856536,-0.08554802
1.0000355,0.00050815893,0,0.0029424946,48.41075850400034,778.1494577406563,2985,5219.781,2.745441,625.7915,0.27524477,6572.197,3.339602,0,,,,,48.41075850400034,0.00073013955,778.1494577406563,0.00075294176,-0.078586705,-0.085879214
0.999519,0.000508455,0,0.002943064,48.41150583041789,778.1498473114095,2986,5218.7227,2.745125,624.88025,0.27533638,6568.8022,3.3415475,0,,,,,48.41150583041789,0.0007291904,778.1498473114095,0.00075187034,-0.078324236,-0.08534995
1.0000794,0.00050844107,0,0.0029436336,48.410968003537725,778.1507325804469,2987,5221.364,2.7455258,624.53766,0.27572572,6572.4854,3.3414562,0,,,,,48.410968003537725,0.0007297755,778.1507325804469,0.00075227243,-0.07832625,-0.08510253
0.9996805,0.00050849223,8192,0.0029442026,48.411011931001845,778.150951111119,2988,5220.3584,2.7456474,625.01184,0.27545467,6569.864,3.3417923,8192,,,,,48.411011931001845,0.00072988827,778.150951111119,0.0007523484,-0.078304835,-0.084760465
0.9994167,0.00050842675,0,0.0029447717,48.410539044174925,778.1518096656699,2989,5218.9233,2.745142,624.15576,0.27557626,6568.13,3.341362,0,,,,,48.410539044174925,0.00073044724,778.1518096656699,0.0007527351,-0.07842115,-0.08430976
0.9998556,0.0005087024,0,0.0029453402,48.41258349535824,778.1521251251751,2990,5222.349,2.745601,624.41644,0.27559125,6571.014,3.3431735,0,,,,,48.41258349535824,0.0007301207,778.1521251251751,0.00075241737,-0.078008674,-0.08405216
1.0006608,0.0005086852,0,0.0029459088,48.4112706988888,778.1523320121198,2991,5225.944,2.7459044,624.0328,0.2755892,6576.3057,3.3430603,0,,,,,48.4112706988888,0.00072920404,778.1523320121198,0.0007515612,-0.07789998,-0.08389478
0.9989223,0.0005084902,0,0.002946477,48.41188095931928,778.1539027945565,2992,5218.105,2.745029,624.0319,0.27530706,6564.881,3.341779,0,,,,,48.41188095931928,0.0007303844,778.1539027945565,0.0007523674,-0.0777814,-0.083308265
1.0003271,0.0005087806,0,0.002947045,48.410345862760465,778.1526177122774,2993,5225.403,2.7459135,623.24036,0.27543625,6574.1133,3.3436873,0,,,,,48.410345862760465,0.00072974165,778.1526177122774,0.00075203384,-0.077617645,-0.083119154
0.9999588,0.0005088654,0,0.0029476127,48.41156509061449,778.1518823623139,2994,5224.3013,2.7457774,624.4497,0.2755113,6571.693,3.344245,0,,,,,48.41156509061449,0.00072958483,778.1518823623139,0.00075187307,-0.07752174,-0.083108924
0.9996345,0.0005086243,0,0.00294818,48.41229636847611,778.15245873361,2995,5221.939,2.745373,623.2644,0.27537534,6569.5615,3.3426604,0,,,,,48.41229636847611,0.0007292611,778.15245873361,0.00075156783,-0.077625185,-0.0830487
0.99999726,0.00050873734,0,0.0029487475,48.41184406813682,778.1533901156204,2996,5224.9316,2.745823,623.92957,0.27541006,6571.9453,3.343403,0,,,,,48.41184406813682,0.0007294175,778.1533901156204,0.000751574,-0.0773725,-0.08266775
0.999342,0.00050881295,0,0.0029498811,48.41183932418083,778.1539643925198,2998,5222.9434,2.7455742,623.5317,0.27541226,6567.639,3.3439,0,,,,,48.41183932418083,0.0007295952,778.1539643925198,0.0007517963,-0.07713449,-0.082126714
0.9996272,0.0005088845,0,0.0029504478,48.413355025956406,778.1552005512865,2999,5224.331,2.745632,623.1797,0.2752912,6569.513,3.3443701,0,,,,,48.413355025956406,0.0007299105,778.1552005512865,0.0007518533,-0.076868616,-0.08191481
1.0001382,0.00050910935,0,0.002951014,48.412722733101226,778.1544647746721,3000,5227.764,2.7468038,622.33276,0.2754348,6572.871,3.3458478,0,,,,,48.412722733101226,0.00072925613,778.1544647746721,0.0007512087,-0.07677527,-0.08170267
1.0045595,0.0005117289,2176,0.00295158,48.412537234731786,778.1595333048242,3001,5252.053,2.7606556,622.43,0.2753863,6601.928,3.3630636,2176,,,,,48.412537234731786,0.0007265766,778.1595333048242,0.000747635,-0.07670887,-0.081431225
0.9995828,0.00050888595,0,0.0029521459,48.41443516242796,778.1556203880375,3002,5224.602,2.7457662,622.6095,0.27561933,6569.2217,3.3443797,0,,,,,48.41443516242796,0.0007293397,778.1556203880375,0.0007510965,-0.07647499,-0.08150873
1.0001122,0.00050926994,0,0.0029527114,48.412870604010585,778.1557365860554,3003,5227.9697,2.747908,622.2494,0.2754093,6572.7007,3.3469036,0,,,,,48.412870604010585,0.0007291749,778.1557365860554,0.00075105956,-0.076534934,-0.08129729
1.0000808,0.000509039,0,0.0029532767,48.414454079305365,778.1546167801998,3004,5227.626,2.7458508,621.4541,0.27557328,6572.4946,3.3453856,0,,,,,48.414454079305365,0.000728969,778.1546167801998,0.00075104466,-0.076353155,-0.081560366
0.99956214,0.00050948374,0,0.0029538418,48.41400424640425,778.1549634277069,3005,5226.365,2.747642,621.97906,0.27531993,6569.086,3.3483086,0,,,,,48.41400424640425,0.00072960305,778.1549634277069,0.00075155444,-0.0761417,-0.08091419
0.9999045,0.0005092158,0,0.002954407,48.4114466974794,778.1546312557674,3006,5227.3926,2.74672,622.1517,0.27548486,6571.336,3.3465476,0,,,,,48.4114466974794,0.00072824955,778.1546312557674,0.00075013953,-0.0763525,-0.08152961
0.9995391,0.00050948065,0,0.0029549715,48.41353599461608,778.1551793040217,3007,5227.2373,2.7477045,622.41296,0.27555454,6568.934,3.348288,0,,,,,48.41353599461608,0.0007292217,778.1551793040217,0.00075125595,-0.07606017,-0.08092474
1.000057,0.0005094109,0,0.002955536,48.414790083729514,778.1563124736538,3008,5229.582,2.7478812,621.95746,0.27557945,6572.338,3.3478298,0,,,,,48.414790083729514,0.0007286999,778.1563124736538,0.0007504223,-0.07576517,-0.08095134
1.0010097,0.00050960446,0,0.0029561,48.414783188642915,778.1550493813024,3009,5235.6255,2.7485495,622.59863,0.27506807,6578.599,3.3491018,0,,,,,48.414783188642915,0.00072941533,778.1550493813024,0.0007513575,-0.07567077,-0.08061431
1.0001488,0.0005096059,0,0.0029566637,48.413536711992805,778.1559839736065,3010,5230.422,2.7482324,622.7332,0.27557114,6572.9414,3.3491116,0,,,,,48.413536711992805,0.0007290637,778.1559839736065,0.0007509744,-0.07551831,-0.08065447
0.9999506,0.00050963514,0,0.0029572274,48.41340946761207,778.156573019104,3011,5230.833,2.748067,622.54285,0.2756261,6571.6387,3.3493035,0,,,,,48.41340946761207,0.0007291385,778.156573019104,0.00075088895,-0.07513429,-0.07996009
0.9998894,0.0005094331,0,0.0029577909,48.413910012431046,778.1569900751912,3012,5229.741,2.7479174,622.1339,0.27537566,6571.2363,3.3479755,0,,,,,48.413910012431046,0.00072914804,778.1569900751912,0.0007509375,-0.07528094,-0.080190316
1.0003707,0.00050976954,0,0.002958354,48.41404393933775,778.1558496900797,3013,5233.4956,2.7483022,622.1842,0.27538216,6574.4,3.3501866,0,,,,,48.41404393933775,0.0007288547,778.1558496900797,0.00075077807,-0.07506381,-0.08007382
1.0003635,0.0005096242,0,0.002958917,48.41346912801728,778.1554733736159,3014,5232.5054,2.7482347,622.33295,0.27542594,6574.352,3.3492315,0,,,,,48.41346912801728,0.00072931906,778.1554733736159,0.000751214,-0.07511862,-0.080242366
1.0004576,0.00050985365,0,0.0029594798,48.413224160738686,778.1573079338541,3015,5234.8267,2.7484798,621.83,0.27519363,6574.971,3.3507395,0,,,,,48.413224160738686,0.0007289148,778.1573079338541,0.0007506173,-0.07488602,-0.079856455
1.0003933,0.0005097435,0,0.002960042,48.41441992126281,778.1578360497339,3016,5234.145,2.748453,621.8536,0.27540296,6574.548,3.3500159,0,,,,,48.41441992126281,0.00072927144,778.1578360497339,0.0007509595,-0.07465442,-0.07960588
0.9999742,0.0005096899,0,0.0029606044,48.41391730102791,778.157684753724,3017,5233.0566,2.7482471,621.3001,0.2754432,6571.794,3.3496635,0,,,,,48.41391730102791,0.00072867423,778.157684753724,0.0007502539,-0.07426963,-0.079221
0.9998076,0.0005096199,0,0.0029611664,48.415114918768694,778.1562836361838,3018,5231.4893,2.7481513,621.429,0.27567652,6570.6987,3.3492033,0,,,,,48.415114918768694,0.0007292376,778.1562836361838,0.0007510335,-0.07438717,-0.07944254
0.9994611,0.0005097504,0,0.0029617283,48.41502845031102,778.1573184309163,3019,5230.6304,2.7480712,621.2692,0.2755006,6568.422,3.3500607,0,,,,,48.41502845031102,0.0007290594,778.1573184309163,0.0007507517,-0.07419742,-0.07904984
0.99974805,0.0005097864,0,0.0029622896,48.4153209461884,778.1587109776692,3020,5232.5894,2.7481818,620.27155,0.27576068,6570.3076,3.3502977,0,,,,,48.4153209461884,0.00072853954,778.1587109776692,0.0007500272,-0.073966965,-0.078703746
1.0001988,0.000509765,0,0.002962851,48.416435736136705,778.1580204017116,3021,5235.049,2.7483528,620.17883,0.2753869,6573.2705,3.3501568,0,,,,,48.416435736136705,0.0007289299,778.1580204017116,0.0007505159,-0.07387497,-0.07870642
0.9999252,0.00050991686,0,0.0029634119,48.415327609751586,778.1573871218176,3022,5234.2085,2.7484393,621.33813,0.2755058,6571.4717,3.3511548,0,,,,,48.415327609751586,0.0007288275,778.1573871218176,0.000750421,-0.073780045,-0.0784931
0.99926215,0.0005097694,0,0.0029639727,48.416135326836155,778.1578453011218,3023,5230.7915,2.7478569,620.1853,0.2756102,6567.1143,3.3501859,0,,,,,48.416135326836155,0.0007294501,778.1578453011218,0.00075109716,-0.07349011,-0.078204945
0.9999487,0.0005099583,0,0.0029645332,48.41679321837952,778.1579992933882,3024,5235.133,2.7483828,621.3308,0.27532825,6571.626,3.3514273,0,,,,,48.41679321837952,0.00072896306,778.1579992933882,0.0007506217,-0.07318593,-0.07801202
1.0003034,0.0005099548,0,0.0029650936,48.41533605444076,778.1571012792451,3025,5236.709,2.7486393,621.25214,0.27541268,6573.957,3.3514044,0,,,,,48.41533605444076,0.0007297198,778.1571012792451,0.0007515321,-0.07314531,-0.07787231
1.0005959,0.00051002135,0,0.0029656535,48.41584439572493,778.1592250658182,3026,5238.637,2.7488363,621.1266,0.27526248,6575.88,3.3518417,0,,,,,48.41584439572493,0.00072835275,778.1592250658182,0.0007498808,-0.07316767,-0.07794276
1.000268,0.0005100433,0,0.0029662135,48.416054050073484,778.1587995902124,3027,5236.81,2.748699,620.4029,0.275307,6573.7246,3.351986,0,,,,,48.416054050073484,0.0007288529,778.1587995902124,0.00075036363,-0.07289829,-0.07787873
0.999332,0.0005099633,0,0.002966773,48.417142199302134,778.1588988797637,3028,5232.597,2.7481844,620.93536,0.27533472,6567.573,3.3514602,0,,,,,48.417142199302134,0.00072950334,778.1588988797637,0.0007510668,-0.07294462,-0.07779534
0.999692,0.0005098531,0,0.0029673323,48.41631075706897,778.1580612389143,3029,5233.5337,2.748213,620.64435,0.2753635,6569.9395,3.3507361,0,,,,,48.41631075706897,0.000729156,778.1580612389143,0.0007507528,-0.07304719,-0.07782972
0.99990314,0.00050996454,0,0.0029678915,48.416053079985076,778.1583869404392,3030,5235.374,2.7485778,621.3059,0.27568784,6571.3267,3.351468,0,,,,,48.416053079985076,0.00072913076,778.1583869404392,0.0007508312,-0.07295289,-0.07774775
1.0004736,0.0005099934,0,0.0029684503,48.41719215410559,778.1586398359773,3031,5237.733,2.748746,621.11304,0.27556866,6575.076,3.3516579,0,,,,,48.41719215410559,0.0007291007,778.1586398359773,0.0007507014,-0.07293831,-0.07793933
0.99888486,0.00050999236,0,0.0029690089,48.41598009755314,778.1593356631572,3032,5230.5015,2.748433,620.94696,0.27546015,6564.635,3.351651,0,,,,,48.41598009755314,0.00073020766,778.1593356631572,0.0007517271,-0.07265556,-0.07772825
1.0000234,0.00051006133,0,0.0029695672,48.41596471251055,778.1579517404853,3033,5235.936,2.7484546,620.44293,0.2751476,6572.1167,3.3521044,0,,,,,48.41596471251055,0.00072851364,778.1579517404853,0.00074972474,-0.07270484,-0.07760925
1.0002346,0.00051020284,0,0.0029701253,48.41605928930927,778.1585511974981,3034,5238.8286,2.7489533,621.1543,0.27549148,6573.5054,3.3530345,0,,,,,48.41605928930927,0.0007292282,778.1585511974981,0.0007508343,-0.072526,-0.07747196
0.9995643,0.00051005185,0,0.0029706834,48.41651549670016,778.159671312278,3035,5235.6284,2.7486136,620.8759,0.27539074,6569.1,3.3520422,0,,,,,48.41651549670016,0.0007284135,778.159671312278,0.00075005484,-0.07200049,-0.077046715
1.0010301,0.00051030243,0,0.002971241,48.41757557835774,778.1592826874848,3036,5244.376,2.7494428,621.0302,0.2753195,6578.733,3.353689,0,,,,,48.41757557835774,0.0007278297,778.1592826874848,0.00074922806,-0.072217435,-0.07710265
0.999984,0.000510186,0,0.0029717984,48.41640987582473,778.1609692109255,3037,5239.3022,2.748905,620.31055,0.27550593,6571.8584,3.3529236,0,,,,,48.41640987582473,0.00072740344,778.1609692109255,0.00074887404,-0.072088465,-0.077244356
0.99950206,0.00051016355,0,0.0029723556,48.41740814508717,778.1585006800478,3038,5235.9956,2.7486928,620.9037,0.2754044,6568.691,3.352776,0,,,,,48.41740814508717,0.00072884065,778.1585006800478,0.00075032254,-0.0720201,-0.07723309
0.9999364,0.0005102458,0,0.0029729125,48.41811283127863,778.1590588360575,3039,5237.2256,2.7492487,624.4559,0.27586627,6571.5454,3.3533165,0,,,,,48.41811283127863,0.00072927546,778.1590588360575,0.00075088313,-0.071972765,-0.077298135
1.0001532,0.00051011326,0,0.002973469,48.417348273250596,778.1600915477293,3040,5238.131,2.7488086,620.7829,0.2752436,6572.9697,3.3524456,0,,,,,48.417348273250596,0.0007283345,778.1600915477293,0.00074969465,-0.07187116,-0.07701104
0.9999605,0.0005102982,0,0.0029740254,48.418182974967465,778.1603522420869,3041,5242.5625,2.7493782,621.0715,0.27510273,6571.7036,3.3536608,0,,,,,48.418182974967465,0.0007280272,778.1603522420869,0.00074916513,-0.071972966,-0.07682817
1.0006961,0.0005101644,0,0.0029745817,48.41722017522633,778.160481568018,3042,5239.8213,2.7489073,620.78284,0.2752366,6576.5376,3.352782,0,,,,,48.41722017522633,0.00072837836,778.160481568018,0.0007496911,-0.071796775,-0.076810226
1.0004715,0.0005102935,0,0.0029751377,48.41761610709486,778.1621979914031,3043,5241.153,2.7491663,620.7993,0.27513257,6575.0615,3.3536305,0,,,,,48.41761610709486,0.0007283932,778.1621979914031,0.00074955914,-0.07117409,-0.07638144
1.0004698,0.00051031855,0,0.0029756934,48.41835691637179,778.1618131840838,3044,5242.525,2.7491522,620.5286,0.27541286,6575.051,3.3537948,0,,,,,48.41835691637179,0.0007278903,778.1618131840838,0.0007491902,-0.07149957,-0.07656461
1.0008839,0.00051032053,0,0.002976249,48.41750630365893,778.1608439334422,3045,5245.239,2.74951,620.1821,0.27547112,6577.7725,3.3538077,0,,,,,48.41750630365893,0.0007275234,778.1608439334422,0.0007486916,-0.07145239,-0.07677288
1.0003184,0.00051028025,0,0.002976804,48.41698622113327,778.1598030406506,3046,5242.4023,2.749376,621.04425,0.2754176,6574.0557,3.3535433,0,,,,,48.41698622113327,0.0007283592,778.1598030406506,0.00074979354,-0.070917144,-0.07644413
0.9984812,0.00051016524,0,0.002977359,48.41911248789606,778.1593344667009,3047,5233.3843,2.748306,621.0015,0.27558723,6561.982,3.3527873,0,,,,,48.41911248789606,0.0007287187,778.1593344667009,0.00075028295,-0.07084371,-0.07623033
1.0010867,0.0005104456,0,0.0029779137,48.419934784836414,778.1616273997006,3048,5246.4683,2.749793,620.8803,0.27517936,6579.105,3.35463,0,,,,,48.419934784836414,0.0007272783,778.1616273997006,0.0007485078,-0.070897266,-0.07618651
1.0008049,0.00051037007,0,0.0029784683,48.41642014242491,778.1604929722093,3049,5245.3774,2.7495449,620.4782,0.27538827,6577.2534,3.3541334,0,,,,,48.41642014242491,0.0007270573,778.1604929722093,0.0007481194,-0.07076824,-0.07640608
0.9999682,0.00051035575,0,0.0029790227,48.418874258920965,778.1616328695745,3050,5240.964,2.749188,620.23444,0.27539992,6571.7544,3.3540394,0,,,,,48.418874258920965,0.0007282922,778.1616328695745,0.00074959104,-0.07042669,-0.07593901
1.0000137,0.0005103129,0,0.0029795766,48.41901041181319,778.1611846836902,3051,5242.1294,2.7491302,620.0949,0.27531207,6572.0537,3.3537579,0,,,,,48.41901041181319,0.00072822394,778.1611846836902,0.0007494695,-0.07042714,-0.075745866
0.99975836,0.0005103326,0,0.0029801305,48.42045838158603,778.1627328917475,3052,5240.109,2.7489576,620.11993,0.2753549,6570.3755,3.353887,0,,,,,48.42045838158603,0.00072909606,778.1627328917475,0.00075025164,-0.070103824,-0.07592406
0.999902,0.0005103778,0,0.002980684,48.41872640275191,778.1616833569021,3053,5241.751,2.7491586,621.238,0.2752202,6571.3193,3.3541842,0,,,,,48.41872640275191,0.00072910666,778.1616833569021,0.00075032155,-0.07006807,-0.07570916
0.99978876,0.00051037886,0,0.0029812371,48.41898314812864,778.1615370638506,3054,5242.251,2.749265,620.5115,0.27556598,6570.575,3.354191,0,,,,,48.41898314812864,0.00072840793,778.1615370638506,0.0007495686,-0.069985464,-0.07576503
0.999367,0.00051034,0,0.0029817903,48.41964920442347,778.1623638267639,3055,5238.9053,2.748786,620.31274,0.27554938,6567.803,3.3539355,0,,,,,48.41964920442347,0.0007281738,778.1623638267639,0.00074934645,-0.06995444,-0.07540181
0.99979293,0.00051036273,0,0.002982343,48.41864078719958,778.161867506489,3056,5240.914,2.7491271,620.4886,0.27525598,6570.6025,3.3540852,0,,,,,48.41864078719958,0.000728438,778.161867506489,0.0007496571,-0.06986181,-0.07559799
0.9995636,0.0005103522,0,0.0029828956,48.418290661283294,778.1616613385509,3057,5240.8623,2.74902,620.18024,0.27534845,6569.095,3.3540158,0,,,,,48.418290661283294,0.0007283635,778.1616613385509,0.0007497147,-0.06969881,-0.07552027
1.0003034,0.0005104168,0,0.0029834479,48.420091066916086,778.1614274237718,3058,5243.74,2.749425,620.4729,0.27538678,6573.957,3.3544405,0,,,,,48.420091066916086,0.0007288158,778.1614274237718,0.00075013447,-0.06977391,-0.07574578
0.9995138,0.00051037886,0,0.0029840001,48.419139220698774,778.1618150413992,3059,5240.1025,2.7490065,620.7248,0.275225,6568.768,3.3541913,0,,,,,48.419139220698774,0.0007291698,778.1618150413992,0.00075045007,-0.0697365,-0.075574964
0.9996872,0.0005103289,0,0.002984552,48.42101700473714,778.1609897337966,3060,5240.9854,2.7490578,620.5144,0.27521062,6569.9077,3.353863,0,,,,,48.42101700473714,0.0007285954,778.1609897337966,0.00074974686,-0.0697094,-0.075497
0.9991852,0.00051039463,0,0.0029851035,48.420595401369724,778.1663212112865,3061,5240.2173,2.7489998,620.25745,0.2755003,6566.6084,3.354295,0,,,,,48.420595401369724,0.00072774227,778.1663212112865,0.0007484378,-0.06924854,-0.07456151
0.999628,0.0005104036,0,0.0029856549,48.41904198997632,778.1615902281299,3062,5241.849,2.7490933,619.5678,0.27527365,6569.5186,3.354354,0,,,,,48.41904198997632,0.0007288651,778.1615902281299,0.0007500873,-0.06923245,-0.07506774
0.999399,0.00051039975,0,0.002986206,48.42043105984063,778.1613676357313,3063,5240.6064,2.7489913,620.3969,0.2756775,6568.0137,3.3543284,0,,,,,48.42043105984063,0.00072829355,778.1613676357313,0.00074961485,-0.06907498,-0.074631885
1.0003518,0.0005105497,0,0.0029867569,48.419710861339794,778.1619168721043,3064,5247.3745,2.7497587,619.9075,0.2755736,6574.2754,3.3553138,0,,,,,48.419710861339794,0.00072753924,778.1619168721043,0.0007486972,-0.06888607,-0.07443924
1.0004008,0.0005104845,0,0.0029873075,48.42093090248993,778.162534391033,3065,5246.334,2.74956,620.2095,0.2754759,6574.5977,3.3548856,0,,,,,48.42093090248993,0.00072744716,778.162534391033,0.00074853085,-0.0693119,-0.07496481
1.0001367,0.00051050197,0,0.002987858,48.41995164891267,778.163186293994,3066,5246.4224,2.7495263,619.93756,0.27535778,6572.8623,3.3550003,0,,,,,48.41995164891267,0.0007284936,778.163186293994,0.0007495105,-0.069031686,-0.074253
1.0002027,0.0005104919,0,0.0029884079,48.419394830415605,778.1641155585888,3067,5245.0645,2.7495365,620.58594,0.2753666,6573.295,3.3549342,0,,,,,48.419394830415605,0.0007280045,778.1641155585888,0.0007488135,-0.06880911,-0.07458617
1.0002637,0.00051051733,0,0.0029889578,48.42076622283792,778.1615094724677,3068,5246.569,2.7496424,620.1144,0.27526608,6573.6963,3.3551013,0,,,,,48.42076622283792,0.0007286042,778.1615094724677,0.00074975047,-0.06881031,-0.07424229
1.0000635,0.00051050563,0,0.0029895075,48.4191722212971,778.1627303096304,3069,5244.6323,2.7494283,619.5266,0.2753697,6572.381,3.3550243,0,,,,,48.4191722212971,0.0007276626,778.1627303096304,0.00074873347,-0.06848353,-0.07458097
0.99982643,0.0005106414,8192,0.002990057,48.41867966839231,778.1637528782518,3070,5245.369,2.7496,619.8707,0.27541354,6570.8228,3.3559163,8192,,,,,48.41867966839231,0.0007276535,778.1637528782518,0.00074859516,-0.068271264,-0.073800266
1.0003577,0.0005107217,8320,0.002990606,48.421736638981315,778.164098023221,3071,5247.4365,2.7504723,619.43945,0.27583253,6574.3145,3.3564444,8320,,,,,48.421736638981315,0.00072750816,778.164098023221,0.00074847846,-0.06852751,-0.07394208
0.99977094,0.0005105338,0,0.002991155,48.42084616726334,778.163500738792,3072,5245.092,2.7495055,619.9141,0.27529716,6570.458,3.3552094,0,,,,,48.42084616726334,0.00072864105,778.163500738792,0.00074961304,-0.06830815,-0.0739135
0.9997989,0.0005104168,0,0.0029917036,48.42176924663167,778.1624063437883,3073,5243.855,2.749297,620.44507,0.2752239,6570.6416,3.3544407,0,,,,,48.42176924663167,0.000728314,778.1624063437883,0.0007495361,-0.06848595,-0.074203216
1.0016224,0.00051073363,0,0.0029922521,48.421014187478946,778.1641332012412,3074,5255.228,2.7505908,619.03534,0.27561307,6582.626,3.3565228,0,,,,,48.421014187478946,0.0007268446,778.1641332012412,0.00074783794,-0.06810708,-0.07376215
0.9998901,0.00051052443,0,0.0029928002,48.42112121574055,778.1616375249534,3075,5245.871,2.7496567,619.79266,0.27537984,6571.241,3.3551478,0,,,,,48.42112121574055,0.0007289846,778.1616375249534,0.0007502528,-0.0679291,-0.0739911
1.0000259,0.000510646,0,0.0029933483,48.42186023983658,778.1625919988368,3076,5247.1772,2.7497618,620.6942,0.2753524,6572.1333,3.3559468,0,,,,,48.42186023983658,0.0007279142,778.1625919988368,0.0007491052,-0.06785649,-0.07385064
0.9998424,0.0005106044,0,0.002993896,48.42027461560728,778.1636313920832,3077,5246.886,2.7496238,619.44727,0.27538282,6570.9277,3.3556733,0,,,,,48.42027461560728,0.0007285179,778.1636313920832,0.0007495203,-0.06741598,-0.0733946
0.99895364,0.00051048753,0,0.0029944433,48.421255933116164,778.1637109129106,3078,5242.2773,2.7492309,619.46155,0.275293,6565.087,3.3549054,0,,,,,48.421255933116164,0.0007287738,778.1637109129106,0.0007497485,-0.06769222,-0.07304652
0.99962556,0.0005105476,0,0.0029949907,48.42257148094847,778.1631871221662,3079,5246.641,2.749555,619.86755,0.2755491,6569.5024,3.3553,0,,,,,48.42257148094847,0.0007279228,778.1631871221662,0.00074893754,-0.06752068,-0.0729089
1.0010607,0.000510799,0,0.0029955376,48.42265520842987,778.1658133415849,3080,5254.0596,2.7505043,618.8718,0.27547258,6578.934,3.3569524,0,,,,,48.42265520842987,0.000726949,778.1658133415849,0.00074740907,-0.06734556,-0.072786815
1.0003829,0.0005107647,0,0.0029960843,48.425110191543496,778.1651329928563,3081,5251.8594,2.7502215,619.46277,0.27541244,6574.4795,3.3567271,0,,,,,48.425110191543496,0.0007256007,778.1651329928563,0.00074621185,-0.06705099,-0.072384566
0.9999184,0.00051061105,0,0.0029966307,48.42176285366694,778.1639466259595,3082,5248.6167,2.7498498,619.33344,0.27536044,6571.4272,3.355717,0,,,,,48.42176285366694,0.0007280655,778.1639466259595,0.00074900803,-0.06691504,-0.072312765
0.9993938,0.000510735,0,0.002997177,48.4213215693775,778.1654246783102,3083,5247.3066,2.7498908,619.4034,0.27542862,6567.9795,3.3565316,0,,,,,48.4213215693775,0.00072847813,778.1654246783102,0.00074923335,-0.06657578,-0.071769565
1.0007374,0.0005109603,128,0.002997723,48.42085778710967,778.1654063725628,3084,5252.403,2.7512884,619.4546,0.27555424,6576.81,3.3580124,128,,,,,48.42085778710967,0.00072783313,778.1654063725628,0.0007469321,-0.06711244,-0.072741285
0.99970883,0.0005106549,0,0.0029982687,48.422377650437056,778.1640911746217,3085,5247.044,2.7496989,619.07605,0.27536362,6570.05,3.3560052,0,,,,,48.422377650437056,0.0007282132,778.1640911746217,0.0007491802,-0.06719681,-0.072867386
1.0007846,0.00051085115,0,0.0029988142,48.422699235642256,778.1663594068764,3086,5253.3604,2.7503953,619.57355,0.27522424,6577.1196,3.357295,0,,,,,48.422699235642256,0.00072806934,778.1663594068764,0.00074860145,-0.06665973,-0.071888596
1.0006819,0.0005107939,0,0.0029993595,48.42334051252269,778.1636952968288,3087,5252.8335,2.750388,619.67615,0.2755661,6576.4443,3.3569188,0,,,,,48.42334051252269,0.00072808465,778.1636952968288,0.00074913056,-0.06689498,-0.07220196
0.99989396,0.0005107057,0,0.0029999046,48.42341227588694,778.1660123148745,3088,5248.383,2.7497675,618.50165,0.27537984,6571.2666,3.3563392,0,,,,,48.42341227588694,0.0007282667,778.1660123148745,0.00074894575,-0.06671657,-0.072046444
0.99965,0.00051066314,0,0.0030004494,48.422910482545916,778.1659284384554,3089,5247.149,2.7496347,619.19183,0.27544096,6569.663,3.3560596,0,,,,,48.422910482545916,0.00072837516,778.1659284384554,0.0007491116,-0.06675598,-0.07217798
1.0007429,0.00051080005,0,0.0030009937,48.42116979573915,778.1642750820994,3090,5252.805,2.7504025,619.8037,0.2755352,6576.8457,3.356959,0,,,,,48.42116979573915,0.00072836905,778.1642750820994,0.00074925256,-0.06672408,-0.0722137
1.0006475,0.00051078515,0,0.003001538,48.42311543118955,778.165983917519,3091,5252.5913,2.7502465,619.5227,0.2752138,6576.219,3.3568614,0,,,,,48.42311543118955,0.00072750915,778.165983917519,0.0007481805,-0.06667381,-0.07199675
0.9998777,0.0005106376,0,0.0030020822,48.42274647590505,778.1650658572521,3092,5248.753,2.7497942,618.985,0.27549744,6571.1597,3.3558915,0,,,,,48.42274647590505,0.0007279327,778.1650658572521,0.000748662,-0.06654987,-0.07201518
1.0020266,0.00051096285,0,0.003002626,48.42207713167515,778.1681385277448,3093,5260.859,2.751111,618.35266,0.2755839,6585.282,3.3580291,0,,,,,48.42207713167515,0.00072642753,778.1681385277448,0.0007466426,-0.066461794,-0.071753226
0.99945706,0.0005107438,0,0.0030031695,48.42232763198043,778.1669036506152,3094,5247.608,2.7496693,618.7169,0.2753001,6568.395,3.3565896,0,,,,,48.42232763198043,0.0007278051,778.1669036506152,0.0007483842,-0.06627651,-0.071493834
1.0001144,0.0005108165,0,0.0030037127,48.42305569256376,778.1654419744832,3095,5250.2373,2.7501056,619.882,0.27521738,6572.7153,3.3570676,0,,,,,48.42305569256376,0.00072818506,778.1654419744832,0.00074888894,-0.06641991,-0.071678154
0.99942803,0.00051069737,0,0.003004256,48.423142802973835,778.1658790509346,3096,5247.756,2.749823,619.32275,0.2752572,6568.2046,3.3562844,0,,,,,48.423142802973835,0.00072853477,778.1658790509346,0.00074928865,-0.0663488,-0.0715848
1.0000609,0.00051068456,0,0.0030047987,48.422518019246425,778.1653854553224,3097,5250.699,2.750033,619.2275,0.2752997,6572.364,3.3562002,0,,,,,48.422518019246425,0.000727823,778.1653854553224,0.000748618,-0.066093795,-0.07141447
1.0012965,0.0005109363,0,0.0030053412,48.424548631636036,778.1675590742042,3098,5258.9624,2.750979,619.28326,0.27587637,6580.484,3.3578548,0,,,,,48.424548631636036,0.00072601595,778.1675590742042,0.00074662105,-0.06585278,-0.07122572
0.9993824,0.00051066704,0,0.0030058837,48.42530970808753,778.1654666213798,3099,5247.184,2.7494965,617.6764,0.27515477,6567.9043,3.356085,0,,,,,48.42530970808753,0.0007268789,778.1654666213798,0.0007478447,-0.06609549,-0.07158021
1.0006076,0.00051081926,0,0.0030064257,48.42300836729491,778.1678388309836,3100,5254.945,2.7504148,619.391,0.27510598,6575.9565,3.3570855,0,,,,,48.42300836729491,0.0007268713,778.1678388309836,0.0007472232,-0.065854564,-0.0709533
1.0006248,0.0005107709,0,0.0030069675,48.42290269131142,778.1672391903986,3101,5254.5283,2.750365,618.98224,0.27551192,6576.0693,3.3567674,0,,,,,48.42290269131142,0.000727116,778.1672391903986,0.0007476183,-0.06569365,-0.07102063
1.0012214,0.0005109551,0,0.003007509,48.42301040418731,778.1655579730141,3102,5258.5283,2.750924,619.6575,0.27548677,6579.99,3.3579783,0,,,,,48.42301040418731,0.00072724273,778.1655579730141,0.0007480109,-0.06582366,-0.07082243
1.0002673,0.00051083823,0,0.0030080504,48.421636407385485,778.1679926399569,3103,5252.3975,2.7501795,618.9814,0.2752526,6573.72,3.3572102,0,,,,,48.421636407385485,0.0007280454,778.1679926399569,0.00074845157,-0.06586686,-0.0708145
1.0007248,0.0005108533,0,0.0030085915,48.423810562445226,778.1658624987421,3104,5255.2183,2.750581,619.54144,0.2754441,6576.7266,3.3573093,0,,,,,48.423810562445226,0.00072776433,778.1658624987421,0.0007484161,-0.06604304,-0.070855714
1.0000707,0.0005107961,0,0.0030091323,48.42289951895863,778.1667878546674,3105,5251.6147,2.7501802,619.578,0.27527618,6572.428,3.3569334,0,,,,,48.42289951895863,0.0007276437,778.1667878546674,0.00074817915,-0.065771505,-0.0707639
1.0001734,0.0005109371,0,0.003009673,48.422722198751686,778.1666012131792,3106,5253.8745,2.7506068,619.71857,0.27564317,6573.103,3.35786,0,,,,,48.422722198751686,0.00072798657,778.1666012131792,0.00074859365,-0.06501353,-0.06995046
1.0004876,0.000510887,0,0.0030102134,48.425687668614835,778.1674252173376,3107,5255.591,2.7505777,619.20026,0.27534258,6575.168,3.3575306,0,,,,,48.425687668614835,0.00072657375,778.1674252173376,0.0007470294,-0.06504688,-0.0695929
1.0008063,0.000510943,0,0.0030107535,48.42342636456482,778.1666123301825,3108,5256.6055,2.7507777,618.8495,0.27574334,6577.2627,3.3578987,0,,,,,48.42342636456482,0.00072746107,778.1666123301825,0.0007478861,-0.065379575,-0.07029759
0.9998028,0.0005108182,0,0.0030112932,48.422821779721886,778.1649500987669,3109,5251.4565,2.750106,618.8543,0.27528068,6570.6675,3.3570786,0,,,,,48.422821779721886,0.00072753767,778.1649500987669,0.0007482489,-0.06537399,-0.07029651
0.9998288,0.0005108968,0,0.003011833,48.4229450153811,778.1659656166712,3110,5251.2266,2.7504413,621.7576,0.27534723,6570.8384,3.357595,0,,,,,48.4229450153811,0.00072898896,778.1659656166712,0.00074967346,-0.065328896,-0.070373416
1.000248,0.0005108011,0,0.0030123724,48.425026789920544,778.1658230874688,3111,5254.7363,2.7504346,618.98456,0.27544928,6573.5933,3.356966,0,,,,,48.425026789920544,0.00072775804,778.1658230874688,0.0007484716,-0.06531552,-0.07010268
1.0000609,0.0005108841,0,0.0030129114,48.42414439133002,778.1686138874818,3112,5252.5894,2.7503104,619.0365,0.27550924,6572.364,3.3575118,0,,,,,48.42414439133002,0.00072746933,778.1686138874818,0.0007478573,-0.06528511,-0.07043319
1.0003911,0.00051085826,0,0.0030134504,48.42320467188861,778.1670240002742,3113,5256.3843,2.7506435,618.45416,0.2752114,6574.5337,3.3573418,0,,,,,48.42320467188861,0.0007278973,778.1670240002742,0.0007484303,-0.065060966,-0.06970859
0.999963,0.0005108265,0,0.003013989,48.42398682513097,778.166857925374,3114,5253.1025,2.7503526,619.3583,0.27548662,6571.72,3.357133,0,,,,,48.42398682513097,0.0007285088,778.166857925374,0.00074900116,-0.06520648,-0.0696189
1.0005423,0.0005109212,0,0.0030145273,48.42423728379666,778.1666249306661,3115,5256.448,2.7506871,618.7745,0.27531892,6575.5273,3.3577554,0,,,,,48.42423728379666,0.00072802673,778.1666249306661,0.00074872276,-0.0651132,-0.06951858
1.001252,0.00051094586,0,0.0030150656,48.42565606496666,778.1672208753525,3116,5260.3076,2.751034,618.741,0.27527633,6580.192,3.3579173,0,,,,,48.42565606496666,0.00072662416,778.1672208753525,0.0007471682,-0.06478641,-0.06957795
0.9995289,0.0005108415,0,0.0030156034,48.423555115467394,778.1681894060403,3117,5251.327,2.7501013,618.57104,0.27544972,6568.867,3.3572316,0,,,,,48.423555115467394,0.00072848157,778.1681894060403,0.0007488503,-0.064645894,-0.069265224
1.0011985,0.00051101984,0,0.003016141,48.424431545180326,778.1672887918479,3118,5260.5415,2.7511134,618.57495,0.2751229,6579.8403,3.3584037,0,,,,,48.424431545180326,0.0007263232,778.1672887918479,0.00074676896,-0.06450294,-0.06917596
1.0006026,0.0005109439,0,0.0030166784,48.423489143791286,778.1680145099606,3119,5257.5376,2.7507799,618.05756,0.2753506,6575.9233,3.3579044,0,,,,,48.423489143791286,0.00072712725,778.1680145099606,0.00074748375,-0.064679585,-0.06926799
0.99933666,0.00051087845,0,0.0030172155,48.42333875615373,778.16938669715,3120,5251.7695,2.7504344,619.1051,0.27518967,6567.604,3.3574746,0,,,,,48.42333875615373,0.0007288035,778.16938669715,0.0007490236,-0.064547166,-0.068791375
1.0000345,0.0005109105,0,0.0030177527,48.42360871952386,778.1686024317428,3121,5255.1196,2.750452,618.9949,0.27565715,6572.1895,3.357685,0,,,,,48.42360871952386,0.000728007,778.1686024317428,0.00074831257,-0.064401224,-0.06901693
1.0001352,0.00051088765,0,0.0030182893,48.42495389646101,778.1680320948059,3122,5256.524,2.750508,618.5922,0.2753436,6572.852,3.357535,0,,,,,48.42495389646101,0.0007275456,778.1680320948059,0.000747993,-0.06444519,-0.06875765
1.0006728,0.0005109908,0,0.0030188255,48.42391172105255,778.1703381332217,3123,5259.018,2.7509243,619.10016,0.27575898,6576.385,3.358213,0,,,,,48.42391172105255,0.00072701665,778.1703381332217,0.00074712356,-0.06441655,-0.06866204
1.001312,0.00051113457,0,0.0030193618,48.42658131005045,778.1686731678091,3124,5263.3545,2.7514772,619.1449,0.2754123,6580.586,3.3591578,0,,,,,48.42658131005045,0.00072716846,778.1686731678091,0.00074746564,-0.06412134,-0.06838815
1.00086,0.0005110502,0,0.0030198977,48.42504469932202,778.1680378015543,3125,5259.969,2.7510557,619.37335,0.27523473,6577.615,3.3586035,0,,,,,48.42504469932202,0.00072684756,778.1680378015543,0.00074720755,-0.06414284,-0.06850567
1.0014879,0.00051166635,128,0.0030204335,48.428670408210515,778.1611156312204,3126,5263.073,2.754121,618.7409,0.2751247,6581.7417,3.3626525,128,,,,,48.428670408210515,0.00072356884,778.1611156312204,0.0007483645,-0.06426394,-0.06900821
1.0007184,0.0005109562,0,0.003020969,48.425226261268115,778.1692050984478,3127,5257.977,2.7508965,619.66003,0.2755365,6576.6846,3.3579855,0,,,,,48.425226261268115,0.0007273767,778.1692050984478,0.0007476394,-0.0643919,-0.06906802
0.9990716,0.00051089557,0,0.003021504,48.42584150144216,778.1674732068583,3128,5250.455,2.7500498,620.2274,0.27532613,6565.862,3.3575869,0,,,,,48.42584150144216,0.0007286419,778.1674732068583,0.0007494125,-0.06405805,-0.06848518
0.99953836,0.000510959,0,0.003022039,48.424594272497046,778.1686339820109,3129,5253.281,2.7503455,619.4707,0.2752705,6568.9297,3.3580039,0,,,,,48.424594272497046,0.00072843547,778.1686339820109,0.00074868253,-0.063926525,-0.068150654
0.9998442,0.0005109266,0,0.0030225737,48.42313899083383,778.1662612229964,3130,5254.734,2.750493,619.6337,0.27519622,6570.9395,3.3577907,0,,,,,48.42313899083383,0.00072752824,778.1662612229964,0.00074815244,-0.064114116,-0.06859191
1.0010176,0.0005110175,0,0.0030231082,48.42399649781663,778.1703978338032,3131,5261.2866,2.7512214,619.227,0.27537227,6578.651,3.3583882,0,,,,,48.42399649781663,0.0007268751,778.1703978338032,0.00074689504,-0.06393163,-0.06839294
0.9999258,0.00051094417,0,0.0030236423,48.42469764489175,778.1686516811442,3132,5255.4834,2.750607,618.41266,0.2755835,6571.4756,3.3579063,0,,,,,48.42469764489175,0.00072817405,778.1686516811442,0.00074852275,-0.06404536,-0.06823372
1.0001835,0.0005109682,0,0.0030241762,48.42459165232875,778.1704525412141,3133,5258.0547,2.7509234,619.43164,0.2754819,6573.1694,3.3580644,0,,,,,48.42459165232875,0.00072748907,778.1704525412141,0.00074747234,-0.06377728,-0.06774498
1.0007768,0.00051102816,0,0.00302471,48.42505340371967,778.1685521524661,3134,5260.293,2.7510607,618.8943,0.27549532,6577.0684,3.3584585,0,,,,,48.42505340371967,0.0007271637,778.1685521524661,0.0007474532,-0.06374985,-0.067986205
1.0003884,0.00051100214,0,0.0030252435,48.42543804115517,778.1705257481588,3135,5259.415,2.750748,618.1949,0.27512157,6574.5156,3.3582876,0,,,,,48.42543804115517,0.00072688283,778.1705257481588,0.0007468681,-0.06368607,-0.0675354
1.0000548,0.00051090954,0,0.0030257767,48.42444594112218,778.1699048660599,3136,5256.3335,2.7506115,619.2939,0.2751449,6572.3237,3.3576787,0,,,,,48.42444594112218,0.0007275509,778.1699048660599,0.00074764504,-0.06353359,-0.067967236
0.9997828,0.00051103916,0,0.0030263097,48.424783316737745,778.1693824011986,3137,5255.898,2.7511587,618.90955,0.27533486,6570.536,3.3585308,0,,,,,48.424783316737745,0.0007280109,778.1693824011986,0.00074814976,-0.0637296,-0.06769275
1.0005018,0.0005109941,0,0.0030268424,48.425488413151186,778.170828268193,3138,5259.2383,2.7510326,618.2628,0.27566445,6575.2607,3.3582344,0,,,,,48.425488413151186,0.0007277246,778.170828268193,0.00074762356,-0.06367756,-0.06766403
0.9998478,0.00051090564,0,0.0030273749,48.425368087250554,778.1696788805394,3139,5256.205,2.750552,618.9951,0.27515587,6570.9634,3.3576531,0,,,,,48.425368087250554,0.0007278664,778.1696788805394,0.0007479626,-0.063505225,-0.0675881
1.0015699,0.00051105616,0,0.003027907,48.424792916175,778.1713926923014,3140,5265.4697,2.7516866,619.2145,0.2752896,6582.281,3.3586423,0,,,,,48.424792916175,0.000726939,778.1713926923014,0.0007467735,-0.063271426,-0.06730693
1.0003239,0.000511034,0,0.0030284391,48.426072510161845,778.1694832335461,3141,5259.3525,2.7510996,618.5581,0.27530566,6574.092,3.3584967,0,,,,,48.426072510161845,0.0007275822,778.1694832335461,0.00074776524,-0.06338094,-0.06714682
1.0004686,0.0005110643,0,0.003028971,48.425768458232476,778.1710342314868,3142,5259.863,2.7510433,619.6157,0.2754053,6575.043,3.3586957,0,,,,,48.425768458232476,0.0007282869,778.1710342314868,0.0007481855,-0.06331619,-0.06723829
1.0004404,0.0005109969,0,0.0030300335,48.42599271886597,778.1697408447307,3144,5259.4233,2.7511234,619.3478,0.2751574,6574.8574,3.358253,0,,,,,48.42599271886597,0.00072809646,778.1697408447307,0.00074832235,-0.063466854,-0.06737315
1.0000231,0.0005109493,0,0.0030305644,48.42517737069897,778.1695425006357,3145,5256.8975,2.7508292,619.8263,0.27523175,6572.115,3.3579402,0,,,,,48.42517737069897,0.000727251,778.1695425006357,0.0007474703,-0.06340687,-0.06729882
1.000713,0.00051104004,0,0.0030310953,48.42579747266086,778.1711405088357,3146,5261.413,2.7512677,618.5852,0.27559462,6576.649,3.3585362,0,,,,,48.42579747266086,0.00072675094,778.1711405088357,0.00074662553,-0.06348215,-0.06740643
1.0005352,0.00051101384,0,0.0030316256,48.42543753802853,778.1694774988663,3147,5260.1943,2.751162,618.79956,0.27545735,6575.481,3.358364,0,,,,,48.42543753802853,0.0007284071,778.1694774988663,0.0007485551,-0.06323234,-0.06715437
1.0003188,0.0005109966,0,0.003032156,48.42584561771585,778.1696059220479,3148,5259.5063,2.7511332,619.7759,0.27516323,6574.0586,3.3582509,0,,,,,48.42584561771585,0.00072756846,778.1696059220479,0.00074768974,-0.06332774,-0.0671377
0.9992403,0.0005109603,0,0.003032686,48.426829246945104,778.1712243087561,3149,5253.306,2.750467,619.11017,0.27524734,6566.9707,3.3580124,0,,,,,48.426829246945104,0.0007287136,778.1712243087561,0.0007487825,-0.063162506,-0.06686638
0.99995416,0.0005110834,0,0.0030332156,48.42643755609386,778.1712928713506,3150,5257.8086,2.7514038,623.3797,0.27533895,6571.662,3.3588214,0,,,,,48.42643755609386,0.0007278897,778.1712928713506,0.0007478609,-0.06306626,-0.06674655
0.9996578,0.00051099545,0,0.0030337453,48.427041835842076,778.170530840914,3151,5256.397,2.7506225,619.1105,0.27543107,6569.7144,3.3582435,0,,,,,48.427041835842076,0.0007273828,778.170530840914,0.0007473463,-0.062683836,-0.06631911
1.0005466,0.0005111524,0,0.0030342746,48.42618863075191,778.1708607627149,3152,5261.735,2.7513187,619.1299,0.2753239,6575.5557,3.3592746,0,,,,,48.42618863075191,0.0007273625,778.1708607627149,0.00074736716,-0.062387645,-0.06592669
0.99964076,0.00051105715,8192,0.0030348036,48.42635256118216,778.1711029092074,3153,5256.804,2.7509866,619.14935,0.2752981,6569.6025,3.358649,8192,,,,,48.42635256118216,0.0007281985,778.1711029092074,0.00074816146,-0.062232267,-0.06573756
1.000744,0.0005111685,0,0.0030353323,48.427295744562414,778.1743106212391,3154,5263.8066,2.7515717,619.1381,0.27561703,6576.853,3.3593807,0,,,,,48.427295744562414,0.0007266917,778.1743106212391,0.0007460886,-0.062060796,-0.06531147
1.0002428,0.0005111659,0,0.0030358608,48.425439480654916,778.1727212872504,3155,5261.564,2.7513475,618.9021,0.27561072,6573.5596,3.3593633,0,,,,,48.425439480654916,0.00072704564,778.1727212872504,0.00074671686,-0.062248547,-0.06564432
1.0003585,0.0005110938,0,0.0030363891,48.425272398155855,778.1710442574188,3156,5261.278,2.751063,618.6475,0.27522853,6574.3193,3.3588898,0,,,,,48.425272398155855,0.0007273293,778.1710442574188,0.0007473857,-0.06243328,-0.06601674
0.9997938,0.0005110333,0,0.003036917,48.4271863196832,778.1715685196018,3157,5259.373,2.751003,618.3959,0.2753568,6570.6084,3.358492,0,,,,,48.4271863196832,0.00072743924,778.1715685196018,0.0007474478,-0.062132984,-0.06574408
0.9986949,0.0005109059,0,0.0030374448,48.42577085381871,778.1702064408402,3158,5252.516,2.7503142,619.4148,0.2755069,6563.386,3.357655,0,,,,,48.42577085381871,0.00072824484,778.1702064408402,0.0007483507,-0.062301606,-0.06600986
1.0013452,0.0005113203,0,0.0030379724,48.42771199169568,778.1718557217772,3159,5267.6855,2.752054,619.26825,0.2754223,6580.8037,3.3603785,0,,,,,48.42771199169568,0.0007265981,778.1718557217772,0.00074649666,-0.06249099,-0.06594548
1.0001618,0.0005111526,0,0.0030384995,48.426654816648096,778.171650431018,3160,5260.475,2.75119,620.01434,0.27516687,6573.027,3.3592763,0,,,,,48.426654816648096,0.0007276031,778.171650431018,0.00074745447,-0.06209779,-0.06562324
0.99946916,0.0005109964,0,0.0030390266,48.42670855561478,778.1712882283584,3161,5256.927,2.7507663,619.0827,0.27535748,6568.4746,3.3582497,0,,,,,48.42670855561478,0.00072748424,778.1712882283584,0.00074748707,-0.06248042,-0.06597166
1.0004315,0.00051120523,0,0.0030395533,48.42692809751675,778.1709001391043,3162,5262.88,2.7515168,619.14606,0.27544302,6574.7993,3.3596222,0,,,,,48.42692809751675,0.00072770583,778.1709001391043,0.00074783544,-0.06167015,-0.06497689
1.0003504,0.00051118695,0,0.00304008,48.42816497650252,778.1718341835326,3163,5262.76,2.751596,620.1536,0.27560818,6574.266,3.359502,0,,,,,48.42816497650252,0.0007280741,778.1718341835326,0.00074800616,-0.061481114,-0.0647003
1.0006163,0.0005111848,0,0.0030406062,48.42585636291991,778.1717898542578,3164,5263.0996,2.7514486,619.60144,0.27535564,6576.0137,3.3594878,0,,,,,48.42585636291991,0.0007274075,778.1717898542578,0.00074720185,-0.061741624,-0.06508152
1.0010487,0.00051127066,0,0.0030411321,48.42743169728945,778.1731940761593,3165,5266.5405,2.7520287,619.6697,0.27536565,6578.855,3.360052,0,,,,,48.42743169728945,0.00072724523,778.1731940761593,0.0007469571,-0.061371055,-0.06441095
1.0001823,0.00051114446,0,0.0030416579,48.427379414764836,778.1733487335541,3166,5262.247,2.751411,619.9292,0.27543658,6573.161,3.3592227,0,,,,,48.427379414764836,0.00072756025,778.1733487335541,0.00074717,-0.061286803,-0.06437655
0.99994487,0.0005111211,0,0.0030421834,48.42617198665235,778.1721132574289,3167,5260.1816,2.7512617,619.4932,0.27519658,6571.601,3.359069,0,,,,,48.42617198665235,0.0007274623,778.1721132574289,0.0007471441,-0.061804447,-0.06552382
1.0000311,0.0005111836,0,0.0030427086,48.426922444604514,778.1724005000314,3168,5261.945,2.7514515,620.5104,0.2752293,6572.168,3.35948,0,,,,,48.426922444604514,0.00072688836,778.1724005000314,0.0007466401,-0.061620604,-0.06494334
0.9994692,0.0005111757,0,0.0030432336,48.42740822354603,778.1720321334085,3169,5259.5654,2.7511811,619.349,0.27558795,6568.475,3.359428,0,,,,,48.42740822354603,0.0007278664,778.1720321334085,0.0007476707,-0.06113646,-0.06427035
1.0019342,0.00051141105,0,0.0030437585,48.43081858150636,778.1725567041249,3170,5273.243,2.7528236,620.03534,0.27551046,6584.6743,3.3609748,0,,,,,48.43081858150636,0.0007265174,778.1725567041249,0.0007459617,-0.060976375,-0.06391899
1.0004431,0.0005112298,0,0.003044283,48.42724257853513,778.1723134353603,3171,5263.663,2.751689,620.26874,0.2754154,6574.8755,3.3597834,0,,,,,48.42724257853513,0.0007276665,778.1723134353603,0.00074750296,-0.061272975,-0.06472962
1.0004401,0.00051120605,0,0.0030448074,48.426004899798556,778.1718669000519,3172,5264.0913,2.7518485,619.4183,0.27538073,6574.856,3.3596275,0,,,,,48.426004899798556,0.0007275294,778.1718669000519,0.0007473002,-0.061536074,-0.06475323
1.0010622,0.0005112575,0,0.0030453315,48.42843002724774,778.1729861907838,3173,5266.484,2.7521799,620.7115,0.27552107,6578.944,3.3599656,0,,,,,48.42843002724774,0.0007268382,778.1729861907838,0.0007465266,-0.06166939,-0.0649467
1.002223,0.00051141833,0,0.003045855,48.42604523179871,778.1745352059248,3174,5273.6553,2.7528543,620.0412,0.27531338,6586.5728,3.3610225,0,,,,,48.42604523179871,0.0007264913,778.1745352059248,0.00074596656,-0.06150236,-0.06486267
0.99980557,0.0005111853,0,0.0030463787,48.42738442181246,778.1730079252739,3175,5260.6597,2.7514353,621.1405,0.2752139,6570.6855,3.359491,0,,,,,48.42738442181246,0.00072806847,778.1730079252739,0.00074768276,-0.06139917,-0.064658865
1.0007255,0.00051128684,0,0.003046902,48.426844552111696,778.17407263745,3176,5265.773,2.7520611,620.3286,0.2754639,6576.7314,3.3601584,0,,,,,48.426844552111696,0.0007266521,778.17407263745,0.00074613484,-0.061376877,-0.064584315
0.99944186,0.00051112165,0,0.003047425,48.42656227495075,778.1735460620619,3177,5259.7573,2.7513611,620.6528,0.27589542,6568.2954,3.359073,0,,,,,48.42656227495075,0.0007278077,778.1735460620619,0.00074741786,-0.06104258,-0.06426643
1.0002786,0.00051123224,0,0.0030479478,48.42860143980426,778.1734667998353,3178,5263.778,2.751911,621.63446,0.27536732,6573.794,3.3597996,0,,,,,48.42860143980426,0.0007280542,778.1734667998353,0.00074778945,-0.060922388,-0.06424545
1.0011536,0.00051144784,0,0.0030484702,48.427620878944694,778.1736416080637,3179,5269.3813,2.752581,621.5177,0.2755035,6579.545,3.3612165,0,,,,,48.427620878944694,0.0007268433,778.1736416080637,0.0007464302,-0.060871094,-0.06396045
1.0020156,0.00051144115,0,0.0030489925,48.42678214800599,778.1746626361409,3180,5273.236,2.7529485,622.11176,0.27546686,6585.2095,3.3611727,0,,,,,48.42678214800599,0.0007258689,778.1746626361409,0.0007451349,-0.060648307,-0.063830994
1.0003346,0.0005113304,0,0.0030495145,48.42681404292191,778.1755385025699,3181,5265.421,2.7523115,623.24963,0.27560356,6574.162,3.3604445,0,,,,,48.42681404292191,0.000726568,778.1755385025699,0.000745858,-0.06048956,-0.06354089
0.9997722,0.00051132723,0,0.0030500363,48.43006620304049,778.1723606965438,3182,5261.674,2.7520308,624.19354,0.27530986,6570.4663,3.3604238,0,,,,,48.43006620304049,0.0007278666,778.1723606965438,0.00074776064,-0.060630757,-0.06379741
1.0005393,0.0005113639,0,0.0030505578,48.42818665772896,778.1741653321403,3183,5266.947,2.7525976,624.34216,0.275371,6575.5073,3.3606648,0,,,,,48.42818665772896,0.0007275089,778.1741653321403,0.0007470762,-0.0605726,-0.063429095
0.9998512,0.00051133125,8192,0.003051079,48.42620628116106,778.175496044154,3184,5263.2495,2.7520308,623.02136,0.27551004,6570.986,3.3604503,8192,,,,,48.42620628116106,0.00072730193,778.175496044154,0.00074657664,-0.06025018,-0.06332282
1.0006989,0.00051136845,0,0.0030516002,48.42870632650773,778.1734549383758,3185,5267.346,2.7525177,623.43713,0.27543625,6576.5566,3.360695,0,,,,,48.42870632650773,0.00072720303,778.1734549383758,0.0007469542,-0.060461245,-0.06375102
1.00069,0.00051138224,8192,0.003052121,48.42644748335775,778.1734478891414,3186,5267.042,2.7524052,622.766,0.2753761,6576.498,3.3607852,8192,,,,,48.42644748335775,0.00072757003,778.1734478891414,0.00074717327,-0.06069212,-0.063866
1.0001745,0.0005113081,0,0.0030526416,48.42737691638035,778.1724601700407,3187,5264.204,2.7521658,623.681,0.2753306,6573.1104,3.360298,0,,,,,48.42737691638035,0.0007273274,778.1724601700407,0.00074709987,-0.06045582,-0.06368974
1.000276,0.0005114042,0,0.0030531618,48.42939543281884,778.1749039923297,3188,5265.2026,2.752212,623.52075,0.27538946,6573.777,3.3609297,0,,,,,48.42939543281884,0.0007273615,778.1749039923297,0.000746784,-0.060320158,-0.06335919
1.0004381,0.00051132496,0,0.003053682,48.42534865722854,778.1721624613034,3189,5264.836,2.7521236,622.0595,0.27564788,6574.8423,3.360409,0,,,,,48.42534865722854,0.0007273332,778.1721624613034,0.0007471277,-0.060547244,-0.06392357
1.0019838,0.00051147805,0,0.0030542016,48.426959347915655,778.1749831684281,3190,5273.8184,2.7530792,622.64954,0.2753376,6585.0005,3.361415,0,,,,,48.426959347915655,0.00072628015,778.1749831684281,0.00074493047,-0.060469788,-0.06376268
1.0005736,0.0005113083,0,0.003054721,48.42742818367677,778.1740194754589,3191,5265.524,2.7520983,621.9344,0.27563405,6575.733,3.3602993,0,,,,,48.42742818367677,0.0007274239,778.1740194754589,0.0007470205,-0.060457435,-0.0639281
1.0004541,0.00051127095,0,0.0030552405,48.42860551971175,778.1748527510817,3192,5266.1523,2.7521293,620.9284,0.27552712,6574.9473,3.3600538,0,,,,,48.42860551971175,0.00072733517,778.1748527510817,0.00074669876,-0.060167372,-0.06337779
1.0001849,0.0005112842,0,0.0030557595,48.42956587871443,778.1730825358171,3193,5264.3096,2.7518065,621.121,0.2753197,6573.1787,3.360141,0,,,,,48.42956587871443,0.00072807365,778.1730825358171,0.0007478219,-0.06017688,-0.063356
1.0002824,0.0005112539,0,0.0030562782,48.429358097662316,778.1768550216577,3194,5265.8496,2.7519772,621.02344,0.27539393,6573.8193,3.3599417,0,,,,,48.429358097662316,0.00072640734,778.1768550216577,0.0007457671,-0.06012702,-0.06321604
1.0008019,0.0005113041,0,0.0030567967,48.428757415257735,778.175542486064,3195,5268.5693,2.75227,619.9203,0.27555582,6577.2334,3.3602722,0,,,,,48.428757415257735,0.00072630023,778.175542486064,0.0007456564,-0.06015746,-0.06324929
1.0011575,0.0005116593,128,0.003057315,48.42795279453026,778.1777974273505,3196,5271.78,2.7538216,620.8227,0.27507958,6579.571,3.3626063,128,,,,,48.42795279453026,0.0007263063,778.1777974273505,0.0007453483,-0.059362885,-0.06197136
1.0003879,0.00051128614,0,0.003057833,48.429551450272655,778.1741673931749,3197,5267.3623,2.7519875,619.761,0.27539566,6574.5127,3.360154,0,,,,,48.429551450272655,0.00072731776,778.1741673931749,0.0007467788,-0.059689093,-0.06256582
1.0005285,0.00051132095,0,0.0030583509,48.42851882148734,778.1746324705389,3198,5267.687,2.7519605,618.9823,0.27556306,6575.4365,3.3603826,0,,,,,48.42851882148734,0.00072726596,778.1746324705389,0.00074659457,-0.059848867,-0.062842116
1.0009637,0.0005113187,0,0.0030588685,48.42969310803818,778.1747929769137,3199,5270.571,2.7523167,619.234,0.2752926,6578.297,3.3603675,0,,,,,48.42969310803818,0.0007265331,778.1747929769137,0.00074599986,-0.059592724,-0.06252711
1.000442,0.0005113051,0,0.0030593856,48.42878544963558,778.1750957088872,3200,5266.9375,2.751919,618.21857,0.2756153,6574.8687,3.3602784,0,,,,,48.42878544963558,0.00072580285,778.1750957088872,0.00074515544,-0.059700593,-0.06273319
1.0005668,0.0005113611,0,0.0030599027,48.429493283491496,778.1745123426188,3201,5269.1987,2.7523925,621.02423,0.2756193,6575.6885,3.3606465,0,,,,,48.429493283491496,0.00072693516,778.1745123426188,0.0007464935,-0.059453584,-0.06225764
0.9996607,0.0005111543,0,0.0030604193,48.42982564504223,778.1758958813795,3202,5263.2153,2.7512329,617.5118,0.27542934,6569.7334,3.3592873,0,,,,,48.42982564504223,0.00072762085,778.1758958813795,0.0007469686,-0.05942058,-0.062587716
1.0002913,0.00051126996,0,0.003060936,48.42972139932714,778.1739889613667,3203,5267.244,2.7519987,618.9402,0.27543727,6573.8784,3.3600473,0,,,,,48.42972139932714,0.00072715513,778.1739889613667,0.0007467335,-0.05948135,-0.062453583
0.9996517,0.0005111293,0,0.0030614522,48.42967626551389,778.1752770851089,3204,5263.3457,2.7512202,617.7116,0.27542,6569.6743,3.3591232,0,,,,,48.42967626551389,0.0007277745,778.1752770851089,0.00074740115,-0.05952474,-0.062581755
1.0000669,0.0005112571,0,0.0030619681,48.42820503211405,778.1740083412278,3205,5266.007,2.7517576,618.4325,0.275333,6572.403,3.359963,0,,,,,48.42820503211405,0.0007276622,778.1740083412278,0.0007472508,-0.059582703,-0.06255541
1.0000422,0.0005112068,0,0.003062484,48.429434880207424,778.174653808858,3206,5265.902,2.7517996,617.9812,0.27567062,6572.2407,3.3596325,0,,,,,48.429434880207424,0.0007283213,778.174653808858,0.0007479456,-0.05921453,-0.062248096
0.9994653,0.0005111805,0,0.0030629996,48.42930820847876,778.1749096774761,3207,5262.8237,2.7514513,618.4186,0.27536207,6568.449,3.3594594,0,,,,,48.42930820847876,0.0007272769,778.1749096774761,0.00074671087,-0.059322886,-0.062291946
1.0001671,0.0005111982,0,0.0030635148,48.42981442037162,778.1750134238642,3208,5266.8374,2.7517784,619.01044,0.27530903,6573.062,3.3595757,0,,,,,48.42981442037162,0.0007276411,778.1750134238642,0.0007469989,-0.05927567,-0.062323168
1.000637,0.00051122584,0,0.0030640299,48.42956199972412,778.1767470986726,3209,5269.4883,2.7520058,616.8978,0.27550355,6576.15,3.3597577,0,,,,,48.42956199972412,0.00072707515,778.1767470986726,0.0007463352,-0.05918239,-0.062124554
1.0005367,0.0005112873,0,0.0030645446,48.42959224263802,778.1758765109819,3210,5269.6685,2.752238,618.582,0.2754709,6575.4907,3.3601615,0,,,,,48.42959224263802,0.00072718976,778.1758765109819,0.00074673153,-0.059114687,-0.061940204
1.0006036,0.0005113597,0,0.003065059,48.42986748572117,778.1739702558973,3211,5269.4775,2.7521358,618.26874,0.27520525,6575.93,3.3606372,0,,,,,48.42986748572117,0.00072735164,778.1739702558973,0.0007469542,-0.059084937,-0.062121335
0.99956447,0.00051082106,0,0.0030655733,48.42895201000068,778.176483275902,3212,5265.91,2.7492502,617.49774,0.27575555,6569.101,3.3570974,0,,,,,48.42895201000068,0.00072750647,778.176483275902,0.00074668427,-0.05865994,-0.06121373
1.0003293,0.0005112009,0,0.0030660874,48.43254307735857,778.1754623345718,3213,5268.4463,2.7518883,617.5319,0.2753065,6574.1274,3.3595936,0,,,,,48.43254307735857,0.00072719844,778.1754623345718,0.00074668357,-0.05893084,-0.061832998
0.9999954,0.0005110309,0,0.003066601,48.43052173575005,778.1756149900472,3214,5267.87,2.7507222,618.0932,0.27526173,6571.933,3.3584764,0,,,,,48.43052173575005,0.0007279316,778.1756149900472,0.000747243,-0.0585233,-0.061504174
0.9993854,0.0005109891,0,0.0030671146,48.429723573331934,778.1747229888895,3215,5263.513,2.750216,617.0966,0.2754138,6567.9243,3.3582015,0,,,,,48.429723573331934,0.0007279572,778.1747229888895,0.00074731506,-0.058901466,-0.061862756
1.0012932,0.0005113522,0,0.0030676278,48.43102659433164,778.1761916555931,3216,5274.366,2.752465,616.76917,0.27556327,6580.462,3.360588,0,,,,,48.43102659433164,0.00072579057,778.1761916555931,0.00074510445,-0.05866516,-0.0616916
1.0004538,0.00051087455,0,0.003068141,48.430657690230575,778.1760512344556,3217,5269.8003,2.7496917,617.3836,0.2752247,6574.9463,3.3574488,0,,,,,48.430657690230575,0.0007276097,778.1760512344556,0.0007467988,-0.058511302,-0.061421555
1.0007018,0.0005109003,0,0.0030686536,48.428119191964115,778.178207865901,3218,5272.143,2.7497168,617.05853,0.2752877,6576.575,3.357618,0,,,,,48.428119191964115,0.00072579685,778.178207865901,0.00074474246,-0.05800064,-0.06027628
1.0014291,0.000511383,0,0.003069166,48.43060894428872,778.1780612010648,3219,5276.027,2.7525892,617.05145,0.27528444,6581.3555,3.3607903,0,,,,,48.43060894428872,0.0007262744,778.1780612010648,0.00074511993,-0.05833624,-0.060667407
1.0003432,0.0005108489,0,0.0030696783,48.43040670516232,778.1759806260778,3220,5269.064,2.7494028,618.73956,0.2752065,6574.219,3.35728,0,,,,,48.43040670516232,0.0007275051,778.1759806260778,0.00074679655,-0.058662,-0.061275512
1.0009767,0.000511079,0,0.0030701903,48.43060840294759,778.1756306901738,3221,5273.544,2.7511747,617.0128,0.2755772,6578.382,3.3587923,0,,,,,48.43060840294759,0.0007263384,778.1756306901738,0.00074563775,-0.05874514,-0.061437234
0.99981576,0.00051084044,0,0.003070702,48.42914794270248,778.1788122625264,3222,5267.4976,2.749327,617.0368,0.27525634,6570.7524,3.3572247,0,,,,,48.42914794270248,0.0007273004,778.1788122625264,0.0007461858,-0.05841714,-0.06094668
1.0006479,0.0005108246,0,0.0030712136,48.42932554002022,778.1767981233011,3223,5272.5635,2.7495823,616.1581,0.27536613,6576.2217,3.3571208,0,,,,,48.42932554002022,0.0007256146,778.1767981233011,0.000744861,-0.05859249,-0.060939755
1.0008848,0.0005113322,0,0.0030717247,48.4303960192285,778.174939083359,3224,5272.1914,2.752271,617.42847,0.27543908,6577.7783,3.3604562,0,,,,,48.4303960192285,0.0007269763,778.174939083359,0.0007465447,-0.059006363,-0.06166585
0.9997971,0.00051105063,0,0.0030722357,48.42948594886755,778.1762908319404,3225,5266.756,2.750477,617.08057,0.27528992,6570.63,3.3586059,0,,,,,48.42948594886755,0.00072770787,778.1762908319404,0.0007470342,-0.058677416,-0.061546244
1.0005251,0.0005107963,0,0.0030727466,48.43014134089545,778.1747708550135,3226,5270.8955,2.749501,616.84937,0.27547327,6575.4146,3.3569348,0,,,,,48.43014134089545,0.00072652247,778.1747708550135,0.00074580376,-0.058472868,-0.06128466
1.0000001,0.0005107911,0,0.003073257,48.431350391169666,778.1747284424032,3227,5267.99,2.749211,616.7037,0.27523118,6571.964,3.3569005,0,,,,,48.431350391169666,0.0007263522,778.1747284424032,0.0007457694,-0.058431637,-0.060991626
1.00036,0.00051082094,8192,0.0030737673,48.42788526039537,778.1759237002757,3228,5270.3066,2.7494862,616.3227,0.27528998,6574.329,3.3570964,8192,,,,,48.42788526039537,0.00072732824,778.1759237002757,0.0007465017,-0.05823699,-0.06079014
1.0005032,0.0005108639,0,0.0030742772,48.43002509451055,778.177300005816,3229,5271.1772,2.749592,616.65173,0.27572948,6575.27,3.3573787,0,,,,,48.43002509451055,0.00072725577,778.177300005816,0.0007462018,-0.057884812,-0.060515698
1.0003548,0.00051078055,0,0.0030747869,48.429463353933365,778.1768574022703,3230,5270.761,2.7495077,617.42615,0.27558714,6574.295,3.356831,0,,,,,48.429463353933365,0.0007265819,778.1768574022703,0.0007455934,-0.058190186,-0.06079029
0.999755,0.0005107225,0,0.0030752963,48.43057828065079,778.1768897866397,3231,5267.244,2.7490225,617.24225,0.27540866,6570.3535,3.3564496,0,,,,,48.43057828065079,0.00072669575,778.1768897866397,0.0007456591,-0.058346063,-0.06084736
1.0017296,0.00051109877,0,0.0030758055,48.43020731319359,778.1768874562188,3232,5278.626,2.7505074,617.5941,0.2752207,6583.33,3.3589222,0,,,,,48.43020731319359,0.000726669,778.1768874562188,0.00074592035,-0.05827525,-0.060658626
0.9993891,0.0005107935,0,0.0030763145,48.431277053872996,778.1760961651671,3233,5266.1953,2.7489593,616.798,0.27530852,6567.9487,3.3569164,0,,,,,48.431277053872996,0.00072709325,778.1760961651671,0.00074636255,-0.05791206,-0.060307443
1.0004894,0.000510929,0,0.0030768232,48.43006128564164,778.177378487441,3234,5273.179,2.7500212,617.8141,0.27545634,6575.179,3.3578064,0,,,,,48.43006128564164,0.0007273347,778.177378487441,0.0007463485,-0.057819985,-0.060034923
0.9995772,0.0005107709,0,0.0030773317,48.42957297289439,778.1769443021926,3235,5268.044,2.749443,616.7351,0.27542546,6569.185,3.3567674,0,,,,,48.42957297289439,0.00072707713,778.1769443021926,0.0007461445,-0.05771602,-0.060080994
0.9991841,0.00051083846,0,0.00307784,48.430542193976635,778.1774179381396,3236,5265.5703,2.7490988,617.1251,0.27547795,6566.601,3.3572118,0,,,,,48.430542193976635,0.00072825793,778.1774179381396,0.0007472983,-0.05772085,-0.059951548
0.9998523,0.00051080954,0,0.0030783478,48.43039775355845,778.1762747133831,3237,5269.37,2.749553,616.5749,0.27583748,6570.9927,3.3570216,0,,,,,48.43039775355845,0.0007266404,778.1762747133831,0.00074583996,-0.058040168,-0.060248572
1.0013255,0.0005109482,0,0.0030788556,48.43045696853593,778.1792717175431,3238,5276.6753,2.750192,616.8836,0.2754426,6580.675,3.3579328,0,,,,,48.43045696853593,0.00072602916,778.1792717175431,0.00074494845,-0.057855822,-0.059928898
1.0018809,0.00051103526,0,0.0030798703,48.43205310786,778.1780336484204,3240,5280.112,2.7505245,616.41,0.2752121,6584.3247,3.358505,0,,,,,48.43205310786,0.0007260712,778.1780336484204,0.00074488827,-0.05735045,-0.059248205
1.0003998,0.0005109298,0,0.0030803771,48.429442954908936,778.1788702245959,3241,5273.6807,2.7499726,617.0738,0.2756408,6574.5913,3.357812,0,,,,,48.429442954908936,0.00072678295,778.1788702245959,0.0007455179,-0.05723658,-0.058714524
1.0012552,0.0005109983,0,0.0030808838,48.43172820669595,778.1802099714797,3242,5277.9443,2.7503514,616.27374,0.2754223,6580.2124,3.3582623,0,,,,,48.43172820669595,0.0007267239,778.1802099714797,0.00074538286,-0.057139065,-0.058659572
1.0009801,0.00051092013,0,0.0030813902,48.43072104443219,778.1790411493416,3243,5275.951,2.7499852,616.17645,0.27532932,6578.405,3.3577485,0,,,,,48.43072104443219,0.0007262241,778.1790411493416,0.00074509653,-0.057547636,-0.05949719
1.0004426,0.0005108895,0,0.0030818963,48.43166306990156,778.1791946158613,3244,5273.682,2.7498255,617.39264,0.2754792,6574.8726,3.357547,0,,,,,48.43166306990156,0.00072696974,778.1791946158613,0.00074568373,-0.057423696,-0.059259545
1.0000647,0.0005108563,0,0.0030824023,48.431381870877246,778.1774718426233,3245,5271.1753,2.7495034,616.32434,0.27540153,6572.3887,3.3573287,0,,,,,48.431381870877246,0.0007265874,778.1774718426233,0.00074570306,-0.057474833,-0.059115414
1.0003394,0.000510886,0,0.003082908,48.43168648098057,778.1798445302616,3246,5273.399,2.7500718,617.7349,0.27541348,6574.194,3.3575244,0,,,,,48.43168648098057,0.00072747486,778.1798445302616,0.0007461241,-0.05695612,-0.05843977
1.0000271,0.0005109231,0,0.0030834135,48.431505623435314,778.1778651177518,3247,5270.2993,2.749447,616.31506,0.27515638,6572.1416,3.3577678,0,,,,,48.431505623435314,0.0007275384,778.1778651177518,0.0007464204,-0.057013653,-0.059027683
1.0007796,0.0005108583,0,0.0030839187,48.431803465253424,778.1803651358507,3248,5274.975,2.750064,616.8184,0.27548656,6577.087,3.357342,0,,,,,48.431803465253424,0.00072586606,778.1803651358507,0.00074472773,-0.057143815,-0.05899255
1.0013357,0.00051103195,0,0.0030844235,48.431139055235064,778.1783529595045,3249,5277.4795,2.7502656,617.10754,0.27538505,6580.742,3.3584833,0,,,,,48.431139055235064,0.0007267558,778.1783529595045,0.00074573216,-0.0570299,-0.058742564
0.99947625,0.0005108212,0,0.0030849283,48.431449689101015,778.1795054901388,3250,5268.7783,2.7494857,616.6423,0.27537072,6568.5215,3.357098,0,,,,,48.431449689101015,0.00072781416,778.1795054901388,0.00074672047,-0.057076413,-0.058765534
0.9995503,0.000510803,0,0.0030854326,48.4316105555341,778.1791836274092,3251,5268.7256,2.7494226,617.2523,0.2755564,6569.008,3.356979,0,,,,,48.4316105555341,0.0007275903,778.1791836274092,0.00074651133,-0.057106994,-0.058645625
1.0004438,0.00051093055,0,0.0030859367,48.43156772020132,778.180099828931,3252,5274.347,2.7502558,619.6438,0.2757699,6574.88,3.3578167,0,,,,,48.43156772020132,0.0007263554,778.180099828931,0.00074498286,-0.056988537,-0.058684617
0.99975777,0.0005108807,0,0.0030864405,48.431295793923,778.1782114732282,3253,5270.5806,2.7495427,616.96576,0.2753546,6570.3716,3.3574893,0,,,,,48.431295793923,0.00072722137,778.1782114732282,0.00074613094,-0.057086594,-0.05864608
0.9999538,0.000510954,0,0.0030869443,48.43040389509319,778.1796367285613,3254,5271.6055,2.7498264,616.72034,0.27558976,6571.6597,3.3579712,0,,,,,48.43040389509319,0.00072735635,778.1796367285613,0.00074611284,-0.057042494,-0.058613945
0.9990692,0.0005108292,0,0.0030874477,48.43168543975786,778.1799230499404,3255,5266.5396,2.7491324,616.483,0.2756154,6565.846,3.3571508,0,,,,,48.43168543975786,0.0007281893,778.1799230499404,0.0007468729,-0.0574568,-0.05901435
0.9994234,0.0005108217,0,0.0030879509,48.43259690669855,778.1782364242595,3256,5268.54,2.74935,617.755,0.27504545,6568.174,3.3571017,0,,,,,48.43259690669855,0.00072779553,778.1782364242595,0.0007467782,-0.056989007,-0.058683988
1.0008873,0.00051102304,0,0.0030884536,48.43024525256671,778.1805684258223,3257,5277.5684,2.7503793,617.6107,0.27519497,6577.7944,3.358425,0,,,,,48.43024525256671,0.00072571693,778.1805684258223,0.00074436754,-0.056841258,-0.05831323
1.0009147,0.0005110152,0,0.0030889562,48.43118075046705,778.1785347069698,3258,5276.223,2.750143,616.55536,0.275448,6577.975,3.358373,0,,,,,48.43118075046705,0.00072567357,778.1785347069698,0.0007441132,-0.056994487,-0.05871311
1.000163,0.00051089335,0,0.0030894587,48.43064585545386,778.1791772198551,3259,5273.73,2.749895,616.9861,0.27530873,6573.034,3.3575726,0,,,,,48.43064585545386,0.00072630314,778.1791772198551,0.00074483297,-0.056889214,-0.058239
1.0006105,0.0005109016,0,0.0030899607,48.43018983309274,778.1795641157661,3260,5275.567,2.7499366,616.31256,0.27532297,6575.9756,3.3576267,0,,,,,48.43018983309274,0.0007266571,778.1795641157661,0.00074548455,-0.056920897,-0.058276203
0.9996579,0.00051082973,0,0.0030904626,48.43078728798085,778.1796184065754,3261,5270.7354,2.749532,616.2389,0.2754989,6569.7153,3.3571541,0,,,,,48.43078728798085,0.00072790775,778.1796184065754,0.0007465953,-0.05704469,-0.05817176
1.0001543,0.000510913,0,0.0030909642,48.4303484738316,778.1793853492153,3262,5274.0522,2.7497902,615.8432,0.27547294,6572.9775,3.3577018,0,,,,,48.4303484738316,0.00072624354,778.1793853492153,0.0007449133,-0.05661512,-0.05786535
1.0001107,0.0005109002,0,0.0030914657,48.43098698558785,778.1789587730223,3263,5273.541,2.7499437,616.31366,0.27531785,6572.6914,3.3576176,0,,,,,48.43098698558785,0.00072779896,778.1789587730223,0.0007466438,-0.05681591,-0.057813164
0.9995422,0.0005108606,0,0.0030919667,48.43205336071015,778.1808304309063,3264,5271.18,2.7495465,616.2893,0.27542207,6568.9546,3.357357,0,,,,,48.43205336071015,0.00072760374,778.1808304309063,0.0007461136,-0.056484774,-0.057903923
1.000542,0.00051102875,0,0.0030924676,48.431586357795716,778.179363838086,3265,5276.091,2.7502475,616.81,0.27538362,6575.5254,3.3584623,0,,,,,48.431586357795716,0.00072768517,778.179363838086,0.0007463928,-0.05672795,-0.057747897
0.99959546,0.00051091355,0,0.0030929681,48.43155310630974,778.1797173047898,3266,5272.4473,2.7497659,615.8554,0.27534506,6569.3047,3.357705,0,,,,,48.43155310630974,0.00072702364,778.1797173047898,0.0007457233,-0.056442566,-0.057726696
0.9997805,0.00051090925,0,0.0030934685,48.43098438695367,778.1804241523087,3267,5272.6367,2.749671,616.01636,0.2753093,6570.5205,3.3576767,0,,,,,48.43098438695367,0.0007273485,778.1804241523087,0.0007460059,-0.05623916,-0.057052597
0.9993324,0.00051080727,0,0.0030939686,48.43214584498896,778.1810427483974,3268,5270.8823,2.749575,617.06085,0.27566808,6567.576,3.3570068,0,,,,,48.43214584498896,0.00072714064,778.1810427483974,0.00074567803,-0.05617986,-0.057216078
0.99972236,0.000510837,0,0.0030944683,48.431546637096666,778.1780527049566,3269,5272.0615,2.7497,616.569,0.27531776,6570.1387,3.357202,0,,,,,48.431546637096666,0.0007269579,778.1780527049566,0.0007458603,-0.056512453,-0.057591308
1.0014188,0.0005110948,0,0.003094968,48.43235141092105,778.1807295281887,3270,5281.675,2.750634,615.7204,0.2756878,6581.2876,3.3588965,0,,,,,48.43235141092105,0.00072607707,778.1807295281887,0.0007446406,-0.055922166,-0.05717481
0.9993014,0.0005107566,0,0.0030954673,48.43269757313846,778.1805517988037,3271,5270.846,2.749435,616.2869,0.27533728,6567.372,3.356674,0,,,,,48.43269757313846,0.00072710245,778.1805517988037,0.0007456827,-0.056137692,-0.057045933
1.0009978,0.0005109433,0,0.0030959663,48.43268963570402,778.1810581579529,3272,5279.4175,2.7503476,616.0509,0.27526173,6578.5205,3.3579006,0,,,,,48.43268963570402,0.0007266945,778.1810581579529,0.0007452769,-0.055934347,-0.056986015
0.99942666,0.0005108098,0,0.003096465,48.43182391036424,778.1806763747359,3273,5271.753,2.7496042,616.543,0.27516106,6568.1953,3.3570235,0,,,,,48.43182391036424,0.0007277513,778.1806763747359,0.0007463934,-0.055764593,-0.056796804
1.0002784,0.0005109601,0,0.0030969637,48.43286354426164,778.1815066454499,3274,5275.5156,2.7501504,616.13715,0.27528015,6573.793,3.3580112,0,,,,,48.43286354426164,0.0007267353,778.1815066454499,0.00074519415,-0.056070045,-0.056737814
0.99947673,0.00051087566,0,0.003097462,48.433447963559566,778.1801727711154,3275,5271.9272,2.7496653,616.18463,0.27555174,6568.5244,3.3574562,0,,,,,48.433447963559566,0.0007276427,778.1801727711154,0.0007463831,-0.05600006,-0.0568267
0.99999547,0.0005109918,0,0.00309796,48.433177588197246,778.1807068375322,3276,5274.5728,2.7500305,616.58875,0.2756353,6571.9336,3.3582194,0,,,,,48.433177588197246,0.00072709617,778.1807068375322,0.00074563385,-0.055820376,-0.056658093
0.9996869,0.0005108349,0,0.0030984578,48.43266497445388,778.1817771697122,3277,5273.888,2.7497563,615.53156,0.27556196,6569.906,3.3571882,0,,,,,48.43266497445388,0.00072682,778.1817771697122,0.0007450939,-0.05571838,-0.05614509
1.0011123,0.0005110882,0,0.0030989554,48.4333640020227,778.1816700737902,3278,5281.3813,2.7506285,615.5371,0.275428,6579.2734,3.3588529,0,,,,,48.4333640020227,0.0007263482,778.1816700737902,0.00074474554,-0.055877376,-0.05637368
1.0001863,0.000510948,0,0.0030994527,48.431923916540896,778.1809392104897,3279,5276.1245,2.7501075,616.409,0.2753245,6573.188,3.3579316,0,,,,,48.431923916540896,0.000727345,778.1809392104897,0.00074587314,-0.05579813,-0.056450248
0.9998167,0.0005109651,0,0.0030999496,48.4322881607579,778.1835376240014,3280,5275.358,2.7501607,616.3276,0.2754567,6570.759,3.3580441,0,,,,,48.4322881607579,0.000726699,778.1835376240014,0.00074488926,-0.055452798,-0.055492595
1.0002344,0.000511028,0,0.0031004464,48.430261466897605,778.1828372376226,3281,5276.837,2.7502868,616.1138,0.27530316,6573.5034,3.3584573,0,,,,,48.430261466897605,0.0007268684,778.1828372376226,0.0007450781,-0.055658173,-0.055759218
1.0004007,0.00051095354,0,0.0031009428,48.431947219359586,778.183319276215,3282,5278.34,2.7503116,616.06396,0.27540183,6574.596,3.357968,0,,,,,48.431947219359586,0.0007266259,778.183319276215,0.0007448954,-0.055685516,-0.055958036
0.9995521,0.00051090465,0,0.0031014392,48.432726622236856,778.1801196326489,3283,5272.8438,2.7498446,616.3934,0.27549288,6569.0195,3.3576465,0,,,,,48.432726622236856,0.0007270919,778.1801196326489,0.00074579794,-0.05581074,-0.055962127
0.9995985,0.0005109289,0,0.0031019351,48.430238726542356,778.1818086038321,3284,5274.366,2.750005,616.34283,0.27587417,6569.3247,3.357806,0,,,,,48.430238726542356,0.00072710303,778.1818086038321,0.00074553594,-0.05550453,-0.055535126
1.0008299,0.0005109799,0,0.0031024308,48.433142997821044,778.1815624278557,3285,5280.63,2.750655,616.5089,0.2752619,6577.418,3.3581412,0,,,,,48.433142997821044,0.0007258855,778.1815624278557,0.0007443968,-0.055488154,-0.05556698
0.9994172,0.0005109107,0,0.0031029263,48.433132856156064,778.1813444349461,3286,5273.449,2.7498465,616.252,0.27520552,6568.1333,3.3576863,0,,,,,48.433132856156064,0.00072771724,778.1813444349461,0.00074618537,-0.055429537,-0.055441555
0.9996117,0.00051095436,0,0.0031034215,48.43361708724072,778.18316038525,3287,5274.9785,2.7502465,616.7397,0.27526563,6569.411,3.3579733,0,,,,,48.43361708724072,0.00072865584,778.18316038525,0.00074692565,-0.05541382,-0.055478856
1.0007852,0.0005110504,0,0.0031039165,48.43298924834515,778.1825450894491,3288,5280.8135,2.750478,616.0135,0.27506936,6577.124,3.3586047,0,,,,,48.43298924834515,0.0007265966,778.1825450894491,0.00074484944,-0.05543474,-0.05536671
0.99913293,0.00051083363,0,0.0031049058,48.432516614123685,778.1822977594616,3290,5271.7754,2.7494593,615.6199,0.27517474,6566.265,3.3571799,0,,,,,48.432516614123685,0.0007270169,778.1822977594616,0.00074529916,-0.055147246,-0.05534227
1.0012702,0.00051108724,0,0.0031054,48.436808561006956,778.1808977253904,3291,5283.682,2.750912,615.4246,0.2756507,6580.311,3.3588467,0,,,,,48.436808561006956,0.0007254056,778.1808977253904,0.00074393686,-0.0556231,-0.0553635
1.0000128,0.0005110178,0,0.003105894,48.43283279046936,778.1823444156589,3292,5275.708,2.7500625,616.05725,0.27512538,6572.0474,3.3583903,0,,,,,48.43283279046936,0.0007262054,778.1823444156589,0.00074448524,-0.055471458,-0.055761486
1.0005215,0.0005110286,0,0.0031063876,48.43362110881087,778.1823113033076,3293,5279.48,2.750543,616.16315,0.27540097,6575.3906,3.358461,0,,,,,48.43362110881087,0.0007270722,778.1823113033076,0.000745503,-0.05496602,-0.05531049
1.0005708,0.0005110307,0,0.0031068812,48.430621221461244,778.1812463364887,3294,5279.6753,2.7506218,616.18774,0.27540788,6575.7144,3.3584752,0,,,,,48.430621221461244,0.0007267162,778.1812463364887,0.0007451316,-0.055059202,-0.05516366
1.0003922,0.0005109612,0,0.0031073743,48.43287838089502,778.1834270367203,3295,5278.2915,2.7501738,615.42334,0.27530655,6574.541,3.3580184,0,,,,,48.43287838089502,0.00072653976,778.1834270367203,0.0007447236,-0.054982673,-0.05519126
0.9987879,0.0005109082,0,0.0031078672,48.432799837546725,778.1829716679613,3296,5270.3594,2.749674,616.46875,0.2753491,6563.9976,3.3576698,0,,,,,48.432799837546725,0.0007271268,778.1829716679613,0.0007453263,-0.05524649,-0.05539731
1.0007198,0.0005110682,0,0.0031083599,48.433487678909174,778.1816804152556,3297,5279.544,2.7503285,615.6284,0.27515164,6576.694,3.3587217,0,,,,,48.433487678909174,0.00072645873,778.1816804152556,0.0007448576,-0.055326767,-0.055847157
1.0006508,0.0005111182,0,0.0031088523,48.43243482475748,778.1824122430504,3298,5280.0757,2.7505906,616.3417,0.2751344,6576.24,3.3590503,0,,,,,48.43243482475748,0.0007264755,778.1824122430504,0.0007448514,-0.055528887,-0.055587243
0.9994545,0.00051086757,0,0.0031093445,48.4330361593899,778.1821270419675,3299,5273.5547,2.7497652,616.5853,0.27516574,6568.3784,3.357403,0,,,,,48.4330361593899,0.0007277104,778.1821270419675,0.00074605306,-0.05512733,-0.055353515
0.9996754,0.0005109587,0,0.0031098363,48.43360588599286,778.1821034709897,3300,5275.557,2.7501378,616.47876,0.27531242,6569.83,3.3580022,0,,,,,48.43360588599286,0.00072785706,778.1821034709897,0.00074623816,-0.055167772,-0.05487415
0.99984896,0.0005108986,0,0.003110328,48.43386077053356,778.1832937769509,3301,5276.627,2.75021,615.95575,0.2754444,6570.9707,3.357607,0,,,,,48.43386077053356,0.00072645576,778.1832937769509,0.0007446368,-0.05506099,-0.0546944
0.99955493,0.00051093195,0,0.0031108195,48.43351536387478,778.1835077003396,3302,5274.79,2.7499466,616.6773,0.27548742,6569.0386,3.357826,0,,,,,48.43351536387478,0.000727243,778.1835077003396,0.00074541935,-0.05484988,-0.05462491
0.9999125,0.0005110123,0,0.0031113105,48.43263624429562,778.1831345712696,3303,5276.9937,2.7501695,615.76404,0.27531624,6571.388,3.3583539,0,,,,,48.43263624429562,0.0007268377,778.1831345712696,0.0007450507,-0.05489014,-0.054555357
1.0000433,0.0005110279,0,0.0031118013,48.43525224959233,778.1850933327355,3304,5277.5493,2.7502658,615.5347,0.27527916,6572.248,3.3584566,0,,,,,48.43525224959233,0.0007264618,778.1850933327355,0.00074513024,-0.054748986,-0.05422451
1.0003426,0.00051098387,0,0.003112292,48.43412298658676,778.1830207086659,3305,5280.161,2.7505524,615.89496,0.27531582,6574.2153,3.3581674,0,,,,,48.43412298658676,0.0007270513,778.1830207086659,0.00074529886,-0.054511875,-0.054221127
1.0002462,0.0005110198,0,0.0031127825,48.43483767371973,778.1832629528162,3306,5279.1553,2.7504017,616.038,0.2752402,6573.5815,3.3584034,0,,,,,48.43483767371973,0.0007267333,778.1832629528162,0.00074500166,-0.05460811,-0.05414173
1.0000876,0.00051099487,0,0.0031132726,48.43443365805178,778.1849885896606,3307,5279.344,2.7505603,616.2052,0.27556288,6572.539,3.3582397,0,,,,,48.43443365805178,0.00072643574,778.1849885896606,0.00074442395,-0.05446747,-0.053866155
1.0003567,0.00051108265,0,0.0031137622,48.433804105253685,778.184302495153,3308,5280.615,2.7506301,615.72955,0.27539784,6574.3076,3.3588166,0,,,,,48.433804105253685,0.00072656694,778.184302495153,0.0007444945,-0.054428704,-0.053813122
0.99931365,0.00051093486,0,0.003114252,48.43360910066128,778.1861222689456,3309,5275.058,2.7500844,616.0922,0.27549183,6567.4526,3.3578453,0,,,,,48.43360910066128,0.00072650507,778.1861222689456,0.00074443157,-0.05442973,-0.053660356
1.000652,0.00051101914,0,0.0031147413,48.43346606082872,778.1852581629038,3310,5282.8496,2.750767,615.8117,0.27531844,6576.248,3.358399,0,,,,,48.43346606082872,0.0007260562,778.1852581629038,0.0007438371,-0.05447693,-0.053565297
1.0005606,0.0005110701,0,0.0031152302,48.433934297060375,778.1842710385066,3311,5280.889,2.7506566,616.15204,0.27545756,6575.648,3.3587337,0,,,,,48.433934297060375,0.0007262425,778.1842710385066,0.0007442659,-0.054660767,-0.05381635
0.9997574,0.00051099324,0,0.0031157192,48.434503170377624,778.1837245766319,3312,5277.7217,2.7503166,615.43195,0.27563834,6570.369,3.3582287,0,,,,,48.434503170377624,0.0007273506,778.1837245766319,0.00074544596,-0.054460447,-0.053657457
0.9997721,0.00051102566,0,0.0031162077,48.43329142485184,778.1846812130862,3313,5276.7515,2.7502,615.6089,0.27519074,6570.4653,3.3584418,0,,,,,48.43329142485184,0.0007268538,778.1846812130862,0.00074484816,-0.054352436,-0.053488523
1.0005983,0.0005110982,0,0.0031166961,48.43348357183507,778.1848253613664,3314,5283.023,2.7509081,615.9109,0.27541098,6575.8955,3.3589187,0,,,,,48.43348357183507,0.0007269308,778.1848253613664,0.0007448593,-0.05391524,-0.052951742
1.0006678,0.0005111012,0,0.0031171842,48.43356671725772,778.1846843557138,3315,5282.2236,2.7507393,615.9059,0.27515212,6576.352,3.3589385,0,,,,,48.43356671725772,0.0007266223,778.1846843557138,0.00074454123,-0.053956278,-0.05344816
0.99931544,0.00051089516,0,0.003117672,48.43532457749895,778.1842446869362,3316,5275.955,2.750073,616.0815,0.27544674,6567.4644,3.3575842,0,,,,,48.43532457749895,0.00072747597,778.1842446869362,0.0007456175,-0.05420378,-0.053210285
1.0007551,0.0005111105,0,0.0031181595,48.43378260136193,778.1837780364361,3317,5283.825,2.7508962,615.7894,0.2753619,6576.9253,3.3589995,0,,,,,48.43378260136193,0.00072622334,778.1837780364361,0.0007443653,-0.053874936,-0.053332217
1.0009655,0.00051115674,0,0.0031186468,48.43331044507654,778.1844028282105,3318,5284.9023,2.7509832,615.39795,0.2753757,6578.3086,3.3593032,0,,,,,48.43331044507654,0.00072598225,778.1844028282105,0.0007439906,-0.05385835,-0.05327631
1.0005975,0.0005110282,0,0.0031191336,48.43562123627504,778.1847940533919,3319,5283.864,2.75088,615.7968,0.27537155,6575.8896,3.3584588,0,,,,,48.43562123627504,0.00072644826,778.1847940533919,0.000744526,-0.05380215,-0.053513795
0.9997965,0.000511055,8192,0.0031196205,48.433762882823146,778.1851513903334,3320,5278.6323,2.7504025,615.70154,0.27554283,6570.626,3.3586347,8192,,,,,48.433762882823146,0.00072654,778.1851513903334,0.000744284,-0.05373626,-0.053343996
0.99984634,0.0005110396,0,0.0031201069,48.43247060990855,778.1850304419415,3321,5279.406,2.7505064,616.3417,0.2753579,6570.9536,3.3585334,0,,,,,48.43247060990855,0.0007272893,778.1850304419415,0.00074519636,-0.053763486,-0.053103663
0.9991833,0.00051100145,0,0.0031205933,48.4332716854926,778.1843016356058,3322,5275.8223,2.7500823,616.04663,0.27537015,6566.596,3.3582828,0,,,,,48.4332716854926,0.00072789384,778.1843016356058,0.00074603356,-0.053722564,-0.05315118
0.9998878,0.00051100244,0,0.0031210792,48.435043630025106,778.1842094162564,3323,5279.768,2.7503858,615.52606,0.2752321,6571.226,3.3582892,0,,,,,48.435043630025106,0.0007266923,778.1842094162564,0.0007446966,-0.05341939,-0.05306619
0.9997046,0.00051105313,0,0.0031215649,48.434456591401805,778.1848156208364,3324,5278.959,2.7504127,615.2601,0.27535877,6570.022,3.3586226,0,,,,,48.434456591401805,0.00072681,778.1848156208364,0.00074484694,-0.05342608,-0.0528841
1.0001694,0.0005111342,0,0.0031220505,48.43545445538089,778.1832302577882,3325,5281.3525,2.7507184,614.9908,0.2750337,6573.0767,3.3591552,0,,,,,48.43545445538089,0.0007272648,778.1832302577882,0.00074558024,-0.0533818,-0.052897017
0.99941593,0.0005109611,0,0.0031225355,48.434452351426806,778.1838488595873,3326,5278.1255,2.7502565,615.29346,0.27552077,6568.125,3.3580177,0,,,,,48.434452351426806,0.00072770694,778.1838488595873,0.00074576813,-0.053351518,-0.05265788
0.99975777,0.00051105104,0,0.0031230205,48.43386351847254,778.1864541946234,3327,5279.245,2.750396,615.0767,0.27550024,6570.3716,3.3586087,0,,,,,48.43386351847254,0.00072737015,778.1864541946234,0.0007451552,-0.053291284,-0.052487098
0.9999868,0.0005109861,0,0.0031235053,48.434469680194105,778.1864266811938,3328,5281.6357,2.7505727,615.67487,0.27523425,6571.877,3.3581817,0,,,,,48.434469680194105,0.0007270348,778.1864266811938,0.00074484205,-0.05324779,-0.052041765
1.0002371,0.0005111731,0,0.0031239898,48.43529093495539,778.1850103346667,3329,5281.7554,2.750686,615.49524,0.27549526,6573.5215,3.3594108,0,,,,,48.43529093495539,0.00072672253,778.1850103346667,0.0007445687,-0.0533029,-0.05260508
0.99997944,0.0005110407,0,0.0031244738,48.43317300057099,778.1832158420673,3330,5280.717,2.7506752,616.1249,0.27528653,6571.828,3.3585405,0,,,,,48.43317300057099,0.0007267757,778.1832158420673,0.0007449876,-0.053229246,-0.052498505
0.99987036,0.00051098753,0,0.003124958,48.43644959102103,778.1851151352572,3331,5280.7124,2.750525,615.4992,0.27537823,6571.1113,3.3581915,0,,,,,48.43644959102103,0.0007260448,778.1851151352572,0.00074401154,-0.053147063,-0.052229267
0.99949515,0.00051097205,0,0.0031254415,48.4345262655568,778.1848237543389,3332,5277.833,2.7501884,616.0986,0.2753021,6568.6455,3.3580894,0,,,,,48.4345262655568,0.00072732026,778.1848237543389,0.00074513955,-0.053156253,-0.052374944
0.99960035,0.00051100797,0,0.0031259248,48.43670991616808,778.1852460537681,3333,5279.262,2.750346,615.427,0.27512518,6569.337,3.3583257,0,,,,,48.43670991616808,0.0007267885,778.1852460537681,0.00074483076,-0.052954454,-0.05219003
0.9993363,0.00051102374,0,0.0031264082,48.43520111374188,778.1849447622754,3334,5277.0806,2.750234,615.27594,0.27534398,6567.6016,3.3584294,0,,,,,48.43520111374188,0.0007268916,778.1849447622754,0.0007449202,-0.053104382,-0.05234496
0.99910945,0.0005108869,0,0.003126891,48.43454047727766,778.1857294772935,3335,5277.2676,2.7501183,614.9432,0.27551317,6566.111,3.35753,0,,,,,48.43454047727766,0.00072704535,778.1857294772935,0.00074510946,-0.05315962,-0.05196156
1.0000347,0.00051105756,0,0.0031273738,48.43492223754714,778.1856063489101,3336,5281.3394,2.7506497,615.90424,0.2753308,6572.1914,3.3586516,0,,,,,48.43492223754714,0.0007264413,778.1856063489101,0.0007444521,-0.053000398,-0.052319348
0.99966645,0.0005110397,0,0.003127856,48.43508810991645,778.1850571251462,3337,5280.2217,2.7504842,615.42365,0.27524385,6569.7715,3.358534,0,,,,,48.43508810991645,0.0007271712,778.1850571251462,0.000745149,-0.052942947,-0.051957313
0.9997258,0.00051107025,0,0.0031283381,48.43468726736718,778.1850746387973,3338,5280.04,2.7507272,615.93744,0.2754064,6570.1616,3.3587348,0,,,,,48.43468726736718,0.00072828255,778.1850746387973,0.0007461938,-0.0530335,-0.051868115
1.0025059,0.0005113687,0,0.00312882,48.43612708285817,778.1858879626557,3339,5294.2266,2.75213,615.7617,0.27519715,6588.432,3.3606963,0,,,,,48.43612708285817,0.0007252428,778.1858879626557,0.0007431665,-0.05309671,-0.051808603
0.9998329,0.00051103596,0,0.0031293016,48.4349347133291,778.1865644188504,3340,5280.8574,2.750709,616.4716,0.2753331,6570.865,3.3585098,0,,,,,48.4349347133291,0.0007271537,778.1865644188504,0.00074483786,-0.052977033,-0.05146856
0.9994376,0.00051101437,0,0.0031297829,48.43544975783129,778.1864917718877,3341,5277.961,2.7503514,615.9987,0.27542055,6568.267,3.3583677,0,,,,,48.43544975783129,0.0007268443,778.1864917718877,0.0007446889,-0.053370528,-0.05150017
1.0000162,0.0005110432,0,0.003130264,48.43517140978247,778.1859508813905,3342,5282.037,2.750783,615.6362,0.2755106,6572.0703,3.3585572,0,,,,,48.43517140978247,0.000726319,778.1859508813905,0.0007441807,-0.053154685,-0.05120565
1.000516,0.0005110618,0,0.003130745,48.43546160564526,778.1867772229654,3343,5284.283,2.7509658,615.1291,0.2750976,6575.355,3.3586793,0,,,,,48.43546160564526,0.000725909,778.1867772229654,0.0007436208,-0.0530556,-0.051163837
1.0008934,0.0005111119,0,0.0031312255,48.436385271471444,778.1880880309861,3344,5288.153,2.7513993,615.4594,0.27559862,6577.8345,3.3590088,0,,,,,48.436385271471444,0.0007253039,778.1880880309861,0.0007426196,-0.052603334,-0.050480198
0.9996326,0.00051106705,0,0.0031317058,48.435625539829715,778.1859545044023,3345,5280.9663,2.7506802,616.76025,0.27538252,6569.549,3.3587139,0,,,,,48.435625539829715,0.000727198,778.1859545044023,0.0007449975,-0.052539416,-0.050524715
0.9999134,0.0005110929,0,0.0031321857,48.43430612811037,778.1864636668956,3346,5282.942,2.7508445,615.1258,0.27528265,6571.394,3.3588839,0,,,,,48.43430612811037,0.0007259407,778.1864636668956,0.00074360275,-0.052644003,-0.050861478
1.000238,0.0005110446,0,0.0031326655,48.43584042687023,778.1859415007943,3347,5284.572,2.7510984,615.4938,0.2755224,6573.527,3.3585663,0,,,,,48.43584042687023,0.00072681264,778.1859415007943,0.0007445737,-0.05271027,-0.050918557
0.9995202,0.0005110477,0,0.0031331452,48.43408609743081,778.1874420470206,3348,5279.9766,2.7506282,615.96533,0.2754133,6568.81,3.358587,0,,,,,48.43408609743081,0.0007276601,778.1874420470206,0.0007450893,-0.05270457,-0.050901614
1.0000129,0.0005110611,0,0.0031336243,48.43489869104315,778.186750724512,3349,5283.736,2.7509708,615.54156,0.27535465,6572.048,3.3586748,0,,,,,48.43489869104315,0.00072658615,778.186750724512,0.00074421254,-0.052723713,-0.050706293
1.0002394,0.0005110604,8192,0.0031341035,48.43585206561059,778.1869099120775,3350,5283.8203,2.7509367,615.2627,0.27537602,6573.5366,3.3586705,8192,,,,,48.43585206561059,0.00072634435,778.1869099120775,0.00074401277,-0.05251158,-0.05086699
1.0007632,0.00051112316,0,0.0031345822,48.43599159790939,778.1881162724624,3351,5287.2905,2.7512932,615.2913,0.27545986,6576.979,3.3590827,0,,,,,48.43599159790939,0.00072603236,778.1881162724624,0.00074352784,-0.052774433,-0.050535217
1.0015614,0.00051129784,0,0.0031350607,48.43512264270544,778.1870166122421,3352,5292.164,2.751798,615.5484,0.27529937,6582.225,3.3602307,0,,,,,48.43512264270544,0.0007260472,778.1870166122421,0.0007436901,-0.052454673,-0.049800675
1.0008794,0.0005112314,0,0.003135539,48.435147660017606,778.1863441490501,3353,5288.073,2.7514029,615.6728,0.27516115,6577.743,3.3597944,0,,,,,48.435147660017606,0.0007264598,778.1863441490501,0.00074422744,-0.052280627,-0.05033014
0.9995648,0.0005110111,0,0.003136017,48.43495750063889,778.187606488625,3354,5281.039,2.7507105,615.60345,0.27512708,6569.1035,3.3583465,0,,,,,48.43495750063889,0.0007276004,778.187606488625,0.0007451065,-0.05247947,-0.0503834
0.9999201,0.00051111483,0,0.0031364947,48.43568079890984,778.1873613802727,3355,5283.1816,2.75086,615.7912,0.2753989,6571.4385,3.359028,0,,,,,48.43568079890984,0.00072751736,778.1873613802727,0.0007452319,-0.05224491,-0.05008607
1.0004925,0.00051116914,0,0.003136972,48.43671597754349,778.1885764871731,3356,5287.0786,2.7511783,614.9542,0.27540547,6575.1997,3.359385,0,,,,,48.43671597754349,0.00072642684,778.1885764871731,0.00074391736,-0.05241823,-0.050083384
0.99891895,0.0005110105,0,0.0031374493,48.4353372163412,778.1873133159895,3357,5277.8296,2.7502632,616.52203,0.27523175,6564.859,3.3583424,0,,,,,48.4353372163412,0.0007273814,778.1873133159895,0.00074495707,-0.052434515,-0.050321147
0.99979615,0.0005111221,0,0.003137926,48.43511449520216,778.188518929,3358,5283.3765,2.7506452,615.0284,0.27520052,6570.6235,3.3590758,0,,,,,48.43511449520216,0.00072679133,778.188518929,0.0007442913,-0.052187677,-0.049872775
0.9987725,0.00051103614,0,0.003138403,48.43728911151477,778.187619750564,3359,5277.5176,2.750392,615.3083,0.2754275,6563.8965,3.3585107,0,,,,,48.43728911151477,0.00072697195,778.187619750564,0.0007447314,-0.052243378,-0.05025219
0.99992675,0.00051101105,0,0.0031388793,48.436330558612454,778.1862449812095,3360,5283.4346,2.7508404,615.37695,0.27536786,6571.482,3.3583457,0,,,,,48.436330558612454,0.00072709564,778.1862449812095,0.00074491824,-0.0523763,-0.050425902
0.99936265,0.00051108876,0,0.0031393555,48.43544360766837,778.1867463905918,3361,5280.842,2.7507532,615.513,0.27568337,6567.775,3.3588564,0,,,,,48.43544360766837,0.00072772795,778.1867463905918,0.00074552966,-0.05234099,-0.04971686
1.0068815,0.00051351724,2176,0.0031398314,48.43470293102547,778.1872257113093,3362,5320.577,2.7640913,615.1778,0.27555785,6617.1885,3.3748164,2176,,,,,48.43470293102547,0.00072279177,778.1872257113093,0.0007394179,-0.05244023,-0.04981031
0.99977475,0.0005111295,0,0.003140307,48.436060637806214,778.1876141168852,3363,5282.627,2.7508714,615.8554,0.27513522,6570.483,3.3591244,0,,,,,48.436060637806214,0.000726832,778.1876141168852,0.0007444239,-0.052276485,-0.04973343
1.000508,0.00051115075,0,0.0031407822,48.435580656046554,778.1879937291001,3364,5285.744,2.7510686,615.46387,0.27530056,6575.3013,3.359264,0,,,,,48.435580656046554,0.0007268347,778.1879937291001,0.0007444472,-0.05227736,-0.050150093
0.9995218,0.00051101914,0,0.0031412574,48.43590068574666,778.1883792926267,3365,5281.1987,2.750581,615.53406,0.2754517,6568.821,3.358399,0,,,,,48.43590068574666,0.0007273784,778.1883792926267,0.0007448769,-0.05231155,-0.04982294
1.0001731,0.000511105,0,0.0031417324,48.43568229168682,778.188152062902,3366,5284.6074,2.7509825,615.5329,0.27521348,6573.101,3.3589633,0,,,,,48.43568229168682,0.0007269123,778.188152062902,0.0007444087,-0.052285355,-0.04999312
0.99973667,0.0005110047,0,0.003142207,48.4352013681404,778.1876678514891,3367,5282.3403,2.7505858,614.5791,0.2752091,6570.233,3.358304,0,,,,,48.4352013681404,0.0007266546,778.1876678514891,0.0007442558,-0.05214274,-0.04997681
0.99990225,0.00051114673,0,0.0031426812,48.43621847153215,778.1880002743385,3368,5284.5234,2.7510552,616.33325,0.27530897,6571.321,3.3592374,0,,,,,48.43621847153215,0.0007269752,778.1880002743385,0.00074453873,-0.05191587,-0.049546633
1.0000125,0.00051115156,0,0.0031431552,48.4368302696914,778.1878580739467,3369,5284.476,2.7508774,615.50824,0.2751391,6572.0454,3.3592694,0,,,,,48.4368302696914,0.00072694645,778.1878580739467,0.0007444717,-0.051993877,-0.049874783
0.9998725,0.0005110794,0,0.003143629,48.43704299269352,778.1865958534601,3370,5284.8906,2.7509556,614.7359,0.27519873,6571.1255,3.358795,0,,,,,48.43704299269352,0.0007270015,778.1865958534601,0.0007448146,-0.051839612,-0.04966366
0.99901056,0.00051102473,0,0.0031441026,48.43745601592514,778.1869236824894,3371,5279.7383,2.7504969,615.5382,0.27535242,6565.461,3.3584359,0,,,,,48.43745601592514,0.000728484,778.1869236824894,0.00074627786,-0.051909916,-0.049804293
1.0002947,0.00051118515,0,0.003144576,48.43414637180085,778.1882294534443,3372,5287.6675,2.751368,615.6181,0.2755243,6573.9,3.3594902,0,,,,,48.43414637180085,0.00072529126,778.1882294534443,0.00074251846,-0.051750258,-0.049286265
0.9988605,0.0005110312,0,0.003145049,48.436563822941736,778.1874635676095,3373,5279.052,2.7503529,615.8309,0.27529326,6564.4746,3.3584783,0,,,,,48.436563822941736,0.0007276261,778.1874635676095,0.0007453251,-0.05184065,-0.04969503
0.99942636,0.0005110987,0,0.0031455217,48.43786471613106,778.188416186644,3374,5282.1646,2.7507122,615.9719,0.27502808,6568.1934,3.358922,0,,,,,48.43786471613106,0.000726813,778.188416186644,0.00074425875,-0.05182348,-0.04939123
0.99955356,0.000511062,0,0.0031459944,48.4360006206782,778.1888635808265,3375,5283.737,2.7507958,614.72,0.27551466,6569.0293,3.3586807,0,,,,,48.4360006206782,0.00072688336,778.1888635808265,0.0007442327,-0.051807377,-0.04926137
0.99952865,0.00051111326,0,0.0031464666,48.43566913670058,778.186749736806,3376,5282.517,2.750847,615.41284,0.27529892,6568.8657,3.3590176,0,,,,,48.43566913670058,0.0007274701,778.186749736806,0.0007451959,-0.051728494,-0.049359404
0.9998406,0.0005111115,0,0.0031469385,48.43667037515138,778.1890867901784,3377,5284.8403,2.7510622,615.2592,0.27551535,6570.916,3.3590062,0,,,,,48.43667037515138,0.0007270014,778.1890867901784,0.0007443656,-0.0519063,-0.04921641
0.99972945,0.0005111325,0,0.0031474105,48.43639921480555,778.1878735001083,3378,5283.7637,2.750957,616.2788,0.27491215,6570.1855,3.3591437,0,,,,,48.43639921480555,0.0007275248,778.1878735001083,0.00074510946,-0.051805533,-0.04940579
0.99993885,0.0005111736,0,0.003147882,48.43545027301464,778.1894133469325,3379,5285.309,2.7512043,615.44476,0.27521476,6571.5615,3.3594143,0,,,,,48.43545027301464,0.0007260004,778.1894133469325,0.000743409,-0.05155488,-0.049083363
0.9990768,0.00051103195,0,0.003148353,48.435727464573745,778.187841555933,3380,5280.3203,2.7505639,616.6771,0.27510345,6565.896,3.3584833,0,,,,,48.435727464573745,0.0007270548,778.187841555933,0.00074459997,-0.052067075,-0.049344063
0.9993632,0.0005110806,0,0.003148824,48.43853158285742,778.1892554433872,3381,5281.923,2.750714,615.6463,0.27530217,6567.7783,3.358803,0,,,,,48.43853158285742,0.00072694,778.1892554433872,0.00074441265,-0.051561173,-0.048897192
0.99942285,0.000511039,0,0.0031492948,48.435937147889675,778.1877973492078,3382,5282.944,2.750981,615.8452,0.2752667,6568.1704,3.3585296,0,,,,,48.435937147889675,0.0007275311,778.1877973492078,0.00074502156,-0.05155164,-0.04905003
1.0002143,0.0005111607,0,0.003149765,48.43710061910526,778.1902772158195,3383,5286.6885,2.751437,616.1732,0.2753631,6573.372,3.3593295,0,,,,,48.43710061910526,0.0007261992,778.1902772158195,0.0007435608,-0.051349957,-0.04896464
0.9999607,0.00051111425,0,0.0031502354,48.43467233638129,778.1891359645799,3384,5286.41,2.7512405,615.8763,0.2752296,6571.705,3.359024,0,,,,,48.43467233638129,0.0007260464,778.1891359645799,0.0007433652,-0.051369753,-0.04853042
0.99970424,0.00051112997,0,0.0031507052,48.43715087418894,778.1879721392737,3385,5284.3306,2.7509983,615.7835,0.2752678,6570.0195,3.3591273,0,,,,,48.43715087418894,0.00072665856,778.1879721392737,0.000744139,-0.05156729,-0.0486218
0.9997187,0.00051107554,0,0.0031511749,48.436428772329116,778.189294843398,3386,5285.01,2.7510383,616.41797,0.27534476,6570.1147,3.3587697,0,,,,,48.436428772329116,0.0007269119,778.189294843398,0.0007442545,-0.051481042,-0.048286356
1.0004555,0.0005111861,0,0.0031516443,48.43661429206635,778.1899627595682,3387,5289.284,2.7514646,616.1819,0.2754409,6574.957,3.3594964,0,,,,,48.43661429206635,0.0007260012,778.1899627595682,0.0007433799,-0.051489387,-0.048165813
0.99881005,0.0005110425,0,0.0031521134,48.437868092108346,778.1911082322429,3388,5280.363,2.7507005,616.7365,0.27512923,6564.143,3.3585525,0,,,,,48.437868092108346,0.00072707015,778.1911082322429,0.0007442498,-0.051232245,-0.04810525
1.000184,0.0005111578,0,0.0031525823,48.437583957674605,778.1901002768229,3389,5288.2046,2.7515852,616.9947,0.27527595,6573.173,3.3593104,0,,,,,48.437583957674605,0.00072641135,778.1901002768229,0.00074365136,-0.05115018,-0.047635507
0.99931407,0.0005111022,0,0.0031530508,48.437442263527444,778.1908760345971,3390,5283.076,2.750868,616.35406,0.27526033,6567.4556,3.3589451,0,,,,,48.437442263527444,0.0007273664,778.1908760345971,0.0007444038,-0.05102945,-0.047749005
1.0003009,0.0005111428,0,0.0031535192,48.436920648631144,778.1901486781101,3391,5289.4136,2.7517228,616.04614,0.27580586,6573.941,3.3592117,0,,,,,48.436920648631144,0.000726856,778.1901486781101,0.0007441084,-0.051003464,-0.047483638
0.9997038,0.0005111285,0,0.0031539872,48.437307975058964,778.1890222214549,3392,5285.7236,2.7511299,615.7748,0.27512902,6570.017,3.359118,0,,,,,48.437307975058964,0.00072693406,778.1890222214549,0.00074444065,-0.050891694,-0.047516316
0.9997326,0.0005111752,0,0.0031544552,48.437515705329034,778.1915544672445,3393,5285.9385,2.7512732,616.6903,0.27546367,6570.206,3.3594248,0,,,,,48.437515705329034,0.0007266923,778.1915544672445,0.00074374716,-0.050773304,-0.047676407
1.0004841,0.0005112701,0,0.0031549227,48.437160762480964,778.1909858728416,3394,5290.446,2.7518978,616.5843,0.27516687,6575.145,3.3600483,0,,,,,48.437160762480964,0.00072611915,778.1909858728416,0.0007432018,-0.050939146,-0.0476344
1.0005946,0.00051137945,128,0.00315539,48.437698987564964,778.1898319800026,3395,5290.4927,2.7524016,616.9622,0.2750137,6575.871,3.360767,128,,,,,48.437698987564964,0.0007263073,778.1898319800026,0.00074355316,-0.050693635,-0.047537062
0.9994137,0.0005110816,0,0.003155857,48.43712952063922,778.1912305672163,3396,5285.0947,2.7511516,615.9837,0.2752806,6568.1104,3.3588095,0,,,,,48.43712952063922,0.0007262697,778.1912305672163,0.00074342586,-0.05071212,-0.047395438
0.99957764,0.00051115453,0,0.003156324,48.43742027997493,778.1910318368417,3397,5285.423,2.7512488,616.6369,0.27537906,6569.1875,3.359289,0,,,,,48.43742027997493,0.0007271504,778.1910318368417,0.0007442837,-0.05067229,-0.04746376
0.9996134,0.0005111321,0,0.0031567903,48.43690786381106,778.1902978858685,3398,5286.0645,2.7512004,615.8341,0.27534628,6569.423,3.3591416,0,,,,,48.43690786381106,0.00072690303,778.1902978858685,0.00074413314,-0.050716013,-0.04753093
1.0003911,0.0005112629,0,0.0031572566,48.437708970585035,778.1903606698564,3399,5289.85,2.751574,615.88855,0.2752523,6574.534,3.360001,0,,,,,48.437708970585035,0.0007265754,778.1903606698564,0.00074375066,-0.050793238,-0.047079228
1.0001774,0.00051124196,0,0.0031577225,48.436540847840405,778.1892354553506,3400,5288.3623,2.7514694,615.6994,0.27523798,6573.129,3.3598635,0,,,,,48.436540847840405,0.0007265293,778.1892354553506,0.0007438793,-0.05106748,-0.04750344
0.9998165,0.0005111879,0,0.0031581882,48.438488835569956,778.190677378858,3401,5287.4175,2.751556,616.5581,0.27531493,6570.7573,3.359508,0,,,,,48.438488835569956,0.0007263503,778.190677378858,0.0007435683,-0.05075837,-0.04699846
0.99986446,0.0005112095,0,0.0031586539,48.43695590068649,778.1898352220534,3402,5286.8853,2.7514462,616.68384,0.2752434,6571.0728,3.35965,0,,,,,48.43695590068649,0.0007271734,778.1898352220534,0.00074446143,-0.050810225,-0.047225773
0.99895805,0.0005110211,0,0.003159119,48.43756350639479,778.1911738791354,3403,5282.6577,2.7508097,616.3121,0.275331,6565.1157,3.3584123,0,,,,,48.43756350639479,0.0007276319,778.1911738791354,0.00074479554,-0.05080825,-0.046921507
1.0002576,0.0005111916,0,0.003159584,48.43834136172331,778.1904127677618,3404,5289.5186,2.751598,616.11865,0.27534696,6573.6562,3.3595324,0,,,,,48.43834136172331,0.00072672847,778.1904127677618,0.0007439799,-0.050812904,-0.04706697
0.9996005,0.0005111709,0,0.0031600485,48.43591134356315,778.1906747246269,3405,5286.7534,2.7513676,616.6911,0.27530667,6569.338,3.3593965,0,,,,,48.43591134356315,0.0007267606,778.1906747246269,0.00074392837,-0.05083312,-0.046659272
1.0004447,0.0005112482,0,0.003160513,48.439219624750386,778.1900672852572,3406,5291.1797,2.7519038,617.49164,0.27500868,6574.8857,3.3599043,0,,,,,48.439219624750386,0.0007264259,778.1900672852572,0.00074370997,-0.050497845,-0.04669002
0.99919367,0.00051109516,0,0.0031609773,48.438073185138336,778.1907873184028,3407,5284.812,2.75116,615.9483,0.275359,6566.664,3.3588986,0,,,,,48.438073185138336,0.0007273149,778.1907873184028,0.0007445948,-0.050473973,-0.046598203
1.0000725,0.00051116303,0,0.003161441,48.43833334832988,778.1901818225557,3408,5290.351,2.751675,616.5609,0.2753845,6572.44,3.3593447,0,,,,,48.43833334832988,0.00072661205,778.1901818225557,0.00074391084,-0.050259322,-0.046419512
1.0002449,0.00051126804,0,0.0031619046,48.43795931751426,778.1908856937755,3409,5290.0366,2.7516718,615.8584,0.27554163,6573.5728,3.360035,0,,,,,48.43795931751426,0.00072628586,778.1908856937755,0.0007434757,-0.050544295,-0.046286643
0.9995754,0.0005110578,0,0.0031623682,48.438442401482845,778.1920470840872,3410,5287.671,2.7514954,615.76447,0.27558854,6569.173,3.358653,0,,,,,48.438442401482845,0.0007263035,778.1920470840872,0.00074318994,-0.05037105,-0.0458739
0.999313,0.0005110821,0,0.0031628313,48.43658005092853,778.1893820737523,3411,5284.836,2.751063,615.57776,0.27528656,6567.448,3.358813,0,,,,,48.43658005092853,0.0007271303,778.1893820737523,0.0007442798,-0.050584678,-0.046411306
0.9996152,0.0005111439,0,0.003163294,48.43762332381359,778.1923213283112,3412,5286.8276,2.7511816,615.6919,0.27527812,6569.4346,3.3592188,0,,,,,48.43762332381359,0.0007263291,778.1923213283112,0.00074320636,-0.050648533,-0.04637511
0.99987274,0.00051120255,0,0.0031637566,48.437302069695434,778.1921952233956,3413,5288.364,2.75159,615.4804,0.27531993,6571.127,3.3596044,0,,,,,48.437302069695434,0.0007265288,778.1921952233956,0.000743304,-0.050222896,-0.045994706
0.99990934,0.00051119825,0,0.003164219,48.438854335638354,778.1916666867431,3414,5288.6855,2.7514677,614.5225,0.27526388,6571.3677,3.359576,0,,,,,48.438854335638354,0.0007267587,778.1916666867431,0.00074388896,-0.049901675,-0.045895066
0.9991984,0.0005110411,0,0.003164681,48.43608856380539,778.1908190149888,3415,5285.411,2.751069,615.8414,0.27505562,6566.6953,3.3585434,0,,,,,48.43608856380539,0.0007264356,778.1908190149888,0.0007435801,-0.050313048,-0.046329945
1.0007718,0.0005113315,0,0.0031651428,48.43895766739082,778.191232657778,3416,5292.767,2.7519567,615.35077,0.2752661,6577.0356,3.3604517,0,,,,,48.43895766739082,0.00072595483,778.191232657778,0.0007431638,-0.050442457,-0.046150688
0.9998907,0.0005110909,0,0.0031656043,48.4385120694798,778.1919004052148,3417,5288.672,2.7514095,615.5702,0.2753542,6571.245,3.3588707,0,,,,,48.4385120694798,0.00072598486,778.1919004052148,0.00074300927,-0.050339732,-0.046091568
0.9996518,0.0005111463,0,0.0031660656,48.43725155666241,778.1926445562207,3418,5287.354,2.7513888,614.94116,0.27528343,6569.675,3.3592348,0,,,,,48.43725155666241,0.00072604424,778.1926445562207,0.0007429503,-0.050309833,-0.045695227
1.0014908,0.00051139545,0,0.0031665266,48.43874720743302,778.1923026253231,3419,5297.301,2.7525263,616.2764,0.27517453,6581.7607,3.3608723,0,,,,,48.43874720743302,0.00072513206,778.1923026253231,0.0007421685,-0.0502498,-0.045518495
1.0010395,0.0005112826,0,0.0031669873,48.438716885025144,778.1929917328491,3420,5295.1045,2.7522538,615.45483,0.27551994,6578.795,3.3601305,0,,,,,48.438716885025144,0.00072601816,778.1929917328491,0.0007428968,-0.05032461,-0.04528014
1.0000904,0.0005111908,0,0.0031674479,48.43925101194951,778.1936842923761,3421,5289.6084,2.7515128,614.55304,0.27545983,6572.5576,3.359527,0,,,,,48.43925101194951,0.0007267288,778.1936842923761,0.00074345845,-0.049917277,-0.04561377
0.99970376,0.000511107,0,0.0031679082,48.438214183193,778.1918967338004,3422,5288.8633,2.7515047,615.16327,0.27512047,6570.0166,3.3589764,0,,,,,48.438214183193,0.0007266464,778.1918967338004,0.00074367947,-0.049636204,-0.044659007
0.99994093,0.0005112062,0,0.003168368,48.44058383000841,778.1935821376553,3423,5290.2046,2.7516222,616.0861,0.27539083,6571.575,3.3596287,0,,,,,48.44058383000841,0.00072716747,778.1935821376553,0.0007440082,-0.049496494,-0.04458094
0.9999357,0.00051110116,0,0.0031688279,48.43866153992467,778.1930772170283,3424,5290.2075,2.751429,613.8504,0.27522832,6571.5405,3.358938,0,,,,,48.43866153992467,0.0007261597,778.1930772170283,0.00074301055,-0.04968654,-0.04498624
1.000322,0.00051115797,0,0.0031692872,48.43838460539119,778.1926438204862,3425,5292.3276,2.751782,614.8695,0.27522236,6574.079,3.3593113,0,,,,,48.43838460539119,0.0007265,778.1926438204862,0.00074332644,-0.049876507,-0.04511726
0.9992046,0.0005111522,0,0.0031697464,48.43744985316301,778.1916224594397,3426,5285.789,2.7511458,615.7886,0.27532953,6566.736,3.3592734,0,,,,,48.43744985316301,0.0007276339,778.1916224594397,0.000744843,-0.049917765,-0.045570098
0.99995893,0.0005111353,0,0.0031702053,48.438877885487855,778.1929095299097,3427,5290.901,2.7517507,615.1794,0.27532485,6571.6934,3.3591626,0,,,,,48.438877885487855,0.0007264771,778.1929095299097,0.00074342825,-0.04982891,-0.04512887
0.99948573,0.0005111739,0,0.003170664,48.439912490658244,778.1907813185671,3428,5287.752,2.7513642,614.4451,0.2754326,6568.5835,3.3594162,0,,,,,48.439912490658244,0.00072678755,778.1907813185671,0.0007441379,-0.049806666,-0.04485889
0.99962634,0.0005110685,0,0.0031711222,48.439495837472535,778.1913963524132,3429,5288.8755,2.7514048,615.4306,0.27533704,6569.508,3.3587234,0,,,,,48.439495837472535,0.0007268696,778.1913963524132,0.0007439333,-0.049774125,-0.044806845
0.99964774,0.00051113474,0,0.0031715804,48.43838924524772,778.1929132108772,3430,5288.1123,2.751398,615.5258,0.27515832,6569.6484,3.359159,0,,,,,48.43838924524772,0.00072690117,778.1929132108772,0.00074379175,-0.049912136,-0.044967365
1.0001158,0.0005112471,0,0.0031720384,48.437753138443895,778.19276941945,3431,5291.157,2.7515647,614.32446,0.27526996,6572.724,3.3598971,0,,,,,48.437753138443895,0.00072644773,778.19276941945,0.0007432511,-0.049545452,-0.04460121
0.99994123,0.00051116594,0,0.0031724959,48.43706686837138,778.1933268645478,3432,5290.6865,2.75162,614.6484,0.2753784,6571.577,3.359364,0,,,,,48.43706686837138,0.00072668836,778.1933268645478,0.00074335595,-0.049629986,-0.044498965
0.99989724,0.00051109726,0,0.0031729531,48.4390236540521,778.1922231155224,3433,5290.004,2.7515423,614.3782,0.27561712,6571.288,3.3589125,0,,,,,48.4390236540521,0.0007261514,778.1922231155224,0.00074318063,-0.049569946,-0.04461801
1.0006592,0.0005112481,0,0.003173867,48.4395627865365,778.1945686810664,3435,5294.5176,2.7518473,614.3947,0.27511552,6576.296,3.3599036,0,,,,,48.4395627865365,0.0007260344,778.1945686810664,0.0007427285,-0.049513295,-0.044492275
1.0005238,0.0005112163,0,0.0031743236,48.43815777959179,778.1933542506661,3436,5294.1543,2.7519147,613.935,0.27510533,6575.406,3.3596947,0,,,,,48.43815777959179,0.00072600855,778.1933542506661,0.00074281264,-0.04956935,-0.044494405
0.99898106,0.0005110669,0,0.00317478,48.43890938973664,778.1931058438325,3437,5286.0283,2.7511091,614.20514,0.27527377,6565.267,3.3587127,0,,,,,48.43890938973664,0.0007278881,778.1931058438325,0.0007447656,-0.049458392,-0.04436286
0.99967664,0.000511165,0,0.0031752358,48.44043209032867,778.1932422390855,3438,5289.484,2.7514853,615.15765,0.27532023,6569.8384,3.3593576,0,,,,,48.44043209032867,0.00072680006,778.1932422390855,0.00074372016,-0.049231153,-0.044079643
1.0001657,0.0005111397,0,0.0031756917,48.43971163981622,778.1936244163603,3439,5292.8545,2.751806,614.5255,0.275339,6573.0527,3.3591912,0,,,,,48.43971163981622,0.00072643853,778.1936244163603,0.00074326433,-0.049070638,-0.04398618
1.000418,0.0005112439,0,0.0031761471,48.43761502028996,778.1939765497053,3440,5293.177,2.7517526,614.26697,0.27479088,6574.71,3.359876,0,,,,,48.43761502028996,0.00072618044,778.1939765497053,0.0007427959,-0.04926494,-0.04395951
0.9981501,0.00051097595,0,0.0031766023,48.43842949846788,778.1931219153942,3441,5281.8574,2.7506495,614.906,0.27537543,6559.806,3.3581152,0,,,,,48.43842949846788,0.0007280976,778.1931219153942,0.00074497325,-0.04931261,-0.04395471
1.0009665,0.00051131664,0,0.0031770573,48.43937963634341,778.1936071279251,3442,5296.2495,2.7522113,614.99567,0.27510062,6578.3154,3.3603544,0,,,,,48.43937963634341,0.00072548323,778.1936071279251,0.0007422866,-0.049383372,-0.044319753
1.0004067,0.00051119085,0,0.003177512,48.4392231043212,778.1918642452264,3443,5293.89,2.7519486,613.81036,0.2752948,6574.6367,3.3595276,0,,,,,48.4392231043212,0.00072670187,778.1918642452264,0.0007436431,-0.049302727,-0.04413633
0.99967366,0.0005111774,0,0.0031779665,48.43971848444768,778.193920346728,3444,5290.842,2.7517688,615.32043,0.27540162,6569.819,3.3594391,0,,,,,48.43971848444768,0.00072692253,778.193920346728,0.0007437294,-0.04899282,-0.04371427
0.9997233,0.00051113,0,0.0031784205,48.439718225742595,778.1930931281734,3445,5290.503,2.7515283,614.2965,0.275464,6570.145,3.3591278,0,,,,,48.439718225742595,0.00072661316,778.1930931281734,0.0007435951,-0.04888876,-0.043519042
1.0003705,0.0005111933,0,0.0031788745,48.440113237187504,778.1930110027779,3446,5294.5635,2.7520695,614.9202,0.27546844,6574.3984,3.3595438,0,,,,,48.440113237187504,0.0007261934,778.1930110027779,0.0007430665,-0.048634104,-0.04323874
0.99940556,0.00051111117,0,0.003179328,48.44016457210861,778.194361328255,3447,5288.8467,2.7514248,614.8205,0.2754259,6568.0566,3.3590038,0,,,,,48.44016457210861,0.0007264401,778.194361328255,0.0007431332,-0.048645165,-0.043361735
0.99951553,0.00051106815,0,0.0031802345,48.439253906738415,778.1957370497163,3449,5289.934,2.7513087,613.813,0.27542448,6568.7793,3.358721,0,,,,,48.439253906738415,0.00072577316,778.1957370497163,0.0007423494,-0.048734806,-0.043027695
0.9993085,0.00051115354,0,0.0031806873,48.4397051579448,778.1937217329009,3450,5288.7134,2.7513342,614.08685,0.27539852,6567.419,3.3592825,0,,,,,48.4397051579448,0.000726987,778.1937217329009,0.00074382144,-0.04880167,-0.042995658
1.0000086,0.0005111812,0,0.00318114,48.44132726531109,778.1951104442481,3451,5293.5005,2.7518394,613.94574,0.27509543,6572.0195,3.359464,0,,,,,48.44132726531109,0.00072642165,778.1951104442481,0.0007429624,-0.048379153,-0.042466857
0.99967265,0.00051115063,0,0.0031815923,48.439866288058354,778.1950722791101,3452,5291.1934,2.7515774,614.4344,0.2751745,6569.812,3.3592632,0,,,,,48.439866288058354,0.00072690134,778.1950722791101,0.00074354577,-0.04809631,-0.042484842
1.0000445,0.00051120244,0,0.0031820443,48.43901172310312,778.195688610374,3453,5293.785,2.7519696,614.0409,0.27550644,6572.2554,3.3596036,0,,,,,48.43901172310312,0.00072589796,778.195688610374,0.0007424209,-0.048160594,-0.04226908
0.99992985,0.0005111812,0,0.0031824962,48.441479897484726,778.1944042735119,3454,5292.7744,2.751821,613.6861,0.27535883,6571.5024,3.359464,0,,,,,48.441479897484726,0.0007268066,778.1944042735119,0.00074359606,-0.048171587,-0.042637687
0.9993969,0.00051108433,0,0.0031829476,48.44004094934249,778.1963807134346,3455,5289.575,2.751419,614.28705,0.27500677,6568.0,3.3588276,0,,,,,48.44004094934249,0.0007272037,778.1963807134346,0.00074364926,-0.04834583,-0.042842604
1.000304,0.00051122153,0,0.0031833989,48.43992581562751,778.1958196432722,3456,5294.447,2.7519078,613.6207,0.27511698,6573.9614,3.3597293,0,,,,,48.43992581562751,0.0007261418,778.1958196432722,0.0007427334,-0.048429713,-0.043000586
1.0008035,0.0005112523,0,0.0031838499,48.441711051344235,778.1964293311214,3457,5296.4746,2.7520728,613.69495,0.27527797,6577.2437,3.3599315,0,,,,,48.441711051344235,0.0007258554,778.1964293311214,0.00074230327,-0.048404314,-0.04301954
0.9992377,0.00051110634,0,0.0031843006,48.437256840357605,778.195097777581,3458,5289.019,2.7512836,614.2523,0.27532014,6566.9536,3.358972,0,,,,,48.437256840357605,0.00072665577,778.195097777581,0.00074321515,-0.048380446,-0.042846423
1.0002497,0.0005113155,0,0.0031847511,48.44075214642082,778.1938080352852,3459,5294.0894,2.7519906,615.0797,0.27515545,6573.605,3.3603466,0,,,,,48.44075214642082,0.00072539947,778.1938080352852,0.0007422155,-0.0483375,-0.04299771
1.0008006,0.0005113649,0,0.0031852012,48.44087060429224,778.1961483340873,3460,5297.8965,2.7523415,613.63654,0.27546132,6577.225,3.3606713,0,,,,,48.44087060429224,0.0007255759,778.1961483340873,0.0007422039,-0.04813396,-0.04272153
1.0000186,0.0005112335,0,0.0031856513,48.44053340855122,778.1957543238418,3461,5294.4087,2.752006,613.55756,0.27557993,6572.086,3.359808,0,,,,,48.44053340855122,0.00072672503,778.1957543238418,0.00074315123,-0.047844294,-0.042244285
0.99936706,0.00051116664,0,0.0031861009,48.44021081932759,778.195148351796,3462,5290.3867,2.7515635,613.6826,0.27538276,6567.8037,3.3593683,0,,,,,48.44021081932759,0.00072578434,778.195148351796,0.0007422934,-0.04784817,-0.042249624
1.0006549,0.0005112375,0,0.0031865502,48.43979275039764,778.1955688271804,3463,5297.95,2.7522426,614.23834,0.27528223,6576.2676,3.359834,0,,,,,48.43979275039764,0.0007256322,778.1955688271804,0.0007420808,-0.047787786,-0.042080015
0.9992502,0.0005111415,0,0.0031869994,48.44025392719827,778.1948351452801,3464,5289.7056,2.751337,613.2854,0.27547213,6567.0356,3.359203,0,,,,,48.44025392719827,0.00072642916,778.1948351452801,0.00074300065,-0.047983516,-0.042276647
0.9986671,0.0005110445,0,0.0031874483,48.44033724126949,778.194207242602,3465,5287.065,2.751301,613.9983,0.2753422,6563.2036,3.3585658,0,,,,,48.44033724126949,0.00072750705,778.194207242602,0.0007443484,-0.04798023,-0.041989625
0.9994722,0.0005111781,0,0.003187897,48.439320200442424,778.1947147378687,3466,5291.595,2.7516398,614.2593,0.27524808,6568.4946,3.359444,0,,,,,48.439320200442424,0.00072525995,778.1947147378687,0.0007417994,-0.047646336,-0.04185445
0.9998199,0.00051119,0,0.003188345,48.43933441151838,778.1958486132801,3467,5292.829,2.7516267,614.15326,0.2752541,6570.78,3.3595219,0,,,,,48.43933441151838,0.0007258594,778.1958486132801,0.0007421453,-0.047704827,-0.041965853
0.99964446,0.00051127624,0,0.0031887933,48.442569806127025,778.1951141311639,3468,5292.4644,2.751749,614.10004,0.2753559,6569.627,3.3600888,0,,,,,48.442569806127025,0.00072576903,778.1951141311639,0.0007424156,-0.047341425,-0.041744202
0.99965245,0.0005111734,0,0.003189241,48.44074657822616,778.1961479550987,3469,5291.9224,2.7517352,614.5056,0.27510005,6569.679,3.3594127,0,,,,,48.44074657822616,0.0007266471,778.1961479550987,0.0007435076,-0.047551062,-0.04188923
0.9992835,0.0005111325,0,0.0031896885,48.440088497829805,778.1966127947532,3470,5291.202,2.7514427,613.6304,0.27506998,6567.2544,3.359144,0,,,,,48.440088497829805,0.0007269946,778.1966127947532,0.0007432329,-0.04731213,-0.041699983
0.99888927,0.0005111805,0,0.003190136,48.44107847041592,778.196729027436,3471,5288.601,2.7513325,613.68933,0.27549416,6564.6636,3.3594594,0,,,,,48.44107847041592,0.00072604313,778.196729027436,0.0007424407,-0.047498234,-0.041851465
1.000433,0.00051125116,0,0.003190583,48.44208025752732,778.1964256584774,3472,5297.481,2.7521915,612.38873,0.2751948,6574.809,3.3599238,0,,,,,48.44208025752732,0.00072566967,778.1964256584774,0.0007420863,-0.047173493,-0.041527353
0.9987717,0.0005111342,0,0.0031910297,48.442327007082184,778.1956829349556,3473,5289.3037,2.7514145,615.00446,0.2756207,6563.891,3.3591552,0,,,,,48.442327007082184,0.0007273564,778.1956829349556,0.00074394123,-0.047167566,-0.04132717
0.9995632,0.0005111346,8192,0.0031914762,48.441069967969085,778.1963407915821,3474,5292.475,2.751735,613.9847,0.2751961,6569.093,3.359158,8192,,,,,48.441069967969085,0.0007267113,778.1963407915821,0.0007430632,-0.047026694,-0.041335583
0.9987359,0.00051113253,0,0.0031919223,48.439428218733966,778.1966940701482,3475,5289.1846,2.7513666,613.1433,0.27543265,6563.656,3.3591442,0,,,,,48.439428218733966,0.000727138,778.1966940701482,0.00074340514,-0.046915498,-0.0410258
0.9984519,0.00051115133,8192,0.0031923684,48.441458914450166,778.1960242957638,3476,5286.5986,2.7511957,614.24634,0.27518818,6561.789,3.3592677,8192,,,,,48.441458914450166,0.00072734087,778.1960242957638,0.00074377627,-0.04728379,-0.04117647
1.0011505,0.00051140576,0,0.003192814,48.4417294231303,778.1954620505055,3477,5301.879,2.7527084,614.26715,0.27534586,6579.5244,3.36094,0,,,,,48.4417294231303,0.0007259692,778.1954620505055,0.0007425243,-0.047150712,-0.040953815
0.9987226,0.000511106,0,0.0031932595,48.44356546549285,778.1988242690677,3478,5289.3193,2.7512262,613.69006,0.27520648,6563.5684,3.3589697,0,,,,,48.44356546549285,0.0007266984,778.1988242690677,0.00074273656,-0.046947163,-0.040718082
0.9988715,0.0005111124,0,0.0031937046,48.44100903406811,778.1970297652261,3479,5289.514,2.7513921,613.67114,0.27503005,6564.547,3.359012,0,,,,,48.44100903406811,0.0007268478,778.1970297652261,0.00074316206,-0.046837747,-0.04072133
0.9993062,0.00051117357,0,0.0031941496,48.442038508424915,778.1957127949527,3480,5292.662,2.7516127,612.65155,0.2753302,6567.404,3.359414,0,,,,,48.442038508424915,0.00072712736,778.1957127949527,0.0007437411,-0.046983145,-0.040744867
0.99987197,0.0005112732,8192,0.003194594,48.441943413193464,778.1962995577561,3481,5293.971,2.7520723,613.8518,0.27505565,6571.122,3.360069,8192,,,,,48.441943413193464,0.0007261084,778.1962995577561,0.000742402,-0.04737233,-0.04128579
0.9999202,0.00051136065,0,0.0031950385,48.440538854979245,778.195185554926,3482,5295.1123,2.752424,612.4478,0.27533558,6571.439,3.3606436,0,,,,,48.440538854979245,0.0007273779,778.195185554926,0.0007439104,-0.047315888,-0.040885933
0.99962467,0.0005112886,0,0.0031954825,48.44148566676752,778.1971053248136,3483,5293.2773,2.7518253,614.07947,0.2750528,6569.4966,3.36017,0,,,,,48.44148566676752,0.0007270682,778.1971053248136,0.00074347167,-0.047181398,-0.040832404
0.9994617,0.00051123195,0,0.0031959265,48.44261260480553,778.1973343879281,3484,5292.629,2.7516682,614.8537,0.27482918,6568.426,3.3597975,0,,,,,48.44261260480553,0.00072670827,778.1973343879281,0.00074309605,-0.046850458,-0.04056121
0.99960035,0.00051145576,128,0.00319637,48.44111855347996,778.1985502517073,3485,5293.63,2.7533355,613.61676,0.2753919,6569.337,3.3612685,128,,,,,48.44111855347996,0.0007264572,778.1985502517073,0.0007434204,-0.046858232,-0.04061444
1.0002316,0.00051130925,0,0.0031968134,48.442109866281534,778.1961637501857,3486,5296.2656,2.752226,613.2236,0.2752587,6573.4854,3.3603058,0,,,,,48.442109866281534,0.0007262895,778.1961637501857,0.00074284826,-0.046807673,-0.04075168
0.99905914,0.0005111054,0,0.0031972562,48.440903545618184,778.1988851753562,3487,5291.0444,2.7514963,614.2945,0.27491218,6565.7803,3.358966,0,,,,,48.440903545618184,0.0007271984,778.1988851753562,0.0007433065,-0.0466986,-0.040309314
0.9993597,0.00051128044,0,0.003197699,48.44183225773088,778.1950807960382,3488,5292.214,2.7518523,612.7008,0.27513096,6567.7554,3.3601165,0,,,,,48.44183225773088,0.0007268886,778.1950807960382,0.00074352336,-0.0468803,-0.04061082
0.9989536,0.00051117846,0,0.0031981417,48.441187942526945,778.1979075691517,3489,5290.599,2.7514396,613.70746,0.27537754,6565.0864,3.359446,0,,,,,48.441187942526945,0.0007270058,778.1979075691517,0.00074328587,-0.046514288,-0.04026612
0.9998171,0.000511214,0,0.0031985838,48.441146621373534,778.1971091624843,3490,5295.6416,2.7519767,613.7052,0.2754213,6570.761,3.35968,0,,,,,48.441146621373534,0.0007265435,778.1971091624843,0.0007428441,-0.04679442,-0.04031223
0.99988526,0.0005112455,16,0.0031990258,48.44058737214773,778.1975645240518,3491,5295.5864,2.752026,613.38544,0.27552217,6571.2095,3.359887,16,,,,,48.44058737214773,0.0007264472,778.1975645240518,0.0007426597,-0.046858236,-0.04059466
0.99952435,0.00051125215,16,0.0031994674,48.441232258827945,778.1967149424925,3492,5294.832,2.7519014,613.7861,0.27525443,6568.8374,3.3599303,16,,,,,48.441232258827945,0.00072643114,778.1967149424925,0.00074281817,-0.04660299,-0.040203545
0.9993127,0.0005112891,16,0.0031999089,48.441216243305334,778.1967251203998,3493,5292.6914,2.7516258,613.8153,0.27516332,6567.4463,3.3601732,16,,,,,48.441216243305334,0.0007266489,778.1967251203998,0.0007429994,-0.046353232,-0.04048498
1.0006862,0.0005113649,16,0.00320035,48.440867503234834,778.1978808238583,3494,5300.5464,2.752559,613.369,0.27503356,6576.4727,3.3606715,16,,,,,48.440867503234834,0.00072574057,778.1978808238583,0.0007420194,-0.046145987,-0.04068629
1.0004534,0.0005113409,16,0.003200791,48.44155070477598,778.1974286017532,3495,5299.597,2.7523706,613.49194,0.27536514,6574.943,3.360514,16,,,,,48.44155070477598,0.00072472054,778.1974286017532,0.0007409839,-0.04634156,-0.040784527
0.9987044,0.000511227,16,0.0032012316,48.44229962554214,778.1963862935958,3496,5289.1265,2.751407,613.6256,0.27521476,6563.4487,3.3597653,16,,,,,48.44229962554214,0.0007273182,778.1963862935958,0.0007437614,-0.04621965,-0.04068601
0.9992387,0.0005111876,16,0.0032016719,48.44120490584825,778.1979214631417,3497,5292.291,2.751579,613.4577,0.2752313,6566.9604,3.3595061,16,,,,,48.44120490584825,0.00072803325,778.1979214631417,0.0007442038,-0.046263892,-0.04062511
0.999228,0.0005111983,16,0.0032021122,48.44126269831261,778.1969988973542,3498,5291.127,2.7514975,613.47437,0.27527466,6566.8896,3.3595767,16,,,,,48.44126269831261,0.00072727,778.1969988973542,0.0007435844,-0.04660338,-0.041025925
1.0002487,0.0005112055,16,0.003202552,48.442072124956105,778.197254554759,3499,5297.935,2.752208,612.6663,0.2758779,6573.5977,3.3596241,16,,,,,48.442072124956105,0.00072625553,778.197254554759,0.00074266654,-0.046181496,-0.040442172
0.9986624,0.0005112581,16,0.0032029916,48.44240735678061,778.1971229678549,3500,5289.0493,2.751361,613.05975,0.2755104,6563.173,3.3599694,16,,,,,48.44240735678061,0.00072781445,778.1971229678549,0.0007441555,-0.046486475,-0.040705565
0.9987537,0.00051117694,16,0.0032034307,48.44291234273239,778.1975021997276,3501,5289.7485,2.7513435,613.56055,0.27536327,6563.773,3.359436,16,,,,,48.44291234273239,0.00072658417,778.1975021997276,0.00074292393,-0.04624695,-0.04026914
0.9998526,0.00051138573,16,0.0032038698,48.44165992717829,778.198615538469,3502,5296.2734,2.75216,612.84576,0.27536118,6570.9946,3.3608081,16,,,,,48.44165992717829,0.00072691485,778.198615538469,0.000743111,-0.046132352,-0.039781038
0.99928164,0.0005111657,16,0.0032043087,48.44370576087617,778.1933613805356,3503,5284.446,2.7508168,613.5603,0.27522767,6567.242,3.3593621,16,,,,,48.44370576087617,0.0007266052,778.1933613805356,0.0007436778,-0.045050554,-0.04288052
0.9986968,0.00051123515,16,0.003204747,48.44297697269701,778.1982750878765,3504,5290.361,2.7514727,612.75726,0.27560398,6563.399,3.3598187,16,,,,,48.44297697269701,0.00072712515,778.1982750878765,0.000743357,-0.04650612,-0.03919463
0.99886805,0.00051125017,16,0.0032051853,48.44137758144355,778.19709025931,3505,5290.619,2.7512953,613.595,0.2748767,6564.5244,3.3599174,16,,,,,48.44137758144355,0.0007270633,778.19709025931,0.00074331474,-0.045988906,-0.039604153
1.000115,0.00051129237,16,0.0032056235,48.44270136570191,778.1987613271976,3506,5297.263,2.7521827,613.5675,0.2752197,6572.7197,3.3601947,16,,,,,48.44270136570191,0.0007258994,778.1987613271976,0.0007418873,-0.045899607,-0.039603334
1.0003471,0.0005114588,16,0.003206061,48.44228918280899,778.1986010416041,3507,5297.78,2.7523763,614.30524,0.2751636,6574.245,3.3612883,16,,,,,48.44228918280899,0.00072698627,778.1986010416041,0.0007432811,-0.045626353,-0.039329033
0.9996278,0.0005113778,16,0.0032064985,48.443540745963396,778.1982780576099,3508,5291.794,2.7514555,613.32556,0.27523315,6569.5176,3.3607564,16,,,,,48.443540745963396,0.00072671,778.1982780576099,0.000743084,-0.045939114,-0.038963053
0.9999587,0.00051119394,0,0.0032069357,48.44135035827067,778.1980020123293,3509,5296.1963,2.7520924,612.8664,0.27539954,6571.692,3.3595479,0,,,,,48.44135035827067,0.0007259291,778.1980020123293,0.00074222137,-0.046013694,-0.039491136
0.9981923,0.0005110966,0,0.0032073725,48.4426488368027,778.1988535857065,3510,5286.9683,2.7511013,612.7224,0.27509126,6560.0835,3.3589082,0,,,,,48.4426488368027,0.0007270681,778.1988535857065,0.0007432151,-0.045851618,-0.039054662
0.9993586,0.00051114586,0,0.0032078093,48.443973116439864,778.1969971566095,3511,5293.834,2.7516844,612.53735,0.27486005,6567.748,3.3592317,0,,,,,48.443973116439864,0.0007267875,778.1969971566095,0.0007427393,-0.04567567,-0.039074738
0.99954873,0.0005111755,0,0.0032082456,48.442058265909544,778.1998989266574,3512,5295.988,2.7520573,612.75287,0.2752129,6568.9976,3.3594265,0,,,,,48.442058265909544,0.00072698185,778.1998989266574,0.0007429751,-0.045594122,-0.03887179
1.0006753,0.00051140104,0,0.0032086817,48.442535663695615,778.1989287910843,3513,5301.4575,2.7527668,614.2038,0.27505565,6576.4014,3.360909,0,,,,,48.442535663695615,0.0007262207,778.1989287910843,0.00074243353,-0.045608945,-0.03916005
0.9994072,0.0005112103,0,0.0032091176,48.4428364785318,778.198608152508,3514,5296.0635,2.7519827,613.5722,0.27526549,6568.0674,3.3596554,0,,,,,48.4428364785318,0.0007268503,778.198608152508,0.0007431613,-0.045388084,-0.0385759
0.9992272,0.00051113684,0,0.003209553,48.443234358789965,778.1976320014335,3515,5294.7573,2.7519238,613.78174,0.27499798,6566.885,3.3591726,0,,,,,48.443234358789965,0.00072704314,778.1976320014335,0.0007434735,-0.04521444,-0.03859949
0.9991859,0.0005111896,0,0.0032099884,48.44363998228694,778.1990620112801,3516,5294.425,2.7519314,612.8968,0.27540335,6566.6133,3.359519,0,,,,,48.44363998228694,0.00072652905,778.1990620112801,0.00074262585,-0.045221616,-0.038636938
0.9993881,0.00051109854,0,0.0032104233,48.44195971379155,778.1990153603374,3517,5295.4497,2.7519252,613.4069,0.2750297,6567.942,3.3589208,0,,,,,48.44195971379155,0.00072691176,778.1990153603374,0.00074282306,-0.04525974,-0.038461804
1.0002398,0.00051117846,0,0.0032108582,48.442208865659886,778.1992434462686,3518,5299.717,2.7522233,612.24524,0.27534866,6573.5396,3.359446,0,,,,,48.442208865659886,0.0007262984,778.1992434462686,0.0007423464,-0.045149777,-0.038510133
0.9993499,0.000511208,0,0.0032112927,48.442595228645054,778.1979310708881,3519,5295.0806,2.7518682,612.80695,0.2749304,6567.691,3.3596406,0,,,,,48.442595228645054,0.0007272626,778.1979310708881,0.0007435088,-0.045286056,-0.03869283
0.9996413,0.00051127846,0,0.003211727,48.441833229454176,778.1999183819624,3520,5296.105,2.7519386,613.0088,0.27521002,6569.606,3.3601031,0,,,,,48.441833229454176,0.0007264136,778.1999183819624,0.0007425366,-0.045256533,-0.03862107
0.99978626,0.000511243,0,0.0032121607,48.442131097267435,778.2004999845681,3521,5297.7734,2.7521546,613.1764,0.27510098,6570.5586,3.3598702,0,,,,,48.442131097267435,0.000725854,778.2004999845681,0.00074176677,-0.045179155,-0.038237568
1.0000272,0.00051122514,0,0.0032125944,48.44363325754411,778.1992542552416,3522,5299.139,2.7523715,612.2667,0.27536196,6572.142,3.359753,0,,,,,48.44363325754411,0.0007265676,778.1992542552416,0.0007426639,-0.04538129,-0.038451176
1.0000992,0.0005113101,8192,0.003213028,48.4430345090363,778.1989696826423,3523,5299.219,2.7524123,613.4167,0.2750539,6572.615,3.3603115,8192,,,,,48.4430345090363,0.00072618487,778.1989696826423,0.00074228115,-0.045102537,-0.038467012
0.99997216,0.00051132333,0,0.003213461,48.4448107097522,778.1999560463538,3524,5299.4004,2.7524307,612.9974,0.27544406,6571.7803,3.3603983,0,,,,,48.4448107097522,0.0007247815,778.1999560463538,0.000740783,-0.04497073,-0.038074333
0.9992721,0.0005111363,0,0.0032138939,48.44279777496907,778.2001778359186,3525,5294.5107,2.7518046,613.474,0.27505022,6567.1797,3.3591692,0,,,,,48.44279777496907,0.00072701497,778.2001778359186,0.00074295566,-0.04517017,-0.03837628
0.99976075,0.0005112719,0,0.0032143265,48.445683480127414,778.200422793754,3526,5297.965,2.7521386,612.6696,0.27549213,6570.391,3.36006,0,,,,,48.445683480127414,0.0007263162,778.200422793754,0.0007415816,-0.04506831,-0.038289372
1.000589,0.00051137153,0,0.0032147588,48.44428840458242,778.1996982676711,3527,5302.011,2.7525945,613.6804,0.27537772,6575.834,3.360715,0,,,,,48.44428840458242,0.0007260773,778.1996982676711,0.0007420831,-0.04490132,-0.038060475
0.99954206,0.0005112756,0,0.003215191,48.44423613547855,778.2001844741765,3528,5296.027,2.751954,612.51355,0.27497083,6568.9536,3.3600845,0,,,,,48.44423613547855,0.00072620605,778.2001844741765,0.00074218516,-0.045056947,-0.03836801
0.9993951,0.0005112026,0,0.0032156229,48.442483483752255,778.199834183245,3529,5295.802,2.7521954,614.9997,0.27512378,6567.988,3.3596048,0,,,,,48.442483483752255,0.00072683115,778.199834183245,0.000742803,-0.04503541,-0.03831234
1.0002179,0.0005113159,0,0.0032160543,48.4430145971004,778.1982074894423,3530,5299.7495,2.752412,613.3425,0.27497932,6573.3955,3.3603492,0,,,,,48.4430145971004,0.00072632526,778.1982074894423,0.00074250135,-0.044882357,-0.03826388
0.99945736,0.000511136,0,0.0032164855,48.44294654853051,778.2001461845491,3531,5296.6274,2.752,613.18774,0.27505,6568.397,3.359167,0,,,,,48.44294654853051,0.00072613463,778.2001461845491,0.0007420867,-0.04468242,-0.037915654
1.0004673,0.00051133975,0,0.0032169165,48.44284539535791,778.1990557774567,3532,5301.881,2.752754,612.77405,0.27514908,6575.034,3.3605063,0,,,,,48.44284539535791,0.0007262444,778.1990557774567,0.00074233534,-0.044660706,-0.037875995
0.99995124,0.00051134423,0,0.0032173472,48.44071298069636,778.2002988383191,3533,5299.143,2.7523508,612.2809,0.2755685,6571.643,3.3605356,0,,,,,48.44071298069636,0.0007261906,778.2002988383191,0.0007407589,-0.0445229,-0.037611585
1.0001571,0.0005112264,0,0.0032177777,48.443846099610276,778.2007620321733,3534,5300.253,2.7525196,613.0906,0.27490634,6572.9956,3.3597615,0,,,,,48.443846099610276,0.00072609534,778.2007620321733,0.0007419385,-0.044770323,-0.037477918
1.0006341,0.0005113499,0,0.003218208,48.4446744534969,778.2010799322665,3535,5302.1167,2.7527192,612.07086,0.27509886,6576.131,3.3605726,0,,,,,48.4446744534969,0.00072519755,778.2010799322665,0.00074102235,-0.044705354,-0.037558094
0.9993276,0.00051123725,8192,0.003218638,48.443562732943796,778.2008995480043,3536,5295.942,2.752107,612.38696,0.27529192,6567.5444,3.3598325,8192,,,,,48.443562732943796,0.00072569057,778.2008995480043,0.00074159895,-0.04452123,-0.037448715
0.9991296,0.0005112352,8192,0.0032190676,48.44435005732562,778.1990845930801,3537,5294.502,2.7519274,612.70154,0.27498633,6566.243,3.359819,8192,,,,,48.44435005732562,0.0007265596,778.1990845930801,0.0007427754,-0.044720646,-0.037394892
0.9999095,0.0005112294,0,0.003219497,48.44271100689769,778.2008005713172,3538,5299.929,2.7522967,612.40424,0.27514562,6571.3687,3.3597808,0,,,,,48.44271100689769,0.00072537875,778.2008005713172,0.000741088,-0.044498574,-0.036841754
0.99951315,0.00051130285,0,0.003219926,48.44300911181361,778.1983096314568,3539,5298.7466,2.7525845,613.09503,0.27502403,6568.7637,3.3602636,0,,,,,48.44300911181361,0.00072704453,778.1983096314568,0.00074333133,-0.04433825,-0.036715854
0.9999804,0.00051133864,0,0.003220355,48.44489021650952,778.1999022396238,3540,5300.478,2.7525477,613.66125,0.27511504,6571.8345,3.3604987,0,,,,,48.44489021650952,0.00072609924,778.1999022396238,0.0007420514,-0.04404937,-0.037097584
1.000691,0.00051135867,0,0.0032207835,48.44407243418007,778.1997842443722,3541,5304.814,2.753163,613.5225,0.275242,6576.505,3.3606305,0,,,,,48.44407243418007,0.0007258671,778.1997842443722,0.0007417975,-0.044399437,-0.037044805
0.9999512,0.000511312,0,0.003221212,48.44345654087584,778.2024079390807,3542,5299.8066,2.7525501,613.8898,0.2751713,6571.6426,3.3603237,0,,,,,48.44345654087584,0.00072673603,778.2024079390807,0.0007423422,-0.044328563,-0.036906995
0.99974626,0.0005112774,0,0.00322164,48.44502843372391,778.1995511343812,3543,5298.3057,2.7522895,613.9868,0.27500626,6570.296,3.3600965,0,,,,,48.44502843372391,0.00072691665,778.1995511343812,0.00074301864,-0.0442307,-0.03667857
0.99955696,0.0005112534,0,0.0032220676,48.44505998931956,778.1990760313248,3544,5297.781,2.7522948,613.7682,0.27527064,6569.052,3.3599386,0,,,,,48.44505998931956,0.0007268439,778.1990760313248,0.0007429701,-0.044038136,-0.036636613
1.0001445,0.0005112924,0,0.0032224953,48.4440152881476,778.201794961422,3545,5300.3105,2.752475,612.9386,0.27516526,6572.9126,3.360195,0,,,,,48.4440152881476,0.00072667294,778.201794961422,0.00074249954,-0.04418222,-0.036584217
1.0007133,0.00051139155,0,0.0032229223,48.44258502688512,778.2027918515191,3546,5304.768,2.7530549,613.2679,0.275159,6576.6514,3.3608465,0,,,,,48.44258502688512,0.0007263779,778.2027918515191,0.0007420308,-0.044164438,-0.036110755
0.9980248,0.00051114056,0,0.0032233493,48.44370392439227,778.2016781321503,3547,5290.1475,2.7515578,614.31354,0.2750637,6558.9824,3.3591971,0,,,,,48.44370392439227,0.0007279327,778.2016781321503,0.00074373087,-0.044128012,-0.036420144
0.99874806,0.0005112336,0,0.0032237761,48.443615988475024,778.2022966157399,3548,5294.4814,2.7519782,612.8219,0.27517965,6563.736,3.3598082,0,,,,,48.443615988475024,0.0007262974,778.2022966157399,0.0007418968,-0.044108093,-0.03630531
1.0000023,0.0005112777,0,0.0032242027,48.4437222131148,778.2017635024628,3549,5301.748,2.7527065,613.1741,0.2752749,6571.9785,3.3600984,0,,,,,48.4437222131148,0.0007259749,778.2017635024628,0.00074159185,-0.04399926,-0.036076084
0.9995221,0.0005113954,0,0.0032246287,48.44356103464538,778.2021672364066,3550,5296.387,2.7521718,613.30884,0.27539375,6568.8228,3.3608718,0,,,,,48.44356103464538,0.0007264463,778.2021672364066,0.00074211165,-0.043897197,-0.036359094
0.9998618,0.00051130966,0,0.0032250546,48.443718550045304,778.2034763461422,3551,5302.037,2.752747,612.73895,0.27512622,6571.055,3.3603082,0,,,,,48.443718550045304,0.00072591676,778.2034763461422,0.0007413949,-0.04384982,-0.035893798
0.99968,0.00051112653,0,0.0032254802,48.44509582169523,778.2014307824759,3552,5298.351,2.7524667,614.04285,0.27571183,6569.8604,3.3591049,0,,,,,48.44509582169523,0.00072542106,778.2014307824759,0.00074117386,-0.043954324,-0.03583641
1.000011,0.00050563255,0,0.0032698533,48.42055646246073,778.1651303556666,3660,5239.039,2.747975,611.40186,0.27573422,6572.035,3.3229985,0,,,,,48.42055646246073,0.0007302304,778.1651303556666,0.000750712,-0.06611101,-0.06845249
1.0002139,0.00050628436,0,0.0032702493,48.424057540613404,778.1672280190835,3661,5242.276,2.748287,610.7546,0.2753994,6573.369,3.3272824,0,,,,,48.424057540613404,0.00072905864,778.1672280190835,0.0007493402,-0.06531883,-0.06811306
0.9999371,0.0005064437,0,0.003270645,48.421112412059756,778.1655060788582,3662,5241.851,2.7482095,611.4922,0.27505586,6571.5503,3.3283296,0,,,,,48.421112412059756,0.00072946487,778.1655060788582,0.00074995,-0.0648953,-0.06821089
0.99878436,0.00050648773,0,0.0032710405,48.424003948128714,778.1654962415801,3663,5238.245,2.7479239,611.17914,0.27538723,6563.974,3.328619,0,,,,,48.424003948128714,0.0007308383,778.1654962415801,0.0007513361,-0.06409207,-0.06738058
0.99962765,0.00050671806,0,0.0032714356,48.42276398525431,778.1684196565986,3664,5243.232,2.7483935,612.3282,0.27504057,6569.516,3.3301325,0,,,,,48.42276398525431,0.00073031825,778.1684196565986,0.0007503645,-0.063535966,-0.067193165
0.99906045,0.00050702237,0,0.0032718305,48.42423485643873,778.1685334610497,3665,5242.128,2.7482195,611.7355,0.27523574,6565.7886,3.3321323,0,,,,,48.42423485643873,0.0007301684,778.1685334610497,0.0007503453,-0.062968,-0.06672077
0.99919987,0.0005070438,0,0.0032722251,48.4247052294049,778.1674187507306,3666,5243.128,2.7484396,611.6902,0.2750062,6566.705,3.3322732,0,,,,,48.4247052294049,0.00073020835,778.1674187507306,0.000750387,-0.062765524,-0.066248186
0.9995199,0.0005075204,0,0.0032726196,48.4270193116028,778.168493961524,3667,5247.0483,2.7488666,611.5927,0.27542484,6568.808,3.3354056,0,,,,,48.4270193116028,0.0007297569,778.168493961524,0.000749774,-0.062344,-0.06526317
0.99937016,0.0005075383,0,0.0032730135,48.42502113616463,778.1678582914549,3668,5247.4014,2.7488594,610.9235,0.2752539,6567.824,3.3355234,0,,,,,48.42502113616463,0.0007303914,778.1678582914549,0.0007501557,-0.061797526,-0.0647651
0.9994437,0.0005077439,0,0.0032734075,48.42628802700938,778.1695730118837,3669,5248.186,2.7489893,611.43304,0.2754449,6568.3076,3.3368742,0,,,,,48.42628802700938,0.00072938175,778.1695730118837,0.0007492384,-0.06177765,-0.06426675
0.9997818,0.0005080799,0,0.003273801,48.425793862574295,778.1700504727949,3670,5252.0127,2.7495222,611.8881,0.27516258,6570.5293,3.3390822,0,,,,,48.425793862574295,0.0007296963,778.1700504727949,0.00074943574,-0.061544813,-0.0636253
0.9997427,0.0005081202,0,0.0032741942,48.426134262863854,778.1710323974388,3671,5252.395,2.7494757,611.9203,0.27520287,6570.2725,3.3393474,0,,,,,48.426134262863854,0.0007299974,778.1710323974388,0.0007495915,-0.061061848,-0.062814444
1.0002685,0.0005085048,0,0.0032745872,48.42634497707798,778.173380529493,3672,5257.0645,2.7500112,612.308,0.27527073,6573.728,3.3418748,0,,,,,48.42634497707798,0.0007283211,778.173380529493,0.00074790174,-0.06076786,-0.06181087
1.000434,0.0005085422,0,0.0032749798,48.4277944629664,778.1745081590259,3673,5258.9336,2.7501476,610.8859,0.2754288,6574.816,3.3421204,0,,,,,48.4277944629664,0.00072870665,778.1745081590259,0.00074773456,-0.060521446,-0.06074519
1.0000534,0.0005086528,0,0.0032753723,48.4273700412408,778.1740362404619,3674,5257.21,2.749873,612.1465,0.2750976,6572.3145,3.3428476,0,,,,,48.4273700412408,0.0007291667,778.1740362404619,0.00074842066,-0.060571786,-0.060266405
1.0008805,0.00050892215,0,0.0032757644,48.42833657497872,778.1758506809898,3675,5263.7983,2.7507017,611.5864,0.2752164,6577.75,3.3446176,0,,,,,48.42833657497872,0.0007280272,778.1758506809898,0.00074681104,-0.060443964,-0.05909821
0.99977887,0.00050877425,0,0.0032761563,48.42641535623869,778.17629387184,3676,5257.9707,2.749948,610.8003,0.27554172,6570.5103,3.3436458,0,,,,,48.42641535623869,0.0007288392,778.17629387184,0.0007476744,-0.059995078,-0.058987852
0.9993604,0.0005091326,0,0.0032765479,48.42618760418669,778.1763352182056,3677,5258.16,2.7500334,611.5474,0.27518955,6567.76,3.3460007,0,,,,,48.42618760418669,0.00072977704,778.1763352182056,0.0007486201,-0.059156623,-0.057946086
1.0005783,0.0005092786,0,0.0032769393,48.42736239622817,778.1805055369007,3678,5265.857,2.7509391,610.8883,0.2754543,6575.764,3.3469605,0,,,,,48.42736239622817,0.0007277879,778.1805055369007,0.0007460079,-0.058899138,-0.05746896
1.0005308,0.00050944695,0,0.0032773304,48.42830675253576,778.1772147575797,3679,5267.181,2.7510626,611.9627,0.27530035,6575.452,3.3480668,0,,,,,48.42830675253576,0.0007266192,778.1772147575797,0.0007453475,-0.0586184,-0.056946866
0.999274,0.0005093436,0,0.003277721,48.430339571093505,778.1788049746389,3680,5261.578,2.750652,611.5416,0.2754149,6567.1924,3.3473873,0,,,,,48.430339571093505,0.00073011976,778.1788049746389,0.00074881763,-0.058318935,-0.056302615
1.0002476,0.0005095375,0,0.0032781116,48.42925898423445,778.1790355819866,3681,5267.344,2.7511716,611.86676,0.27544093,6573.5903,3.348662,0,,,,,48.42925898423445,0.00072945544,778.1790355819866,0.0007480772,-0.057533078,-0.056213945
1.0000561,0.0005097394,0,0.0032785018,48.43019682844676,778.1794916932915,3682,5268.9917,2.7511568,610.78143,0.2754681,6572.332,3.3499885,0,,,,,48.43019682844676,0.00072869216,778.1794916932915,0.00074716454,-0.057116006,-0.054980807
0.9996804,0.0005095154,0,0.0032788918,48.43030815802378,778.179831591861,3683,5267.0464,2.751072,611.14606,0.27530974,6569.863,3.3485165,0,,,,,48.43030815802378,0.00072825333,778.179831591861,0.00074661185,-0.056347612,-0.055305053
0.9998234,0.00050980825,0,0.0032792815,48.43073988332205,778.1797997470045,3684,5268.8447,2.7514958,612.2356,0.27541494,6570.8027,3.350441,0,,,,,48.43073988332205,0.00072977267,778.1797997470045,0.00074825337,-0.056224205,-0.054652046
0.9992279,0.00050976855,0,0.0032796708,48.43188688762525,778.18286584905,3685,5266.772,2.7509696,611.3167,0.2752949,6566.889,3.3501804,0,,,,,48.43188688762525,0.00072796526,778.18286584905,0.000746134,-0.055883706,-0.054098446
0.99983454,0.0005097641,0,0.0032800601,48.43129067490167,778.1812954724769,3686,5269.9536,2.7514708,612.56775,0.27525693,6570.876,3.350151,0,,,,,48.43129067490167,0.00073034916,778.1812954724769,0.0007486894,-0.05532956,-0.054260757
1.000897,0.0005100322,0,0.003280449,48.43178599002835,778.1815790515137,3687,5277.3857,2.7522485,612.38226,0.2752251,6577.859,3.3519127,0,,,,,48.43178599002835,0.000728469,778.1815790515137,0.0007467077,-0.05498289,-0.05361589
1.0006572,0.0005100543,0,0.0032808376,48.43285895105771,778.1818744290473,3688,5276.697,2.7522156,611.9611,0.2755878,6576.282,3.3520582,0,,,,,48.43285895105771,0.0007274706,778.1818744290473,0.0007455931,-0.054674376,-0.053493533
1.0000135,0.00051002885,0,0.0032812257,48.43177704156423,778.1808539055935,3689,5272.0967,2.7518187,611.746,0.27552933,6572.0522,3.3518908,0,,,,,48.43177704156423,0.00072835095,778.1808539055935,0.00074671005,-0.054675516,-0.05426122
0.9995523,0.00050987786,0,0.0032816138,48.43209650032114,778.1839598006288,3690,5272.261,2.7504852,612.0179,0.27544415,6569.021,3.3508987,0,,,,,48.43209650032114,0.0007283477,778.1839598006288,0.00074618775,-0.0540401,-0.05279794
0.99915075,0.0005096314,0,0.0032820015,48.43318144478931,778.182617068359,3691,5270.2495,2.7490911,613.0818,0.2754369,6566.3823,3.349279,0,,,,,48.43318144478931,0.00072919053,778.182617068359,0.00074737484,-0.05369172,-0.05264203
1.0008516,0.0005102294,0,0.003282389,48.43331458192009,778.18209073709,3692,5280.486,2.7527492,612.6377,0.27528402,6577.56,3.3532088,0,,,,,48.43331458192009,0.00072810345,778.18209073709,0.0007462003,-0.05350359,-0.052845743
0.9996982,0.000509706,0,0.003282776,48.433193946693045,778.1838283242623,3693,5274.9395,2.74968,611.8636,0.27526462,6569.98,3.349769,0,,,,,48.433193946693045,0.0007284518,778.1838283242623,0.0007464838,-0.053366475,-0.052459307
0.99917394,0.000509815,0,0.003283163,48.43403507295861,778.1836447475087,3694,5273.416,2.7493834,613.07135,0.27537516,6566.5347,3.3504853,0,,,,,48.43403507295861,0.00072821707,778.1836447475087,0.00074619043,-0.05325039,-0.05189255
0.99919915,0.0005098367,0,0.0032835498,48.43338867614872,778.1845545791916,3695,5274.3955,2.7496612,613.56,0.27541703,6566.7,3.3506281,0,,,,,48.43338867614872,0.00072866905,778.1845545791916,0.0007464311,-0.052765228,-0.051502302
0.9993548,0.0005099631,0,0.003283936,48.434915529717486,778.1851704407768,3696,5275.1104,2.7496989,613.6891,0.27513692,6567.723,3.3514585,0,,,,,48.434915529717486,0.0007290015,778.1851704407768,0.00074684713,-0.052554533,-0.051399082
1.0001171,0.0005105419,128,0.0032843223,48.436870984823756,778.1849804869535,3697,5280.423,2.7525694,613.2268,0.27530634,6572.733,3.3552625,128,,,,,48.436870984823756,0.000728621,778.1849804869535,0.0007449643,-0.052498758,-0.051178794
0.9998114,0.00051017647,0,0.0032847081,48.43423397870402,778.1847998710373,3698,5278.247,2.7499158,612.08246,0.27543932,6570.724,3.3528612,0,,,,,48.43423397870402,0.00072799576,778.1847998710373,0.0007458133,-0.05243761,-0.05150441
0.9994961,0.00051013276,0,0.0032850937,48.43534370642286,778.1829281029627,3699,5277.2793,2.7500844,614.56525,0.27527958,6568.652,3.3525739,0,,,,,48.43534370642286,0.000728049,778.1829281029627,0.0007461866,-0.05234722,-0.05151455
1.000087,0.0005103182,0,0.0032854788,48.434296394608054,778.1856915423216,3700,5280.4204,2.7502635,613.8036,0.2751252,6572.535,3.3537927,0,,,,,48.434296394608054,0.00072750775,778.1856915423216,0.0007452546,-0.05245327,-0.050955847
0.99923056,0.00051023543,0,0.003285864,48.434022674668306,778.1851776803618,3701,5275.782,2.7497544,613.71967,0.27512166,6566.9067,3.3532486,0,,,,,48.434022674668306,0.0007277169,778.1851776803618,0.0007454656,-0.052758127,-0.050891574
1.0003263,0.0005104065,0,0.0032862485,48.43337003625126,778.1880369493157,3702,5283.04,2.7505596,613.1823,0.2755337,6574.108,3.3543727,0,,,,,48.43337003625126,0.0007275865,778.1880369493157,0.0007449398,-0.05274144,-0.04988924
1.0000222,0.00051041204,0,0.003286633,48.434723713120164,778.1864601137303,3703,5280.5923,2.7502277,613.51886,0.2751943,6572.1094,3.3544092,0,,,,,48.434723713120164,0.00072716636,778.1864601137303,0.00074477046,-0.05275216,-0.050467733
1.0005114,0.00051044533,0,0.003287017,48.43500255484592,778.1866500918668,3704,5284.115,2.7506983,613.17365,0.2749942,6575.324,3.3546278,0,,,,,48.43500255484592,0.00072764774,778.1866500918668,0.0007452898,-0.052596577,-0.049553137
0.9997002,0.00051039504,0,0.003287401,48.435354715234226,778.185368308852,3705,5279.1978,2.7500703,611.8486,0.27552482,6569.993,3.3542974,0,,,,,48.435354715234226,0.00072781916,778.185368308852,0.0007457268,-0.052590173,-0.05006383
0.9999731,0.0005105034,0,0.0032877848,48.433486839116654,778.1876888165814,3706,5280.7837,2.750215,612.1253,0.27511632,6571.7866,3.3550098,0,,,,,48.433486839116654,0.00072721235,778.1876888165814,0.00074465433,-0.05291049,-0.049366437
0.99974376,0.00051061803,0,0.003288168,48.43393669374534,778.1876133072418,3707,5280.8354,2.750197,611.97186,0.27547044,6570.2793,3.3557632,0,,,,,48.43393669374534,0.00072801625,778.1876133072418,0.00074546615,-0.05285418,-0.048400667
0.9997157,0.0005106054,0,0.003288551,48.43485509974,778.18647795959,3708,5278.823,2.7499928,612.1436,0.2751464,6570.0947,3.35568,0,,,,,48.43485509974,0.0007277946,778.18647795959,0.0007455291,-0.053002764,-0.04906281
0.9998505,0.0005106255,0,0.003288934,48.43372884481683,778.1867156098197,3709,5280.417,2.750045,611.8099,0.27520207,6570.981,3.355812,0,,,,,48.43372884481683,0.0007280818,778.1867156098197,0.0007456516,-0.053020783,-0.048710786
1.000199,0.00051071396,0,0.0032893163,48.433532638661674,778.1865742779015,3710,5283.059,2.7504308,611.2606,0.27543724,6573.271,3.3563933,0,,,,,48.433532638661674,0.00072726974,778.1865742779015,0.00074500224,-0.05271904,-0.04828098
1.002549,0.00051096664,0,0.0032896986,48.43410735744891,778.190240890854,3711,5296.643,2.751954,611.79614,0.2751077,6588.716,3.358054,0,,,,,48.43410735744891,0.0007254144,778.190240890854,0.00074253266,-0.052469708,-0.047818743
1.0000435,0.00051068614,0,0.0032900805,48.43435398032593,778.1893180703715,3712,5284.2705,2.7504442,611.6159,0.27545172,6572.2495,3.3562107,0,,,,,48.43435398032593,0.000727125,778.1893180703715,0.00074418314,-0.052168954,-0.047427524
0.9990253,0.00051053596,0,0.0032904623,48.43551622029416,778.1873076495633,3713,5278.034,2.7498028,611.0205,0.27536944,6565.5576,3.3552237,0,,,,,48.43551622029416,0.0007277769,778.1873076495633,0.00074527407,-0.051558897,-0.047877662
0.9999188,0.0005107818,0,0.0032908437,48.436154569329645,778.1892730826736,3714,5284.509,2.7505834,611.58545,0.27555168,6571.4297,3.3568394,0,,,,,48.436154569329645,0.00072739937,778.1892730826736,0.0007446802,-0.05170764,-0.047190677
0.9993492,0.0005107577,0,0.0032912248,48.43640759967644,778.1910810422678,3715,5282.627,2.7503848,611.81024,0.27562836,6567.686,3.3566806,0,,,,,48.43640759967644,0.00072751817,778.1910810422678,0.00074465224,-0.05150895,-0.04635566
0.999726,0.00051088585,0,0.0032916055,48.437169573909344,778.1884766400798,3716,5283.963,2.7505398,612.2021,0.2752881,6570.1626,3.357523,0,,,,,48.437169573909344,0.0007274689,778.1884766400798,0.00074487453,-0.05135267,-0.046551086
0.9994677,0.0005108609,0,0.0032919862,48.436867666448265,778.191182042337,3717,5283.651,2.7504394,611.554,0.2749995,6568.465,3.357359,0,,,,,48.436867666448265,0.0007279871,778.191182042337,0.00074503105,-0.051088363,-0.04596912
0.9998867,0.0005108648,0,0.0032923664,48.43730261534752,778.190726775462,3718,5285.714,2.7506843,611.23303,0.2754553,6571.2188,3.3573847,0,,,,,48.43730261534752,0.0007276161,778.190726775462,0.0007447887,-0.051049642,-0.04566281
1.0000943,0.0005108869,0,0.0032927466,48.43654295070062,778.1906237636726,3719,5288.046,2.7510524,612.61066,0.27517545,6572.583,3.35753,0,,,,,48.43654295070062,0.00072750315,778.1906237636726,0.000744593,-0.050725184,-0.045368217
1.0005734,0.00051098794,0,0.0032931264,48.43592283686486,778.1912025150715,3720,5291.319,2.7513669,611.79047,0.27528405,6575.7314,3.3581939,0,,,,,48.43592283686486,0.0007272814,778.1912025150715,0.0007442483,-0.050555967,-0.045114934
1.0001945,0.0005108444,0,0.0032935056,48.43675464704992,778.1923754851753,3721,5289.82,2.751121,611.87964,0.27496785,6573.242,3.3572507,0,,,,,48.43675464704992,0.00072680396,778.1923754851753,0.00074365863,-0.049850468,-0.044736277
0.99951303,0.0005108825,0,0.003293885,48.43816375654259,778.1934892074332,3722,5287.784,2.750894,611.0372,0.27520674,6568.763,3.3575013,0,,,,,48.43816375654259,0.0007269729,778.1934892074332,0.0007440103,-0.049666587,-0.0440213
0.99973774,0.00051087,0,0.0032942637,48.43706971291104,778.1933529049471,3723,5288.517,2.7510226,612.03046,0.2752024,6570.2397,3.357419,0,,,,,48.43706971291104,0.00072751165,778.1933529049471,0.0007443298,-0.04953185,-0.04407559
1.000718,0.00051108445,0,0.0032946425,48.4389753349798,778.1935699909714,3724,5295.5737,2.751892,611.9456,0.2752787,6576.682,3.3588283,0,,,,,48.4389753349798,0.0007262344,778.1935699909714,0.0007428226,-0.04876644,-0.04414044
0.99968016,0.00051092095,0,0.0032950207,48.437120178571575,778.1928652516751,3725,5289.3247,2.7510476,611.2317,0.27493054,6569.8613,3.3577538,0,,,,,48.437120178571575,0.00072749687,778.1928652516751,0.0007443314,-0.048858043,-0.044413608
1.0006368,0.0005112367,128,0.0032957767,48.439416713604494,778.1947020420348,3727,5295.3203,2.752559,611.7053,0.27506843,6576.1484,3.3598292,128,,,,,48.439416713604494,0.00072702405,778.1947020420348,0.00074357825,-0.04852037,-0.04372639
0.9992167,0.00051092677,0,0.003296154,48.43960816757364,778.191953187747,3728,5286.5938,2.7508852,612.4306,0.27488396,6566.8154,3.3577921,0,,,,,48.43960816757364,0.000728157,778.191953187747,0.0007451544,-0.048415598,-0.043678354
1.0000899,0.0005110814,0,0.0032965315,48.440793507710126,778.1938531890415,3729,5293.2925,2.7516756,611.3969,0.27546233,6572.554,3.3588085,0,,,,,48.440793507710126,0.000726797,778.1938531890415,0.0007434604,-0.04784808,-0.04306106
0.99897486,0.000510882,0,0.0032969085,48.44072315179491,778.1945664614645,3730,5288.1387,2.751141,612.4053,0.27570438,6565.226,3.357498,0,,,,,48.44072315179491,0.00072725833,778.1945664614645,0.00074398215,-0.04744139,-0.042582426
0.99907565,0.0005109948,0,0.0032972852,48.43999009595748,778.1955033508458,3731,5288.5586,2.750927,610.6615,0.27534902,6565.8887,3.3582392,0,,,,,48.43999009595748,0.0007271046,778.1955033508458,0.00074361276,-0.04752269,-0.042567786
0.998623,0.0005109512,0,0.0032976614,48.440917848012504,778.1951496643676,3732,5286.7925,2.750823,611.3407,0.27543253,6562.914,3.3579528,0,,,,,48.440917848012504,0.0007277723,778.1951496643676,0.0007441958,-0.0475233,-0.04274834
0.99920696,0.0005109943,0,0.0032980377,48.43963522417152,778.194800351499,3733,5289.4717,2.7510514,611.0021,0.27516598,6566.7515,3.3582356,0,,,,,48.43963522417152,0.0007269978,778.194800351499,0.00074349274,-0.046876438,-0.042907786
0.9996636,0.00051111524,0,0.0032984135,48.440882271366135,778.1934888271966,3734,5293.907,2.7516074,611.0971,0.2750741,6569.7524,3.3590307,0,,,,,48.440882271366135,0.0007268965,778.1934888271966,0.000743651,-0.046640456,-0.042467333
0.9997465,0.0005111232,0,0.003298789,48.4409556747685,778.1940991765791,3735,5294.5347,2.75157,610.93945,0.27530912,6570.2974,3.359083,0,,,,,48.4409556747685,0.00072608516,778.1940991765791,0.0007427353,-0.04643613,-0.042215236
1.0009959,0.00051127566,0,0.0032991644,48.441790086259346,778.1968661220826,3736,5301.2744,2.752587,610.9623,0.27545786,6578.5083,3.360085,0,,,,,48.441790086259346,0.00072523276,778.1968661220826,0.00074157584,-0.04574174,-0.042033236
1.000082,0.0005112644,128,0.0032995394,48.44277583288439,778.1951224238178,3737,5297.2124,2.7523918,611.8659,0.27486998,6572.5024,3.360011,128,,,,,48.44277583288439,0.0007269282,778.1951224238178,0.00074347307,-0.04568716,-0.041560464
0.9989831,0.000511079,0,0.003299914,48.443723812429994,778.1959575743799,3738,5290.906,2.7514324,611.0705,0.27498317,6565.2803,3.3587923,0,,,,,48.443723812429994,0.0007274283,778.1959575743799,0.0007440063,-0.045778245,-0.041240998
0.9993119,0.00051116623,0,0.0033002887,48.44152882751796,778.1963341870592,3739,5293.2837,2.7515616,611.8229,0.27529165,6567.4414,3.359366,0,,,,,48.44152882751796,0.0007268722,778.1963341870592,0.00074321264,-0.045322835,-0.041178502
0.9992758,0.0005111731,0,0.0033006629,48.44451261434658,778.1972566749766,3740,5293.949,2.7518358,611.9815,0.27527708,6567.204,3.359411,0,,,,,48.44451261434658,0.00072734413,778.1972566749766,0.00074348535,-0.045050416,-0.040475816
0.99995023,0.0005112089,8192,0.0033010368,48.44296362334473,778.1957625853627,3741,5297.326,2.7522137,611.7437,0.27517742,6571.636,3.3596463,8192,,,,,48.44296362334473,0.00072639016,778.1957625853627,0.00074297655,-0.04472601,-0.04068156
0.99994576,0.00051118876,0,0.0033014105,48.44304460128002,778.1983600918952,3742,5298.267,2.7521584,611.6882,0.27524593,6571.607,3.3595138,0,,,,,48.44304460128002,0.0007268809,778.1983600918952,0.00074303406,-0.044399213,-0.040219836
0.9995325,0.0005111775,0,0.0033017837,48.44198566607139,778.1958081349262,3743,5296.001,2.752055,611.91394,0.2750918,6568.891,3.3594398,0,,,,,48.44198566607139,0.0007271671,778.1958081349262,0.0007435296,-0.04410772,-0.04010597
1.0005542,0.0005113478,0,0.003302157,48.44491582657359,778.1979668100106,3744,5302.3003,2.7526083,610.5744,0.2752566,6575.6055,3.3605587,0,,,,,48.44491582657359,0.0007257555,778.1979668100106,0.00074184895,-0.043722957,-0.039718974
0.9998626,0.0005112938,0,0.0033025297,48.44287522716088,778.1978251253072,3745,5299.198,2.7523003,611.88837,0.2752569,6571.0605,3.3602045,0,,,,,48.44287522716088,0.00072675064,778.1978251253072,0.0007429039,-0.043730628,-0.03946113
0.9998194,0.0005112036,0,0.0033029022,48.444502692598505,778.1988592282464,3746,5298.7954,2.7520823,611.36444,0.27520606,6570.7764,3.3596115,0,,,,,48.444502692598505,0.00072701456,778.1988592282464,0.0007431741,-0.04366374,-0.039510798
0.99859387,0.00051110814,0,0.0033032743,48.444697540664286,778.1986607853479,3747,5293.9214,2.7516334,611.3593,0.27517393,6562.722,3.358984,0,,,,,48.444697540664286,0.0007273573,778.1986607853479,0.00074343913,-0.043226633,-0.03891515
0.9989828,0.00051114586,0,0.0033036463,48.44408019717976,778.1987810691508,3748,5295.8315,2.7518477,611.49603,0.27517352,6565.2783,3.359232,0,,,,,48.44408019717976,0.00072758005,778.1987810691508,0.00074370275,-0.043031614,-0.03844345
0.9982893,0.0005110532,0,0.003304018,48.443900016419015,778.198343158456,3749,5291.9175,2.7513514,611.4742,0.27524656,6560.7207,3.358623,0,,,,,48.443900016419015,0.0007271887,778.198343158456,0.00074337237,-0.0427808,-0.03834625
0.9991057,0.0005112153,0,0.0033043895,48.4433079530237,778.1985550288261,3750,5297.1978,2.7519388,611.2569,0.27511775,6566.086,3.3596883,0,,,,,48.4433079530237,0.0007263498,778.1985550288261,0.00074247556,-0.042840958,-0.038409784
1.00017,0.0005115202,128,0.0033047607,48.44513424382299,778.1978155218434,3751,5302.0776,2.7535076,612.123,0.2749781,6573.0806,3.361692,128,,,,,48.44513424382299,0.00072680775,778.1978155218434,0.00074297993,-0.042825602,-0.038357336
0.9998971,0.000511337,16,0.0033051313,48.446237881623816,778.1984778153834,3752,5301.039,2.7525406,612.2816,0.2751066,6571.287,3.3604882,16,,,,,48.446237881623816,0.0007271381,778.1984778153834,0.0007433418,-0.042598054,-0.038245864
0.99788475,0.0005110345,16,0.003305502,48.445572314780165,778.1991300175346,3753,5290.8916,2.7512925,611.73975,0.27491394,6558.062,3.3585,16,,,,,48.445572314780165,0.0007271862,778.1991300175346,0.00074329245,-0.042036742,-0.038626734
0.9987661,0.0005112723,16,0.0033058724,48.445487856156745,778.1991083503083,3754,5296.553,2.7519841,612.2571,0.2751154,6563.8545,3.3600626,16,,,,,48.445487856156745,0.00072727335,778.1991083503083,0.0007433695,-0.041887082,-0.038230687
0.9993626,0.0005113028,16,0.0033062424,48.44610540678133,778.2001187795288,3755,5302.001,2.7525926,611.432,0.2752995,6567.7744,3.3602633,16,,,,,48.44610540678133,0.0007264138,778.2001187795288,0.0007422722,-0.041672673,-0.03743452
0.99969774,0.0005113365,16,0.0033066121,48.446039989814025,778.200233748068,3756,5302.456,2.7526202,612.1791,0.27503592,6569.977,3.3604848,16,,,,,48.446039989814025,0.0007267099,778.200233748068,0.00074275973,-0.04135197,-0.036865685
0.99958557,0.00051124423,16,0.0033069816,48.44673592477016,778.1970306926537,3757,5294.845,2.7517958,611.2861,0.2751839,6569.2397,3.3598783,16,,,,,48.44673592477016,0.00072606636,778.1970306926537,0.0007424486,-0.040146533,-0.039017525
1.0001248,0.0005115683,16,0.0033073507,48.44786015278704,778.2006848190267,3758,5306.618,2.753245,611.80176,0.27510968,6572.7837,3.362008,16,,,,,48.44786015278704,0.00072604336,778.2006848190267,0.0007418082,-0.04169332,-0.036114283
0.9984913,0.0005113445,16,0.0033077197,48.445595053555536,778.2017776207597,3759,5294.5107,2.751782,611.45215,0.2750041,6562.0483,3.3605373,16,,,,,48.445595053555536,0.00072764995,778.2017776207597,0.0007433655,-0.041418474,-0.03603164
0.9981323,0.0005112072,16,0.0033080883,48.447617716632294,778.2016785759266,3760,5293.8555,2.7516289,611.3093,0.27539062,6559.689,3.359635,16,,,,,48.447617716632294,0.0007271617,778.2016785759266,0.00074296887,-0.041480154,-0.036215678
0.99935436,0.0005113053,0,0.0033084566,48.445677153833394,778.19993730804,3761,5300.472,2.7523825,611.0754,0.2750679,6567.72,3.3602798,0,,,,,48.445677153833394,0.0007268037,778.19993730804,0.00074282626,-0.041213885,-0.036120653
0.9997625,0.000511393,0,0.0033088247,48.44680377051341,778.20172006043,3762,5303.5884,2.7528274,611.9401,0.27489817,6570.4023,3.360856,0,,,,,48.44680377051341,0.0007269214,778.20172006043,0.00074267585,-0.041259754,-0.03604043
0.99912274,0.00051134353,0,0.0033091924,48.44663290696592,778.2009964888779,3763,5300.007,2.7524204,611.91425,0.2751694,6566.198,3.3605309,0,,,,,48.44663290696592,0.0007270076,778.2009964888779,0.00074279687,-0.0410324,-0.03560887
0.9991387,0.0005113528,0,0.00330956,48.44525085229795,778.2034884932318,3764,5299.558,2.752264,611.5037,0.27507332,6566.303,3.3605917,0,,,,,48.44525085229795,0.00072686636,778.2034884932318,0.00074231735,-0.041071177,-0.035694424
0.99898285,0.00051139353,0,0.0033099272,48.44621173982459,778.2028500880793,3765,5300.686,2.7524655,611.90137,0.27508405,6565.279,3.3608596,0,,,,,48.44621173982459,0.0007266871,778.2028500880793,0.00074225466,-0.040708493,-0.03509115
1.0002904,0.0005114689,0,0.0033102941,48.44795100062217,778.2028912280501,3766,5307.531,2.753203,611.2744,0.27496833,6573.872,3.361355,0,,,,,48.44795100062217,0.00072562596,778.2028912280501,0.00074116245,-0.040635735,-0.03500662
0.9990507,0.0005113796,0,0.0033106608,48.44681516935182,778.20234125002,3767,5301.8716,2.7525373,610.7931,0.27512535,6565.7246,3.360768,0,,,,,48.44681516935182,0.00072596566,778.20234125002,0.00074162806,-0.04065531,-0.034644905
0.9993692,0.00051153486,0,0.0033110273,48.44854287032767,778.204322552611,3768,5304.5527,2.75295,611.21674,0.27506182,6567.818,3.3617885,0,,,,,48.44854287032767,0.0007272366,778.204322552611,0.0007426059,-0.03983092,-0.03341358
0.9996322,0.00051145675,0,0.0033113933,48.447732895824004,778.2040633001491,3769,5305.4585,2.7527845,610.48413,0.2750991,6569.546,3.361275,0,,,,,48.447732895824004,0.000726045,778.2040633001491,0.0007414235,-0.03989226,-0.033352613
0.99942577,0.0005114768,0,0.0033117593,48.446412156421744,778.2037094598454,3770,5305.3545,2.7528594,611.0301,0.2753644,6568.1895,3.361407,0,,,,,48.446412156421744,0.0007260737,778.2037094598454,0.00074135995,-0.039551225,-0.03306413
0.9998559,0.00051155855,0,0.0033121249,48.44700314969386,778.2046592221818,3771,5306.745,2.7531006,611.1466,0.27524003,6571.016,3.361944,0,,,,,48.44700314969386,0.0007264312,778.2046592221818,0.00074171246,-0.039724585,-0.033312827
0.9990475,0.000511428,0,0.00331249,48.4474368613607,778.2032948616504,3772,5303.1377,2.7525556,610.0112,0.27491638,6565.7036,3.361086,0,,,,,48.4474368613607,0.0007272843,778.2032948616504,0.00074274896,-0.03927336,-0.03273788
0.9989102,0.0005113737,0,0.003312855,48.44708218577778,778.2045765837564,3773,5303.5913,2.7525806,611.199,0.27522594,6564.8013,3.360729,0,,,,,48.44708218577778,0.0007276513,778.2045765837564,0.0007429411,-0.039266523,-0.032501556
0.9997574,0.00051149377,0,0.0033132199,48.447906116620295,778.2045733779992,3774,5306.5156,2.7530982,610.8825,0.27523512,6570.369,3.3615181,0,,,,,48.447906116620295,0.0007269168,778.2045733779992,0.00074220164,-0.039480396,-0.03293124
0.99968207,0.0005114665,0,0.0033135843,48.44874825999027,778.2054978107614,3775,5307.3657,2.7530634,611.1345,0.27497363,6569.874,3.361339,0,,,,,48.44874825999027,0.0007273404,778.2054978107614,0.00074264046,-0.039048925,-0.032240253
0.9998448,0.00051152456,0,0.0033139484,48.44813787251932,778.2046756114614,3776,5307.623,2.7531033,610.57776,0.27523237,6570.9434,3.3617208,0,,,,,48.44813787251932,0.00072703557,778.2046756114614,0.00074241846,-0.039339367,-0.032126136
0.9989152,0.0005114543,0,0.0033143123,48.44960684360146,778.2041698213511,3777,5302.6963,2.7526593,610.6512,0.2750359,6564.834,3.361259,0,,,,,48.44960684360146,0.0007280879,778.2041698213511,0.0007435544,-0.039045434,-0.032185633
0.9994839,0.0005115609,0,0.003314676,48.4485765013656,778.2055463746145,3778,5305.8677,2.7528927,609.7914,0.2754901,6568.5713,3.3619592,0,,,,,48.4485765013656,0.00072599127,778.2055463746145,0.00074120436,-0.03917259,-0.031983435
0.9996219,0.0005115697,0,0.0033150392,48.44799203168444,778.2060060492327,3779,5306.1685,2.7528598,610.074,0.2750769,6569.4785,3.3620174,0,,,,,48.44799203168444,0.0007250636,778.2060060492327,0.00074023247,-0.03908583,-0.032035146
0.99963105,0.00051161303,0,0.0033154022,48.448549342421074,778.2064245106769,3780,5307.0576,2.7530901,610.3073,0.27511308,6569.5386,3.362302,0,,,,,48.448549342421074,0.00072628405,778.2064245106769,0.00074137124,-0.03906532,-0.03170379
0.9995379,0.0005115804,0,0.003315765,48.44784550489985,778.2053221273329,3781,5307.0674,2.7531712,611.05035,0.2751076,6568.9263,3.3620875,0,,,,,48.44784550489985,0.0007265014,778.2053221273329,0.000741696,-0.03889811,-0.031201573
1.0000303,0.0005115587,0,0.0033161275,48.448496150673826,778.2046743900778,3782,5309.889,2.7532685,610.47736,0.2752618,6572.1626,3.3619454,0,,,,,48.448496150673826,0.0007257056,778.2046743900778,0.0007409591,-0.038514864,-0.03129315
0.99956137,0.00051160605,0,0.0033164897,48.449071285603964,778.2068220013433,3783,5308.3486,2.753171,610.1499,0.27525115,6569.0806,3.3622563,0,,,,,48.449071285603964,0.00072603725,778.2068220013433,0.00074093253,-0.038367707,-0.030850146
1.0000786,0.00051158614,0,0.0033168516,48.448117696496766,778.2053490559616,3784,5311.03,2.7534564,610.17957,0.27516875,6572.48,3.3621254,0,,,,,48.448117696496766,0.00072650105,778.2053490559616,0.0007418033,-0.038059037,-0.030541275
0.9995048,0.00051162654,128,0.0033172134,48.448849797877436,778.2055001100574,3785,5308.0093,2.7537498,611.15106,0.2749776,6568.709,3.362391,128,,,,,48.448849797877436,0.00072611246,778.2055001100574,0.0007412565,-0.037912287,-0.030720487
0.9989229,0.00051152747,0,0.0033175747,48.44839761572102,778.2059658380805,3786,5305.184,2.7528133,610.2737,0.27520335,6564.885,3.3617399,0,,,,,48.44839761572102,0.0007269606,778.2059658380805,0.0007421504,-0.038059473,-0.030467028
0.9988996,0.0005115644,0,0.0033179359,48.449954524431,778.2065142982724,3787,5304.6465,2.7528644,610.9878,0.2753853,6564.7314,3.3619823,0,,,,,48.449954524431,0.00072716264,778.2065142982724,0.0007424494,-0.037981994,-0.030080916
0.9993964,0.0005116238,0,0.0033182965,48.449954912175855,778.208796249665,3788,5308.0664,2.7531276,610.1643,0.27514955,6567.9966,3.3623729,0,,,,,48.449954912175855,0.0007260231,778.208796249665,0.0007408132,-0.037947617,-0.030024856
1.0002384,0.0005117312,0,0.0033186572,48.449911004675805,778.2082905377416,3789,5312.637,2.75362,609.5914,0.27515113,6573.5303,3.3630788,0,,,,,48.449911004675805,0.0007255468,778.2082905377416,0.0007404861,-0.038055226,-0.029985944
0.99849606,0.0005115302,0,0.0033190174,48.45030166603832,778.205789418414,3790,5303.8667,2.752762,610.03815,0.27528217,6562.0796,3.3617578,0,,,,,48.45030166603832,0.0007272253,778.205789418414,0.00074232114,-0.037795614,-0.029216276
1.0000914,0.00051175494,0,0.0033193773,48.450398258537426,778.2093425115775,3791,5313.6987,2.7537782,609.4031,0.27531943,6572.564,3.3632348,0,,,,,48.450398258537426,0.00072559784,778.2093425115775,0.0007403702,-0.03731911,-0.028303262
0.9995325,0.00051163236,0,0.003319737,48.449976025665805,778.2089797749425,3792,5309.804,2.7534258,611.0899,0.27498892,6568.891,3.3624291,0,,,,,48.449976025665805,0.0007263702,778.2089797749425,0.00074097904,-0.0370387,-0.028110877
1.0002378,0.00051174226,0,0.0033200965,48.450822735022065,778.2090337639909,3793,5314.0728,2.7538571,610.78235,0.2749894,6573.5264,3.3631516,0,,,,,48.450822735022065,0.000727302,778.2090337639909,0.00074214675,-0.03697359,-0.028137023
1.0002676,0.00051176205,0,0.0033204556,48.450942694125516,778.2106897016988,3794,5314.219,2.753874,610.3848,0.275127,6573.722,3.3632812,0,,,,,48.450942694125516,0.0007258372,778.2106897016988,0.00074022135,-0.037048247,-0.027699865
0.9997176,0.0005116601,0,0.0033208143,48.44891867050764,778.2106323109268,3795,5311.7393,2.7534356,610.3371,0.27493042,6570.1074,3.3626115,0,,,,,48.44891867050764,0.00072614016,778.2106323109268,0.0007407191,-0.03665092,-0.027179891
1.0009586,0.0005118099,0,0.003321173,48.44939543249394,778.2101188177512,3796,5318.041,2.7542021,609.93994,0.2751169,6578.2627,3.363596,0,,,,,48.44939543249394,0.0007244574,778.2101188177512,0.000738962,-0.036967713,-0.027835043
0.99888355,0.0005115822,0,0.0033215312,48.44923668915244,778.2100773780093,3797,5305.8447,2.7529113,610.34326,0.27503538,6564.626,3.3620994,0,,,,,48.44923668915244,0.00072707335,778.2100773780093,0.0007418136,-0.037173055,-0.027969437
0.9989054,0.0005116445,0,0.0033218893,48.450115287451936,778.2089764849933,3798,5307.1777,2.7530756,610.7946,0.27507386,6564.77,3.3625093,0,,,,,48.450115287451936,0.00072685664,778.2089764849933,0.00074171857,-0.03694664,-0.027389491
0.99947286,0.00051169965,0,0.003322247,48.4518301572078,778.209954323079,3799,5309.7905,2.753324,610.521,0.2747129,6568.499,3.3628712,0,,,,,48.4518301572078,0.00072695647,778.209954323079,0.00074166886,-0.03692604,-0.027565947
0.99941856,0.0005116579,0,0.0033226046,48.45032078365632,778.2102767098185,3800,5309.8643,2.7532406,610.3802,0.2752033,6568.142,3.362597,0,,,,,48.45032078365632,0.0007257724,778.2102767098185,0.0007404091,-0.036711983,-0.027602246
0.99876565,0.00051160535,0,0.0033229617,48.4511707980736,778.2100172786065,3801,5307.18,2.7530673,609.975,0.27547202,6563.851,3.3622515,0,,,,,48.4511707980736,0.00072704605,778.2100172786065,0.00074177276,-0.03673948,-0.02740398
0.99978155,0.000511695,0,0.0033233184,48.451760267419644,778.2107594959572,3802,5312.2646,2.7536309,609.7593,0.27514663,6570.528,3.362841,0,,,,,48.451760267419644,0.0007263168,778.2107594959572,0.0007409049,-0.03635014,-0.027085116
0.99942666,0.00051171664,0,0.0033236751,48.45032055443476,778.2109642008742,3803,5310.4644,2.7534993,610.6045,0.27511624,6568.1953,3.362983,0,,,,,48.45032055443476,0.0007265947,778.2109642008742,0.0007411235,-0.036613278,-0.027204558
0.99983823,0.0005117792,0,0.0033240314,48.45037175292693,778.2095614713451,3804,5312.6753,2.7537222,610.12933,0.2753381,6570.9004,3.3633943,0,,,,,48.45037175292693,0.0007266806,778.2095614713451,0.00074131385,-0.036862783,-0.027067006
0.99819106,0.0005116044,0,0.0033243876,48.45151614603854,778.2103814945334,3805,5302.87,2.7526138,610.7087,0.27513888,6560.075,3.3622453,0,,,,,48.45151614603854,0.0007276934,778.2103814945334,0.000742389,-0.036575653,-0.026797825
0.99980974,0.000511752,0,0.0033247434,48.45159023166486,778.2129355655422,3806,5313.4995,2.753662,610.23895,0.275214,6570.713,3.3632152,0,,,,,48.45159023166486,0.00072636915,778.2129355655422,0.0007405869,-0.03616406,-0.026081061
1.0014188,0.00051257544,128,0.0033250987,48.452050006356245,778.2120649254907,3807,5321.562,2.758215,610.75977,0.27503523,6581.2876,3.368627,128,,,,,48.452050006356245,0.0007252645,778.2120649254907,0.00074008526,-0.036014963,-0.025935384
0.99914044,0.00051171565,0,0.003325454,48.45107278455839,778.2107167024291,3808,5309.4805,2.7534418,610.77454,0.2751979,6566.3145,3.3629766,0,,,,,48.45107278455839,0.0007272217,778.2107167024291,0.0007417992,-0.036154058,-0.026170906
0.99996287,0.0005117813,0,0.0033258088,48.45137475682634,778.2118822393879,3809,5315.0195,2.7538695,610.2016,0.27532157,6571.719,3.363408,0,,,,,48.45137475682634,0.00072640873,778.2118822393879,0.0007408065,-0.03570437,-0.025196549
1.0006465,0.00051183614,0,0.0033261636,48.451816331743544,778.2101711393215,3810,5317.7803,2.75427,610.0672,0.27554482,6576.212,3.3637683,0,,,,,48.451816331743544,0.00072553224,778.2101711393215,0.00074041437,-0.03591687,-0.025692584
0.9990003,0.00051171647,0,0.003326518,48.451480470304716,778.2110630955852,3811,5309.4985,2.7533994,609.8828,0.275169,6565.3936,3.362982,0,,,,,48.451480470304716,0.00072668615,778.2110630955852,0.0007411073,-0.035750516,-0.025161829
1.0005084,0.00051180937,0,0.003326872,48.45103150299808,778.2127181101334,3812,5318.0747,2.7541606,609.6361,0.27520785,6575.3047,3.3635924,0,,,,,48.45103150299808,0.00072552083,778.2127181101334,0.00073966465,-0.035476446,-0.024808528
1.000545,0.00051186763,0,0.0033272258,48.45199852729394,778.2130691365045,3813,5318.0884,2.7542138,609.3327,0.27526093,6575.545,3.3639753,0,,,,,48.45199852729394,0.00072621525,778.2130691365045,0.0007403754,-0.0352893,-0.024710676
1.0014751,0.0005119827,0,0.0033275792,48.451499545064955,778.2154701857602,3814,5323.7266,2.7547953,609.57275,0.27500945,6581.6577,3.3647318,0,,,,,48.451499545064955,0.00072525133,778.2154701857602,0.00073918264,-0.03548743,-0.024751807
1.000148,0.0005117871,0,0.0033279324,48.45392868059635,778.2130505548799,3815,5316.1763,2.7540362,610.78625,0.27489376,6572.9365,3.3634458,0,,,,,48.45392868059635,0.00072584144,778.2130505548799,0.00074009394,-0.035069767,-0.024188219
1.0000602,0.0005118237,0,0.0033282854,48.45300595804159,778.2141846897415,3816,5315.62,2.7541173,610.09686,0.27515784,6572.359,3.3636866,0,,,,,48.45300595804159,0.00072543917,778.2141846897415,0.00073949905,-0.035267394,-0.024628038
1.0000579,0.00051189715,128,0.0033286382,48.45323258713272,778.2137902071381,3817,5316.517,2.7545662,610.5037,0.2750636,6572.3438,3.3641691,128,,,,,48.45323258713272,0.0007250952,778.2137902071381,0.0007392435,-0.03499477,-0.024135794
1.0002242,0.000511895,0,0.0033289907,48.45431938453741,778.214742125566,3818,5317.25,2.7542138,610.89966,0.27528077,6573.437,3.3641553,0,,,,,48.45431938453741,0.0007262561,778.214742125566,0.000740158,-0.034964398,-0.023896832
0.99897695,0.00051167846,0,0.0033293427,48.45290428528986,778.2128440210029,3819,5310.6924,2.7535362,611.085,0.27519363,6565.2397,3.362732,0,,,,,48.45290428528986,0.0007267216,778.2128440210029,0.000741012,-0.034975637,-0.024118017
0.9996872,0.00051177724,8192,0.0033296945,48.4529549582139,778.2122336204369,3820,5313.9243,2.7538435,610.7841,0.27518135,6569.9077,3.3633811,8192,,,,,48.4529549582139,0.00072597037,778.2122336204369,0.0007402503,-0.03531076,-0.024492947
0.9992752,0.00051182177,0,0.003330046,48.454103370187056,778.2135601695638,3821,5312.2446,2.7537165,610.88226,0.2752007,6567.2,3.363674,0,,,,,48.454103370187056,0.00072676054,778.2135601695638,0.0007409426,-0.034925226,-0.02401969
1.0000815,0.0005118585,0,0.0033303974,48.45355114446076,778.2130664990557,3822,5317.4536,2.7542272,610.02234,0.2753353,6572.4995,3.3639154,0,,,,,48.45355114446076,0.00072630314,778.2130664990557,0.0007405767,-0.034519963,-0.023443386
1.0003815,0.00051188335,0,0.0033307483,48.4527206115191,778.2137411791016,3823,5318.4233,2.7545137,611.7392,0.27544868,6574.47,3.3640788,0,,,,,48.4527206115191,0.00072604057,778.2137411791016,0.0007400956,-0.03451256,-0.023608468
0.9989703,0.0005117196,0,0.0033310992,48.45452662117421,778.2142222643209,3824,5311.331,2.753636,611.2393,0.2749385,6565.1963,3.3630025,0,,,,,48.45452662117421,0.00072736794,778.2142222643209,0.0007414584,-0.034519866,-0.023212126
0.99986917,0.0005118963,0,0.0033314496,48.45332344658555,778.2153438959566,3825,5315.951,2.7542176,611.0129,0.27497578,6571.1035,3.3641634,0,,,,,48.45332344658555,0.0007267705,778.2153438959566,0.0007402816,-0.03443963,-0.023301456
0.9992479,0.000511764,0,0.0033317998,48.45424159877962,778.2139637075518,3826,5312.3315,2.7537465,610.6403,0.27503175,6567.0205,3.3632944,0,,,,,48.45424159877962,0.0007260342,778.2139637075518,0.0007402507,-0.034342494,-0.023212854
1.0007787,0.0005119353,0,0.0033321495,48.45148920243169,778.2151194474691,3827,5321.4272,2.7546952,610.0651,0.27550012,6577.0806,3.36442,0,,,,,48.45148920243169,0.00072527234,778.2151194474691,0.0007392237,-0.03429245,-0.022997014
0.99921435,0.00051184086,0,0.0033324992,48.453424323246225,778.2127654447811,3828,5312.026,2.7538261,610.6282,0.2754296,6566.8003,3.3637993,0,,,,,48.453424323246225,0.00072707393,778.2127654447811,0.0007413544,-0.034456313,-0.023228439
0.99919325,0.00051178114,0,0.0033328484,48.452183917153114,778.2129173275256,3829,5311.7817,2.7537236,610.7851,0.27492025,6566.6616,3.363407,0,,,,,48.452183917153114,0.0007278334,778.2129173275256,0.0007421048,-0.034414086,-0.023444189
1.0002093,0.00051189604,0,0.0033331974,48.4519863713931,778.2134426634499,3830,5317.5703,2.7542987,610.8343,0.27500322,6573.339,3.3641622,0,,,,,48.4519863713931,0.00072602613,778.2134426634499,0.0007401551,-0.03472733,-0.023618158
0.9989442,0.0005116705,0,0.0033335462,48.45366793534831,778.213811585468,3831,5310.079,2.753412,610.4568,0.2752529,6565.025,3.3626797,0,,,,,48.45366793534831,0.0007266243,778.213811585468,0.00074075983,-0.03467353,-0.023721153
0.9996781,0.0005117621,0,0.0033338945,48.45354681950677,778.2132947425359,3832,5315.6206,2.75407,610.7177,0.2751677,6569.8477,3.363282,0,,,,,48.45354681950677,0.0007265695,778.2132947425359,0.0007407643,-0.03438267,-0.023225168
0.998923,0.0005117377,0,0.0033342429,48.45283860546,778.2150951770304,3833,5311.262,2.753592,610.12006,0.27523053,6564.8853,3.3631215,0,,,,,48.45283860546,0.0007270635,778.2150951770304,0.00074129546,-0.034328382,-0.02310856
1.0000807,0.00051192526,0,0.0033345907,48.453901153362224,778.2141836286661,3834,5317.832,2.7543197,610.3959,0.27516693,6572.494,3.3643541,0,,,,,48.453901153362224,0.0007261708,778.2141836286661,0.00074024237,-0.03414682,-0.022813868
0.99894387,0.0005117633,0,0.0033349383,48.453280650091365,778.2152715217399,3835,5312.291,2.753644,610.7511,0.27511114,6565.0225,3.3632898,0,,,,,48.453280650091365,0.0007268359,778.2152715217399,0.00074087054,-0.033876672,-0.022220511
0.99935114,0.00051182334,0,0.0033352857,48.45446328618586,778.2152131688548,3836,5313.993,2.7538157,610.2324,0.2756289,6567.699,3.3636844,0,,,,,48.45446328618586,0.00072619785,778.2152131688548,0.00074015197,-0.033778157,-0.022234596
0.9998414,0.00051192206,0,0.0033356326,48.45413350691797,778.2167130617343,3837,5318.0195,2.7542586,610.1484,0.2751781,6570.921,3.3643332,0,,,,,48.45413350691797,0.00072564284,778.2167130617343,0.00073953735,-0.033368252,-0.021480953
1.000127,0.00051188836,0,0.0033359795,48.45381269941706,778.214691133617,3838,5319.431,2.754447,610.10114,0.2750688,6572.798,3.3641117,0,,,,,48.45381269941706,0.0007258902,778.214691133617,0.000740032,-0.033562418,-0.021708049
0.9987961,0.00051180844,0,0.003336326,48.45346255958514,778.2154726856909,3839,5311.2827,2.7536824,611.8292,0.27501783,6564.0513,3.3635862,0,,,,,48.45346255958514,0.00072811573,778.2154726856909,0.0007420536,-0.033563294,-0.021910442
0.9999496,0.0005119267,0,0.0033366722,48.45389313643077,778.2159860366634,3840,5318.808,2.754431,611.3455,0.27518693,6571.632,3.3643637,0,,,,,48.45389313643077,0.0007261483,778.2159860366634,0.0007398711,-0.03341547,-0.021447228
0.99957293,0.00051192025,0,0.0033370182,48.45287990708193,778.2146633030609,3841,5315.9707,2.7542577,610.7112,0.275166,6569.1567,3.364321,0,,,,,48.45287990708193,0.0007274219,778.2146633030609,0.00074141554,-0.033387206,-0.02161337
1.0002264,0.00051195076,0,0.0033373637,48.45269713479858,778.2148138359188,3842,5320.078,2.7544568,610.2936,0.27526134,6573.451,3.3645215,0,,,,,48.45269713479858,0.000726284,778.2148138359188,0.00074020715,-0.03312522,-0.020965409
0.9995659,0.0005118197,8192,0.003337709,48.454169520432615,778.2147736158304,3843,5316.571,2.7541556,610.99554,0.27505466,6569.1104,3.36366,8192,,,,,48.454169520432615,0.00072682253,778.2147736158304,0.00074088277,-0.033057973,-0.02087954
0.9993409,0.00051183574,0,0.003338054,48.45334835324388,778.2145545739028,3844,5314.737,2.754037,611.55774,0.2753614,6567.632,3.3637657,0,,,,,48.45334835324388,0.00072717783,778.2145545739028,0.0007412171,-0.03305635,-0.021116612
0.9989252,0.0005118381,0,0.0033383989,48.45532978242731,778.2165517890335,3845,5313.329,2.7538695,609.7961,0.27503386,6564.9,3.3637812,0,,,,,48.45532978242731,0.0007271121,778.2165517890335,0.0007409713,-0.032798443,-0.020806463
1.0001131,0.00051192445,0,0.0033387435,48.45373001994943,778.2155992059875,3846,5319.3677,2.7544794,609.4813,0.27521947,6572.707,3.3643486,0,,,,,48.45373001994943,0.00072590105,778.2155992059875,0.00073978864,-0.03290613,-0.020866625
0.9998834,0.00051188626,0,0.0033390876,48.455053431411635,778.215832562841,3847,5318.289,2.7541964,610.63806,0.27535298,6571.1973,3.3640978,0,,,,,48.455053431411635,0.00072671485,778.215832562841,0.0007405985,-0.032893416,-0.021133693
1.0003426,0.0005119124,0,0.0033394317,48.45756227390554,778.2166446750582,3848,5321.438,2.7545881,609.4394,0.27506092,6574.215,3.3642695,0,,,,,48.45756227390554,0.0007242247,778.2166446750582,0.0007380372,-0.03280653,-0.020703426
0.9995169,0.0005118104,0,0.0033397754,48.454930763057455,778.2176388865546,3849,5316.4204,2.7541254,610.07733,0.2750942,6568.7886,3.3635993,0,,,,,48.454930763057455,0.00072595273,778.2176388865546,0.00073957717,-0.032751743,-0.02084119
0.998423,0.0005117731,0,0.0033401188,48.45563011506889,778.2176806759518,3850,5310.9,2.7537625,611.5018,0.27504748,6561.599,3.363354,0,,,,,48.45563011506889,0.00072636246,778.2176806759518,0.00073989923,-0.03269995,-0.02045008
0.99989665,0.0005119135,0,0.0033404618,48.45601799599875,778.2164653882273,3851,5319.18,2.7544842,610.2259,0.27519393,6571.284,3.364277,0,,,,,48.45601799599875,0.000725383,778.2164653882273,0.00073916675,-0.032692093,-0.020461978
1.000495,0.00051196344,0,0.0033408047,48.454551358150894,778.2177909831765,3852,5321.4976,2.7547479,610.5251,0.2753968,6575.2163,3.364605,0,,,,,48.454551358150894,0.000725529,778.2177909831765,0.00073918526,-0.032597866,-0.020695204
0.9987732,0.0005118574,0,0.0033411472,48.453491546719164,778.2161912777822,3853,5312.587,2.753922,611.2056,0.27520642,6563.901,3.363908,0,,,,,48.453491546719164,0.0007275697,778.2161912777822,0.0007414829,-0.03260782,-0.02066688
0.9999407,0.00051191414,0,0.0033414895,48.45496724399846,778.2171049843455,3854,5319.105,2.7543578,609.64417,0.2752523,6571.5737,3.3642812,0,,,,,48.45496724399846,0.0007265458,778.2171049843455,0.0007403994,-0.032726534,-0.020705478
1.000451,0.0005119949,0,0.0033418313,48.45483460695849,778.2170001889078,3855,5322.229,2.7547214,609.73785,0.27524287,6574.9272,3.3648117,0,,,,,48.45483460695849,0.00072543265,778.2170001889078,0.0007391396,-0.032615878,-0.020425176
0.9987278,0.0005117974,0,0.003342173,48.45500763641834,778.2167247877368,3856,5313.7236,2.7539048,609.77625,0.2752758,6563.6025,3.3635135,0,,,,,48.45500763641834,0.00072665844,778.2167247877368,0.00074049126,-0.03235131,-0.020397177
0.9999472,0.0005119182,8192,0.0033425144,48.45356253817101,778.217908385155,3857,5319.722,2.7544591,610.0216,0.27539158,6571.616,3.3643076,8192,,,,,48.45356253817101,0.00072665286,778.217908385155,0.0007403174,-0.03248969,-0.020569455
0.99890983,0.0005117932,0,0.0033428557,48.4554128761477,778.2166331620444,3858,5314.7725,2.7539186,610.3387,0.2753237,6564.799,3.363486,0,,,,,48.4554128761477,0.0007266161,778.2166331620444,0.0007399488,-0.032345235,-0.020189546
1.0004683,0.00051193405,0,0.0033431964,48.45319104538282,778.217444376747,3859,5322.209,2.7547138,610.1971,0.27499717,6575.0405,3.3644118,0,,,,,48.45319104538282,0.0007253952,778.217444376747,0.00073908153,-0.032480087,-0.020304618
0.9996491,0.0005118873,0,0.003343537,48.45562403534696,778.2169408935958,3860,5317.7734,2.7542431,611.43353,0.27545696,6569.657,3.3641047,0,,,,,48.45562403534696,0.0007259954,778.2169408935958,0.0007396512,-0.032304447,-0.020387849
1.0000094,0.00051191385,0,0.0033438774,48.45406868574988,778.2171736726409,3861,5320.303,2.7544873,610.89667,0.2749728,6572.0254,3.364279,0,,,,,48.45406868574988,0.00072637637,778.2171736726409,0.00074015534,-0.032233644,-0.019856444
0.99948466,0.00051187695,0,0.0033442173,48.45707609374329,778.2190620456951,3862,5317.1567,2.7543027,611.26434,0.27535114,6568.5767,3.3640366,0,,,,,48.45707609374329,0.0007275546,778.2190620456951,0.00073985715,-0.032061525,-0.019629408
0.9991182,0.00051190256,0,0.003344557,48.45523725950703,778.2163330352007,3863,5315.382,2.7543359,612.079,0.27507788,6566.1685,3.364205,0,,,,,48.45523725950703,0.00072685786,778.2163330352007,0.0007406481,-0.032020632,-0.019810153
0.9997981,0.000511891,0,0.0033448965,48.45585073490067,778.2179379442771,3864,5319.822,2.7545574,611.15125,0.27547228,6570.6367,3.3641286,0,,,,,48.45585073490067,0.0007258466,778.2179379442771,0.00073952717,-0.031843502,-0.019624332
0.99964887,0.0005118835,0,0.0033452355,48.45606939620885,778.2167362883152,3865,5317.8516,2.7544918,611.6683,0.27544925,6569.656,3.36408,0,,,,,48.45606939620885,0.00072651525,778.2167362883152,0.00074029405,-0.031934477,-0.019688047
0.9992709,0.0005118815,0,0.0033455745,48.455424992350096,778.2182589395696,3866,5316.379,2.7542257,611.24054,0.2753395,6567.172,3.3640664,0,,,,,48.455424992350096,0.00072560064,778.2182589395696,0.00073927286,-0.031925406,-0.019771108
0.9995903,0.00051192724,0,0.003345913,48.45420803635821,778.2169871519286,3867,5318.2935,2.7546976,612.58636,0.275319,6569.2705,3.3643672,0,,,,,48.45420803635821,0.00072663365,778.2169871519286,0.00074035226,-0.031780165,-0.019503366
0.99936897,0.00051195093,0,0.0033462513,48.456635602950094,778.2160292975373,3868,5316.831,2.7544143,612.4895,0.27516624,6567.8164,3.3645227,0,,,,,48.456635602950094,0.00072643853,778.2160292975373,0.0007403926,-0.03162214,-0.019468607
0.9992664,0.0005118964,0,0.0033465894,48.45500015399405,778.215948029782,3869,5316.003,2.7544475,613.569,0.27515557,6567.142,3.3641644,0,,,,,48.45500015399405,0.0007267008,778.215948029782,0.000740645,-0.031912476,-0.019639846
0.9993147,0.00051198923,0,0.003346927,48.45592457282653,778.2175245954442,3870,5316.5757,2.7546117,613.9028,0.27529034,6567.46,3.3647745,0,,,,,48.45592457282653,0.0007278469,778.2175245954442,0.00074159453,-0.0314635,-0.019194674
1.0011749,0.0005121397,0,0.0033472644,48.4567502523719,778.2178701087665,3871,5327.131,2.7556913,613.39996,0.2753068,6579.685,3.3657632,0,,,,,48.4567502523719,0.00072553544,778.2178701087665,0.0007392921,-0.03136975,-0.018851507
1.0009843,0.0005121565,0,0.0033479384,48.45754107608525,778.2193855869085,3873,5325.2373,2.7556756,614.30145,0.27531564,6578.4326,3.365874,0,,,,,48.45754107608525,0.0007263114,778.2193855869085,0.000739825,-0.03150645,-0.019213919
1.0001881,0.00051207346,0,0.003348275,48.457052279963555,778.219309964672,3874,5322.077,2.755267,614.215,0.27504867,6573.1997,3.365328,0,,,,,48.457052279963555,0.00072631583,778.219309964672,0.00073976466,-0.03130767,-0.01876452
0.99987227,0.0005120357,0,0.0033486115,48.45419115108508,778.2184711973575,3875,5319.3604,2.7551472,613.9662,0.27511325,6571.124,3.3650799,0,,,,,48.45419115108508,0.00072574895,778.2184711973575,0.0007392905,-0.03182615,-0.019257624
1.0003834,0.00051205594,0,0.0033489475,48.45616599820984,778.218477319232,3876,5322.6855,2.7553153,613.9475,0.27528852,6574.483,3.3652127,0,,,,,48.45616599820984,0.0007265766,778.218477319232,0.000740167,-0.03131625,-0.01877648
0.9994226,0.00051197683,0,0.0033492832,48.456854629685765,778.2200710860676,3877,5318.3813,2.7548661,614.455,0.27521726,6568.169,3.364693,0,,,,,48.456854629685765,0.000726515,778.2200710860676,0.0007399524,-0.031504568,-0.018816387
0.99927264,0.00051200885,0,0.0033496188,48.4550277127367,778.2179543132521,3878,5317.002,2.754747,614.56134,0.2753439,6567.183,3.3649032,0,,,,,48.4550277127367,0.0007269827,778.2179543132521,0.00074058754,-0.031310998,-0.018979508
0.99985015,0.0005120304,0,0.0033499538,48.458059213262366,778.2190052044255,3879,5320.5195,2.755102,614.2157,0.27525568,6570.9785,3.3650448,0,,,,,48.458059213262366,0.00072587753,778.2190052044255,0.00073946273,-0.03129143,-0.018762808
0.99999374,0.00051203335,0,0.0033502888,48.457333282343335,778.2186946917635,3880,5321.349,2.7551892,613.9794,0.27505934,6571.9224,3.3650644,0,,,,,48.457333282343335,0.00072623853,778.2186946917635,0.0007398719,-0.031220092,-0.018732892
0.99877334,0.0005119474,0,0.0033506234,48.45561435394734,778.2180995209698,3881,5314.1626,2.7544186,614.6566,0.27515802,6563.902,3.3644993,0,,,,,48.45561435394734,0.00072674605,778.2180995209698,0.000740344,-0.031160368,-0.018679552
1.0011115,0.0005124083,128,0.0033509578,48.45568589492592,778.2191090251267,3882,5327.911,2.757059,613.01654,0.27512708,6579.2686,3.367529,128,,,,,48.45568589492592,0.0007257501,778.2191090251267,0.00073867606,-0.031122569,-0.018487247
0.99975276,0.000512074,8192,0.0033512916,48.45502999968275,778.2189009531587,3883,5320.1978,2.7551708,614.0481,0.27523464,6570.3384,3.3653314,8192,,,,,48.45502999968275,0.0007268333,778.2189009531587,0.00074036594,-0.03095676,-0.018280601
1.0004724,0.00051205524,0,0.0033516255,48.45702913113911,778.2182482383471,3884,5324.341,2.7553895,613.56067,0.27549323,6575.0684,3.3652081,0,,,,,48.45702913113911,0.00072628434,778.2182482383471,0.0007399672,-0.030994086,-0.01836262
0.998723,0.0005119407,0,0.003351959,48.455840944419144,778.2190914993109,3885,5315.697,2.7545867,614.2796,0.27539825,6563.571,3.3644555,0,,,,,48.455840944419144,0.0007268151,778.2190914993109,0.00074041396,-0.030838389,-0.01835821
0.9997589,0.0005119786,0,0.003352292,48.456949437378256,778.21966706956,3886,5319.797,2.7548907,614.1416,0.27500585,6570.379,3.3647044,0,,,,,48.456949437378256,0.00072690827,778.21966706956,0.00074042514,-0.030852852,-0.018298341
1.0008081,0.0005120982,0,0.003352625,48.45614277453029,778.2205285627961,3887,5326.442,2.7555926,613.2109,0.2752638,6577.2744,3.3654904,0,,,,,48.45614277453029,0.00072566577,778.2205285627961,0.00073905196,-0.030676493,-0.018065318
0.9997866,0.0005119662,0,0.0033529578,48.45664748575101,778.2189091407718,3888,5321.2944,2.7549775,614.0511,0.27514225,6570.561,3.364623,0,,,,,48.45664748575101,0.0007263977,778.2189091407718,0.0007399564,-0.03073181,-0.017940858
0.9995074,0.00051197695,8192,0.00335329,48.456229607398036,778.2190127800561,3889,5319.314,2.7548888,614.3934,0.27504075,6568.726,3.3646936,8192,,,,,48.456229607398036,0.0007267857,778.2190127800561,0.00074028136,-0.030651193,-0.018035198
0.99924356,0.0005120046,0,0.003353622,48.456706275331925,778.2189707748794,3890,5318.467,2.754872,613.05707,0.27537212,6566.992,3.3648753,0,,,,,48.456706275331925,0.0007265602,778.2189707748794,0.0007401777,-0.030528158,-0.017706178
1.000635,0.0005122042,128,0.0033539538,48.45846923675204,778.2189433068498,3891,5325.5435,2.7560804,612.7592,0.27505356,6576.1367,3.366187,128,,,,,48.45846923675204,0.00072580256,778.2189433068498,0.0007393595,-0.030226966,-0.017774954
0.9997859,0.00051201746,0,0.0033542854,48.457792394711916,778.2197296250899,3892,5321.537,2.7550437,613.13184,0.27541155,6570.556,3.3649602,0,,,,,48.457792394711916,0.000726477,778.2197296250899,0.0007399521,-0.0299179,-0.017320357
0.9999702,0.0005120712,0,0.0033546167,48.45718273936122,778.2206666797023,3893,5322.4067,2.7551908,612.81506,0.27504608,6571.7676,3.365313,0,,,,,48.45718273936122,0.0007270092,778.2206666797023,0.0007403716,-0.030045861,-0.017520927
1.0003879,0.0005120427,0,0.0033549475,48.45879198629985,778.2197134579119,3894,5323.9194,2.755216,611.5336,0.27506402,6574.5127,3.365126,0,,,,,48.45879198629985,0.0007252938,778.2197134579119,0.00073863164,-0.030133147,-0.017717315
1.0003225,0.00051206246,0,0.0033552782,48.456188224448844,778.21926780318,3895,5323.93,2.7552404,612.62463,0.27517194,6574.0825,3.3652556,0,,,,,48.456188224448844,0.0007263302,778.21926780318,0.00073982624,-0.03006247,-0.017634382
0.99969125,0.00051192305,0,0.0033556086,48.45823728118524,778.2195084560029,3896,5321.0415,2.7548778,611.3244,0.27512482,6569.934,3.3643394,0,,,,,48.45823728118524,0.0007267492,778.2195084560029,0.0007403842,-0.029809322,-0.017537978
1.001096,0.0005121367,0,0.0033559385,48.45790132288003,778.2220368102182,3897,5327.907,2.7556486,611.4976,0.27527574,6579.166,3.3657436,0,,,,,48.45790132288003,0.00072501367,778.2220368102182,0.00073818216,-0.029985616,-0.017415421
0.9997501,0.0005119541,0,0.0033562684,48.45679891290758,778.2203317526291,3898,5321.406,2.7547348,611.98157,0.27515626,6570.321,3.3645434,0,,,,,48.45679891290758,0.0007264449,778.2203317526291,0.0007398382,-0.030107327,-0.017485715
0.9994383,0.00051192037,0,0.0033565979,48.4572045389002,778.2197318835651,3899,5319.3423,2.7545834,611.3207,0.2753623,6568.272,3.364322,0,,,,,48.4572045389002,0.000726465,778.2197318835651,0.0007398536,-0.030080015,-0.017332291
0.99912107,0.0005119445,0,0.003356927,48.45684875529229,778.2205361588092,3900,5318.005,2.7545936,611.29565,0.2753602,6566.187,3.3644807,0,,,,,48.45684875529229,0.00072725164,778.2205361588092,0.0007405909,-0.030074304,-0.017239492
1.0006922,0.0005120123,0,0.003357256,48.45913380620536,778.2204712959099,3901,5326.992,2.7554703,611.3925,0.27496922,6576.5127,3.364926,0,,,,,48.45913380620536,0.0007255821,778.2204712959099,0.0007388272,-0.029866366,-0.016700711
1.0003732,0.00051196874,0,0.0033575846,48.457767652968755,778.2210382302953,3902,5323.915,2.7552266,612.16125,0.2750962,6574.416,3.3646398,0,,,,,48.457767652968755,0.0007264898,778.2210382302953,0.00073986873,-0.030008795,-0.017022042
1.0001007,0.00051194424,0,0.003357913,48.458053916217175,778.2208089402056,3903,5323.65,2.7549908,611.0553,0.27529034,6572.625,3.3644786,0,,,,,48.458053916217175,0.00072592293,778.2208089402056,0.000739209,-0.029828135,-0.016682733
0.9999602,0.00051203376,0,0.0033582412,48.45836578513137,778.220410095448,3904,5321.976,2.7551725,612.7875,0.27484822,6571.7017,3.3650672,0,,,,,48.45836578513137,0.0007266844,778.220410095448,0.00074008555,-0.029694777,-0.016662702
0.9995112,0.00051186216,0,0.003358569,48.45756489626651,778.2204456374561,3905,5319.557,2.7545822,610.9037,0.27526447,6568.751,3.3639393,0,,,,,48.45756489626651,0.0007257236,778.2204456374561,0.00073904387,-0.029739538,-0.016676737
0.99847466,0.0005118491,0,0.0033588964,48.4589926455131,778.2208780665392,3906,5314.8545,2.7542882,611.63293,0.27514485,6561.939,3.3638537,0,,,,,48.4589926455131,0.00072816334,778.2208780665392,0.00074145413,-0.02961495,-0.016175266
0.9992603,0.0005118639,0,0.0033592237,48.459098078311165,778.2198996707602,3907,5318.681,2.7544308,611.2098,0.27507603,6567.102,3.3639507,0,,,,,48.459098078311165,0.0007263901,778.2198996707602,0.00073989783,-0.029635761,-0.016605347
0.99919885,0.00051190756,0,0.0033595506,48.45602546715001,778.2207561298817,3908,5319.498,2.7547047,611.67706,0.27543202,6566.698,3.3642378,0,,,,,48.45602546715001,0.00072628725,778.2207561298817,0.000739552,-0.029594649,-0.016143065
0.99848497,0.0005118042,0,0.0033598773,48.456810755942534,778.2218716409369,3909,5315.5522,2.754312,612.2135,0.27491495,6562.007,3.3635583,0,,,,,48.456810755942534,0.0007273668,778.2218716409369,0.0007405694,-0.02965731,-0.016275398
0.9986668,0.00051178783,0,0.0033602037,48.45895626401428,778.2223949847984,3910,5316.3887,2.7543464,612.0197,0.27556273,6563.2017,3.3634508,0,,,,,48.45895626401428,0.00072638586,778.2223949847984,0.00073955226,-0.029483786,-0.016241794
0.99859434,0.0005119547,0,0.0033605297,48.45840298813849,778.2202229145657,3911,5316.5083,2.7544522,611.55023,0.2754431,6562.7256,3.3645477,0,,,,,48.45840298813849,0.00072675786,778.2202229145657,0.0007401526,-0.029366584,-0.016150022
0.99988365,0.00051198737,0,0.0033608556,48.45746004560649,778.2202758463693,3912,5323.017,2.755053,612.0531,0.27517575,6571.1987,3.3647623,0,,,,,48.45746004560649,0.00072534505,778.2202758463693,0.00073864893,-0.029374713,-0.01616663
1.0003934,0.0005120333,0,0.0033611811,48.45808004529402,778.2211838992773,3913,5325.4243,2.7553945,611.88776,0.27540484,6574.549,3.3650641,0,,,,,48.45808004529402,0.0007263777,778.2211838992773,0.00073954894,-0.029476335,-0.01616227
0.9989487,0.0005118759,0,0.0033615064,48.45896324126133,778.2212982161936,3914,5318.079,2.7544365,611.3409,0.27521703,6565.054,3.3640296,0,,,,,48.45896324126133,0.0007263183,778.2212982161936,0.0007396353,-0.02947333,-0.016068712
1.0000415,0.00051201804,0,0.0033618312,48.457998862299455,778.2200979438811,3915,5322.9614,2.7550075,612.1773,0.27513883,6572.236,3.3649638,0,,,,,48.457998862299455,0.0007266676,778.2200979438811,0.0007401829,-0.029395001,-0.016272135
1.0000088,0.0005120024,0,0.003362156,48.456999614246186,778.2213517602928,3916,5323.383,2.7550173,611.57886,0.2750986,6572.0215,3.364861,0,,,,,48.456999614246186,0.0007253237,778.2213517602928,0.0007385266,-0.029431151,-0.016084226
0.9996982,0.0005119303,0,0.0033624803,48.4581394687265,778.2210726175186,3917,5321.606,2.7547815,611.2983,0.27508777,6569.98,3.3643875,0,,,,,48.4581394687265,0.0007267525,778.2210726175186,0.0007401246,-0.029201837,-0.015814686
0.999609,0.0005119064,0,0.0033628044,48.458661355259906,778.2221211234476,3918,5320.5786,2.7547493,611.68256,0.27521202,6569.3936,3.3642302,0,,,,,48.458661355259906,0.00072574837,778.2221211234476,0.00073884666,-0.029054904,-0.015926411
1.0007061,0.00051206595,0,0.0033631283,48.45727547009592,778.2207683987272,3919,5327.751,2.7556307,611.77496,0.27524814,6576.6035,3.3652787,0,,,,,48.45727547009592,0.00072596536,778.2207683987272,0.00073935615,-0.029115124,-0.015517098
1.0006193,0.0005120558,0,0.0033634517,48.45885260417744,778.2206330638621,3920,5326.629,2.755521,611.224,0.2753875,6576.0337,3.3652122,0,,,,,48.45885260417744,0.00072569103,778.2206330638621,0.00073910557,-0.029126123,-0.015841423
1.0003916,0.00051204866,0,0.0033637749,48.45803503273264,778.2212403827102,3921,5325.491,2.7552655,611.7258,0.27505094,6574.5366,3.365165,0,,,,,48.45803503273264,0.00072577625,778.2212403827102,0.00073908706,-0.029229624,-0.015798803
1.0008694,0.0005122671,128,0.0033640978,48.459265001285225,778.2227306321744,3922,5328.553,2.756465,611.9213,0.27519217,6577.677,3.3666008,128,,,,,48.459265001285225,0.00072522025,778.2227306321744,0.0007383629,-0.02898581,-0.015455777
1.0004764,0.00051198725,0,0.0033644205,48.457643879640905,778.221931180814,3923,5325.818,2.7553194,610.8276,0.27545166,6575.094,3.3647616,0,,,,,48.457643879640905,0.00072617707,778.221931180814,0.0007392994,-0.029005293,-0.015588979
0.9996723,0.0005121243,128,0.003364743,48.45749829735328,778.2222674831211,3924,5321.9443,2.755689,611.2673,0.27510095,6569.8096,3.365662,128,,,,,48.45749829735328,0.00072621385,778.2222674831211,0.0007394485,-0.028891992,-0.015247345
1.0001494,0.0005120035,0,0.003365065,48.4604113854585,778.222120398909,3925,5324.9604,2.7552187,611.45404,0.27544534,6572.945,3.3648682,0,,,,,48.4604113854585,0.0007269227,778.222120398909,0.0007400458,-0.028960925,-0.015128784
1.0011216,0.0005121341,0,0.003365387,48.457146666538634,778.2222857838053,3926,5329.8486,2.755718,611.40515,0.27524742,6579.335,3.3657267,0,,,,,48.457146666538634,0.0007261153,778.2222857838053,0.0007392791,-0.028821643,-0.015164599
1.0010844,0.00051241304,128,0.0033657085,48.45832290620484,778.2238156710723,3927,5329.8135,2.7576668,611.41644,0.275016,6579.0903,3.36756,128,,,,,48.45832290620484,0.0007258035,778.2238156710723,0.0007387068,-0.028883975,-0.015173848
0.99951595,0.00051199447,8192,0.0033660296,48.4585271329562,778.2213269583797,3928,5320.916,2.7547684,611.16486,0.2751793,6568.782,3.364809,8192,,,,,48.4585271329562,0.0007270393,778.2213269583797,0.00074025005,-0.029051185,-0.015417377
0.9989795,0.00051185174,0,0.0033663507,48.458938307882676,778.2225442172082,3929,5317.808,2.7543309,610.79974,0.2751343,6565.257,3.3638709,0,,,,,48.458938307882676,0.0007262827,778.2225442172082,0.0007394611,-0.029078204,-0.015403233
1.0001765,0.00051204825,0,0.0033666713,48.45883447733832,778.2217469125208,3930,5325.176,2.755206,611.96497,0.27532998,6573.124,3.3651624,0,,,,,48.45883447733832,0.00072570704,778.2217469125208,0.00073891314,-0.028817384,-0.014992835
0.99934936,0.000511846,0,0.0033669916,48.45851003998831,778.2218738030634,3931,5319.7393,2.754395,609.91595,0.27487397,6567.6875,3.3638332,0,,,,,48.45851003998831,0.00072635384,778.2218738030634,0.0007395248,-0.028887998,-0.015321256
1.0000201,0.00051197544,0,0.0033673118,48.4578892222815,778.2221415949626,3932,5324.453,2.7550852,610.95807,0.27505547,6572.0957,3.3646836,0,,,,,48.4578892222815,0.00072685786,778.2221415949626,0.0007399822,-0.028641338,-0.014743068
0.9998408,0.00051194115,0,0.0033676317,48.45754515031832,778.2223895638153,3933,5323.5156,2.754917,610.37115,0.27536887,6570.917,3.3644583,0,,,,,48.45754515031832,0.0007264938,778.2223895638153,0.0007396768,-0.02881517,-0.014714739
0.9991849,0.00051186193,0,0.0033679511,48.45768037275687,778.2209856479413,3934,5319.422,2.7545907,611.44916,0.27516314,6566.6064,3.3639379,0,,,,,48.45768037275687,0.0007277287,778.2209856479413,0.0007410776,-0.028628666,-0.015017596
0.9994239,0.0005118857,0,0.0033682704,48.45925111875024,778.2238982855913,3935,5321.975,2.754693,609.62115,0.27531233,6568.1772,3.3640938,0,,,,,48.45925111875024,0.0007261125,778.2238982855913,0.00073903665,-0.028460495,-0.01467839
0.99946386,0.000511886,0,0.0033685893,48.45994940736819,778.2213660114198,3936,5321.399,2.7548053,610.3934,0.27527708,6568.44,3.3640962,0,,,,,48.45994940736819,0.0007268001,778.2213660114198,0.0007400386,-0.028631257,-0.014701508
1.0005113,0.00051202264,0,0.003368908,48.45798516203066,778.2225990847594,3937,5327.4365,2.7553725,610.51385,0.27527538,6575.3237,3.364994,0,,,,,48.45798516203066,0.00072608184,778.2225990847594,0.0007391637,-0.028424118,-0.014422768
0.9994578,0.00051194406,0,0.0033692264,48.45970923032515,778.2235909026023,3938,5322.387,2.7547956,609.9812,0.27523914,6568.4,3.3644776,0,,,,,48.45970923032515,0.000726254,778.2235909026023,0.00073910813,-0.028285567,-0.014088119
0.99985117,0.00051192543,0,0.0033695444,48.45835219909331,778.223009868407,3939,5323.9194,2.7550082,610.97406,0.27541545,6570.9854,3.364355,0,,,,,48.45835219909331,0.000726547,778.223009868407,0.00073957175,-0.028459786,-0.014372931
1.000335,0.00051210367,0,0.0033698622,48.45863552261832,778.2219077742388,3940,5327.2085,2.7554765,611.58246,0.2750086,6574.1646,3.3655267,0,,,,,48.45863552261832,0.0007264453,778.2219077742388,0.00073962595,-0.028408738,-0.014210899
0.9999677,0.0005120248,0,0.0033701798,48.45742331823031,778.2235567472376,3941,5324.751,2.7552128,610.7577,0.27523214,6571.751,3.365008,0,,,,,48.45742331823031,0.00072601985,778.2235567472376,0.0007389997,-0.028419644,-0.014509438
0.99962074,0.00051196996,0,0.0033704971,48.45920769697244,778.2213566409324,3942,5322.1567,2.7549148,611.08295,0.2752536,6569.4707,3.3646479,0,,,,,48.45920769697244,0.00072748866,778.2213566409324,0.0007407381,-0.028554223,-0.014412832
0.9992999,0.00051191193,0,0.003370814,48.45913446583045,778.2227743385747,3943,5320.8374,2.7548022,610.8045,0.27510017,6567.3623,3.3642664,0,,,,,48.45913446583045,0.00072670163,778.2227743385747,0.0007398272,-0.028344829,-0.01454858
1.0010582,0.00051206345,0,0.0033711307,48.46074969742504,778.2214717312718,3944,5330.119,2.7557306,611.51636,0.27511463,6578.918,3.365262,0,,,,,48.46074969742504,0.0007262731,778.2214717312718,0.0007396153,-0.02807921,-0.014208059
0.9997588,0.00051197736,0,0.003371447,48.458884364763676,778.2232009112597,3945,5323.211,2.754882,610.5879,0.2750506,6570.378,3.3646965,0,,,,,48.458884364763676,0.000725526,778.2232009112597,0.0007385654,-0.028106168,-0.014194569
1.0000076,0.0005120262,0,0.0033717633,48.45928824382341,778.2232029001444,3946,5324.808,2.7551167,610.8644,0.27503985,6572.0137,3.3650174,0,,,,,48.45928824382341,0.0007268886,778.2232029001444,0.000739799,-0.0281334,-0.014043824
1.0003347,0.0005120046,0,0.003372079,48.460127396725426,778.2232093005882,3947,5326.2207,2.7551246,609.7013,0.27508783,6574.163,3.3648756,0,,,,,48.460127396725426,0.0007259223,778.2232093005882,0.0007388887,-0.028218944,-0.014233037
0.99960524,0.0005119124,0,0.0033723945,48.45904863977634,778.2224934085046,3948,5323.203,2.754986,611.06525,0.27515784,6569.369,3.3642695,0,,,,,48.45904863977634,0.00072664424,778.2224934085046,0.00073975045,-0.028155131,-0.013925036
0.9994023,0.0005120224,8192,0.0033727097,48.45889415982489,778.2228236589011,3949,5321.805,2.754781,610.7349,0.27513507,6568.035,3.3649926,8192,,,,,48.45889415982489,0.000726636,778.2228236589011,0.0007396785,-0.028153582,-0.013963303
0.999254,0.0005119061,0,0.0033730248,48.459243239695994,778.2237900184153,3950,5320.329,2.754654,610.6313,0.2753093,6567.0605,3.3642282,0,,,,,48.459243239695994,0.0007264407,778.2237900184153,0.0007393163,-0.028214289,-0.014334751
1.0005424,0.0005120844,0,0.0033733393,48.45991172762941,778.2216564077357,3951,5328.3887,2.755484,610.1894,0.2750329,6575.5283,3.3653998,0,,,,,48.45991172762941,0.0007266098,778.2216564077357,0.0007397996,-0.02803826,-0.014023164
1.0000787,0.00051194866,0,0.0033736539,48.460714987183344,778.2226038556488,3952,5324.701,2.7550352,610.0481,0.2753745,6572.4805,3.364508,0,,,,,48.460714987183344,0.00072579505,778.2226038556488,0.00073887495,-0.028159445,-0.014091093
0.9996168,0.00051196315,8192,0.003373968,48.46139971618411,778.2247781630393,3953,5323.0586,2.7550778,610.20654,0.27538952,6569.445,3.3646033,8192,,,,,48.46139971618411,0.0007261674,778.2247781630393,0.00073901954,-0.027889753,-0.013654483
0.9998327,0.00051195885,0,0.0033742818,48.45869705303544,778.222573682526,3954,5324.5825,2.7551422,609.7973,0.2751006,6570.864,3.364575,0,,,,,48.45869705303544,0.0007262267,778.222573682526,0.0007392043,-0.028040342,-0.013682064
0.99985,0.0005119597,0,0.0033745952,48.4602664390153,778.2231590531243,3955,5324.014,2.7550914,610.6714,0.27545387,6570.9775,3.3645804,0,,,,,48.4602664390153,0.00072676834,778.2231590531243,0.0007398303,-0.027885148,-0.013854409
0.9995222,0.00051192456,0,0.0033749086,48.46148939294816,778.2235458509456,3956,5323.071,2.7548566,609.5925,0.2750844,6568.823,3.3643494,0,,,,,48.46148939294816,0.0007256859,778.2235458509456,0.0007383875,-0.027777974,-0.013674558
0.9996435,0.00051197095,0,0.0033752215,48.458999304515935,778.2242691525943,3957,5323.4375,2.7550225,610.3169,0.2755146,6569.6206,3.3646545,0,,,,,48.458999304515935,0.00072667823,778.2242691525943,0.0007394922,-0.027847668,-0.0135151595
0.99964595,0.00051197613,0,0.003375534,48.458514358279146,778.2225947230183,3958,5323.0645,2.7548993,609.806,0.27529445,6569.6367,3.3646884,0,,,,,48.458514358279146,0.0007266525,778.2225947230183,0.00073972717,-0.027865106,-0.013736402
0.9996396,0.0005119921,0,0.0033758464,48.46058723112246,778.2249888027786,3959,5323.5137,2.754974,610.0639,0.27502468,6569.5947,3.3647933,0,,,,,48.46058723112246,0.0007261183,778.2249888027786,0.000738874,-0.027513666,-0.0132057
0.9990675,0.0005118685,0,0.0033761587,48.459758847143,778.2231169724513,3960,5319.941,2.7544973,609.37054,0.27523676,6565.835,3.3639812,0,,,,,48.459758847143,0.0007273315,778.2231169724513,0.0007403646,-0.02770266,-0.0131687615
1.0011222,0.0005121075,0,0.0033764704,48.45971335228302,778.2249048508468,3961,5331.3726,2.755689,609.40405,0.27548593,6579.339,3.3655517,0,,,,,48.45971335228302,0.0007247082,778.2249048508468,0.0007374367,-0.027691193,-0.013182764
0.9997276,0.00051192014,0,0.003376782,48.45982686272341,778.2229104780055,3962,5323.915,2.755015,610.3536,0.27489865,6570.1733,3.3643203,0,,,,,48.45982686272341,0.00072667026,778.2229104780055,0.00073969056,-0.027680678,-0.013200315
0.99865,0.0005117934,0,0.0033770932,48.45943947878294,778.2226411200405,3963,5317.34,2.7543325,610.3572,0.2752421,6563.0913,3.3634875,0,,,,,48.45943947878294,0.00072648947,778.2226411200405,0.0007395794,-0.027875738,-0.013614184
1.0002735,0.0005120845,0,0.003377404,48.459142730608235,778.2240588504663,3964,5326.83,2.7554092,609.8656,0.27515495,6573.7607,3.3654008,0,,,,,48.459142730608235,0.0007262409,778.2240588504663,0.00073920144,-0.027635174,-0.013489323
0.99970937,0.00051198306,0,0.0033777147,48.45797602516368,778.2235743106058,3965,5324.0747,2.7549932,609.4532,0.27551696,6570.053,3.364734,0,,,,,48.45797602516368,0.00072646874,778.2235743106058,0.00073946826,-0.027737988,-0.013244955
1.0010461,0.00051213824,0,0.003378025,48.459495631459646,778.2240045768979,3966,5331.179,2.7557712,610.18225,0.2753195,6578.838,3.365754,0,,,,,48.459495631459646,0.000724691,778.2240045768979,0.00073752855,-0.027529124,-0.013172815
0.9991039,0.0005119122,0,0.0033783352,48.460124213224816,778.2234852551272,3967,5321.524,2.7547505,610.1497,0.27503994,6566.074,3.3642683,0,,,,,48.460124213224816,0.000726696,778.2234852551272,0.00073974225,-0.027613014,-0.013002674
1.0002989,0.0005120122,0,0.003378645,48.459340881670144,778.2237354627712,3968,5327.36,2.755333,610.4281,0.2752293,6573.9277,3.3649256,0,,,,,48.459340881670144,0.0007261507,778.2237354627712,0.00073920685,-0.02748326,-0.012990017
1.0004326,0.000512003,0,0.0033789545,48.45987340511241,778.2240641444912,3969,5328.513,2.7554138,608.8537,0.27529866,6574.806,3.364865,0,,,,,48.45987340511241,0.00072583655,778.2240641444912,0.0007386013,-0.027299939,-0.012624558
0.9990207,0.0005118685,0,0.0033792637,48.460834674785964,778.2243655043657,3970,5321.111,2.754495,608.7693,0.27516228,6565.5273,3.3639812,0,,,,,48.460834674785964,0.00072745205,778.2243655043657,0.0007402147,-0.027418282,-0.012597506
0.9998405,0.00051198964,0,0.0033795726,48.460477226897645,778.2251042500781,3971,5324.9517,2.755047,609.1833,0.27500638,6570.915,3.364777,0,,,,,48.460477226897645,0.00072690734,778.2251042500781,0.0007397178,-0.027451966,-0.01271032
0.9997703,0.0005119888,0,0.0033798814,48.45989328317599,778.2240196602623,3972,5325.544,2.7551053,609.0458,0.2752193,6570.4536,3.3647716,0,,,,,48.45989328317599,0.00072572025,778.2240196602623,0.0007386335,-0.027261836,-0.01254049
0.99996084,0.00051204726,0,0.0033801896,48.45937723251028,778.2235229349994,3973,5326.004,2.7550473,608.817,0.27531648,6571.706,3.3651557,0,,,,,48.45937723251028,0.0007261864,778.2235229349994,0.0007391749,-0.027368741,-0.012604358
0.9996348,0.00051197887,0,0.0033804977,48.46085813414857,778.2239109634825,3974,5324.2925,2.7548423,609.04126,0.27536565,6569.5635,3.3647065,0,,,,,48.46085813414857,0.0007269758,778.2239109634825,0.00073992455,-0.027284097,-0.0124216275
1.000979,0.000512073,8192,0.0033808055,48.459098043828874,778.2256268778762,3975,5331.3867,2.7557294,608.8909,0.27501827,6578.397,3.365325,8192,,,,,48.459098043828874,0.0007264218,778.2256268778762,0.0007391292,-0.027169125,-0.012455805
1.0001948,0.00051194755,0,0.003381113,48.46092714728044,778.2250569334599,3976,5326.39,2.7551384,609.3413,0.27546677,6573.243,3.3645005,0,,,,,48.46092714728044,0.0007260533,778.2250569334599,0.00073889503,-0.027140995,-0.012455167
1.0001792,0.000512032,0,0.0033814204,48.46003457201545,778.2252387640111,3977,5326.251,2.7552378,610.4026,0.27522993,6573.141,3.3650556,0,,,,,48.46003457201545,0.00072699366,778.2252387640111,0.0007395751,-0.02721816,-0.012413501
0.9996259,0.0005118719,0,0.0033817273,48.45927751038276,778.2249539831448,3978,5323.9136,2.7548363,608.80066,0.27511993,6569.505,3.3640032,0,,,,,48.45927751038276,0.000726316,778.2249539831448,0.0007390354,-0.027121542,-0.012011887
0.9994459,0.00051189633,0,0.003382034,48.46073938010742,778.2261828827272,3979,5322.5127,2.754767,609.341,0.2753828,6568.322,3.3641639,0,,,,,48.46073938010742,0.000725496,778.2261828827272,0.00073811517,-0.027110897,-0.012210214
0.99928045,0.0005119812,0,0.0033823403,48.460039350153146,778.225534384133,3980,5322.441,2.7548773,609.1478,0.275042,6567.2344,3.3647218,0,,,,,48.460039350153146,0.00072767254,778.225534384133,0.0007404094,-0.027080448,-0.011840285
0.999556,0.0005119906,0,0.0033826462,48.46069903775414,778.2231754748166,3981,5323.7104,2.754938,609.6034,0.27538747,6569.0454,3.3647838,0,,,,,48.46069903775414,0.00072644046,778.2231754748166,0.0007393889,-0.027010622,-0.012203193
1.0003428,0.00051206665,0,0.003382952,48.46133341853529,778.2266263629665,3982,5327.6753,2.7553523,608.9199,0.27515545,6574.217,3.3652833,0,,,,,48.46133341853529,0.0007255852,778.2266263629665,0.00073817745,-0.027149219,-0.012205468
0.9995466,0.00051195605,0,0.0033832574,48.46079388158199,778.2250909500679,3983,5324.3916,2.75493,608.9101,0.27507842,6568.9834,3.3645566,0,,,,,48.46079388158199,0.00072604744,778.2250909500679,0.00073895854,-0.027114294,-0.011891072
0.99959993,0.0005119302,0,0.0033835627,48.459726304782805,778.2246820150169,3984,5324.1655,2.7548234,609.6577,0.2752335,6569.334,3.3643866,0,,,,,48.459726304782805,0.00072591595,778.2246820150169,0.0007387132,-0.027096272,-0.011890985
0.9998718,0.0005120205,0,0.0033838677,48.46112205433253,778.2249758428718,3985,5325.5454,2.755028,608.9933,0.2751463,6571.1206,3.36498,0,,,,,48.46112205433253,0.00072680245,778.2249758428718,0.0007397784,-0.027086366,-0.011818665
0.9998118,0.00051200227,0,0.0033841722,48.45955330799047,778.2245424805258,3986,5325.4517,2.754989,609.3891,0.27495584,6570.7266,3.36486,0,,,,,48.45955330799047,0.00072680967,778.2245424805258,0.0007396517,-0.027026389,-0.011631772
1.0003276,0.00051205093,0,0.0033844765,48.46143990372507,778.2246861428391,3987,5327.5327,2.7552886,608.80176,0.27515694,6574.116,3.36518,0,,,,,48.46143990372507,0.00072604144,778.2246861428391,0.0007388426,-0.026747676,-0.011815648
1.0008515,0.0005121562,0,0.0033847806,48.46063621350601,778.225733345141,3988,5331.328,2.7556229,609.01636,0.27498183,6577.5596,3.365872,0,,,,,48.46063621350601,0.0007252306,778.225733345141,0.0007378845,-0.026734099,-0.011653219
0.99966496,0.00051192363,0,0.0033850844,48.46084807862546,778.2262367757053,3989,5325.422,2.7548923,609.22754,0.2752971,6569.7617,3.3643434,0,,,,,48.46084807862546,0.00072643167,778.2262367757053,0.00073896063,-0.02667493,-0.0116837295
1.0001743,0.0005120873,0,0.003385388,48.45899252853063,778.2257342090174,3990,5327.926,2.7551668,608.4637,0.27501762,6573.109,3.365419,0,,,,,48.45899252853063,0.00072591356,778.2257342090174,0.0007385744,-0.026630307,-0.011427886
1.0002362,0.0005120304,0,0.0033856912,48.45949557949177,778.2270389908068,3991,5328.396,2.7553525,608.77325,0.2753983,6573.515,3.3650448,0,,,,,48.45949557949177,0.00072594103,778.2270389908068,0.00073821604,-0.026565703,-0.01156129
1.0011202,0.00051212334,0,0.0033859941,48.463415454698435,778.2270514159096,3992,5333.1855,2.7558355,607.77655,0.27556917,6579.325,3.3656557,0,,,,,48.463415454698435,0.00072437857,778.2270514159096,0.00073694997,-0.026620302,-0.011581005
1.0004808,0.00051203364,0,0.0033862966,48.459857948062805,778.2257886970746,3993,5329.219,2.755552,608.686,0.2751943,6575.123,3.3650665,0,,,,,48.459857948062805,0.0007257981,778.2257886970746,0.0007383613,-0.026538253,-0.011376392
1.0001835,0.0005120493,0,0.003386599,48.46138691429507,778.2257522862647,3994,5328.0884,2.755312,609.3256,0.275247,6573.1694,3.3651693,0,,,,,48.46138691429507,0.0007255574,778.2257522862647,0.0007382912,-0.02647823,-0.011263572
0.999597,0.0005119771,0,0.003386901,48.459334346841615,778.2258552250627,3995,5324.3276,2.7549496,609.1632,0.27569273,6569.315,3.3646948,0,,,,,48.459334346841615,0.00072679773,778.2258552250627,0.000739344,-0.026492415,-0.011388284
1.0007718,0.0005120801,0,0.0033872027,48.4618646170296,778.2266097778567,3996,5331.179,2.7556517,608.40106,0.27532828,6577.035,3.3653715,0,,,,,48.4618646170296,0.000725209,778.2266097778567,0.000737745,-0.026348375,-0.011207245
1.0008326,0.0005120306,0,0.0033875043,48.46072223486389,778.2270810504353,3997,5331.5146,2.7556274,608.71533,0.27524337,6577.4346,3.3650465,0,,,,,48.46072223486389,0.00072567543,778.2270810504353,0.0007383469,-0.026377896,-0.0112851905
0.9995207,0.0005119601,0,0.0033878055,48.463589126869394,778.2254071257257,3998,5324.2017,2.7549505,608.95197,0.27537584,6568.8135,3.3645833,0,,,,,48.463589126869394,0.0007268183,778.2254071257257,0.00073956745,-0.026208531,-0.0111007085
0.9997015,0.0005119775,0,0.0033881064,48.46104028623375,778.2260767963102,3999,5325.967,2.7550986,608.8954,0.27530602,6570.0015,3.3646972,0,,,,,48.46104028623375,0.0007260809,778.2260767963102,0.00073862413,-0.026148498,-0.010855674
1.0000083,0.00051200495,0,0.003388407,48.46083264176151,778.2257663057574,4000,5327.531,2.755305,608.18134,0.2752623,6572.0186,3.3648777,0,,,,,48.46083264176151,0.0007263103,778.2257663057574,0.00073903834,-0.026042392,-0.01081272
0.99975246,0.0005119581,0,0.0033887073,48.46251262398886,778.2274105265076,4001,5326.037,2.7550392,609.00244,0.27521697,6570.3364,3.36457,0,,,,,48.46251262398886,0.0007266614,778.2274105265076,0.00073919096,-0.026051251,-0.0106154615
0.99935263,0.0005119248,0,0.0033890072,48.46153298925079,778.2253406263221,4002,5324.446,2.754931,609.4968,0.2751811,6567.709,3.364351,0,,,,,48.46153298925079,0.00072681304,778.2253406263221,0.00073955045,-0.026110947,-0.010671775
1.0001565,0.0005119727,0,0.003389307,48.45985656127577,778.2265991739326,4003,5327.572,2.7552798,609.0487,0.27529243,6572.992,3.3646657,0,,,,,48.45985656127577,0.0007259625,778.2265991739326,0.000738517,-0.02624822,-0.01104865
1.0004747,0.0005120221,0,0.0033896065,48.46245080463406,778.2250079713754,4004,5329.986,2.7554162,608.4544,0.2754614,6575.083,3.3649905,0,,,,,48.46245080463406,0.00072549464,778.2250079713754,0.0007382877,-0.026196757,-0.0109883025
1.0001794,0.00051207375,128,0.0033899057,48.461511298513386,778.2260331015507,4005,5328.1143,2.7557027,609.17175,0.27521077,6573.142,3.36533,128,,,,,48.461511298513386,0.0007266417,778.2260331015507,0.0007393837,-0.026084052,-0.010715304
0.99943995,0.0005119471,0,0.0033902044,48.460165372199526,778.2261112788773,4006,5323.58,2.7548862,609.22723,0.2751621,6568.2827,3.3644977,0,,,,,48.460165372199526,0.00072639616,778.2261112788773,0.0007389737,-0.026049098,-0.010909721
1.0004839,0.00051206566,0,0.003390503,48.46077390683009,778.2262135188253,4007,5330.2627,2.7554684,608.71625,0.27519587,6575.143,3.3652768,0,,,,,48.46077390683009,0.0007258383,778.2262135188253,0.00073833985,-0.025888463,-0.010390571
0.9999623,0.00051197264,0,0.0033908014,48.461861593847104,778.2267511856855,4008,5326.5107,2.75517,609.33624,0.27496433,6571.7153,3.3646653,0,,,,,48.461861593847104,0.0007269891,778.2267511856855,0.00073957257,-0.026097588,-0.010537006
0.9998559,0.00051193085,0,0.0033910994,48.46075322653473,778.2280236272932,4009,5325.953,2.754853,608.9134,0.2748519,6571.016,3.3643909,0,,,,,48.46075322653473,0.00072662614,778.2280236272932,0.00073901395,-0.025857607,-0.010544367
0.99961025,0.00051193347,0,0.0033913972,48.46176701060777,778.2261847903142,4010,5325.3076,2.7549634,608.31946,0.27519146,6569.402,3.364408,0,,,,,48.46176701060777,0.00072643923,778.2261847903142,0.0007389793,-0.025815481,-0.010360855
1.0003896,0.0005120058,0,0.0033916945,48.46147599949508,778.2263199034687,4011,5328.5786,2.7552962,608.4639,0.27516836,6574.524,3.3648834,0,,,,,48.46147599949508,0.0007262087,778.2263199034687,0.0007387678,-0.025901522,-0.010713694
0.99965227,0.00051197776,0,0.0033919916,48.460784453543795,778.227345760168,4012,5325.459,2.7550526,608.1316,0.27506784,6569.678,3.3646991,0,,,,,48.460784453543795,0.00072672655,778.227345760168,0.0007392387,-0.025861626,-0.010294422
1.0001773,0.0005120431,0,0.0033922885,48.46286252427424,778.2279168246221,4013,5328.19,2.7553709,609.05237,0.27499387,6573.1284,3.3651283,0,,,,,48.46286252427424,0.0007256102,778.2279168246221,0.0007381767,-0.025875323,-0.010405443
0.9998964,0.00051196583,0,0.003392585,48.46108106976458,778.2260009962221,4014,5326.265,2.755161,607.9432,0.27534994,6571.2827,3.3646207,0,,,,,48.46108106976458,0.00072613516,778.2260009962221,0.0007386753,-0.025785796,-0.010215335
1.0003645,0.00051209016,128,0.0033928815,48.461963601873535,778.2271977343632,4015,5329.755,2.7560954,608.72766,0.27515402,6574.359,3.365438,128,,,,,48.461963601873535,0.000726413,778.2271977343632,0.00073898217,-0.02574196,-0.010021637
0.9993845,0.00051195326,0,0.0033931774,48.46099082561874,778.2266644482154,4016,5324.5522,2.7548385,608.0667,0.27516562,6567.9185,3.364538,0,,,,,48.46099082561874,0.00072652235,778.2266644482154,0.00073911576,-0.025632158,-0.009890623
1.0004282,0.00051203114,0,0.003393473,48.46117242867297,778.2277749963348,4017,5329.4336,2.7554185,608.94507,0.2753967,6574.7773,3.3650498,0,,,,,48.46117242867297,0.00072699285,778.2277749963348,0.00073935435,-0.025593974,-0.009987309
0.9997349,0.0005119531,0,0.0033940636,48.46115392314346,778.2269546455364,4019,5325.2046,2.7550848,608.9882,0.2751704,6570.221,3.364537,0,,,,,48.46115392314346,0.0007264514,778.2269546455364,0.00073898345,-0.025821347,-0.010316153
1.0000849,0.00051201996,16,0.0033943583,48.46233353136895,778.2258304955213,4020,5327.46,2.7552671,608.46106,0.27541262,6572.521,3.3649764,16,,,,,48.46233353136895,0.00072612107,778.2258304955213,0.000738817,-0.025795082,-0.01001561
0.9997643,0.00051196344,8208,0.003394653,48.46146772702999,778.2267207107429,4021,5325.993,2.755179,608.3877,0.27533954,6570.4146,3.3646052,8208,,,,,48.46146772702999,0.00072693225,778.2267207107429,0.00073928444,-0.025317103,-0.010166852
1.0004787,0.0005120137,16,0.0033949472,48.46157703308168,778.2263857434941,4022,5328.9653,2.755324,608.0565,0.27505425,6575.11,3.3649352,16,,,,,48.46157703308168,0.0007261452,778.2263857434941,0.0007389616,-0.02532016,-0.010935778
0.9996208,0.0005119612,16,0.0033952412,48.46072244085816,778.2256186655443,4023,5325.8867,2.7550118,607.87494,0.27532193,6569.471,3.36459,16,,,,,48.46072244085816,0.00072669104,778.2256186655443,0.00073947106,-0.025207454,-0.010428253
0.99923843,0.00051190273,16,0.0033955348,48.46151762427285,778.2264331457156,4024,5323.1416,2.7546852,609.1601,0.2750332,6566.9585,3.3642058,16,,,,,48.46151762427285,0.00072672253,778.2264331457156,0.0007394503,-0.025358038,-0.010656546
1.0004185,0.00051185733,16,0.0033958282,48.461417388724925,778.2270228146797,4025,5327.3105,2.7551866,608.6155,0.27499488,6574.7144,3.3639078,16,,,,,48.461417388724925,0.0007270598,778.2270228146797,0.00073968765,-0.025723161,-0.0096444115
1.0002536,0.0005120719,0,0.0033961213,48.46142092098013,778.2262113122658,4026,5329.797,2.7555118,608.5459,0.27552634,6573.63,3.3653176,0,,,,,48.46142092098013,0.0007262867,778.2262113122658,0.00073894527,-0.025492495,-0.009496333
0.99965423,0.00051194703,0,0.0033964142,48.46109122287943,778.2282891809956,4027,5325.685,2.7549472,607.804,0.275117,6569.691,3.364497,0,,,,,48.46109122287943,0.0007265097,778.2282891809956,0.00073891395,-0.025395386,-0.009770224
1.0002503,0.00051200856,0,0.0033967067,48.4614812661761,778.2275504800683,4028,5329.5396,2.7553625,608.6628,0.27500138,6573.609,3.3649013,0,,,,,48.4614812661761,0.0007272391,778.2275504800683,0.00073970977,-0.025177779,-0.009475301
1.0004987,0.00051209325,0,0.0033969989,48.46102113098862,778.2274985876378,4029,5330.8906,2.7555752,608.65594,0.2749797,6575.2407,3.3654583,0,,,,,48.46102113098862,0.00072590035,778.2274985876378,0.00073834165,-0.025158383,-0.00933935
0.9990004,0.0005119391,0,0.0033972908,48.46272423825181,778.2277086942158,4030,5322.3013,2.754688,608.4339,0.2751887,6565.394,3.3644452,0,,,,,48.46272423825181,0.0007273284,778.2277086942158,0.0007399334,-0.0251892,-0.00972493
1.0006093,0.00051212846,0,0.0033975826,48.46293524612099,778.2271084841573,4031,5331.6074,2.755689,608.48987,0.27522054,6575.968,3.3656895,0,,,,,48.46293524612099,0.00072636537,778.2271084841573,0.00073867897,-0.025120353,-0.009386454
1.0001689,0.00051201694,0,0.0033978738,48.460424218229804,778.2272122248667,4032,5329.049,2.755194,606.72,0.2751256,6573.0737,3.3649564,0,,,,,48.460424218229804,0.0007266723,778.2272122248667,0.0007390708,-0.024982074,-0.009454434
0.99962336,0.00051197014,0,0.003398165,48.4626949675917,778.2271275718816,4033,5325.746,2.7550323,608.3602,0.27516195,6569.4883,3.3646488,0,,,,,48.4626949675917,0.00072620064,778.2271275718816,0.00073841977,-0.024985556,-0.0095349215
0.9995609,0.0005119786,0,0.003398456,48.46091693657698,778.2269659832929,4034,5326.2295,2.755064,608.24945,0.2751628,6569.0776,3.3647044,0,,,,,48.46091693657698,0.0007270077,778.2269659832929,0.00073955115,-0.024695799,-0.009186756
1.0001065,0.0005119782,0,0.0033987463,48.46281701152148,778.228811820459,4035,5328.667,2.7551935,607.74963,0.27510035,6572.663,3.3647022,0,,,,,48.46281701152148,0.00072600145,778.228811820459,0.00073826173,-0.024757179,-0.009163252
0.99978936,0.0005120403,0,0.0033990366,48.46249186696755,778.2267367687845,4036,5327.672,2.7553885,608.2684,0.27523795,6570.579,3.36511,0,,,,,48.46249186696755,0.00072686345,778.2267367687845,0.0007393824,-0.024676407,-0.009199357
1.0003697,0.00051215244,0,0.0033993265,48.46057978918779,778.2273395696702,4037,5330.7417,2.755565,608.4845,0.2751408,6574.393,3.365847,0,,,,,48.46057978918779,0.0007262811,778.2273395696702,0.00073876424,-0.024722185,-0.009053374
0.99868613,0.0005118302,0,0.003399616,48.463065559276544,778.2263879723198,4038,5321.121,2.754476,608.8767,0.27546534,6563.3286,3.3637292,0,,,,,48.463065559276544,0.00072767795,778.2263879723198,0.0007403046,-0.024813788,-0.0091559775
1.0005,0.00051208923,0,0.0033999055,48.463036779866044,778.228134061125,4039,5331.3794,2.7555952,607.8146,0.27531877,6575.249,3.3654318,0,,,,,48.463036779866044,0.0007259993,778.228134061125,0.0007383519,-0.024775133,-0.00921277
1.0007117,0.0005120898,0,0.0034001945,48.46256809934084,778.2286294315952,4040,5332.407,2.7557514,608.52014,0.27501994,6576.64,3.3654356,0,,,,,48.46256809934084,0.0007262401,778.2286294315952,0.00073866046,-0.024585271,-0.008651719
1.0005114,0.00051204173,0,0.0034004832,48.461207727190256,778.2281948081813,4041,5330.3125,2.755536,608.7332,0.2751984,6575.324,3.3651197,0,,,,,48.461207727190256,0.00072637765,778.2281948081813,0.0007386765,-0.024890605,-0.009210655
1.0000188,0.0005120785,0,0.0034007716,48.46137652797862,778.2267657625255,4042,5328.8716,2.7553375,608.784,0.27542132,6572.0874,3.3653612,0,,,,,48.46137652797862,0.0007263008,778.2267657625255,0.00073880824,-0.024752975,-0.008830946
0.9996467,0.00051196676,0,0.00340106,48.4622294701275,778.2280533125681,4043,5325.7603,2.7550974,607.6502,0.2749768,6569.6416,3.3646266,0,,,,,48.4622294701275,0.00072652096,778.2280533125681,0.00073891145,-0.024653787,-0.0091099385
1.0000552,0.00051196234,0,0.003401348,48.463047604017234,778.2272152292866,4044,5327.949,2.7553036,608.61444,0.27520904,6572.326,3.3645978,0,,,,,48.463047604017234,0.0007268322,778.2272152292866,0.0007392747,-0.024803817,-0.009249821
1.001013,0.000512174,0,0.0034016354,48.462501107189084,778.229342571847,4045,5333.59,2.7558765,608.548,0.27494252,6578.621,3.3659887,0,,,,,48.462501107189084,0.00072558,778.229342571847,0.00073793385,-0.02466468,-0.008933956
0.9995308,0.00051189796,0,0.0034019228,48.463389116891356,778.2283190647469,4046,5324.7554,2.7547538,608.24207,0.27527565,6568.88,3.3641746,0,,,,,48.463389116891356,0.0007269393,778.2283190647469,0.00073935697,-0.024563422,-0.008867227
1.0002476,0.00051201356,0,0.0034022098,48.46339275044372,778.2287280649157,4047,5329.5835,2.755541,608.07336,0.27512044,6573.591,3.3649344,0,,,,,48.46339275044372,0.0007268539,778.2287280649157,0.0007392302,-0.024487121,-0.008358159
1.0005265,0.00051212317,0,0.0034024965,48.461662096958335,778.2302009002706,4048,5331.2295,2.755619,608.3883,0.2750649,6575.424,3.3656547,0,,,,,48.461662096958335,0.0007258385,778.2302009002706,0.00073798624,-0.024317484,-0.008154039
0.9998318,0.00051200966,0,0.0034027828,48.462041359710355,778.2286799744653,4049,5326.8257,2.755251,608.11084,0.2750006,6570.858,3.364909,0,,,,,48.462041359710355,0.0007269452,778.2286799744653,0.0007391891,-0.024311274,-0.008407745
1.000134,0.00051201094,0,0.003403069,48.46363611243078,778.2284780017023,4050,5329.638,2.7555172,607.8738,0.2751881,6572.844,3.364917,0,,,,,48.46363611243078,0.00072652946,778.2284780017023,0.0007389101,-0.024396919,-0.008103557
0.9999102,0.00051205256,0,0.003403355,48.46303670736218,778.2279749424506,4051,5327.5522,2.7554297,608.4911,0.2751256,6571.373,3.3651905,0,,,,,48.46303670736218,0.00072739506,778.2279749424506,0.00073986227,-0.024355553,-0.008341243
1.0001068,0.0005120773,0,0.0034036406,48.46338692746225,778.2278736729645,4052,5328.6494,2.7553837,608.5475,0.27534288,6572.665,3.3653533,0,,,,,48.46338692746225,0.0007265125,778.2278736729645,0.000739075,-0.024570663,-0.008635967
0.99998045,0.00051197544,0,0.0034039258,48.463831510669394,778.2270779277078,4053,5328.291,2.7553039,608.60406,0.27521452,6571.835,3.3646836,0,,,,,48.463831510669394,0.00072653225,778.2270779277078,0.0007390808,-0.024480755,-0.008552294
1.0003585,0.0005120358,0,0.0034042108,48.46273247933752,778.2292618869621,4054,5330.0527,2.7554677,608.16565,0.27525935,6574.319,3.3650806,0,,,,,48.46273247933752,0.0007269274,778.2292618869621,0.00073921145,-0.024284706,-0.00821881
1.0000305,0.0005119915,0,0.0034044955,48.462153291493365,778.2284261303728,4055,5329.12,2.7553363,608.0945,0.27543208,6572.164,3.3647895,0,,,,,48.462153291493365,0.0007263583,778.2284261303728,0.0007386743,-0.02430415,-0.008122656
0.99997276,0.00051205186,0,0.00340478,48.46279580873797,778.2282306290697,4056,5328.7534,2.755341,608.25244,0.27527303,6571.784,3.3651862,0,,,,,48.46279580873797,0.0007261704,778.2282306290697,0.00073842105,-0.024203693,-0.00821995
1.0001733,0.00051202317,0,0.003405064,48.464342565012586,778.229446090797,4057,5329.2563,2.7553325,608.71655,0.27539298,6573.1025,3.3649976,0,,,,,48.464342565012586,0.00072641514,778.229446090797,0.00073867023,-0.024134716,-0.008422582
1.0003124,0.00051210704,0,0.003405348,48.46304943513609,778.2275010914462,4058,5331.1245,2.7557566,608.6669,0.27530053,6574.0166,3.3655488,0,,,,,48.46304943513609,0.0007266369,778.2275010914462,0.0007391869,-0.02396963,-0.007885991
1.0002781,0.0005120436,0,0.0034056315,48.46364991594852,778.2294275512727,4059,5329.959,2.7554715,608.76886,0.27519387,6573.791,3.3651319,0,,,,,48.46364991594852,0.00072640885,778.2294275512727,0.0007386708,-0.024163295,-0.00795479
1.0000733,0.00051211956,0,0.0034061978,48.46255526622127,778.2292801980354,4061,5329.9507,2.755607,608.8746,0.27537474,6572.445,3.365631,0,,,,,48.46255526622127,0.0007269868,778.2292801980354,0.00073934253,-0.023963975,-0.0077629434
0.99948996,0.00051200436,0,0.0034064804,48.463899833821046,778.2275073498752,4062,5326.2383,2.7551398,608.43787,0.27503315,6568.6113,3.364874,0,,,,,48.463899833821046,0.0007265095,778.2275073498752,0.00073902786,-0.02377961,-0.0076951724
1.0006968,0.0005121856,0,0.0034067628,48.46116974711914,778.2287003528585,4063,5333.585,2.7558901,607.93463,0.27545312,6576.543,3.366065,0,,,,,48.46116974711914,0.00072606694,778.2287003528585,0.0007382792,-0.023831382,-0.007789711
1.0003351,0.0005120306,0,0.0034070448,48.463435480381904,778.2286629600251,4064,5331.647,2.755578,607.25116,0.2751784,6574.1655,3.3650465,0,,,,,48.463435480381904,0.0007265485,778.2286629600251,0.0007388961,-0.02397204,-0.007863048
1.0005736,0.00051206717,0,0.0034073268,48.46306777896985,778.2292278181458,4065,5332.0127,2.7557442,608.60657,0.27553526,6575.733,3.3652866,0,,,,,48.46306777896985,0.00072576635,778.2292278181458,0.00073799473,-0.02431901,-0.008361361
0.9997773,0.0005120831,0,0.0034076083,48.4638676057407,778.2295062339514,4066,5328.3784,2.7553535,608.086,0.2749372,6570.5,3.3653915,0,,,,,48.4638676057407,0.0007264986,778.2295062339514,0.00073877064,-0.023966432,-0.007797708
1.0002795,0.0005120858,0,0.0034078895,48.4622302178354,778.229043087204,4067,5330.9917,2.7556202,608.03564,0.2754278,6573.8003,3.3654091,0,,,,,48.4622302178354,0.00072507845,778.229043087204,0.0007372622,-0.02395677,-0.0075729475
0.9987694,0.000511885,0,0.0034081703,48.46401838006387,778.2289530942202,4068,5322.084,2.754529,608.6456,0.27525127,6563.876,3.3640895,0,,,,,48.46401838006387,0.00072726514,778.2289530942202,0.0007395751,-0.02411918,-0.007886803
0.9994418,0.00051204074,0,0.003408451,48.463483731518025,778.2289453261099,4069,5325.9316,2.7551095,608.8793,0.27517718,6568.295,3.365113,0,,,,,48.463483731518025,0.0007269327,778.2289453261099,0.0007392733,-0.023983665,-0.007602583
0.9997431,0.00051201857,0,0.0034087314,48.46287366733887,778.230753875795,4070,5327.0786,2.7551098,608.6047,0.27521777,6570.275,3.3649673,0,,,,,48.46287366733887,0.000727017,778.230753875795,0.00073905644,-0.024064988,-0.0074336478
1.0006343,0.0005120854,0,0.0034090115,48.46170133674305,778.2276683983891,4071,5332.09,2.7556438,607.844,0.27531573,6576.132,3.3654063,0,,,,,48.46170133674305,0.0007261896,778.2276683983891,0.00073817995,-0.023994781,-0.007413407
1.0000436,0.0005120954,0,0.0034092912,48.46291233397402,778.2287585863961,4072,5329.555,2.7554126,608.2029,0.2753726,6572.2505,3.3654723,0,,,,,48.46291233397402,0.00072681415,778.2287585863961,0.00073904643,-0.024125762,-0.0076846057
1.0010884,0.00051210244,0,0.0034095708,48.46386408057586,778.230762174567,4073,5334.967,2.7558703,607.7409,0.27494928,6579.116,3.3655183,0,,,,,48.46386408057586,0.00072499854,778.230762174567,0.00073716976,-0.023912732,-0.0074702566
0.9999739,0.0005120773,0,0.00340985,48.464384933220416,778.2290179384871,4074,5329.6836,2.755557,608.35547,0.27501807,6571.792,3.365353,0,,,,,48.464384933220416,0.00072673865,778.2290179384871,0.0007389176,-0.023927957,-0.007335121
0.9999578,0.0005120448,0,0.0034101289,48.464706332627,778.2300747864089,4075,5330.1045,2.7554507,607.7588,0.27542645,6571.686,3.3651397,0,,,,,48.464706332627,0.0007265384,778.2300747864089,0.00073867897,-0.023681289,-0.0069747693
1.0004472,0.00051209383,0,0.0034104073,48.46223444698838,778.2302934286345,4076,5331.6284,2.7555635,608.25195,0.27496997,6574.9023,3.3654618,0,,,,,48.46223444698838,0.000725896,778.2302934286345,0.00073808955,-0.023543507,-0.0069255675
1.000754,0.00051218196,0,0.0034106858,48.46380023680489,778.2305369391747,4077,5333.9,2.755877,607.7326,0.27513695,6576.9185,3.3660412,0,,,,,48.46380023680489,0.0007257133,778.2305369391747,0.00073787227,-0.023523005,-0.00692264
0.9996511,0.0005120336,0,0.0034109638,48.46241324789297,778.2302866145715,4078,5326.8984,2.7552662,609.5314,0.27498043,6569.6704,3.3650658,0,,,,,48.46241324789297,0.00072733976,778.2302866145715,0.0007395384,-0.023899376,-0.0069563645
1.001128,0.0005121828,0,0.0034112416,48.462211050739505,778.2301663209403,4079,5335.6655,2.756205,608.234,0.27508685,6579.3765,3.366047,0,,,,,48.462211050739505,0.0007258527,778.2301663209403,0.000737884,-0.02356056,-0.0069197267
1.0003601,0.0005120615,0,0.0034115189,48.46458630948732,778.229677076185,4080,5331.7026,2.7557478,608.39923,0.27503398,6574.33,3.3652496,0,,,,,48.46458630948732,0.00072669575,778.229677076185,0.00073889596,-0.023563985,-0.006714031
1.0002943,0.00051204674,0,0.0034117962,48.464136577635834,778.2300555160814,4081,5330.4453,2.7556052,608.46326,0.27491277,6573.8975,3.3651526,0,,,,,48.464136577635834,0.0007277912,778.2300555160814,0.0007399637,-0.023684464,-0.0067862407
0.9994191,0.0005120327,0,0.003412073,48.464424187460665,778.2299074662615,4082,5327.079,2.7550075,607.4589,0.27540937,6568.1455,3.36506,0,,,,,48.464424187460665,0.0007262856,778.2299074662615,0.00073835463,-0.023760566,-0.0065451036
1.0003775,0.00051217957,0,0.0034123496,48.46273498435636,778.2308256551921,4083,5331.9575,2.7558339,608.2407,0.2751217,6574.445,3.3660254,0,,,,,48.46273498435636,0.0007260929,778.2308256551921,0.00073809834,-0.023646638,-0.0067796125
0.99989605,0.0005120899,0,0.0034126258,48.46491396314157,778.229076730961,4084,5329.152,2.7554283,608.5272,0.2750717,6571.2803,3.3654358,0,,,,,48.46491396314157,0.00072685856,778.229076730961,0.0007391013,-0.023495998,-0.0067140018
0.99988365,0.0005121127,0,0.003412902,48.463837057512755,778.2293509719241,4085,5329.8633,2.7555258,608.8865,0.2751318,6571.1987,3.3655858,0,,,,,48.463837057512755,0.0007266474,778.2293509719241,0.0007389597,-0.023527171,-0.006418769
0.9994075,0.0005120056,0,0.0034131776,48.46233530899415,778.2291316820593,4086,5326.934,2.7552805,608.0897,0.27539673,6568.0693,3.364882,0,,,,,48.46233530899415,0.000727271,778.2291316820593,0.00073946733,-0.023647992,-0.006825679
1.0013156,0.0005123679,128,0.003413453,48.46214688431038,778.2301503313486,4087,5337.315,2.756756,608.00806,0.27515683,6580.6094,3.3672628,128,,,,,48.46214688431038,0.0007252956,778.2301503313486,0.0007373883,-0.023623412,-0.0064984383
0.99952525,0.00051203143,0,0.003413728,48.463631068661215,778.2296026043084,4088,5328.1055,2.7550786,607.7794,0.27499992,6568.8433,3.365052,0,,,,,48.463631068661215,0.00072669965,778.2296026043084,0.000738857,-0.023402214,-0.006412624
0.99958146,0.00051199185,0,0.003414003,48.46403755508401,778.229763341204,4089,5327.5566,2.7551684,608.0595,0.27542976,6569.213,3.3647919,0,,,,,48.46403755508401,0.00072635,778.229763341204,0.0007386211,-0.023407696,-0.006438293
1.0003624,0.0005121087,0,0.0034142775,48.46416934048876,778.2287829691033,4090,5332.273,2.755774,608.0956,0.27513084,6574.3447,3.3655593,0,,,,,48.46416934048876,0.00072641525,778.2287829691033,0.0007386998,-0.023274897,-0.006124708
0.99936396,0.0005120374,0,0.0034145517,48.46424246935477,778.2315291636896,4091,5326.9326,2.7551224,608.9774,0.27504778,6567.783,3.365091,0,,,,,48.46424246935477,0.0007273015,778.2315291636896,0.0007392094,-0.023145502,-0.005994017
1.0004587,0.0005121033,0,0.0034148258,48.463054216209336,778.231813300296,4092,5331.7217,2.7556214,608.1198,0.2752379,6574.978,3.3655243,0,,,,,48.463054216209336,0.0007259874,778.231813300296,0.00073797634,-0.02339605,-0.0063942163
0.99923736,0.0005119787,0,0.0034150993,48.46404864434147,778.230408844115,4093,5325.8696,2.7550106,608.6536,0.2751481,6566.951,3.3647053,0,,,,,48.46404864434147,0.00072677707,778.230408844115,0.00073894823,-0.02313817,-0.0060009095
0.9998988,0.00051201065,0,0.0034153727,48.463140927644616,778.2319407769415,4094,5329.294,2.755378,608.18317,0.27534196,6571.2983,3.3649154,0,,,,,48.463140927644616,0.0007266195,778.2319407769415,0.00073849584,-0.02333787,-0.006128953
0.99998105,0.0005120612,0,0.0034156458,48.46395767696806,778.2309799929391,4095,5329.3345,2.7555063,608.6723,0.27519688,6571.839,3.3652472,0,,,,,48.46395767696806,0.0007270945,778.2309799929391,0.000739056,-0.023435405,-0.006237867
1.0000204,0.0005120789,0,0.0034159187,48.46197907953005,778.2327586470813,4096,5330.807,2.75563,608.252,0.27545404,6572.0977,3.365364,0,,,,,48.46197907953005,0.0007259057,778.2327586470813,0.00073752715,-0.023115657,-0.0059832246
1.0004321,0.0005121035,0,0.003416191,48.464760759642246,778.2313928991217,4097,5332.179,2.755763,608.6415,0.2752869,6574.803,3.3655252,0,,,,,48.464760759642246,0.00072649337,778.2313928991217,0.0007384622,-0.023339331,-0.0061031994
1.000694,0.0005121673,0,0.0034164633,48.46421185928833,778.2310973874651,4098,5334.232,2.7559786,608.53,0.27481762,6576.5244,3.3659446,0,,,,,48.46421185928833,0.0007255927,778.2310973874651,0.0007376185,-0.023234164,-0.0058925897
0.99982965,0.00051207346,0,0.0034167352,48.46199466032069,778.2305395394012,4099,5329.8975,2.7553904,608.4182,0.27518773,6570.8438,3.3653278,0,,,,,48.46199466032069,0.00072658015,778.2305395394012,0.00073858653,-0.0232253,-0.0057283253
1.0003154,0.0005121029,0,0.003417007,48.464024697858406,778.2303604606448,4100,5331.309,2.755569,607.4103,0.2755058,6574.0366,3.3655217,0,,,,,48.464024697858406,0.0007256849,778.2303604606448,0.00073782937,-0.023091048,-0.005741368
0.9995238,0.00051207526,0,0.0034172782,48.463930909410706,778.230957703853,4101,5327.997,2.7553477,609.5506,0.27523625,6568.834,3.36534,0,,,,,48.463930909410706,0.0007275768,778.230957703853,0.0007395783,-0.022802241,-0.0056052348
0.99979544,0.00051206566,0,0.0034175492,48.46446189965812,778.2309554730659,4102,5329.4194,2.75532,608.07294,0.27534217,6570.619,3.3652768,0,,,,,48.46446189965812,0.00072698615,778.2309554730659,0.000738893,-0.022932561,-0.00559458
1.0006018,0.00051213783,0,0.00341782,48.46429466357359,778.2299320765212,4103,5333.324,2.7560318,608.37665,0.2749848,6575.918,3.3657513,0,,,,,48.46429466357359,0.00072651624,778.2299320765212,0.000738742,-0.022934688,-0.005760503
1.0010641,0.0005122615,0,0.0034180905,48.46337425147014,778.2302265354804,4104,5336.6626,2.7562597,608.05133,0.27508402,6578.9565,3.3665638,0,,,,,48.46337425147014,0.0007264343,778.2302265354804,0.00073868653,-0.022930622,-0.005286513
1.0008495,0.00051218376,0,0.0034183606,48.46310424448355,778.2312448503648,4105,5334.351,2.756129,608.58044,0.27498695,6577.5464,3.366053,0,,,,,48.46310424448355,0.00072624674,778.2312448503648,0.00073820417,-0.02315044,-0.0058533237
1.0001451,0.00051216065,0,0.0034186305,48.463351596641566,778.2304589015994,4106,5331.1084,2.7557936,609.21625,0.27500838,6572.9165,3.365901,0,,,,,48.463351596641566,0.00072628324,778.2304589015994,0.00073845586,-0.022891304,-0.0055487873
1.0005553,0.0005122426,0,0.0034189,48.464074157082365,778.2307064045183,4107,5333.921,2.756016,609.545,0.27541068,6575.613,3.3664396,0,,,,,48.464074157082365,0.00072688516,778.2307064045183,0.0007389114,-0.022728521,-0.0051188204
1.0009701,0.0005122401,0,0.0034191695,48.46518110095603,778.2324080578604,4108,5334.924,2.755975,608.87305,0.27512237,6578.3394,3.3664234,0,,,,,48.46518110095603,0.0007257643,778.2324080578604,0.00073771586,-0.022887936,-0.005505244
1.0004258,0.000512188,0,0.0034194384,48.463778503706585,778.2317344107437,4109,5332.597,2.7559,609.6156,0.2753104,6574.7617,3.366081,0,,,,,48.463778503706585,0.00072619773,778.2317344107437,0.00073810964,-0.022872748,-0.005223891
1.0002666,0.0005121437,0,0.003419707,48.46409507317605,778.232028458267,4110,5331.7466,2.7559297,609.74854,0.27553618,6573.715,3.36579,0,,,,,48.46409507317605,0.0007266497,778.232028458267,0.0007384785,-0.022939695,-0.005236768
0.99967355,0.0005121266,0,0.0034199755,48.46590316684464,778.2309687407823,4111,5328.0967,2.7555583,609.53766,0.27527606,6569.818,3.365677,0,,,,,48.46590316684464,0.0007265464,778.2309687407823,0.00073861843,-0.022581356,-0.0054343413
0.9998644,0.00051219226,0,0.0034202437,48.46539106358152,778.2317808522497,4112,5329.9277,2.75576,611.04675,0.27525088,6571.0723,3.366109,0,,,,,48.46539106358152,0.0007265263,778.2317808522497,0.0007383748,-0.02271368,-0.005016144
1.0003977,0.0005122219,0,0.0034205115,48.465539991441126,778.2314783858542,4113,5332.606,2.7560802,609.73315,0.27537653,6574.577,3.3663034,0,,,,,48.465539991441126,0.00072722475,778.2314783858542,0.000739249,-0.022792997,-0.004940166
0.99958795,0.0005121104,0,0.003420779,48.46551366811716,778.2323400244458,4114,5327.9585,2.7554116,609.72516,0.27523446,6569.2554,3.365571,0,,,,,48.46551366811716,0.0007267313,778.2323400244458,0.0007386753,-0.022721458,-0.005125878
1.0010817,0.00051229843,8192,0.0034210463,48.46445634421674,778.2329800371624,4115,5337.141,2.756535,609.8532,0.2752393,6579.0723,3.3668065,8192,,,,,48.46445634421674,0.0007260936,778.2329800371624,0.00073790055,-0.022579225,-0.0048727156
0.9986968,0.0005119851,0,0.0034213134,48.4648300104654,778.2318985633749,4116,5323.7383,2.7549539,609.9022,0.27538702,6563.399,3.3647473,0,,,,,48.4648300104654,0.00072682125,778.2318985633749,0.000738739,-0.022658942,-0.0047870977
1.0002211,0.0005121714,0,0.00342158,48.46420400767532,778.2324563916404,4117,5332.0977,2.755898,610.3896,0.274999,6573.417,3.3659718,0,,,,,48.46420400767532,0.00072665745,778.2324563916404,0.0007385413,-0.02261243,-0.004743728
0.9995436,0.0005121303,8192,0.0034218463,48.464384976532266,778.2317687452703,4118,5329.474,2.7556555,610.1494,0.27516213,6568.964,3.365702,8192,,,,,48.464384976532266,0.0007274988,778.2317687452703,0.000739393,-0.022420587,-0.0045285234
1.0001024,0.0005121682,0,0.0034221124,48.46490525805982,778.2311654483375,4119,5331.469,2.7557316,608.6703,0.27523944,6572.636,3.3659508,0,,,,,48.46490525805982,0.000726548,778.2311654483375,0.0007385,-0.022456821,-0.004717088
1.0005201,0.00051221566,0,0.003422378,48.464963774003905,778.2330099697308,4120,5334.8647,2.755995,609.1759,0.2750501,6575.382,3.3662627,0,,,,,48.464963774003905,0.0007263294,778.2330099697308,0.0007381568,-0.022634907,-0.0047303964
1.0000143,0.000512205,0,0.0034226438,48.46423518477651,778.231882490433,4121,5332.0396,2.7558281,609.46564,0.2754277,6572.057,3.3661926,0,,,,,48.46423518477651,0.00072570075,778.231882490433,0.0007376175,-0.022286331,-0.0044266153
0.9999253,0.00051220716,0,0.003422909,48.46336302721216,778.2334016021505,4122,5330.817,2.7558725,609.3203,0.2752604,6571.4727,3.366207,0,,,,,48.46336302721216,0.0007269928,778.2334016021505,0.0007387164,-0.022365153,-0.00439854
1.0009239,0.0005122331,0,0.003423174,48.4650038222721,778.2320190738419,4123,5336.6587,2.7562468,609.3929,0.27498394,6578.035,3.3663774,0,,,,,48.4650038222721,0.0007260972,778.2320190738419,0.00073799293,-0.02218813,-0.004086604
1.0007606,0.0005122092,8192,0.0034234384,48.46595884652895,778.2316845865192,4124,5335.0957,2.756382,609.948,0.2752215,6576.9614,3.36622,8192,,,,,48.46595884652895,0.00072665577,778.2316845865192,0.00073879387,-0.022063881,-0.004190326
1.0006592,0.0005121424,0,0.0034237027,48.46653066232678,778.23195665059,4125,5334.8315,2.756136,607.9954,0.27529207,6576.296,3.365781,0,,,,,48.46653066232678,0.0007260624,778.23195665059,0.0007379592,-0.022123689,-0.0041356594
1.0005097,0.0005122611,0,0.0034239667,48.463429956979155,778.233607169537,4126,5334.877,2.7560353,609.0909,0.2753889,6575.3135,3.3665614,0,,,,,48.463429956979155,0.0007256383,778.233607169537,0.00073744444,-0.021991437,-0.0037639565
1.0003804,0.00051221007,0,0.0034242305,48.465176527385125,778.2304866079818,4127,5333.28,2.7561119,609.5031,0.27537677,6574.4634,3.3662257,0,,,,,48.465176527385125,0.00072656013,778.2304866079818,0.0007385903,-0.021930085,-0.003968487
0.99976546,0.0005122065,0,0.003424494,48.46423739531569,778.2332076322982,4128,5331.0347,2.7558653,610.15173,0.27530956,6570.422,3.3662024,0,,,,,48.46423739531569,0.0007269028,778.2332076322982,0.0007386714,-0.021963699,-0.0037539222
1.0006521,0.00051224924,0,0.0034247572,48.465495801456264,778.2329755574144,4129,5335.3853,2.7563968,610.0416,0.27501997,6576.249,3.3664832,0,,,,,48.465495801456264,0.0007261605,778.2329755574144,0.0007380429,-0.021894308,-0.0037371702
0.9999597,0.0005120439,0,0.00342502,48.46455720709637,778.232769113228,4130,5331.014,2.7557526,609.3149,0.27551278,6571.6987,3.3651338,0,,,,,48.46455720709637,0.00072637375,778.232769113228,0.00073808717,-0.021935314,-0.0037405717
1.0001892,0.00051229284,0,0.0034252827,48.46720697259491,778.2324811893966,4131,5333.304,2.7562041,610.67236,0.27548355,6573.2065,3.3667698,0,,,,,48.46720697259491,0.0007255931,778.2324811893966,0.000737443,-0.021871135,-0.0037379
0.9996835,0.0005121194,8192,0.0034255448,48.46616804433485,778.2319322308565,4132,5330.108,2.755688,608.46326,0.27515545,6569.8833,3.36563,8192,,,,,48.46616804433485,0.0007265681,778.2319322308565,0.00073835003,-0.021829175,-0.0036207708
0.9992464,0.00051209255,0,0.003425807,48.46584808465393,778.2326839375627,4133,5327.3896,2.7554684,609.6231,0.27522966,6567.0107,3.3654535,0,,,,,48.46584808465393,0.0007270739,778.2326839375627,0.00073904096,-0.021963695,-0.0036370102
1.000896,0.0005123064,0,0.0034260687,48.46489854438606,778.2332801374721,4134,5336.732,2.756325,609.2283,0.27504086,6577.8516,3.366859,0,,,,,48.46489854438606,0.000726161,778.2332801374721,0.0007378945,-0.021579232,-0.0031339542
0.9999427,0.0005121925,0,0.00342633,48.46689188095674,778.2323540465908,4135,5331.074,2.755889,609.653,0.27531973,6571.587,3.3661103,0,,,,,48.46689188095674,0.0007271469,778.2323540465908,0.0007391542,-0.021787971,-0.0036063348
1.0000672,0.0005122151,0,0.0034265912,48.46373214865441,778.2324602617498,4136,5331.981,2.7559626,608.7182,0.2749812,6572.4053,3.3662589,0,,,,,48.46373214865441,0.0007264104,778.2324602617498,0.0007382494,-0.0218643,-0.0035164675
1.0002561,0.00051224534,0,0.003426852,48.46395632081469,778.2341632471306,4137,5333.207,2.756046,609.3095,0.27542174,6573.6465,3.3664577,0,,,,,48.46395632081469,0.00072686403,778.2341632471306,0.0007384946,-0.021525068,-0.0033522025
0.99978936,0.0005120911,0,0.0034271125,48.4653386914287,778.232852739984,4138,5330.161,2.7557247,609.41754,0.27527875,6570.579,3.365444,0,,,,,48.4653386914287,0.00072765857,778.232852739984,0.0007393858,-0.02178448,-0.003430856
0.99889755,0.00051208615,0,0.0034273728,48.46613890395972,778.2340298454471,4139,5326.2104,2.7552633,609.04095,0.27510837,6564.7183,3.3654113,0,,,,,48.46613890395972,0.0007271505,778.2340298454471,0.0007387716,-0.021510137,-0.00327168
1.0006706,0.0005123119,0,0.0034276326,48.46537165815636,778.2313841179277,4140,5335.445,2.7563405,609.19543,0.27530408,6576.37,3.366895,0,,,,,48.46537165815636,0.00072722085,778.2313841179277,0.0007390709,-0.021541394,-0.003129354
0.999251,0.00051204336,0,0.0034278922,48.4654960698786,778.2342435830758,4141,5327.327,2.7553966,610.1702,0.27538878,6567.041,3.3651302,0,,,,,48.4654960698786,0.0007277093,778.2342435830758,0.0007393563,-0.02153742,-0.003445448
0.9999753,0.00051221217,0,0.0034281516,48.46613137659605,778.2332855779598,4142,5331.501,2.7558725,609.62396,0.27513358,6571.8013,3.3662395,0,,,,,48.46613137659605,0.0007265963,778.2332855779598,0.00073832704,-0.021553112,-0.003121718
0.9999335,0.000512159,0,0.0034284107,48.465053849263896,778.232314592289,4143,5331.0483,2.7557495,608.76263,0.27535078,6571.5264,3.3658903,0,,,,,48.465053849263896,0.00072690815,778.232314592289,0.0007386308,-0.021383887,-0.003214318
1.0000474,0.0005121285,0,0.0034286694,48.46405523519614,778.2348076285805,4144,5332.423,2.7559004,608.36426,0.2751366,6572.275,3.3656898,0,,,,,48.46405523519614,0.000726691,778.2348076285805,0.0007381493,-0.021452924,-0.0031692942
0.9999422,0.00051218417,0,0.003428928,48.46496615794852,778.2340607616638,4145,5331.9814,2.755763,609.1228,0.2751454,6571.5835,3.3660555,0,,,,,48.46496615794852,0.0007262636,778.2340607616638,0.00073794794,-0.021394292,-0.003007369
0.9998111,0.0005121799,0,0.003429186,48.46648530732325,778.2324041593366,4146,5330.734,2.7556448,608.9988,0.2751049,6570.722,3.3660278,0,,,,,48.46648530732325,0.0007268564,778.2324041593366,0.0007387056,-0.021298552,-0.0030046825
0.99992275,0.0005122308,0,0.003429444,48.46472066511359,778.2349235378629,4147,5332.1895,2.7558289,608.8036,0.27517974,6571.4556,3.3663619,0,,,,,48.46472066511359,0.0007266899,778.2349235378629,0.0007382771,-0.021312715,-0.0029061893
1.0007094,0.00051221316,0,0.0034297018,48.46648619701098,778.2349022059017,4148,5336.8228,2.7562466,608.87537,0.27541277,6576.626,3.3662462,0,,,,,48.46648619701098,0.00072662643,778.2349022059017,0.00073822506,-0.021061165,-0.0025778622
1.0004859,0.0005121215,0,0.003429959,48.46546839607706,778.2334987730933,4149,5334.8247,2.7561238,608.3934,0.27513754,6575.1567,3.3656437,0,,,,,48.46546839607706,0.0007266588,778.2334987730933,0.00073836365,-0.021183828,-0.0028247896
1.0004113,0.0005121932,0,0.003430216,48.46644248801262,778.2336227132269,4150,5335.177,2.756017,608.75323,0.27507704,6574.6665,3.3661149,0,,,,,48.46644248801262,0.000726953,778.2336227132269,0.0007386935,-0.02115287,-0.0028439185
0.9998275,0.0005121253,0,0.0034304727,48.4635622024197,778.23354776257,4151,5331.5176,2.7556953,607.8303,0.2753859,6570.8296,3.3656688,0,,,,,48.4635622024197,0.00072694436,778.23354776257,0.00073867774,-0.021554947,-0.0034163762
0.99972034,0.0005121102,0,0.0034307293,48.46596912497833,778.2347126714191,4152,5330.5356,2.755609,608.37604,0.2755279,6570.1255,3.3655694,0,,,,,48.46596912497833,0.0007265365,778.2347126714191,0.00073799596,-0.021287896,-0.0030824516
1.0006442,0.0005123129,0,0.0034309854,48.46581922009498,778.233154930998,4153,5336.308,2.7563498,609.7379,0.27553725,6576.1973,3.3669019,0,,,,,48.46581922009498,0.00072633213,778.233154930998,0.0007380224,-0.020970998,-0.0025719702
0.99981403,0.0005121958,0,0.003431241,48.465294877341385,778.2340106873219,4154,5331.0464,2.7557669,609.06305,0.2752472,6570.741,3.3661323,0,,,,,48.465294877341385,0.0007276256,778.2340106873219,0.0007392833,-0.0210546,-0.0025027357
0.999852,0.0005121615,0,0.0034314967,48.46628989630685,778.234966871317,4155,5332.031,2.7557645,608.28955,0.27549568,6570.9907,3.3659067,0,,,,,48.46628989630685,0.00072708563,778.234966871317,0.00073871494,-0.02090021,-0.002161498
1.0010244,0.00051233923,0,0.0034317519,48.465552215696896,778.2337506570708,4156,5338.398,2.7565732,608.9593,0.2753378,6578.696,3.3670745,0,,,,,48.465552215696896,0.00072715234,778.2337506570708,0.00073878485,-0.020868113,-0.0022000202
0.99901986,0.00051195076,0,0.0034320068,48.46605446316446,778.2334689037152,4157,5326.6196,2.7551398,608.7836,0.27511784,6565.522,3.3645215,0,,,,,48.46605446316446,0.00072786957,778.2334689037152,0.00073966023,-0.021119,-0.0026306054
1.0001234,0.00051243027,128,0.0034322615,48.465528937566205,778.2341064930013,4158,5333.87,2.7571805,609.1148,0.27533162,6572.774,3.367673,128,,,,,48.465528937566205,0.00072657276,778.2341064930013,0.00073826395,-0.02081977,-0.002406274
0.9994311,0.000512105,0,0.003432516,48.46592546581858,778.2351405917223,4159,5330.134,2.755606,608.18085,0.27510488,6568.2246,3.3655355,0,,,,,48.46592546581858,0.0007269204,778.2351405917223,0.0007384946,-0.020974092,-0.002532339
1.000492,0.0005122371,0,0.00343277,48.46536756602905,778.2343623508646,4160,5335.5664,2.7559967,608.1492,0.2751281,6575.197,3.3664033,0,,,,,48.46536756602905,0.0007264125,778.2343623508646,0.000737969,-0.020839391,-0.0022352291
1.0005503,0.00051228644,0,0.0034330238,48.4656281762866,778.2344249334847,4161,5336.8833,2.7562776,608.6806,0.275217,6575.58,3.3667278,0,,,,,48.4656281762866,0.0007267072,778.2344249334847,0.0007382889,-0.020751312,-0.0020274713
1.0003728,0.0005122771,0,0.0034332774,48.46696705850969,778.235018461958,4162,5335.319,2.7561855,608.5438,0.27510694,6574.4136,3.3666666,0,,,,,48.46696705850969,0.0007274366,778.235018461958,0.0007389778,-0.020699637,-0.0020972611
0.999548,0.0005121469,0,0.0034335305,48.46517036956901,778.2339331829496,4163,5330.747,2.7555697,608.72974,0.2753341,6568.993,3.3658106,0,,,,,48.46517036956901,0.0007267779,778.2339331829496,0.00073838775,-0.020912081,-0.0022783293
1.0001459,0.00051219796,0,0.0034340362,48.46600445821643,778.2355349193874,4165,5333.498,2.7559052,608.35095,0.2753512,6572.9224,3.3661463,0,,,,,48.46600445821643,0.0007261569,778.2355349193874,0.0007376239,-0.020804776,-0.0019827627
1.0001626,0.0005121731,0,0.0034342883,48.4658092836635,778.2346848631692,4166,5333.978,2.7559576,607.9136,0.27530518,6573.0317,3.3659828,0,,,,,48.4658092836635,0.0007268815,778.2346848631692,0.00073845347,-0.020643381,-0.0019796297
1.000239,0.0005122329,0,0.0034345405,48.46528674761626,778.2343900884641,4167,5334.607,2.7560294,608.2747,0.27509052,6573.534,3.366376,0,,,,,48.46528674761626,0.000727081,778.2343900884641,0.0007387725,-0.020597398,-0.0020886178
1.0002468,0.00051209633,0,0.0034347922,48.46679753936969,778.2345358924517,4168,5333.8574,2.7558727,607.9706,0.27488858,6573.585,3.3654785,0,,,,,48.46679753936969,0.0007262651,778.2345358924517,0.00073789165,-0.020716488,-0.0021073006
1.001717,0.0005123661,0,0.0034350436,48.46820076385146,778.2339485204459,4169,5342.6284,2.7570574,608.98914,0.27523336,6583.2476,3.3672514,0,,,,,48.46820076385146,0.00072555966,778.2339485204459,0.0007374157,-0.020670887,-0.0020969298
0.9997622,0.00051216385,0,0.0034352948,48.467526480252936,778.233125268477,4170,5332.047,2.755744,607.6647,0.27562347,6570.4004,3.3659222,0,,,,,48.467526480252936,0.0007263734,778.233125268477,0.00073820923,-0.020376956,-0.0018804624
0.99990886,0.00051215116,0,0.0034355456,48.4666735391917,778.2354941877924,4171,5332.339,2.7556698,608.86346,0.27513632,6571.3643,3.3658388,0,,,,,48.4666735391917,0.0007267531,778.2354941877924,0.000738294,-0.020336043,-0.0016938215
0.99963343,0.00051219267,0,0.0034357961,48.46718756252293,778.2354533021214,4172,5332.1997,2.755934,608.6437,0.27532682,6569.554,3.3661115,0,,,,,48.46718756252293,0.0007279096,778.2354533021214,0.0007394361,-0.02036822,-0.001218242
1.0004944,0.00051216094,0,0.0034360464,48.465749406017956,778.2347140117715,4173,5336.199,2.756107,607.4614,0.27554533,6575.2124,3.365903,0,,,,,48.465749406017956,0.00072625733,778.2347140117715,0.00073775055,-0.020213978,-0.0015595569
1.0001935,0.00051220815,0,0.0034362965,48.46652467548344,778.2348743133236,4174,5334.188,2.7559767,608.2617,0.2751817,6573.235,3.3662133,0,,,,,48.46652467548344,0.00072627416,778.2348743133236,0.0007379235,-0.020056488,-0.0014898223
1.0005207,0.00051221886,0,0.003436546,48.46711537723711,778.2349354357012,4175,5336.6226,2.7563138,608.63086,0.275393,6575.3853,3.3662834,0,,,,,48.46711537723711,0.0007262512,778.2349354357012,0.00073784235,-0.02006847,-0.001245096
0.9999295,0.00051209773,0,0.0034367954,48.467963964906154,778.2347502748296,4176,5332.7734,2.7557468,607.9534,0.27510795,6571.5,3.3654873,0,,,,,48.467963964906154,0.0007269546,778.2347502748296,0.00073849066,-0.01998223,-0.0009781133
1.0005157,0.00051223254,0,0.0034370446,48.467104182023945,778.2351348312591,4177,5336.936,2.7561681,607.04474,0.27522552,6575.3525,3.3663733,0,,,,,48.467104182023945,0.00072564255,778.2351348312591,0.0007371117,-0.020051736,-0.0011562539
1.0001876,0.00051222724,0,0.0034372935,48.46753003287472,778.2357980875547,4178,5335.756,2.7560987,608.05664,0.27522326,6573.197,3.3663387,0,,,,,48.46753003287472,0.0007264304,778.2357980875547,0.0007378232,-0.02001899,-0.0009617193
0.99947053,0.0005121,0,0.003437542,48.465552585994345,778.2348805813652,4179,5330.7373,2.75553,608.0314,0.27523136,6568.484,3.3655024,0,,,,,48.465552585994345,0.00072675635,778.2348805813652,0.00073843746,-0.020052368,-0.001019469
0.99954206,0.00051212305,0,0.00343779,48.46830075455159,778.2358255227305,4180,5332.1963,2.7556853,608.2015,0.27511045,6568.9536,3.365654,0,,,,,48.46830075455159,0.0007263638,778.2358255227305,0.00073781837,-0.019810528,-0.0009349963
0.9994915,0.0005121135,0,0.003438038,48.46651616945488,778.2347741235076,4181,5331.626,2.755658,607.9837,0.275296,6568.6216,3.3655913,0,,,,,48.46651616945488,0.0007268114,778.2347741235076,0.00073833525,-0.019812146,-0.0010007472
1.0012513,0.00051232707,0,0.0034382856,48.46631373003038,778.2358857197595,4182,5340.948,2.7567813,608.93964,0.27520293,6580.187,3.3669949,0,,,,,48.46631373003038,0.00072651164,778.2358857197595,0.00073783594,-0.019507607,-0.0006096177
0.9995683,0.0005121665,0,0.003438533,48.46615946080911,778.237504407087,4183,5332.5493,2.755883,608.5606,0.27518618,6569.126,3.3659394,0,,,,,48.46615946080911,0.0007265621,778.237504407087,0.0007378363,-0.01950363,-0.00040151927
1.00013,0.00051223376,0,0.00343878,48.46835129398285,778.2363317087543,4184,5334.9062,2.7559512,607.8114,0.275164,6572.8184,3.3663816,0,,,,,48.46835129398285,0.0007263913,778.2363317087543,0.0007378106,-0.01941779,-0.00056514016
0.9995379,0.00051213487,0,0.0034390267,48.46545456539168,778.2363834100931,4185,5332.296,2.7557511,607.6331,0.27530023,6568.9263,3.3657315,0,,,,,48.46545456539168,0.00072715315,778.2363834100931,0.00073850504,-0.019440616,-0.0006258052
0.9997154,0.0005121515,0,0.0034392732,48.46800344946172,778.2357252810524,4186,5333.7246,2.755904,608.21716,0.27542785,6570.093,3.365841,0,,,,,48.46800344946172,0.00072645553,778.2357252810524,0.0007376886,-0.019376878,-0.0004102694
1.0002602,0.00051220297,0,0.0034395193,48.4680107403711,778.2368506242001,4187,5335.736,2.756274,609.3153,0.2754238,6573.674,3.366179,0,,,,,48.4680107403711,0.0007262228,778.2368506242001,0.00073738757,-0.019475276,-0.000610544
0.99985826,0.00051224616,0,0.0034397652,48.46838121606329,778.2358695418346,4188,5334.456,2.7560112,608.7212,0.27526274,6571.0317,3.3664632,0,,,,,48.46838121606329,0.000726536,778.2358695418346,0.0007379808,-0.019241575,-0.0001988778
1.0003808,0.00051224517,0,0.0034400108,48.467516323846944,778.2348470731675,4189,5336.7695,2.756297,608.238,0.27500176,6574.4653,3.3664565,0,,,,,48.467516323846944,0.00072649465,778.2348470731675,0.0007379484,-0.019379936,-0.00036590543
1.0002624,0.00051216566,0,0.003440256,48.46737121416542,778.2372346161987,4190,5335.766,2.7560425,607.9106,0.27520296,6573.6875,3.3659341,0,,,,,48.46737121416542,0.0007253528,778.2372346161987,0.00073651806,-0.019517167,-0.00072315725
0.9998259,0.00051215163,0,0.003440501,48.46655843726417,778.2355324230407,4191,5334.021,2.7560074,607.7457,0.27502587,6570.8193,3.3658419,0,,,,,48.46655843726417,0.00072723854,778.2355324230407,0.0007387276,-0.01918469,-1.8850791e-05
0.99927676,0.0005121234,0,0.0034407456,48.46748490494961,778.2365774234714,4192,5330.73,2.7556622,608.6175,0.27520925,6567.2104,3.3656564,0,,,,,48.46748490494961,0.00072794384,778.2365774234714,0.00073943,-0.019312691,-0.00028846593
1.0003235,0.0005122204,0,0.00344099,48.468684382935024,778.2367538674841,4193,5336.313,2.7561958,607.87354,0.2751681,6574.09,3.3662937,0,,,,,48.468684382935024,0.0007262483,778.2367538674841,0.0007375815,-0.019421658,-0.0004802696
0.99934065,0.0005121038,0,0.0034412341,48.46714667150335,778.2346625549906,4194,5330.655,2.755667,608.61224,0.27530327,6567.6304,3.3655272,0,,,,,48.46714667150335,0.0007270512,778.2346625549906,0.00073861855,-0.01991688,-0.0012401432
1.0011023,0.0005122845,0,0.003441478,48.46552938996109,778.2345030347369,4195,5339.9307,2.7565556,607.6263,0.27530795,6579.2075,3.3667152,0,,,,,48.46552938996109,0.0007256601,778.2345030347369,0.0007370885,-0.019606696,-0.0009062474
1.0011939,0.0005123328,0,0.0034417214,48.467111402152284,778.236083640284,4196,5341.2515,2.7567399,608.2841,0.2751799,6579.8096,3.367032,0,,,,,48.467111402152284,0.00072609354,778.236083640284,0.00073744566,-0.0191262,-0.00039485184
0.9996564,0.0005122027,0,0.0034419647,48.46724200050288,778.2363855922581,4197,5333.502,2.7559028,609.10925,0.27541238,6569.705,3.3661773,0,,,,,48.46724200050288,0.00072717754,778.2363855922581,0.0007385972,-0.01925021,0.0002680432
1.0003697,0.00051220093,0,0.0034422076,48.469569499227134,778.2372169398473,4198,5336.548,2.7562315,608.8513,0.2751371,6574.393,3.3661656,0,,,,,48.469569499227134,0.0007265181,778.2372169398473,0.00073777616,-0.01898953,0.00020838277
0.9998665,0.00051223487,0,0.0034424502,48.46897453769853,778.2358269439258,4199,5334.797,2.7561042,607.83936,0.27535343,6571.086,3.3663888,0,,,,,48.46897453769853,0.0007261596,778.2358269439258,0.0007375722,-0.018760527,0.00058433827
1.0006033,0.0005123518,0,0.0034426926,48.46606031790473,778.2361774271963,4200,5338.5703,2.7564638,608.2908,0.2752678,6575.928,3.3671572,0,,,,,48.46606031790473,0.00072618865,778.2361774271963,0.00073754735,-0.019014694,0.00026403202
0.99982065,0.0005121686,0,0.0034429345,48.46819271243359,778.2369729155,4201,5333.462,2.755917,608.29456,0.2751119,6570.7847,3.3659534,0,,,,,48.46819271243359,0.000726897,778.2369729155,0.00073818647,-0.019419143,-0.000400647
0.99974376,0.0005121917,8192,0.0034431764,48.46715516351996,778.2362551207169,4202,5333.893,2.7560205,607.8278,0.27549952,6570.2793,3.366105,8192,,,,,48.46715516351996,0.0007273331,778.2362551207169,0.00073872856,-0.019285316,2.1486043e-05
1.0001879,0.0005122675,0,0.0034434176,48.46694164670209,778.2365657309659,4203,5336.05,2.7563162,608.77576,0.27540445,6573.1978,3.3666034,0,,,,,48.46694164670209,0.00072623766,778.2365657309659,0.0007376128,-0.01913975,0.00015126719
0.9995731,0.00051219296,0,0.0034436588,48.46657648044225,778.2361908999493,4204,5333.0977,2.755917,608.3215,0.27562267,6569.1577,3.3661134,0,,,,,48.46657648044225,0.00072733336,778.2361908999493,0.00073866366,-0.01907377,0.00012451007
1.0015807,0.00051240745,0,0.0034438998,48.46717601465768,778.23587435931,4205,5344.5776,2.7571049,608.11884,0.27510333,6582.352,3.367523,0,,,,,48.46717601465768,0.0007258235,778.23587435931,0.00073715876,-0.019200187,9.168506e-05
0.999673,0.00051216123,0,0.0034441403,48.46714173126212,778.2357819587291,4206,5333.3203,2.7559037,609.5867,0.2753395,6569.8145,3.3659048,0,,,,,48.46714173126212,0.00072645885,778.2357819587291,0.00073793496,-0.019161355,-0.00027975254
1.0001508,0.0005122654,0,0.0034443806,48.46633489873146,778.2369798695566,4207,5336.664,2.7561855,607.855,0.27538994,6572.954,3.3665895,0,,,,,48.46633489873146,0.00072613574,778.2369798695566,0.0007374393,-0.018981589,0.00017959723
1.0009607,0.000512324,0,0.0034446204,48.46743426316447,778.2374588903753,4208,5341.1416,2.756696,608.986,0.27494296,6578.2773,3.3669744,0,,,,,48.46743426316447,0.0007257255,778.2374588903753,0.0007369126,-0.019011125,0.00059526775
0.99992627,0.00051217206,8192,0.0034448602,48.46942305601175,778.2371057633104,4209,5334.4136,2.7560804,608.3615,0.2752623,6571.479,3.3659759,8192,,,,,48.46942305601175,0.0007277159,778.2371057633104,0.0007390754,-0.01904285,-0.00020477564
0.9996428,0.0005121394,0,0.0034450996,48.46750594141572,778.2362783287956,4210,5333.792,2.7558932,608.38226,0.27509177,6569.6157,3.3657613,0,,,,,48.46750594141572,0.0007270452,778.2362783287956,0.00073840434,-0.018814517,0.00055906194
1.0015959,0.00051282335,128,0.0034453387,48.46876163409815,778.2376513423045,4211,5344.611,2.7594779,608.4679,0.275533,6582.4517,3.3702564,128,,,,,48.46876163409815,0.00072601496,778.2376513423045,0.0007371487,-0.01883668,0.0005072042
0.99955416,0.00051207293,0,0.0034455773,48.46720492269666,778.2358659341207,4212,5332.4253,2.7556944,607.2881,0.27530903,6569.033,3.3653245,0,,,,,48.46720492269666,0.00072692224,778.2358659341207,0.0007382332,-0.018799914,0.0004768542
0.9999997,0.00051225995,0,0.003445816,48.46683246024812,778.236954433298,4213,5335.3496,2.7561336,608.3062,0.27470812,6571.9614,3.3665538,0,,,,,48.46683246024812,0.0007275385,778.236954433298,0.0007386995,-0.018716885,0.0006132474
0.99982196,0.00051218184,0,0.0034460542,48.46851606334386,778.2361721364737,4214,5334.007,2.755993,608.05664,0.2752627,6570.7935,3.3660405,0,,,,,48.46851606334386,0.0007267605,778.2361721364737,0.0007381661,-0.018649608,0.00028366444
1.0000665,0.00051223394,0,0.003446292,48.46835174830349,778.2373655399741,4215,5335.395,2.7561083,608.4263,0.27514705,6572.4004,3.3663828,0,,,,,48.46835174830349,0.0007269863,778.2373655399741,0.00073824334,-0.018610362,0.0005813175
1.0002172,0.0005123157,0,0.0034465296,48.46667400785566,778.2365116505487,4216,5336.682,2.7562902,608.32654,0.2751067,6573.3906,3.3669202,0,,,,,48.46667400785566,0.0007267664,778.2365116505487,0.00073809904,-0.018691126,0.0006116017
1.0010728,0.0005122842,0,0.0034467669,48.468130836003766,778.2362458453994,4217,5340.1367,2.7565653,608.03265,0.27505976,6579.0137,3.366713,0,,,,,48.468130836003766,0.0007260329,778.2362458453994,0.000737483,-0.018831978,0.00066509773
0.99990195,0.00051224884,0,0.003447004,48.4684248466838,778.2378730951152,4218,5334.8765,2.7561996,608.45795,0.27522174,6571.319,3.3664806,0,,,,,48.4684248466838,0.00072769215,778.2378730951152,0.00073893525,-0.018753113,0.00091282185
1.0006382,0.00051230023,0,0.0034472407,48.4680594615457,778.2382314961883,4219,5338.5654,2.7565238,608.9145,0.27526304,6576.1577,3.3668182,0,,,,,48.4680594615457,0.0007270176,778.2382314961883,0.0007381814,-0.018837556,0.0009168944
0.9995881,0.00051217177,0,0.003447477,48.4673743381588,778.2362530663045,4220,5332.511,2.7557108,607.89484,0.27544695,6569.2563,3.365974,0,,,,,48.4673743381588,0.0007265922,778.2362530663045,0.0007379963,-0.018971898,0.00042982443
0.9996593,0.0005122068,0,0.0034477133,48.46740621413548,778.2380950175624,4221,5333.4434,2.7558374,607.857,0.27494758,6569.724,3.3662045,0,,,,,48.46740621413548,0.0007268607,778.2380950175624,0.00073797914,-0.019067187,0.0006544302
0.99993616,0.0005122915,0,0.003447949,48.467858751066146,778.2372386345478,4222,5334.963,2.7561269,608.5155,0.27545184,6571.544,3.366761,0,,,,,48.467858751066146,0.0007264008,778.2372386345478,0.0007377363,-0.018778825,0.0006124405
1.000133,0.00051225646,0,0.0034481846,48.468139403668474,778.2372561859107,4223,5335.7686,2.7561736,609.1177,0.27576873,6572.8374,3.366531,0,,,,,48.468139403668474,0.00072686863,778.2372561859107,0.00073814567,-0.018750345,0.000718903
1.000269,0.0005123159,0,0.0034484197,48.4671654113903,778.2386112656515,4224,5337.3447,2.7563603,608.3669,0.27530065,6573.732,3.3669212,0,,,,,48.4671654113903,0.000725831,778.2386112656515,0.000736943,-0.018798437,0.0011584476
1.0011698,0.00051242596,0,0.003448655,48.46797564906568,778.2375039504823,4225,5341.991,2.7568521,608.19934,0.2752393,6579.6514,3.3676445,0,,,,,48.46797564906568,0.0007260221,778.2375039504823,0.0007372498,-0.018606238,0.0011736437
1.0005959,0.0005123456,0,0.0034488894,48.467616122151995,778.2382230993808,4226,5338.964,2.7565463,608.42706,0.27516046,6575.88,3.3671165,0,,,,,48.467616122151995,0.0007262183,778.2382230993808,0.00073741644,-0.01855243,0.001198927
1.0006429,0.0005124147,0,0.0034491238,48.46744086210873,778.2380404030627,4227,5339.793,2.7566113,608.4583,0.27518928,6576.1885,3.3675706,0,,,,,48.46744086210873,0.0007263099,778.2380404030627,0.0007373791,-0.01845034,0.0014615919
1.0001955,0.00051230425,0,0.0034493578,48.46825998676798,778.2372526593555,4228,5336.327,2.7562075,608.31366,0.2751554,6573.2485,3.366845,0,,,,,48.46825998676798,0.00072598626,778.2372526593555,0.0007372415,-0.018615905,0.000918882
1.0008258,0.0005123569,0,0.0034495916,48.46793053922368,778.2369466376634,4229,5340.7812,2.7569032,608.9466,0.27519444,6577.39,3.367191,0,,,,,48.46793053922368,0.000726093,778.2369466376634,0.0007373363,-0.018389925,0.0018234729
0.9997557,0.00051234924,0,0.003449825,48.4677670236415,778.2382988877364,4230,5335.72,2.7561357,608.391,0.275329,6570.358,3.3671403,0,,,,,48.4677670236415,0.0007256226,778.2382988877364,0.0007367796,-0.018330075,0.001875938
1.0006253,0.000512406,0,0.0034500584,48.46780068042105,778.236348132863,4231,5339.4663,2.7566376,608.28455,0.27523422,6576.0728,3.3675134,0,,,,,48.46780068042105,0.00072570203,778.236348132863,0.0007370371,-0.01860417,0.0016039244
1.0004008,0.00051242963,0,0.0034502912,48.46839257498998,778.2382963073388,4232,5338.7974,2.756567,608.93176,0.27526718,6574.5977,3.3676689,0,,,,,48.46839257498998,0.0007264706,778.2382963073388,0.0007376788,-0.018500395,0.0014914254
0.9990303,0.0005122159,0,0.0034505238,48.46876206447482,778.2369257860202,4233,5331.4946,2.7558057,609.1762,0.2756697,6565.5903,3.366264,0,,,,,48.46876206447482,0.00072833226,778.2369257860202,0.00073961646,-0.01836553,0.0015984472
0.9999816,0.0005123721,0,0.003450756,48.468344879553285,778.2380146434357,4234,5335.9326,2.7565267,610.10297,0.27571684,6571.8423,3.3672907,0,,,,,48.468344879553285,0.0007260817,778.2380146434357,0.00073721464,-0.018326772,0.0018124294
1.00013,0.0005123905,0,0.003450988,48.46939372077006,778.2408153702418,4235,5337.1704,2.7563832,609.4615,0.27518865,6572.818,3.3674119,0,,,,,48.46939372077006,0.00072627584,778.2408153702418,0.00073710934,-0.018365031,0.0018581533
1.0007952,0.00051242975,0,0.0034512198,48.46728913986394,778.237428228506,4236,5340.4355,2.7568083,608.0074,0.2754573,6577.1895,3.3676696,0,,,,,48.46728913986394,0.0007263218,778.237428228506,0.00073752843,-0.018568205,0.0018533802
1.0003984,0.0005124021,0,0.0034514512,48.46972814503456,778.2382063062419,4237,5338.454,2.7566347,609.50397,0.27564198,6574.5815,3.367488,0,,,,,48.46972814503456,0.0007256813,778.2382063062419,0.00073700736,-0.018359436,0.0016588689
1.0005454,0.00051241164,0,0.0034516822,48.46774386682999,778.2394477227473,4238,5339.7163,2.7567124,608.5704,0.27518633,6575.5474,3.3675504,0,,,,,48.46774386682999,0.00072597986,778.2394477227473,0.000736945,-0.018393893,0.002043951
1.0001557,0.00051220215,0,0.0034519131,48.46718372338482,778.2381343956192,4239,5336.656,2.7561402,607.9304,0.27512273,6572.9863,3.366174,0,,,,,48.46718372338482,0.0007262889,778.2381343956192,0.0007373126,-0.01834267,0.0018439163
0.9999922,0.00051240704,0,0.0034521436,48.46851100272703,778.2374868714693,4240,5336.4023,2.7565212,609.2208,0.27525395,6571.912,3.3675203,0,,,,,48.46851100272703,0.00072731223,778.2374868714693,0.00073837256,-0.018273272,0.0021278486
1.0005223,0.00051236636,0,0.003452374,48.46796211341371,778.2393703227925,4241,5339.221,2.75656,608.25275,0.2753806,6575.3955,3.3672528,0,,,,,48.46796211341371,0.0007266913,778.2393703227925,0.0007375651,-0.018154098,0.0024705136
1.0002701,0.00051233143,0,0.0034526037,48.46849308411113,778.2370104985375,4242,5337.3975,2.7563748,608.2563,0.2751219,6573.7383,3.3670232,0,,,,,48.46849308411113,0.00072650594,778.2370104985375,0.0007377585,-0.018333707,0.0021835868
1.0004156,0.0005124155,0,0.0034528333,48.46804552177026,778.2380930639226,4243,5338.9917,2.7566645,609.4202,0.27513632,6574.6943,3.367576,0,,,,,48.46804552177026,0.0007263755,778.2380930639226,0.00073750777,-0.0183176,0.0024374516
1.0006002,0.00051240384,0,0.0034530626,48.46777313462175,778.2370360754014,4244,5339.89,2.756597,607.65533,0.27508608,6575.908,3.367499,0,,,,,48.46777313462175,0.0007261629,778.2370360754014,0.0007374535,-0.018166417,0.002387269
1.0000848,0.0005123325,0,0.0034532917,48.46661971991807,778.2385078048958,4245,5336.784,2.756436,608.10913,0.2754149,6572.52,3.3670301,0,,,,,48.46661971991807,0.00072679186,778.2385078048958,0.0007377687,-0.01850805,0.0022045411
1.0003463,0.0005124008,0,0.0034535206,48.4698316579135,778.2371210250549,4246,5338.762,2.7566414,609.03467,0.27526543,6574.2393,3.3674796,0,,,,,48.4698316579135,0.0007260849,778.2371210250549,0.0007373583,-0.018375246,0.002277146
1.0001469,0.00051232456,0,0.003453749,48.46708913248116,778.2397272424842,4247,5337.453,2.7563517,609.4127,0.27518633,6572.928,3.3669782,0,,,,,48.46708913248116,0.00072656246,778.2397272424842,0.00073721807,-0.018187648,0.0027163073
1.0001847,0.0005123274,0,0.0034539772,48.46812589151402,778.2379870547364,4248,5337.8345,2.7562664,608.1918,0.27503675,6573.177,3.366997,0,,,,,48.46812589151402,0.0007263586,778.2379870547364,0.0007373963,-0.01811907,0.0028195723
1.000633,0.0005124444,0,0.0034542049,48.46772525485159,778.2374321841831,4249,5341.041,2.7566872,608.4984,0.27519348,6576.1235,3.367766,0,,,,,48.46772525485159,0.000726396,778.2374321841831,0.0007375028,-0.018160556,0.0029089686
0.99956715,0.0005122383,0,0.0034544326,48.46999716312697,778.2384666540679,4250,5333.975,2.7560053,608.68713,0.2753988,6569.1187,3.3664112,0,,,,,48.46999716312697,0.00072773267,778.2384666540679,0.0007388067,-0.01813021,0.002699357
1.0000831,0.0005124118,0,0.0034546598,48.468732844225784,778.2408193381854,4251,5337.597,2.7565424,608.50934,0.27516243,6572.5093,3.3675516,0,,,,,48.468732844225784,0.0007263672,778.2408193381854,0.0007372438,-0.017958138,0.002998271
0.9999511,0.0005123867,0,0.0034548868,48.46840437511311,778.2390932315587,4252,5337.4272,2.7563279,609.0504,0.27520546,6571.642,3.3673863,0,,,,,48.46840437511311,0.00072635745,778.2390932315587,0.000737403,-0.01795346,0.0028740251
1.0005728,0.00051245175,0,0.0034551134,48.46983947092224,778.2388632673429,4253,5339.96,2.7567308,608.5318,0.2750439,6575.7275,3.367814,0,,,,,48.46983947092224,0.0007265684,778.2388632673429,0.0007375415,-0.017798552,0.0030816626
1.0002145,0.0005124239,0,0.0034553397,48.468742895638265,778.2395203154375,4254,5339.2075,2.7566633,608.3821,0.27529112,6573.373,3.3676314,0,,,,,48.468742895638265,0.0007271808,778.2395203154375,0.00073810364,-0.017699605,0.0036344249
0.9998352,0.0005123727,0,0.0034555658,48.46897228311172,778.24009021564,4255,5336.301,2.7562363,608.58826,0.2748325,6570.8804,3.3672945,0,,,,,48.46897228311172,0.00072681607,778.24009021564,0.00073777797,-0.01788418,0.0030200991
1.0007261,0.00051246595,0,0.0034557916,48.46767952682703,778.2391284303412,4256,5341.293,2.756845,608.4755,0.27561125,6576.7354,3.3679075,0,,,,,48.46767952682703,0.0007270225,778.2391284303412,0.0007379735,-0.017821262,0.0031371578
0.99991167,0.00051235204,0,0.003456017,48.46905577660893,778.2400760540329,4257,5337.6943,2.7564478,608.1707,0.27567068,6571.383,3.367159,0,,,,,48.46905577660893,0.00072691636,778.2400760540329,0.0007378865,-0.01790013,0.0030918466
1.0000912,0.00051236176,0,0.0034562424,48.46813591069454,778.2392727124429,4258,5337.9224,2.7565374,608.502,0.2749921,6572.5625,3.3672225,0,,,,,48.46813591069454,0.00072706636,778.2392727124429,0.00073806616,-0.017817572,0.0031657969
0.99924386,0.00051232387,0,0.0034564673,48.46782789132291,778.2389856477561,4259,5333.8438,2.755982,607.69214,0.27539316,6566.994,3.3669739,0,,,,,48.46782789132291,0.0007271999,778.2389856477561,0.0007381812,-0.017734861,0.0032181123
1.0015612,0.0005125507,0,0.0034566917,48.46799343429629,778.2391485297165,4260,5346.0093,2.7572455,608.15485,0.2753564,6582.2236,3.3684645,0,,,,,48.46799343429629,0.00072576356,778.2391485297165,0.0007368464,-0.017741926,0.0033781184
1.0004139,0.0005124326,0,0.0034569162,48.46895404549391,778.2395390904427,4261,5339.6304,2.7566025,608.5684,0.2750253,6574.683,3.3676882,0,,,,,48.46895404549391,0.0007264064,778.2395390904427,0.00073744485,-0.017690973,0.0032847414
1.0008405,0.0005124838,0,0.0034571402,48.46875911420366,778.2392455755407,4262,5342.051,2.7568455,608.2884,0.27549857,6577.4873,3.3680248,0,,,,,48.46875911420366,0.00072555343,778.2392455755407,0.0007365542,-0.01768277,0.0033658233
0.99970883,0.00051234645,0,0.0034573637,48.46929507115124,778.2402707903243,4263,5336.4956,2.7562459,607.5115,0.27528456,6570.05,3.367122,0,,,,,48.46929507115124,0.00072694186,778.2402707903243,0.0007377747,-0.017452974,0.0036914886
1.000174,0.000512364,0,0.0034575872,48.4683863371943,778.239766887629,4264,5338.0664,2.7564244,608.81586,0.27508944,6573.1074,3.3672373,0,,,,,48.4683863371943,0.0007273428,778.239766887629,0.00073833065,-0.017699476,0.0032499267
1.0000923,0.0005124181,0,0.0034578103,48.47010710994239,778.239505529892,4265,5338.2065,2.7564685,608.8099,0.27503407,6572.57,3.367593,0,,,,,48.47010710994239,0.00072663534,778.239505529892,0.00073765154,-0.017677974,0.0036066864
0.9997466,0.0005123584,8192,0.003458033,48.46931213584464,778.2391911130966,4266,5336.7817,2.7563877,608.45013,0.27521005,6570.2983,3.3672006,8192,,,,,48.46931213584464,0.00072718057,778.2391911130966,0.0007382381,-0.01748967,0.0036490196
0.99940515,0.00051224994,0,0.0034582557,48.469204121880594,778.2408552044529,4267,5335.0,2.755965,607.7187,0.2752898,6568.054,3.3664877,0,,,,,48.469204121880594,0.0007271827,778.2408552044529,0.0007379454,-0.017330132,0.0039602197
1.0006306,0.00051244715,0,0.0034584778,48.46903880141008,778.2395943890792,4268,5342.211,2.7568784,608.0848,0.2753808,6576.1074,3.367784,0,,,,,48.46903880141008,0.0007264561,778.2395943890792,0.000737346,-0.017385067,0.003767695
1.0004272,0.0005123958,0,0.0034587,48.47198311432041,778.2402656996742,4269,5340.144,2.756585,608.84863,0.2752389,6574.7715,3.3674464,0,,,,,48.47198311432041,0.0007260733,778.2402656996742,0.00073696027,-0.017441805,0.0035506608
0.9997369,0.0005123892,0,0.0034589213,48.46905798545332,778.2410339394407,4270,5336.901,2.7563066,608.43567,0.27519435,6570.2344,3.3674028,0,,,,,48.46905798545332,0.00072692096,778.2410339394407,0.00073771586,-0.017215677,0.003952575
1.0004683,0.00051248627,0,0.0034591428,48.46948982814777,778.2413602073985,4271,5341.5366,2.756924,607.2756,0.2752684,6575.0405,3.368041,0,,,,,48.46948982814777,0.0007267363,778.2413602073985,0.0007374874,-0.017195543,0.0041904934
0.99940866,0.00051226874,0,0.0034593637,48.46859964181862,778.2393010495044,4272,5334.8047,2.7562008,608.86316,0.27521437,6568.077,3.3666112,0,,,,,48.46859964181862,0.00072813034,778.2393010495044,0.00073904014,-0.01714987,0.0038909619
1.0003285,0.0005124355,0,0.0034595847,48.469168019248485,778.2394094985149,4273,5340.193,2.756665,607.8431,0.2750208,6574.1226,3.3677075,0,,,,,48.469168019248485,0.0007263971,778.2394094985149,0.00073758315,-0.017364534,0.003777249
1.0003603,0.00051242294,0,0.003459805,48.469842908862205,778.2403808263606,4274,5340.27,2.7565494,607.57043,0.2755838,6574.331,3.3676248,0,,,,,48.469842908862205,0.0007260018,778.2403808263606,0.0007367909,-0.017365191,0.0040232437
0.99945307,0.000512269,0,0.0034600252,48.469421743333456,778.2387717800223,4275,5334.5195,2.756086,607.95905,0.27512166,6568.369,3.366613,0,,,,,48.469421743333456,0.00072689063,778.2387717800223,0.0007379787,-0.017421186,0.0036085523
1.0023308,0.00051263615,0,0.003460245,48.469879685125505,778.2419069813895,4276,5350.921,2.7578943,608.57983,0.2754833,6587.2812,3.3690262,0,,,,,48.469879685125505,0.0007250109,778.2419069813895,0.00073568244,-0.017160805,0.004213503
1.0009319,0.00051274843,128,0.0034604645,48.468652298274485,778.2405287614163,4277,5343.7163,2.7582324,608.2306,0.27544928,6578.0874,3.369764,128,,,,,48.468652298274485,0.000726397,778.2405287614163,0.00073718664,-0.017052941,0.004455709
1.0007883,0.0005124839,0,0.0034606839,48.47027975532108,778.2390265544602,4278,5342.185,2.7569351,608.5977,0.27511865,6577.144,3.3680253,0,,,,,48.47027975532108,0.0007258679,778.2390265544602,0.0007369338,-0.017061459,0.004216456
1.0008256,0.0005124367,0,0.0034609027,48.46913657392437,778.2393107723992,4279,5342.7505,2.7568915,607.56287,0.2752985,6577.3896,3.3677151,0,,,,,48.46913657392437,0.0007261689,778.2393107723992,0.00073719834,-0.017014576,0.0044258265
0.9999408,0.0005123748,0,0.0034611213,48.46937750137694,778.2387083924807,4280,5337.479,2.7565227,609.5643,0.27513328,6571.574,3.3673084,0,,,,,48.46937750137694,0.0007279154,778.2387083924807,0.00073892303,-0.016999682,0.004371055
1.0011591,0.0005125368,0,0.0034613397,48.47089684343899,778.2406966149947,4281,5345.0845,2.7572458,608.1429,0.27534896,6579.581,3.368373,0,,,,,48.47089684343899,0.00072642136,778.2406966149947,0.000737235,-0.016717918,0.004584352
1.0002092,0.00051248906,8192,0.003461558,48.47080845663366,778.2397735705678,4282,5340.1187,2.7567122,608.7188,0.27532834,6573.3384,3.3680592,8192,,,,,48.47080845663366,0.00072710816,778.2397735705678,0.0007380018,-0.016606886,0.004669228
1.0002221,0.0005124625,0,0.0034617756,48.470154275665166,778.2421017484385,4283,5339.831,2.7566085,608.3887,0.2754808,6573.423,3.3678849,0,,,,,48.470154275665166,0.0007262302,778.2421017484385,0.00073727,-0.01668829,0.0047384766
1.0003673,0.00051245687,0,0.003461993,48.47094185829569,778.239496141682,4284,5341.117,2.7567062,608.7254,0.27509004,6574.3774,3.367848,0,,,,,48.47094185829569,0.00072667195,778.239496141682,0.00073760824,-0.016533695,0.0047675218
1.0010414,0.0005125127,0,0.0034622103,48.472759144558935,778.2407086235576,4285,5344.822,2.7573013,608.94836,0.2751855,6578.8076,3.3682146,0,,,,,48.472759144558935,0.00072603696,778.2407086235576,0.00073675194,-0.016651986,0.0048079104
1.0003277,0.0005124158,0,0.0034624273,48.46938994080241,778.2397420764751,4286,5340.572,2.7565653,607.3652,0.27518547,6574.117,3.3675776,0,,,,,48.46938994080241,0.00072627485,778.2397420764751,0.0007371153,-0.016541855,0.0049135447
0.99956536,0.0005123755,0,0.0034626438,48.47182049097289,778.2405791621333,4287,5337.2188,2.7563646,608.3331,0.27532396,6569.107,3.3673131,0,,,,,48.47182049097289,0.0007266859,778.2405791621333,0.0007375965,-0.01633749,0.005268728
1.0000293,0.0005124226,0,0.0034628601,48.469456150669444,778.2417227729956,4288,5339.9023,2.7566535,608.2193,0.27518848,6572.1562,3.3676224,0,,,,,48.469456150669444,0.00072671985,778.2417227729956,0.0007374152,-0.016164633,0.0049940264
1.0007386,0.000512469,0,0.003463076,48.47041610080282,778.241754559411,4289,5343.0522,2.7569163,608.5325,0.2749838,6576.8174,3.3679273,0,,,,,48.47041610080282,0.00072663254,778.241754559411,0.00073727494,-0.016416574,0.0047085187
1.000512,0.0005125305,0,0.0034632918,48.46843691194182,778.241377571798,4290,5342.763,2.7571,609.15894,0.27566534,6575.3286,3.3683317,0,,,,,48.46843691194182,0.0007268458,778.241377571798,0.00073747936,-0.016092207,0.0054458636
1.0004085,0.00051250734,8192,0.0034635072,48.47070056885567,778.240954453674,4291,5342.23,2.7569163,608.68207,0.27520275,6574.6484,3.3681793,8192,,,,,48.47070056885567,0.0007265683,778.240954453674,0.0007374883,-0.016129361,0.005305703
0.9998703,0.0005124503,0,0.0034637223,48.470180338791636,778.2417019748333,4292,5339.4927,2.7566774,608.5961,0.27541405,6571.111,3.3678045,0,,,,,48.470180338791636,0.0007268275,778.2417019748333,0.0007375937,-0.015793143,0.0048553073
1.0002847,0.00051252736,0,0.003463937,48.47005504208933,778.2419988541244,4293,5342.0386,2.7569385,609.0296,0.27569538,6573.8345,3.368311,0,,,,,48.47005504208933,0.0007265143,778.2419988541244,0.0007371399,-0.01612995,0.0054144775
1.0012437,0.00051258324,8192,0.0034641516,48.47047941814961,778.2407252384909,4294,5346.036,2.757422,608.2092,0.27498922,6580.1367,3.368678,8192,,,,,48.47047941814961,0.000726414,778.2407252384909,0.0007372919,-0.0161401,0.0049023186
0.999751,0.0005124229,0,0.0034643658,48.46982189432073,778.2404100491289,4295,5338.0806,2.7563982,607.8845,0.27547264,6570.3267,3.3676245,0,,,,,48.46982189432073,0.00072693615,778.2404100491289,0.0007377283,-0.01652535,0.0048476965
0.99934053,0.0005123795,0,0.0034645796,48.47023600727222,778.2408270540728,4296,5336.2974,2.756289,608.9931,0.27491912,6567.6294,3.3673394,0,,,,,48.47023600727222,0.00072734465,778.2408270540728,0.000738126,-0.01622205,0.005163981
1.0000898,0.00051239406,0,0.0034647933,48.47011169081167,778.2400574841301,4297,5339.5483,2.7566726,608.9286,0.27523068,6572.553,3.367435,0,,,,,48.47011169081167,0.00072659424,778.2400574841301,0.00073747884,-0.016394736,0.0046711764
0.99955183,0.00051238725,0,0.0034650066,48.469689030138404,778.2419400548599,4298,5337.2153,2.7564087,608.72943,0.27494064,6569.018,3.3673902,0,,,,,48.469689030138404,0.0007273475,778.2419400548599,0.0007381435,-0.016128773,0.005045324
1.0014479,0.0005126161,0,0.0034652196,48.46885509153283,778.2420249391171,4299,5347.589,2.757523,608.60974,0.27520266,6581.479,3.3688946,0,,,,,48.46885509153283,0.00072573114,778.2420249391171,0.0007363828,-0.01611221,0.0057532187
0.99978954,0.0005124286,0,0.0034654322,48.471916279188385,778.2408788070221,4300,5338.6533,2.7566326,608.8123,0.27534476,6570.58,3.3676617,0,,,,,48.471916279188385,0.0007273109,778.2408788070221,0.0007381059,-0.016050726,0.005460019
1.0012628,0.0005125861,0,0.0034656448,48.47079941136593,778.2417404403486,4301,5346.925,2.757437,609.10046,0.27534983,6580.262,3.368697,0,,,,,48.47079941136593,0.0007262982,778.2417404403486,0.000737163,-0.01584073,0.005715703
1.0001745,0.0005124674,0,0.003465857,48.469805316233256,778.2422668769667,4302,5340.5796,2.7569296,608.1224,0.27543876,6573.1104,3.367917,0,,,,,48.469805316233256,0.0007275421,778.2422668769667,0.0007381929,-0.016149007,0.00540331
1.0004127,0.00051245396,0,0.0034660688,48.4725183382133,778.2427140916885,4303,5341.9814,2.75692,608.9931,0.27551287,6574.6753,3.3678288,0,,,,,48.4725183382133,0.00072640163,778.2427140916885,0.0007370983,-0.0156886,0.005732983
0.99998933,0.0005125087,0,0.0034662802,48.4706389341638,778.2419673908893,4304,5340.7334,2.7569015,608.79,0.2754122,6571.893,3.3681881,0,,,,,48.4706389341638,0.0007276231,778.2419673908893,0.00073836243,-0.0157115,0.005795545
1.0010169,0.0005125286,0,0.0034664914,48.470398365893146,778.2413014755518,4305,5345.8555,2.7573028,608.43304,0.2750699,6578.646,3.368319,0,,,,,48.470398365893146,0.0007250877,778.2413014755518,0.00073555857,-0.015814023,0.005968885
1.0005572,0.00051258726,0,0.0034667023,48.472622545690086,778.2413416764382,4306,5344.2725,2.7572124,608.04395,0.27560318,6575.6255,3.3687046,0,,,,,48.472622545690086,0.00072584796,778.2413416764382,0.0007364629,-0.015507626,0.006040957
1.0003562,0.0005125956,0,0.003466913,48.46919223347642,778.2411311969997,4307,5343.2407,2.757199,609.68463,0.27526665,6574.304,3.3687594,0,,,,,48.46919223347642,0.00072682346,778.2411311969997,0.00073755276,-0.01578946,0.0059044473
1.0001676,0.0005125106,0,0.0034671233,48.47069002232417,778.2416194823188,4308,5340.8765,2.7570136,609.4635,0.2753577,6573.065,3.368201,0,,,,,48.47069002232417,0.00072716665,778.2416194823188,0.00073790137,-0.015790403,0.005755623
0.9998345,0.00051254075,0,0.0034673335,48.46893498911728,778.2418427412722,4309,5339.6616,2.756883,609.4377,0.27577388,6570.8755,3.368399,0,,,,,48.46893498911728,0.000726965,778.2418427412722,0.0007377681,-0.015773239,0.005834662
1.0000427,0.0005124449,0,0.0034677526,48.470525642719025,778.2409680645442,4311,5339.2656,2.756657,608.8889,0.2752831,6572.2437,3.367769,0,,,,,48.470525642719025,0.0007262908,778.2409680645442,0.0007370656,-0.015999673,0.0053532203
1.000035,0.00051247765,0,0.0034679617,48.47128746465801,778.2406831440346,4312,5340.374,2.7567825,608.8648,0.2751639,6572.1934,3.3679843,0,,,,,48.47128746465801,0.0007271595,778.2406831440346,0.00073799555,-0.0154274115,0.0059759743
0.999562,0.00051239826,0,0.0034681705,48.47096010792092,778.2412762304946,4313,5336.892,2.756672,609.2807,0.2756017,6569.085,3.3674626,0,,,,,48.47096010792092,0.0007274732,778.2412762304946,0.0007382957,-0.015693553,0.0052546537
1.0004091,0.00051245646,0,0.0034683791,48.47125009528324,778.2427898175531,4314,5342.177,2.7570393,608.7089,0.27542555,6574.652,3.3678453,0,,,,,48.47125009528324,0.0007270125,778.2427898175531,0.0007375687,-0.0153797,0.0056548435
0.9995297,0.000512408,0,0.0034685873,48.47120004271581,778.241325301467,4315,5338.584,2.756739,609.5542,0.27533033,6568.8726,3.3675265,0,,,,,48.47120004271581,0.0007271504,778.241325301467,0.00073787203,-0.015148122,0.0063815224
1.0007521,0.00051251764,0,0.0034687952,48.47255848289287,778.2413216698172,4316,5344.8105,2.7573493,608.66425,0.27519915,6576.906,3.368247,0,,,,,48.47255848289287,0.0007264649,778.2413216698172,0.0007373206,-0.015254435,0.006136195
1.0003651,0.00051257,0,0.003469003,48.47204374643339,778.240864520116,4317,5342.673,2.7572308,609.98376,0.27550954,6574.3633,3.3685913,0,,,,,48.47204374643339,0.00072662364,778.240864520116,0.00073743705,-0.015515457,0.0061475956
1.0004405,0.000512537,0,0.0034692104,48.47083339141203,778.2401562101948,4318,5342.8726,2.757186,609.57666,0.27523515,6574.858,3.3683746,0,,,,,48.47083339141203,0.00072587526,778.2401562101948,0.0007367684,-0.015707694,0.0054424494
1.0005034,0.00051252387,0,0.0034694173,48.471484300229186,778.2419235585994,4319,5342.5996,2.757186,609.9096,0.27530238,6575.2715,3.368288,0,,,,,48.471484300229186,0.0007265628,778.2419235585994,0.00073717086,-0.015426366,0.005381246
1.0003519,0.0005125171,0,0.003469624,48.47047612420087,778.2421180825779,4320,5342.526,2.7570364,608.8944,0.2754917,6574.2764,3.3682437,0,,,,,48.47047612420087,0.00072601787,778.2421180825779,0.0007366827,-0.015323694,0.00534463
1.0006496,0.000512525,0,0.0034698306,48.47158961103963,778.2418563606693,4321,5344.523,2.7572632,609.1733,0.27521485,6576.2324,3.3682952,0,,,,,48.47158961103963,0.00072633044,778.2418563606693,0.00073707325,-0.014904358,0.005987247
0.9994321,0.0005124345,0,0.003470037,48.47156441541094,778.2410470207126,4322,5337.4863,2.7565572,609.7681,0.27504945,6568.231,3.367701,0,,,,,48.47156441541094,0.0007276623,778.2410470207126,0.0007384007,-0.015042055,0.0057527055
0.99943024,0.00051245,0,0.0034702427,48.472183232425344,778.2417124130194,4323,5338.604,2.7566452,608.93677,0.27549332,6568.2188,3.3678026,0,,,,,48.472183232425344,0.00072700216,778.2417124130194,0.0007377819,-0.014824022,0.006197989
0.9992558,0.0005123869,0,0.0034704483,48.47274238030644,778.2414646611619,4324,5337.4517,2.7564697,609.366,0.27544367,6567.0723,3.367388,0,,,,,48.47274238030644,0.0007269503,778.2414646611619,0.00073772843,-0.015180084,0.0056428723
1.0000725,0.00051247847,0,0.0034706534,48.46985367693958,778.2419347185316,4325,5341.7666,2.756965,609.4927,0.2753883,6572.44,3.3679898,0,,,,,48.46985367693958,0.0007266976,778.2419347185316,0.0007373747,-0.0149169965,0.00594599
1.0000119,0.00051251287,0,0.0034708586,48.47255162075474,778.2438937722906,4326,5342.016,2.7569122,608.67255,0.27522781,6572.042,3.3682158,0,,,,,48.47255162075474,0.0007266515,778.2438937722906,0.0007371735,-0.014920071,0.0058674742
0.99938035,0.00051245705,0,0.0034710632,48.471242542680336,778.24110709683,4327,5338.575,2.756485,608.4071,0.27515444,6567.891,3.3678489,0,,,,,48.471242542680336,0.0007273682,778.24110709683,0.00073813344,-0.014908148,0.006124907
1.0006169,0.00051252515,0,0.0034712676,48.473183880796675,778.2416623921442,4328,5345.058,2.7573583,608.6497,0.27545843,6576.0176,3.3682966,0,,,,,48.473183880796675,0.0007265723,778.2416623921442,0.00073725387,-0.01462531,0.0062250816
1.0023103,0.0005130723,128,0.0034714716,48.472687965130845,778.2420065382832,4329,5354.75,2.7597425,608.14166,0.27518272,6587.1465,3.3718925,128,,,,,48.472687965130845,0.0007243516,778.2420065382832,0.0007349785,-0.01449642,0.006713371
1.0008203,0.00051256845,0,0.0034716753,48.47234833799197,778.2414432763869,4330,5346.095,2.7573788,608.0684,0.2756206,6577.3545,3.3685813,0,,,,,48.47234833799197,0.0007255224,778.2414432763869,0.00073633593,-0.014426376,0.00658446
1.0007339,0.00051260396,0,0.0034718788,48.47261938211859,778.2433523903294,4331,5345.8145,2.7573695,609.1525,0.27515957,6576.786,3.3688145,0,,,,,48.47261938211859,0.0007262984,778.2433523903294,0.0007368855,-0.014608303,0.0066064238
0.9992579,0.0005124498,0,0.003472082,48.473319867664834,778.243482220253,4332,5338.3022,2.7566738,608.96826,0.27515033,6567.0864,3.3678014,0,,,,,48.473319867664834,0.0007270897,778.243482220253,0.0007375104,-0.014423073,0.006851851
0.9994628,0.00051249075,0,0.0034722849,48.471769151220116,778.2423272296355,4333,5339.0156,2.756802,608.8096,0.27526253,6568.4326,3.3680704,0,,,,,48.471769151220116,0.0007277125,778.2423272296355,0.0007382952,-0.014289523,0.006975861
1.0000254,0.0005125125,0,0.0034724877,48.472406493637976,778.2428124108443,4334,5342.5454,2.7569914,608.3962,0.2756251,6572.1304,3.3682137,0,,,,,48.472406493637976,0.0007267834,778.2428124108443,0.0007373592,-0.014332094,0.0071444437
1.0006148,0.00051259546,0,0.0034726898,48.47352112239532,778.244468394424,4335,5346.032,2.7574387,608.13995,0.27562347,6576.0034,3.3687584,0,,,,,48.47352112239532,0.00072609464,778.244468394424,0.0007365568,-0.014549034,0.00749436
1.0008129,0.00051261083,0,0.0034728919,48.471784852764124,778.2440374878074,4336,5346.699,2.7575002,608.8751,0.27521327,6577.3057,3.3688595,0,,,,,48.471784852764124,0.000726581,778.2440374878074,0.00073718623,-0.013971787,0.0073047224
1.0008893,0.00051264145,0,0.0034730935,48.47196006493962,778.2451607331374,4337,5347.62,2.757633,608.7604,0.2751917,6577.808,3.369061,0,,,,,48.47196006493962,0.000726568,778.2451607331374,0.00073684094,-0.014267849,0.0072949356
1.0001563,0.00051257695,8192,0.003473295,48.47095679041421,778.2435691434039,4338,5343.5645,2.7571065,608.16327,0.27534932,6572.9907,3.3686368,8192,,,,,48.47095679041421,0.000726552,778.2435691434039,0.00073694077,-0.0143298255,0.0072939997
1.0002108,0.00051257096,0,0.003473496,48.470409171059394,778.2430760240069,4339,5343.3403,2.7571082,608.7445,0.27509597,6573.348,3.3685975,0,,,,,48.470409171059394,0.0007262241,778.2430760240069,0.0007368951,-0.014336967,0.0073665166
1.0007126,0.00051265175,0,0.0034736968,48.47185528858446,778.2429662692015,4340,5347.0693,2.757556,609.0276,0.27546287,6576.647,3.3691285,0,,,,,48.47185528858446,0.00072595035,778.2429662692015,0.0007365011,-0.0142622255,0.007455284
1.000089,0.00051252404,8192,0.0034738975,48.47280358398152,778.2431924783215,4341,5343.368,2.7571063,608.59875,0.2752047,6572.549,3.3682892,8192,,,,,48.47280358398152,0.0007274252,778.2431924783215,0.00073797035,-0.014163995,0.007420224
1.0009859,0.00051267166,0,0.0034740975,48.47249498937527,778.2437963054867,4342,5348.486,2.7576356,608.4177,0.27546734,6578.4424,3.3692594,0,,,,,48.47249498937527,0.00072597194,778.2437963054867,0.0007363881,-0.013866286,0.007927167
1.0002631,0.0005126052,8192,0.0034742975,48.47340637266373,778.2441752846269,4343,5345.032,2.7572486,607.7968,0.27521488,6573.6924,3.3688226,8192,,,,,48.47340637266373,0.000726944,778.2441752846269,0.00073731085,-0.013714723,0.008112447
0.999918,0.00051253755,0,0.003474497,48.47129758861361,778.2445749951546,4344,5342.545,2.7569375,609.1573,0.27536836,6571.4243,3.3683782,0,,,,,48.47129758861361,0.00072708057,778.2445749951546,0.00073747226,-0.013793628,0.008070703
1.000234,0.0005125858,0,0.0034746963,48.471904348446,778.2456307248846,4345,5344.6016,2.7572272,609.3291,0.27519763,6573.501,3.3686953,0,,,,,48.471904348446,0.0007269328,778.2456307248846,0.00073714915,-0.013588151,0.008374635
1.0005994,0.00051264,0,0.0034748954,48.47262869916915,778.244279126818,4346,5346.9478,2.7575898,608.9906,0.27525654,6575.9023,3.3690512,0,,,,,48.47262869916915,0.00072582636,778.244279126818,0.00073614164,-0.0136317955,0.00814945
0.99911094,0.0005124082,0,0.003475094,48.472605832502005,778.2450445474398,4347,5338.2773,2.7565324,608.2742,0.2752091,6566.1206,3.367528,0,,,,,48.472605832502005,0.0007271422,778.2450445474398,0.000737454,-0.013664068,0.008058516
1.0022479,0.00051289005,128,0.0034752926,48.471739383017486,778.2445434788842,4348,5355.495,2.7590394,608.14954,0.27519718,6586.7363,3.3706946,128,,,,,48.471739383017486,0.0007243442,778.2445434788842,0.0007345973,-0.01375406,0.008061489
1.0019127,0.0005127839,0,0.0034754905,48.47214935529061,778.2444034550836,4349,5353.9067,2.758186,607.8765,0.27511752,6584.5337,3.3699968,0,,,,,48.47214935529061,0.0007243099,778.2444034550836,0.0007346876,-0.013665131,0.008017519
0.99976814,0.00051245827,0,0.0034756884,48.473679660600645,778.2426312641219,4350,5341.8223,2.756872,608.7986,0.2752868,6570.4395,3.367857,0,,,,,48.473679660600645,0.0007271763,778.2426312641219,0.0007377911,-0.013639473,0.00803643
0.9996417,0.0005124767,0,0.0034758858,48.472275318506874,778.2431393602155,4351,5341.8403,2.7568495,607.9581,0.2750686,6569.609,3.3679783,0,,,,,48.472275318506874,0.00072692917,778.2431393602155,0.0007374405,-0.013545411,0.008313338
1.0003736,0.00051258225,0,0.003476083,48.47332804657185,778.2437521963218,4352,5345.6064,2.7572954,607.55774,0.27527085,6574.4185,3.3686717,0,,,,,48.47332804657185,0.00072570133,778.2437521963218,0.00073606294,-0.013688007,0.007986525
0.9999006,0.00051253714,0,0.00347628,48.47169126784406,778.2453256176768,4353,5342.6714,2.7569613,608.8015,0.27535033,6571.31,3.3683753,0,,,,,48.47169126784406,0.00072664226,778.2453256176768,0.00073692424,-0.0138464095,0.0080554485
1.0003031,0.0005126369,0,0.0034764768,48.472506458680705,778.2444102069086,4354,5345.072,2.7573457,608.6132,0.2752163,6573.956,3.369031,0,,,,,48.472506458680705,0.0007268522,778.2444102069086,0.00073735695,-0.013642778,0.008099401
1.0007821,0.00051261956,0,0.003476673,48.47271076090301,778.2435792358001,4355,5346.985,2.757537,608.30096,0.27543974,6577.1035,3.368917,0,,,,,48.47271076090301,0.0007267392,778.2435792358001,0.000737091,-0.013612377,0.008184632
1.0006043,0.0005126059,0,0.003476869,48.47127460917578,778.2442909781732,4356,5346.6226,2.7573884,608.23553,0.27533674,6575.9346,3.368827,0,,,,,48.47127460917578,0.00072652,778.2442909781732,0.000736928,-0.013706292,0.008376609
1.0002316,0.00051260716,0,0.0034770647,48.472432688606375,778.2455390861043,4357,5345.1367,2.7573884,608.6331,0.27560833,6573.4854,3.3688357,0,,,,,48.472432688606375,0.0007265107,778.2455390861043,0.0007368354,-0.013762991,0.00856446
0.9999174,0.0005124903,0,0.0034772602,48.47313924439092,778.2427226049248,4358,5341.953,2.7569788,608.19775,0.274964,6571.4204,3.3680673,0,,,,,48.47313924439092,0.000727064,778.2427226049248,0.00073762203,-0.01400122,0.008134787
1.0008112,0.0005126501,0,0.0034774553,48.47319290237097,778.2446477386595,4359,5347.4463,2.7574728,608.6742,0.27531388,6577.2944,3.3691177,0,,,,,48.47319290237097,0.00072721986,778.2446477386595,0.00073772285,-0.013707719,0.008326221
1.0005997,0.00051263464,0,0.00347765,48.473743848605814,778.2443124100012,4360,5346.4414,2.7575045,608.5922,0.27520683,6575.905,3.369016,0,,,,,48.473743848605814,0.00072736724,778.2443124100012,0.000737851,-0.013397947,0.0083295
1.0003808,0.00051256525,0,0.0034780388,48.47221638258363,778.2443829800817,4362,5345.574,2.7571974,607.9292,0.27539024,6574.466,3.36856,0,,,,,48.47221638258363,0.0007259011,778.2443829800817,0.0007362624,-0.013665254,0.008431012
1.0014251,0.000512711,8192,0.0034782328,48.47247906951239,778.2445085234242,4363,5350.888,2.7577991,607.4209,0.27509776,6581.3296,3.369518,8192,,,,,48.47247906951239,0.0007251183,778.2445085234242,0.0007354698,-0.013711061,0.008158689
1.0002211,0.00051256863,0,0.0034784265,48.473404273152326,778.243716320211,4364,5344.529,2.757233,608.51685,0.27553204,6573.4165,3.3685822,0,,,,,48.473404273152326,0.0007261398,778.243716320211,0.0007366306,-0.013859435,0.00838107
1.0016301,0.000512822,0,0.0034786197,48.47186410875361,778.2444074303713,4365,5353.076,2.7581656,607.79645,0.2755,6582.6763,3.3702474,0,,,,,48.47186410875361,0.00072589377,778.2444074303713,0.0007362686,-0.01353993,0.008474336
1.0005968,0.00051263213,0,0.0034788128,48.47326353196843,778.2448164149982,4366,5347.356,2.7574353,607.9585,0.2751893,6575.8853,3.3689995,0,,,,,48.47326353196843,0.0007265419,778.2448164149982,0.00073691964,-0.01361961,0.00863389
1.0005767,0.0005126223,0,0.0034790055,48.472056237758906,778.2456054852505,4367,5347.84,2.7574415,607.868,0.2754249,6575.7534,3.368935,0,,,,,48.472056237758906,0.00072576944,778.2456054852505,0.0007359166,-0.013402578,0.008920872
1.0000103,0.000512663,0,0.0034791979,48.47197133398218,778.2444644466503,4368,5345.131,2.757297,608.9666,0.27527735,6572.031,3.3692024,0,,,,,48.47197133398218,0.00072796136,778.2444644466503,0.00073818763,-0.013455639,0.0092760185
1.0009648,0.0005126628,0,0.00347939,48.472982621852495,778.2429639927457,4369,5349.0903,2.7576606,607.97235,0.27528894,6578.3037,3.3692012,0,,,,,48.472982621852495,0.0007267033,778.2429639927457,0.00073723984,-0.013760952,0.008702938
1.0006951,0.0005126716,0,0.0034795818,48.47320499783444,778.243396505449,4370,5348.144,2.7575715,607.94476,0.2749601,6576.5317,3.369259,0,,,,,48.47320499783444,0.0007263125,778.243396505449,0.0007366417,-0.013548384,0.008901594
1.0007569,0.00051268766,0,0.0034797734,48.47232656067308,778.2446808672637,4371,5348.8813,2.757694,608.46094,0.27538112,6576.9375,3.3693645,0,,,,,48.47232656067308,0.0007265761,778.2446808672637,0.00073708483,-0.013240234,0.009005819
1.0007721,0.0005126147,0,0.0034799646,48.473399994916576,778.2450262383552,4372,5348.332,2.7576444,608.2207,0.2751862,6577.038,3.3688848,0,,,,,48.473399994916576,0.00072683225,778.2450262383552,0.00073719927,-0.013590989,0.008738659
1.0007905,0.00051267166,0,0.0034801555,48.47333954761747,778.2452934245816,4373,5348.728,2.7576365,607.84784,0.27527243,6577.1587,3.3692594,0,,,,,48.47333954761747,0.0007255946,778.2452934245816,0.0007358837,-0.013387847,0.008989435
1.0003726,0.00051259284,0,0.0034803462,48.47273065039441,778.2442143603082,4374,5346.454,2.7574763,609.4158,0.27530494,6574.4126,3.3687415,0,,,,,48.47273065039441,0.00072716613,778.2442143603082,0.00073759956,-0.013443248,0.009036317
1.000219,0.0005125324,0,0.0034805366,48.47310902059232,778.2450690532634,4375,5344.701,2.7572248,608.1096,0.27526435,6573.403,3.3683443,0,,,,,48.47310902059232,0.00072614604,778.2450690532634,0.0007363644,-0.01339368,0.009061421
1.0001271,0.00051261025,0,0.0034807266,48.47464115260026,778.2449827537073,4376,5344.7104,2.7572217,608.70886,0.2750971,6572.7983,3.368856,0,,,,,48.47464115260026,0.0007269881,778.2449827537073,0.0007373872,-0.013275483,0.00913528
1.0001522,0.000512641,0,0.0034809164,48.47308379090521,778.2438015234941,4377,5345.0347,2.757348,608.0249,0.275465,6572.964,3.3690577,0,,,,,48.47308379090521,0.0007264294,778.2438015234941,0.00073692016,-0.013251991,0.009303342
1.001071,0.00051269296,0,0.0034811057,48.47362072657761,778.2460911708661,4378,5350.273,2.7579138,608.0483,0.27584848,6579.002,3.3693993,0,,,,,48.47362072657761,0.0007264275,778.2460911708661,0.00073642575,-0.013004662,0.009693417
1.0013921,0.0005127684,0,0.003481295,48.47343211377359,778.2467603213606,4379,5352.3823,2.7581127,607.72943,0.2753942,6581.1123,3.369895,0,,,,,48.47343211377359,0.0007254551,778.2467603213606,0.00073554146,-0.01324704,0.009668326
1.0007637,0.0005126383,0,0.0034814838,48.4726705561104,778.246097816752,4380,5348.6973,2.7576354,607.9673,0.27525967,6576.9824,3.3690403,0,,,,,48.4726705561104,0.00072617107,778.246097816752,0.00073627156,-0.013318353,0.0096710725
0.9998247,0.0005125745,0,0.0034816721,48.472546882715974,778.2443263326006,4381,5344.0576,2.7571511,608.1274,0.27515778,6570.8115,3.3686209,0,,,,,48.472546882715974,0.00072708784,778.2443263326006,0.0007374605,-0.013065767,0.00976819
0.9994237,0.00051257183,0,0.0034818605,48.47401037424338,778.24581122848,4382,5342.2207,2.7571335,609.0809,0.27546436,6568.176,3.3686032,0,,,,,48.47401037424338,0.00072714715,778.24581122848,0.0007373716,-0.013305486,0.009587533
0.9998375,0.00051259826,0,0.0034820484,48.474359822842125,778.2453962106505,4383,5343.7427,2.7571754,608.3411,0.27541432,6570.8955,3.3687768,0,,,,,48.474359822842125,0.00072676997,778.2453962106505,0.0007368955,-0.013451169,0.009308899
1.0005223,0.0005126443,0,0.003482236,48.47254663657593,778.2460904722218,4384,5348.3477,2.7575257,608.4316,0.2751808,6575.396,3.3690796,0,,,,,48.47254663657593,0.00072670024,778.2460904722218,0.000736902,-0.013280734,0.0097652925
1.0002357,0.0005126963,0,0.0034824235,48.4736527399755,778.2451919880488,4385,5346.853,2.7576334,608.87646,0.275226,6573.512,3.369421,0,,,,,48.4736527399755,0.0007269594,778.2451919880488,0.00073719583,-0.013295891,0.009760173
0.99960417,0.00051257387,0,0.0034826105,48.4713981555837,778.2439901380469,4386,5342.9287,2.7571232,608.53326,0.2751397,6569.362,3.3686168,0,,,,,48.4713981555837,0.0007276231,778.2439901380469,0.00073804596,-0.0134227,0.009738311
1.0003678,0.00051270996,0,0.0034827972,48.47348001175254,778.2457079091168,4387,5348.032,2.7577176,609.1872,0.27527377,6574.3804,3.3695111,0,,,,,48.47348001175254,0.0007269737,778.2457079091168,0.0007372744,-0.013033316,0.009906565
0.9998447,0.00051263935,0,0.0034829837,48.47390435535028,778.2452846892074,4388,5345.0884,2.757424,609.09503,0.27517006,6570.9424,3.3690472,0,,,,,48.47390435535028,0.00072675594,778.2452846892074,0.000736933,-0.012982024,0.010060173
0.9992728,0.00051252136,0,0.0034831697,48.472575147403674,778.2458275397023,4389,5341.138,2.75695,608.8395,0.2752905,6567.1846,3.3682718,0,,,,,48.472575147403674,0.00072726107,778.2458275397023,0.0007373394,-0.013063186,0.00994515
1.0003808,0.0005126628,0,0.0034833555,48.47385776846106,778.2458981906783,4390,5347.5845,2.7575665,608.1374,0.27505872,6574.4653,3.3692012,0,,,,,48.47385776846106,0.0007267461,778.2458981906783,0.0007369205,-0.012778099,0.010467404
1.0007601,0.00051268504,0,0.003483541,48.47389279649726,778.2465267860521,4391,5349.209,2.757772,608.37317,0.27548715,6576.9585,3.3693473,0,,,,,48.47389279649726,0.0007264624,778.2465267860521,0.0007366279,-0.013038729,0.01001941
1.0010114,0.0005127378,0,0.0034837264,48.47556636210685,778.246105426147,4392,5350.543,2.757974,609.08405,0.27516636,6578.6104,3.3696938,0,,,,,48.47556636210685,0.0007265485,778.246105426147,0.00073666044,-0.012821579,0.0102530485
1.0002688,0.0005126534,0,0.0034839113,48.47381439399805,778.2469190231216,4393,5346.635,2.7574503,608.4859,0.27520066,6573.73,3.3691392,0,,,,,48.47381439399805,0.0007268083,778.2469190231216,0.0007369098,-0.012835267,0.010525709
1.0007714,0.00051274995,0,0.003484096,48.47295700883676,778.2460425429429,4394,5349.1504,2.7578907,609.4669,0.27520308,6577.033,3.3697739,0,,,,,48.47295700883676,0.00072670064,778.2460425429429,0.0007368542,-0.012765634,0.010323452
0.99923503,0.00051252404,0,0.0034842803,48.47507457973447,778.2469231662385,4395,5341.556,2.7570066,608.7966,0.2756539,6566.936,3.3682892,0,,,,,48.47507457973447,0.0007268973,778.2469231662385,0.00073693733,-0.012589255,0.010620887
0.9998655,0.00051266176,0,0.0034844643,48.47390164316221,778.246932434783,4396,5345.178,2.7573798,608.91394,0.2752122,6571.079,3.3691945,0,,,,,48.47390164316221,0.00072696264,778.246932434783,0.00073702534,-0.012571895,0.010837923
1.0001942,0.0005126729,0,0.0034846482,48.47310176676371,778.2451272253752,4397,5346.371,2.7575653,608.90015,0.2753801,6573.2393,3.3692675,0,,,,,48.47310176676371,0.00072706875,778.2451272253752,0.0007374293,-0.012789982,0.010354681
0.9997196,0.0005126738,0,0.0034848314,48.472694349282705,778.2456647588133,4398,5344.6426,2.7574413,608.84265,0.27541575,6570.1206,3.3692734,0,,,,,48.472694349282705,0.0007263077,778.2456647588133,0.0007366168,-0.012822986,0.010514362
0.99997103,0.00051268557,0,0.0034850147,48.473922803748124,778.2465582724119,4399,5346.562,2.7576153,608.95197,0.27525806,6571.773,3.369351,0,,,,,48.473922803748124,0.0007262243,778.2465582724119,0.00073626376,-0.012615239,0.01074411
1.0007253,0.00051274546,0,0.0034851974,48.473962429465445,778.2459884542056,4400,5349.694,2.75811,610.012,0.27503264,6576.73,3.3697445,0,,,,,48.473962429465445,0.00072673534,778.2459884542056,0.0007368303,-0.012538104,0.010651536
0.9997529,0.00051267183,0,0.00348538,48.47372380829762,778.2455146697156,4401,5345.5723,2.7575152,609.04846,0.2755754,6570.3394,3.3692605,0,,,,,48.47372380829762,0.000727108,778.2455146697156,0.0007374028,-0.012585404,0.010912619
1.0015198,0.00051285425,0,0.0034855623,48.47354082312464,778.2460935622305,4402,5354.797,2.7586012,611.1815,0.2755248,6581.9517,3.3704596,0,,,,,48.47354082312464,0.00072619435,778.2460935622305,0.0007364123,-0.012325467,0.010750629
0.9995898,0.0005126325,0,0.0034857441,48.4743288991713,778.2466690532356,4403,5343.838,2.7573972,610.23926,0.27545568,6569.2676,3.3690019,0,,,,,48.4743288991713,0.00072721456,778.2466690532356,0.00073736935,-0.0122070005,0.011017407
1.0006086,0.0005127743,0,0.003485926,48.47390030033825,778.2486136283743,4404,5350.2944,2.7581053,610.6926,0.2755209,6575.963,3.3699338,0,,,,,48.47390030033825,0.00072608003,778.2486136283743,0.00073601527,-0.0121744,0.011340397
1.0001776,0.0005127162,0,0.003486107,48.473754715259744,778.2473570922825,4405,5346.832,2.7578413,611.47266,0.27530262,6573.131,3.3695521,0,,,,,48.473754715259744,0.00072667404,778.2473570922825,0.00073664077,-0.012182537,0.011063458
1.0022323,0.00051326735,0,0.0034862882,48.47443144504295,778.2475640406799,4406,5358.2075,2.7607334,610.45087,0.2752506,6586.634,3.3731742,0,,,,,48.47443144504295,0.00072581985,778.2475640406799,0.0007358481,-0.012432428,0.011227179
0.99974674,0.00051269383,0,0.003486469,48.47506179233277,778.2468271566963,4407,5345.3936,2.7576606,609.9075,0.2755153,6570.299,3.3694053,0,,,,,48.47506179233277,0.0007272723,778.2468271566963,0.0007373204,-0.012208217,0.011235653
0.9996115,0.000512626,0,0.0034866494,48.473775245178146,778.2461969518477,4408,5344.33,2.7574782,611.5943,0.2752275,6569.41,3.3689594,0,,,,,48.473775245178146,0.00072734413,778.2461969518477,0.00073747744,-0.012226519,0.011322422
1.000609,0.00051281997,0,0.0034868296,48.47257947361774,778.2470921093836,4409,5349.826,2.7582662,611.1782,0.27562624,6575.966,3.3702343,0,,,,,48.47257947361774,0.00072639633,778.2470921093836,0.00073637307,-0.012359466,0.011163888
0.99911845,0.0005126157,0,0.0034870093,48.47514445958137,778.2468991484074,4410,5342.257,2.757248,610.47,0.27542377,6566.17,3.3688917,0,,,,,48.47514445958137,0.00072801486,778.2468991484074,0.0007381512,-0.012151305,0.011132752
1.0013511,0.0005128406,0,0.0034871888,48.4737398729286,778.247750925921,4411,5353.522,2.7585273,610.4907,0.27528986,6580.843,3.3703694,0,,,,,48.4737398729286,0.000726339,778.247750925921,0.000736368,-0.012181005,0.011257861
1.001081,0.00051297486,0,0.003487368,48.47492277371884,778.2488482857975,4412,5353.245,2.7593982,610.47943,0.27523017,6579.0674,3.371252,0,,,,,48.47492277371884,0.0007256102,778.2488482857975,0.0007355306,-0.012078627,0.011704342
1.0000241,0.00051275775,0,0.0034875472,48.47497113254745,778.2460148856551,4413,5347.642,2.7579854,610.9517,0.27527443,6572.1216,3.3698251,0,,,,,48.47497113254745,0.0007273853,778.2460148856551,0.0007376231,-0.0117634805,0.011753904
1.000064,0.00051268877,8192,0.0034877257,48.47457771506098,778.2481503186817,4414,5347.0176,2.7578752,610.57153,0.27533782,6572.384,3.369372,8192,,,,,48.47457771506098,0.00072703505,778.2481503186817,0.0007370042,-0.012151405,0.01135867
0.9998409,0.0005127185,0,0.003487904,48.47255240518652,778.2458428947218,4415,5346.8477,2.7578125,610.6777,0.27554673,6570.918,3.3695672,0,,,,,48.47255240518652,0.00072735595,778.2458428947218,0.00073747867,-0.01198009,0.011590614
1.0007274,0.0005129292,0,0.0034880822,48.474160359797196,778.2473710859374,4416,5351.0415,2.759113,610.83984,0.27512583,6576.7437,3.3709521,0,,,,,48.474160359797196,0.00072640687,778.2473710859374,0.0007364391,-0.011997488,0.011757875
0.99986225,0.00051301817,0,0.0034882599,48.47375908219428,778.2476936250291,4417,5346.133,2.7595448,610.584,0.275361,6571.058,3.3715367,0,,,,,48.47375908219428,0.0007271258,778.2476936250291,0.00073707156,-0.011875649,0.011617312
1.0003929,0.0005131158,0,0.0034884373,48.47473687737326,778.2464508600713,4418,5349.7334,2.7598534,609.09937,0.27543926,6574.5454,3.372178,0,,,,,48.47473687737326,0.00072603277,778.2464508600713,0.0007366484,-0.011684512,0.011787131
1.0001734,0.00051276275,0,0.0034886145,48.474625742401564,778.2460479816438,4419,5347.7886,2.7578998,611.4224,0.27532202,6573.1035,3.369858,0,,,,,48.474625742401564,0.0007276049,778.2460479816438,0.00073779677,-0.011841126,0.011714775
0.99975497,0.000512828,0,0.0034887912,48.47654277898265,778.2480216473791,4420,5345.9023,2.75858,611.3902,0.27559793,6570.353,3.3702867,0,,,,,48.47654277898265,0.00072695414,778.2480216473791,0.0007369985,-0.011695642,0.01190507
1.0008477,0.00051320496,8192,0.003488968,48.47495485447004,778.2476314417249,4421,5352.328,2.7603004,610.1377,0.27573925,6577.534,3.3727643,8192,,,,,48.47495485447004,0.0007262854,778.2476314417249,0.0007363355,-0.011527766,0.01211945
0.9995058,0.0005129818,0,0.003489144,48.47522707133855,778.2490396578798,4422,5344.79,2.7594998,610.0588,0.27527452,6568.716,3.3712974,0,,,,,48.47522707133855,0.0007269465,778.2490396578798,0.00073684286,-0.011488168,0.011989334
1.0000333,0.00051270233,0,0.00348932,48.47365535497805,778.2476512843506,4423,5348.3413,2.7577531,609.278,0.27521154,6572.182,3.3694608,0,,,,,48.47365535497805,0.0007268603,778.2476512843506,0.00073655444,-0.01156436,0.011922263
1.0002079,0.0005130957,0,0.0034894955,48.47415924920166,778.2487106324711,4424,5349.705,2.7598326,609.8501,0.2754085,6573.3296,3.3720462,0,,,,,48.47415924920166,0.00072685926,778.2487106324711,0.000736791,-0.011524206,0.012234306
0.999876,0.0005126838,0,0.0034896708,48.47511698753366,778.2475387681337,4425,5347.1167,2.7575953,609.01,0.27527797,6571.1484,3.3693392,0,,,,,48.47511698753366,0.0007267626,778.2475387681337,0.0007367261,-0.011556855,0.012012221
1.0004505,0.0005131132,0,0.003489846,48.473989023224206,778.2486143038241,4426,5351.3,2.7598624,609.5304,0.27518398,6574.9243,3.3721611,0,,,,,48.473989023224206,0.000726443,778.2486143038241,0.0007364329,-0.011336233,0.01260511
1.0004933,0.0005129603,0,0.0034900208,48.47585573904779,778.2481435643567,4427,5351.376,2.7590346,608.8645,0.2753037,6575.2056,3.3711565,0,,,,,48.47585573904779,0.0007260307,778.2481435643567,0.0007359927,-0.011367361,0.012491004
0.99971,0.00051282445,0,0.0034901951,48.47632636541406,778.2484659769534,4428,5346.6763,2.7584891,608.6302,0.2755848,6570.0576,3.3702636,0,,,,,48.47632636541406,0.00072570035,778.2484659769534,0.00073554704,-0.011450222,0.012346909
0.9997431,0.0005130651,0,0.0034903693,48.47571865787546,778.2477468735319,4429,5347.448,2.7594845,609.1756,0.27534756,6570.275,3.371845,0,,,,,48.47571865787546,0.00072706025,778.2477468735319,0.0007369727,-0.011215924,0.01274279
0.9995265,0.00051269494,0,0.003490543,48.47610283628957,778.2472174233108,4430,5345.6826,2.7575843,609.52814,0.2753165,6568.8516,3.3694122,0,,,,,48.47610283628957,0.0007280068,778.2472174233108,0.0007379399,-0.0112893,0.012588589
0.99994445,0.00051268877,0,0.0034907167,48.476095468491515,778.2491800686031,4431,5347.5264,2.757612,608.27386,0.27563003,6571.598,3.369372,0,,,,,48.476095468491515,0.0007267078,778.2491800686031,0.0007364571,-0.011384471,0.012538742
0.9994702,0.0005127991,0,0.0034910627,48.47526408325442,778.2481919677725,4433,5345.3604,2.758193,608.4875,0.275143,6568.4814,3.370097,0,,,,,48.47526408325442,0.0007268966,778.2481919677725,0.000736821,-0.011435623,0.012596944
1.0010322,0.0005131498,0,0.0034912354,48.47520818612288,778.2489956493134,4434,5353.9204,2.7600753,608.51636,0.2753535,6578.747,3.3724015,0,,,,,48.47520818612288,0.0007261224,778.2489956493134,0.0007360356,-0.011310298,0.0124163525
1.000202,0.00051273487,0,0.0034914077,48.475421870509265,778.2479158634678,4435,5350.0107,2.75787,609.5932,0.27530345,6573.2905,3.369675,0,,,,,48.475421870509265,0.00072609,778.2479158634678,0.00073603133,-0.0112774335,0.012674392
1.0000434,0.00051289407,0,0.0034915798,48.474445268480096,778.2493857569975,4436,5349.1294,2.7586782,608.3053,0.27527103,6572.2485,3.3707209,0,,,,,48.474445268480096,0.0007274786,778.2493857569975,0.0007373842,-0.010915729,0.01335451
1.0008441,0.00051315053,0,0.0034917514,48.4750325521742,778.2486617146657,4437,5353.4697,2.760068,608.8057,0.27560222,6577.511,3.3724065,0,,,,,48.4750325521742,0.0007266528,778.2486617146657,0.0007365648,-0.011052056,0.013058425
1.0009273,0.0005130988,0,0.0034919227,48.47564933175017,778.2492393996059,4438,5353.5786,2.759974,608.4803,0.2752003,6578.0576,3.3720665,0,,,,,48.47564933175017,0.0007261192,778.2492393996059,0.0007358906,-0.010879173,0.01293593
1.00064,0.0005130742,0,0.0034920939,48.47448406460359,778.2479684019578,4439,5351.5615,2.7598019,608.09283,0.27575865,6576.1694,3.3719049,0,,,,,48.47448406460359,0.0007256534,778.2479684019578,0.0007357497,-0.010987896,0.012870813
1.0016742,0.0005132436,0,0.0034922648,48.4762667921115,778.247493664914,4440,5357.794,2.7604694,608.3259,0.27531305,6582.9663,3.3730183,0,,,,,48.4762667921115,0.00072593446,778.247493664914,0.00073606224,-0.010851421,0.012882981
0.99999845,0.00051305554,0,0.0034924352,48.47542398428267,778.2486325025477,4441,5348.925,2.7595742,608.7595,0.2752801,6571.953,3.371782,0,,,,,48.47542398428267,0.00072612043,778.2486325025477,0.00073605345,-0.010972772,0.013027909
1.0016023,0.0005131813,0,0.0034926054,48.47815887790796,778.2479899071459,4442,5356.9263,2.760331,607.9763,0.27529085,6582.4937,3.372609,0,,,,,48.47815887790796,0.00072561234,778.2479899071459,0.0007353429,-0.010979676,0.012737315
0.9996452,0.00051285024,0,0.0034927754,48.475063624576116,778.2493523639702,4443,5347.4287,2.7584116,608.8967,0.27546445,6569.6313,3.3704329,0,,,,,48.475063624576116,0.00072697643,778.2493523639702,0.0007368472,-0.010908488,0.013124254
0.9999336,0.0005128892,0,0.003492945,48.4740291122193,778.2490037847438,4444,5348.8677,2.7586672,608.6951,0.27534825,6571.527,3.370689,0,,,,,48.4740291122193,0.00072661345,778.2490037847438,0.00073633593,-0.010787795,0.013360814
1.0009824,0.0005131399,0,0.0034931144,48.476387179936985,778.2490045498216,4445,5354.463,2.7602139,608.9961,0.2755327,6578.42,3.3723366,0,,,,,48.476387179936985,0.00072553806,778.2490045498216,0.0007353544,-0.01080237,0.013412643
1.0010917,0.0005132141,0,0.0034932834,48.475095441335306,778.2503080735794,4446,5355.0884,2.7603192,609.6696,0.2753485,6579.138,3.3728242,0,,,,,48.475095441335306,0.00072609173,778.2503080735794,0.0007358281,-0.010631774,0.013557541
0.99956214,0.00051299547,0,0.003493452,48.47700968832764,778.2473008300547,4447,5346.447,2.7593253,609.213,0.27505568,6569.086,3.3713875,0,,,,,48.47700968832764,0.0007275577,778.2473008300547,0.0007377767,-0.010498604,0.013743337
1.0012528,0.00051330286,0,0.0034936205,48.47482663876265,778.2481089076465,4448,5355.9556,2.7608593,611.90247,0.27556825,6580.197,3.3734076,0,,,,,48.47482663876265,0.00072638126,778.2481089076465,0.0007364033,-0.0104899565,0.013936293
1.0003272,0.0005131247,0,0.0034937887,48.47629033821609,778.2487222839679,4449,5351.484,2.7599356,609.2473,0.27510554,6574.114,3.3722367,0,,,,,48.47629033821609,0.00072586205,778.2487222839679,0.00073585025,-0.010487494,0.013896905
1.0004036,0.0005131103,0,0.0034939565,48.47504090876022,778.2499309865475,4450,5351.641,2.759904,609.19904,0.27538607,6574.616,3.372142,0,,,,,48.47504090876022,0.0007262128,778.2499309865475,0.000735942,-0.010546766,0.013738684
1.0010607,0.0005131778,0,0.003494124,48.47453344240058,778.2503753865792,4451,5355.721,2.7604053,609.6479,0.27517614,6578.9346,3.3725855,0,,,,,48.47453344240058,0.00072599144,778.2503753865792,0.0007357276,-0.010443795,0.013811743
1.0007102,0.00051319,0,0.003494291,48.475530385411595,778.2495618055354,4452,5354.671,2.7602057,609.5954,0.27557042,6576.631,3.372666,0,,,,,48.475530385411595,0.0007258216,778.2495618055354,0.0007357183,-0.010357844,0.013827397
1.0006922,0.00051321444,0,0.003494458,48.475925204781966,778.2498995766039,4453,5353.8853,2.7602863,609.233,0.2752698,6576.5127,3.3728266,0,,,,,48.475925204781966,0.0007267269,778.2498995766039,0.0007364833,-0.0104766935,0.0135683855
1.0005975,0.00051316957,0,0.0034946245,48.4769126966442,778.2498235029016,4454,5354.371,2.760277,609.9226,0.27531713,6575.8896,3.3725314,0,,,,,48.4769126966442,0.00072625506,778.2498235029016,0.0007360751,-0.01010378,0.0139512895
0.99946475,0.00051309436,0,0.003494791,48.47708001600262,778.2493940850734,4455,5348.631,2.7597325,609.4471,0.27553394,6568.446,3.3720374,0,,,,,48.47708001600262,0.0007270104,778.2493940850734,0.0007369217,-0.010073206,0.014104263
1.0005636,0.0005131677,16,0.0034951225,48.476716974102345,778.2485467448604,4457,5354.274,2.7604024,610.57263,0.27549785,6575.6675,3.3725195,16,,,,,48.476716974102345,0.0007264038,778.2485467448604,0.0007363218,-0.009650923,0.013197068
0.999727,0.0005129859,16,0.003495288,48.47563376069659,778.2487537109321,4458,5348.9287,2.759558,608.9584,0.27548715,6570.1694,3.3713248,16,,,,,48.47563376069659,0.00072611583,778.2487537109321,0.00073614233,-0.009697907,0.013278891
1.0005716,0.00051309104,16,0.0034954532,48.47573443103954,778.2514258483521,4459,5353.658,2.7600272,608.6687,0.27537614,6575.72,3.3720157,16,,,,,48.47573443103954,0.0007257445,778.2514258483521,0.0007353666,-0.010319869,0.014691354
1.0003116,0.00051317806,0,0.003495618,48.474649910654364,778.2504735612904,4460,5353.4033,2.760194,609.52344,0.2754974,6574.011,3.3725874,0,,,,,48.474649910654364,0.000726217,778.2504735612904,0.00073575304,-0.00969526,0.0146775255
1.000817,0.0005132564,0,0.0034957824,48.47638216887603,778.2502632397882,4461,5355.695,2.7605765,611.39594,0.27517492,6577.3325,3.3731022,0,,,,,48.47638216887603,0.0007261244,778.2502632397882,0.00073593954,-0.00953224,0.014639848
1.0012326,0.0005131764,0,0.0034959465,48.47528012481469,778.2512550102072,4462,5357.192,2.7604485,608.3143,0.2751346,6580.064,3.3725765,0,,,,,48.47528012481469,0.0007258016,778.2512550102072,0.00073538284,-0.009724713,0.014264481
0.99981123,0.00051309407,0,0.0034961104,48.47718969037318,778.2492875933325,4463,5350.187,2.7597556,608.9075,0.2754185,6570.7227,3.3720353,0,,,,,48.47718969037318,0.0007276825,778.2492875933325,0.0007374881,-0.009747242,0.014773737
0.9995832,0.0005130731,0,0.0034962741,48.47649773725863,778.2519318226009,4464,5348.704,2.7596445,609.606,0.2753491,6569.224,3.3718977,0,,,,,48.47649773725863,0.0007264455,778.2519318226009,0.0007360844,-0.009755775,0.014764726
0.99988264,0.0005130798,0,0.0034964373,48.47695725116605,778.251516103548,4465,5350.6553,2.7598011,609.0734,0.2753547,6571.192,3.3719416,0,,,,,48.47695725116605,0.0007260262,778.251516103548,0.0007355098,-0.009582982,0.01467307
1.0007706,0.0005132492,0,0.0034966003,48.47663421434723,778.2480998800522,4466,5356.152,2.7604396,608.71826,0.27539018,6577.0273,3.3730547,0,,,,,48.47663421434723,0.00072567,778.2480998800522,0.0007355597,-0.009610501,0.014779153
0.9999568,0.000513087,0,0.003496763,48.477928331429155,778.2509435586911,4467,5351.4062,2.7598646,608.331,0.27551606,6571.679,3.371989,0,,,,,48.477928331429155,0.0007257613,778.2509435586911,0.00073546404,-0.009571336,0.014612801
1.0001171,0.0005131144,0,0.0034969253,48.48084700857339,778.2483733701687,4468,5352.7124,2.7599423,608.1544,0.2752709,6572.733,3.3721688,0,,,,,48.48084700857339,0.0007252434,778.2483733701687,0.0007348845,-0.009640417,0.014707535
0.9991838,0.00051311706,0,0.0034970874,48.478295691184314,778.2498813653087,4469,5348.4624,2.7597792,609.34503,0.27545965,6566.599,3.3721867,0,,,,,48.478295691184314,0.0007258394,778.2498813653087,0.0007351902,-0.00931057,0.014667802
0.99981105,0.00051308627,0,0.0034972492,48.47675348352288,778.2513058972431,4470,5351.55,2.7598467,607.7015,0.27515313,6570.7217,3.3719842,0,,,,,48.47675348352288,0.0007260372,778.2513058972431,0.00073580636,-0.009447723,0.015061038
1.0008013,0.0005131626,0,0.0034974108,48.47732551069495,778.2503251807616,4471,5356.7036,2.76037,608.37396,0.27513668,6577.2295,3.3724859,0,,,,,48.47732551069495,0.00072611443,778.2503251807616,0.00073582475,-0.0095229,0.014585276
0.99917966,0.00051133736,0,0.0034977328,48.46455738416434,778.2043388851678,4473,5287.5103,2.7506363,609.2476,0.27536198,6566.5723,3.3604906,0,,,,,48.46455738416434,0.00072663766,778.2043388851678,0.00074260123,-0.021719841,-0.0348838
1.0002941,0.00051171205,128,0.0034978935,48.46723609294061,778.2039215685232,4474,5294.8965,2.7523577,611.58984,0.2753322,6573.896,3.3629527,128,,,,,48.46723609294061,0.0007255661,778.2039215685232,0.000741504,-0.021456763,-0.03468126
0.99921644,0.00051139446,0,0.0034980536,48.465979899098826,778.2041460740775,4475,5289.282,2.750728,609.0469,0.27536258,6566.814,3.3608656,0,,,,,48.465979899098826,0.00072653324,778.2041460740775,0.00074249104,-0.0214515,-0.034426805
0.99932486,0.00051141554,0,0.0034982136,48.46511676003865,778.2036162713106,4476,5289.2397,2.750915,608.994,0.2752572,6567.5264,3.361004,0,,,,,48.46511676003865,0.0007265896,778.2036162713106,0.0007427493,-0.021490099,-0.034335587
0.9996459,0.00051141303,0,0.0034983733,48.46452075145163,778.2052443440491,4477,5291.716,2.7511141,608.55707,0.27522397,6569.636,3.3609877,0,,,,,48.46452075145163,0.00072594115,778.2052443440491,0.00074168964,-0.021527689,-0.034234382
0.99922687,0.0005113674,0,0.0034985326,48.4650742811522,778.2059578001487,4478,5289.516,2.7507393,608.5029,0.27519253,6566.8823,3.360688,0,,,,,48.4650742811522,0.000726288,778.2059578001487,0.0007420877,-0.021345016,-0.03438632
0.9997423,0.00051140436,0,0.0034986916,48.46578836484274,778.2062028817271,4479,5291.792,2.7511172,608.8989,0.27519011,6570.27,3.3609307,0,,,,,48.46578836484274,0.00072571443,778.2062028817271,0.0007415394,-0.021441313,-0.03443946
1.0010514,0.0005116333,0,0.0034988504,48.46606817710121,778.2057672484445,4480,5300.1235,2.7520876,609.1571,0.27538902,6578.873,3.3624353,0,,,,,48.46606817710121,0.00072557706,778.2057672484445,0.0007413943,-0.021178808,-0.03400002
0.99925494,0.00051142933,0,0.003499009,48.466554410175604,778.204579325236,4481,5290.1436,2.7509928,608.17645,0.27532896,6567.067,3.3610947,0,,,,,48.466554410175604,0.0007271604,778.204579325236,0.0007431187,-0.021314992,-0.034311768
1.0002509,0.000511474,0,0.003499167,48.46695318444358,778.2053262607483,4482,5295.543,2.751502,608.7326,0.27525488,6573.6123,3.3613882,0,,,,,48.46695318444358,0.0007259823,778.2053262607483,0.0007418753,-0.020910066,-0.034038626
0.99947083,0.0005114098,0,0.003499325,48.464995723535424,778.2044855517556,4483,5292.1997,2.7511442,608.8946,0.27516642,6568.486,3.3609664,0,,,,,48.464995723535424,0.0007255868,778.2044855517556,0.000741575,-0.021107288,-0.03392751
0.99981797,0.0005114671,0,0.0034994825,48.46529538819271,778.2048748429821,4484,5293.845,2.7513185,607.53534,0.27523068,6570.767,3.3613431,0,,,,,48.46529538819271,0.0007257821,778.2048748429821,0.0007416822,-0.02111871,-0.033627853
0.99932694,0.00051148847,0,0.0034996397,48.46595476524255,778.2049542046431,4485,5291.965,2.7511933,608.5698,0.2751936,6567.54,3.3614836,0,,,,,48.46595476524255,0.0007263216,778.2049542046431,0.0007421372,-0.020987552,-0.03373425
1.0000362,0.0005115131,0,0.0034997966,48.466024465723315,778.2051598484279,4486,5296.0703,2.751671,607.9214,0.27536058,6572.2017,3.3616452,0,,,,,48.466024465723315,0.0007264094,778.2051598484279,0.0007422411,-0.020955786,-0.033548832
0.99949896,0.00051143643,0,0.0034999533,48.46586759539949,778.2051099346735,4487,5292.8555,2.7511065,607.825,0.2752608,6568.6704,3.3611417,0,,,,,48.46586759539949,0.00072603277,778.2051099346735,0.0007418631,-0.020861171,-0.03334805
0.99970216,0.00051146554,0,0.0035001095,48.467028069421104,778.2052901382881,4488,5294.6025,2.7513068,608.4305,0.27506518,6570.006,3.3613327,0,,,,,48.467028069421104,0.000726595,778.2052901382881,0.0007424412,-0.020733874,-0.033182524
1.0015556,0.0005116095,0,0.0035002658,48.46661675244667,778.2049898262949,4489,5304.8447,2.7524285,607.1148,0.27513298,6582.1865,3.362279,0,,,,,48.46661675244667,0.00072497077,778.2049898262949,0.0007407294,-0.020830883,-0.03314499
1.000092,0.00051147107,0,0.0035004215,48.46646198132486,778.2048546990984,4490,5296.371,2.7514765,608.0484,0.27537355,6572.5684,3.3613691,0,,,,,48.46646198132486,0.00072570896,778.2048546990984,0.0007412049,-0.020879807,-0.033487327
1.001141,0.00051162887,0,0.0035005768,48.466873930555984,778.2072293412806,4491,5302.707,2.7522764,608.07336,0.2751173,6579.462,3.3624063,0,,,,,48.466873930555984,0.0007251988,778.2072293412806,0.0007407124,-0.020562384,-0.033054028
0.99921787,0.00051142287,0,0.003500732,48.46635016345963,778.2054838402248,4492,5291.828,2.7510126,607.9135,0.2753538,6566.823,3.3610525,0,,,,,48.46635016345963,0.0007260726,778.2054838402248,0.00074184756,-0.020815445,-0.033428274
1.0002785,0.00051152025,0,0.0035008867,48.466200741591734,778.2055759486644,4493,5296.903,2.751691,608.3457,0.2754389,6573.7935,3.3616922,0,,,,,48.466200741591734,0.00072505785,778.2055759486644,0.0007409523,-0.020987885,-0.03337448
0.99887,0.0005113573,0,0.0035010413,48.46729604102353,778.2049023507536,4494,5290.356,2.751009,608.43085,0.2752387,6564.537,3.3606217,0,,,,,48.46729604102353,0.0007273084,778.2049023507536,0.0007431961,-0.020774446,-0.033137493
0.9998514,0.0005116058,128,0.0035011957,48.46434393013,778.2060371974048,4495,5295.7954,2.7521224,608.16876,0.27518606,6570.987,3.3622546,128,,,,,48.46434393013,0.0007262003,778.2060371974048,0.00074270763,-0.020403495,-0.03287788
0.9996576,0.00051145605,0,0.0035013496,48.46669052865065,778.2068256143692,4496,5294.4727,2.7511573,607.44116,0.275217,6569.713,3.3612704,0,,,,,48.46669052865065,0.0007252282,778.2068256143692,0.00074084155,-0.020650864,-0.032884914
1.000735,0.0005115986,0,0.0035015033,48.46510096457038,778.2063774988239,4497,5300.747,2.751953,608.1414,0.27530044,6576.794,3.3622072,0,,,,,48.46510096457038,0.00072597456,778.2063774988239,0.00074157596,-0.020479469,-0.032659795
0.9999023,0.0005114888,0,0.0035016565,48.46645470433261,778.2052718091803,4498,5295.952,2.7514346,607.8598,0.2753699,6571.3213,3.3614857,0,,,,,48.46645470433261,0.00072598347,778.2052718091803,0.0007419943,-0.020541146,-0.032792788
0.99811447,0.0005112515,0,0.0035018094,48.46585369799844,778.2062368618949,4499,5286.2456,2.750379,607.57855,0.27519467,6559.572,3.3599262,0,,,,,48.46585369799844,0.00072710175,778.2062368618949,0.00074273284,-0.020691466,-0.032933045
0.99874073,0.0005113742,0,0.0035019622,48.466584009337026,778.2053614457993,4500,5290.079,2.7509012,608.1912,0.27496216,6563.6875,3.3607326,0,,,,,48.466584009337026,0.0007258454,778.2053614457993,0.000741675,-0.0206071,-0.032905392
0.9991703,0.0005113497,0,0.0035021147,48.46611013505429,778.2049984223299,4501,5291.7007,2.7509875,607.5089,0.27514395,6566.5107,3.3605716,0,,,,,48.46611013505429,0.0007268692,778.2049984223299,0.0007427302,-0.020832833,-0.032761555
0.99943215,0.0005114633,0,0.0035022667,48.46640774768383,778.2068140421271,4502,5293.325,2.7512503,608.2873,0.2752039,6568.2314,3.361318,0,,,,,48.46640774768383,0.0007264605,778.2068140421271,0.0007421646,-0.020793784,-0.03277683
0.9991195,0.00051138946,0,0.0035024185,48.467075964271025,778.2063442303968,4503,5291.8486,2.7510483,607.60425,0.27529258,6566.177,3.360833,0,,,,,48.467075964271025,0.0007266931,778.2063442303968,0.0007424206,-0.020578142,-0.032786902
0.9997763,0.0005114243,0,0.00350257,48.46608853126872,778.2061209002842,4504,5294.5234,2.7512708,607.0303,0.27522475,6570.493,3.3610618,0,,,,,48.46608853126872,0.0007259587,778.2061209002842,0.0007417467,-0.020537015,-0.032908212
0.9990295,0.0005113805,0,0.0035027212,48.46538992179211,778.2057623850626,4505,5291.534,2.7510917,607.2072,0.2751148,6565.5854,3.360774,0,,,,,48.46538992179211,0.0007268993,778.2057623850626,0.00074272,-0.020580245,-0.032686114
1.0008012,0.0005115546,0,0.003502872,48.46761510968184,778.2053997400094,4506,5301.223,2.7519326,607.4246,0.27493918,6577.2285,3.361918,0,,,,,48.46761510968184,0.00072457705,778.2053997400094,0.0007402559,-0.020602116,-0.03275887
0.9990433,0.00051136705,0,0.0035030227,48.46838178503566,778.2057228269464,4507,5291.166,2.7507818,607.0455,0.27518216,6565.676,3.3606853,0,,,,,48.46838178503566,0.00072621886,778.2057228269464,0.00074199715,-0.020459974,-0.03265618
0.9984979,0.00051135244,8192,0.0035031731,48.46593968706773,778.2061646351082,4508,5289.382,2.7506993,607.4355,0.2751197,6562.092,3.3605895,8192,,,,,48.46593968706773,0.00072727544,778.2061646351082,0.00074298395,-0.020504734,-0.03245789
0.9995584,0.0005114178,0,0.003503323,48.46526827248158,778.2058718558575,4509,5294.3877,2.7513034,607.23206,0.27524742,6569.061,3.3610191,0,,,,,48.46526827248158,0.0007258475,778.2058718558575,0.00074152846,-0.020618526,-0.032456737
1.0007192,0.0005115568,0,0.0035034728,48.46697987152742,778.2071475524531,4510,5300.7764,2.7521152,607.77704,0.27502596,6576.69,3.3619325,0,,,,,48.46697987152742,0.00072655955,778.2071475524531,0.00074205926,-0.020204032,-0.03204245
0.99970496,0.0005114477,0,0.003503622,48.46599697881658,778.2063550126205,4511,5295.807,2.7513318,607.5113,0.27501783,6570.0244,3.3612156,0,,,,,48.46599697881658,0.0007260807,778.2063550126205,0.0007416193,-0.020485608,-0.032068428
0.99921066,0.000511408,0,0.0035037713,48.46619591711092,778.2077884774793,4512,5292.6367,2.751234,607.51544,0.2753221,6566.776,3.360955,0,,,,,48.46619591711092,0.00072652457,778.2077884774793,0.00074206834,-0.020574233,-0.03238614
0.99928236,0.0005114014,0,0.00350392,48.46661021010352,778.2066483142621,4513,5293.321,2.7513487,607.36426,0.27555603,6567.247,3.3609111,0,,,,,48.46661021010352,0.0007273886,778.2066483142621,0.0007429524,-0.020444259,-0.032213073
0.99902457,0.00051135203,0,0.0035040686,48.466666408457776,778.2053477576605,4514,5291.77,2.750923,607.19586,0.27541494,6565.5527,3.3605866,0,,,,,48.466666408457776,0.0007270289,778.2053477576605,0.0007428315,-0.02063673,-0.032532156
1.0003043,0.0005115038,0,0.0035042167,48.46518314831614,778.2046933362652,4515,5298.7974,2.7518868,607.6095,0.27530754,6573.9634,3.3615842,0,,,,,48.46518314831614,0.0007261625,778.2046933362652,0.00074204087,-0.020376718,-0.032175258
0.9993867,0.00051144185,0,0.0035043645,48.46690992781065,778.2069451979406,4516,5293.784,2.7513595,607.9086,0.27523443,6567.933,3.3611772,0,,,,,48.46690992781065,0.0007263682,778.2069451979406,0.0007420445,-0.020543884,-0.032227594
0.99908787,0.0005113653,0,0.0035045121,48.46564673215563,778.2072039445703,4517,5292.121,2.751024,607.31134,0.27503392,6565.9688,3.3606741,0,,,,,48.46564673215563,0.0007255548,778.2072039445703,0.0007410746,-0.020667301,-0.032407604
1.0003973,0.00051142543,0,0.0035046593,48.4663827601477,778.207282172787,4518,5298.636,2.7515275,606.8076,0.27514932,6574.5747,3.3610692,0,,,,,48.4663827601477,0.0007255781,778.207282172787,0.00074112107,-0.020498427,-0.032173462
0.99924135,0.000511356,8192,0.0035048064,48.467092430915,778.2064946961015,4519,5293.0327,2.7511706,607.26636,0.27536085,6566.9775,3.3606129,8192,,,,,48.467092430915,0.00072613277,778.2064946961015,0.000741806,-0.020488491,-0.032067105
0.9987665,0.0005112851,0,0.003504953,48.46729112419404,778.2065054269071,4520,5290.606,2.7509153,608.529,0.27509046,6563.857,3.3601468,0,,,,,48.46729112419404,0.00072789146,778.2065054269071,0.00074354006,-0.020287225,-0.032112177
1.0003842,0.0005116179,128,0.0035050993,48.46749700660126,778.2055999170157,4521,5298.9634,2.752324,607.2853,0.27532545,6574.489,3.3623343,128,,,,,48.46749700660126,0.0007255811,778.2055999170157,0.0007412894,-0.020452838,-0.031912945
0.9997746,0.0005114616,0,0.0035052453,48.466325994846684,778.2072329122781,4522,5296.352,2.7516859,608.08234,0.27515566,6570.482,3.361307,0,,,,,48.466325994846684,0.00072657224,778.2072329122781,0.0007420002,-0.020555226,-0.031758558
1.000152,0.0005114921,0,0.003505391,48.466842840662906,778.2064128470555,4523,5298.549,2.7516582,607.04504,0.2751591,6572.9624,3.3615072,0,,,,,48.466842840662906,0.0007256244,778.2064128470555,0.00074130396,-0.020183405,-0.03146123
1.0002483,0.00051146845,0,0.0035055366,48.46734598708544,778.2064297140455,4524,5298.634,2.751717,607.88477,0.27512145,6573.595,3.361352,0,,,,,48.46734598708544,0.0007255194,778.2064297140455,0.00074118417,-0.020304618,-0.032015886
1.0003093,0.00051148963,0,0.0035056819,48.46627228995827,778.2077728255043,4525,5299.786,2.751914,607.8233,0.27493942,6573.9966,3.361491,0,,,,,48.46627228995827,0.0007255873,778.2077728255043,0.00074108655,-0.020362768,-0.03178251
1.0008359,0.00051159004,8192,0.0035058267,48.46609982511656,778.2078856340279,4526,5302.2236,2.7523613,608.06885,0.27551496,6577.4565,3.3621511,8192,,,,,48.46609982511656,0.0007254762,778.2078856340279,0.00074098987,-0.02026641,-0.031933755
0.9985991,0.00051130273,0,0.0035059713,48.46521965012862,778.2081124373751,4527,5289.859,2.7507544,607.96045,0.27520412,6562.757,3.3602629,0,,,,,48.46521965012862,0.0007269834,778.2081124373751,0.0007424754,-0.02059064,-0.031814344
1.0016979,0.00051192654,128,0.0035061154,48.46696369358669,778.2077719178628,4528,5307.3633,2.7539098,608.7312,0.2752717,6583.122,3.3643625,128,,,,,48.46696369358669,0.00072407053,778.2077719178628,0.00073949806,-0.02049811,-0.03144899
0.9998016,0.0005114534,0,0.0035062593,48.46652592973288,778.2064544020536,4529,5296.611,2.751556,607.5388,0.27495715,6570.659,3.361253,0,,,,,48.46652592973288,0.00072596286,778.2064544020536,0.0007416888,-0.02043611,-0.031689096
0.9989082,0.0005113406,0,0.003506403,48.466417309081436,778.2070016781227,4530,5291.691,2.7509773,607.8286,0.27518383,6564.788,3.360512,0,,,,,48.466417309081436,0.0007261022,778.2070016781227,0.00074172224,-0.02037693,-0.03143397
0.99954826,0.0005115376,0,0.0035065464,48.46633126234152,778.2081759581075,4531,5296.095,2.7517695,607.95795,0.275472,6568.9946,3.3618064,0,,,,,48.46633126234152,0.00072580326,778.2081759581075,0.00074107124,-0.020180378,-0.031399865
0.9996416,0.00051145157,0,0.0035066893,48.46704733690828,778.2064898850615,4532,5295.4243,2.751482,608.0872,0.27512845,6569.608,3.3612409,0,,,,,48.46704733690828,0.0007265048,778.2064898850615,0.0007420463,-0.020451097,-0.031739958
1.0000794,0.0005116065,128,0.003506832,48.46724202302158,778.2078645178202,4533,5298.2144,2.7523208,608.2107,0.2751697,6572.485,3.3622594,128,,,,,48.46724202302158,0.00072609854,778.2078645178202,0.0007416066,-0.020370224,-0.03125657
0.9998937,0.00051150116,0,0.0035069745,48.46725775324152,778.2080654486952,4534,5298.1753,2.751741,607.81744,0.27545467,6571.265,3.3615668,0,,,,,48.46725775324152,0.0007257196,778.2080654486952,0.00074117386,-0.019942561,-0.030918412
0.9999398,0.00051137136,0,0.0035071166,48.46712631803332,778.2075740078154,4535,5297.1465,2.7513833,607.8597,0.2752508,6571.568,3.360714,0,,,,,48.46712631803332,0.00072595075,778.2075740078154,0.00074155675,-0.020046419,-0.031345554
1.0000002,0.0005114356,0,0.0035072584,48.46612274843769,778.2071891483827,4536,5297.679,2.7516787,608.3536,0.27516073,6571.965,3.3611362,0,,,,,48.46612274843769,0.00072622666,778.2071891483827,0.0007417698,-0.020317119,-0.031236622
0.9999571,0.0005115035,8192,0.0035074,48.46649592719707,778.2081596453535,4537,5298.0684,2.751776,608.11444,0.27527502,6571.681,3.3615823,8192,,,,,48.46649592719707,0.0007257629,778.2081596453535,0.0007411848,-0.02037928,-0.031256914
1.0000893,0.00051148725,0,0.0035075413,48.46694789753016,778.2077891370237,4538,5298.5444,2.7519054,608.2008,0.2752463,6572.55,3.3614755,0,,,,,48.46694789753016,0.000725664,778.2077891370237,0.0007411771,-0.020262023,-0.031095281
0.99955726,0.000511491,0,0.0035076821,48.46612511805666,778.2078477142418,4539,5296.7437,2.7516637,608.1285,0.27541032,6569.0537,3.3614998,0,,,,,48.46612511805666,0.000727021,778.2078477142418,0.0007424893,-0.020099245,-0.03090329
1.0000608,0.00051157793,0,0.0035078228,48.46740696643299,778.2081190499058,4540,5299.529,2.7520056,607.7694,0.2760731,6572.363,3.3620715,0,,,,,48.46740696643299,0.00072608417,778.2081190499058,0.0007415905,-0.020035116,-0.030951282
0.99860865,0.0005114123,0,0.003507963,48.46651578393125,778.208674071588,4541,5291.479,2.7511182,607.98175,0.2750703,6562.8193,3.360983,0,,,,,48.46651578393125,0.000726461,778.208674071588,0.00074189,-0.019698454,-0.030842721
1.0000355,0.0005115805,0,0.003508103,48.467673734159185,778.2087770593314,4542,5299.805,2.751944,608.00494,0.2755001,6572.197,3.3620882,0,,,,,48.467673734159185,0.00072596304,778.2087770593314,0.0007412457,-0.019582829,-0.030459547
0.9995721,0.0005115225,0,0.0035082428,48.46637931160277,778.2088313644867,4543,5297.3965,2.751739,608.8032,0.27534586,6569.1514,3.3617074,0,,,,,48.46637931160277,0.00072586985,778.2088313644867,0.00074123056,-0.019384716,-0.030490715
0.9999497,0.0005114892,0,0.003508382,48.468812900658534,778.208537565828,4544,5298.6475,2.751689,607.517,0.27488264,6571.633,3.3614886,0,,,,,48.468812900658534,0.0007255541,778.208537565828,0.0007409378,-0.019498423,-0.030447856
1.0000505,0.00051157566,0,0.0035085212,48.46737411756752,778.208602354041,4545,5300.296,2.7519822,607.5163,0.27533218,6572.2954,3.3620565,0,,,,,48.46737411756752,0.00072646036,778.208602354041,0.0007418865,-0.019497091,-0.030054618
0.99911684,0.00051143597,0,0.00350866,48.46857034860419,778.2078679970625,4546,5294.2314,2.7513282,607.9526,0.27513856,6566.159,3.3611386,0,,,,,48.46857034860419,0.00072699593,778.2078679970625,0.00074253435,-0.019469837,-0.030657811
0.99926466,0.00051147235,0,0.0035087985,48.46864212623772,778.2081312018953,4547,5295.3145,2.7514877,607.51245,0.27525258,6567.131,3.3613777,0,,,,,48.46864212623772,0.0007261694,778.2081312018953,0.00074160425,-0.019610733,-0.03007167
1.0002108,0.00051156926,0,0.0035089366,48.468417366064386,778.2083779079902,4548,5300.5044,2.752098,608.6971,0.2750119,6573.3486,3.3620145,0,,,,,48.468417366064386,0.0007262192,778.2083779079902,0.00074173557,-0.01954704,-0.030430647
0.9993692,0.0005114471,0,0.0035090744,48.467233225768894,778.2067792739269,4549,5296.4634,2.7516246,607.8938,0.27555484,6567.818,3.3612115,0,,,,,48.467233225768894,0.0007259059,778.2067792739269,0.0007415585,-0.019317595,-0.030186165
0.99986553,0.0005115375,0,0.003509212,48.46831628601622,778.2096850932513,4550,5299.0205,2.7520735,609.7451,0.27520877,6571.0796,3.3618054,0,,,,,48.46831628601622,0.00072568003,778.2096850932513,0.00074099057,-0.019357253,-0.030485833
0.9994692,0.0005114348,0,0.0035093494,48.46808540285273,778.2081087840826,4551,5297.785,2.7515955,607.9538,0.27515575,6568.475,3.361131,0,,,,,48.46808540285273,0.0007261318,778.2081087840826,0.0007418846,-0.019116266,-0.029760154
0.99865055,0.00051130616,0,0.0035094863,48.4683972240066,778.2079296852974,4552,5292.361,2.7509508,607.8188,0.2751815,6563.0947,3.3602855,0,,,,,48.4683972240066,0.0007268691,778.2079296852974,0.00074232987,-0.019195277,-0.030289654
0.9987387,0.00051140797,0,0.003509623,48.46755687866869,778.2079807076659,4553,5293.5005,2.7511463,607.7386,0.2750278,6563.6743,3.3609543,0,,,,,48.46755687866869,0.00072644826,778.2079807076659,0.0007418632,-0.019105237,-0.030308507
0.999994,0.00051152165,0,0.0035097594,48.46908012166366,778.2084216330758,4554,5300.2036,2.7519674,607.6169,0.2751244,6571.924,3.3617015,0,,,,,48.46908012166366,0.0007262301,778.2084216330758,0.00074155023,-0.019363051,-0.030369403
0.9998972,0.00051147613,0,0.0035098954,48.4683601789032,778.2096611185513,4555,5299.2354,2.7519202,608.39185,0.27517092,6571.2876,3.3614025,0,,,,,48.4683601789032,0.0007262809,778.2096611185513,0.0007416795,-0.018977005,-0.029993337
0.99989086,0.0005115013,0,0.0035100312,48.46764745127366,778.2079890210795,4556,5300.056,2.751801,606.8331,0.27528274,6571.246,3.3615675,0,,,,,48.46764745127366,0.00072594144,778.2079890210795,0.00074110617,-0.01909367,-0.030193409
0.99917567,0.00051148364,0,0.0035101667,48.46764918488691,778.2091231095201,4557,5296.146,2.7514791,607.4596,0.2750858,6566.546,3.3614519,0,,,,,48.46764918488691,0.00072624267,778.2091231095201,0.0007416295,-0.018983949,-0.029785397
1.0004027,0.0005115054,0,0.0035103017,48.46980090554889,778.2079204302464,4558,5301.7217,2.752092,607.4573,0.27553913,6574.61,3.361595,0,,,,,48.46980090554889,0.0007259972,778.2079204302464,0.0007414836,-0.019094199,-0.030276807
0.99925095,0.0005115016,0,0.0035104365,48.46722943955811,778.2088175803799,4559,5296.716,2.751545,606.84686,0.27528533,6567.0405,3.36157,0,,,,,48.46722943955811,0.0007257843,778.2088175803799,0.00074115105,-0.019005412,-0.030109007
0.99893993,0.0005113674,0,0.003510571,48.46806511721671,778.2084833326155,4560,5295.1914,2.7514167,606.5429,0.2751743,6564.9966,3.360688,0,,,,,48.46806511721671,0.00072670716,778.2084833326155,0.00074203766,-0.018906692,-0.029941028
1.0005034,0.00051154115,0,0.0035107054,48.46903562340888,778.2084641154165,4561,5302.764,2.752249,607.64056,0.2751244,6575.272,3.3618295,0,,,,,48.46903562340888,0.00072539446,778.2084641154165,0.0007408899,-0.019034576,-0.030089999
1.0001078,0.000511545,0,0.0035108393,48.46868469719723,778.2095015583704,4562,5301.828,2.7524216,608.8948,0.2752524,6572.6714,3.361855,0,,,,,48.46868469719723,0.00072598323,778.2095015583704,0.00074125984,-0.018935226,-0.029564153
0.99891645,0.0005113652,0,0.003510973,48.4672474543191,778.2090689815309,4563,5295.0034,2.7513244,606.69244,0.27498096,6564.8423,3.3606734,0,,,,,48.4672474543191,0.00072669034,778.2090689815309,0.0007420622,-0.019086642,-0.029889666
1.000727,0.000511564,0,0.0035111061,48.467142786192156,778.2090224015608,4564,5304.877,2.7523777,606.0669,0.27543217,6576.7417,3.36198,0,,,,,48.467142786192156,0.00072438095,778.2090224015608,0.0007396593,-0.018552313,-0.02936692
0.9997727,0.0005114795,0,0.0035112393,48.46775722718753,778.2088470719783,4565,5300.093,2.7517586,606.14124,0.27534446,6570.4697,3.3614247,0,,,,,48.46775722718753,0.00072599394,778.2088470719783,0.0007412396,-0.018951843,-0.029661966
1.000214,0.00051155704,0,0.003511372,48.46948625162751,778.2081823167623,4566,5302.2847,2.7521112,606.88074,0.2750841,6573.3696,3.3619342,0,,,,,48.46948625162751,0.00072531356,778.2081823167623,0.00074063253,-0.018781122,-0.029537918
0.99925745,0.00051141815,0,0.0035115043,48.467451381586756,778.2096218420776,4567,5297.085,2.7514853,607.20844,0.27537593,6567.0835,3.3610213,0,,,,,48.467451381586756,0.0007262754,778.2096218420776,0.0007414367,-0.018705187,-0.02946979
0.9992956,0.0005114929,0,0.0035116365,48.467755747306214,778.2092055119552,4568,5297.552,2.7517052,606.6659,0.27498448,6567.334,3.3615124,0,,,,,48.467755747306214,0.0007254022,778.2092055119552,0.0007406459,-0.018803041,-0.029476197
1.0012113,0.0005118565,128,0.0035117683,48.467847493267676,778.2086729069887,4569,5307.27,2.7539122,606.55023,0.27511293,6579.924,3.3639023,128,,,,,48.467847493267676,0.0007252009,778.2086729069887,0.0007406183,-0.018791638,-0.029542755
0.99986076,0.0005115544,0,0.0035118998,48.46786014515467,778.2085114528412,4570,5300.8486,2.7520661,606.2696,0.27594334,6571.0483,3.3619168,0,,,,,48.46786014515467,0.00072596624,778.2085114528412,0.0007412084,-0.01832964,-0.029155696
0.99958557,0.000511488,0,0.003512031,48.469060629622284,778.2098605362579,4571,5299.2954,2.7517877,607.84906,0.27528635,6569.2397,3.3614805,0,,,,,48.469060629622284,0.00072625984,778.2098605362579,0.00074146147,-0.018448567,-0.02904169
1.0004462,0.00051160285,0,0.0035121618,48.46931844856648,778.2086201817917,4572,5303.5425,2.7522972,607.5736,0.2750789,6574.8955,3.362235,0,,,,,48.46931844856648,0.00072602654,778.2086201817917,0.0007412382,-0.018284056,-0.029337028
1.0004649,0.0005115828,0,0.0035122924,48.46935145248227,778.208848663643,4573,5303.904,2.752194,606.37115,0.27524766,6575.019,3.3621035,0,,,,,48.46935145248227,0.0007252458,778.208848663643,0.0007406538,-0.01848593,-0.029083971
1.0009061,0.00051164924,0,0.0035124228,48.46949076859909,778.212847055934,4574,5307.078,2.7526784,607.0592,0.27521682,6577.9185,3.3625402,0,,,,,48.46949076859909,0.0007252486,778.212847055934,0.0007400001,-0.018073345,-0.02877189
0.99953395,0.00051149086,0,0.0035125527,48.469595347175755,778.2097897569464,4575,5298.6226,2.7517343,606.7159,0.2750158,6568.9004,3.3614993,0,,,,,48.469595347175755,0.0007255017,778.2097897569464,0.000740661,-0.018392514,-0.029023767
0.9996046,0.00051151036,0,0.0035126824,48.469321258219615,778.2094326499944,4576,5299.719,2.7519617,607.30023,0.2751795,6569.3647,3.3616273,0,,,,,48.469321258219615,0.00072642154,778.2094326499944,0.0007415753,-0.01812304,-0.028919121
0.9996068,0.000511542,0,0.0035128118,48.468860977643985,778.210978589553,4577,5299.989,2.7519338,607.33466,0.27527636,6569.3794,3.3618355,0,,,,,48.468860977643985,0.0007262559,778.210978589553,0.000741347,-0.018095268,-0.028751835
1.0002122,0.00051154755,0,0.0035129408,48.469213570986184,778.2090976981071,4578,5302.1855,2.7522109,607.65283,0.27512342,6573.358,3.3618717,0,,,,,48.469213570986184,0.0007260795,778.2090976981071,0.00074133754,-0.01838124,-0.02912545
0.99947613,0.000511494,0,0.0035130696,48.4691356646502,778.2109640985576,4579,5299.494,2.751913,606.8883,0.2755577,6568.5205,3.3615198,0,,,,,48.4691356646502,0.0007254754,778.2109640985576,0.00074061577,-0.01808805,-0.02853093
0.9987523,0.0005114127,0,0.003513198,48.468691380507366,778.2096029827792,4580,5295.589,2.7513204,606.69073,0.2752353,6563.7637,3.3609855,0,,,,,48.468691380507366,0.00072612514,778.2096029827792,0.0007413128,-0.017946906,-0.02914879
0.99970853,0.00051149155,0,0.0035133262,48.47040065876038,778.2097284212848,4581,5300.154,2.751823,606.2954,0.2753871,6570.048,3.3615038,0,,,,,48.47040065876038,0.0007257667,778.2097284212848,0.000740864,-0.018365456,-0.029601008
0.9993569,0.0005114804,0,0.003513454,48.469668459211924,778.209346217854,4582,5299.519,2.7518516,607.0157,0.27514842,6567.7373,3.3614304,0,,,,,48.469668459211924,0.0007268617,778.209346217854,0.00074210647,-0.018192828,-0.028339138
1.0002168,0.00051156123,0,0.0035135816,48.468419904723476,778.2107039480127,4583,5304.393,2.7523255,607.0172,0.27513033,6573.3887,3.3619618,0,,,,,48.468419904723476,0.00072537136,778.2107039480127,0.0007404434,-0.017776249,-0.028366106
1.00019,0.0005115963,0,0.003513709,48.46978431546031,778.2105100641014,4584,5302.982,2.7522676,607.0635,0.27523237,6573.212,3.3621924,0,,,,,48.46978431546031,0.00072533573,778.2105100641014,0.00074041355,-0.018062258,-0.028674934
0.9999422,0.0005115195,0,0.0035138358,48.46929928778694,778.2105779752308,4585,5302.4473,2.7521572,607.32733,0.27501348,6571.5835,3.3616874,0,,,,,48.46929928778694,0.000725933,778.2105779752308,0.00074106065,-0.01780936,-0.028714564
1.0004268,0.0005115521,0,0.0035139625,48.46901294984872,778.2095551987816,4586,5304.782,2.7523346,607.0187,0.2751042,6574.768,3.3619015,0,,,,,48.46901294984872,0.0007251293,778.2095551987816,0.00074033113,-0.017665269,-0.028620034
0.999062,0.0005113731,8192,0.0035140887,48.468564022095606,778.2100809441914,4587,5296.7837,2.7515953,608.05786,0.27503645,6565.799,3.3607254,8192,,,,,48.468564022095606,0.0007266529,778.2100809441914,0.0007417599,-0.017750386,-0.028861994
0.99966943,0.0005114776,0,0.003514215,48.468888357311684,778.2113598966632,4588,5300.921,2.7519815,607.7151,0.2751701,6569.791,3.361412,0,,,,,48.468888357311684,0.0007258298,778.2113598966632,0.0007408284,-0.017807817,-0.028254382
1.0004863,0.00051155227,0,0.0035143406,48.47042816803575,778.2104439333768,4589,5304.975,2.7524357,607.8847,0.27509847,6575.159,3.3619027,0,,,,,48.47042816803575,0.00072559796,778.2104439333768,0.0007407298,-0.017540447,-0.028267752
0.9997146,0.0005114442,0,0.0035144659,48.4694238359086,778.2095530473574,4590,5300.387,2.7518432,608.1254,0.27480918,6570.088,3.3611922,0,,,,,48.4694238359086,0.00072594674,778.2095530473574,0.00074118964,-0.017630018,-0.028575772
0.99973184,0.00051153696,0,0.0035145911,48.46998653306817,778.2124987740006,4591,5301.104,2.7521164,607.4986,0.27512002,6570.201,3.361802,0,,,,,48.46998653306817,0.000725269,778.2124987740006,0.000740312,-0.017422153,-0.02824181
1.0007871,0.00051161094,0,0.003514716,48.468582619102655,778.2095818463935,4592,5306.1606,2.7525322,606.617,0.27514154,6577.136,3.3622885,0,,,,,48.468582619102655,0.0007250293,778.2095818463935,0.00074015866,-0.017613597,-0.028653255
1.0007578,0.000511654,0,0.0035148405,48.46932787857079,778.210713533277,4593,5306.3022,2.7526534,607.03406,0.27529946,6576.9434,3.3625715,0,,,,,48.46932787857079,0.00072514574,778.210713533277,0.000740187,-0.01760879,-0.028180271
0.99949145,0.0005114998,0,0.0035149646,48.469273492072155,778.2099022180416,4594,5300.4404,2.7520783,607.5444,0.2752565,6568.621,3.3615582,0,,,,,48.469273492072155,0.00072662573,778.2099022180416,0.00074170553,-0.01760319,-0.027975392
0.9999681,0.0005114713,0,0.0035150885,48.46959877890241,778.2117016038882,4595,5302.261,2.7523057,608.6799,0.27501476,6571.754,3.3613708,0,,,,,48.46959877890241,0.0007259031,778.2117016038882,0.0007408918,-0.017452078,-0.027596649
0.99894243,0.0005114543,0,0.003515212,48.46937139773238,778.2108599355515,4596,5297.27,2.751659,607.7295,0.27538353,6565.013,3.361259,0,,,,,48.46937139773238,0.00072598667,778.2108599355515,0.00074105157,-0.01736277,-0.027915115
1.0006862,0.0005116368,0,0.0035153355,48.46993519787732,778.2111875860485,4597,5307.0127,2.7527323,607.4132,0.27517745,6576.4727,3.3624582,0,,,,,48.46993519787732,0.00072585995,778.2111875860485,0.00074094307,-0.017363401,-0.027924113
0.9992189,0.00051150745,0,0.0035154584,48.47004932919415,778.2112010064179,4598,5298.914,2.7519128,607.95416,0.2752885,6566.83,3.361608,0,,,,,48.47004932919415,0.00072633213,778.2112010064179,0.0007414274,-0.017137393,-0.027919384
1.0019314,0.00051191,128,0.0035155811,48.469016201330675,778.2112969172665,4599,5314.11,2.7547355,607.13403,0.27519011,6584.6567,3.3642538,128,,,,,48.469016201330675,0.0007247034,778.2112969172665,0.000739796,-0.017369544,-0.027928626
1.0002059,0.0005115672,0,0.0035157034,48.469564318157516,778.2117897052995,4600,5305.4536,2.7524698,607.5164,0.27502275,6573.3164,3.3620012,0,,,,,48.469564318157516,0.00072590756,778.2117897052995,0.0007407838,-0.017063275,-0.027645228
0.9989036,0.0005113756,0,0.0035158256,48.47012827960117,778.2102473884141,4601,5298.015,2.7517183,607.71155,0.27541837,6564.758,3.3607419,0,,,,,48.47012827960117,0.00072570017,778.2102473884141,0.00074074295,-0.017077673,-0.027873207
0.9998221,0.0005114259,16,0.0035160687,48.47028755613884,778.2094142925077,4603,5301.94,2.7522383,607.55615,0.27532113,6570.794,3.3610723,16,,,,,48.47028755613884,0.0007252881,778.2094142925077,0.00074061187,-0.016725658,-0.028691297
0.99946856,0.0005113329,16,0.00351619,48.47002033718787,778.2118967681431,4604,5298.5894,2.7517195,607.80194,0.27511075,6568.4707,3.360461,16,,,,,48.47002033718787,0.00072616694,778.2118967681431,0.0007410865,-0.017052965,-0.026864195
0.99882215,0.0005114514,16,0.0035163108,48.47029948948127,778.2107827855659,4605,5297.7886,2.751649,607.3908,0.27498633,6564.2227,3.36124,16,,,,,48.47029948948127,0.0007260399,778.2107827855659,0.0007411721,-0.016531426,-0.027962537
1.000441,0.0005115744,16,0.0035164312,48.47144015436606,778.2102641114709,4606,5306.6772,2.7525554,606.7502,0.2752229,6574.8613,3.3620481,16,,,,,48.47144015436606,0.0007246499,778.2102641114709,0.0007396244,-0.01638536,-0.028708363
0.9993255,0.0005113335,16,0.0035165516,48.4703753785342,778.2102997304013,4607,5298.548,2.75174,607.7677,0.27527606,6567.531,3.3604653,16,,,,,48.4703753785342,0.000726418,778.2102997304013,0.0007416491,-0.016495531,-0.028070131
0.99881095,0.00051146734,16,0.0035166715,48.47016322372082,778.2113537508236,4608,5298.403,2.75174,607.1181,0.2751211,6564.149,3.3613448,16,,,,,48.47016322372082,0.0007261849,778.2113537508236,0.0007412572,-0.016928384,-0.027243247
1.0004594,0.00051152695,0,0.0035167912,48.47028895127588,778.2127500945287,4609,5306.367,2.7525477,607.2281,0.27534166,6574.983,3.3617363,0,,,,,48.47028895127588,0.0007247497,778.2127500945287,0.0007394544,-0.016697,-0.027513713
0.99931157,0.00051147066,0,0.0035169104,48.470100406192955,778.2112220075264,4610,5300.283,2.7518725,606.3311,0.275267,6567.439,3.3613663,0,,,,,48.470100406192955,0.00072588766,778.2112220075264,0.00074090343,-0.016495828,-0.02708606
1.0000104,0.0005115236,0,0.0035170296,48.46986557342055,778.2104202152841,4611,5304.212,2.752386,607.13605,0.27522185,6572.0317,3.3617144,0,,,,,48.46986557342055,0.00072605925,778.2104202152841,0.0007411566,-0.016402345,-0.027211186
0.9996923,0.00051150925,0,0.0035171483,48.46993374528427,778.2117758881482,4612,5302.372,2.7522025,606.9257,0.27503198,6569.9414,3.36162,0,,,,,48.46993374528427,0.00072620716,778.2117758881482,0.0007410079,-0.016563615,-0.02729775
0.9998556,0.00051155547,0,0.0035172666,48.47143690366377,778.2112065180836,4613,5303.606,2.752216,606.88855,0.27550483,6571.014,3.3619237,0,,,,,48.47143690366377,0.0007255743,778.2112065180836,0.00074059854,-0.016437186,-0.027138392
0.99905324,0.00051151984,8192,0.0035173846,48.47099540936151,778.2121335820505,4614,5300.0454,2.7518752,606.57513,0.27522397,6565.741,3.3616898,8192,,,,,48.47099540936151,0.0007256908,778.2121335820505,0.0007406229,-0.016296685,-0.027085315
0.99887615,0.00051145384,0,0.0035175025,48.47250638002802,778.2119707863936,4615,5298.592,2.7517388,606.73865,0.27548888,6564.5776,3.361256,0,,,,,48.47250638002802,0.00072642596,778.2119707863936,0.00074134517,-0.016488347,-0.027084926
0.9989089,0.0005114506,0,0.00351762,48.470066411695484,778.2120756869282,4616,5299.2266,2.75194,608.0292,0.2750226,6564.7925,3.3612344,0,,,,,48.470066411695484,0.00072666304,778.2120756869282,0.0007415806,-0.016303599,-0.026867837
0.99983877,0.00051153003,0,0.0035177374,48.469443410497114,778.2119395963732,4617,5304.571,2.7523904,607.22174,0.27518824,6570.904,3.3617568,0,,,,,48.469443410497114,0.0007254272,778.2119395963732,0.0007401486,-0.016224401,-0.026715375
1.0001578,0.000511579,0,0.0035178543,48.470314136212764,778.2111386076247,4618,5305.7544,2.7525182,607.0908,0.2754382,6573.0005,3.3620784,0,,,,,48.470314136212764,0.0007262787,778.2111386076247,0.00074110064,-0.016281517,-0.026793255
0.99881065,0.0005114192,0,0.0035179707,48.47112646889627,778.2116588452236,4619,5299.149,2.7519052,607.36786,0.27503437,6564.147,3.3610284,0,,,,,48.47112646889627,0.0007270376,778.2116588452236,0.00074198394,-0.016266214,-0.026699908
0.99979293,0.00051150913,0,0.003518087,48.47080996648636,778.2130622408612,4620,5304.8696,2.7524045,607.5984,0.27530426,6570.6025,3.3616195,0,,,,,48.47080996648636,0.0007254276,778.2130622408612,0.0007404041,-0.016076349,-0.026498051
0.9991887,0.0005115025,0,0.003518203,48.47077791758322,778.2113019784774,4621,5300.85,2.751943,607.352,0.27540562,6566.632,3.3615756,0,,,,,48.47077791758322,0.00072603347,778.2113019784774,0.0007410067,-0.016005075,-0.026915992
0.9990517,0.00051153987,0,0.0035183188,48.47006548734058,778.21175420507,4622,5300.973,2.7521718,606.90515,0.27513352,6565.731,3.3618214,0,,,,,48.47006548734058,0.00072720967,778.21175420507,0.0007421805,-0.016070858,-0.02666114
1.0004988,0.00051159103,0,0.003518434,48.470964655670784,778.2117519564529,4623,5309.045,2.7528927,607.4497,0.27531075,6575.241,3.3621576,0,,,,,48.470964655670784,0.00072494714,778.2117519564529,0.00073986925,-0.015942795,-0.026150605
0.9994771,0.00051150314,0,0.0035185493,48.471056728849106,778.2124329066736,4624,5302.5244,2.752266,607.5075,0.27513322,6568.527,3.36158,0,,,,,48.471056728849106,0.00072632555,778.2124329066736,0.00074118975,-0.015920248,-0.02644379
0.9989399,0.000511476,0,0.0035186638,48.471864462990084,778.2131721598067,4625,5300.2646,2.75178,605.81244,0.27500036,6564.996,3.3614016,0,,,,,48.471864462990084,0.0007248463,778.2131721598067,0.00073963765,-0.015904803,-0.02602467
0.999445,0.0005114979,0,0.0035187784,48.469106806699386,778.2125397823381,4626,5303.206,2.7522237,607.1968,0.2752893,6568.316,3.3615456,0,,,,,48.469106806699386,0.000726708,778.2125397823381,0.0007403964,-0.015787952,-0.02591199
0.99964696,0.0005115048,0,0.0035188925,48.47126753967044,778.2119458727257,4627,5303.3647,2.7522514,606.58246,0.27522692,6569.643,3.3615909,0,,,,,48.47126753967044,0.0007256985,778.2119458727257,0.00074061187,-0.015860077,-0.026389249
0.9995282,0.00051146664,0,0.0035190063,48.47058909924513,778.2115602345802,4628,5303.4004,2.7522345,606.99475,0.2752671,6568.863,3.36134,0,,,,,48.47058909924513,0.00072563783,778.2115602345802,0.0007405533,-0.015931156,-0.026426282
1.0012207,0.0005116982,0,0.00351912,48.46916723751325,778.2131136338327,4629,5312.1216,2.7532964,607.1002,0.27528295,6579.986,3.3628619,0,,,,,48.46916723751325,0.0007252378,778.2131136338327,0.0007395918,-0.01585496,-0.026381804
1.0000379,0.0005115264,0,0.003519233,48.47098935227705,778.2117974211432,4630,5305.3916,2.752281,605.9738,0.274986,6572.2124,3.361733,0,,,,,48.47098935227705,0.0007253212,778.2117974211432,0.0007402795,-0.015838103,-0.026213948
0.9993673,0.0005114738,0,0.003519346,48.47155921676164,778.2115241295776,4631,5302.4883,2.752135,606.2038,0.27511126,6567.805,3.3613873,0,,,,,48.47155921676164,0.0007259707,778.2115241295776,0.0007410156,-0.01583841,-0.026053727
0.99984217,0.0005115465,0,0.0035194587,48.47067445514588,778.2132109112381,4632,5304.769,2.7524247,606.93536,0.27529994,6570.9263,3.3618648,0,,,,,48.47067445514588,0.0007262846,778.2132109112381,0.00074102776,-0.015825476,-0.02625125
0.99986506,0.00051155296,0,0.0035195712,48.471591969668076,778.212091023794,4633,5304.67,2.7525318,607.2228,0.2751995,6571.0767,3.3619075,0,,,,,48.471591969668076,0.0007261334,778.212091023794,0.0007410668,-0.016040133,-0.026107833
1.0001179,0.00051152427,0,0.0035196831,48.470516530167345,778.2119962236648,4634,5306.72,2.7526386,606.506,0.27506164,6572.7383,3.3617187,0,,,,,48.470516530167345,0.00072567374,778.2119962236648,0.00074051385,-0.015836926,-0.02595118
0.9998756,0.0005115429,0,0.0035197947,48.47287388916405,778.212635570994,4635,5305.3486,2.7524512,606.3629,0.27508327,6571.146,3.3618412,0,,,,,48.47287388916405,0.0007258988,778.212635570994,0.00074072945,-0.01569216,-0.02584678
0.9994804,0.0005114901,0,0.0035199062,48.47176610229205,778.2112415621546,4636,5303.5566,2.7523165,606.5737,0.275388,6568.549,3.361494,0,,,,,48.47176610229205,0.00072620576,778.2112415621546,0.0007412973,-0.015685603,-0.025667533
0.99917567,0.00051142887,0,0.0035200173,48.4724142359329,778.2121735717105,4637,5302.092,2.7519786,606.37384,0.27512673,6566.546,3.3610919,0,,,,,48.4724142359329,0.0007260529,778.2121735717105,0.00074100855,-0.015729692,-0.025805324
0.9995885,0.00051145314,0,0.003520128,48.46996115371833,778.213036520438,4638,5303.816,2.752143,606.4612,0.27535608,6569.259,3.3612514,0,,,,,48.46996115371833,0.000725552,778.213036520438,0.0007404589,-0.015622747,-0.025647096
0.99950397,0.000511557,0,0.0035202387,48.471334861249034,778.2145348201822,4639,5304.004,2.7522492,605.6025,0.27535203,6568.7036,3.3619337,0,,,,,48.471334861249034,0.00072591135,778.2145348201822,0.0007403925,-0.015553443,-0.025224276
1.0003016,0.0005115977,0,0.0035203488,48.47198527182812,778.2125547327172,4640,5308.628,2.7527792,605.87933,0.27535197,6573.9453,3.3622017,0,,,,,48.47198527182812,0.0007254853,778.2125547327172,0.0007402139,-0.015733166,-0.025401382
1.0002611,0.000511613,0,0.0035204587,48.47319467326307,778.2124764182199,4641,5307.647,2.7526379,606.41296,0.27505898,6573.679,3.3623016,0,,,,,48.47319467326307,0.0007244599,778.2124764182199,0.0007392478,-0.015407953,-0.025375973
0.99963707,0.0005115313,0,0.0035205681,48.47068508189954,778.2131301186346,4642,5304.9077,2.7522044,605.84174,0.27504092,6569.578,3.3617651,0,,,,,48.47068508189954,0.0007260245,778.2131301186346,0.0007407353,-0.015544465,-0.02531665
0.9992075,0.0005114724,0,0.0035206776,48.47136624967478,778.2122649248257,4643,5302.725,2.752117,605.69934,0.2749132,6566.755,3.361378,0,,,,,48.47136624967478,0.00072588125,778.2122649248257,0.00074070704,-0.0155468695,-0.02520534
0.99953604,0.0005115294,0,0.0035207865,48.47215725574958,778.2131365111236,4644,5304.14,2.7520907,605.7997,0.2752633,6568.914,3.3617523,0,,,,,48.47215725574958,0.00072538824,778.2131365111236,0.000740062,-0.015626093,-0.025110576
1.0000135,0.0005115493,0,0.003520895,48.470308762699986,778.2131965728918,4645,5306.8237,2.7525563,606.1705,0.2750977,6572.0522,3.3618832,0,,,,,48.470308762699986,0.00072570384,778.2131965728918,0.00074042083,-0.01569981,-0.025352063
0.9991866,0.0005114051,0,0.0035210035,48.470007058536986,778.2121401271386,4646,5302.491,2.7521412,606.6785,0.2750979,6566.6177,3.3609357,0,,,,,48.470007058536986,0.0007256053,778.2121401271386,0.00074044993,-0.01583559,-0.025227237
0.9995189,0.00051154854,0,0.0035211116,48.46966406038753,778.2122982637457,4647,5303.5557,2.752147,606.2592,0.2751441,6568.8013,3.3618782,0,,,,,48.46966406038753,0.00072566327,778.2122982637457,0.00074053224,-0.015925718,-0.025448058
0.9996836,0.0005115303,0,0.0035212194,48.470555323044465,778.2135218101744,4648,5305.021,2.7522464,606.2556,0.27517813,6569.8843,3.3617585,0,,,,,48.470555323044465,0.00072593306,778.2135218101744,0.00074063556,-0.015688948,-0.0248112
0.999795,0.0005115738,0,0.0035213267,48.47071405354319,778.2119253877316,4649,5305.3755,2.7524989,606.2184,0.27527502,6570.616,3.3620443,0,,,,,48.47071405354319,0.0007261242,778.2119253877316,0.0007409013,-0.015691027,-0.024983525
0.9995888,0.00051153154,0,0.0035214338,48.47108025216588,778.2151435831372,4650,5303.2705,2.7521925,606.4812,0.2750123,6569.2607,3.3617666,0,,,,,48.47108025216588,0.00072616385,778.2151435831372,0.0007407282,-0.015932819,-0.025138728
0.99951446,0.00051153323,0,0.0035215407,48.4711006367705,778.2141440107669,4651,5304.38,2.7522795,606.1156,0.27515846,6568.7725,3.3617778,0,,,,,48.4711006367705,0.0007255897,778.2141440107669,0.0007401332,-0.0154432375,-0.024627902
0.9993055,0.00051159516,0,0.0035216473,48.47371058004604,778.2133080340635,4652,5302.8174,2.752598,610.35706,0.2750884,6567.399,3.3621845,0,,,,,48.47371058004604,0.00072595704,778.2133080340635,0.00074066466,-0.015631495,-0.024922257
0.99913687,0.0005113985,0,0.0035217535,48.47002381629778,778.2137174339383,4653,5301.692,2.7520163,605.80743,0.27522773,6566.291,3.360892,0,,,,,48.47002381629778,0.00072616595,778.2137174339383,0.00074074836,-0.015434078,-0.02489989
0.99968904,0.0005115818,0,0.0035218594,48.47276218348933,778.2138527151029,4654,5305.846,2.7524178,606.5338,0.2753938,6569.92,3.3620965,0,,,,,48.47276218348933,0.00072595954,778.2138527151029,0.0007405963,-0.015342739,-0.024370188
1.0004592,0.00051184726,128,0.003521965,48.47056562900724,778.213722418413,4655,5309.4927,2.7539513,606.0579,0.2753101,6574.9814,3.3638415,128,,,,,48.47056562900724,0.00072579324,778.213722418413,0.0007404233,-0.0155722,-0.024755148
0.9996678,0.00051154336,0,0.0035220704,48.47016803323953,778.2137106100668,4656,5305.3,2.7525175,606.5625,0.2750663,6569.7803,3.361844,0,,,,,48.47016803323953,0.00072618405,778.2137106100668,0.0007408453,-0.015366122,-0.024484457
1.0000191,0.00051160314,0,0.0035221754,48.47041003898675,778.2148863507261,4657,5307.7896,2.7526517,605.8126,0.27507344,6572.0884,3.3622372,0,,,,,48.47041003898675,0.0007262744,778.2148863507261,0.0007407542,-0.015175156,-0.024401227
0.99953157,0.0005114342,0,0.00352228,48.47022456987643,778.2139443469254,4658,5304.0977,2.7523255,605.9635,0.27529502,6568.885,3.3611271,0,,,,,48.47022456987643,0.0007264085,778.2139443469254,0.0007409483,-0.01549142,-0.024639564
0.9989535,0.00051145395,0,0.0035223844,48.47158863949195,778.2128498939252,4659,5301.8174,2.7520854,606.2702,0.27533233,6565.086,3.3612566,0,,,,,48.47158863949195,0.0007264261,778.2128498939252,0.0007412064,-0.01543553,-0.024336727
0.99908495,0.00051144435,0,0.0035224885,48.47138610432148,778.2122211294691,4660,5302.132,2.7520082,606.68866,0.2753452,6565.9497,3.3611934,0,,,,,48.47138610432148,0.0007264682,778.2122211294691,0.0007413621,-0.015316341,-0.024574053
0.99961823,0.00051151204,0,0.0035225921,48.469401044740714,778.2143283370835,4661,5304.4897,2.7523835,606.68005,0.27522072,6569.4546,3.3616383,0,,,,,48.469401044740714,0.00072621135,778.2143283370835,0.0007407356,-0.015229237,-0.024583912
0.99944425,0.0005114977,0,0.0035226957,48.47129769790883,778.2144723795094,4662,5304.3364,2.7521753,605.59436,0.27518398,6568.311,3.3615444,0,,,,,48.47129769790883,0.0007262588,778.2144723795094,0.00074077316,-0.015316278,-0.024103967
1.0016538,0.00051176053,0,0.003522799,48.47188814176801,778.2159565575856,4663,5316.236,2.7537167,606.08325,0.27540398,6582.832,3.3632715,0,,,,,48.47188814176801,0.00072510866,778.2159565575856,0.00073962874,-0.015333132,-0.024157956
0.999925,0.00051149155,0,0.0035229018,48.47218688467409,778.2134033090458,4664,5305.9487,2.7523832,605.6603,0.27497983,6571.4707,3.3615038,0,,,,,48.47218688467409,0.000725471,778.2134033090458,0.0007401332,-0.015573815,-0.024194725
0.99973536,0.00051149935,0,0.0035230042,48.47156834487231,778.2136603982544,4665,5305.844,2.7523966,606.5338,0.2748384,6570.224,3.3615549,0,,,,,48.47156834487231,0.0007262612,778.2136603982544,0.0007407661,-0.015660472,-0.023921741
0.99984634,0.00051160547,0,0.0035231065,48.47213726138475,778.2135721205989,4666,5306.6865,2.7525444,605.7228,0.2751218,6570.9536,3.3622525,0,,,,,48.47213726138475,0.00072615215,778.2135721205989,0.00074083224,-0.0155454865,-0.0240387
1.000437,0.000511628,0,0.0035232084,48.47131719634423,778.2142296545301,4667,5309.1636,2.7528863,606.2753,0.27515143,6574.8354,3.3624003,0,,,,,48.47131719634423,0.0007252622,778.2142296545301,0.00073980604,-0.01578338,-0.024476232
1.0003353,0.0005116412,0,0.0035233102,48.47060296809722,778.2156023063972,4668,5309.7124,2.7528377,606.12634,0.27526322,6574.167,3.3624873,0,,,,,48.47060296809722,0.0007255559,778.2156023063972,0.0007397835,-0.015603774,-0.023901308
0.9993565,0.000511547,0,0.0035234115,48.47197340157203,778.2137642383508,4669,5304.4595,2.7522633,606.4598,0.27504513,6567.7344,3.3618684,0,,,,,48.47197340157203,0.00072698976,778.2137642383508,0.0007416479,-0.0155535685,-0.023898693
0.99951994,0.0005115657,0,0.0035235125,48.471162013789474,778.2145660074275,4670,5304.697,2.752449,606.89703,0.2751877,6568.8086,3.3619912,0,,,,,48.471162013789474,0.0007261268,778.2145660074275,0.0007406878,-0.015701737,-0.024133101
1.0002896,0.0005115849,0,0.0035236133,48.473204448656944,778.2151853473084,4671,5308.9854,2.7528336,606.10547,0.27526167,6573.8667,3.3621175,0,,,,,48.473204448656944,0.0007254483,778.2151853473084,0.0007398494,-0.015466436,-0.024009414
1.0005051,0.00051163224,0,0.0035237137,48.47152078793581,778.2140665145462,4672,5310.1123,2.7530534,605.9836,0.27525634,6575.2827,3.3624282,0,,,,,48.47152078793581,0.0007254623,778.2140665145462,0.0007401497,-0.015432199,-0.024151618
0.9991009,0.00051153754,0,0.0035238138,48.47257122882939,778.2151235968391,4673,5301.847,2.7520504,606.6496,0.2748509,6566.0547,3.361806,0,,,,,48.47257122882939,0.0007255298,778.2151235968391,0.00073991314,-0.015424092,-0.02389595
1.0008743,0.0005116739,0,0.0035239134,48.47154847289536,778.2153586835881,4674,5312.043,2.7531931,606.4528,0.2755279,6577.7095,3.3627024,0,,,,,48.47154847289536,0.0007254798,778.2153586835881,0.00073993887,-0.015493951,-0.023820683
1.0001442,0.00051158044,0,0.003524013,48.47121353259218,778.213410887401,4675,5308.083,2.7527103,606.4307,0.27516845,6572.9116,3.3620877,0,,,,,48.47121353259218,0.0007260013,778.213410887401,0.00074064493,-0.015428287,-0.023747098
1.000187,0.0005116821,0,0.0035241123,48.472708416451006,778.2144470751623,4676,5308.4604,2.7527256,605.81866,0.27513254,6573.1924,3.3627563,0,,,,,48.472708416451006,0.0007253256,778.2144470751623,0.000740079,-0.015262663,-0.023679294
0.99920374,0.0005115756,0,0.0035242112,48.47217086000781,778.2135912339274,4677,5303.681,2.7523935,606.47363,0.27494568,6566.7305,3.362056,0,,,,,48.47217086000781,0.0007267264,778.2135912339274,0.00074141106,-0.015278888,-0.023403872
1.0003992,0.0005115612,0,0.0035243097,48.47144650114234,778.2146427428276,4678,5309.8716,2.7529993,606.0646,0.27522123,6574.587,3.3619611,0,,,,,48.47144650114234,0.0007255706,778.2146427428276,0.0007401534,-0.015324218,-0.023808144
0.99937344,0.00051151315,0,0.003524408,48.47059158049201,778.2151007139266,4679,5304.58,2.7523153,606.5578,0.2752528,6567.8457,3.3616457,0,,,,,48.47059158049201,0.000726275,778.2151007139266,0.0007407742,-0.015362233,-0.023462532
0.9997187,0.00051161856,0,0.003524506,48.47118618389141,778.2143532875298,4680,5306.818,2.7526686,607.0102,0.27502552,6570.1147,3.3623383,0,,,,,48.47118618389141,0.00072666525,778.2143532875298,0.00074117887,-0.015319682,-0.02356998
0.999214,0.0005115896,0,0.0035246036,48.47272297254517,778.2141764634041,4681,5303.5107,2.7523005,606.1272,0.2751212,6566.798,3.3621478,0,,,,,48.47272297254517,0.00072659383,778.2141764634041,0.0007412161,-0.01522784,-0.02374375
0.99967355,0.0005116018,0,0.0035247009,48.47227523267073,778.2155546710645,4682,5306.2085,2.7526271,605.9801,0.2751501,6569.818,3.3622284,0,,,,,48.47227523267073,0.00072646356,778.2155546710645,0.00074083335,-0.0151339695,-0.02366766
1.0007762,0.0005117647,0,0.003524798,48.47230034557325,778.2139956795744,4683,5312.662,2.7535238,606.7111,0.27524224,6577.064,3.363299,0,,,,,48.47230034557325,0.00072518084,778.2139956795744,0.0007397763,-0.015208553,-0.023472216
1.0002443,0.00051154755,0,0.0035248948,48.473145140318174,778.2142171680521,4684,5309.066,2.7528377,606.6215,0.2751378,6573.5684,3.3618717,0,,,,,48.473145140318174,0.00072562846,778.2142171680521,0.00074013,-0.01494829,-0.023611784
1.0006485,0.00051170366,0,0.0035249912,48.471297340893386,778.2144604685568,4685,5312.064,2.7531843,606.3726,0.2754069,6576.2256,3.3628976,0,,,,,48.471297340893386,0.0007251843,778.2144604685568,0.0007397751,-0.014742561,-0.023437934
1.0011964,0.0005117493,0,0.0035250874,48.47042556630133,778.2149749571165,4686,5314.9844,2.7533436,605.59796,0.27545893,6579.826,3.3631978,0,,,,,48.47042556630133,0.00072497904,778.2149749571165,0.0007394669,-0.014782881,-0.023205929
1.0001452,0.00051157287,0,0.0035251833,48.47100415751373,778.2154889395314,4687,5308.0654,2.7527564,607.0244,0.2750688,6572.9175,3.3620381,0,,,,,48.47100415751373,0.00072579813,778.2154889395314,0.0007401233,-0.014824838,-0.023668973
1.0005755,0.0005116867,0,0.0035252788,48.472038374786706,778.2160260291777,4688,5311.6343,2.7531295,606.16504,0.27483815,6575.7456,3.3627863,0,,,,,48.472038374786706,0.00072562177,778.2160260291777,0.0007399847,-0.014645486,-0.02298264
1.0000951,0.0005115693,0,0.003525374,48.473048156825854,778.215140208438,4689,5308.892,2.7527194,606.09357,0.2751595,6572.5884,3.3620148,0,,,,,48.473048156825854,0.0007258374,778.215140208438,0.0007403306,-0.014962763,-0.023395905
0.99980676,0.0005115668,0,0.0035254688,48.47285452298344,778.2147153531308,4690,5306.736,2.752529,606.7969,0.27499518,6570.6934,3.3619983,0,,,,,48.47285452298344,0.00072576717,778.2147153531308,0.0007401681,-0.014687515,-0.023446454
1.0002269,0.00051171647,0,0.0035255635,48.472009390631015,778.2164500903605,4691,5310.9233,2.753108,606.23615,0.27550584,6573.4546,3.3629818,0,,,,,48.472009390631015,0.0007251285,778.2164500903605,0.0007393984,-0.014371777,-0.023005642
0.9994245,0.0005115578,0,0.0035256578,48.470854132155836,778.2148940664495,4692,5305.928,2.7525847,606.1562,0.27497533,6568.181,3.3619392,0,,,,,48.470854132155836,0.000725714,778.2148940664495,0.000740203,-0.014649369,-0.023159405
1.000155,0.00051156373,0,0.0035257519,48.472666064186775,778.2145804467144,4693,5308.9546,2.7528505,606.19836,0.27521467,6572.982,3.361978,0,,,,,48.472666064186775,0.00072568137,778.2145804467144,0.00074010756,-0.014703949,-0.023520565
0.99966854,0.00051161065,0,0.0035258455,48.47278901987383,778.2149022102028,4694,5307.1147,2.7526698,606.4913,0.27535287,6569.785,3.3622863,0,,,,,48.47278901987383,0.0007263216,778.2149022102028,0.00074082287,-0.014726057,-0.023374412
1.0002699,0.0005116809,0,0.0035259388,48.471976114200295,778.2157182700537,4695,5310.195,2.7530973,607.4075,0.27501288,6573.7373,3.3627481,0,,,,,48.471976114200295,0.00072548224,778.2157182700537,0.0007399936,-0.014822023,-0.0233126
0.99960494,0.0005114894,0,0.003526032,48.471852170557895,778.2131745365076,4696,5305.781,2.752573,606.73517,0.27510768,6569.367,3.3614898,0,,,,,48.471852170557895,0.0007264079,778.2131745365076,0.0007411551,-0.0147132715,-0.023452595
0.9994979,0.00051150634,0,0.0035261246,48.47356184444934,778.2143773984903,4697,5306.36,2.752506,606.02625,0.2751935,6568.6636,3.3616009,0,,,,,48.47356184444934,0.0007266502,778.2143773984903,0.0007412444,-0.014407713,-0.023069357
0.9999978,0.0005116454,0,0.003526217,48.472935859767944,778.2147593657694,4698,5308.752,2.7528534,606.43713,0.27523988,6571.9487,3.362515,0,,,,,48.472935859767944,0.00072607864,778.2147593657694,0.0007406973,-0.014672175,-0.02291565
1.0005556,0.00051175687,0,0.0035263093,48.47229319455401,778.2149818559875,4699,5311.2573,2.7531562,606.58356,0.27519783,6575.615,3.3632474,0,,,,,48.47229319455401,0.00072536286,778.2149818559875,0.0007399385,-0.014460569,-0.023263551
1.0000197,0.0005116625,0,0.0035264012,48.47162587389689,778.2150184502193,4700,5308.8066,2.7528644,606.70105,0.2752279,6572.0923,3.3626273,0,,,,,48.47162587389689,0.0007253212,778.2150184502193,0.00073972065,-0.014484824,-0.023016578
1.0002142,0.00051161536,0,0.0035264927,48.471389889189005,778.2142330712547,4701,5309.892,2.7529724,606.2904,0.27545863,6573.3716,3.3623176,0,,,,,48.471389889189005,0.0007255395,778.2142330712547,0.00074000243,-0.014425285,-0.023294112
1.0001899,0.0005116447,0,0.003526584,48.471378096651605,778.2137482464249,4702,5309.8145,2.7529302,606.79364,0.27517322,6573.2114,3.3625102,0,,,,,48.471378096651605,0.00072544825,778.2137482464249,0.00074015494,-0.014207385,-0.02291791
1.0007392,0.0005116797,0,0.0035266748,48.47264977122086,778.2157975923699,4703,5313.3135,2.7531598,605.50934,0.2751818,6576.822,3.36274,0,,,,,48.47264977122086,0.0007248522,778.2157975923699,0.0007392646,-0.0140575655,-0.022969883
0.99975336,0.00051154377,0,0.0035267656,48.47473397326357,778.2164570137707,4704,5307.655,2.7526207,606.42926,0.27525294,6570.3423,3.361847,0,,,,,48.47473397326357,0.00072652195,778.2164570137707,0.0007408328,-0.01389279,-0.022818234
0.9993363,0.0005115851,0,0.0035268557,48.471704240462735,778.2157899548383,4705,5306.5103,2.7527177,605.80646,0.27519536,6567.6016,3.3621185,0,,,,,48.471704240462735,0.00072617235,778.2157899548383,0.0007403919,-0.013810213,-0.022266742
0.9999726,0.00051163725,0,0.0035269458,48.474152739864536,778.2157600437029,4706,5309.6665,2.752888,606.6337,0.27489436,6571.783,3.3624613,0,,,,,48.474152739864536,0.0007253546,778.2157600437029,0.00073967926,-0.013559378,-0.022380028
0.9991935,0.00051156874,0,0.0035270355,48.47348786298875,778.2156721010792,4707,5304.73,2.7524,606.5841,0.27516034,6566.663,3.3620112,0,,,,,48.47348786298875,0.0007265491,778.2156721010792,0.0007409313,-0.013948154,-0.02251743
0.99983174,0.00051161094,0,0.0035271249,48.472452985906344,778.2147613112224,4708,5308.4653,2.7527661,605.8698,0.275115,6570.8574,3.3622882,0,,,,,48.472452985906344,0.0007255962,778.2147613112224,0.0007401617,-0.013897015,-0.02266295
1.0003012,0.0005117256,0,0.003527214,48.47201420611579,778.2161735893991,4709,5311.8774,2.7531345,606.7902,0.27519652,6573.9434,3.3630419,0,,,,,48.47201420611579,0.00072568806,778.2161735893991,0.0007399162,-0.01377283,-0.02233068
1.0003904,0.00051168655,0,0.0035273028,48.473250076975845,778.2139077035647,4710,5311.2,2.7529633,606.2578,0.27522448,6574.529,3.362785,0,,,,,48.473250076975845,0.00072512234,778.2139077035647,0.0007397733,-0.013892612,-0.022459304
0.9994448,0.000511581,0,0.0035273912,48.47157875939438,778.215513223219,4711,5306.972,2.7525153,605.8317,0.2752051,6568.3145,3.3620918,0,,,,,48.47157875939438,0.00072626397,778.215513223219,0.0007406678,-0.013694758,-0.022215191
1.0005774,0.00051175145,0,0.0035274795,48.47160897826021,778.216241948671,4712,5312.997,2.7533243,605.8266,0.27502626,6575.7583,3.3632116,0,,,,,48.47160897826021,0.0007248921,778.216241948671,0.00073912606,-0.01366931,-0.021967854
1.0007011,0.00051167014,0,0.0035275675,48.47472206683197,778.2154581873981,4713,5312.4023,2.753185,606.0244,0.27512756,6576.571,3.3626773,0,,,,,48.47472206683197,0.0007242227,778.2154581873981,0.0007385955,-0.014003805,-0.022606634
0.9996182,0.00051163137,0,0.003527655,48.47284036000205,778.2156162189494,4714,5307.396,2.7527046,606.0798,0.27519357,6569.454,3.3624225,0,,,,,48.47284036000205,0.00072617887,778.2156162189494,0.0007405974,-0.013715523,-0.022516415
1.0002741,0.000511661,0,0.0035277423,48.4734716819435,778.2161162432436,4715,5311.321,2.7530596,606.55304,0.2748879,6573.7646,3.3626175,0,,,,,48.4734716819435,0.00072514015,778.2161162432436,0.0007395341,-0.013732541,-0.022176268
0.9999192,0.0005116024,0,0.0035278292,48.47371519123077,778.2147810731337,4716,5309.0757,2.752958,607.1537,0.27530256,6571.432,3.3622322,0,,,,,48.47371519123077,0.0007256627,778.2147810731337,0.000740121,-0.013200833,-0.022297643
0.99904156,0.0005115263,0,0.0035279158,48.47454523107446,778.2161941665049,4717,5305.2427,2.7525926,606.45325,0.27533314,6565.6646,3.361732,0,,,,,48.47454523107446,0.0007258834,778.2161941665049,0.0007402127,-0.013241837,-0.022368744
0.9999476,0.0005115678,0,0.0035280022,48.47334486558602,778.2158836389076,4718,5309.738,2.7529314,606.3921,0.27521813,6571.619,3.362005,0,,,,,48.47334486558602,0.0007266053,778.2158836389076,0.0007409714,-0.013103826,-0.022272822
1.0001011,0.00051165617,0,0.003528088,48.47344854641274,778.2149540882949,4719,5310.112,2.752976,606.8132,0.27525997,6572.628,3.3625855,0,,,,,48.47344854641274,0.0007254565,778.2149540882949,0.0007399594,-0.013126119,-0.022786455
1.0010486,0.0005117547,0,0.003528174,48.470557966082524,778.2176189479859,4720,5316.0503,2.7537262,606.88074,0.27538577,6578.8545,3.363233,0,,,,,48.470557966082524,0.0007246023,778.2176189479859,0.00073863746,-0.013124424,-0.022493029
1.0006089,0.0005117768,0,0.0035282595,48.472237425027934,778.2190457331742,4721,5313.3516,2.7532036,606.2861,0.2750184,6575.9653,3.363378,0,,,,,48.472237425027934,0.00072449696,778.2190457331742,0.0007385385,-0.013180523,-0.022327714
1.0005507,0.00051167293,0,0.0035283444,48.47194606891164,778.2166736803501,4722,5312.9067,2.7533367,605.8101,0.27510467,6575.5825,3.362696,0,,,,,48.47194606891164,0.0007248554,778.2166736803501,0.0007390729,-0.013241181,-0.022466306
1.0003511,0.00051177427,0,0.0035284292,48.47299993275484,778.2164192510603,4723,5312.6387,2.7533216,606.9825,0.27523077,6574.271,3.3633618,0,,,,,48.47299993275484,0.000725796,778.2164192510603,0.0007400259,-0.013104583,-0.02163573
0.99908817,0.0005116164,0,0.0035285137,48.47300492905346,778.2157284385576,4724,5305.517,2.7525036,606.09143,0.27534434,6565.9707,3.3623245,0,,,,,48.47300492905346,0.00072636816,778.2157284385576,0.00074076594,-0.012951142,-0.021759288
0.9999913,0.0005117245,0,0.003528598,48.474517300445555,778.2164855695056,4725,5310.063,2.7529716,606.437,0.27504408,6571.9062,3.3630347,0,,,,,48.474517300445555,0.0007261811,778.2164855695056,0.0007404295,-0.013175646,-0.021439506
1.0000464,0.00051174813,0,0.0035286818,48.47299676423883,778.2172518429974,4726,5310.892,2.753268,606.7151,0.27512684,6572.268,3.36319,0,,,,,48.47299676423883,0.00072540424,778.2172518429974,0.0007395463,-0.013204909,-0.021475673
1.0003519,0.0005117714,0,0.0035287654,48.473949555350885,778.2168520368515,4727,5311.839,2.7533479,607.0827,0.27517745,6574.2764,3.363343,0,,,,,48.473949555350885,0.00072605547,778.2168520368515,0.0007402581,-0.013217726,-0.021747828
1.0000777,0.00051162066,0,0.0035288488,48.47365801083291,778.2167939439148,4728,5311.4033,2.7530894,606.0163,0.27541438,6572.474,3.3623521,0,,,,,48.47365801083291,0.00072545314,778.2167939439148,0.00073963555,-0.012999269,-0.021252038
0.9994689,0.0005115831,0,0.0035289316,48.47235889159387,778.2169939711121,4729,5308.288,2.752916,606.79846,0.2751416,6568.473,3.3621056,0,,,,,48.47235889159387,0.00072616944,778.2169939711121,0.00074030773,-0.012921251,-0.021090405
1.0000768,0.0005116667,0,0.0035290143,48.47255494634543,778.2172335930159,4730,5311.0396,2.7531319,606.7036,0.27529818,6572.4683,3.3626547,0,,,,,48.47255494634543,0.00072593585,778.2172335930159,0.0007400918,-0.012810315,-0.02109273
1.0005057,0.00051175884,0,0.0035290967,48.47304896896421,778.217341338671,4731,5313.3354,2.7532892,607.09973,0.27487355,6575.287,3.3632603,0,,,,,48.47304896896421,0.0007253113,778.217341338671,0.00073940883,-0.013071619,-0.021398943
0.9995895,0.00051173114,0,0.0035291787,48.47305847755333,778.2172403193811,4732,5309.1875,2.7529597,607.0329,0.27526397,6569.2656,3.3630784,0,,,,,48.47305847755333,0.0007256752,778.2172403193811,0.00073985156,-0.01286946,-0.021000199
0.99993044,0.0005116242,0,0.0035292606,48.47402547711105,778.2189913466075,4733,5310.2905,2.7530768,606.86237,0.27532822,6571.5063,3.3623755,0,,,,,48.47402547711105,0.00072590116,778.2189913466075,0.0007399795,-0.012970886,-0.021008939
0.999169,0.00051161065,8192,0.003529342,48.47396430726526,778.2175056308554,4734,5306.4434,2.7527475,607.6669,0.2750497,6566.502,3.3622866,8192,,,,,48.47396430726526,0.00072721095,778.2175056308554,0.0007413162,-0.012873895,-0.021178378
1.0000384,0.00051174226,0,0.0035294231,48.473230038176524,778.2168911805177,4735,5311.5303,2.7532382,606.827,0.27507913,6572.216,3.3631516,0,,,,,48.473230038176524,0.0007255825,778.2168911805177,0.00073969585,-0.01296315,-0.021252148
0.99962425,0.0005116445,0,0.003529504,48.47406444598923,778.2174259461694,4736,5309.003,2.7530003,607.1076,0.2752703,6569.494,3.362509,0,,,,,48.47406444598923,0.0007264332,778.2174259461694,0.00074053864,-0.012585257,-0.021145696
1.0002583,0.00051169656,0,0.0035295845,48.473392442925096,778.2165962565659,4737,5312.621,2.7533407,606.53503,0.27510098,6573.661,3.362851,0,,,,,48.473392442925096,0.0007266819,778.2165962565659,0.0007410187,-0.012553875,-0.021200802
1.0007548,0.0005118811,128,0.0035296646,48.47380507687461,778.216843274509,4738,5315.2275,2.7542229,606.60474,0.27527893,6576.924,3.3640637,128,,,,,48.47380507687461,0.0007258283,778.216843274509,0.00074004155,-0.012768103,-0.021144485
0.9999704,0.0005116234,0,0.0035297445,48.47377651835709,778.2167541917106,4739,5310.565,2.7530658,607.15967,0.27509323,6571.7686,3.3623703,0,,,,,48.47377651835709,0.00072565995,778.2167541917106,0.0007397204,-0.012589913,-0.020989688
1.0007335,0.0005117702,0,0.003529824,48.474633563639316,778.2172886060151,4740,5315.285,2.753471,606.58453,0.2751103,6576.784,3.3633351,0,,,,,48.474633563639316,0.00072526006,778.2172886060151,0.0007394674,-0.012568893,-0.020992957
0.9997987,0.0005116824,0,0.0035299035,48.47445179075428,778.2166580964572,4741,5309.9136,2.7530677,606.92096,0.27514088,6570.6406,3.362758,0,,,,,48.47445179075428,0.00072640006,778.2166580964572,0.00074060855,-0.012528703,-0.020903429
1.0009844,0.0005118534,0,0.0035299824,48.47366815978974,778.2169162562362,4742,5315.547,2.753561,607.0615,0.2752865,6578.433,3.3638816,0,,,,,48.47366815978974,0.0007252701,778.2169162562362,0.0007393899,-0.01263183,-0.0211611
1.0005864,0.00051176915,0,0.003530061,48.47397202366973,778.2170742676116,4743,5314.8345,2.7535365,606.60077,0.2752904,6575.8174,3.363328,0,,,,,48.47397202366973,0.0007251407,778.2170742676116,0.00073908083,-0.012474528,-0.020847866
1.0014514,0.00051184214,0,0.0035301396,48.47277481004992,778.2169311200162,4744,5319.0825,2.7540004,605.82135,0.27526164,6581.502,3.363808,0,,,,,48.47277481004992,0.00072474015,778.2169311200162,0.0007388582,-0.012513005,-0.020678222
1.000646,0.00051179185,0,0.0035302176,48.47458718257793,778.215775380918,4745,5315.1323,2.7536666,607.3019,0.275256,6576.209,3.3634772,0,,,,,48.47458718257793,0.000725487,778.215775380918,0.00073978223,-0.01213674,-0.020595731
1.000217,0.0005117413,0,0.0035302953,48.47624399484982,778.2186829332911,4746,5313.576,2.7534833,606.7574,0.27528867,6573.389,3.3631454,0,,,,,48.47624399484982,0.00072537176,778.2186829332911,0.0007394159,-0.0123550715,-0.020215726
1.0010465,0.0005118221,0,0.0035303729,48.474088621437076,778.2179212218451,4747,5317.4346,2.7537782,606.03766,0.2754582,6578.841,3.363676,0,,,,,48.474088621437076,0.00072537904,778.2179212218451,0.0007394742,-0.012178752,-0.020448687
1.0005895,0.00051161944,16,0.0035305268,48.4742983876221,778.2182736846592,4749,5310.995,2.7530532,606.3284,0.2751008,6575.8374,3.3623443,16,,,,,48.4742983876221,0.0007256023,778.2182736846592,0.00073961704,-0.012077853,-0.020119267
0.9997296,0.0005116069,16,0.0035306034,48.47485247844115,778.2176247975933,4750,5309.376,2.7527835,606.3936,0.27518022,6570.186,3.3622618,16,,,,,48.47485247844115,0.000726309,778.2176247975933,0.00074058824,-0.011893231,-0.020787459
0.9988842,0.00051154237,16,0.0035306795,48.47445298719768,778.215771270488,4751,5304.62,2.7525182,606.15814,0.2753944,6564.6304,3.3618379,16,,,,,48.47445298719768,0.00072649936,778.215771270488,0.00074087986,-0.011695535,-0.021559509
1.000598,0.0005117396,16,0.0035307554,48.473383531104005,778.2165468809044,4752,5313.4204,2.7534115,606.2703,0.27548692,6575.893,3.363134,16,,,,,48.473383531104005,0.00072617317,778.2165468809044,0.0007403753,-0.012099942,-0.020464087
1.0003456,0.00051176356,0,0.003530831,48.47514951178723,778.2175628975166,4753,5313.1616,2.7533674,606.7526,0.27499682,6574.2344,3.3632915,0,,,,,48.47514951178723,0.0007253195,778.2175628975166,0.0007395766,-0.012155536,-0.020633632
1.0001317,0.0005116814,8192,0.0035309063,48.47456029559412,778.2185297506244,4754,5312.3457,2.7531805,606.1533,0.2751467,6572.829,3.3627515,8192,,,,,48.47456029559412,0.0007252548,778.2185297506244,0.00073929044,-0.011854781,-0.020226747
1.000027,0.0005117526,0,0.0035309813,48.47437458223247,778.2177422110578,4755,5312.2915,2.7532492,606.64526,0.27515563,6572.14,3.3632195,0,,,,,48.47437458223247,0.0007260862,778.2177422110578,0.00074027927,-0.011718558,-0.020246224
1.0003097,0.00051174365,0,0.003531056,48.476013079660056,778.21963392161,4756,5313.152,2.7533252,606.274,0.27516896,6573.999,3.3631606,0,,,,,48.476013079660056,0.0007253623,778.21963392161,0.00073931145,-0.011944653,-0.020087747
1.0008138,0.00051176146,0,0.0035311305,48.4734155758199,778.2186394120282,4757,5316.7676,2.7537136,607.0359,0.2752143,6577.312,3.3632774,0,,,,,48.4734155758199,0.0007250144,778.2186394120282,0.00073851953,-0.011723984,-0.02019813
0.99989444,0.00051173894,0,0.0035312045,48.475801751048365,778.217310757658,4758,5312.0044,2.7533076,605.61755,0.27543685,6571.2695,3.3631294,0,,,,,48.475801751048365,0.0007253675,778.217310757658,0.0007395251,-0.011686671,-0.020041732
0.99962604,0.00051172095,0,0.0035312783,48.474968739021335,778.2165571003243,4759,5309.7188,2.753036,606.74335,0.2753435,6569.506,3.3630114,0,,,,,48.474968739021335,0.000725319,778.2165571003243,0.0007395507,-0.011827144,-0.020294383
0.99959904,0.0005116899,0,0.0035313517,48.47559312264804,778.2180952654453,4760,5310.2925,2.7530196,605.92694,0.27512527,6569.328,3.3628075,0,,,,,48.47559312264804,0.0007252782,778.2180952654453,0.0007391633,-0.011534625,-0.01970618
0.99971396,0.00051169196,0,0.0035314248,48.47397097415057,778.2191633911971,4761,5311.1914,2.7531767,606.28894,0.27513304,6570.0835,3.3628209,0,,,,,48.47397097415057,0.0007257699,778.2191633911971,0.00073964364,-0.011701193,-0.019590061
1.0001925,0.00051176705,0,0.0035314977,48.4757019195122,778.2159438758858,4762,5313.034,2.753325,607.1253,0.27513376,6573.2285,3.3633144,0,,,,,48.4757019195122,0.0007256333,778.2159438758858,0.00073987467,-0.0114172725,-0.019786771
0.99955994,0.0005117342,0,0.0035315703,48.47384289909674,778.2184193022084,4763,5309.854,2.7530625,606.8952,0.27496698,6569.0713,3.3630986,0,,,,,48.47384289909674,0.0007259028,778.2184193022084,0.0007397589,-0.01127251,-0.019949881
0.9999981,0.0005117272,0,0.0035316425,48.4752788353058,778.2177632477715,4764,5312.8467,2.7534935,606.42737,0.27538198,6571.9507,3.3630521,0,,,,,48.4752788353058,0.0007268924,778.2177632477715,0.00074113137,-0.011189833,-0.019507678
1.0013863,0.0005118625,0,0.0035317144,48.47508467510973,778.2186984525266,4765,5319.259,2.7540262,607.213,0.2750802,6581.074,3.3639417,0,,,,,48.47508467510973,0.0007257036,778.2186984525266,0.00073966134,-0.011352848,-0.019593962
1.0010004,0.00051184907,0,0.0035317861,48.47532446504014,778.2184636900162,4766,5318.129,2.753905,605.70483,0.27531934,6578.538,3.3638535,0,,,,,48.47532446504014,0.00072546426,778.2184636900162,0.0007395557,-0.011374228,-0.01917358
1.0003781,0.0005117821,0,0.0035318574,48.4755401521303,778.2186775310109,4767,5315.0664,2.7535098,605.9263,0.27538332,6574.4487,3.3634133,0,,,,,48.4755401521303,0.00072615396,778.2186775310109,0.00074006617,-0.011120636,-0.018938042
1.0004219,0.0005117781,8192,0.0035319284,48.47599530369596,778.2177034321751,4768,5314.891,2.7536619,607.19305,0.2751713,6574.736,3.3633869,8192,,,,,48.47599530369596,0.00072575046,778.2177034321751,0.0007398959,-0.011070019,-0.018940208
1.0007231,0.00051180663,0,0.003531999,48.47635245766337,778.2214779016642,4769,5316.8643,2.7537735,606.21497,0.27504823,6576.716,3.3635745,0,,,,,48.47635245766337,0.0007245608,778.2214779016642,0.00073801586,-0.0113178445,-0.018643582
1.0002431,0.00051178696,0,0.0035320695,48.47583332260451,778.2200083938976,4770,5314.121,2.753583,606.32074,0.27524292,6573.561,3.3634453,0,,,,,48.47583332260451,0.0007256888,778.2200083938976,0.00073945895,-0.011350627,-0.018730702
0.99992085,0.00051175,0,0.0035321396,48.47524133992164,778.217888082583,4771,5312.3145,2.7532144,606.8449,0.27511287,6571.4434,3.3632023,0,,,,,48.47524133992164,0.00072583463,778.217888082583,0.0007398643,-0.011137879,-0.018832559
1.0001622,0.0005116846,0,0.0035322092,48.476250781349414,778.2204321891046,4772,5314.1123,2.7534473,606.4695,0.2752373,6573.03,3.3627722,0,,,,,48.476250781349414,0.0007253063,778.2204321891046,0.00073912,-0.010972708,-0.018633831
1.0003937,0.0005117603,0,0.0035322788,48.47497447546881,778.2181916069901,4773,5315.345,2.753561,606.7595,0.27525842,6574.5513,3.36327,0,,,,,48.47497447546881,0.0007255328,778.2181916069901,0.00073968206,-0.010776307,-0.018913273
1.0006515,0.0005117888,0,0.003532348,48.47502132133541,778.219379196966,4774,5316.5713,2.753677,606.4014,0.2749306,6576.245,3.3634572,0,,,,,48.47502132133541,0.0007255823,778.219379196966,0.0007393486,-0.0108672585,-0.01849288
1.0001006,0.00051177817,0,0.003532417,48.4764225926228,778.2203271702831,4775,5314.154,2.753363,605.73926,0.27517104,6572.6245,3.3633873,0,,,,,48.4764225926228,0.0007262842,778.2203271702831,0.0007401465,-0.011089716,-0.018641474
1.0003016,0.0005118147,0,0.0035324853,48.47513354698983,778.2191031074772,4776,5314.8345,2.7536888,607.0195,0.27488288,6573.9453,3.3636274,0,,,,,48.47513354698983,0.0007258311,778.2191031074772,0.00073977327,-0.011218889,-0.018731136
1.0006182,0.00051177986,0,0.0035325536,48.475112424935126,778.2196622869265,4777,5316.676,2.7536712,606.1483,0.275263,6576.0264,3.3633983,0,,,,,48.475112424935126,0.0007247133,778.2196622869265,0.00073850073,-0.010997572,-0.018747786
1.0004901,0.00051185035,0,0.0035326215,48.47547225321133,778.218928228721,4778,5316.6714,2.75393,607.3128,0.27524555,6575.184,3.3638618,0,,,,,48.47547225321133,0.0007258772,778.218928228721,0.000739743,-0.010938612,-0.018450702
1.0005493,0.0005118075,0,0.003532689,48.47481866314718,778.2200211400327,4779,5316.188,2.7536464,606.3323,0.2750919,6575.573,3.3635802,0,,,,,48.47481866314718,0.0007254444,778.2200211400327,0.0007392406,-0.01103874,-0.018410644
1.0000275,0.00051175593,0,0.0035327566,48.47547326486748,778.2192696528531,4780,5313.9077,2.75351,606.14923,0.27504447,6572.1445,3.3632412,0,,,,,48.47547326486748,0.00072628574,778.2192696528531,0.0007402444,-0.010985215,-0.017958269
1.000311,0.00051183,0,0.0035328234,48.475330435346066,778.2181054046379,4781,5315.184,2.7535903,605.69104,0.27517787,6574.0073,3.3637278,0,,,,,48.475330435346066,0.000725118,778.2181054046379,0.0007391148,-0.011056424,-0.01839629
1.0001466,0.0005117535,0,0.0035328902,48.47638212838558,778.2185588616496,4782,5313.397,2.7533758,606.2826,0.27516988,6572.927,3.3632252,0,,,,,48.47638212838558,0.0007260583,778.2185588616496,0.0007400035,-0.011036055,-0.018414065
1.0009457,0.00051186426,0,0.0035329566,48.476624427321376,778.2193230523939,4783,5318.327,2.7540908,607.4765,0.274972,6578.178,3.363953,0,,,,,48.476624427321376,0.00072553166,778.2193230523939,0.00073942554,-0.011106072,-0.018213337
1.0009718,0.00051190256,0,0.0035330227,48.47546708528132,778.2199053828542,4784,5318.665,2.7540479,606.35254,0.2755687,6578.35,3.364205,0,,,,,48.47546708528132,0.00072545453,778.2199053828542,0.0007391967,-0.010768724,-0.01804031
1.0010266,0.00051185023,0,0.0035330884,48.474693809962396,778.2206036525158,4785,5317.7446,2.7540174,607.023,0.27518037,6578.7104,3.363861,0,,,,,48.474693809962396,0.000725557,778.2206036525158,0.000739382,-0.01097204,-0.01861037
1.0009722,0.0005118785,0,0.003533154,48.47556194624167,778.2219811603263,4786,5318.6865,2.7538497,606.5511,0.27534965,6578.3525,3.3640468,0,,,,,48.47556194624167,0.00072518503,778.2219811603263,0.00073872326,-0.010796687,-0.018037485
0.999975,0.00051170145,0,0.0035332192,48.47494680304008,778.2190432705709,4787,5313.45,2.7533143,606.7022,0.27530494,6571.7993,3.3628833,0,,,,,48.47494680304008,0.00072553696,778.2190432705709,0.00073941157,-0.011155667,-0.01814238
1.0004746,0.0005117665,0,0.003533284,48.47493022180146,778.2200081301252,4788,5315.5615,2.7536612,607.51495,0.27539468,6575.0825,3.3633108,0,,,,,48.47493022180146,0.00072563847,778.2200081301252,0.00073947205,-0.011064605,-0.018253563
1.0006512,0.00051182066,0,0.0035333484,48.47509098421305,778.2208429481991,4789,5317.052,2.7537637,605.9326,0.27527994,6576.243,3.3636665,0,,,,,48.47509098421305,0.00072515605,778.2208429481991,0.0007388372,-0.010936282,-0.018038003
0.9995311,0.00051177747,0,0.0035334127,48.47609639650406,778.2185608565441,4790,5310.8247,2.7532601,606.2046,0.2752642,6568.882,3.3633828,0,,,,,48.47609639650406,0.0007269591,778.2185608565441,0.00074106373,-0.011209098,-0.018475799
1.0005819,0.00051173836,0,0.0035334767,48.475399903915104,778.2199445823844,4791,5315.895,2.7538023,606.4097,0.27519193,6575.7876,3.3631258,0,,,,,48.475399903915104,0.00072572473,778.2199445823844,0.0007394536,-0.010891026,-0.018123005
1.0002626,0.00051176356,0,0.0035335403,48.474654453903085,778.2204078364114,4792,5315.0894,2.7535777,606.7145,0.27521402,6573.689,3.3632913,0,,,,,48.474654453903085,0.0007261095,778.2204078364114,0.0007398985,-0.010887724,-0.017645344
1.0004458,0.0005117766,0,0.0035336036,48.47429761177212,778.2199564099185,4793,5316.181,2.7536669,606.6267,0.27523518,6574.893,3.363377,0,,,,,48.47429761177212,0.000725195,778.2199564099185,0.0007388801,-0.010899144,-0.017678352
1.0004132,0.00051175966,0,0.0035336667,48.47606157647351,778.2210618904725,4794,5315.693,2.7536821,606.5931,0.27535367,6574.6787,3.3632658,0,,,,,48.47606157647351,0.0007251872,778.2210618904725,0.0007388563,-0.01095936,-0.017676279
1.0005983,0.0005118439,0,0.0035337294,48.47559926845621,778.2199057125551,4795,5317.127,2.7537708,606.1539,0.27505592,6575.8955,3.3638194,0,,,,,48.47559926845621,0.00072518067,778.2199057125551,0.00073893013,-0.010998332,-0.017516842
1.0004622,0.0005118431,0,0.0035337918,48.47499480584205,778.2194016621797,4796,5316.351,2.753822,607.2277,0.2752929,6575.0005,3.3638144,0,,,,,48.47499480584205,0.0007252642,778.2194016621797,0.0007391215,-0.010905078,-0.017668676
1.0004438,0.00051184336,0,0.003533854,48.47514683155205,778.2195190849263,4797,5316.254,2.7537637,606.67444,0.275492,6574.88,3.3638158,0,,,,,48.47514683155205,0.00072528364,778.2195190849263,0.00073902856,-0.0111146765,-0.01773501
1.001176,0.0005118901,0,0.0035339156,48.47504761079588,778.2205677354846,4798,5320.6343,2.7543533,606.60535,0.27538,6579.692,3.3641229,0,,,,,48.47504761079588,0.000725449,778.2205677354846,0.0007390409,-0.010929507,-0.017714577
0.9992467,0.00051169394,0,0.003533977,48.47379165296397,778.2196611160684,4799,5309.6904,2.752978,605.78864,0.27535936,6567.0127,3.3628337,0,,,,,48.47379165296397,0.0007270944,778.2196611160684,0.000740954,-0.011364754,-0.017757416
0.9997089,0.0005117025,0,0.0035340383,48.475373451199204,778.2195884553197,4800,5311.669,2.7532208,606.4506,0.27544174,6570.0503,3.36289,0,,,,,48.475373451199204,0.0007266893,778.2195884553197,0.0007406371,-0.011487893,-0.017870437
1.0010585,0.0005118379,0,0.0035340993,48.476167070016125,778.2212695701621,4801,5319.4893,2.7539654,606.4717,0.2751819,6578.92,3.36378,0,,,,,48.476167070016125,0.00072562584,778.2212695701621,0.00073933584,-0.011157196,-0.017463883
1.0007843,0.00051185035,0,0.0035341599,48.47652893965244,778.2202289132985,4802,5317.007,2.7538123,606.69855,0.2752366,6577.1177,3.3638616,0,,,,,48.47652893965244,0.00072585884,778.2202289132985,0.00073964667,-0.011305734,-0.017622706
1.0012844,0.0005118885,0,0.00353422,48.475909418041226,778.222201729861,4803,5320.518,2.7541072,607.2283,0.27516046,6580.4043,3.3641124,0,,,,,48.475909418041226,0.00072589697,778.222201729861,0.00073945354,-0.010841221,-0.017024945
1.0006143,0.0005117695,0,0.00353428,48.47457359722468,778.2210431552749,4804,5317.028,2.753839,607.28534,0.2752735,6576.0005,3.3633304,0,,,,,48.47457359722468,0.0007261001,778.2210431552749,0.0007397588,-0.010916963,-0.017046547
1.0002958,0.00051173364,0,0.0035343396,48.474460148762475,778.2217416636839,4805,5314.193,2.753488,607.5201,0.27509412,6573.907,3.3630946,0,,,,,48.474460148762475,0.0007258668,778.2217416636839,0.00073925854,-0.011116949,-0.017247284
1.0013433,0.00051188306,0,0.003534399,48.475103150921605,778.2216953473112,4806,5321.356,2.7542233,606.2477,0.27540135,6580.7915,3.3640769,0,,,,,48.475103150921605,0.0007250551,778.2216953473112,0.0007385997,-0.010648527,-0.016778026
0.9998641,0.00051180605,0,0.0035344579,48.47576308579146,778.2205029116005,4807,5313.4673,2.7534947,607.0012,0.27515706,6571.0703,3.3635705,0,,,,,48.47576308579146,0.0007261457,778.2205029116005,0.00073982874,-0.010768746,-0.016702844
1.0011503,0.0005118195,0,0.0035345166,48.47588687889891,778.22120437811,4808,5319.7695,2.7541728,607.45996,0.27501202,6579.5225,3.363659,0,,,,,48.47588687889891,0.00072542246,778.22120437811,0.0007389633,-0.010844392,-0.016884519
1.0010781,0.00051186286,0,0.003534575,48.47607221189392,778.2209635922991,4809,5319.787,2.7541618,607.14703,0.27524912,6579.049,3.363944,0,,,,,48.47607221189392,0.0007254926,778.2209635922991,0.00073905365,-0.010897704,-0.016674515
1.0005968,0.0005118567,0,0.0035346332,48.47660003589421,778.2213381746265,4810,5317.766,2.7539554,607.61774,0.2752799,6575.8853,3.3639035,0,,,,,48.47660003589421,0.00072502915,778.2213381746265,0.00073868345,-0.010769762,-0.016864585
1.0011406,0.00051191193,0,0.003534691,48.475538007201095,778.2213564944059,4811,5319.614,2.7541518,607.02124,0.2753393,6579.4595,3.3642666,0,,,,,48.475538007201095,0.0007252999,778.2213564944059,0.0007389563,-0.010830805,-0.016955327
1.0005645,0.00051182834,0,0.0035347485,48.475916734458735,778.2215527999892,4812,5317.136,2.7539814,607.4457,0.2753795,6575.673,3.3637173,0,,,,,48.475916734458735,0.0007255205,778.2215527999892,0.00073901436,-0.01101648,-0.017023657
1.0005282,0.00051181053,0,0.0035348057,48.47582646988303,778.2216851415974,4813,5316.7363,2.753816,606.62476,0.2751917,6575.435,3.3636,0,,,,,48.47582646988303,0.0007257349,778.2216851415974,0.00073923427,-0.010767737,-0.016645009
1.0003626,0.000511711,0,0.0035348625,48.476724203345924,778.2211355382254,4814,5314.8086,2.7536113,607.1952,0.2748784,6574.3467,3.362946,0,,,,,48.476724203345924,0.00072623923,778.2211355382254,0.00073976256,-0.010870295,-0.016733183
1.0007491,0.00051184004,0,0.0035349191,48.47726276226861,778.2206511346951,4815,5317.2246,2.7539492,607.38763,0.27541915,6576.8867,3.363794,0,,,,,48.47726276226861,0.00072609884,778.2206511346951,0.0007398103,-0.010689144,-0.016903048
1.0012115,0.0005118899,0,0.0035349752,48.475301537534826,778.2230340831198,4816,5320.0054,2.7541635,606.84875,0.2751611,6579.926,3.3641217,0,,,,,48.475301537534826,0.00072486565,778.2230340831198,0.00073817116,-0.010542643,-0.016150711
1.0002904,0.0005118689,0,0.0035350313,48.47591188247027,778.2208150508335,4817,5314.8516,2.7539294,608.09644,0.27516133,6573.8716,3.3639836,0,,,,,48.47591188247027,0.0007266568,778.2208150508335,0.00074035797,-0.010601027,-0.016512569
1.000094,0.000511778,0,0.0035350868,48.476067146823546,778.2202075289918,4818,5314.591,2.7537434,606.87823,0.27519658,6572.5815,3.3633864,0,,,,,48.476067146823546,0.00072630943,778.2202075289918,0.0007400537,-0.010614639,-0.016204234
1.0016423,0.0005119006,0,0.0035351422,48.475535196279374,778.221038517668,4819,5322.8296,2.7544918,607.4329,0.27539068,6582.757,3.364192,0,,,,,48.475535196279374,0.0007254788,778.221038517668,0.00073902693,-0.010446558,-0.01664627
1.0009878,0.0005118961,0,0.0035351971,48.47726053717516,778.2220698260037,4820,5319.3003,2.754408,608.43195,0.27530518,6578.455,3.3641624,0,,,,,48.47726053717516,0.00072599814,778.2220698260037,0.0007395536,-0.010410318,-0.016203754
1.0002929,0.0005118385,0,0.0035352518,48.47646413370671,778.2205634372162,4821,5315.667,2.753836,607.5593,0.27509892,6573.8887,3.3637836,0,,,,,48.47646413370671,0.00072626583,778.2205634372162,0.0007399863,-0.010329511,-0.015925625
0.99985975,0.00051176874,0,0.0035353063,48.47735979497534,778.2210718714427,4822,5313.2134,2.7534208,607.12683,0.2753281,6571.0415,3.3633256,0,,,,,48.47735979497534,0.0007270848,778.2210718714427,0.00074079505,-0.010382384,-0.016156165
1.0005993,0.00051174825,0,0.0035353603,48.47689212755004,778.2218118656768,4823,5317.1245,2.7537572,607.3865,0.27502146,6575.9014,3.3631907,0,,,,,48.47689212755004,0.00072579907,778.2218118656768,0.0007393395,-0.010455076,-0.01639222
1.0004538,0.00051185035,0,0.003535414,48.47685883484382,778.2222457172929,4824,5316.8013,2.753867,607.2951,0.27530098,6574.9463,3.3638616,0,,,,,48.47685883484382,0.00072611414,778.2222457172929,0.00073958706,-0.010311903,-0.015951162
1.0000814,0.0005118012,0,0.0035354677,48.47697041225156,778.2207671158601,4825,5313.9893,2.7535133,608.2513,0.2751911,6572.4985,3.3635387,0,,,,,48.47697041225156,0.00072649785,778.2207671158601,0.0007402205,-0.010301123,-0.016191583
1.0012407,0.00051195244,0,0.003535521,48.476380856651694,778.2219805563153,4826,5321.4146,2.7543066,606.293,0.27515927,6580.1177,3.3645327,0,,,,,48.476380856651694,0.0007254818,778.2219805563153,0.00073903735,-0.0103009045,-0.015883027
1.000984,0.00051189517,0,0.0035356262,48.47500576792366,778.2220368040449,4828,5319.6333,2.754241,606.7831,0.27518842,6578.43,3.3641562,0,,,,,48.47500576792366,0.00072596304,778.2220368040449,0.0007393514,-0.0103917755,-0.015850449
1.0008793,0.0005119297,0,0.0035356786,48.47641160505393,778.2228182834324,4829,5319.695,2.7542183,607.1148,0.2748629,6577.7417,3.364383,0,,,,,48.47641160505393,0.00072566926,778.2228182834324,0.000739012,-0.009991864,-0.015684225
1.0011765,0.00051194854,0,0.0035357305,48.47613838969835,778.2210320485049,4830,5321.63,2.7543945,606.5514,0.27536905,6579.6953,3.364507,0,,,,,48.47613838969835,0.00072475435,778.2210320485049,0.00073828624,-0.010009462,-0.015807154
1.0017692,0.0005119746,0,0.0035357822,48.47530719053589,778.2212320601433,4831,5323.9653,2.7545288,606.8429,0.27509856,6583.5903,3.3646784,0,,,,,48.47530719053589,0.00072504865,778.2212320601433,0.00073875126,-0.0101976385,-0.01596101
0.9999225,0.00051182177,0,0.0035358334,48.47630067965416,778.220865596978,4832,5314.534,2.753758,607.56146,0.27508312,6571.454,3.363674,0,,,,,48.47630067965416,0.00072644243,778.220865596978,0.000740147,-0.010054922,-0.015576962
0.9998719,0.00051178515,0,0.0035358844,48.47584930398301,778.2215003646754,4833,5313.9546,2.7535179,607.7097,0.27524877,6571.1216,3.3634334,0,,,,,48.47584930398301,0.0007274839,778.2215003646754,0.00074108894,-0.010169564,-0.015907435
1.0037036,0.00051239936,128,0.0035359352,48.47609135307157,778.2236587741959,4834,5334.4775,2.756793,607.0406,0.27528873,6596.303,3.3674698,128,,,,,48.47609135307157,0.0007244046,778.2236587741959,0.0007377326,-0.010098057,-0.015659206
1.0015107,0.00051192514,0,0.0035359857,48.47646968493894,778.2222094751511,4835,5323.2144,2.754469,606.67236,0.2751887,6581.892,3.3643532,0,,,,,48.47646968493894,0.0007248945,778.2222094751511,0.0007382429,-0.010084881,-0.015214435
1.0006813,0.00051189214,0,0.0035360358,48.47640571844116,778.2228710305469,4836,5318.548,2.7540398,607.3368,0.27512953,6576.441,3.3641365,0,,,,,48.47640571844116,0.0007263641,778.2228710305469,0.00073965004,-0.01015196,-0.015462559
1.0009956,0.0005119954,128,0.0035360856,48.47639988776335,778.2205614083102,4837,5319.091,2.7546291,606.5858,0.27514628,6578.5063,3.364815,128,,,,,48.47639988776335,0.0007256467,778.2205614083102,0.0007393534,-0.010432196,-0.016178977
1.0001276,0.0005117261,0,0.003536135,48.476667485397726,778.2211221596795,4838,5315.394,2.7535326,606.426,0.27533814,6572.802,3.363045,0,,,,,48.476667485397726,0.00072629255,778.2211221596795,0.00073986157,-0.010352824,-0.015821634
1.0005502,0.0005118226,0,0.003536184,48.476038710868636,778.2209902500126,4839,5317.3833,2.7537913,606.6718,0.27510887,6575.579,3.3636792,0,,,,,48.476038710868636,0.0007259547,778.2209902500126,0.00073959463,-0.01020246,-0.016063005
0.9995087,0.00051178044,0,0.003536233,48.47640735497744,778.2233970447668,4840,5311.6235,2.7533643,607.05505,0.27537984,6568.7344,3.3634021,0,,,,,48.47640735497744,0.00072694913,778.2233970447668,0.0007402708,-0.009906849,-0.015457231
1.0008721,0.0005119242,0,0.0035362816,48.47753473040265,778.2226494346337,4841,5319.652,2.7540543,606.6153,0.27533898,6577.6953,3.3643472,0,,,,,48.47753473040265,0.00072602916,778.2226494346337,0.0007394047,-0.009925184,-0.015327614
0.9999043,0.0005118301,0,0.0035363298,48.47669057146044,778.222290278386,4842,5313.8623,2.753572,606.7745,0.2752782,6571.3345,3.3637288,0,,,,,48.47669057146044,0.0007260065,778.222290278386,0.0007395589,-0.009882516,-0.015435588
1.0001293,0.0005117959,0,0.0035363778,48.47682149668052,778.221627600385,4843,5315.3794,2.753678,606.96,0.2756442,6572.8135,3.363504,0,,,,,48.47682149668052,0.00072657433,778.221627600385,0.0007400683,-0.009771479,-0.015421808
1.0016968,0.00051197625,0,0.0035364253,48.47731085149444,778.222018811063,4844,5324.4995,2.7546315,607.56006,0.27516514,6583.115,3.364689,0,,,,,48.47731085149444,0.0007253295,778.222018811063,0.0007389335,-0.00966913,-0.015196874
1.0017062,0.0005121025,0,0.0035364728,48.477279109710246,778.22233897478,4845,5324.0977,2.7548904,607.324,0.2755444,6583.177,3.365519,0,,,,,48.477279109710246,0.00072471355,778.22233897478,0.0007380957,-0.009459617,-0.015263892
1.0011735,0.0005119673,0,0.0035365198,48.47568016017106,778.2226524576909,4846,5321.6387,2.7544434,607.80005,0.27511922,6579.676,3.3646302,0,,,,,48.47568016017106,0.0007256436,778.2226524576909,0.0007390213,-0.009521429,-0.014840633
1.000709,0.0005119569,0,0.0035365664,48.47715539982084,778.2220770043451,4847,5319.902,2.7542686,607.6917,0.275567,6576.6235,3.364562,0,,,,,48.47715539982084,0.0007262137,778.2220770043451,0.000739698,-0.009422077,-0.015085392
0.9996672,0.00051176245,0,0.0035366127,48.477774568393784,778.2228275592581,4848,5313.3096,2.7534442,607.19104,0.27511075,6569.7764,3.363284,0,,,,,48.477774568393784,0.0007260058,778.2228275592581,0.00073935813,-0.009436606,-0.015194545
1.0008261,0.0005119411,0,0.0035366588,48.47722604086783,778.2229266857704,4849,5320.265,2.7541468,607.1098,0.27526382,6577.3926,3.364458,0,,,,,48.47722604086783,0.00072580465,778.2229266857704,0.00073910813,-0.009361118,-0.014967987
1.0014789,0.00051204953,0,0.0035367047,48.47749442670532,778.2225245892625,4850,5324.031,2.7546222,607.19916,0.2753377,6581.6826,3.3651707,0,,,,,48.47749442670532,0.0007258269,778.2225245892625,0.0007393321,-0.009518125,-0.015004443
1.0009769,0.0005118718,0,0.00353675,48.47712610048233,778.219892461289,4851,5320.132,2.7541652,606.55914,0.27522525,6578.384,3.364003,0,,,,,48.47712610048233,0.0007253672,778.219892461289,0.0007391236,-0.00952778,-0.015437796
1.0018864,0.0005121268,0,0.0035367953,48.47648017738098,778.2223071686824,4852,5325.954,2.7549458,607.3304,0.27530083,6584.3604,3.3656783,0,,,,,48.47648017738098,0.0007253383,778.2223071686824,0.0007387846,-0.009419807,-0.015180415
1.0003592,0.00051185145,0,0.0035368402,48.47679090531116,778.2232264635715,4853,5317.3706,2.7538283,607.001,0.27512175,6574.324,3.3638692,0,,,,,48.47679090531116,0.00072636496,778.2232264635715,0.0007396061,-0.009577156,-0.015049446
1.0007846,0.0005118751,0,0.0035368847,48.48060869601541,778.2221430444378,4854,5318.706,2.7541096,607.0815,0.27518404,6577.12,3.3640244,0,,,,,48.48060869601541,0.0007242777,778.2221430444378,0.0007375823,-0.00918474,-0.01570112
0.9997852,0.0005117652,0,0.003536929,48.47579169457693,778.2215346000796,4855,5313.808,2.753525,607.59235,0.27488306,6570.552,3.363302,0,,,,,48.47579169457693,0.00072691275,778.2215346000796,0.00074056943,-0.009507485,-0.015599962
1.0011686,0.00051204354,0,0.003536973,48.47671291181386,778.2240455003812,4856,5321.686,2.7544732,607.563,0.2753301,6579.643,3.3651314,0,,,,,48.47671291181386,0.00072582066,778.2240455003812,0.0007390765,-0.009530374,-0.015413334
1.0001771,0.0005118872,0,0.0035370167,48.47714780692449,778.2213533260565,4857,5315.346,2.753809,607.5571,0.2750489,6573.128,3.3641038,0,,,,,48.47714780692449,0.000725956,778.2213533260565,0.0007394339,-0.009162143,-0.01584939
1.0016843,0.0005119933,0,0.00353706,48.476424518537144,778.2241560497905,4858,5324.597,2.7547383,607.0514,0.27541533,6583.0327,3.3648012,0,,,,,48.476424518537144,0.0007250251,778.2241560497905,0.0007383174,-0.009049944,-0.015017627
1.0007803,0.00051189394,0,0.0035371028,48.47767762095191,778.2242244488014,4859,5319.7446,2.7540348,607.0032,0.27515715,6577.092,3.3641484,0,,,,,48.47767762095191,0.00072590477,778.2242244488014,0.00073919375,-0.009220163,-0.014781428
1.0004965,0.00051184994,0,0.0035371457,48.476847191964026,778.2224082547141,4860,5317.1885,2.7538433,606.863,0.27524447,6575.2266,3.363859,0,,,,,48.476847191964026,0.000725599,778.2224082547141,0.0007390198,-0.009202848,-0.01496718
1.0009732,0.00051192555,0,0.003537188,48.4779668412084,778.222979883788,4861,5320.859,2.7543077,607.43005,0.27525738,6578.3594,3.364356,0,,,,,48.4779668412084,0.00072549086,778.222979883788,0.00073877483,-0.0089770695,-0.014550696
1.0012506,0.000512027,0,0.0035372302,48.477550605465794,778.2226553525356,4862,5321.7627,2.7543669,606.9199,0.27527803,6580.182,3.365023,0,,,,,48.477550605465794,0.0007254676,778.2226553525356,0.0007389305,-0.009198745,-0.015166722
0.99983037,0.0005117527,0,0.0035372719,48.47833082301671,778.2213212947868,4863,5313.8105,2.7533147,606.8346,0.27500445,6570.8486,3.36322,0,,,,,48.47833082301671,0.000726427,778.2213212947868,0.0007400347,-0.009027711,-0.015165295
1.0002521,0.00051184744,0,0.0035373133,48.478629910686735,778.221711389308,4864,5316.985,2.7538297,607.0064,0.27533904,6573.6206,3.3638427,0,,,,,48.478629910686735,0.0007263598,778.221711389308,0.0007398969,-0.008908291,-0.015026245
1.0011667,0.00051200803,8192,0.0035373545,48.47826600930023,778.2217610656242,4865,5322.0776,2.7544732,607.2205,0.2756738,6579.631,3.3648982,8192,,,,,48.47826600930023,0.000724871,778.2217610656242,0.0007384297,-0.008801468,-0.014893803
1.0013614,0.00051192666,0,0.0035373953,48.47771633271783,778.2226770944669,4866,5322.9736,2.7545464,606.013,0.27505147,6580.9106,3.3643634,0,,,,,48.47771633271783,0.0007254772,778.2226770944669,0.00073897024,-0.008901064,-0.014795281
1.0010234,0.0005119748,0,0.003537436,48.47737094939323,778.2230519346224,4867,5321.0547,2.754299,607.1789,0.27509558,6578.6895,3.3646796,0,,,,,48.47737094939323,0.0007259682,778.2230519346224,0.00073938636,-0.008840475,-0.01485709
1.0014191,0.00051196094,0,0.003537476,48.47841989536855,778.2231018382071,4868,5322.5024,2.7543647,606.54376,0.27524537,6581.2896,3.3645887,0,,,,,48.47841989536855,0.000724862,778.2231018382071,0.00073817436,-0.009063552,-0.015006031
1.0006269,0.00051191624,0,0.003537516,48.47664422738902,778.222780098898,4869,5318.6943,2.7539866,606.44476,0.2751348,6576.0835,3.3642948,0,,,,,48.47664422738902,0.00072592683,778.222780098898,0.0007392467,-0.009177396,-0.0151597215
1.0015659,0.0005120394,0,0.0035375557,48.4777588332618,778.2228193375925,4870,5324.147,2.75477,606.47504,0.27529284,6582.255,3.3651042,0,,,,,48.4777588332618,0.00072576,778.2228193375925,0.0007391419,-0.009083144,-0.014433297
1.0009294,0.00051195815,0,0.003537595,48.47632916866381,778.2235440511483,4871,5319.796,2.7541864,606.3673,0.2752587,6578.0713,3.3645704,0,,,,,48.47632916866381,0.0007246484,778.2235440511483,0.0007380643,-0.00888855,-0.0149575155
1.0010294,0.0005120049,8192,0.003537634,48.47786201296162,778.223449102827,4872,5321.2417,2.7543778,606.6897,0.2753175,6578.7285,3.3648775,8192,,,,,48.47786201296162,0.00072564074,778.223449102827,0.0007388753,-0.00891106,-0.0143915145
1.0010548,0.0005120186,0,0.0035376728,48.47758022421597,778.222120807573,4873,5321.9277,2.754535,607.4012,0.27561685,6578.8955,3.3649676,0,,,,,48.47758022421597,0.0007252182,778.222120807573,0.0007387307,-0.008788306,-0.0147354575
1.0020792,0.0005121291,128,0.003537711,48.47876340682032,778.2233414878325,4874,5326.34,2.7553425,606.19415,0.2749072,6585.6284,3.3656938,128,,,,,48.47876340682032,0.00072503556,778.2233414878325,0.0007382603,-0.008873667,-0.01489796
1.0009637,0.000511904,0,0.0035377492,48.47680067271071,778.2234957599981,4875,5320.908,2.7541103,605.74634,0.2751295,6578.2964,3.3642144,0,,,,,48.47680067271071,0.0007245343,778.2234957599981,0.0007378669,-0.0091717625,-0.014989189
1.0015588,0.00051202776,0,0.003537787,48.47772303472178,778.2244527782018,4876,5324.129,2.7547426,607.48254,0.27511582,6582.2075,3.3650277,0,,,,,48.47772303472178,0.00072577456,778.2244527782018,0.0007389187,-0.008805428,-0.014548428
1.0005041,0.0005118623,0,0.0035378244,48.47714017612448,778.2225920989623,4877,5318.407,2.7540333,607.0679,0.2752629,6575.2764,3.3639402,0,,,,,48.47714017612448,0.0007252914,778.2225920989623,0.0007386289,-0.0087659955,-0.014463652
1.001616,0.0005119782,0,0.0035378616,48.47655245560685,778.2244008478509,4878,5325.1206,2.754465,606.0917,0.2751099,6582.5835,3.364702,0,,,,,48.47655245560685,0.0007243207,778.2244008478509,0.00073744496,-0.008424512,-0.014131686
1.000853,0.00051198207,0,0.0035378984,48.47879830118338,778.2232516916753,4879,5321.153,2.7543015,607.13495,0.27527466,6577.569,3.3647275,0,,,,,48.47879830118338,0.00072516996,778.2232516916753,0.00073836895,-0.008219972,-0.0138767995
1.001298,0.0005119575,0,0.003537935,48.47742697344151,778.2223322939333,4880,5322.4087,2.7544026,607.26965,0.2752605,6580.4937,3.3645658,0,,,,,48.47742697344151,0.0007263058,778.2223322939333,0.0007397823,-0.008390669,-0.014835684
1.0015103,0.0005119785,0,0.003537971,48.4778713881619,778.2233676483457,4881,5324.552,2.754633,607.5088,0.27509427,6581.889,3.364704,0,,,,,48.4778713881619,0.0007250592,778.2233676483457,0.00073830155,-0.008336375,-0.014044271
1.0003815,0.0005118759,0,0.0035380071,48.47548886575936,778.2224153889658,4882,5318.8765,2.754172,606.934,0.2755829,6574.47,3.3640296,0,,,,,48.47548886575936,0.00072584284,778.2224153889658,0.000739156,-0.008175811,-0.014218475
1.0020785,0.00051237975,128,0.0035380428,48.477929080478674,778.2254409167383,4883,5327.237,2.7567546,607.3112,0.275339,6585.623,3.3673408,128,,,,,48.477929080478674,0.00072522927,778.2254409167383,0.0007384062,-0.008132756,-0.013812734
0.9997966,0.000511839,0,0.003538078,48.476112092309414,778.2235130124454,4884,5315.278,2.753763,607.60486,0.27516684,6570.627,3.3637872,0,,,,,48.476112092309414,0.000726801,778.2235130124454,0.0007401481,-0.008400148,-0.014286251
1.0010469,0.0005118867,8192,0.003538113,48.4779667379406,778.2225105419632,4885,5321.794,2.7543674,606.9913,0.27543554,6578.8433,3.364101,8192,,,,,48.4779667379406,0.00072619936,778.2225105419632,0.00073978043,-0.008439831,-0.014396324
1.0008812,0.00051192736,0,0.0035381478,48.47875981311305,778.2239261609529,4886,5320.095,2.7540667,606.2107,0.27502397,6577.7544,3.364368,0,,,,,48.47875981311305,0.00072559976,778.2239261609529,0.00073889137,-0.008485817,-0.014431826
1.0007613,0.0005119811,0,0.003538182,48.47779321915648,778.2227731967746,4887,5320.8066,2.754538,608.0974,0.2752702,6576.9663,3.364721,0,,,,,48.47779321915648,0.00072632934,778.2227731967746,0.0007397529,-0.008285554,-0.013882686
1.0005732,0.00051188824,0,0.0035382162,48.4787894477527,778.2236208704109,4888,5319.983,2.7540584,606.9255,0.27522388,6575.7305,3.3641107,0,,,,,48.4787894477527,0.0007263354,778.2236208704109,0.00073963986,-0.0080955345,-0.013648735
1.0005391,0.0005119599,0,0.00353825,48.4768852843802,778.2237026607862,4889,5319.228,2.7541964,606.85175,0.27535748,6575.506,3.3645818,0,,,,,48.4768852843802,0.0007258613,778.2237026607862,0.00073926186,-0.008306434,-0.013880354
1.001354,0.00051209086,0,0.0035382833,48.477999268436264,778.2246592682834,4890,5324.4463,2.754764,607.36914,0.27484766,6580.8613,3.3654423,0,,,,,48.477999268436264,0.0007258141,778.2246592682834,0.00073891133,-0.007987222,-0.013246308
1.0005821,0.0005118601,0,0.0035383166,48.47936347031494,778.2230014842157,4891,5320.0605,2.7540905,606.3921,0.2752652,6575.789,3.363926,0,,,,,48.47936347031494,0.0007251343,778.2230014842157,0.0007383669,-0.008148568,-0.014087002
1.0014492,0.0005120255,0,0.0035383494,48.479301875290155,778.2248965485344,4892,5324.867,2.754723,607.0274,0.27530658,6581.4873,3.3650126,0,,,,,48.479301875290155,0.00072520063,778.2248965485344,0.00073839567,-0.007957015,-0.013537635
1.0017687,0.0005121016,0,0.0035383818,48.477363535798254,778.2251512760745,4893,5327.005,2.75499,606.9811,0.2752338,6583.587,3.3655126,0,,,,,48.477363535798254,0.00072479417,778.2251512760745,0.0007377254,-0.008001708,-0.013546711
1.0009873,0.00051189645,0,0.003538446,48.478063814809005,778.2247081705227,4895,5322.248,2.7544482,606.8888,0.27543375,6578.4517,3.3641648,0,,,,,48.478063814809005,0.00072464655,778.2247081705227,0.0007377728,-0.008314337,-0.013909515
1.0012978,0.00051205436,0,0.0035384777,48.47853690796406,778.2231823003726,4896,5324.112,2.7550182,608.287,0.27563348,6580.4927,3.3652024,0,,,,,48.47853690796406,0.00072602276,778.2231823003726,0.00073948846,-0.008238617,-0.013997747
1.0014545,0.0005120463,0,0.003538509,48.48038224682678,778.2222457947698,4897,5324.391,2.7547774,607.1161,0.27520302,6581.5225,3.3651493,0,,,,,48.48038224682678,0.00072537246,778.2222457947698,0.00073870464,-0.0080866655,-0.013712331
0.9998924,0.00051181036,0,0.0035385399,48.47866503109538,778.2226297036058,4898,5316.616,2.7539036,607.54755,0.27518004,6571.2563,3.3635988,0,,,,,48.47866503109538,0.00072655734,778.2226297036058,0.0007400016,-0.008165655,-0.013690723
1.0006378,0.0005119278,0,0.0035385706,48.47776337412244,778.2253552693493,4899,5320.786,2.7542484,607.03375,0.27556238,6576.155,3.364371,0,,,,,48.47776337412244,0.0007263855,778.2253552693493,0.00073961425,-0.008156535,-0.0137963705
1.0014625,0.0005119899,16,0.0035386009,48.47842852128162,778.2235644495323,4900,5324.7935,2.7549226,607.88837,0.27518326,6581.5747,3.364779,16,,,,,48.47842852128162,0.00072562724,778.2235644495323,0.0007389142,-0.007828113,-0.013283342
1.0012838,0.0005120397,16,0.003538631,48.47949694031399,778.2235766539471,4901,5323.982,2.7547815,607.655,0.27578768,6580.4,3.365106,16,,,,,48.47949694031399,0.0007252836,778.2235766539471,0.00073874724,-0.006915124,-0.014929763
1.0003514,0.00051187805,16,0.0035386607,48.478452378212964,778.222663180176,4902,5318.904,2.7539985,607.1964,0.27548742,6574.273,3.3640437,16,,,,,48.478452378212964,0.0007257641,778.222663180176,0.00073910365,-0.007097,-0.014854332
1.0004555,0.0005117754,16,0.0035386903,48.480016209294725,778.2242822541405,4903,5317.1465,2.7538886,607.35736,0.2752495,6574.957,3.363369,16,,,,,48.480016209294725,0.0007261326,778.2242822541405,0.0007394242,-0.007282643,-0.013668168
1.0009248,0.0005120225,0,0.0035387194,48.479389630431044,778.2259116226384,4904,5323.603,2.7548108,608.15643,0.27523157,6578.041,3.3649933,0,,,,,48.479389630431044,0.0007257534,778.2259116226384,0.00073872483,-0.0075945877,-0.012318105
0.999949,0.00051187,16,0.0035387482,48.478034544513456,778.2249517385793,4905,5317.606,2.7540295,607.39667,0.2752099,6571.628,3.363991,16,,,,,48.478034544513456,0.0007263523,778.2249517385793,0.00073951914,-0.0074085286,-0.013150855
1.0011165,0.0005120423,16,0.0035387767,48.47952482716435,778.2223105929446,4906,5323.1587,2.7546318,607.5974,0.27545404,6579.301,3.3651235,16,,,,,48.47952482716435,0.00072604103,778.2223105929446,0.0007393973,-0.007125368,-0.01406534
1.000914,0.0005119538,16,0.0035388048,48.4750013014689,778.2240383697039,4907,5321.6104,2.7545412,607.2867,0.27532685,6577.97,3.3645415,16,,,,,48.4750013014689,0.0007260193,778.2240383697039,0.00073916384,-0.0073406394,-0.01297189
1.0002078,0.0005119484,16,0.0035388328,48.47975825615974,778.2259855054064,4908,5319.5054,2.7543206,607.4141,0.2752966,6573.329,3.3645065,16,,,,,48.47975825615974,0.0007263419,778.2259855054064,0.00073932175,-0.0072847074,-0.012301736
0.99989426,0.00051195704,0,0.0035388602,48.479414653417194,778.2249133412782,4909,5317.6553,2.754384,608.0419,0.27539128,6571.2686,3.364563,0,,,,,48.479414653417194,0.00072692556,778.2249133412782,0.00074006966,-0.0070652273,-0.012351124
1.0002825,0.0005120231,0,0.0035388877,48.478381955838735,778.225417524269,4910,5319.9976,2.754335,608.5352,0.275149,6573.82,3.3649971,0,,,,,48.478381955838735,0.0007259885,778.225417524269,0.00073903997,-0.0071061137,-0.012485484
1.0022389,0.000512146,0,0.0035389145,48.47944736223329,778.2251871313516,4911,5330.3486,2.7555883,607.7921,0.27533475,6586.677,3.3658047,0,,,,,48.47944736223329,0.00072501577,778.2251871313516,0.0007378537,-0.007368607,-0.012642125
1.0013195,0.00051205064,0,0.0035389413,48.479416450797444,778.2260622233802,4912,5324.6113,2.7546978,608.135,0.2750329,6580.6353,3.3651779,0,,,,,48.479416450797444,0.0007250437,778.2260622233802,0.0007380189,-0.007417202,-0.012608905
1.0006841,0.00051201,0,0.0035389676,48.477687635897816,778.2262119316692,4913,5322.2563,2.7547405,608.4912,0.2752659,6576.4595,3.364911,0,,,,,48.477687635897816,0.0007263379,778.2262119316692,0.00073934067,-0.0071108295,-0.011813086
1.0009329,0.0005119624,0,0.0035389937,48.47720857432826,778.2248183073829,4914,5323.2773,2.7545826,607.3173,0.27530387,6578.0947,3.3645983,0,,,,,48.47720857432826,0.0007248807,778.2248183073829,0.0007379402,-0.007494667,-0.012550508
1.0013275,0.00051202404,0,0.0035390195,48.478377971245656,778.2277522620873,4915,5324.86,2.754662,606.84674,0.27519074,6580.688,3.365003,0,,,,,48.478377971245656,0.0007250512,778.2277522620873,0.0007379433,-0.007243636,-0.01217231
1.0008602,0.00051204377,0,0.0035390449,48.47882733101199,778.2269576760384,4916,5323.0825,2.754686,607.68585,0.27525914,6577.6167,3.365133,0,,,,,48.47882733101199,0.00072642474,778.2269576760384,0.0007392553,-0.007094669,-0.012106603
0.9999846,0.0005118477,0,0.00353907,48.47886745640753,778.2244613918367,4917,5317.8423,2.7541256,607.75446,0.2752283,6571.8623,3.3638446,0,,,,,48.47886745640753,0.00072647,778.2244613918367,0.00073959614,-0.0071726036,-0.012053875
1.0005536,0.00051195617,8192,0.0035390947,48.475949332461276,778.2243507258823,4918,5320.886,2.7543848,606.7302,0.27536872,6575.6016,3.364557,8192,,,,,48.475949332461276,0.00072582584,778.2243507258823,0.00073887524,-0.0072751236,-0.011792766
1.0013753,0.00051203213,0,0.0035391194,48.47909713822496,778.2264710112802,4919,5326.0806,2.7549188,607.70026,0.27539763,6581.002,3.3650563,0,,,,,48.47909713822496,0.00072577386,778.2264710112802,0.00073871267,-0.00704091,-0.011534797
1.0006626,0.0005120144,0,0.0035391434,48.478108273522054,778.2255795424761,4920,5321.822,2.7545545,607.578,0.27509353,6576.318,3.3649397,0,,,,,48.478108273522054,0.00072656,778.2255795424761,0.0007395219,-0.0069620674,-0.011698403
1.0007482,0.0005119733,0,0.0035391673,48.47996367637313,778.2253430576055,4921,5322.4155,2.7546568,607.0556,0.27530035,6576.8804,3.3646698,0,,,,,48.47996367637313,0.00072631607,778.2253430576055,0.0007392648,-0.006868832,-0.011530535
1.0001123,0.00051195594,8192,0.0035391909,48.478088525128214,778.2271438823368,4922,5319.605,2.7542355,607.27936,0.27554283,6572.701,3.3645558,8192,,,,,48.478088525128214,0.0007258099,778.2271438823368,0.0007386058,-0.007211064,-0.011638459
1.0014508,0.00051203684,0,0.0035392141,48.478819066367805,778.2268273210906,4923,5325.9067,2.7549074,607.574,0.27530208,6581.498,3.3650875,0,,,,,48.478819066367805,0.0007251316,778.2268273210906,0.0007380253,-0.0073871906,-0.012165035
1.0011237,0.00051201903,0,0.0035392372,48.47726664239903,778.2279255629014,4924,5324.7744,2.7547274,608.174,0.2751501,6579.348,3.3649702,0,,,,,48.47726664239903,0.00072569755,778.2279255629014,0.00073899794,-0.006965554,-0.011484128
1.0011519,0.00051203644,0,0.0035392598,48.47886815926975,778.2277800362526,4925,5325.4683,2.754954,607.79535,0.27548823,6579.5337,3.3650846,0,,,,,48.47886815926975,0.000724866,778.2277800362526,0.00073763536,-0.006750548,-0.01088933
1.0010101,0.0005120039,0,0.0035392821,48.48025284194475,778.2247479572208,4926,5323.6626,2.754734,608.1483,0.27512252,6578.6016,3.3648708,0,,,,,48.48025284194475,0.0007255427,778.2247479572208,0.00073847745,-0.0069282623,-0.011543321
1.0009431,0.00051201356,0,0.0035393042,48.479387634238435,778.2268561306031,4927,5323.9487,2.7547913,607.76105,0.2752367,6578.161,3.3649344,0,,,,,48.479387634238435,0.00072547357,778.2268561306031,0.0007383476,-0.006498767,-0.010977775
1.0023255,0.0005121721,0,0.003539326,48.479206305512115,778.226044739002,4928,5331.6577,2.755693,607.3279,0.27552602,6587.2466,3.3659763,0,,,,,48.479206305512115,0.0007237984,778.226044739002,0.0007367228,-0.0066810003,-0.011141592
1.0009643,0.00051204284,0,0.0035393473,48.479330221482925,778.2251968292442,4929,5323.2207,2.7546742,608.1525,0.2754824,6578.301,3.3651266,0,,,,,48.479330221482925,0.0007261305,778.2251968292442,0.00073914445,-0.006729868,-0.011187677
1.0017164,0.000512151,0,0.0035393685,48.47980612505843,778.228658660209,4930,5327.7793,2.7553267,607.75653,0.27524772,6583.2437,3.3658376,0,,,,,48.47980612505843,0.0007248733,778.228658660209,0.00073760183,-0.006972391,-0.011110032
1.0009662,0.00051203003,0,0.0035393892,48.48042475544286,778.2272580737741,4931,5324.292,2.7547848,607.8424,0.2750021,6578.313,3.3650424,0,,,,,48.48042475544286,0.00072577514,778.2272580737741,0.00073856395,-0.0067970203,-0.010537713
1.0009683,0.0005119933,0,0.0035394097,48.47931125756328,778.2266042343525,4932,5323.7266,2.754741,607.8032,0.27540332,6578.3276,3.3648014,0,,,,,48.47931125756328,0.00072561164,778.2266042343525,0.00073842716,-0.006752141,-0.0108257
1.0010705,0.00051202864,0,0.00353943,48.47832914309913,778.2267389049409,4933,5325.2065,2.7549746,608.81177,0.2752872,6578.9985,3.3650334,0,,,,,48.47832914309913,0.00072616315,778.2267389049409,0.0007390949,-0.006750479,-0.010308242
1.0020767,0.00051208027,0,0.0035394498,48.478712456910074,778.227516249535,4934,5330.2153,2.7553182,606.8432,0.27560058,6585.612,3.3653727,0,,,,,48.478712456910074,0.00072401814,778.227516249535,0.00073690794,-0.0068761255,-0.010469544
1.0012106,0.00051201665,0,0.0035394693,48.48237711700784,778.2254949770759,4935,5324.3037,2.754828,606.941,0.27505535,6579.919,3.3649545,0,,,,,48.48237711700784,0.00072566065,778.2254949770759,0.0007387374,-0.006807062,-0.010824914
1.0014431,0.0005121125,0,0.0035394887,48.482102620790876,778.2271092509515,4936,5326.717,2.7551692,608.1503,0.27487993,6581.4478,3.3655846,0,,,,,48.482102620790876,0.0007252967,778.2271092509515,0.0007381465,-0.006472574,-0.010376892
1.0010176,0.00051205093,0,0.0035395075,48.48114903232818,778.2260142891423,4937,5324.3594,2.7548914,607.73816,0.2752954,6578.651,3.3651798,0,,,,,48.48114903232818,0.0007262344,778.2260142891423,0.0007391316,-0.006548323,-0.010366182
1.0015358,0.0005121546,0,0.0035395261,48.47973493227518,778.2268625757689,4938,5326.9727,2.7552118,607.6953,0.27527177,6582.056,3.3658614,0,,,,,48.47973493227518,0.0007259275,778.2268625757689,0.0007386737,-0.006687649,-0.0098252455
1.0019295,0.0005122005,0,0.0035395445,48.47899266044041,778.2283310582154,4939,5330.0957,2.7555223,607.4351,0.2755581,6584.644,3.3661633,0,,,,,48.47899266044041,0.0007252084,778.2283310582154,0.000737784,-0.0063159335,-0.009958919
1.0010211,0.00051212026,0,0.0035395625,48.47864832025722,778.2256397698972,4940,5324.5806,2.7550313,607.35223,0.2752801,6578.6743,3.3656356,0,,,,,48.47864832025722,0.00072632014,778.2256397698972,0.0007394077,-0.0065301186,-0.010306491
1.0014008,0.0005120651,0,0.0035395802,48.48014774369114,778.226944217444,4941,5326.359,2.7550921,608.1817,0.27525327,6581.17,3.3652728,0,,,,,48.48014774369114,0.00072573696,778.226944217444,0.00073866174,-0.0066965404,-0.010498926
1.0007681,0.00051199435,0,0.0035395976,48.47949502830832,778.2268980582405,4942,5323.5728,2.754624,607.8997,0.2757577,6577.011,3.3648083,0,,,,,48.47949502830832,0.00072565663,778.2268980582405,0.00073847437,-0.0068429164,-0.010405666
1.001792,0.0005121674,0,0.0035396146,48.47911702513045,778.2264718468633,4943,5328.491,2.7553124,607.92194,0.2753036,6583.74,3.3659453,0,,,,,48.47911702513045,0.0007254494,778.2264718468633,0.0007384399,-0.0066077374,-0.010285526
1.0017891,0.00051214383,0,0.0035396314,48.47835644872866,778.2282652666379,4944,5328.351,2.7552273,607.9095,0.2751487,6583.721,3.3657904,0,,,,,48.47835644872866,0.00072539103,778.2282652666379,0.0007380343,-0.0065137288,-0.010466003
1.0005744,0.00051206304,0,0.003539648,48.47961415560874,778.2272218431686,4945,5322.711,2.7546651,607.44354,0.2752837,6575.7383,3.3652596,0,,,,,48.47961415560874,0.0007264177,778.2272218431686,0.00073926745,-0.0065367287,-0.010095529
1.0019258,0.0005121605,0,0.0035396642,48.48117677291818,778.2284270056488,4946,5329.275,2.7554018,607.3715,0.27532786,6584.6196,3.3658998,0,,,,,48.48117677291818,0.0007258726,778.2284270056488,0.00073869986,-0.006441448,-0.009940379
1.0010514,0.00051207363,0,0.00353968,48.48002277908029,778.2277017472882,4947,5325.0225,2.7551155,607.68964,0.2754621,6578.873,3.365329,0,,,,,48.48002277908029,0.0007265627,778.2277017472882,0.00073922466,-0.0066504832,-0.009795734
1.0012958,0.00051206455,0,0.0035396956,48.47867156578781,778.2268637194371,4948,5326.7734,2.7551193,607.578,0.2754881,6580.4795,3.3652694,0,,,,,48.47867156578781,0.00072565634,778.2268637194371,0.0007384439,-0.0067044077,-0.00973268
1.0022414,0.0005121652,0,0.0035397108,48.47862260603821,778.2265542155635,4949,5330.28,2.7554495,607.61255,0.2749296,6586.6934,3.3659308,0,,,,,48.47862260603821,0.0007252385,778.2265542155635,0.000738107,-0.006990988,-0.010485245
1.0002352,0.0005119671,0,0.0035397257,48.48008801076235,778.2274751236027,4950,5320.3833,2.7543476,607.7542,0.27547246,6573.509,3.364629,0,,,,,48.48008801076235,0.00072613475,778.2274751236027,0.00073878793,-0.0069783567,-0.010231594
1.0008041,0.00051209354,0,0.0035397403,48.48056896077222,778.2284943291241,4951,5323.8496,2.7549067,607.8482,0.2753096,6577.2476,3.36546,0,,,,,48.48056896077222,0.0007256642,778.2284943291241,0.0007381865,-0.0068967068,-0.009978319
1.0009445,0.0005120568,0,0.0035397545,48.48025773674519,778.2266346866901,4952,5323.5044,2.7548661,608.2682,0.27494344,6578.1704,3.3652186,0,,,,,48.48025773674519,0.00072604266,778.2266346866901,0.00073887396,-0.007185434,-0.010328616
1.0010453,0.00051205675,0,0.0035397685,48.47755527545172,778.2282326340217,4953,5325.473,2.7548616,607.3863,0.27517334,6578.8335,3.3652182,0,,,,,48.47755527545172,0.000725864,778.2282326340217,0.00073853147,-0.006729171,-0.009470193
1.0013512,0.0005120797,0,0.0035397823,48.48039650423728,778.2276843797405,4954,5326.854,2.7550657,607.0945,0.27518865,6580.8438,3.3653688,0,,,,,48.48039650423728,0.0007258892,778.2276843797405,0.00073863665,-0.006416792,-0.0094673
1.0010996,0.0005120434,0,0.0035397958,48.47878381545954,778.2273631640862,4955,5324.317,2.754838,607.82477,0.27555537,6579.19,3.3651304,0,,,,,48.47878381545954,0.0007265228,778.2273631640862,0.0007389646,-0.006868598,-0.009864957
1.0007751,0.0005120444,0,0.0035398088,48.480121907709105,778.227842315135,4956,5323.819,2.7548394,608.02234,0.2756944,6577.057,3.365137,0,,,,,48.480121907709105,0.0007254898,778.227842315135,0.00073822227,-0.006672085,-0.009155851
1.0010434,0.00051209086,0,0.0035398216,48.479149614535956,778.2275402161744,4957,5324.8506,2.7549121,608.5357,0.27547184,6578.821,3.3654425,0,,,,,48.479149614535956,0.00072651,778.2275402161744,0.0007392399,-0.0063672704,-0.00907346
1.0006396,0.00051200297,0,0.003539834,48.48052197897965,778.2283028092733,4958,5321.9155,2.7546475,607.9345,0.2752658,6576.1665,3.3648648,0,,,,,48.48052197897965,0.0007259403,778.2283028092733,0.00073865283,-0.006558016,-0.0091627
1.0020486,0.0005121972,0,0.003539846,48.4795132009051,778.2292565375877,4959,5330.4004,2.7555306,607.4835,0.27523956,6585.427,3.3661413,0,,,,,48.4795132009051,0.000724473,778.2292565375877,0.0007367833,-0.006506508,-0.00894312
1.0012058,0.00051204854,0,0.003539858,48.47919745772959,778.2272854315927,4960,5326.32,2.7551606,607.5436,0.27550873,6579.8877,3.3651643,0,,,,,48.47919745772959,0.000726016,778.2272854315927,0.0007386799,-0.0065554157,-0.008930721
1.0012156,0.00051210035,0,0.0035398696,48.47876435344837,778.2283894026594,4961,5326.1484,2.755188,608.2061,0.27526733,6579.952,3.3655047,0,,,,,48.47876435344837,0.0007256687,778.2283894026594,0.0007381622,-0.006335303,-0.008999897
1.0007364,0.00051202514,0,0.0035398807,48.47910290354525,778.2295684864035,4962,5324.232,2.7547767,608.4045,0.27516505,6576.8027,3.3650105,0,,,,,48.47910290354525,0.0007265727,778.2295684864035,0.0007390688,-0.0061767246,-0.008693916
1.001648,0.00051213143,0,0.0035398917,48.479774712888265,778.2290519124393,4963,5329.246,2.7553394,607.59357,0.27542266,6582.794,3.3657088,0,,,,,48.479774712888265,0.0007254259,778.2290519124393,0.0007378595,-0.0061626295,-0.008446691
1.0007112,0.00051200204,0,0.0035399022,48.480704036440436,778.2277493731717,4964,5323.67,2.7548544,608.9662,0.27525535,6576.637,3.3648586,0,,,,,48.480704036440436,0.0007270892,778.2277493731717,0.00073970354,-0.006094496,-0.008671655
1.0008471,0.00051205483,0,0.0035399124,48.48103364793589,778.2291404812906,4965,5325.431,2.7550209,608.3914,0.2752541,6577.5303,3.3652058,0,,,,,48.48103364793589,0.00072614074,778.2291404812906,0.0007388314,-0.006064263,-0.008511435
1.0016352,0.00051211996,0,0.0035399224,48.480418976467256,778.2274203591446,4966,5328.5474,2.7551928,608.161,0.27521127,6582.7095,3.3656337,0,,,,,48.480418976467256,0.0007255445,778.2274203591446,0.00073823694,-0.006370816,-0.008830518
1.0014191,0.00051221304,128,0.0035399322,48.479749776061155,778.2277972293286,4967,5328.1562,2.7561488,608.5254,0.27547857,6581.289,3.3662453,128,,,,,48.479749776061155,0.00072620634,778.2277972293286,0.000738911,-0.006176114,-0.008179868
1.0016952,0.0005121403,0,0.0035399415,48.47987794516462,778.2301560189949,4968,5330.012,2.7555346,608.86017,0.2752262,6583.1035,3.365767,0,,,,,48.47987794516462,0.0007262207,778.2301560189949,0.0007385821,-0.0059106145,-0.008193481
1.0005143,0.0005120308,0,0.0035399506,48.480711047363265,778.2287723629406,4969,5322.989,2.754773,608.6881,0.27511373,6575.3433,3.3650475,0,,,,,48.480711047363265,0.00072699244,778.2287723629406,0.0007396137,-0.0059638554,-0.008553954
1.0004661,0.0005120494,0,0.0035399594,48.47920915048138,778.2294167924758,4970,5322.7783,2.7546146,607.4567,0.27512845,6575.027,3.36517,0,,,,,48.47920915048138,0.00072662,778.2294167924758,0.0007390484,-0.005687372,-0.008391516
1.000776,0.0005120744,0,0.0035399678,48.47947058881646,778.2289901289812,4971,5325.138,2.7549324,607.7603,0.2754737,6577.0635,3.365334,0,,,,,48.47947058881646,0.00072653627,778.2289901289812,0.00073911354,-0.0056794467,-0.007845805
1.0018036,0.00051240146,128,0.003539976,48.48018327346796,778.2298758507792,4972,5329.3984,2.7568593,607.22296,0.27541783,6583.817,3.3674836,128,,,,,48.48018327346796,0.0007254281,778.2298758507792,0.00073783175,-0.0058319643,-0.008115189
1.001197,0.0005120752,0,0.0035399836,48.48063981788313,778.2299619092828,4973,5326.6323,2.7550406,607.88916,0.27542102,6579.83,3.3653395,0,,,,,48.48063981788313,0.0007256908,778.2299619092828,0.00073820807,-0.005664005,-0.008055842
1.0014662,0.0005120747,0,0.0035399913,48.48037507219631,778.2297549325538,4974,5327.6875,2.7551308,608.03894,0.2753595,6581.5986,3.365336,0,,,,,48.48037507219631,0.0007259315,778.2297549325538,0.000738371,-0.0058168704,-0.00809217
1.0012157,0.0005120635,0,0.0035399983,48.48004176564542,778.228654067441,4975,5325.4985,2.7549393,608.12665,0.27564242,6579.953,3.3652625,0,,,,,48.48004176564542,0.0007260972,778.228654067441,0.00073870085,-0.006074309,-0.008243809
1.0010611,0.0005120932,0,0.0035400053,48.479994911140174,778.2292131259109,4976,5325.5474,2.754977,608.337,0.27518186,6578.937,3.3654578,0,,,,,48.479994911140174,0.0007256544,778.2292131259109,0.00073811034,-0.005585714,-0.007927798
1.0010611,0.0005120559,0,0.0035400118,48.48072144975109,778.2298324900103,4977,5326.093,2.7550628,607.1578,0.27522564,6578.9365,3.3652124,0,,,,,48.48072144975109,0.0007258083,778.2298324900103,0.00073829555,-0.0054611606,-0.0077617327
1.002269,0.0005121709,0,0.003540018,48.48031576687704,778.2293068560322,4978,5331.616,2.7555554,607.7756,0.2752244,6586.8755,3.3659685,0,,,,,48.48031576687704,0.00072518515,778.2293068560322,0.0007377722,-0.0056981966,-0.00821539
1.000848,0.00051206665,0,0.0035400242,48.479566590509634,778.2302403166545,4979,5324.986,2.7548325,606.93616,0.27523702,6577.537,3.3652833,0,,,,,48.479566590509634,0.0007258528,778.2302403166545,0.0007381855,-0.0056339847,-0.00783271
1.0012405,0.00051212905,0,0.0035400297,48.48090809895632,778.2287044270997,4980,5327.568,2.7552707,607.5141,0.2752099,6580.1157,3.3656933,0,,,,,48.48090809895632,0.00072646205,778.2287044270997,0.0007390181,-0.00562283,-0.007791387
1.0005574,0.00051199825,0,0.003540035,48.48096356467213,778.2291589869307,4981,5322.8066,2.7547553,607.3377,0.27495232,6575.6265,3.3648338,0,,,,,48.48096356467213,0.00072666805,778.2291589869307,0.0007391649,-0.0059490018,-0.007951832
1.0011482,0.00051207293,0,0.0035400402,48.479284598867906,778.2295135409688,4982,5326.8594,2.7550752,607.14716,0.27543172,6579.51,3.3653247,0,,,,,48.479284598867906,0.0007266559,778.2295135409688,0.000739133,-0.0058185747,-0.008149528
1.00046,0.00051201816,0,0.0035400449,48.47931219917006,778.2281080404516,4983,5323.6055,2.7547195,607.9134,0.2752736,6574.9863,3.3649645,0,,,,,48.47931219917006,0.0007264632,778.2281080404516,0.0007390982,-0.005700674,-0.007892392
1.0013802,0.0005120925,0,0.0035400493,48.48015596628578,778.2291668305799,4984,5327.102,2.755146,608.00073,0.27499175,6581.034,3.365453,0,,,,,48.48015596628578,0.0007261929,778.2291668305799,0.0007387169,-0.0059084008,-0.008510059
1.0010014,0.00051208766,0,0.0035400535,48.481329625934166,778.2278998932815,4985,5326.1816,2.7549376,607.532,0.27523622,6578.544,3.3654213,0,,,,,48.481329625934166,0.00072634954,778.2278998932815,0.0007390358,-0.0058269496,-0.008190364
1.0002037,0.0005119569,0,0.0035400572,48.48207706549643,778.2306749583552,4986,5322.29,2.7544434,607.1865,0.27528933,6573.3022,3.3645623,0,,,,,48.48207706549643,0.0007262643,778.2306749583552,0.0007386252,-0.00544734,-0.0076057822
1.0003761,0.0005119936,0,0.0035400607,48.47993088743445,778.2286893101518,4987,5322.5405,2.754603,607.08984,0.27504042,6574.435,3.3648033,0,,,,,48.47993088743445,0.00072732504,778.2286893101518,0.00073997414,-0.0054433737,-0.0076047555
1.0009751,0.00051205425,0,0.003540064,48.4797229099274,778.2285675152817,4988,5326.136,2.7549102,607.2944,0.27523202,6578.3716,3.365202,0,,,,,48.4797229099274,0.00072645105,778.2285675152817,0.00073908706,-0.0055923467,-0.0077291345
1.002827,0.00051242026,128,0.0035400668,48.480946924231304,778.2312562944876,4989,5336.2676,2.7569215,607.1807,0.27544284,6590.543,3.367607,128,,,,,48.480946924231304,0.0007254934,778.2312562944876,0.00073792,-0.0052648806,-0.0072515886
1.0005064,0.000512071,0,0.0035400693,48.479928049569224,778.2286212519564,4990,5323.0312,2.754775,607.19324,0.2752823,6575.2915,3.365312,0,,,,,48.479928049569224,0.0007268056,778.2286212519564,0.0007393415,-0.0052344664,-0.007605782
1.0012306,0.00051207043,0,0.0035400717,48.480586799416656,778.2290640371384,4991,5327.018,2.7549775,606.71173,0.2751049,6580.051,3.365308,0,,,,,48.480586799416656,0.00072606787,778.2290640371384,0.00073868805,-0.0055041644,-0.0077336393
1.0005807,0.0005120691,0,0.0035400735,48.480675330418386,778.2291444882328,4992,5323.3374,2.7545962,606.97107,0.27546695,6575.7793,3.3652995,0,,,,,48.480675330418386,0.0007264412,778.2291444882328,0.00073879637,-0.0052536563,-0.00747914
1.0020984,0.00051223836,0,0.0035400752,48.481371583222945,778.2302067260157,4993,5332.169,2.7556088,607.4744,0.2753486,6585.754,3.366412,0,,,,,48.481371583222945,0.00072522287,778.2302067260157,0.00073751336,-0.0049228524,-0.0068576243
1.0012034,0.0005121312,0,0.0035400765,48.48029391047521,778.229269224508,4994,5327.4653,2.7551181,607.24347,0.27532694,6579.872,3.3657076,0,,,,,48.48029391047521,0.0007259434,778.229269224508,0.0007384921,-0.0051503847,-0.007100171
1.0016681,0.0005121793,0,0.0035400775,48.481339057435775,778.2304250354167,4995,5329.8203,2.755334,607.53815,0.27504942,6582.926,3.3660233,0,,,,,48.481339057435775,0.00072589103,778.2304250354167,0.00073828304,-0.005046041,-0.007193059
1.0005852,0.0005120276,8192,0.0035400782,48.480831785878294,778.2302503190366,4996,5323.9478,2.7548068,607.5044,0.2753273,6575.809,3.3650267,8192,,,,,48.480831785878294,0.00072651514,778.2302503190366,0.0007389499,-0.004963184,-0.0069781016
1.0014387,0.0005121415,0,0.0035400786,48.48102984845579,778.2306028361231,4997,5328.8794,2.755284,607.15564,0.27555186,6581.419,3.365775,0,,,,,48.48102984845579,0.00072618347,778.2306028361231,0.0007384852,-0.004986124,-0.0072125914
1.000811,0.0005121019,0,0.0035400786,48.48071699356547,778.229813070346,4998,5324.34,2.7549694,608.1333,0.27550387,6577.293,3.365515,0,,,,,48.48071699356547,0.00072647486,778.229813070346,0.0007389275,-0.0053269044,-0.007780261
1.0012794,0.0005120439,0,0.0035400784,48.48081692285619,778.2306117094736,4999,5327.6465,2.7550356,606.94464,0.27549365,6580.3716,3.3651335,0,,,,,48.48081692285619,0.0007259627,778.2306117094736,0.00073840324,-0.005369824,-0.0073099234
1.0010504,0.00051207596,0,0.003540078,48.481950708595285,778.2311128302302,5000,5326.6357,2.7548814,606.57874,0.275447,6578.866,3.3653445,0,,,,,48.481950708595285,0.0007256254,778.2311128302302,0.00073768815,-0.0050142366,-0.007288207
1.0014557,0.000512108,0,0.003540077,48.48029682473039,778.2291288985008,5001,5327.8374,2.7550187,607.2274,0.27498347,6581.5303,3.3655548,0,,,,,48.48029682473039,0.0007260283,778.2291288985008,0.0007385054,-0.005269438,-0.0073923143
1.0043322,0.00051267515,128,0.0035400758,48.48138393134795,778.2294914578439,5002,5343.7637,2.7581098,607.79755,0.27534142,6600.434,3.3692825,128,,,,,48.48138393134795,0.0007250635,778.2294914578439,0.000736951,-0.005628447,-0.00774192
1.0016531,0.00051215885,8192,0.0035400745,48.480186685726075,778.2289742075498,5003,5329.2583,2.7553475,606.913,0.2752475,6582.827,3.365889,8192,,,,,48.480186685726075,0.0007262193,778.2289742075498,0.00073878403,-0.0051559494,-0.0076304516
1.0010505,0.0005120456,0,0.0035400726,48.4797731782442,778.2296204192572,5004,5326.424,2.7549205,606.85834,0.27549997,6578.8667,3.3651447,0,,,,,48.4797731782442,0.0007258704,778.2296204192572,0.00073834567,-0.004973741,-0.007364034
1.0023421,0.00051224924,0,0.0035400707,48.48132930105621,778.2276734260479,5005,5333.4844,2.7558043,607.2275,0.27509752,6587.356,3.3664834,0,,,,,48.48132930105621,0.0007259897,778.2276734260479,0.0007387522,-0.004893041,-0.0069401036
1.0002224,0.0005119779,0,0.0035400682,48.48085585039425,778.2308134983706,5006,5322.171,2.7544513,606.709,0.27527115,6573.4253,3.3646998,0,,,,,48.48085585039425,0.000726538,778.2308134983706,0.00073885475,-0.0049748253,-0.006799388
0.99979395,0.0005119075,0,0.0035400656,48.481695031642445,778.2315382239385,5007,5319.8037,2.7540429,606.1622,0.27524355,6570.6094,3.3642375,0,,,,,48.481695031642445,0.0007263859,778.2315382239385,0.0007386385,-0.004486921,-0.0070307697
1.0012507,0.0005121134,0,0.0035400626,48.480098028097885,778.230076616549,5008,5327.851,2.7552783,606.9962,0.27536726,6580.1836,3.3655903,0,,,,,48.480098028097885,0.00072528014,778.230076616549,0.0007375153,-0.0044901567,-0.0070532127
1.0004827,0.0005120183,0,0.003540059,48.481233415558265,778.2291988456046,5009,5324.2554,2.7548115,607.53546,0.27502844,6575.1353,3.3649652,0,,,,,48.481233415558265,0.0007269343,778.2291988456046,0.0007391448,-0.0043029753,-0.006586565
1.001474,0.00051214837,0,0.0035400556,48.48041912785761,778.2314766069359,5010,5328.8257,2.7552378,607.1881,0.27540255,6581.651,3.3658204,0,,,,,48.48041912785761,0.0007257152,778.2314766069359,0.00073796586,-0.0043502427,-0.006908248
1.0011814,0.00051209197,0,0.0035400516,48.481981459436014,778.2314089611014,5011,5328.306,2.7551546,607.5324,0.2752149,6579.727,3.3654497,0,,,,,48.481981459436014,0.00072638784,778.2314089611014,0.00073872256,-0.003807783,-0.0067373957
1.0007389,0.0005122248,128,0.0035400474,48.48400597174872,778.2311871802713,5012,5325.712,2.7558215,608.0234,0.27518547,6576.8193,3.3663228,128,,,,,48.48400597174872,0.00072697195,778.2311871802713,0.00073835574,-0.004180064,-0.0068464535
1.0012866,0.00051216356,0,0.0035400428,48.48148945116913,778.2301431593344,5013,5328.174,2.7551408,606.61456,0.27548024,6580.419,3.3659203,0,,,,,48.48148945116913,0.000726159,778.2301431593344,0.0007385409,-0.004524128,-0.006896912
1.0010133,0.0005121257,0,0.003540038,48.48159211754457,778.2280281123825,5014,5327.7026,2.755231,607.3356,0.27529615,6578.6226,3.3656714,0,,,,,48.48159211754457,0.00072626467,778.2280281123825,0.00073893525,-0.0041159554,-0.0062841154
1.001612,0.0005121365,0,0.0035400328,48.48085427919788,778.2304749113486,5015,5329.7505,2.7554703,608.05054,0.2753546,6582.557,3.3657424,0,,,,,48.48085427919788,0.00072550756,778.2304749113486,0.00073781697,-0.0042454214,-0.0063539455
1.0011843,0.0005120771,0,0.0035400274,48.482174997450095,778.2310907610632,5016,5327.7393,2.7551033,607.65283,0.27522486,6579.747,3.365352,0,,,,,48.482174997450095,0.0007260461,778.2310907610632,0.00073830056,-0.0040501766,-0.0063077547
1.001769,0.0005121519,0,0.0035400216,48.483051381115246,778.2299711583418,5017,5331.0874,2.7554326,606.6236,0.27553576,6583.589,3.3658435,0,,,,,48.483051381115246,0.00072505075,778.2299711583418,0.000737295,-0.00423128,-0.006414335
1.0013037,0.00051216036,0,0.0035400153,48.483064626317905,778.2312745676536,5018,5328.2246,2.755194,607.55994,0.27543914,6580.5312,3.365899,0,,,,,48.483064626317905,0.0007263315,778.2312745676536,0.00073866727,-0.0041435165,-0.006444552
1.0008942,0.0005121358,0,0.003540009,48.48184111859924,778.2290243079142,5019,5326.2583,2.75509,607.9042,0.27551222,6577.8403,3.3657377,0,,,,,48.48184111859924,0.0007265138,778.2290243079142,0.00073913205,-0.0042612227,-0.006673518
1.0006558,0.00051204814,0,0.0035400023,48.482372582757016,778.2313959237849,5020,5324.5845,2.7547925,607.1151,0.27531078,6576.273,3.3651617,0,,,,,48.482372582757016,0.0007258671,778.2313959237849,0.00073802326,-0.00465729,-0.0068898676
1.001631,0.0005121285,0,0.0035399953,48.481327790112715,778.2317538780488,5021,5329.4517,2.755278,607.1779,0.27535525,6582.682,3.36569,0,,,,,48.481327790112715,0.000725704,778.2317538780488,0.0007380069,-0.004201506,-0.0066786273
1.0011753,0.00051221234,0,0.0035399878,48.48143532753393,778.2292404866034,5022,5328.0283,2.755341,607.7184,0.27547628,6579.6875,3.3662407,0,,,,,48.48143532753393,0.0007259338,778.2292404866034,0.0007382545,-0.004037014,-0.006381349
1.0013396,0.00051224435,0,0.0035399802,48.48266482520161,778.2304008329763,5023,5329.7188,2.7554805,607.9706,0.27544615,6580.7666,3.3664513,0,,,,,48.48266482520161,0.00072614703,778.2304008329763,0.00073849724,-0.0039122705,-0.005939705
1.0012944,0.00051216764,0,0.0035399722,48.48159486668167,778.2305509565185,5024,5329.04,2.7552521,607.3651,0.27518782,6580.4697,3.3659468,0,,,,,48.48159486668167,0.0007266856,778.2305509565185,0.0007392001,-0.0037582756,-0.005802777
1.0016756,0.0005122085,0,0.003539964,48.48270363100566,778.2311329751963,5025,5331.426,2.755624,607.42773,0.27515128,6582.9756,3.3662155,0,,,,,48.48270363100566,0.0007259838,778.2311329751963,0.000738207,-0.0037099826,-0.0056375293
1.0006198,0.0005121137,0,0.0035399555,48.48200784057751,778.2314687545187,5026,5325.9487,2.7549763,607.2185,0.27546585,6576.0366,3.3655925,0,,,,,48.48200784057751,0.00072591804,778.2314687545187,0.0007381541,-0.00366488,-0.005410993
0.9997188,0.0005120211,0,0.0035399466,48.48192990343779,778.23165157919,5027,5320.4395,2.7544413,607.5397,0.27539006,6570.115,3.364984,0,,,,,48.48192990343779,0.00072749687,778.23165157919,0.00073962304,-0.0033981248,-0.005868279
0.999538,0.0005120202,0,0.0035399373,48.48103791307395,778.2305052932052,5028,5320.357,2.754321,606.80505,0.27524436,6568.9272,3.3649778,0,,,,,48.48103791307395,0.0007265902,778.2305052932052,0.0007389109,-0.0034713056,-0.0057083685
0.9993846,0.00051203615,0,0.0035399278,48.48122058771206,778.230542731281,5029,5319.502,2.7543504,608.7196,0.2752712,6567.919,3.365083,0,,,,,48.48122058771206,0.00072771794,778.230542731281,0.0007400978,-0.0034649095,-0.00582941
0.99994946,0.0005120594,0,0.003539918,48.48072598709737,778.2308631357392,5030,5321.646,2.754515,607.0424,0.2754307,6571.6313,3.3652358,0,,,,,48.48072598709737,0.0007275576,778.2308631357392,0.00073982455,-0.0034584762,-0.0060860473
0.9993655,0.0005119402,0,0.003539908,48.47997882186887,778.2301393139086,5031,5319.0493,2.7541564,607.6693,0.27539197,6567.7935,3.3644524,0,,,,,48.47997882186887,0.00072733423,778.2301393139086,0.0007397695,-0.0034111883,-0.0059982277
0.99992204,0.00051198946,0,0.0035398975,48.48090660490234,778.2318297205329,5032,5322.2524,2.7544606,607.16064,0.27521363,6571.451,3.364776,0,,,,,48.48090660490234,0.00072688336,778.2318297205329,0.0007390729,-0.0034824272,-0.0055072894
0.99912435,0.00051198027,0,0.0035398868,48.48227788707118,778.2315048464419,5033,5317.6865,2.7542226,609.0279,0.27528286,6566.2085,3.3647156,0,,,,,48.48227788707118,0.00072780903,778.2315048464419,0.0007399912,-0.003160134,-0.0054905238
0.999758,0.0005119802,0,0.0035398756,48.48142622077713,778.2303072584855,5034,5321.51,2.7543023,607.5433,0.27508345,6570.373,3.3647153,0,,,,,48.48142622077713,0.00072653603,778.2303072584855,0.0007388618,-0.0034062427,-0.0056043277
0.9994234,0.0005119912,0,0.0035398642,48.48188685154622,778.2322139074194,5035,5319.522,2.7541692,607.5301,0.27544484,6568.174,3.3647873,0,,,,,48.48188685154622,0.0007265864,778.2322139074194,0.0007387756,-0.0033630845,-0.005409148
0.99988055,0.0005120507,0,0.0035398526,48.48198414600108,778.2314878506807,5036,5321.2676,2.7545786,606.98535,0.27555025,6571.178,3.3651786,0,,,,,48.48198414600108,0.0007262649,778.2314878506807,0.00073849334,-0.0033975686,-0.005943634
0.99951744,0.00051206944,0,0.0035398407,48.48182231668019,778.2334110224597,5037,5320.5938,2.7544527,607.83545,0.27545726,6568.792,3.3653016,0,,,,,48.48182231668019,0.0007271781,778.2334110224597,0.00073924445,-0.0030795701,-0.005046981
0.9989454,0.0005120193,0,0.0035398284,48.481570784771584,778.2317804809381,5038,5316.9478,2.754256,608.5071,0.27526966,6565.0327,3.3649724,0,,,,,48.481570784771584,0.0007274813,778.2317804809381,0.00073963753,-0.0032579436,-0.0050574746
0.9991214,0.0005119707,0,0.0035398158,48.48249992742579,778.231562970236,5039,5317.4565,2.7540762,607.12646,0.275574,6566.1895,3.3646529,0,,,,,48.48249992742579,0.000727228,778.231562970236,0.00073947886,-0.0029890686,-0.005156525
0.9999753,0.00051208696,0,0.0035397897,48.48035138186213,778.2322253517796,5041,5321.9414,2.754627,608.4952,0.2754023,6571.8013,3.3654168,0,,,,,48.48035138186213,0.0007263767,778.2322253517796,0.0007385989,-0.0032811118,-0.005440156
1.0000174,0.0005119712,0,0.003539776,48.48029392907482,778.2314545241771,5042,5321.8774,2.7545512,607.9587,0.27547017,6572.0776,3.364656,0,,,,,48.48029392907482,0.00072683435,778.2314545241771,0.0007391756,-0.0033386175,-0.0052591544
0.999094,0.00051192625,0,0.0035397622,48.48178612458041,778.2322447592949,5043,5317.74,2.7540092,607.8902,0.2752522,6566.0093,3.3643606,0,,,,,48.48178612458041,0.0007276517,778.2322447592949,0.0007398543,-0.003259894,-0.004958179
0.99908423,0.0005118822,0,0.003539748,48.482434036344515,778.2320281576067,5044,5317.116,2.7538588,607.2186,0.27539197,6565.945,3.3640711,0,,,,,48.482434036344515,0.00072633475,778.2320281576067,0.0007386772,-0.0028204035,-0.0047396235
0.99952435,0.0005120568,0,0.0035397336,48.4815776033217,778.2314747023039,5045,5320.295,2.754536,608.09827,0.275219,6568.8374,3.3652186,0,,,,,48.4815776033217,0.0007275616,778.2314747023039,0.00073978206,-0.0028120445,-0.004321846
0.9989926,0.00051197136,0,0.003539719,48.48264129148408,778.2318062779528,5046,5317.629,2.7540596,607.33563,0.2754174,6565.343,3.3646572,0,,,,,48.48264129148408,0.0007278976,778.2318062779528,0.0007400662,-0.0029839315,-0.004513134
0.99932706,0.0005120027,0,0.0035397038,48.48316402309301,778.2322648367642,5047,5318.964,2.7542536,607.8635,0.27509826,6567.541,3.3648627,0,,,,,48.48316402309301,0.0007276409,778.2322648367642,0.00073987973,-0.003187313,-0.0047167116
1.0000826,0.0005120766,0,0.0035396884,48.480788559490804,778.2328358459426,5048,5323.435,2.7545712,606.97455,0.2754972,6572.5063,3.3653486,0,,,,,48.480788559490804,0.00072639494,778.2328358459426,0.0007384336,-0.003037491,-0.0049520535
0.99968725,0.0005120599,0,0.0035396726,48.4815509437601,778.232320092538,5049,5321.9585,2.754652,607.4022,0.27518713,6569.908,3.365239,0,,,,,48.4815509437601,0.0007275528,778.232320092538,0.0007395119,-0.0027717764,-0.0047006663
0.998238,0.0005117859,0,0.0035396568,48.48044972934367,778.2315054709093,5050,5312.956,2.7534637,607.8724,0.27516234,6560.384,3.3634384,0,,,,,48.48044972934367,0.0007279252,778.2315054709093,0.00074017036,-0.003200193,-0.0053888126
0.99912566,0.0005119506,0,0.0035396405,48.48138272913431,778.2325608024577,5051,5318.3276,2.7540262,607.0571,0.27536196,6566.2173,3.3645203,0,,,,,48.48138272913431,0.00072763057,778.2325608024577,0.0007397634,-0.0028930989,-0.0049944995
0.9999997,0.0005120821,0,0.0035396237,48.48170077499016,778.2307814750548,5052,5323.768,2.7547607,607.4271,0.2750256,6571.9614,3.3653846,0,,,,,48.48170077499016,0.0007276015,778.2307814750548,0.00073991454,-0.002784816,-0.004965014
0.99911124,0.000511943,0,0.0035396067,48.48186609798153,778.233344331901,5053,5317.721,2.7540958,607.8485,0.2751148,6566.1226,3.3644707,0,,,,,48.48186609798153,0.000726752,778.233344331901,0.0007388124,-0.002839567,-0.0047330996
0.99813545,0.00051186344,0,0.0035395895,48.4804939562535,778.2331240883551,5054,5313.089,2.7534773,608.03235,0.2754488,6559.7095,3.3639479,0,,,,,48.4804939562535,0.0007274864,778.2331240883551,0.00073945685,-0.0029081495,-0.0045764977
0.9991748,0.00051200663,0,0.003539572,48.48317564197964,778.2331243514927,5055,5318.693,2.7542264,608.2975,0.27536172,6566.54,3.3648887,0,,,,,48.48317564197964,0.0007263463,778.2331243514927,0.0007384698,-0.002849355,-0.0045656515
0.99917156,0.0005119475,0,0.003539554,48.48263223691812,778.2335538600265,5056,5318.0107,2.7540774,607.71124,0.27521563,6566.519,3.3645,0,,,,,48.48263223691812,0.00072737876,778.2335538600265,0.0007393498,-0.0027739427,-0.0045971214
0.9997191,0.0005120305,0,0.003539536,48.48137693989305,778.2335877900799,5057,5321.682,2.754498,607.8362,0.27523068,6570.117,3.3650458,0,,,,,48.48137693989305,0.00072784815,778.2335877900799,0.000739927,-0.0024793723,-0.0040319995
1.000011,0.0005120676,0,0.0035395175,48.48365495527931,778.2332722088987,5058,5323.4043,2.7545538,606.59595,0.2753062,6572.0356,3.3652894,0,,,,,48.48365495527931,0.00072636275,778.2332722088987,0.000738446,-0.0022644035,-0.0041635376
0.9990614,0.0005120199,0,0.0035394987,48.48205154623368,778.2321947839141,5059,5317.1895,2.7543597,611.2731,0.2755857,6565.795,3.364976,0,,,,,48.48205154623368,0.0007276987,778.2321947839141,0.0007399229,-0.0026017318,-0.003927281
0.9997676,0.0005121081,0,0.0035394796,48.48222526854454,778.2339665128154,5060,5322.5005,2.754547,607.0504,0.27519757,6570.436,3.3655555,0,,,,,48.48222526854454,0.0007261309,778.2339665128154,0.00073805114,-0.002364798,-0.003589648
0.9990829,0.0005119726,0,0.0035394602,48.48226532302918,778.2334138441294,5061,5318.415,2.7541845,607.6577,0.2754574,6565.9365,3.364665,0,,,,,48.48226532302918,0.0007278479,778.2334138441294,0.0007399649,-0.0025648994,-0.0036291452
0.9997564,0.0005120316,8192,0.0035394405,48.48310935493519,778.2316448187148,5062,5320.698,2.75444,607.3269,0.27506152,6570.3623,3.365053,8192,,,,,48.48310935493519,0.00072754873,778.2316448187148,0.00073965604,-0.002588117,-0.0040497705
0.9993623,0.00051200995,0,0.0035394204,48.482259533353314,778.2323148163982,5063,5319.436,2.7541957,606.8429,0.27524635,6567.7725,3.3649106,0,,,,,48.482259533353314,0.0007276774,778.2323148163982,0.00073980016,-0.0027829963,-0.0045879027
0.99962467,0.0005120404,0,0.0035394002,48.48192045055079,778.2313564395083,5064,5321.3315,2.7544887,607.54,0.27529886,6569.4966,3.3651106,0,,,,,48.48192045055079,0.0007264084,778.2313564395083,0.00073886313,-0.0027724004,-0.004205423
0.9989071,0.0005119054,0,0.0035393795,48.48183160058052,778.233391886436,5065,5317.1846,2.7538722,607.1864,0.2752063,6564.781,3.3642235,0,,,,,48.48183160058052,0.00072728365,778.233391886436,0.0007392491,-0.0030660566,-0.0042841905
0.9997236,0.0005120208,0,0.0035393585,48.483463506536374,778.2339063783045,5066,5322.3584,2.7545047,606.65985,0.275195,6570.147,3.3649817,0,,,,,48.483463506536374,0.0007261684,778.2339063783045,0.0007380758,-0.0026324508,-0.004095144
0.99932635,0.0005119802,0,0.003539337,48.48359627909652,778.2331404363925,5067,5319.607,2.7542815,607.2348,0.27507934,6567.536,3.3647153,0,,,,,48.48359627909652,0.0007272208,778.2331404363925,0.00073926937,-0.0026367249,-0.0040706913
1.0000571,0.00051209336,8192,0.0035393157,48.48175184169684,778.2334196989068,5068,5323.4595,2.7545798,605.76855,0.27549696,6572.339,3.365459,8192,,,,,48.48175184169684,0.0007270276,778.2334196989068,0.0007391182,-0.0026722935,-0.0039831134
0.99999696,0.00051208126,0,0.0035392938,48.48258230552527,778.2331803983581,5069,5323.176,2.7546492,607.6698,0.27540094,6571.9434,3.365379,0,,,,,48.48258230552527,0.00072681427,778.2331803983581,0.00073884195,-0.0026320678,-0.0038704798
0.9996977,0.0005120592,0,0.0035392714,48.481970605346596,778.2345365934434,5070,5321.0854,2.754528,608.12335,0.27536497,6569.9766,3.3652344,0,,,,,48.481970605346596,0.0007265137,778.2345365934434,0.00073835294,-0.0027354753,-0.0039058768
0.9997216,0.00051201053,0,0.003539249,48.481957737491065,778.2343080665428,5071,5322.071,2.7543705,606.9005,0.2752522,6570.134,3.3649147,0,,,,,48.481957737491065,0.00072713976,778.2343080665428,0.0007390669,-0.0022691712,-0.0032131483
1.0002536,0.0005120514,0,0.0035392263,48.48231851862223,778.2332353588863,5072,5324.6104,2.754738,606.59344,0.27536443,6573.63,3.3651829,0,,,,,48.48231851862223,0.0007265406,778.2332353588863,0.0007385955,-0.0024616225,-0.003505305
0.99937725,0.00051200617,0,0.003539203,48.48160587089707,778.2343463776201,5073,5318.9663,2.7540665,606.9448,0.2751732,6567.8706,3.3648858,0,,,,,48.48160587089707,0.0007266402,778.2343463776201,0.00073860365,-0.0026689903,-0.0039256597
0.99843955,0.00051192316,0,0.0035391797,48.48252971273354,778.2331049539479,5074,5315.071,2.7536843,607.18494,0.27553573,6561.708,3.3643403,0,,,,,48.48252971273354,0.0007284142,778.2331049539479,0.0007405067,-0.0022709465,-0.003460462
0.9994213,0.0005119935,0,0.003539156,48.48351756097095,778.2335458881869,5075,5320.1797,2.7542083,605.8488,0.27528164,6568.16,3.3648024,0,,,,,48.48351756097095,0.00072683574,778.2335458881869,0.00073882664,-0.0025175898,-0.002926981
0.99880433,0.0005119364,0,0.0035391317,48.48366078999687,778.2328865766501,5076,5316.6973,2.7538297,606.5018,0.27526417,6564.1055,3.364427,0,,,,,48.48366078999687,0.000728077,778.2328865766501,0.00074006856,-0.002511846,-0.0030419885
0.99988097,0.00051220134,128,0.0035391075,48.481939785404634,778.2335767649872,5077,5322.938,2.7553287,607.3548,0.2754157,6571.181,3.3661683,128,,,,,48.481939785404634,0.00072714273,778.2335767649872,0.0007392437,-0.0023255749,-0.0031437483
0.9997413,0.0005120464,0,0.0035390828,48.48231522145317,778.235021113488,5078,5322.7603,2.7544367,606.4895,0.27515593,6570.263,3.3651502,0,,,,,48.48231522145317,0.0007270389,778.235021113488,0.0007387575,-0.0019614666,-0.0027595744
0.9998963,0.00051200826,0,0.0035390577,48.48236790579237,778.2344356945674,5079,5322.2764,2.7545245,606.65204,0.27531478,6571.2817,3.3648996,0,,,,,48.48236790579237,0.00072760246,778.2344356945674,0.00073942606,-0.0023012224,-0.0031410053
0.9999274,0.0005120476,0,0.0035390325,48.48161347468393,778.2340407149253,5080,5323.0063,2.7546222,606.8631,0.27536935,6571.4863,3.365158,0,,,,,48.48161347468393,0.000726602,778.2340407149253,0.0007384354,-0.0022605453,-0.0030050299
0.99901766,0.000511941,0,0.003539007,48.48294477237381,778.235276438457,5081,5318.7183,2.75406,606.5441,0.27546117,6565.5073,3.3644574,0,,,,,48.48294477237381,0.0007279575,778.235276438457,0.00073973543,-0.0022407356,-0.0025910353
1.000866,0.0005121384,0,0.0035389808,48.48186036400482,778.2335767729941,5082,5327.1494,2.7550824,607.8659,0.2754263,6577.655,3.365755,0,,,,,48.48186036400482,0.00072640186,778.2335767729941,0.0007383433,-0.0020726817,-0.002786999
0.9983447,0.00051187235,0,0.0035389548,48.48267774876868,778.2344961955177,5083,5314.7505,2.7537673,607.5021,0.27531576,6561.085,3.3640065,0,,,,,48.48267774876868,0.0007277917,778.2344961955177,0.00073964347,-0.0021495821,-0.0026701053
1.0002944,0.0005120295,0,0.0035389282,48.48274693540063,778.2349856552465,5084,5325.135,2.7548144,607.44336,0.2755617,6573.8984,3.365039,0,,,,,48.48274693540063,0.00072723516,778.2349856552465,0.0007390123,-0.002380653,-0.0027189604
0.99953747,0.0005120169,0,0.0035389012,48.48221156045858,778.2344718710774,5085,5320.5146,2.7544882,607.1916,0.2755022,6568.924,3.3649561,0,,,,,48.48221156045858,0.00072784023,778.2344718710774,0.0007397282,-0.0023330785,-0.0025991236
0.9997911,0.00051210687,0,0.0035388742,48.48298773672506,778.2334411817882,5086,5322.321,2.7547052,608.2076,0.27522135,6570.5903,3.3655474,0,,,,,48.48298773672506,0.0007281862,778.2334411817882,0.0007402151,-0.0023544624,-0.0026686243
0.9996703,0.0005120016,0,0.0035388467,48.484009367057446,778.2346821772356,5087,5322.2617,2.7545476,606.8063,0.27535033,6569.797,3.3648558,0,,,,,48.484009367057446,0.00072691165,778.2346821772356,0.00073870126,-0.0023125152,-0.0024590935
1.0000721,0.0005120297,0,0.0035388188,48.4839564588152,778.2357814311891,5088,5323.1323,2.754516,607.06915,0.27510858,6572.4375,3.3650403,0,,,,,48.4839564588152,0.00072631874,778.2357814311891,0.00074070564,-0.0024844895,-0.0028537293
0.99884415,0.0005118955,0,0.0035387909,48.48251265510068,778.234254046445,5089,5317.9014,2.7539775,607.5323,0.27508035,6564.367,3.3641586,0,,,,,48.48251265510068,0.00072839734,778.234254046445,0.00074024766,-0.0022313646,-0.0025173747
0.99919164,0.0005119522,0,0.0035387625,48.482621057176544,778.2336635641897,5090,5319.502,2.7542536,607.84503,0.2755278,6566.651,3.364531,0,,,,,48.482621057176544,0.0007272744,778.2336635641897,0.0007391987,-0.0021166261,-0.0022013325
0.9995005,0.00051193486,0,0.0035387338,48.48208370344262,778.2335455985216,5091,5320.79,2.7543547,607.2602,0.27528736,6568.6807,3.3644173,0,,,,,48.48208370344262,0.0007275356,778.2335455985216,0.00073959935,-0.0019248219,-0.0022904363
0.9997273,0.0005120204,0,0.0035387047,48.482709273430466,778.2365866401985,5092,5323.017,2.7545748,607.52545,0.27525073,6570.1714,3.3649793,0,,,,,48.482709273430466,0.0007274986,778.2365866401985,0.0007391144,-0.0020077515,-0.002050785
0.9988396,0.00051190297,0,0.0035386754,48.48257752439688,778.2358460436367,5093,5316.865,2.7540317,607.1422,0.27591112,6564.3374,3.3642075,0,,,,,48.48257752439688,0.00072781846,778.2358460436367,0.0007395013,-0.002150305,-0.0024763164
0.99959797,0.00051199226,0,0.0035386458,48.48374795280275,778.2349989220286,5094,5321.4365,2.754341,607.27435,0.27542025,6569.3213,3.3647945,0,,,,,48.48374795280275,0.0007278022,778.2349989220286,0.00073955517,-0.0020993024,-0.0017878697
0.99830157,0.0005118925,0,0.0035386158,48.48328319680974,778.2342618400811,5095,5314.3057,2.75378,607.62244,0.2754086,6560.8013,3.3641388,0,,,,,48.48328319680974,0.0007286517,778.2342618400811,0.0007405589,-0.002108262,-0.0020644388
0.9987312,0.00051189965,0,0.0035385855,48.482629562436415,778.2351278012538,5096,5315.7827,2.7537582,606.6123,0.27516693,6563.625,3.3641856,0,,,,,48.482629562436415,0.0007279063,778.2351278012538,0.0007396233,-0.0023176365,-0.0023867043
0.99897844,0.00051191746,0,0.003538555,48.48176306546844,778.2343101111869,5097,5318.114,2.754119,607.5084,0.2753774,6565.2495,3.3643029,0,,,,,48.48176306546844,0.0007281877,778.2343101111869,0.0007401735,-0.0019271002,-0.0021630125
0.99988997,0.00051199505,0,0.003538524,48.4818415528741,778.2346318533423,5098,5323.0615,2.7544725,606.25964,0.27487904,6571.24,3.3648126,0,,,,,48.4818415528741,0.00072648766,778.2346318533423,0.0007384218,-0.0020115497,-0.0019117942
0.99961025,0.0005120186,0,0.0035384928,48.483002139371635,778.2350944227906,5099,5320.9536,2.754478,607.1034,0.27582002,6569.402,3.3649678,0,,,,,48.483002139371635,0.00072746794,778.2350944227906,0.0007391494,-0.0021452624,-0.002102891
1.000021,0.0005120504,8192,0.0035384614,48.48210217948994,778.2349702317711,5100,5324.245,2.754865,607.1778,0.27549767,6572.101,3.3651767,8192,,,,,48.48210217948994,0.0007273619,778.2349702317711,0.0007391541,-0.0017182137,-0.001546419
0.9992633,0.00051198574,0,0.0035384295,48.48193598846372,778.2350066990073,5101,5319.8438,2.7543504,608.1746,0.27531314,6567.1216,3.3647513,0,,,,,48.48193598846372,0.00072791846,778.2350066990073,0.0007396015,-0.0016259466,-0.0013335701
0.99958616,0.0005120355,0,0.0035383974,48.4819133193899,778.2335251336392,5102,5320.438,2.7545135,607.664,0.27534482,6569.2437,3.3650784,0,,,,,48.4819133193899,0.00072773214,778.2335251336392,0.0007397579,-0.0017192583,-0.0019404787
0.9984653,0.0005118265,0,0.003538365,48.48124626318619,778.2348272596207,5103,5315.601,2.7537613,606.95496,0.2754524,6561.8774,3.363705,0,,,,,48.48124626318619,0.0007278689,778.2348272596207,0.0007397844,-0.0016252649,-0.0013436981
1.0003325,0.0005120682,0,0.0035383324,48.48249817602171,778.2351892243917,5104,5325.5815,2.7547526,606.64453,0.2752903,6574.1484,3.3652937,0,,,,,48.48249817602171,0.00072688184,778.2351892243917,0.00073867035,-0.0017842783,-0.0014871396
0.9990871,0.0005118972,0,0.0035382994,48.48199735321124,778.2322153838743,5105,5317.201,2.7539566,607.20966,0.275328,6565.964,3.3641696,0,,,,,48.48199735321124,0.0007275948,778.2322153838743,0.000739633,-0.0022463608,-0.0022167712
0.99920577,0.0005119728,0,0.0035382658,48.484421127188625,778.2352102690711,5106,5318.5825,2.7541926,607.3989,0.27523813,6566.7437,3.3646665,0,,,,,48.484421127188625,0.0007282067,778.2352102690711,0.00073990686,-0.0020493888,-0.0022681677
0.99977946,0.00051203213,0,0.0035382323,48.48145095195805,778.2335802340074,5107,5322.318,2.7545042,606.6601,0.27547583,6570.514,3.3650563,0,,,,,48.48145095195805,0.00072679284,778.2335802340074,0.000738766,-0.0017488184,-0.0022117603
0.99880165,0.00051195105,0,0.0035381983,48.481961781281065,778.2324859789792,5108,5316.429,2.7538133,607.1757,0.27535886,6564.088,3.3645236,0,,,,,48.481961781281065,0.00072805246,778.2324859789792,0.000740016,-0.001917116,-0.0023088907
0.99890584,0.00051197666,0,0.003538164,48.48307311588155,778.2352379244918,5109,5318.2656,2.7541745,607.76917,0.27520794,6564.7725,3.3646917,0,,,,,48.48307311588155,0.0007281972,778.2352379244918,0.00073995953,-0.0017793332,-0.0017449746
1.000416,0.00051207904,0,0.0035381294,48.483661984828146,778.2363275071139,5110,5326.865,2.754917,606.78955,0.27533734,6574.6973,3.3653646,0,,,,,48.483661984828146,0.00072686037,778.2363275071139,0.0007385206,-0.0014923709,-0.0014474089
0.99882156,0.0005119686,0,0.0035380945,48.483487338667175,778.234720552668,5111,5317.6855,2.7540045,606.1604,0.27539274,6564.2188,3.364639,0,,,,,48.483487338667175,0.00072726514,778.234720552668,0.00073906896,-0.0014459573,-0.0016980317
0.9990904,0.00051196845,0,0.0035380593,48.482437994770244,778.2343065081241,5112,5319.204,2.7542083,607.4895,0.27514824,6565.9854,3.364638,0,,,,,48.482437994770244,0.0007280935,778.2343065081241,0.0007399954,-0.0016858923,-0.0017912795
0.9998741,0.0005120372,0,0.0035380237,48.4848739266199,778.234958083914,5113,5322.7476,2.7546446,606.8679,0.2754514,6571.136,3.3650897,0,,,,,48.4848739266199,0.0007278304,778.234958083914,0.00073974294,-0.0014166355,-0.002100821
0.999263,0.00051196385,0,0.0035379878,48.4820792363419,778.2356601160238,5114,5319.3345,2.754186,606.9019,0.2756256,6567.1196,3.3646078,0,,,,,48.4820792363419,0.0007262833,778.2356601160238,0.0007380275,-0.0015973358,-0.0017090337
0.99897945,0.00051196886,0,0.0035379517,48.483498344755304,778.2348631325995,5115,5318.072,2.7539763,607.3488,0.27531928,6565.2563,3.3646407,0,,,,,48.483498344755304,0.0007285489,778.2348631325995,0.00074039074,-0.00143534,-0.0020013768
1.0016536,0.0005123913,128,0.0035379154,48.482730447354555,778.2351895961325,5116,5332.6274,2.7563984,607.65063,0.2753171,6582.83,3.3674169,128,,,,,48.482730447354555,0.0007262044,778.2351895961325,0.0007381065,-0.001644377,-0.0019180923
0.99949944,0.00051201927,0,0.0035378786,48.48179747347906,778.2340704163983,5117,5320.392,2.754412,606.79706,0.27543885,6568.674,3.3649719,0,,,,,48.48179747347906,0.0007278394,778.2340704163983,0.0007396902,-0.0016558756,-0.0024873754
0.9994811,0.00051200134,0,0.0035378414,48.48386941161975,778.2343974286578,5118,5320.7324,2.7544534,607.48224,0.2753176,6568.553,3.364854,0,,,,,48.48386941161975,0.00072738004,778.2343974286578,0.00073930336,-0.0015725833,-0.002049233
0.9987579,0.00051189866,0,0.0035378041,48.48411112216968,778.2333836664976,5119,5316.2197,2.7541018,607.8316,0.27538475,6563.8003,3.3641794,0,,,,,48.48411112216968,0.0007282103,778.2333836664976,0.0007401094,-0.0012758882,-0.001991948
0.99918944,0.00051192875,0,0.0035377664,48.481837725262864,778.2344965731128,5120,5318.871,2.7542377,608.07983,0.27519175,6566.636,3.364377,0,,,,,48.481837725262864,0.0007274561,778.2344965731128,0.00073941326,-0.0013371314,-0.0017714341
0.9988301,0.0005119414,0,0.0035377285,48.4842492119971,778.2351460004891,5121,5317.73,2.7540836,607.2904,0.27527407,6564.275,3.36446,0,,,,,48.4842492119971,0.0007280259,778.2351460004891,0.00073981343,-0.0016266786,-0.0016574452
0.99983925,0.0005120814,0,0.00353769,48.48352858460503,778.2345426941647,5122,5322.8535,2.754652,607.862,0.275185,6570.9067,3.36538,0,,,,,48.48352858460503,0.0007270124,778.2345426941647,0.0007388322,-0.0014633989,-0.0017125562
0.99954015,0.00051203044,0,0.0035376514,48.48481990386595,778.2352063640049,5123,5321.4365,2.7544806,608.0056,0.2752644,6568.9414,3.3650453,0,,,,,48.48481990386595,0.0007281708,778.2352063640049,0.0007399924,-0.0013499709,-0.0013965049
0.9992547,0.0005120194,0,0.0035376125,48.48220362452721,778.235809079671,5124,5320.3706,2.754365,607.1235,0.27544004,6567.0654,3.3649726,0,,,,,48.48220362452721,0.0007280321,778.235809079671,0.0007398609,-0.0012429311,-0.0011125043
1.0002381,0.00051212,0,0.0035375734,48.483261973648226,778.2368020541161,5125,5325.219,2.7549524,607.30347,0.27579674,6573.528,3.3656342,0,,,,,48.483261973648226,0.0007261921,778.2368020541161,0.0007377237,-0.0010812398,-0.0013702455
0.9994361,0.0005120634,0,0.0035375338,48.48430391773027,778.2365708643683,5126,5321.848,2.7545748,607.34595,0.2754948,6568.2573,3.3652618,0,,,,,48.48430391773027,0.000727166,778.2365708643683,0.00073867664,-0.00061275286,-0.0006588247
0.9995871,0.0005119987,0,0.0035374938,48.48270521333474,778.2360032911647,5127,5322.4224,2.7544765,606.99695,0.27520648,6569.25,3.364837,0,,,,,48.48270521333474,0.0007269333,778.2360032911647,0.0007386371,-0.0008867799,-0.0005990706
0.9987999,0.00051192875,0,0.0035374537,48.483805987500304,778.235555546682,5128,5316.9575,2.7542045,608.17303,0.27525744,6564.0767,3.364377,0,,,,,48.483805987500304,0.00072883983,778.235555546682,0.00074039545,-0.0011989311,-0.0010629682
1.0002316,0.0005121017,0,0.0035374132,48.484615609222516,778.2358634249601,5129,5325.4062,2.754963,607.4004,0.27553776,6573.4854,3.3655136,0,,,,,48.484615609222516,0.0007264639,778.2358634249601,0.0007381676,-0.0013597,-0.00088285044
1.0007175,0.00051219435,8192,0.0035373725,48.48439327216119,778.2365938538746,5130,5327.949,2.7551286,607.15845,0.27546316,6576.679,3.3661225,8192,,,,,48.48439327216119,0.0007267408,778.2365938538746,0.00073841994,-0.0009895622,-0.00046628335
0.9994173,0.0005119924,0,0.0035373312,48.48264384906857,778.23658064656,5131,5319.9766,2.7541692,607.49,0.27514398,6568.134,3.3647952,0,,,,,48.48264384906857,0.0007273884,778.23658064656,0.0007390859,-0.0011346445,-0.00085250917
0.99948496,0.00051196635,0,0.0035372898,48.48270160556897,778.2363937867004,5132,5321.535,2.7544746,607.2283,0.27522075,6568.5786,3.3646243,0,,,,,48.48270160556897,0.0007277897,778.2363937867004,0.00073943165,-0.0010369477,-0.00024232097
1.0001618,0.0005121141,0,0.0035372481,48.48368770821231,778.23677811058,5133,5325.045,2.7549694,607.55963,0.27534464,6573.027,3.365595,0,,,,,48.48368770821231,0.00072740874,778.23677811058,0.00073911407,-0.0006810145,0.0002973474
0.9995875,0.00051202683,0,0.0035372062,48.48347264679344,778.2343425202362,5134,5321.3003,2.7544608,606.77374,0.274999,6569.2524,3.3650217,0,,,,,48.48347264679344,0.00072784617,778.2343425202362,0.00073975575,-0.00079627824,-0.00018098163
0.9991995,0.00051205076,0,0.0035371638,48.484846111830315,778.2348161895094,5135,5319.8784,2.7543435,607.49097,0.27519876,6566.7026,3.3651788,0,,,,,48.484846111830315,0.00072781387,778.2348161895094,0.000739529,-0.0009851981,-0.00042433498
1.0005933,0.00051216397,0,0.0035371212,48.48373228946197,778.2363926997331,5136,5327.7583,2.7552829,607.15375,0.27529383,6575.8623,3.365923,0,,,,,48.48373228946197,0.00072691916,778.2363926997331,0.0007385776,-0.0011485412,-0.00057565887
0.9984686,0.000511949,0,0.0035370782,48.48480262953919,778.2365220900539,5137,5315.726,2.7538543,607.0499,0.27552468,6561.899,3.3645103,0,,,,,48.48480262953919,0.00072882907,778.2365220900539,0.00073979824,-0.0010266895,-0.0004936853
0.9997611,0.0005120286,0,0.0035370348,48.48478597524349,778.2372295018483,5138,5323.5015,2.754585,607.0517,0.2753496,6570.3936,3.3650331,0,,,,,48.48478597524349,0.0007277393,778.2372295018483,0.00073923415,-0.0008465692,-0.0002759247
0.99889356,0.00051196833,0,0.0035369913,48.48384451646007,778.2356997688823,5139,5318.775,2.754122,605.9086,0.2753047,6564.692,3.3646371,0,,,,,48.48384451646007,0.00072822085,778.2356997688823,0.0007399838,-0.000431505,-0.0005667687
0.9989219,0.0005120081,0,0.0035369475,48.48467461234474,778.2368847253323,5140,5318.957,2.7540758,607.21246,0.2752125,6564.878,3.3648984,0,,,,,48.48467461234474,0.0007275227,778.2368847253323,0.00073932443,-0.0007933934,-0.00070560694
0.99920285,0.00051202095,0,0.0035369033,48.48321814163046,778.2366851742051,5141,5321.095,2.7543228,606.76263,0.27552375,6566.7246,3.3649828,0,,,,,48.48321814163046,0.00072763435,778.2366851742051,0.00073921384,0.0,0.0
0.999149,0.00051196845,0,0.0035368588,48.48422080694423,778.2364479224105,5142,5320.0796,2.7542744,606.8399,0.27507707,6566.3706,3.3646379,0,,,,,48.48422080694423,0.0007278988,778.2364479224105,0.0007396207,-0.0003032035,-0.00041277392
0.9991163,0.0005120381,0,0.003536814,48.48343668393035,778.2343026404344,5143,5319.733,2.754309,606.6644,0.2754404,6566.156,3.3650956,0,,,,,48.48343668393035,0.0007286,778.2343026404344,0.00074051827,-0.0004226833,-0.0005508959
0.99867284,0.0005119647,0,0.0035367687,48.485117557794275,778.2356245234919,5144,5318.296,2.754131,606.782,0.27532876,6563.241,3.3646133,0,,,,,48.485117557794275,0.0007285254,778.2356245234919,0.00074034306,-2.8750945e-05,-0.00024762598
0.99988204,0.0005120206,0,0.0035367233,48.48510311113799,778.236437798193,5145,5323.4805,2.754597,607.27704,0.27539837,6571.188,3.3649807,0,,,,,48.48510311113799,0.00072731293,778.236437798193,0.0007391172,-0.00029710977,-0.0008128036
0.9996544,0.00051207666,0,0.0035366777,48.485426549842785,778.2356694132178,5146,5322.81,2.7546177,606.5706,0.27539718,6569.6924,3.365349,0,,,,,48.485426549842785,0.00072810083,778.2356694132178,0.0007398743,-0.00012173934,-0.0005633331
0.9998196,0.0005120236,0,0.0035366316,48.48431045465382,778.2367062799049,5147,5324.006,2.7546122,606.6943,0.2753709,6570.778,3.3650002,0,,,,,48.48431045465382,0.0007272004,778.2367062799049,0.00073894707,-0.0004001946,-0.00063016475
0.9997489,0.0005120243,0,0.0035365853,48.4852211945013,778.2351007863382,5148,5323.6133,2.754625,606.9033,0.27512294,6570.313,3.3650048,0,,,,,48.4852211945013,0.0007269364,778.2351007863382,0.000738644,1.3714585e-05,-0.0003996314
0.9986876,0.0005119384,0,0.0035365385,48.4850573656179,778.2361227638498,5149,5318.7627,2.7541103,607.2256,0.27516764,6563.3384,3.3644407,0,,,,,48.4850573656179,0.0007286417,778.2361227638498,0.00074026006,-7.908337e-05,0.00041532546
0.99933535,0.00051200227,0,0.0035364914,48.48459305765704,778.2364652450893,5150,5322.5347,2.7544205,605.89594,0.27574748,6567.595,3.36486,0,,,,,48.48459305765704,0.00072638167,778.2364652450893,0.0007380016,0.00021972795,-0.0002749675
0.9999411,0.00051204977,0,0.0035364442,48.48468956241399,778.234992165417,5151,5324.992,2.7548034,606.90546,0.27519596,6571.576,3.3651721,0,,,,,48.48468956241399,0.0007272207,778.234992165417,0.0007389763,3.825512e-05,-0.00038200617
0.9996306,0.0005120497,0,0.0035363967,48.48447403324472,778.2356096903108,5152,5323.3857,2.75457,606.9661,0.27528682,6569.5356,3.365172,0,,,,,48.48447403324472,0.0007272006,778.2356096903108,0.0007389168,0.00013345703,-0.0004187997
0.99914914,0.0005120248,0,0.0035363487,48.48398764490986,778.2362042083389,5153,5321.2993,2.7545116,606.6898,0.27534398,6566.3716,3.365008,0,,,,,48.48398764490986,0.00072802376,778.2362042083389,0.00073971937,0.00023147084,1.32906125e-05
0.9992167,0.00051195343,0,0.0035363005,48.484334817673215,778.2362739081137,5154,5320.1387,2.754151,606.9167,0.2752759,6566.8154,3.3645394,0,,,,,48.484334817673215,0.00072730315,778.2362739081137,0.000738953,-0.00012858679,-0.0009234141
0.99910885,0.0005119903,0,0.0035362518,48.48500195234294,778.2357773021918,5155,5320.1387,2.754403,606.871,0.27538458,6566.107,3.3647814,0,,,,,48.48500195234294,0.0007282002,778.2357773021918,0.0007400065,-0.00053891167,-0.0010234374
0.99910486,0.0005119457,8192,0.003536203,48.48402604741008,778.2360333326526,5156,5320.1646,2.7543402,607.279,0.27515045,6566.0806,3.3644884,8192,,,,,48.48402604741008,0.000727714,778.2360333326526,0.0007393524,-0.00040459377,-0.0004377202
0.9994368,0.0005119964,0,0.0035361538,48.484980837531026,778.2360310017899,5157,5321.5654,2.754261,606.4689,0.27542052,6568.262,3.3648217,0,,,,,48.484980837531026,0.00072741404,778.2360310017899,0.00073902064,-0.00011247053,-0.00020214722
0.99912435,0.00051191647,0,0.0035361045,48.48428367248927,778.2361369627242,5158,5320.412,2.7542524,606.47217,0.27547222,6566.2085,3.3642962,0,,,,,48.48428367248927,0.00072783016,778.2361369627242,0.0007393589,-8.6487686e-05,0.00030510363
0.99970675,0.00051204866,0,0.0035360546,48.48474160965592,778.2371124470318,5159,5323.447,2.7546585,607.0094,0.27534306,6570.036,3.3651652,0,,,,,48.48474160965592,0.0007278444,778.2371124470318,0.00073947053,3.556238e-05,0.000108305176
0.99859315,0.00051188946,0,0.0035360046,48.48401904133106,778.2357156664688,5160,5316.7627,2.7538924,606.5988,0.2754178,6562.718,3.3641188,0,,,,,48.48401904133106,0.00072864466,778.2357156664688,0.000740328,-1.4733718e-05,-0.00012695215
0.998217,0.0005118635,0,0.003535954,48.48453411662065,778.2368166957913,5161,5315.234,2.7536695,606.6095,0.27543843,6560.2456,3.3639483,0,,,,,48.48453411662065,0.00072874053,778.2368166957913,0.00074031384,-0.00012267283,-0.00013755969
0.99966383,0.00051202637,0,0.0035359033,48.48439715023198,778.23658813783,5162,5322.314,2.7543857,607.11005,0.27530578,6569.754,3.3650186,0,,,,,48.48439715023198,0.00072758505,778.23658813783,0.0007391494,9.014126e-06,-0.00038617817
0.99872726,0.00051183003,0,0.0035358523,48.48472486074772,778.2367782370258,5163,5317.3555,2.7538888,606.83813,0.27563247,6563.599,3.363728,0,,,,,48.48472486074772,0.0007279047,778.2367782370258,0.0007393121,-0.0002379223,-0.00032685787
0.9993759,0.00051196927,0,0.003535801,48.485375396793195,778.2359088055576,5164,5321.3696,2.7543602,606.5516,0.2751952,6567.862,3.364643,0,,,,,48.485375396793195,0.0007272786,778.2359088055576,0.00073903135,-0.00010753042,-0.00031905528
0.99985695,0.00051204494,0,0.0035357494,48.48497411698975,778.2363939558517,5165,5323.8203,2.754792,606.2726,0.27533698,6571.0234,3.3651404,0,,,,,48.48497411698975,0.0007274862,778.2363939558517,0.0007391036,0.00021003954,-0.00028111614
0.99981123,0.00051207206,0,0.0035356975,48.483837085126126,778.2347528894081,5166,5323.0635,2.7546523,607.5166,0.2753921,6570.7227,3.3653188,0,,,,,48.483837085126126,0.0007280785,778.2347528894081,0.0007399394,-0.00014000708,-0.0004804361
0.9986476,0.0005119989,8192,0.003535645,48.48431375518053,778.2373513461135,5167,5318.062,2.7541044,606.5671,0.27527672,6563.075,3.364838,8192,,,,,48.48431375518053,0.00072825846,778.2373513461135,0.0007397321,0.00025584517,2.9483135e-05
0.99887234,0.00051195116,0,0.0035355927,48.48455962111197,778.2371392873158,5168,5319.59,2.7542546,606.8125,0.27512503,6564.5522,3.3645244,0,,,,,48.48455962111197,0.00072839955,778.2371392873158,0.00073992985,0.0005709017,0.00082530675
0.9988133,0.0005119349,0,0.0035355398,48.4855866404405,778.2379009789288,5169,5319.485,2.7541432,606.0914,0.27546284,6564.164,3.3644176,0,,,,,48.4855866404405,0.0007283109,778.2379009789288,0.00073960354,0.0004498794,0.0009163584
0.999877,0.00051209435,0,0.0035354865,48.48643174071826,778.2360799547132,5170,5325.322,2.7548442,606.46704,0.27511564,6571.155,3.3654654,0,,,,,48.48643174071826,0.0007272898,778.2360799547132,0.0007390854,0.0005437576,0.00093800144
0.99942064,0.00051204994,0,0.003535433,48.48661819909935,778.2382084978217,5171,5322.3555,2.754515,607.0239,0.27541745,6568.156,3.3651733,0,,,,,48.48661819909935,0.0007270619,778.2382084978217,0.00073844264,0.00013974773,0.0003781628
1.0006036,0.00051214726,0,0.0035353792,48.48503591502338,778.2370318340278,5172,5329.213,2.7553425,607.6812,0.27552402,6575.9297,3.365813,0,,,,,48.48503591502338,0.00072747277,778.2370318340278,0.0007389485,0.0004118784,0.0010120099
0.9999682,0.0005121687,0,0.0035353252,48.485695034802696,778.2387813591606,5173,5325.626,2.7551038,606.71173,0.27548775,6571.7544,3.365954,0,,,,,48.485695034802696,0.00072656065,778.2387813591606,0.0007377611,0.00053277356,0.0007137612
0.99911565,0.0005120049,0,0.0035352707,48.48525063981568,778.2386049537326,5174,5320.279,2.754367,606.50037,0.27561864,6566.1514,3.3648772,0,,,,,48.48525063981568,0.00072733546,778.2386049537326,0.00073870353,0.00034980342,0.00076621934
0.99971944,0.00051199103,0,0.003535216,48.484488675023705,778.2374366782643,5175,5323.2656,2.7545493,606.627,0.27549696,6570.1196,3.3647861,0,,,,,48.484488675023705,0.00072747335,778.2374366782643,0.0007388912,0.0004150758,0.00072462676
0.99983305,0.0005120878,0,0.0035351608,48.48538568030642,778.2387225905081,5176,5325.138,2.75482,607.6292,0.27533457,6570.866,3.365422,0,,,,,48.48538568030642,0.0007266216,778.2387225905081,0.0007379318,0.0009275601,0.0015242626
0.9993136,0.0005120136,0,0.0035351056,48.48375205597451,778.2385221416835,5177,5321.2036,2.7545037,607.1405,0.2754938,6567.452,3.364935,0,,,,,48.48375205597451,0.00072754413,778.2385221416835,0.0007388756,0.0006021835,0.0010999445
0.9996582,0.0005120844,0,0.0035350497,48.48389759973668,778.2373391627225,5178,5324.064,2.7546582,607.2479,0.2752398,6569.7173,3.3654,0,,,,,48.48389759973668,0.0007279357,778.2373391627225,0.0007394026,0.00079816935,0.0013832959
0.9989095,0.00051192776,0,0.0035349939,48.48457886130261,778.2380536786451,5179,5320.4297,2.7542067,606.3821,0.27528334,6564.7964,3.3643706,0,,,,,48.48457886130261,0.0007279233,778.2380536786451,0.00073934655,0.00063813105,0.0015384618
0.9998713,0.00051204563,0,0.0035349375,48.48563332803302,778.2370881035977,5180,5324.978,2.754788,606.5869,0.27526948,6571.1177,3.3651452,0,,,,,48.48563332803302,0.0007268082,778.2370881035977,0.0007382473,0.0006933194,0.0006333078
0.9993518,0.0005121055,0,0.003534881,48.48368718298208,778.2375612769551,5181,5322.959,2.7546422,607.07623,0.27557892,6567.7036,3.3655384,0,,,,,48.48368718298208,0.00072722323,778.2375612769551,0.0007386746,0.0008392926,0.0011867238
0.9997652,0.00051214837,0,0.0035348241,48.485983113396706,778.2356568183857,5182,5325.1567,2.7548904,607.1506,0.27538043,6570.4204,3.3658202,0,,,,,48.485983113396706,0.0007279825,778.2356568183857,0.0007396063,0.0008028568,0.0012984374
0.9990895,0.00051201106,0,0.0035347668,48.485374963271056,778.2374073078298,5183,5320.3384,2.7541676,606.6669,0.2754051,6565.9795,3.3649178,0,,,,,48.485374963271056,0.0007271686,778.2374073078298,0.000738714,0.00057888863,0.000613832
0.99926335,0.0005120324,0,0.0035347093,48.48548165381763,778.2371157066888,5184,5322.065,2.7544916,607.4211,0.27518302,6567.122,3.3650584,0,,,,,48.48548165381763,0.0007266442,778.2371157066888,0.00073816447,0.00056736165,0.00088735623
0.9996606,0.0005120523,0,0.0035346514,48.48469069924997,778.2380449749846,5185,5324.72,2.7546897,606.6923,0.27550542,6569.733,3.3651893,0,,,,,48.48469069924997,0.0007270267,778.2380449749846,0.0007386817,0.00096241944,0.0015821873
0.9995029,0.0005119552,16,0.003534535,48.48644175316618,778.2362685348868,5187,5322.095,2.75457,606.76855,0.27539942,6568.6963,3.3645506,16,,,,,48.48644175316618,0.00072736316,778.2362685348868,0.0007392369,0.001326089,-0.0004797083
1.0000411,0.00051209825,16,0.003534476,48.48448294968671,778.236594079644,5188,5324.9097,2.7549505,607.1723,0.2753777,6572.234,3.365491,16,,,,,48.48448294968671,0.00072743057,778.236594079644,0.00073905295,0.00088376825,0.00061886135
0.999302,0.0005120373,0,0.003534417,48.483893390106324,778.237812427071,5189,5321.3013,2.7544377,606.92804,0.27533746,6567.3765,3.3650904,0,,,,,48.483893390106324,0.0007286913,778.237812427071,0.0007400278,0.00064348395,0.0007016136
0.99831253,0.0005118242,0,0.0035343575,48.48583937315099,778.2367586307164,5190,5316.7446,2.753816,606.5563,0.27546835,6560.8735,3.36369,0,,,,,48.48583937315099,0.000728172,778.2367586307164,0.0007397708,0.0007182891,0.0009490619
0.99971217,0.00051201636,0,0.003534298,48.48559228042801,778.2376705465668,5191,5323.475,2.754828,607.4595,0.27502957,6570.072,3.3649528,0,,,,,48.48559228042801,0.0007276495,778.2376705465668,0.0007390672,0.00067502377,0.0010022966
1.0004075,0.000512051,0,0.0035342379,48.484259850475766,778.2368987146791,5192,5327.2637,2.7550802,606.03174,0.2753299,6574.641,3.3651803,0,,,,,48.484259850475766,0.0007273808,778.2368987146791,0.00073885056,0.0008778443,0.0010036624
0.999063,0.0005119593,0,0.0035341776,48.48449853679695,778.236758702735,5193,5321.0967,2.754439,606.7072,0.27533454,6565.8057,3.364578,0,,,,,48.48449853679695,0.00072774076,778.236758702735,0.0007393075,0.0012168604,0.0016760456
0.9989921,0.0005118318,0,0.003534117,48.48595570446063,778.2377420988383,5194,5319.7915,2.7542582,607.0645,0.27549785,6565.3394,3.3637397,0,,,,,48.48595570446063,0.000728426,778.2377420988383,0.00073985825,0.0012207179,0.0014600663
0.9995361,0.0005119551,0,0.003534056,48.485022969324945,778.2369493508629,5195,5323.0776,2.7546372,607.27905,0.27556723,6568.9146,3.36455,0,,,,,48.485022969324945,0.0007275171,778.2369493508629,0.0007390027,0.0011335129,0.0018311681
0.9992018,0.0005120405,0,0.0035339948,48.48767055953823,778.2397063792812,5196,5321.8306,2.7544992,606.89197,0.27530184,6566.7173,3.3651116,0,,,,,48.48767055953823,0.00072802673,778.2397063792812,0.00073937554,0.0013053357,0.0018832763
0.99840564,0.0005118438,0,0.003533933,48.485127602051435,778.2393479019602,5197,5317.317,2.7540472,608.56635,0.27525538,6561.4854,3.363819,0,,,,,48.485127602051435,0.00072836905,778.2393479019602,0.00073965633,0.0012942255,0.002217158
0.9991703,0.00051188696,0,0.0035338714,48.485346984705465,778.2368221964393,5198,5321.2627,2.75433,606.9068,0.27518684,6566.5107,3.3641024,0,,,,,48.485346984705465,0.0007274419,778.2368221964393,0.0007390721,0.0011849864,0.001820291
0.9989288,0.0005119814,0,0.0035338092,48.48503050916624,778.2367289316808,5199,5320.3926,2.7544787,606.8729,0.27535957,6564.9233,3.3647227,0,,,,,48.48503050916624,0.00072835956,778.2367289316808,0.00073989143,0.0011598764,0.0022510597
1.0003422,0.0005120617,0,0.0035337466,48.48680959078347,778.2385469762901,5200,5327.5566,2.7549992,607.29004,0.2753312,6574.213,3.3652506,0,,,,,48.48680959078347,0.00072610675,778.2385469762901,0.0007374874,0.0011784584,0.0019648748
0.99830663,0.000511937,0,0.0035336837,48.48737753059379,778.2389459694828,5201,5317.621,2.7539802,607.2754,0.27560133,6560.8345,3.3644314,0,,,,,48.48737753059379,0.0007280018,778.2389459694828,0.0007393626,0.0014051924,0.0020929868
0.99986005,0.00051209435,0,0.0035336206,48.48671182446916,778.2378370074643,5202,5326.6216,2.7549663,605.8995,0.27572852,6571.0435,3.3654652,0,,,,,48.48671182446916,0.00072712725,778.2378370074643,0.00073848886,0.0016505484,0.002635692
0.9989687,0.00051205046,0,0.0035335573,48.485947078110506,778.2378352676394,5203,5320.589,2.7545156,607.4224,0.27529696,6565.186,3.365177,0,,,,,48.485947078110506,0.000728326,778.2378352676394,0.0007397749,0.0015960553,0.0020556254
1.0000466,0.0005121515,0,0.0035334935,48.485989349882914,778.2383295991922,5204,5326.9463,2.7551434,606.84015,0.27559292,6572.27,3.3658412,0,,,,,48.485989349882914,0.00072717573,778.2383295991922,0.00073851604,0.001632451,0.0025091327
0.9998551,0.00051212416,0,0.0035334295,48.4855352876452,778.2398693270367,5205,5325.8315,2.7549322,606.9884,0.27551967,6571.011,3.3656611,0,,,,,48.4855352876452,0.0007273595,778.2398693270367,0.0007384974,0.0015264411,0.0026885928
0.9997055,0.00051210576,0,0.0035333652,48.4866605532748,778.240356761739,5206,5324.5195,2.7547681,607.56866,0.2754076,6570.028,3.3655403,0,,,,,48.4866605532748,0.0007281178,778.240356761739,0.00073927606,0.0017392068,0.0025808841
1.0002271,0.0005121589,0,0.0035333005,48.48565023867804,778.2382501762252,5207,5327.7583,2.75529,607.57043,0.27539894,6573.456,3.3658895,0,,,,,48.48565023867804,0.00072712207,778.2382501762252,0.0007385431,0.0015785722,0.0025476355
0.9996215,0.00051215285,0,0.0035332355,48.48456390955057,778.2393616100394,5208,5325.003,2.7549484,607.1571,0.27539903,6569.476,3.3658497,0,,,,,48.48456390955057,0.0007278055,778.2393616100394,0.0007392483,0.0016395849,0.0029220784
1.0006379,0.00051221024,0,0.0035331703,48.48724807965537,778.2400432508229,5209,5329.869,2.7554357,607.26447,0.27542302,6576.1553,3.3662271,0,,,,,48.48724807965537,0.00072747597,778.2400432508229,0.00073868537,0.0018678708,0.0026592815
0.99915135,0.0005123724,0,0.0035331047,48.48800054738664,778.2405099593524,5210,5323.689,2.756493,606.3221,0.27546632,6566.386,3.367293,0,,,,,48.48800054738664,0.00072765833,778.2405099593524,0.0007388907,0.00229216,0.0038320904
0.9997106,0.0005121485,0,0.0035330388,48.48708755352279,778.2404153713776,5211,5326.4517,2.7548306,606.8804,0.27555838,6570.0615,3.3658211,0,,,,,48.48708755352279,0.00072674255,778.2404153713776,0.00073787454,0.001911303,0.0031263542
0.9981296,0.0005119284,0,0.0035329727,48.48636123926103,778.238596968603,5212,5316.82,2.753864,606.8501,0.27556905,6559.6714,3.3643746,0,,,,,48.48636123926103,0.000728349,778.238596968603,0.0007395854,0.0017518332,0.0023899844
1.000116,0.0005124957,0,0.003532906,48.48835102869403,778.2408197108559,5213,5328.3257,2.7571363,606.58307,0.27545005,6572.7256,3.368103,0,,,,,48.48835102869403,0.0007271564,778.2408197108559,0.0007385327,0.0017047541,0.002844757
0.99973154,0.00051211956,0,0.0035328392,48.48667382754756,778.2386063286157,5214,5325.5244,2.7548501,606.71466,0.27521876,6570.199,3.365631,0,,,,,48.48667382754756,0.0007274137,778.2386063286157,0.0007387036,0.0017811961,0.0027176957
0.99986416,0.0005121113,0,0.003532772,48.48666470967042,778.2384400047497,5215,5325.43,2.7550497,607.4635,0.27515388,6571.071,3.3655765,0,,,,,48.48666470967042,0.00072802725,778.2384400047497,0.0007393672,0.0018100892,0.0029256607
0.9996761,0.0005122574,0,0.0035327047,48.486273586335166,778.2404611336528,5216,5324.909,2.7556398,606.7468,0.27522227,6569.835,3.3665369,0,,,,,48.486273586335166,0.0007273934,778.2404611336528,0.0007383941,0.0019370215,0.0034681004
0.9998767,0.0005124768,0,0.003532637,48.48747534215599,778.2398350584723,5217,5326.4805,2.7568543,606.88367,0.27547783,6571.153,3.3679786,0,,,,,48.48747534215599,0.00072808063,778.2398350584723,0.00073933025,0.0025511605,0.004460417
1.0000358,0.0005124997,0,0.0035325687,48.48564871883639,778.2411388305738,5218,5327.1167,2.7569487,607.3256,0.2751315,6572.1987,3.3681295,0,,,,,48.48564871883639,0.0007270038,778.2411388305738,0.0007380387,0.0025618444,0.00427252
0.9997909,0.000512144,0,0.0035325005,48.48546258290487,778.2405870625804,5219,5326.5703,2.7551246,606.2807,0.2753525,6570.5894,3.3657916,0,,,,,48.48546258290487,0.0007272626,778.2405870625804,0.0007383266,0.002058121,0.0040850216
0.99877363,0.00051200256,0,0.0035324318,48.48674594986077,778.2412577122553,5220,5320.333,2.7544434,607.0978,0.27586174,6563.904,3.3648622,0,,,,,48.48674594986077,0.000728479,778.2412577122553,0.00073954026,0.002069984,0.0039708572
0.9989237,0.0005123793,0,0.0035323626,48.48651191330518,778.2408467502755,5221,5321.4683,2.7563658,607.3769,0.27527088,6564.89,3.367338,0,,,,,48.48651191330518,0.00072791375,778.2408467502755,0.00073903374,0.0024557887,0.00418372
0.99936306,0.00051240803,0,0.0035322933,48.48722634181999,778.2409146131938,5222,5324.2056,2.7565618,607.1308,0.27508238,6567.7773,3.3675268,0,,,,,48.48722634181999,0.00072802085,778.2409146131938,0.00073918764,0.0022656438,0.004474297
0.9993181,0.0005123519,0,0.0035322236,48.486909056446464,778.2403789389133,5223,5323.213,2.756483,607.2077,0.27550244,6567.482,3.3671582,0,,,,,48.486909056446464,0.0007276985,778.2403789389133,0.0007387757,0.0022624023,0.004413242
0.999697,0.000512276,0,0.0035321538,48.486596153112956,778.2410035462182,5224,5325.609,2.7557344,606.5862,0.27562267,6569.972,3.3666592,0,,,,,48.486596153112956,0.0007274747,778.2410035462182,0.0007387076,0.0020871824,0.0040661814
0.9999521,0.00051250245,0,0.0035320835,48.488788228976624,778.240003837947,5225,5327.284,2.7570176,607.0565,0.27521032,6571.6484,3.3681471,0,,,,,48.488788228976624,0.00072752876,778.240003837947,0.00073878386,0.002296087,0.0042452794
0.9994354,0.0005122266,0,0.003532013,48.486074618223604,778.241218633427,5226,5324.407,2.7556415,606.8774,0.27530712,6568.253,3.3663344,0,,,,,48.486074618223604,0.0007282835,778.241218633427,0.00073927705,0.0024305074,0.0046034385
1.000119,0.0005124473,0,0.0035319421,48.48754439425102,778.2399184815895,5227,5328.2876,2.75699,606.78766,0.2754307,6572.7456,3.3677852,0,,,,,48.48754439425102,0.0007272816,778.2399184815895,0.0007383107,0.0024829172,0.0043941606
0.999796,0.00051248906,0,0.003531871,48.486742556056015,778.2400728947217,5228,5327.252,2.7569637,606.70703,0.27530035,6570.6226,3.3680594,0,,,,,48.486742556056015,0.00072738354,778.2400728947217,0.00073857384,0.0028260248,0.0052993866
0.9994459,0.00051207165,0,0.0035317277,48.4867004667902,778.2397409779613,5230,5324.2554,2.7548513,607.407,0.2753831,6568.322,3.3653162,0,,,,,48.4867004667902,0.00072878774,778.2397409779613,0.0007400295,0.0022823631,0.004310905
1.0007325,0.00051280187,128,0.0035316555,48.485970004490945,778.2417646276081,5231,5331.83,2.7585955,606.71893,0.27552685,6576.778,3.3701153,128,,,,,48.485970004490945,0.00072761846,778.2417646276081,0.00073851325,0.0023460074,0.0048075677
0.9992045,0.0005124217,8192,0.0035315831,48.48570189150315,778.2397682111559,5232,5322.1533,2.7565184,607.49774,0.2751531,6566.7354,3.367617,8192,,,,,48.48570189150315,0.00072876713,778.2397682111559,0.00073998806,0.002184002,0.0041539893
0.9985234,0.0005121438,0,0.0035315105,48.48714193744348,778.2408951220384,5233,5319.288,2.7552235,607.2767,0.27571294,6562.2593,3.3657901,0,,,,,48.48714193744348,0.00072847644,778.2408951220384,0.00073971914,0.0020266296,0.0042271414
0.99904114,0.00051220576,0,0.0035314374,48.48580067787755,778.238499180876,5234,5322.733,2.7555847,607.4981,0.27542132,6565.6616,3.3661976,0,,,,,48.48580067787755,0.0007283571,778.238499180876,0.000739763,0.0023669954,0.0042726453
0.99863726,0.0005121466,0,0.003531364,48.486311654014,778.2411700726265,5235,5319.687,2.755188,606.6011,0.27539217,6563.0073,3.3658087,0,,,,,48.486311654014,0.00072758924,778.2411700726265,0.00073858094,0.0020865134,0.004159565
0.9991571,0.00051242637,0,0.0035312905,48.48547851072384,778.2398351293666,5236,5323.4893,2.756763,607.5927,0.27510247,6566.424,3.3676474,0,,,,,48.48547851072384,0.0007281468,778.2398351293666,0.0007394965,0.0023161238,0.0044751177
1.0000309,0.0005125474,0,0.0035312164,48.486554041797454,778.2407658472417,5237,5328.3564,2.7571108,607.35175,0.27536723,6572.1665,3.3684425,0,,,,,48.486554041797454,0.0007276202,778.2407658472417,0.00073870097,0.0025936347,0.0048313877
0.99792063,0.0005121116,0,0.0035311421,48.487863384789996,778.2412478971922,5238,5316.8237,2.755014,608.04095,0.27562675,6558.298,3.3655787,0,,,,,48.487863384789996,0.0007292294,778.2412478971922,0.0007401896,0.002711932,0.0047926176
0.9991344,0.0005123938,0,0.0035310676,48.486111377241656,778.2410102337278,5239,5324.085,2.7567203,607.57983,0.2751629,6566.275,3.367433,0,,,,,48.486111377241656,0.0007280797,778.2410102337278,0.0007392028,0.0029055467,0.005685715
0.9993176,0.0005124356,0,0.0035309927,48.48645953464663,778.2393636058673,5240,5324.1777,2.7567034,607.5036,0.27539316,6567.4785,3.3677082,0,,,,,48.48645953464663,0.000728127,778.2393636058673,0.0007393051,0.0025302477,0.004669619
0.9994117,0.0005124227,0,0.0035309175,48.48695426705755,778.2414406780392,5241,5324.0195,2.7566264,608.2647,0.27531987,6568.097,3.3676233,0,,,,,48.48695426705755,0.0007280403,778.2414406780392,0.0007391052,0.0025350847,0.004521814
0.99941766,0.00051228475,8192,0.003530842,48.48613694407725,778.2408869779738,5242,5324.4956,2.7557728,608.47473,0.27527052,6568.136,3.3667166,8192,,,,,48.48613694407725,0.0007285197,778.2408869779738,0.00073962903,0.002408879,0.004911547
0.99964017,0.0005125925,128,0.0035307661,48.48672770466092,778.2414958656854,5243,5325.349,2.7574368,609.05817,0.27519265,6569.5986,3.3687391,128,,,,,48.48672770466092,0.0007281706,778.2414958656854,0.0007391978,0.0024659988,0.0049354113
0.9988564,0.000512387,0,0.00353069,48.48704401448839,778.24177842996,5244,5321.284,2.7563896,608.49426,0.27537146,6564.4478,3.3673887,0,,,,,48.48704401448839,0.0007280502,778.24177842996,0.0007392454,0.0027152125,0.004992364
0.9992233,0.0005124342,0,0.0035306136,48.487517670013744,778.2430230622385,5245,5323.6484,2.757203,611.48926,0.2752995,6566.859,3.367699,0,,,,,48.487517670013744,0.00072814035,778.2430230622385,0.000739067,0.0025778462,0.004996248
1.0002483,0.00051248836,0,0.0035305368,48.487364273291135,778.2402717696585,5246,5328.4185,2.7573369,609.115,0.27531865,6573.595,3.3680549,0,,,,,48.487364273291135,0.0007283374,778.2402717696585,0.0007394632,0.002630038,0.005056554
0.9996829,0.0005124421,0,0.0035304597,48.488736071929075,778.2408729784976,5247,5325.7544,2.7569199,608.9663,0.27551132,6569.8794,3.3677506,0,,,,,48.488736071929075,0.0007277967,778.2408729784976,0.0007388337,0.0027800568,0.0049981265
0.9985282,0.0005124108,0,0.0035303824,48.48753528424081,778.2412001466928,5248,5320.078,2.7565017,609.5648,0.2754683,6562.2905,3.3675454,0,,,,,48.48753528424081,0.0007285544,778.2412001466928,0.00073939207,0.0026269816,0.0050442973
1.0000424,0.00051257986,0,0.0035303046,48.48823156886231,778.2419509680203,5249,5327.7817,2.7572768,609.175,0.27570263,6572.242,3.3686562,0,,,,,48.48823156886231,0.00072754995,778.2419509680203,0.00073850085,0.0032787474,0.00580764
0.99927384,0.00051244936,0,0.0035302266,48.486962816361924,778.24194403334,5250,5323.4116,2.7567894,609.23193,0.27551734,6567.191,3.3677983,0,,,,,48.486962816361924,0.00072882726,778.24194403334,0.00073979085,0.0024860518,0.0051582935
0.99834013,0.0005124448,8192,0.0035301484,48.48504671321173,778.2401643086486,5251,5318.6245,2.7569735,609.9697,0.27530152,6561.0547,3.3677688,8192,,,,,48.48504671321173,0.0007308054,778.2401643086486,0.0007419217,0.0027319181,0.005069495
0.99893576,0.0005124672,0,0.0035300697,48.48566731987191,778.239582903968,5252,5320.9785,2.7569537,609.9714,0.27528873,6564.969,3.3679154,0,,,,,48.48566731987191,0.0007292311,778.239582903968,0.0007405639,0.00261457,0.004750888
1.0002556,0.0005126085,0,0.003529991,48.48711407320523,778.2391225850554,5253,5328.637,2.757467,609.9248,0.27535567,6573.643,3.3688443,0,,,,,48.48711407320523,0.0007283466,778.2391225850554,0.0007395909,0.0022721284,0.004320155
1.0003098,0.0005125313,0,0.0035299116,48.48568143730441,778.2422082125281,5254,5329.409,2.7574708,610.35736,0.27569982,6573.9995,3.3683372,0,,,,,48.48568143730441,0.0007290794,778.2422082125281,0.0007386018,0.0024445415,0.0051792273
0.9991588,0.0005124398,0,0.0035298322,48.48571867451324,778.2400322598298,5255,5322.0107,2.7569778,611.01636,0.27543473,6566.435,3.3677356,0,,,,,48.48571867451324,0.00072864315,778.2400322598298,0.0007399127,0.0023522906,0.004297621
0.9995796,0.0005125017,0,0.0035297524,48.485037102909814,778.2402500792001,5256,5324.9473,2.7571146,610.6565,0.2753188,6569.2007,3.3681424,0,,,,,48.485037102909814,0.0007289275,778.2402500792001,0.00074007374,0.0021119916,0.0044919183
0.999807,0.0005125369,0,0.003529672,48.48751318586372,778.2414394071332,5257,5326.447,2.7573543,611.00885,0.2756535,6570.695,3.3683736,0,,,,,48.48751318586372,0.0007276345,778.2414394071332,0.00073862047,0.0025531086,0.0049867625
1.000219,0.00051257724,0,0.0035295917,48.486455913489294,778.241322413921,5258,5327.9204,2.7575738,610.61725,0.2755047,6573.403,3.3686388,0,,,,,48.486455913489294,0.0007279186,778.241322413921,0.00073916005,0.0026207282,0.0045281574
0.9994545,0.000512438,0,0.003529511,48.48722442316615,778.242170585459,5259,5324.7007,2.7571259,611.4359,0.27546817,6568.3784,3.367724,0,,,,,48.48722442316615,0.00072840264,778.242170585459,0.0007394395,0.0027830538,0.0052389298
1.0004357,0.0005132473,128,0.0035294297,48.48650180896608,778.2419125411375,5260,5330.1035,2.7610776,612.1745,0.27570504,6574.827,3.373042,128,,,,,48.48650180896608,0.0007281568,778.2419125411375,0.00073902507,0.0026953632,0.005178281
0.99991775,0.00051258353,0,0.0035293484,48.486683323544966,778.2408333177966,5261,5326.3267,2.757374,610.9882,0.275551,6571.423,3.3686802,0,,,,,48.486683323544966,0.00072829716,778.2408333177966,0.00073939754,0.0023092881,0.004544856
1.0000612,0.00051255,0,0.0035292667,48.484959086568,778.2398842126684,5262,5327.8594,2.757526,610.9656,0.2756624,6572.365,3.36846,0,,,,,48.484959086568,0.00072768267,778.2398842126684,0.00073878985,0.0024052311,0.004400938
1.000208,0.0005126323,0,0.0035291847,48.48722169361053,778.2406354397303,5263,5329.0127,2.7575579,610.87427,0.27563676,6573.3306,3.3690007,0,,,,,48.48722169361053,0.0007268726,778.2406354397303,0.00073780137,0.0028663452,0.0055222814
1.0000863,0.00051256357,0,0.0035291023,48.48669315958733,778.2419160690513,5264,5328.1646,2.7574306,609.8591,0.27574196,6572.5303,3.3685489,0,,,,,48.48669315958733,0.0007277477,778.2419160690513,0.00073874654,0.0031904958,0.005718405
0.9993809,0.0005124501,0,0.0035290197,48.4866398078105,778.2394675199516,5265,5323.7847,2.7567596,609.647,0.27546954,6567.8945,3.3678036,0,,,,,48.4866398078105,0.0007278527,778.2394675199516,0.00073930627,0.0028187179,0.0043125106
0.99946195,0.0005124665,0,0.0035289368,48.4859298078003,778.2411707145615,5266,5324.8174,2.7570245,610.1093,0.2752434,6568.4272,3.3679109,0,,,,,48.4859298078003,0.0007274083,778.2411707145615,0.0007383329,0.0027967172,0.0049144113
0.9991344,0.00051241135,0,0.0035288534,48.48813374180184,778.2403966024212,5267,5322.754,2.7566674,609.6862,0.27546376,6566.275,3.3675487,0,,,,,48.48813374180184,0.0007282735,778.2403966024212,0.0007393556,0.0028283452,0.0045919768
0.99980474,0.0005125122,0,0.0035287698,48.48908280822998,778.2404818336018,5268,5326.9917,2.7569733,608.67163,0.27537343,6570.68,3.3682117,0,,,,,48.48908280822998,0.00072762644,778.2404818336018,0.0007388212,0.002861808,0.004758615
0.9998725,0.0005124968,0,0.003528686,48.48763258780068,778.2411361900029,5269,5327.7017,2.7570088,608.1563,0.2755283,6571.1255,3.3681102,0,,,,,48.48763258780068,0.000727207,778.2411361900029,0.00073831563,0.003293559,0.0050037135
0.99954146,0.00051246525,0,0.0035286017,48.48691694254842,778.2417235189486,5270,5325.6646,2.756995,609.11633,0.2752057,6568.9497,3.3679028,0,,,,,48.48691694254842,0.0007286569,778.2417235189486,0.0007395919,0.0036422715,0.005658119
0.998704,0.0005123213,0,0.0035285172,48.485367421114105,778.2416144815732,5271,5321.556,2.7564514,609.2843,0.27557912,6563.4463,3.366957,0,,,,,48.485367421114105,0.00072849164,778.2416144815732,0.00073946995,0.003289045,0.0056731855
1.0003289,0.00051257224,0,0.0035284325,48.48780963533769,778.241998763067,5272,5329.236,2.7575264,609.27386,0.27560738,6574.1245,3.3686059,0,,,,,48.48780963533769,0.00072733854,778.241998763067,0.0007383803,0.0031835146,0.0055573178
0.9996575,0.0005124771,0,0.0035283475,48.48602787874365,778.2411566437418,5273,5325.3237,2.7569788,609.1945,0.27555755,6569.7124,3.367981,0,,,,,48.48602787874365,0.0007286588,778.2411566437418,0.0007397996,0.0027222491,0.004589187
0.9993825,0.0005124319,0,0.003528262,48.48737967883986,778.2402177367233,5274,5323.951,2.7567642,609.19324,0.27537835,6567.9053,3.3676836,0,,,,,48.48737967883986,0.0007292961,778.2402177367233,0.00074049603,0.0029320377,0.0049502584
1.0002465,0.0005125085,0,0.003528176,48.48846320759595,778.2402293626747,5275,5328.072,2.7572784,609.3356,0.27535114,6573.5835,3.368187,0,,,,,48.48846320759595,0.00072744355,778.2402293626747,0.00073861174,0.0026289034,0.0046596085
0.99891233,0.00051236706,0,0.0035280902,48.48634752684944,778.2401172964853,5276,5321.992,2.7565205,609.7229,0.27520993,6564.8154,3.3672574,0,,,,,48.48634752684944,0.00072849053,778.2401172964853,0.00073961576,0.0029870288,0.005458608
0.99990445,0.000512485,0,0.0035280038,48.488515290263614,778.2418023204843,5277,5327.5015,2.7570763,609.19556,0.27515987,6571.3354,3.3680327,0,,,,,48.488515290263614,0.0007276556,778.2418023204843,0.0007386846,0.0029369649,0.0050663687
0.99916846,0.00051242555,0,0.0035279172,48.487628488016306,778.2416084418276,5278,5323.267,2.7567642,609.71576,0.27543372,6566.4985,3.367642,0,,,,,48.487628488016306,0.00072898046,778.2416084418276,0.00074001483,0.0030596007,0.0051347963
0.99890226,0.0005124379,0,0.0035278301,48.48875045857025,778.2412477578914,5279,5322.518,2.7566454,609.0177,0.27556196,6564.749,3.367723,0,,,,,48.48875045857025,0.00072824006,778.2412477578914,0.00073931116,0.0031695552,0.0059747836
0.99955356,0.00051249797,0,0.0035277428,48.48763060779989,778.241992844744,5280,5325.701,2.7570457,609.59125,0.27525482,6569.0293,3.368118,0,,,,,48.48763060779989,0.00072817865,778.241992844744,0.0007391383,0.0033781435,0.0060976245
0.99896586,0.00051244686,0,0.0035276553,48.48790446170916,778.2418342873448,5281,5321.9106,2.7566485,609.81177,0.27557006,6565.167,3.3677819,0,,,,,48.48790446170916,0.00072870706,778.2418342873448,0.00073971204,0.0033639919,0.005927435
0.9989871,0.00051251217,0,0.0035275673,48.48692452211896,778.2428851721289,5282,5322.3726,2.756791,609.03516,0.2752452,6565.3066,3.3682113,0,,,,,48.48692452211896,0.0007287136,778.2428851721289,0.00073956244,0.0031920152,0.0057543665
1.0000757,0.00051260856,0,0.003527479,48.48733563352943,778.2416615414315,5283,5328.105,2.7574022,609.9904,0.27539265,6572.461,3.3688447,0,,,,,48.48733563352943,0.00072737155,778.2416615414315,0.0007383437,0.003671706,0.0058383243
1.000457,0.0005126117,0,0.0035273905,48.48726283595816,778.241139844257,5284,5329.5835,2.7574437,609.34045,0.27597034,6574.967,3.3688653,0,,,,,48.48726283595816,0.00072786014,778.241139844257,0.0007388221,0.0036983534,0.005938825
0.9992688,0.0005125315,0,0.0035273018,48.48813638492595,778.2423711393163,5285,5323.716,2.756918,609.62524,0.27544117,6567.1577,3.3683383,0,,,,,48.48813638492595,0.0007284629,778.2423711393163,0.0007393484,0.0034061747,0.0061768186
0.9996546,0.0005125234,0,0.0035272127,48.48759579677393,778.2414471420095,5286,5326.6626,2.7572763,609.9695,0.2757304,6569.6934,3.3682852,0,,,,,48.48759579677393,0.0007279807,778.2414471420095,0.00073911814,0.0037906975,0.006776584
0.99881756,0.00051238254,0,0.003527123,48.487696025179744,778.2429825064926,5287,5321.879,2.7565448,609.59204,0.27541593,6564.1924,3.3673592,0,,,,,48.487696025179744,0.0007288025,778.2429825064926,0.0007395996,0.0036978358,0.006735737
0.9997468,0.0005125628,0,0.0035270334,48.4883496769414,778.2436661104299,5288,5327.373,2.7572205,609.38055,0.2752822,6570.2993,3.368544,0,,,,,48.4883496769414,0.0007281772,778.2436661104299,0.00073883444,0.0038451396,0.006854369
1.0005116,0.00051262655,0,0.0035269433,48.487356893983126,778.243128515055,5289,5331.46,2.757675,609.4453,0.2753852,6575.326,3.3689628,0,,,,,48.487356893983126,0.00072803575,778.243128515055,0.0007387569,0.0040608547,0.007073554
0.9988608,0.0005124708,0,0.003526853,48.487595373821776,778.2424032687957,5290,5322.09,2.7567089,609.50696,0.27576157,6564.4766,3.3679392,0,,,,,48.487595373821776,0.0007290286,778.2424032687957,0.00073989347,0.0036658314,0.0065135895
0.99914706,0.00051248027,0,0.0035267621,48.489372129364966,778.2408873366267,5291,5324.324,2.7568312,610.0009,0.27512756,6566.358,3.3680015,0,,,,,48.489372129364966,0.00072917575,778.2408873366267,0.0007403536,0.0040685935,0.006681013
0.9999095,0.0005124978,0,0.003526671,48.48763364282853,778.2435527980819,5292,5328.0225,2.7572231,609.063,0.27546984,6571.3687,3.3681166,0,,,,,48.48763364282853,0.00072765915,778.2435527980819,0.0007383556,0.0038059023,0.0063420096
0.9988957,0.0005124292,0,0.0035265798,48.48944479521575,778.242712485217,5293,5322.694,2.756727,609.0783,0.27547905,6564.706,3.3676662,0,,,,,48.48944479521575,0.0007284867,778.242712485217,0.0007394017,0.0038136744,0.006478449
0.9995566,0.00051256304,0,0.0035264883,48.48848169177218,778.2437953905604,5294,5327.05,2.757191,609.82416,0.27556542,6569.0493,3.3685455,0,,,,,48.48848169177218,0.0007281966,778.2437953905604,0.0007388792,0.0041065747,0.0071923207
0.99945563,0.0005125157,0,0.0035263964,48.48741187237637,778.2425009233888,5295,5326.115,2.757103,609.24854,0.27535632,6568.3857,3.3682346,0,,,,,48.48741187237637,0.0007286181,778.2425009233888,0.00073947734,0.004273649,0.0072643477
0.99871486,0.000512396,8192,0.003526304,48.48559309850197,778.2424658531929,5296,5321.807,2.7565238,609.4792,0.27526143,6563.5176,3.3674476,8192,,,,,48.48559309850197,0.0007280452,778.2424658531929,0.0007387451,0.003748977,0.006481526
1.0003934,0.0005126098,0,0.0035262115,48.48668643660088,778.2435803000833,5297,5331.6543,2.7576861,609.2083,0.2754084,6574.549,3.3688526,0,,,,,48.48668643660088,0.0007275486,778.2435803000833,0.00073829835,0.004160313,0.007141345
0.9999922,0.0005125661,0,0.0035261186,48.486715106621915,778.2426972249954,5298,5328.5835,2.7571905,608.374,0.27538276,6571.912,3.3685658,0,,,,,48.486715106621915,0.00072775426,778.2426972249954,0.00073850993,0.0040827417,0.006814705
1.0002413,0.0005125855,0,0.0035260255,48.48900292365954,778.2420803569369,5299,5330.7715,2.757471,608.5884,0.27525035,6573.5493,3.368693,0,,,,,48.48900292365954,0.00072806387,778.2420803569369,0.0007388242,0.00412615,0.0074332524
0.99960023,0.00051254826,0,0.0035259319,48.488298621235316,778.2409975508021,5300,5327.0566,2.757024,608.6961,0.2753676,6569.336,3.3684483,0,,,,,48.488298621235316,0.00072791614,778.2409975508021,0.0007390456,0.0043051913,0.007192389
0.99999326,0.0005125168,0,0.003525838,48.48853436737628,778.2421449758076,5301,5328.643,2.757127,608.4063,0.27569076,6571.919,3.3682418,0,,,,,48.48853436737628,0.00072755595,778.2421449758076,0.00073847076,0.0042704125,0.0071262345
0.99888384,0.0005124181,0,0.003525744,48.48831695044396,778.2434367013673,5302,5323.284,2.7567353,608.9152,0.2753308,6564.628,3.367593,0,,,,,48.48831695044396,0.000728635,778.2434367013673,0.0007393426,0.0046422263,0.0076798876
0.9999101,0.0005124942,0,0.0035256497,48.490364631547536,778.2435405513202,5303,5329.223,2.7573106,608.81726,0.27562743,6571.3726,3.368093,0,,,,,48.490364631547536,0.0007278992,778.2435405513202,0.0007385988,0.0045793396,0.0079906965
1.0006319,0.0005126189,0,0.003525555,48.48882556603451,778.2435674021841,5304,5332.1963,2.7576249,608.51996,0.2753127,6576.116,3.368913,0,,,,,48.48882556603451,0.0007273457,778.2435674021841,0.00073805527,0.004827976,0.007970085
1.0000007,0.0005126185,0,0.00352546,48.487757857000155,778.2443469156245,5305,5328.9717,2.7575855,609.5158,0.27522892,6571.968,3.36891,0,,,,,48.487757857000155,0.0007283335,778.2443469156245,0.00073911314,0.0041624447,0.007349885
1.000128,0.0005125789,0,0.0035253644,48.48740584206083,778.2433952227616,5306,5330.418,2.757467,608.0306,0.2754283,6572.805,3.3686495,0,,,,,48.48740584206083,0.0007280484,778.2433952227616,0.00073889614,0.0043475134,0.007625521
0.9996411,0.0005125,0,0.0035252688,48.48789682106246,778.2419395554222,5307,5326.7046,2.7570763,609.0597,0.27551892,6569.605,3.3681314,0,,,,,48.48789682106246,0.0007284148,778.2419395554222,0.0007394024,0.0043311515,0.007129546
0.9991233,0.00051243894,0,0.0035251728,48.487764454423996,778.242314966899,5308,5324.6323,2.7568707,609.02655,0.27531853,6566.2017,3.36773,0,,,,,48.487764454423996,0.00072899484,778.242314966899,0.00073986687,0.0041894834,0.0072055603
0.9984647,0.00051238097,0,0.0035250767,48.48966163094944,778.2427581411805,5309,5320.937,2.7564895,608.64264,0.2752752,6561.8735,3.367349,0,,,,,48.48966163094944,0.0007283393,778.2427581411805,0.0007392874,0.0043308125,0.00704136
0.99947786,0.0005124787,0,0.00352498,48.489002221874514,778.2402847389585,5310,5325.849,2.7569914,608.311,0.27584264,6568.5317,3.3679912,0,,,,,48.489002221874514,0.0007281927,778.2402847389585,0.0007394077,0.004212639,0.0065532727
1.0002642,0.00051266403,0,0.0035248832,48.489344971734276,778.2435619811237,5311,5330.8745,2.757703,609.2157,0.27532852,6573.6997,3.3692093,0,,,,,48.489344971734276,0.0007278306,778.2435619811237,0.0007385839,0.004827362,0.007613419
0.9993578,0.0005125434,0,0.0035247859,48.48833553358351,778.2438084641262,5312,5325.8657,2.7568848,609.3141,0.27550822,6567.743,3.3684168,0,,,,,48.48833553358351,0.0007278621,778.2438084641262,0.0007385848,0.004835523,0.0077469843
0.9998203,0.00051251985,0,0.0035246883,48.4896239261638,778.2430547119045,5313,5327.604,2.7571268,608.3667,0.2755843,6570.782,3.3682616,0,,,,,48.4896239261638,0.00072828104,778.2430547119045,0.0007391434,0.0046829088,0.0073347352
1.0001742,0.0005125441,0,0.0035245905,48.488546748069524,778.2435412848613,5314,5330.314,2.757285,608.1678,0.27530754,6573.108,3.368421,0,,,,,48.488546748069524,0.0007280827,778.2435412848613,0.00073881017,0.0050501334,0.007753267
1.0008588,0.0005126611,0,0.0035244925,48.48823392252327,778.2439437078056,5315,5333.8545,2.75765,608.1835,0.27561235,6577.607,3.3691902,0,,,,,48.48823392252327,0.00072741037,778.2439437078056,0.0007381093,0.0049012075,0.0074833287
0.99969774,0.0005125088,0,0.003524394,48.488529443887444,778.244797014394,5316,5327.018,2.757158,608.0936,0.27539587,6569.977,3.3681889,0,,,,,48.488529443887444,0.00072841777,778.244797014394,0.00073907117,0.0047616297,0.0075271293
0.99992025,0.0005125908,0,0.0035242953,48.489256569528294,778.243575216527,5317,5329.095,2.757337,608.4047,0.2755478,6571.4395,3.368728,0,,,,,48.489256569528294,0.00072805706,778.243575216527,0.00073888706,0.0047224243,0.007855011
0.99941885,0.00051252556,0,0.003524196,48.488216992304174,778.2430958741749,5318,5325.896,2.7570603,608.79846,0.27548015,6568.144,3.3682992,0,,,,,48.488216992304174,0.00072853355,778.2430958741749,0.00073940674,0.005001349,0.007760546
0.9982859,0.00051233865,0,0.0035240967,48.48998920696637,778.2430772010791,5319,5319.856,2.7563238,608.3744,0.2754943,6560.698,3.367071,0,,,,,48.48998920696637,0.00072947,778.2430772010791,0.00074035913,0.0049902387,0.0082399575
0.9989958,0.0005123291,0,0.003523997,48.488409631667025,778.2428864524782,5320,5324.067,2.7566502,607.86884,0.27545306,6565.364,3.367008,0,,,,,48.488409631667025,0.0007289525,778.2428864524782,0.0007398406,0.0046832124,0.007667584
0.99816597,0.00051239075,0,0.0035238971,48.48760257318388,778.2426693863309,5321,5319.3843,2.7562833,608.74207,0.2754655,6559.91,3.367413,0,,,,,48.48760257318388,0.00072981726,778.2426693863309,0.00074074866,0.0048180493,0.007829771
0.9992684,0.00051249797,0,0.0035237968,48.48956012730984,778.2423932006134,5322,5325.5815,2.7569685,609.154,0.27543184,6567.1553,3.3681178,0,,,,,48.48956012730984,0.0007281057,778.2423932006134,0.00073899847,0.005093417,0.008109993
0.9986762,0.0005124482,0,0.0035236962,48.49023714633509,778.24504589286,5323,5323.282,2.7566416,608.31775,0.27568388,6563.263,3.3677907,0,,,,,48.49023714633509,0.0007283476,778.24504589286,0.0007389771,0.0055107633,0.008873454
0.9998682,0.0005125708,0,0.0035235952,48.48894618188303,778.2454673533905,5324,5329.1333,2.7573867,608.1612,0.27519792,6571.097,3.3685963,0,,,,,48.48894618188303,0.00072810514,778.2454673533905,0.0007387164,0.0052695405,0.008382251
0.9992473,0.00051249604,0,0.0035234941,48.488556993195644,778.2428379405993,5325,5326.152,2.75697,608.1795,0.2753597,6567.0166,3.3681052,0,,,,,48.488556993195644,0.0007280466,778.2428379405993,0.0007387856,0.005043864,0.008374075
0.9995808,0.0005125391,0,0.0035233924,48.48964616527489,778.2438792308346,5326,5328.752,2.7572355,607.84106,0.2753602,6569.2085,3.3683884,0,,,,,48.48964616527489,0.0007286945,778.2438792308346,0.0007393919,0.006159417,0.009793003
0.99973994,0.0005125757,0,0.0035231884,48.49153108278091,778.2449951029807,5328,5329.4795,2.7572196,607.9788,0.27519616,6570.2544,3.3686285,0,,,,,48.49153108278091,0.0007266671,778.2449951029807,0.00073732325,0.006345008,0.009866068
0.99920344,0.00051247334,0,0.003523086,48.488928972580474,778.2448518027289,5329,5326.836,2.757044,608.69653,0.27526897,6566.7285,3.367956,0,,,,,48.488928972580474,0.0007293241,778.2448518027289,0.0007398782,0.0062272544,0.010159827
0.998798,0.0005124845,0,0.0035229833,48.49119374181424,778.2440682965945,5330,5324.2363,2.7567852,607.60016,0.27575126,6564.064,3.3680294,0,,,,,48.49119374181424,0.00072885957,778.2440682965945,0.00073960394,0.0062265946,0.009844816
1.0000025,0.0005125418,0,0.0035228801,48.489557025582634,778.2441471858021,5331,5330.2183,2.7573605,608.0204,0.2752852,6571.9795,3.368406,0,,,,,48.489557025582634,0.000728074,778.2441471858021,0.0007386722,0.0056343805,0.009253541
0.99943,0.00051250187,0,0.003522673,48.49017572044055,778.2446982998171,5333,5326.8115,2.7571037,608.6994,0.27556118,6568.2173,3.3681436,0,,,,,48.49017572044055,0.00072828104,778.2446982998171,0.0007389025,0.005985646,0.008979745
1.000121,0.0005125862,0,0.0035225688,48.48857590455392,778.2441208598123,5334,5331.598,2.757394,607.1623,0.27565297,6572.759,3.3686976,0,,,,,48.48857590455392,0.0007278639,778.2441208598123,0.00073857274,0.0058316304,0.009325225
0.9992803,0.0005124715,0,0.0035224645,48.488948339383924,778.2431962308353,5335,5326.698,2.7569258,608.17804,0.2752568,6567.2334,3.3679438,0,,,,,48.488948339383924,0.00072886155,778.2431962308353,0.0007395262,0.005919176,0.009356431
0.9999754,0.0005125815,0,0.00352236,48.49083602619508,778.2438219336176,5336,5329.225,2.7572734,608.2461,0.2754746,6571.802,3.368667,0,,,,,48.49083602619508,0.0007273518,778.2438219336176,0.00073829305,0.0059625623,0.0088573
0.99909914,0.00051246496,0,0.003522255,48.48852908972818,778.2437055177911,5337,5324.8975,2.7567704,608.1347,0.27555728,6566.043,3.367901,0,,,,,48.48852908972818,0.00072923227,778.2437055177911,0.0007399264,0.00591076,0.008499095
0.99875194,0.000512424,0,0.0035221498,48.490274310841656,778.2438914961133,5338,5322.8516,2.7566085,608.26843,0.2754294,6563.761,3.3676317,0,,,,,48.490274310841656,0.00072810275,778.2438914961133,0.00073876715,0.0060316646,0.008800117
0.9992837,0.0005124591,0,0.0035220443,48.49034164935422,778.2445086159751,5339,5324.621,2.7568436,607.90784,0.27552944,6567.256,3.3678625,0,,,,,48.49034164935422,0.000728768,778.2445086159751,0.0007394797,0.0057912227,0.008446183
0.99935925,0.0005124948,0,0.0035219383,48.489932866015934,778.2460722070718,5340,5326.173,2.756814,607.2718,0.27547538,6567.7524,3.368097,0,,,,,48.489932866015934,0.0007285965,778.2460722070718,0.000739084,0.006033353,0.009067263
0.9991964,0.00051245966,0,0.0035218322,48.49250818011301,778.2443207301957,5341,5325.0977,2.7570171,608.1977,0.2752878,6566.682,3.3678663,0,,,,,48.49250818011301,0.0007289997,778.2443207301957,0.0007395481,0.0059386846,0.009201267
0.99895406,0.0005124345,0,0.0035217255,48.49106082893837,778.2453550654385,5342,5323.5137,2.7566733,608.1313,0.27578467,6565.0894,3.3677008,0,,,,,48.49106082893837,0.00072848116,778.2453550654385,0.00073901156,0.0059038824,0.0093057705
0.99892783,0.00051239016,0,0.003521619,48.49071697667666,778.2458155374437,5343,5324.316,2.7566524,608.2833,0.27538714,6564.917,3.3674095,0,,,,,48.49071697667666,0.00072934525,778.2458155374437,0.00073991134,0.0061433082,0.009264528
0.9993967,0.0005125096,0,0.0035215118,48.48894073925004,778.2428458234065,5344,5326.8164,2.7570577,608.22876,0.27554435,6567.9985,3.3681943,0,,,,,48.48894073925004,0.0007286047,778.2428458234065,0.0007393896,0.005908296,0.009404019
1.0000736,0.0005126023,0,0.0035214042,48.49186090264458,778.245780874815,5345,5331.1934,2.7574975,608.7208,0.2754987,6572.447,3.3688035,0,,,,,48.49186090264458,0.0007281059,778.245780874815,0.0007386045,0.0066788606,0.010282652
0.9994535,0.000512467,0,0.0035211884,48.491757293878386,778.2470130905832,5347,5328.9497,2.757268,608.6269,0.27535465,6568.3716,3.3679144,0,,,,,48.491757293878386,0.0007289431,778.2470130905832,0.0007391307,0.0068648066,0.010523881
0.9989584,0.0005124541,0,0.0035210801,48.48991742873237,778.2451702081486,5348,5326.094,2.756816,607.5845,0.2756939,6565.118,3.3678296,0,,,,,48.48991742873237,0.0007284318,778.2451702081486,0.00073897385,0.0071414406,0.010805011
0.99922687,0.00051253074,0,0.0035209714,48.491330914954375,778.2474461527163,5349,5327.232,2.7571964,608.2062,0.2752188,6566.8823,3.368333,0,,,,,48.491330914954375,0.0007286005,778.2474461527163,0.00073886686,0.0065437583,0.010485646
0.9992201,0.0005124894,0,0.0035208624,48.49002788402818,778.2460480513457,5350,5325.9297,2.7568645,607.3801,0.2756675,6566.838,3.3680615,0,,,,,48.49002788402818,0.00072858745,778.2460480513457,0.0007390038,0.006275096,0.009837722
1.0000196,0.0005126304,0,0.0035207532,48.49098326345339,778.2462600084739,5351,5330.4355,2.7575808,608.29083,0.27524468,6572.092,3.3689883,0,,,,,48.49098326345339,0.00072860694,778.2462600084739,0.00073894975,0.0065761805,0.009980407
0.99920696,0.0005124945,0,0.0035206436,48.48912323553451,778.2452669797387,5352,5326.528,2.757029,608.0951,0.27554932,6566.7515,3.368095,0,,,,,48.48912323553451,0.00072973815,778.2452669797387,0.0007402465,0.006829215,0.010760909
0.9995415,0.0005124984,0,0.0035205337,48.49042889391514,778.246897055734,5353,5328.7725,2.757135,607.85925,0.27553314,6568.95,3.3681204,0,,,,,48.49042889391514,0.0007286105,778.246897055734,0.0007389275,0.007399247,0.01200047
1.0008483,0.00051270047,8192,0.0035204235,48.49186428503627,778.2477492725104,5354,5335.9326,2.7579992,607.316,0.27547717,6577.5386,3.369449,8192,,,,,48.49186428503627,0.00072826253,778.2477492725104,0.00073849456,0.007952986,0.012332774
0.99970776,0.0005125931,0,0.003520313,48.49007734068445,778.2482894244823,5355,5330.5693,2.7573745,608.6254,0.27530968,6570.043,3.368743,0,,,,,48.49007734068445,0.00072836713,778.2482894244823,0.00073842093,0.007887883,0.012331006
0.9991106,0.00051243615,0,0.0035202021,48.49039058990343,778.2468704024666,5356,5326.4526,2.7568805,607.9016,0.275451,6566.118,3.3677115,0,,,,,48.49039058990343,0.00072939624,778.2468704024666,0.00073979626,0.0072675003,0.011686701
1.0002619,0.00051267294,0,0.003520091,48.490649757704915,778.2473754433047,5357,5333.0854,2.757721,607.2131,0.27571136,6573.6846,3.3692677,0,,,,,48.490649757704915,0.00072762556,778.2473754433047,0.0007380072,0.0072767856,0.011481986
0.99974257,0.0005125842,0,0.0035199795,48.489736812376606,778.2482258715814,5358,5330.2925,2.7574298,607.4385,0.2755385,6570.2715,3.3686848,0,,,,,48.489736812376606,0.00072803634,778.2482258715814,0.0007381176,0.007043357,0.011121084
0.99874306,0.00051243237,0,0.0035198678,48.492057103798516,778.2476714244195,5359,5324.675,2.7567666,607.28845,0.27551302,6563.7026,3.3676867,0,,,,,48.492057103798516,0.0007287253,778.2476714244195,0.0007388508,0.0071617463,0.011628072
0.9993291,0.00051255984,0,0.0035197556,48.49216966994352,778.2480687222192,5360,5328.691,2.7572386,608.23846,0.27555275,6567.554,3.3685243,0,,,,,48.49216966994352,0.0007281205,778.2480687222192,0.0007383751,0.007618305,0.012335121
1.0012527,0.0005127638,0,0.0035196433,48.490664049433974,778.2460099806555,5361,5338.6914,2.7582486,607.7084,0.27542144,6580.196,3.369865,0,,,,,48.490664049433974,0.00072698155,778.2460099806555,0.0007373831,0.007294214,0.012002898
0.9997496,0.00051258353,0,0.0035195306,48.49069414731515,778.2461560606727,5362,5329.339,2.757246,608.7132,0.2754328,6570.318,3.3686802,0,,,,,48.49069414731515,0.00072882057,778.2461560606727,0.00073920575,0.007052105,0.0111382855
0.9996528,0.0005125893,0,0.0035194175,48.490899406446076,778.2467808866222,5363,5329.754,2.7572849,607.7967,0.2756762,6569.6816,3.368718,0,,,,,48.490899406446076,0.0007285892,778.2467808866222,0.00073896564,0.007149169,0.011484508
0.999395,0.000512584,0,0.0035193043,48.492257029975725,778.2468724344325,5364,5328.4062,2.7571177,608.2597,0.27553028,6567.9873,3.368683,0,,,,,48.492257029975725,0.00072817545,778.2468724344325,0.0007387601,0.007329807,0.0114435
0.9995325,0.000512583,0,0.0035191907,48.49082599047606,778.2458163247845,5365,5328.1274,2.7571626,608.2722,0.2753233,6568.891,3.368677,0,,,,,48.49082599047606,0.00072955637,778.2458163247845,0.0007400256,0.0070019234,0.011119374
0.99986327,0.0005125161,0,0.0035190766,48.492023105933725,778.247132399592,5366,5330.6235,2.7573225,607.29474,0.27539834,6571.065,3.3682373,0,,,,,48.492023105933725,0.00072818954,778.247132399592,0.00073846267,0.007367817,0.011377525
0.9993061,0.0005125715,0,0.0035189625,48.49162446143852,778.2458390820849,5367,5328.4316,2.7570827,607.10345,0.27546933,6567.403,3.3686008,0,,,,,48.49162446143852,0.0007293403,778.2458390820849,0.0007397731,0.007272746,0.011706079
0.9996081,0.0005126096,0,0.003518848,48.49163540135633,778.2468114695997,5368,5329.132,2.7571695,607.5146,0.27582005,6569.3877,3.3688514,0,,,,,48.49163540135633,0.00072851725,778.2468114695997,0.0007388309,0.007128808,0.01135373
1.0000583,0.0005126142,0,0.003518733,48.48965200745489,778.246771296847,5369,5332.057,2.7575393,607.60675,0.27554968,6572.346,3.3688817,0,,,,,48.48965200745489,0.0007282993,778.246771296847,0.00073863624,0.0073480085,0.011740065
0.99928474,0.00051254506,0,0.003518618,48.49184866912696,778.2475762512746,5370,5328.1074,2.7571402,607.5623,0.27569544,6567.2627,3.3684273,0,,,,,48.49184866912696,0.0007288602,778.2475762512746,0.000739107,0.0073941844,0.011642481
0.99942285,0.000512566,0,0.0035185025,48.49157494409549,778.246830597801,5371,5327.6133,2.7570596,607.2454,0.27563593,6568.1704,3.368565,0,,,,,48.49157494409549,0.00072764274,778.246830597801,0.0007379305,0.007366797,0.011161904
1.0005075,0.00051266147,0,0.0035183865,48.49008890106391,778.2478044420902,5372,5333.8696,2.7576518,607.11707,0.27529007,6575.299,3.3691924,0,,,,,48.49008890106391,0.0007278902,778.2478044420902,0.00073802605,0.0069013056,0.011147308
0.99937457,0.00051253615,0,0.0035182706,48.490130027419376,778.2481059637764,5373,5327.8604,2.7572625,606.93506,0.27559945,6567.853,3.3683689,0,,,,,48.490130027419376,0.0007284597,778.2481059637764,0.0007386384,0.0072919694,0.011367701
1.0001218,0.0005126012,0,0.0035181541,48.49109922567909,778.2474396496816,5374,5332.15,2.757554,607.1177,0.27560672,6572.764,3.3687963,0,,,,,48.49109922567909,0.0007286725,778.2474396496816,0.0007388241,0.007322127,0.011710535
0.99896973,0.00051248306,0,0.0035180375,48.49284176773629,778.2481978418491,5375,5326.276,2.756909,607.1093,0.2755657,6565.1924,3.3680198,0,,,,,48.49284176773629,0.0007296691,778.2481978418491,0.0007398899,0.0073628253,0.011900199
0.9992155,0.0005125196,0,0.0035179204,48.48974776065798,778.2476398092481,5376,5327.718,2.757087,606.8927,0.2755378,6566.8076,3.3682601,0,,,,,48.48974776065798,0.00072884443,778.2476398092481,0.00073907705,0.007766569,0.012757588
0.99942786,0.0005124876,0,0.003517803,48.4908798501958,778.2481707633859,5377,5328.189,2.7570193,607.13293,0.27536798,6568.203,3.3680499,0,,,,,48.4908798501958,0.0007287549,778.2481707633859,0.00073899503,0.0075108446,0.011934591
0.9992889,0.00051250827,0,0.0035176855,48.49126858530069,778.2472523476965,5378,5328.1123,2.7570696,607.2164,0.27553055,6567.29,3.3681858,0,,,,,48.49126858530069,0.00072824216,778.2472523476965,0.0007384725,0.007428151,0.012179781
0.9994903,0.00051249156,0,0.0035175674,48.491755782905216,778.2469033565975,5379,5328.7827,2.757117,606.6295,0.27530128,6568.614,3.3680756,0,,,,,48.491755782905216,0.00072920014,778.2469033565975,0.0007395077,0.007631424,0.012378316
0.9990923,0.0005125446,0,0.0035174491,48.491958455704115,778.2472076882559,5380,5326.793,2.7571235,607.4252,0.2759845,6565.998,3.3684242,0,,,,,48.491958455704115,0.0007293692,778.2472076882559,0.0007397538,0.007551738,0.012198189
1.0005146,0.00051267113,0,0.0035173306,48.49148620522712,778.2474777417426,5381,5334.9194,2.7577078,606.99756,0.27558616,6575.3457,3.369256,0,,,,,48.49148620522712,0.00072765636,778.2474777417426,0.00073795696,0.0074120727,0.01222638
0.9997656,0.0005126098,0,0.0035172116,48.49018063114197,778.2467133518369,5382,5330.1196,2.7573662,607.95715,0.2753523,6570.423,3.3688526,0,,,,,48.49018063114197,0.000729795,778.2467133518369,0.0007396102,0.0074905893,0.012103063
1.000537,0.0005126602,0,0.0035170924,48.49281818476781,778.2472497832373,5383,5334.1357,2.7577963,607.7894,0.2755001,6575.4927,3.369184,0,,,,,48.49281818476781,0.00072852947,778.2472497832373,0.0007387603,0.0075930622,0.012242168
1.0000005,0.0005124822,0,0.003516973,48.491043847634856,778.2489334156805,5384,5332.0684,2.7572827,606.7158,0.2753186,6571.9663,3.3680143,0,,,,,48.491043847634856,0.00072825653,778.2489334156805,0.00073845434,0.007920475,0.013011499
1.0001882,0.00051260105,0,0.003516853,48.49197998505412,778.2474182862229,5385,5332.3574,2.757437,607.7355,0.27573878,6573.2,3.3687954,0,,,,,48.49197998505412,0.0007284979,778.2474182862229,0.000738782,0.007875919,0.012502137
1.000686,0.0005126667,0,0.0035167332,48.49262493319213,778.2480102842749,5386,5335.2466,2.7578757,606.87604,0.2754673,6576.472,3.369227,0,,,,,48.49262493319213,0.0007279325,778.2480102842749,0.0007382056,0.007827675,0.012821868
0.99945086,0.00051251356,0,0.0035166126,48.49201982898445,778.247936438547,5387,5329.2563,2.7571533,606.87,0.27535236,6568.3545,3.3682206,0,,,,,48.49201982898445,0.00072834594,778.247936438547,0.00073840766,0.00808698,0.013246494
0.9994469,0.0005125597,0,0.003516492,48.49189806623887,778.2466896933954,5388,5328.512,2.757169,607.0937,0.27536276,6568.3286,3.3685236,0,,,,,48.49189806623887,0.0007284453,778.2466896933954,0.00073878345,0.0081740925,0.012788806
0.9995444,0.0005125599,0,0.003516371,48.493359231707416,778.2475723136182,5389,5329.433,2.7572048,606.80206,0.27535084,6568.969,3.3685248,0,,,,,48.493359231707416,0.0007282436,778.2475723136182,0.00073849194,0.008021056,0.012876604
0.9998878,0.0005125877,0,0.0035162496,48.49104336293416,778.2487815070529,5390,5331.9688,2.7575634,607.7662,0.2754654,6571.226,3.368708,0,,,,,48.49104336293416,0.0007280941,778.2487815070529,0.00073820155,0.008035084,0.013048019
0.9997835,0.0005125566,0,0.0035161278,48.49109653484524,778.2485175952028,5391,5330.358,2.7572958,606.6783,0.2753091,6570.5405,3.368503,0,,,,,48.49109653484524,0.0007288541,778.2485175952028,0.000738886,0.00810962,0.013053976
0.99955595,0.0005125704,8192,0.0035160058,48.49251680361866,778.2488133352715,5392,5329.8516,2.7572658,606.59296,0.27539745,6569.045,3.3685937,8192,,,,,48.49251680361866,0.00072862307,778.2488133352715,0.00073862,0.008134547,0.013237294
1.0001004,0.00051263464,0,0.0035158836,48.49213815468565,778.2489638142164,5393,5333.01,2.7575014,606.51074,0.2753516,6572.623,3.369016,0,,,,,48.49213815468565,0.0007278904,778.2489638142164,0.00073803397,0.008279516,0.013241407
1.0003387,0.00051263865,0,0.0035157609,48.49047784887453,778.2487023520789,5394,5333.374,2.75762,607.31177,0.27539167,6574.189,3.3690426,0,,,,,48.49047784887453,0.00072724116,778.2487023520789,0.0007372574,0.007862124,0.012899268
0.99946135,0.0005126212,0,0.003515638,48.49135595675473,778.2485116284181,5395,5329.798,2.7573519,607.46045,0.2754243,6568.4233,3.3689277,0,,,,,48.49135595675473,0.00072850235,778.2485116284181,0.000738568,0.008318906,0.01324325
1.0001272,0.00051263,0,0.0035155148,48.49208912454242,778.2478315533305,5396,5333.1484,2.757589,607.5265,0.27520806,6572.7993,3.3689854,0,,,,,48.49208912454242,0.00072797865,778.2478315533305,0.0007381635,0.008218925,0.013006977
0.99932104,0.0005124621,0,0.0035153914,48.493068922366014,778.2477750250508,5397,5328.3975,2.7570183,607.0051,0.27526203,6567.5015,3.3678823,0,,,,,48.493068922366014,0.00072923914,778.2477750250508,0.0007394177,0.008308244,0.012883473
0.9997485,0.0005126149,0,0.0035152675,48.49197554478626,778.2486693280377,5398,5331.8125,2.7575178,607.1757,0.27540955,6570.3105,3.3688865,0,,,,,48.49197554478626,0.0007288797,778.2486693280377,0.0007390197,0.008093771,0.013155624
0.99955064,0.00051261624,0,0.0035151434,48.490888989317234,778.2495169289774,5399,5330.6494,2.7573726,607.3048,0.27547726,6569.0103,3.3688953,0,,,,,48.490888989317234,0.0007283087,778.2495169289774,0.0007384471,0.008142552,0.013100936
1.000474,0.0005126498,0,0.0035150188,48.493186449344016,778.2477190605275,5400,5334.4707,2.7577355,607.5981,0.27541703,6575.078,3.3691158,0,,,,,48.493186449344016,0.0007288075,778.2477190605275,0.00073899806,0.007664885,0.012490875
1.0012408,0.00051278877,0,0.003514894,48.49233122112144,778.2496592901776,5401,5339.575,2.7583709,607.14825,0.2753948,6580.118,3.370029,0,,,,,48.49233122112144,0.0007271592,778.2496592901776,0.000737204,0.0080626095,0.013109544
0.9992972,0.00051249925,0,0.003514769,48.49246879466299,778.2484189209435,5402,5329.4355,2.7571893,607.17114,0.2752531,6567.3447,3.3681264,0,,,,,48.49246879466299,0.0007287418,778.2484189209435,0.00073891546,0.008442443,0.0139927855
0.9994538,0.00051258254,0,0.0035146435,48.49224391730332,778.249723625047,5403,5329.5234,2.7574058,607.8535,0.275573,6568.3735,3.3686736,0,,,,,48.49224391730332,0.00072852214,778.249723625047,0.0007385779,0.008668558,0.013670157
1.0000716,0.0005126279,0,0.003514518,48.49276664965083,778.2478978538902,5404,5333.167,2.7577658,606.745,0.27555725,6572.4346,3.3689718,0,,,,,48.49276664965083,0.00072845665,778.2478978538902,0.00073860574,0.008562054,0.01311441
1.0000567,0.00051264535,0,0.0035143918,48.492167968321844,778.249408637645,5405,5332.888,2.7577286,607.6146,0.27561283,6572.3364,3.3690865,0,,,,,48.492167968321844,0.00072845066,778.249408637645,0.00073856616,0.008171659,0.013079152
0.99977875,0.0005125945,0,0.0035142656,48.491310904597654,778.2486095020383,5406,5331.3394,2.7574873,607.5696,0.27548903,6570.5093,3.368752,0,,,,,48.491310904597654,0.0007278122,778.2486095020383,0.0007381376,0.008419807,0.013312508
0.99992526,0.0005126166,0,0.003514139,48.49081028933613,778.2498955838864,5407,5332.395,2.7575889,607.4635,0.2754591,6571.472,3.3688974,0,,,,,48.49081028933613,0.0007278893,778.2498955838864,0.0007378777,0.008330334,0.013353102
1.001014,0.00051265553,0,0.003514012,48.490709017288395,778.2498114293235,5408,5338.537,2.7581275,605.8038,0.27545032,6578.627,3.3691533,0,,,,,48.490709017288395,0.00072800217,778.2498114293235,0.00073795975,0.008890616,0.014305735
0.99989986,0.00051259407,0,0.0035138847,48.49234505067329,778.2489144298286,5409,5332.116,2.7574873,607.01544,0.27536926,6571.305,3.3687496,0,,,,,48.49234505067329,0.00072880834,778.2489144298286,0.00073886145,0.008883887,0.014434731
0.99996847,0.00051260076,8192,0.0035137574,48.493494027521365,778.2486641701165,5410,5333.0913,2.757654,607.34015,0.2756169,6571.7563,3.3687935,8192,,,,,48.493494027521365,0.0007284878,778.2486641701165,0.0007385305,0.008704254,0.0143579375
0.9996745,0.000512511,0,0.0035136295,48.493568124018935,778.2493350171783,5411,5330.722,2.757316,607.1256,0.27540404,6569.824,3.3682034,0,,,,,48.493568124018935,0.0007297204,778.2493350171783,0.0007398451,0.008812309,0.014258809
0.9994183,0.00051258376,0,0.0035135013,48.492444131284245,778.2496846071145,5412,5329.41,2.757355,607.3535,0.2752976,6568.1406,3.3686817,0,,,,,48.492444131284245,0.00072887645,778.2496846071145,0.0007387506,0.008588096,0.01411734
0.9998672,0.0005126189,0,0.0035133727,48.4921679804897,778.249442942137,5413,5332.401,2.7576203,607.6806,0.27515006,6571.091,3.3689127,0,,,,,48.4921679804897,0.0007281283,778.249442942137,0.00073811115,0.0086361375,0.013821462
0.99998003,0.0005125957,0,0.003513244,48.49244585444646,778.2494245281863,5414,5332.3955,2.7576725,606.93164,0.27555665,6571.832,3.36876,0,,,,,48.49244585444646,0.00072829716,778.2494245281863,0.0007382268,0.008654407,0.013688425
0.99999267,0.00051261194,0,0.003513115,48.49331620942516,778.2496791056508,5415,5333.2485,2.757543,606.8731,0.27548128,6571.915,3.368867,0,,,,,48.49331620942516,0.00072809175,778.2496791056508,0.0007381139,0.008813567,0.014081297
0.99941623,0.0005125398,0,0.0035129855,48.49210856867677,778.2488476676937,5416,5330.257,2.7572377,607.3016,0.27550623,6568.127,3.368393,0,,,,,48.49210856867677,0.0007281512,778.2488476676937,0.0007383432,0.008942441,0.014081843
1.0003641,0.00051286904,128,0.0035128559,48.492244078334856,778.2495293543063,5417,5334.7524,2.759061,606.8118,0.27645326,6574.356,3.3705564,128,,,,,48.492244078334856,0.00072810106,778.2495293543063,0.000738063,0.00880935,0.013918971
1.0004593,0.00051269244,0,0.0035127257,48.49208160707141,778.2504647665949,5418,5335.286,2.7577899,606.57874,0.27538446,6574.982,3.369396,0,,,,,48.49208160707141,0.0007282624,778.2504647665949,0.0007381804,0.008804022,0.01358115
0.999746,0.0005125802,0,0.0035125953,48.49318970257036,778.2492409277254,5419,5331.861,2.7574236,606.4158,0.27544865,6570.2944,3.3686585,0,,,,,48.49318970257036,0.0007288874,778.2492409277254,0.0007389102,0.008833646,0.014022611
1.0000424,0.00051259564,0,0.0035124647,48.491570961212176,778.2482754203033,5420,5332.4487,2.7574923,607.2309,0.2754093,6572.242,3.3687599,0,,,,,48.491570961212176,0.0007277693,778.2482754203033,0.00073794776,0.00865572,0.013437401
0.9998498,0.0005126135,0,0.0035123338,48.49314106425792,778.2485295148763,5421,5332.4126,2.7576416,607.03766,0.2756693,6570.976,3.3688772,0,,,,,48.49314106425792,0.0007284862,778.2485295148763,0.0007386608,0.009054634,0.014192457
0.9988881,0.0005125133,0,0.0035122025,48.494196890946704,778.249898087513,5422,5327.535,2.756926,606.86743,0.27532429,6564.656,3.3682184,0,,,,,48.494196890946704,0.00072898105,778.249898087513,0.00073886674,0.009150733,0.014533204
0.9990903,0.0005125165,0,0.003512071,48.49405472053789,778.2494819080111,5423,5327.748,2.757039,607.4083,0.27553308,6565.985,3.3682396,0,,,,,48.49405472053789,0.0007288949,778.2494819080111,0.00073883706,0.009012662,0.014019162
1.0011439,0.0005127846,0,0.0035119392,48.49194926199495,778.2493105643331,5424,5339.283,2.758287,607.0861,0.27580008,6579.481,3.3700013,0,,,,,48.49194926199495,0.00072665064,778.2493105643331,0.00073658203,0.009142735,0.013645605
0.99887824,0.00051246316,0,0.003511807,48.49368846807247,778.2496696905479,5425,5327.1235,2.7568517,607.0227,0.2753081,6564.5913,3.3678892,0,,,,,48.49368846807247,0.00072921714,778.2496696905479,0.0007392511,0.009180344,0.013934594
0.9996984,0.00051260804,0,0.0035116745,48.49333044311602,778.2502292947634,5426,5330.832,2.7575016,608.1049,0.27540785,6569.9814,3.3688414,0,,,,,48.49333044311602,0.0007284038,778.2502292947634,0.0007383621,0.009322098,0.014001058
1.0004225,0.0005126365,0,0.0035115415,48.49405481857611,778.2484977227919,5427,5335.8525,2.7578547,607.07947,0.27558985,6574.7397,3.3690283,0,,,,,48.49405481857611,0.0007279141,778.2484977227919,0.0007380196,0.009397934,0.014544905
0.99989575,0.0005127212,128,0.0035114086,48.493005388258005,778.2476764149554,5428,5333.232,2.7581403,607.2454,0.27555346,6571.2783,3.3695848,128,,,,,48.493005388258005,0.000728326,778.2476764149554,0.000738677,0.009412752,0.014251464
0.99909973,0.00051250524,0,0.0035112752,48.49381624689973,778.2490493545496,5429,5328.731,2.757076,606.8254,0.2755711,6566.047,3.3681657,0,,,,,48.49381624689973,0.00072863064,778.2490493545496,0.0007388741,0.009687975,0.014517409
1.0001459,0.00051262224,0,0.0035111413,48.494074821112974,778.2514677346876,5430,5335.4893,2.7578504,607.14233,0.275398,6572.9224,3.3689346,0,,,,,48.494074821112974,0.00072819693,778.2514677346876,0.00073794095,0.009842536,0.015316003
0.9990171,0.0005125546,0,0.0035110074,48.49187922467214,778.2492784597601,5431,5329.0938,2.7572892,607.39685,0.275678,6565.504,3.36849,0,,,,,48.49187922467214,0.0007287198,778.2492784597601,0.0007387022,0.009520232,0.014715482
0.9999779,0.0005126617,0,0.003510873,48.493720244352055,778.2499242731369,5432,5333.5356,2.7576218,606.95544,0.27559128,6571.818,3.3691938,0,,,,,48.493720244352055,0.0007281837,778.2499242731369,0.000738137,0.009684434,0.014480301
0.9990741,0.0005125519,0,0.0035107383,48.49340893171228,778.2500664046174,5433,5329.3423,2.7571256,607.23016,0.27528206,6565.8784,3.3684723,0,,,,,48.49340893171228,0.0007293338,778.2500664046174,0.0007393167,0.009459735,0.015160057
0.9997597,0.0005125824,0,0.0035106034,48.493618767518036,778.2507752500273,5434,5333.1396,2.7576265,606.3108,0.27560613,6570.384,3.3686728,0,,,,,48.493618767518036,0.0007289709,778.2507752500273,0.00073896546,0.009661644,0.015263805
1.0003968,0.0005126223,0,0.0035104682,48.49427185117762,778.2493589585824,5435,5335.714,2.7578294,606.89856,0.27547374,6574.5713,3.368935,0,,,,,48.49427185117762,0.00072805025,778.2493589585824,0.0007379105,0.009725731,0.01524129
0.99898434,0.0005125674,0,0.0035103324,48.494655866189404,778.2512651995911,5436,5328.881,2.7571578,606.8327,0.27523756,6565.2886,3.3685741,0,,,,,48.494655866189404,0.00072947826,778.2512651995911,0.0007393913,0.010509857,0.015947096
0.9998508,0.0005126339,0,0.0035101967,48.49262505753691,778.250068764483,5437,5333.2476,2.7577462,607.23346,0.27534032,6570.983,3.369011,0,,,,,48.49262505753691,0.0007287597,778.250068764483,0.00073872716,0.009972383,0.015203286
0.9992329,0.0005125983,0,0.0035100603,48.492921656881265,778.2503345247009,5438,5329.6416,2.7573063,607.09607,0.27545223,6566.922,3.3687775,0,,,,,48.492921656881265,0.00072937383,778.2503345247009,0.00073931477,0.010138248,0.015337212
1.0006541,0.0005127233,0,0.0035099238,48.493742084291775,778.250684062519,5439,5338.2363,2.7582211,607.6384,0.27542728,6576.262,3.3695986,0,,,,,48.493742084291775,0.00072800915,778.250684062519,0.000737917,0.010246864,0.015871765
0.9999048,0.00051265705,0,0.003509787,48.4955058948357,778.2507837449912,5440,5334.484,2.7578595,606.64,0.27553937,6571.338,3.3691633,0,,,,,48.4955058948357,0.00072869135,778.2507837449912,0.00073854753,0.010762985,0.01601775
1.0005554,0.0005127109,0,0.00350965,48.49340500341829,778.2510177762546,5441,5337.4653,2.7580214,607.7137,0.27540773,6575.6133,3.369517,0,,,,,48.49340500341829,0.0007283953,778.2510177762546,0.00073813,0.010507952,0.01572269
1.0002344,0.00051267544,0,0.0035095124,48.49520189584027,778.251886332145,5442,5336.3345,2.7579114,606.0211,0.27557445,6573.5034,3.3692844,0,,,,,48.49520189584027,0.00072795333,778.251886332145,0.0007376666,0.0102615515,0.015374077
0.99984866,0.00051267276,0,0.0035093748,48.49203673953257,778.2504346586927,5443,5333.531,2.7577534,606.6168,0.27582005,6570.9688,3.3692667,0,,,,,48.49203673953257,0.00072807947,778.2504346586927,0.00073790486,0.010129515,0.015035062
0.99938464,0.00051266555,0,0.0035092367,48.49473366106336,778.2508829720879,5444,5330.8643,2.757514,607.69434,0.27551478,6567.9194,3.369219,0,,,,,48.49473366106336,0.00073043193,778.2508829720879,0.0007403333,0.010549514,0.015432715
1.0005412,0.0005127129,0,0.0035090982,48.49421581124325,778.2506276591236,5445,5337.576,2.7582858,607.64154,0.27555895,6575.52,3.3695304,0,,,,,48.49421581124325,0.0007280648,778.2506276591236,0.0007379193,0.010338846,0.015239238
1.0004624,0.0005127026,0,0.0035089597,48.49359638297032,778.251270809197,5446,5337.034,2.7579207,606.64575,0.2753281,6575.002,3.369463,0,,,,,48.49359638297032,0.0007276803,778.251270809197,0.000737534,0.0106458515,0.015777545
0.9991334,0.00051258266,0,0.0035088207,48.49291650809541,778.249847543932,5447,5329.768,2.7572906,606.661,0.27566224,6566.268,3.3686745,0,,,,,48.49291650809541,0.0007288019,778.249847543932,0.0007387918,0.011189322,0.015666472
0.9996714,0.0005126289,0,0.0035086812,48.49490742851253,778.252850999438,5448,5333.4214,2.75761,606.8645,0.2753881,6569.8037,3.3689783,0,,,,,48.49490742851253,0.0007276469,778.252850999438,0.00073741586,0.011074261,0.01634664
1.0005186,0.0005127237,0,0.0035085417,48.4955092194606,778.2510258012812,5449,5337.8013,2.7581139,606.15027,0.2758288,6575.3716,3.3696012,0,,,,,48.4955092194606,0.00072746875,778.2510258012812,0.0007372569,0.011061596,0.015962945
0.99965394,0.0005125911,0,0.0035084018,48.49506935342273,778.2512374202666,5450,5333.0723,2.7576098,606.6196,0.27556533,6569.689,3.3687298,0,,,,,48.49506935342273,0.0007282267,778.2512374202666,0.00073793426,0.010857644,0.015967313
0.9998919,0.00051266677,0,0.0035082616,48.4948260121381,778.250399698566,5451,5334.7085,2.7577639,607.08484,0.27546883,6571.253,3.3692274,0,,,,,48.4948260121381,0.0007287679,778.250399698566,0.00073859986,0.011210373,0.016133266
0.99989724,0.00051263307,0,0.003508121,48.49392681012507,778.251737519683,5452,5334.795,2.7578363,607.45166,0.27556753,6571.288,3.3690057,0,,,,,48.49392681012507,0.0007292848,778.251737519683,0.00073892326,0.011325418,0.016526494
0.99959767,0.0005126481,8192,0.0035079801,48.4938489886288,778.2506604680716,5453,5333.0586,2.75764,606.23175,0.275586,6569.3193,3.3691044,8192,,,,,48.4938489886288,0.00072855904,778.2506604680716,0.00073859975,0.011252274,0.016394427
1.0008357,0.00051282387,0,0.003507839,48.49473948859193,778.2513316188786,5454,5340.2026,2.758614,607.3715,0.27550608,6577.4556,3.3702598,0,,,,,48.49473948859193,0.0007280553,778.2513316188786,0.0007377531,0.011305363,0.016769726
1.0002726,0.00051277614,0,0.0035076975,48.49472984946143,778.2521795900432,5455,5336.2456,2.7580593,607.4209,0.27530134,6573.755,3.369946,0,,,,,48.49472984946143,0.00072757335,778.2521795900432,0.0007373663,0.0111075705,0.016283048
1.0006968,0.0005127509,0,0.0035075557,48.49480790177921,778.251523934638,5456,5338.5015,2.7582223,607.1243,0.27558962,6576.5425,3.36978,0,,,,,48.49480790177921,0.0007281162,778.251523934638,0.00073804863,0.01125059,0.01624662
1.0010146,0.00051280065,0,0.0035074137,48.49358373181069,778.2503731458958,5457,5340.5327,2.7584555,607.1223,0.2752502,6578.6313,3.370107,0,,,,,48.49358373181069,0.00072816527,778.2503731458958,0.0007379592,0.011243055,0.016412588
1.0015641,0.0005128297,0,0.0035072714,48.4948522543345,778.2525769137376,5458,5343.5684,2.7588139,607.0224,0.2758095,6582.243,3.370298,0,,,,,48.4948522543345,0.0007278894,778.2525769137376,0.0007375377,0.011866412,0.017465634
1.000218,0.0005126859,0,0.0035071287,48.49576681572039,778.2519145966069,5459,5336.565,2.7579713,607.46893,0.27552658,6573.396,3.369353,0,,,,,48.49576681572039,0.0007290536,778.2519145966069,0.00073861255,0.012292324,0.017488664
0.99915415,0.00051261677,0,0.0035069857,48.4955182489569,778.2530828864005,5460,5331.0825,2.7575402,608.2537,0.2753127,6566.4043,3.3688986,0,,,,,48.4955182489569,0.0007295902,778.2530828864005,0.0007391483,0.012115591,0.017767325
1.000464,0.00051273726,0,0.0035068423,48.49463185509642,778.2513918369211,5461,5337.532,2.758124,607.3668,0.27558488,6575.0127,3.3696904,0,,,,,48.49463185509642,0.0007284137,778.2513918369211,0.00073836744,0.011913455,0.016909903
1.0018071,0.0005132544,128,0.0035066986,48.49419394390581,778.2494684051485,5462,5345.0444,2.7610013,607.00775,0.2755924,6583.8394,3.373089,128,,,,,48.49419394390581,0.000726242,778.2494684051485,0.000738116,0.011710111,0.01651767
0.9994879,0.00051265256,0,0.0035065548,48.4959657283075,778.2528199599761,5463,5333.228,2.757673,608.6748,0.2752223,6568.5977,3.3691337,0,,,,,48.4959657283075,0.0007290637,778.2528199599761,0.0007386815,0.011939745,0.01666584
0.99964696,0.00051262515,0,0.0035064104,48.494559414775004,778.2526153382145,5464,5334.0923,2.7578158,607.7823,0.27523744,6569.643,3.3689537,0,,,,,48.494559414775004,0.0007293607,778.2526153382145,0.00073899,0.012333603,0.017506925
0.99980175,0.00051267236,0,0.003506266,48.496474667051714,778.251291225738,5465,5334.863,2.7578375,607.2735,0.27523786,6570.6606,3.369264,0,,,,,48.496474667051714,0.0007288569,778.251291225738,0.0007386201,0.0118397465,0.01720687
1.0000342,0.00051266624,0,0.003506121,48.49589155505515,778.2513758084814,5466,5336.074,2.7579405,607.3921,0.2754501,6572.188,3.3692238,0,,,,,48.49589155505515,0.0007277897,778.2513758084814,0.000737461,0.011736641,0.016856192
0.99940825,0.0005125961,0,0.003505976,48.49494020542217,778.2522206757042,5467,5332.101,2.7575002,607.0215,0.27545035,6568.074,3.368763,0,,,,,48.49494020542217,0.00072888285,778.2522206757042,0.00073871814,0.01181704,0.016792959
0.9996214,0.00051265006,0,0.0035058304,48.49603524072755,778.2533727715941,5468,5333.3203,2.7578044,607.9333,0.27571777,6569.475,3.3691175,0,,,,,48.49603524072755,0.00072879303,778.2533727715941,0.00073833525,0.011974634,0.01710709
0.999587,0.00051266176,0,0.0035056847,48.49395312542119,778.2516702232134,5469,5333.663,2.757755,607.464,0.27540725,6569.249,3.3691943,0,,,,,48.49395312542119,0.0007293497,778.2516702232134,0.00073915825,0.01195676,0.017186549
1.0001464,0.00051268126,0,0.0035055385,48.4961155380946,778.2515484838559,5470,5335.7393,2.7580812,608.17993,0.2753286,6572.9253,3.3693225,0,,,,,48.4961155380946,0.0007287604,778.2515484838559,0.0007384836,0.012191442,0.01760007
1.0003005,0.0005127056,0,0.0035053922,48.49488422230875,778.2524034431767,5471,5338.0073,2.7582319,607.55194,0.27550194,6573.9385,3.3694825,0,,,,,48.49488422230875,0.0007284106,778.2524034431767,0.00073817425,0.012528195,0.018306138
1.0001687,0.0005127088,0,0.0035052455,48.496740328554836,778.2528757389246,5472,5337.6733,2.7582293,607.17236,0.27531338,6573.0723,3.3695035,0,,,,,48.496740328554836,0.00072867784,778.2528757389246,0.0007381645,0.012788262,0.018254722
0.99919856,0.00051259797,0,0.0035050984,48.49578542028015,778.2525319048942,5473,5332.6025,2.7577333,607.3642,0.27538577,6566.6963,3.368775,0,,,,,48.49578542028015,0.0007291398,778.2525319048942,0.0007387719,0.012763975,0.019045297
0.9999217,0.00051271677,0,0.003504951,48.49571330948531,778.2544695863896,5474,5337.3716,2.7581718,607.2971,0.27561504,6571.4487,3.369556,0,,,,,48.49571330948531,0.0007283023,778.2544695863896,0.0007377746,0.012463045,0.018642636
1.0001961,0.0005127413,0,0.0035048034,48.494389752191765,778.2519522190219,5475,5337.752,2.7582903,607.6259,0.27538058,6573.2524,3.369717,0,,,,,48.494389752191765,0.00072849414,778.2519522190219,0.0007381097,0.01226401,0.018064767
1.0010374,0.000512773,8192,0.0035046556,48.49539344019283,778.2523514441173,5476,5341.486,2.7585812,608.24805,0.2751473,6578.781,3.3699253,8192,,,,,48.49539344019283,0.000727984,778.2523514441173,0.0007376262,0.011943392,0.017336434
1.0000488,0.0005126651,0,0.0035045072,48.49524879524558,778.2529392029451,5477,5336.55,2.7580829,607.2407,0.27549532,6572.2837,3.3692162,0,,,,,48.49524879524558,0.0007288415,778.2529392029451,0.0007382936,0.011919958,0.017863853
0.999623,0.0005126341,0,0.00350421,48.49559445894607,778.2526796166587,5479,5332.8804,2.7577322,607.29553,0.2756254,6569.486,3.3690126,0,,,,,48.49559445894607,0.00072895887,778.2526796166587,0.00073863263,0.012231816,0.017594405
0.99938464,0.0005126757,0,0.0035040607,48.4957705907914,778.252082488063,5480,5332.674,2.7578943,608.25305,0.27551103,6567.9194,3.3692858,0,,,,,48.4957705907914,0.0007288128,778.252082488063,0.0007384826,0.012246642,0.017854653
1.0001445,0.00051266677,0,0.0035039112,48.496360745234256,778.2537514505362,5481,5337.0767,2.758107,607.60583,0.275812,6572.913,3.3692272,0,,,,,48.496360745234256,0.0007282181,778.2537514505362,0.0007378493,0.012846446,0.017946105
1.0002745,0.00051272917,0,0.0035037613,48.49601328564012,778.2528659956587,5482,5336.8975,2.7581556,607.3609,0.27561697,6573.7676,3.3696373,0,,,,,48.49601328564012,0.00072788756,778.2528659956587,0.0007373769,0.012624071,0.017880954
1.0006206,0.000512823,0,0.0035036113,48.495578608142395,778.253348889052,5483,5339.861,2.758664,607.6975,0.27549073,6576.042,3.3702538,0,,,,,48.495578608142395,0.00072898134,778.253348889052,0.0007384143,0.01248683,0.018018896
0.99912816,0.00051260187,0,0.003503461,48.496034310623855,778.253311120799,5484,5331.9746,2.7576146,607.65845,0.27539128,6566.234,3.3688009,0,,,,,48.496034310623855,0.00072909356,778.253311120799,0.0007386034,0.012878949,0.018423254
1.0007491,0.00051290164,128,0.00350331,48.49675108571498,778.2527881926845,5485,5340.4395,2.759034,607.6823,0.27546734,6576.8867,3.3707707,128,,,,,48.49675108571498,0.00072800205,778.2527881926845,0.0007375851,0.012722049,0.018498559
0.9995394,0.00051261595,0,0.0035031592,48.49456391073844,778.2538233902949,5486,5334.161,2.7577798,607.10876,0.2756951,6568.936,3.3688934,0,,,,,48.49456391073844,0.00072851987,778.2538233902949,0.0007379788,0.012619537,0.018353758
0.999976,0.0005127363,0,0.0035030078,48.49563766521879,778.2535627850823,5487,5336.383,2.7581713,608.5682,0.27566928,6571.8057,3.3696845,0,,,,,48.49563766521879,0.00072868087,778.2535627850823,0.0007381737,0.012940815,0.018446846
1.0006253,0.0005127346,0,0.003502856,48.49620911233731,778.2524003806697,5488,5339.288,2.7584198,608.0447,0.2753506,6576.0728,3.3696728,0,,,,,48.49620911233731,0.000729279,778.2524003806697,0.0007389458,0.013265564,0.01854142
0.9996931,0.0005126874,0,0.0035027042,48.498168816083194,778.2530766896499,5489,5335.064,2.7581007,607.63153,0.2753855,6569.9463,3.3693626,0,,,,,48.498168816083194,0.0007288617,778.2530766896499,0.0007385941,0.013365726,0.018819124
0.9998227,0.0005126585,0,0.0035025517,48.49749967298706,778.2537432532203,5490,5335.8174,2.758098,607.3619,0.27565023,6570.798,3.369173,0,,,,,48.49749967298706,0.0007287391,778.2537432532203,0.00073831936,0.0127921915,0.01856606
0.99909693,0.00051260047,0,0.0035023992,48.49806529564735,778.2533906047274,5491,5331.376,2.7576327,608.38873,0.27588934,6566.0283,3.3687913,0,,,,,48.49806529564735,0.000729955,778.2533906047274,0.0007392221,0.013028623,0.018273098
1.0002105,0.00051277573,0,0.0035022465,48.49528507137203,778.2530054986464,5492,5338.001,2.7582877,608.0411,0.27553985,6573.347,3.3699434,0,,,,,48.49528507137203,0.00072921475,778.2530054986464,0.0007389098,0.012717264,0.01855629
0.99994755,0.0005127579,8192,0.0035020933,48.494783975819026,778.2537039757121,5493,5336.4946,2.758241,609.0203,0.27534014,6571.6187,3.3698263,8192,,,,,48.494783975819026,0.00072938285,778.2537039757121,0.0007388936,0.012715081,0.019043608
1.0001587,0.00051266653,0,0.0035019396,48.49713527123624,778.2538292160453,5494,5337.161,2.758037,608.1768,0.2753001,6573.006,3.3692257,0,,,,,48.49713527123624,0.00072933827,778.2538292160453,0.00073883723,0.012751542,0.019360239
1.0004116,0.0005127363,0,0.003501786,48.49458101355575,778.2545380198115,5495,5339.083,2.7583945,607.25214,0.27538404,6574.6685,3.3696845,0,,,,,48.49458101355575,0.00072781043,778.2545380198115,0.00073711376,0.012742498,0.019387707
1.0002728,0.0005127596,0,0.0035016318,48.49595220804831,778.253068883754,5496,5338.1714,2.7582877,607.54895,0.27583957,6573.756,3.3698373,0,,,,,48.49595220804831,0.00072912907,778.253068883754,0.0007386504,0.012889532,0.019285794
0.9998775,0.0005126685,0,0.0035014772,48.49532000144946,778.2542528616596,5497,5336.166,2.7580574,608.6112,0.2752469,6571.158,3.3692386,0,,,,,48.49532000144946,0.0007285677,778.2542528616596,0.0007379922,0.012984295,0.019663814
1.0000035,0.0005127227,0,0.0035013226,48.49709215752396,778.2537710937132,5498,5337.4443,2.7583873,608.1078,0.2762362,6571.986,3.3695948,0,,,,,48.49709215752396,0.00072934874,778.2537710937132,0.00073880976,0.013346489,0.020193167
0.9995671,0.0005126161,0,0.0035011675,48.49586327615047,778.2537392111485,5499,5334.5845,2.757914,608.6809,0.2752006,6569.118,3.3688943,0,,,,,48.49586327615047,0.0007292302,778.2537392111485,0.0007387172,0.013205582,0.01958473
1.0006759,0.0005128204,0,0.0035010122,48.49681670641985,778.2550401100602,5500,5340.7026,2.7586946,607.9204,0.2754156,6576.406,3.3702369,0,,,,,48.49681670641985,0.00072841044,778.2550401100602,0.00073779933,0.013098358,0.019564813
0.9994645,0.00051258487,8192,0.0035008565,48.49622996974932,778.2547706997029,5501,5334.808,2.757966,608.5427,0.27535033,6568.4443,3.3686888,8192,,,,,48.49622996974932,0.0007296027,778.2547706997029,0.0007389536,0.013588273,0.020297408
0.99995273,0.00051269116,0,0.0035007005,48.498363658128625,778.2552014554185,5502,5336.905,2.7582238,607.87897,0.27547416,6571.653,3.3693876,0,,,,,48.498363658128625,0.00072887127,778.2552014554185,0.00073828344,0.013607971,0.019984636
0.9996384,0.00051263534,0,0.0035005442,48.49668652571086,778.2550310329207,5503,5335.174,2.7579417,607.912,0.2754301,6569.587,3.3690205,0,,,,,48.49668652571086,0.0007284885,778.2550310329207,0.0007379065,0.0138802575,0.01965023
0.99892527,0.0005125982,8192,0.0035003875,48.49589903116748,778.2539284595257,5504,5332.115,2.757676,608.1952,0.27569732,6564.9004,3.3687766,8192,,,,,48.49589903116748,0.0007290273,778.2539284595257,0.0007385961,0.013645858,0.01987351
0.99989504,0.000512697,0,0.0035002306,48.49519039240621,778.2551452973678,5505,5336.491,2.7582,608.0178,0.27560407,6571.2734,3.3694258,0,,,,,48.49519039240621,0.0007293455,778.2551452973678,0.00073868287,0.013851129,0.019815218
0.99894655,0.0005125434,0,0.0035000734,48.497644201863395,778.2556737700512,5506,5331.598,2.7575495,607.7641,0.2757406,6565.04,3.3684168,0,,,,,48.497644201863395,0.0007295229,778.2556737700512,0.00073878246,0.014038435,0.020743152
0.99977976,0.0005126348,0,0.003499916,48.49708438789099,778.2552764484482,5507,5336.2656,2.7581577,607.8281,0.27537844,6570.516,3.3690171,0,,,,,48.49708438789099,0.0007285559,778.2552764484482,0.00073780166,0.013811159,0.02058771
1.0004582,0.000512827,128,0.0034997582,48.49698347196531,778.2559114592627,5508,5339.179,2.7591126,607.7551,0.2753244,6574.975,3.3702805,128,,,,,48.49698347196531,0.0007279772,778.2559114592627,0.00073731836,0.013604546,0.020294141
1.0000224,0.0005126928,0,0.0034996,48.497657677827306,778.2542926106628,5509,5337.221,2.758287,608.3539,0.2755446,6572.111,3.369398,0,,,,,48.497657677827306,0.00072953315,778.2542926106628,0.0007389155,0.013753065,0.020557152
0.9997603,0.0005126029,0,0.0034994415,48.49674599287441,778.2559686375932,5510,5335.9893,2.7580636,607.38434,0.2755956,6570.388,3.3688076,0,,,,,48.49674599287441,0.0007289572,778.2559686375932,0.0007382849,0.013741551,0.02039996
1.0000405,0.00051275326,0,0.0034992828,48.497788389455906,778.2560630501106,5511,5337.128,2.7583253,608.85144,0.27504772,6572.2295,3.3697958,0,,,,,48.497788389455906,0.0007292361,778.2560630501106,0.00073882757,0.013910011,0.020836988
0.9996779,0.00051270565,0,0.0034991237,48.49907691276309,778.2560673704144,5512,5336.1743,2.7583609,609.57855,0.2754211,6569.8467,3.3694828,0,,,,,48.49907691276309,0.00072908815,778.2560673704144,0.00073831825,0.01451224,0.021583965
1.0001606,0.0005126969,0,0.0034989645,48.49827418299603,778.2580669779951,5513,5339.6646,2.7587929,610.56476,0.27557987,6573.019,3.3694255,0,,,,,48.49827418299603,0.00072871184,778.2580669779951,0.0007376809,0.014688005,0.022306722
0.99911684,0.0005125507,0,0.0034988048,48.49733475082041,778.2558809556881,5514,5333.2793,2.757744,608.033,0.27543154,6566.159,3.3684645,0,,,,,48.49733475082041,0.0007286065,778.2558809556881,0.0007378684,0.014870975,0.021763215
0.9992571,0.0005126516,0,0.0034986448,48.49755738851918,778.2557226417223,5515,5334.173,2.7580173,609.02673,0.27572787,6567.081,3.3691275,0,,,,,48.49755738851918,0.0007293691,778.2557226417223,0.0007386067,0.014172449,0.020533765
1.0004952,0.0005127143,0,0.0034984844,48.49796449266986,778.2550676731175,5516,5340.71,2.7585814,608.0783,0.27574486,6575.218,3.3695397,0,,,,,48.49796449266986,0.0007286506,778.2550676731175,0.0007378931,0.014347264,0.020430705
0.9993251,0.00051259575,0,0.003498324,48.49654244382224,778.255441312329,5517,5333.751,2.757817,607.6886,0.27546248,6567.528,3.3687606,0,,,,,48.49654244382224,0.0007294145,778.255441312329,0.0007387529,0.013885177,0.020743346
1.0001988,0.00051273336,0,0.0034981628,48.49731158467098,778.2561402919052,5518,5339.047,2.7585652,609.16864,0.27565578,6573.27,3.369665,0,,,,,48.49731158467098,0.0007286914,778.2561402919052,0.00073790544,0.01424654,0.020683262
0.9996365,0.0005126238,0,0.0034980017,48.49683115410503,778.2555083783109,5519,5335.866,2.7581115,609.32715,0.27541962,6569.574,3.368945,0,,,,,48.49683115410503,0.0007291136,778.2555083783109,0.0007383957,0.01388794,0.020648299
1.0003718,0.00051275303,0,0.0034978401,48.497745593869276,778.2543869945874,5520,5338.812,2.7585697,608.57153,0.2756003,6574.407,3.3697941,0,,,,,48.497745593869276,0.00072883954,778.2543869945874,0.00073816744,0.013841354,0.020066654
0.9989997,0.00051251746,0,0.0034976783,48.49630839462638,778.2558764571725,5521,5332.2817,2.7575727,607.37134,0.2753216,6565.3896,3.368246,0,,,,,48.49630839462638,0.00072890054,778.2558764571725,0.0007381534,0.013684113,0.020414682
0.99887943,0.00051258935,0,0.0034975163,48.49800114895977,778.2544327416791,5522,5331.7397,2.7576754,608.4321,0.27514148,6564.599,3.3687184,0,,,,,48.49800114895977,0.00072929397,778.2544327416791,0.0007386546,0.014419662,0.020428577
0.9985879,0.0005125387,0,0.0034973538,48.49856925250993,778.2539564234062,5523,5328.8887,2.7571788,609.07947,0.2754679,6562.683,3.3683856,0,,,,,48.49856925250993,0.0007292169,778.2539564234062,0.0007387091,0.0144228805,0.019864783
1.0006937,0.0005128598,128,0.003497191,48.49764297144351,778.2556315659273,5524,5341.228,2.759209,608.6775,0.2753071,6576.522,3.3704956,128,,,,,48.49764297144351,0.0007286552,778.2556315659273,0.0007378731,0.014352056,0.020927029
1.0004663,0.00051268976,0,0.003497028,48.497801969290066,778.2558057679539,5525,5340.267,2.7586267,608.0966,0.27575898,6575.028,3.3693783,0,,,,,48.497801969290066,0.0007285859,778.2558057679539,0.000737716,0.013995225,0.021135546
0.99976623,0.00051262206,0,0.0034968646,48.49703820602225,778.255379676782,5526,5335.667,2.7581377,608.2366,0.27550253,6570.4272,3.3689334,0,,,,,48.49703820602225,0.0007294962,778.255379676782,0.00073871453,0.01464455,0.021710651
1.0015892,0.0005128172,0,0.003496701,48.496149633981915,778.2565328027497,5527,5346.387,2.7591753,607.6881,0.27558962,6582.4077,3.3702157,0,,,,,48.496149633981915,0.00072773243,778.2565328027497,0.0007368428,0.014457994,0.021540105
1.0003912,0.0005127296,0,0.003496537,48.49811221753778,778.2587329943674,5528,5340.0273,2.7587113,608.0925,0.2754127,6574.5347,3.3696399,0,,,,,48.49811221753778,0.0007281141,778.2587329943674,0.00073701993,0.01451516,0.021814337
1.000572,0.00051271403,0,0.0034963726,48.49759818697849,778.2569867490995,5529,5340.5938,2.7586854,608.27704,0.2755052,6575.7227,3.3695378,0,,,,,48.49759818697849,0.0007291463,778.2569867490995,0.0007382009,0.014319873,0.02181257
0.9992772,0.00051260565,0,0.003496208,48.49655107161999,778.2566031237369,5530,5334.213,2.7580862,608.3796,0.27530605,6567.213,3.3688254,0,,,,,48.49655107161999,0.0007297345,778.2566031237369,0.00073874596,0.014565899,0.02179226
1.0008028,0.0005127245,0,0.0034960432,48.49713120445534,778.2572028712183,5531,5342.2393,2.7587917,607.5825,0.2755641,6577.239,3.3696067,0,,,,,48.49713120445534,0.00072909734,778.2572028712183,0.000738128,0.014434492,0.021695612
1.0006827,0.0005127447,0,0.0034958778,48.49799983211785,778.2569507104417,5532,5341.305,2.758774,607.7834,0.27546617,6576.45,3.3697393,0,,,,,48.49799983211785,0.000727634,778.2569507104417,0.0007366704,0.014386211,0.021804493
0.9995112,0.0005125514,0,0.0034957123,48.49749197921512,778.2568897957087,5533,5336.069,2.7581668,608.20435,0.27558038,6568.751,3.368469,0,,,,,48.49749197921512,0.00072908174,778.2568897957087,0.00073822995,0.014485047,0.022302479
1.0004499,0.000512666,0,0.0034955465,48.49800876707615,778.2573508501864,5534,5340.53,2.7585783,608.0636,0.27554342,6574.92,3.3692222,0,,,,,48.49800876707615,0.0007286806,778.2573508501864,0.00073782133,0.0145910345,0.02208167
0.9998048,0.00051262387,0,0.0034953803,48.49832257053471,778.2564886175334,5535,5336.474,2.7582223,608.40485,0.27558008,6570.6807,3.3689451,0,,,,,48.49832257053471,0.0007294879,778.2564886175334,0.00073867134,0.014555403,0.021848429
1.000417,0.00051267043,0,0.0034952138,48.49801229129195,778.2566017194329,5536,5340.2603,2.7585921,607.83563,0.27551,6574.704,3.3692515,0,,,,,48.49801229129195,0.0007287168,778.2566017194329,0.0007378274,0.014155281,0.021734884
0.9998763,0.0005126087,0,0.003495047,48.497308010369316,778.2576620184467,5537,5336.833,2.7581406,608.4908,0.27542087,6571.1504,3.3688455,0,,,,,48.497308010369316,0.0007282717,778.2576620184467,0.00073737267,0.014734617,0.022146739
1.0010078,0.00051290105,0,0.00349488,48.49849764207497,778.258494744228,5538,5344.312,2.7597542,613.21246,0.27566847,6578.587,3.370767,0,,,,,48.49849764207497,0.0007290372,778.258494744228,0.00073788763,0.015604807,0.023053762
1.0002038,0.0005126618,0,0.0034947125,48.49668586694542,778.2562637619646,5539,5339.451,2.758424,608.3234,0.27549332,6573.303,3.3691947,0,,,,,48.49668586694542,0.00072928664,778.2562637619646,0.0007384567,0.015042055,0.021583674
0.99980074,0.00051257253,0,0.003494545,48.4982168096481,778.2568005974504,5540,5336.0244,2.7581425,607.90875,0.27549508,6570.654,3.3686078,0,,,,,48.4982168096481,0.00072891585,778.2568005974504,0.00073807454,0.014662188,0.0215112
1.0002496,0.0005126915,0,0.003494377,48.49792792604853,778.2564430799631,5541,5339.597,2.758597,608.3647,0.27542636,6573.6035,3.3693898,0,,,,,48.49792792604853,0.00072899763,778.2564430799631,0.0007381282,0.015467315,0.022252012
0.99980736,0.00051266706,0,0.0034942087,48.49810284124021,778.2589720880367,5542,5337.7075,2.758273,608.3743,0.27564615,6570.6973,3.3692293,0,,,,,48.49810284124021,0.0007293942,778.2589720880367,0.00073833443,0.01575396,0.022756949
0.9993107,0.00051257253,0,0.0034940399,48.49783031231486,778.256936784591,5543,5334.7285,2.7580988,607.94934,0.27534997,6567.433,3.3686078,0,,,,,48.49783031231486,0.0007303176,778.256936784591,0.0007394893,0.01533795,0.022242628
0.9997371,0.0005126305,0,0.003493871,48.4976606920105,778.2556844301702,5544,5337.2925,2.758521,609.00336,0.27549127,6570.2354,3.368989,0,,,,,48.4976606920105,0.0007304267,778.2556844301702,0.0007396945,0.01579567,0.02252475
0.99952507,0.0005125877,0,0.0034937018,48.49871782406171,778.2577874120257,5545,5336.313,2.7581701,608.4224,0.27541858,6568.8423,3.368708,0,,,,,48.49871782406171,0.0007287442,778.2577874120257,0.0007377836,0.015268499,0.02203165
0.99978626,0.0005125655,0,0.0034935323,48.49728156820303,778.2560574197126,5546,5336.8438,2.758161,608.3395,0.27542633,6570.5586,3.3685615,0,,,,,48.49728156820303,0.0007293017,778.2560574197126,0.00073841616,0.015250039,0.02215755
0.9993427,0.00051252637,0,0.0034933623,48.49744402251167,778.2564681664553,5547,5335.2188,2.7581785,608.7475,0.27575326,6567.6436,3.3683047,0,,,,,48.49744402251167,0.00073018204,778.2564681664553,0.00073927705,0.015208242,0.022462083
1.0007836,0.00051285344,128,0.0034931924,48.49928147767059,778.2584170283395,5548,5343.285,2.7595146,607.9608,0.27547392,6577.1133,3.3704538,128,,,,,48.49928147767059,0.0007276046,778.2584170283395,0.0007365086,0.01562012,0.02293529
1.0000255,0.00051261875,0,0.0034930217,48.49767384828849,778.2552423368286,5549,5338.5845,2.758317,607.5164,0.27613473,6572.131,3.3689115,0,,,,,48.49767384828849,0.0007292269,778.2552423368286,0.00073861144,0.015144961,0.022207383
0.99934214,0.0005125991,0,0.003492851,48.49757892756715,778.2566266800595,5550,5335.2676,2.7580314,608.1443,0.27585027,6567.64,3.3687823,0,,,,,48.49757892756715,0.0007294386,778.2566266800595,0.0007385152,0.015138211,0.022448676
1.000446,0.0005127441,0,0.00349268,48.49875740630933,778.2577077230779,5551,5341.966,2.7588892,609.3446,0.27571294,6574.894,3.3697355,0,,,,,48.49875740630933,0.0007293134,778.2577077230779,0.00073837506,0.01564931,0.02289565
0.99936,0.0005125945,0,0.0034925085,48.49910090621336,778.2561589771165,5552,5336.16,2.7582338,607.97845,0.2754654,6567.7573,3.3687522,0,,,,,48.49910090621336,0.00072970113,778.2561589771165,0.0007388883,0.015885495,0.023244012
0.99945617,0.0005125158,0,0.003492337,48.499904767261874,778.2572405521402,5553,5337.177,2.7582855,608.17017,0.27550617,6568.389,3.3682349,0,,,,,48.499904767261874,0.00072892423,778.2572405521402,0.00073800463,0.016210264,0.023797829
1.0000693,0.0005126585,0,0.003492165,48.49756938520675,778.2571819048023,5554,5339.9834,2.7587757,608.57837,0.27571136,6572.4185,3.3691728,0,,,,,48.49756938520675,0.00072911556,778.2571819048023,0.00073819584,0.015349633,0.02275302
0.9999678,0.00051262975,0,0.0034919926,48.49831534609933,778.256982410888,5555,5338.232,2.7584524,608.4426,0.27550554,6571.752,3.368984,0,,,,,48.49831534609933,0.0007283214,778.256982410888,0.00073742913,0.015312117,0.022512518
0.999077,0.0005125996,0,0.0034918198,48.497218270527355,778.2559816969059,5556,5333.801,2.7578928,609.0117,0.27556264,6565.8975,3.3687859,0,,,,,48.497218270527355,0.0007299308,778.2559816969059,0.00073909666,0.015334758,0.022908835
1.0000095,0.00051270647,0,0.003491647,48.499287647568615,778.2573361157588,5557,5339.0005,2.7585397,608.91425,0.27530426,6572.026,3.3694882,0,,,,,48.499287647568615,0.00072904973,778.2573361157588,0.0007381547,0.015202978,0.022726955
0.9999192,0.0005125873,0,0.0034914738,48.49814075215385,778.2578075663553,5558,5337.977,2.758338,608.17896,0.27530628,6571.432,3.368705,0,,,,,48.49814075215385,0.0007292706,778.2578075663553,0.0007382907,0.015753163,0.023133952
0.99940944,0.0005126035,0,0.0034913002,48.49880630862328,778.2591821360572,5559,5336.86,2.758488,609.0036,0.2757274,6568.082,3.3688114,0,,,,,48.49880630862328,0.00072961504,778.2591821360572,0.0007384367,0.016073078,0.02403785
0.99987805,0.00051263423,0,0.0034911262,48.49786031747884,778.2585547484883,5560,5339.735,2.7585096,608.7663,0.2755223,6571.162,3.3690133,0,,,,,48.49786031747884,0.0007287653,778.2585547484883,0.0007376268,0.015850097,0.023876011
0.9995959,0.0005126181,0,0.003490952,48.49862077466562,778.2569598008688,5561,5336.9473,2.7583537,608.8215,0.27561486,6569.3076,3.3689075,0,,,,,48.49862077466562,0.00072894216,778.2569598008688,0.0007380968,0.015861906,0.023083413
0.9996572,0.0005126666,0,0.0034907777,48.498812910688834,778.2581576629811,5562,5338.7354,2.7583604,608.5471,0.27559552,6569.7104,3.369226,0,,,,,48.498812910688834,0.0007284171,778.2581576629811,0.00073726225,0.016368648,0.02430722
1.0004015,0.00051272416,0,0.0034906028,48.4997965650422,778.2583419768412,5563,5342.14,2.7588775,608.12244,0.27532116,6574.602,3.3696046,0,,,,,48.4997965650422,0.0007291153,778.2583419768412,0.00073811115,0.015911063,0.023403874
1.0002804,0.000512666,0,0.0034904277,48.49872412582325,778.2570451218678,5564,5340.0566,2.7585988,608.7931,0.27536342,6573.806,3.3692224,0,,,,,48.49872412582325,0.0007291962,778.2570451218678,0.000738214,0.016081704,0.023006495
1.0004584,0.00051268336,0,0.0034902524,48.49839728869199,778.2566964212539,5565,5342.0303,2.75881,608.4499,0.2755928,6574.976,3.3693364,0,,,,,48.49839728869199,0.0007291651,778.2566964212539,0.00073835126,0.016067915,0.023226244
1.0005093,0.0005127045,0,0.0034900769,48.4985663213224,778.2582199399142,5566,5342.351,2.7589104,608.95984,0.27566537,6575.3105,3.3694751,0,,,,,48.4985663213224,0.0007283553,778.2582199399142,0.00073739013,0.01591694,0.023380935
0.9994562,0.0005126457,0,0.0034899008,48.497099233874344,778.2573774521779,5567,5335.901,2.7585168,611.46844,0.2754863,6568.3896,3.3690886,0,,,,,48.497099233874344,0.00073021615,778.2573774521779,0.0007390939,0.015910389,0.023189927
0.9996368,0.00051266776,0,0.0034897244,48.49998661092857,778.2589554369538,5568,5338.329,2.7584355,608.88556,0.27555794,6569.5767,3.3692338,0,,,,,48.49998661092857,0.00072940416,778.2589554369538,0.0007382568,0.016284509,0.02414411
1.0005095,0.0005126878,0,0.0034895479,48.49835049307611,778.2591867714922,5569,5343.2617,2.758876,608.4669,0.27548173,6575.312,3.3693655,0,,,,,48.49835049307611,0.00072897156,778.2591867714922,0.000737763,0.016466489,0.0244536
1.0002075,0.0005127346,0,0.003489371,48.49892472691722,778.257599091705,5570,5340.8726,2.7588277,609.0956,0.27535936,6573.3276,3.3696728,0,,,,,48.49892472691722,0.00072935293,778.257599091705,0.00073835114,0.015894787,0.023284096
0.99977404,0.00051263947,0,0.0034891935,48.49970062141033,778.2590438694251,5571,5339.491,2.758545,608.64667,0.27544394,6570.4785,3.3690479,0,,,,,48.49970062141033,0.0007285975,778.2590438694251,0.00073737703,0.016434718,0.023992142
0.99946266,0.0005126847,0,0.003489016,48.49943400249458,778.2585583618895,5572,5337.454,2.758372,608.3699,0.27557606,6568.432,3.369345,0,,,,,48.49943400249458,0.00072936236,778.2585583618895,0.0007382206,0.01607196,0.023311745
0.9996902,0.0005126274,0,0.0034888382,48.499121938561984,778.2582300691599,5573,5338.6343,2.758508,608.5421,0.27536684,6569.9272,3.3689685,0,,,,,48.499121938561984,0.00072885526,778.2582300691599,0.00073776586,0.01659387,0.024471732
0.9994433,0.00051258714,0,0.00348866,48.499786844795196,778.2567568756774,5574,5337.9995,2.75842,609.22784,0.2752543,6568.3047,3.3687038,0,,,,,48.499786844795196,0.0007301184,778.2567568756774,0.0007391836,0.017041799,0.024880279
0.9999761,0.0005126358,0,0.0034884815,48.50234232095187,778.2578450356697,5575,5340.108,2.75851,608.06335,0.27555287,6571.806,3.3690238,0,,,,,48.50234232095187,0.0007279589,778.2578450356697,0.0007367158,0.016955499,0.024632094
0.9995166,0.00051259954,0,0.0034883027,48.49847821416055,778.2598444561348,5576,5337.6343,2.7583873,608.9705,0.27567688,6568.7866,3.3687854,0,,,,,48.49847821416055,0.0007304652,778.2598444561348,0.0007392115,0.01709735,0.024763504
0.9999479,0.000512685,0,0.0034881236,48.50016739241632,778.2604944211431,5577,5340.047,2.7586648,607.90063,0.27559474,6571.621,3.3693469,0,,,,,48.50016739241632,0.0007287524,778.2604944211431,0.00073744275,0.016924273,0.024790548
0.99977005,0.0005126445,0,0.0034879444,48.49922555141324,778.2567679295894,5578,5338.727,2.758517,608.9513,0.2752704,6570.452,3.3690808,0,,,,,48.49922555141324,0.00072978094,778.2567679295894,0.0007388681,0.016832357,0.024659492
1.0005459,0.00051272236,0,0.0034877646,48.49957497082861,778.2589220424675,5579,5343.3076,2.7592134,610.2181,0.27530864,6575.551,3.3695924,0,,,,,48.49957497082861,0.00072972366,778.2589220424675,0.00073860557,0.01691419,0.024892148
0.99951494,0.0005126156,0,0.0034875846,48.49931767598376,778.2596679748657,5580,5338.7188,2.7584367,608.001,0.27550286,6568.7754,3.368891,0,,,,,48.49931767598376,0.0007293636,778.2596679748657,0.0007380872,0.017001616,0.024860952
1.0010058,0.00051283394,0,0.0034874042,48.49834553689241,778.2585389682307,5581,5346.073,2.759404,609.34424,0.27530515,6578.573,3.3703258,0,,,,,48.49834553689241,0.00072881527,778.2585389682307,0.0007378186,0.016744189,0.024480646
0.99944174,0.00051261915,0,0.0034872238,48.49898893646218,778.2602173651794,5582,5337.69,2.7583458,608.5273,0.2756376,6568.2944,3.3689144,0,,,,,48.49898893646218,0.00072777295,778.2602173651794,0.0007365996,0.016395442,0.024189416
0.9995924,0.00051260664,0,0.0034870426,48.49922631687907,778.2579582546043,5583,5338.251,2.7585108,609.092,0.27544323,6569.2847,3.368832,0,,,,,48.49922631687907,0.00072931394,778.2579582546043,0.00073835044,0.016553732,0.024065884
1.0004516,0.00051273213,0,0.0034868615,48.49948453201172,778.2594549504515,5584,5342.9673,2.7591329,609.326,0.27520803,6574.931,3.3696568,0,,,,,48.49948453201172,0.0007288408,778.2594549504515,0.00073755905,0.016659763,0.025077906
1.0002205,0.0005126824,0,0.0034866799,48.50034717061416,778.2607554582675,5585,5341.9487,2.7590675,609.1712,0.27522686,6573.4126,3.3693302,0,,,,,48.50034717061416,0.00072908687,778.2607554582675,0.0007377741,0.017303675,0.025587382
0.9996132,0.0005126597,0,0.003486498,48.50028186182391,778.2577484625449,5586,5338.3926,2.7585328,609.0892,0.27547264,6569.4214,3.369181,0,,,,,48.50028186182391,0.0007294819,778.2577484625449,0.00073843554,0.016587049,0.024700126
1.0002335,0.0005127004,0,0.003486316,48.49872141579856,778.2573129579716,5587,5340.679,2.758764,609.25616,0.27533883,6573.498,3.3694484,0,,,,,48.49872141579856,0.0007294718,778.2573129579716,0.0007385454,0.016264042,0.024056355
0.99974716,0.000512646,0,0.0034861334,48.4996277871323,778.2590017940679,5588,5338.991,2.7586126,608.7691,0.2757356,6570.302,3.3690908,0,,,,,48.4996277871323,0.00072949665,778.2590017940679,0.0007374029,0.016752642,0.024555936
0.9991525,0.00051267585,0,0.0034859506,48.500314059855626,778.2595893553906,5589,5337.257,2.7584825,609.37854,0.27541244,6566.3936,3.3692868,0,,,,,48.500314059855626,0.0007302157,778.2595893553906,0.0007390385,0.017477175,0.025544247
0.99993396,0.00051267614,0,0.0034857676,48.49964148402149,778.2603115910081,5590,5340.639,2.758817,609.5653,0.27540952,6571.5293,3.3692887,0,,,,,48.49964148402149,0.00072904973,778.2603115910081,0.00073779415,0.017367655,0.025591144
1.0002141,0.0005127296,0,0.0034855842,48.50000200088333,778.2588417006199,5591,5342.2373,2.758975,609.8208,0.2755052,6573.3706,3.3696399,0,,,,,48.50000200088333,0.00072922645,778.2588417006199,0.00073818973,0.017031888,0.025114577
1.0004401,0.00051275536,0,0.0034854005,48.497285587384695,778.2596147679742,5592,5343.1577,2.7590528,609.0569,0.27525643,6574.856,3.3698094,0,,,,,48.497285587384695,0.00072875374,778.2596147679742,0.0007374426,0.016616503,0.024264513
1.0000552,0.0005127369,0,0.0034852165,48.498944089503844,778.258361853482,5593,5340.593,2.7587535,609.3288,0.27530023,6572.326,3.369688,0,,,,,48.498944089503844,0.00072941784,778.258361853482,0.00073846383,0.01690873,0.024735304
1.0005475,0.0005128364,0,0.0034850321,48.49916202183688,778.258376250005,5594,5344.1836,2.7592103,608.9514,0.27543986,6575.5615,3.3703418,0,,,,,48.49916202183688,0.00072893285,778.258376250005,0.0007378334,0.016961481,0.024822501
0.9995444,0.0005127353,0,0.0034848475,48.49815923852785,778.2592370643262,5595,5339.524,2.7587004,609.73267,0.27555194,6568.969,3.3696775,0,,,,,48.49815923852785,0.0007293553,778.2592370643262,0.00073813583,0.017160391,0.024944287
0.99944896,0.0005126825,0,0.0034846626,48.50127681672757,778.2578430655813,5596,5338.0903,2.758642,609.51917,0.27534404,6568.342,3.3693306,0,,,,,48.50127681672757,0.000730121,778.2578430655813,0.00073895906,0.017448466,0.024612647
0.999786,0.0005127216,0,0.0034844773,48.50086268684066,778.2598205144747,5597,5340.412,2.75872,608.8976,0.27558774,6570.557,3.3695874,0,,,,,48.50086268684066,0.00072932034,778.2598205144747,0.00073807326,0.017683275,0.024685686
1.0006988,0.00051280874,0,0.0034842917,48.501193149976345,778.2603812641631,5598,5346.1226,2.7593694,609.21747,0.2756089,6576.556,3.3701603,0,,,,,48.501193149976345,0.00072705356,778.2603812641631,0.00073582237,0.01779202,0.025071356
1.0003742,0.00051281165,0,0.003484106,48.498752351743015,778.2604739053907,5599,5343.347,2.759102,609.40375,0.27539694,6574.4224,3.3701794,0,,,,,48.498752351743015,0.0007287668,778.2604739053907,0.0007374617,0.0176104,0.025354963
1.0002531,0.0005127496,0,0.0034839197,48.500029960478905,778.258527082792,5600,5343.1587,2.7590284,609.0638,0.27568138,6573.6265,3.3697715,0,,,,,48.500029960478905,0.00072891405,778.258527082792,0.0007377838,0.017789593,0.025286116
0.9997748,0.0005127778,0,0.0034837334,48.500314640467266,778.260974289672,5601,5340.405,2.7588232,609.0937,0.27580687,6570.4834,3.3699572,0,,,,,48.500314640467266,0.00072932255,778.260974289672,0.00073783135,0.017356506,0.025313903
1.0000747,0.00051269337,0,0.0034835464,48.50100402075668,778.2606829858064,5602,5341.808,2.758995,609.0777,0.27570608,6572.4546,3.369402,0,,,,,48.50100402075668,0.0007294445,778.2606829858064,0.00073805836,0.017475411,0.025747793
0.99909586,0.0005126226,0,0.0034833595,48.50035586726915,778.2601227610471,5603,5336.839,2.7582755,609.1204,0.27527326,6566.0215,3.3689368,0,,,,,48.50035586726915,0.0007293706,778.2601227610471,0.00073839317,0.01743747,0.025764698
0.9997775,0.0005126036,0,0.003483172,48.50026377017637,778.2600372306579,5604,5340.6216,2.7587757,609.3869,0.27533546,6570.501,3.3688123,0,,,,,48.50026377017637,0.00072937785,778.2600372306579,0.00073811074,0.018110849,0.026721757
1.0001216,0.0005127538,0,0.0034829844,48.5001932816171,778.2611834734095,5605,5341.4883,2.7589493,609.4773,0.27537966,6572.762,3.3697991,0,,,,,48.5001932816171,0.0007298539,778.2611834734095,0.00073845836,0.018260108,0.026318545
0.9987224,0.00051267707,0,0.0034791657,48.50090636116219,778.2613675540106,5625,5336.188,2.758553,611.04285,0.27540657,6563.567,3.369295,0,,,,,48.50090636116219,0.00072992325,778.2613675540106,0.0007385389,0.018324487,0.026768707
0.99956316,0.000512761,0,0.0034789715,48.500451820950715,778.2612309012429,5626,5340.0537,2.7588818,610.28644,0.27570805,6569.0923,3.3698466,0,,,,,48.500451820950715,0.00072992337,778.2612309012429,0.0007385116,0.01829404,0.02656774
1.0002568,0.00051270524,0,0.0034787771,48.503532271614326,778.2626768080511,5627,5344.614,2.7593906,610.70856,0.27575573,6573.651,3.3694801,0,,,,,48.503532271614326,0.0007291832,778.2626768080511,0.0007374774,0.018630391,0.027636189
1.0005103,0.0005128354,0,0.0034785825,48.50174014648378,778.263246388201,5628,5345.742,2.7596395,610.6553,0.27552345,6575.317,3.3703353,0,,,,,48.50174014648378,0.00072985067,778.263246388201,0.00073824817,0.01902838,0.027773002
1.000043,0.00051271194,0,0.0034783874,48.50016731186263,778.2618503218954,5629,5342.5215,2.7591662,610.78973,0.27567112,6572.2466,3.369524,0,,,,,48.50016731186263,0.0007290411,778.2618503218954,0.0007375512,0.018591387,0.027163219
1.0005045,0.00051280524,0,0.003478192,48.50096134721621,778.2623901838167,5630,5346.0273,2.7594144,610.0746,0.275528,6575.279,3.3701372,0,,,,,48.50096134721621,0.0007284797,778.2623901838167,0.0007369701,0.01871723,0.02733925
0.99981654,0.0005127907,0,0.0034779962,48.50051056926587,778.2622043730535,5631,5342.3145,2.7590866,609.9338,0.2757359,6570.758,3.3700416,0,,,,,48.50051056926587,0.0007283668,778.2622043730535,0.0007371159,0.018797562,0.026987458
0.9999421,0.00051282876,0,0.0034778002,48.50152018970295,778.2608876995225,5632,5343.129,2.7592828,611.24384,0.2756177,6571.583,3.370292,0,,,,,48.50152018970295,0.00072979653,778.2608876995225,0.0007383659,0.018977156,0.027464056
0.99967897,0.00051272387,0,0.003477604,48.50225614283766,778.2625799168118,5633,5342.9575,2.7592943,611.26904,0.27569327,6569.8535,3.3696027,0,,,,,48.50225614283766,0.0007295058,778.2625799168118,0.00073789345,0.019615786,0.028379956
1.0008842,0.00051291805,0,0.0034774074,48.5011989801916,778.2632383069856,5634,5349.327,2.7599,611.024,0.27540836,6577.774,3.3708787,0,,,,,48.5011989801916,0.0007280949,778.2632383069856,0.00073634967,0.019626172,0.028801795
0.99899787,0.0005128125,0,0.0034772104,48.50048226719167,778.2620923736139,5635,5338.2847,2.7589514,611.8572,0.27563518,6565.3774,3.3701851,0,,,,,48.50048226719167,0.0007301015,778.2620923736139,0.000738714,0.019237941,0.027405994
0.99930185,0.00051284954,0,0.0034770132,48.502550103581555,778.2604613751587,5636,5340.539,2.7591705,611.92065,0.27545753,6567.375,3.3704283,0,,,,,48.502550103581555,0.00072966743,778.2604613751587,0.0007384386,0.019848453,0.027331362
0.9995109,0.0005127836,0,0.0034768158,48.50211296083343,778.262505634319,5637,5340.938,2.759067,612.06287,0.27545902,6568.749,3.369995,0,,,,,48.50211296083343,0.0007305693,778.262505634319,0.00073906285,0.019631997,0.028046107
0.99951226,0.0005127778,0,0.0034766179,48.50205105955642,778.262761974831,5638,5341.1074,2.7590191,611.48987,0.27549824,6568.758,3.3699572,0,,,,,48.50205105955642,0.0007294918,778.262761974831,0.0007379225,0.019728186,0.027647581
0.9999038,0.00051288574,0,0.0034764197,48.502868419844276,778.2632264848107,5639,5343.798,2.759547,612.01495,0.2753494,6571.331,3.3706663,0,,,,,48.502868419844276,0.00072928646,778.2632264848107,0.00073747337,0.020308597,0.028322244
1.0007458,0.0005129431,0,0.0034762213,48.50285539548148,778.262662528488,5640,5348.061,2.7599218,611.94025,0.27558187,6576.8643,3.371043,0,,,,,48.50285539548148,0.0007287834,778.262662528488,0.0007371102,0.01986955,0.028399138
0.9997499,0.00051284477,0,0.0034760225,48.50305918006543,778.2628422963503,5641,5342.961,2.7593403,611.24554,0.27555773,6570.32,3.370397,0,,,,,48.50305918006543,0.00072945317,778.2628422963503,0.00073780055,0.020150958,0.02824761
0.99813735,0.0005126258,0,0.0034758234,48.50275495942305,778.2628387352784,5642,5334.964,2.758422,611.9163,0.27547905,6559.722,3.368958,0,,,,,48.50275495942305,0.0007299117,778.2628387352784,0.0007383236,0.020148538,0.028823148
0.9996131,0.000512891,0,0.0034756241,48.502492638340954,778.261372013523,5643,5342.359,2.759314,611.8284,0.27560636,6569.421,3.3707008,0,,,,,48.502492638340954,0.0007303011,778.261372013523,0.0007388821,0.020163704,0.028355084
0.9991812,0.00051276904,0,0.0034754244,48.50341133294625,778.263781799176,5644,5340.369,2.7591636,611.69147,0.2753409,6566.5825,3.3698993,0,,,,,48.50341133294625,0.0007294661,778.263781799176,0.00073771924,0.020815888,0.029490571
0.99897957,0.000512662,0,0.0034752244,48.50233685631796,778.264304261486,5645,5339.9067,2.7589908,610.6766,0.27573082,6565.2573,3.369196,0,,,,,48.50233685631796,0.0007301233,778.264304261486,0.0007384952,0.021220734,0.029707067
1.0003009,0.0005128564,0,0.0034750241,48.50114775453098,778.2630369326503,5646,5346.122,2.7597804,611.4953,0.27564847,6573.9404,3.3704734,0,,,,,48.50114775453098,0.0007292214,778.2630369326503,0.0007375486,0.02046626,0.029128807
0.9994681,0.0005128158,0,0.0034748234,48.50247287147174,778.2635304390598,5647,5342.0107,2.7592087,611.5595,0.27581707,6568.468,3.3702064,0,,,,,48.50247287147174,0.00072981406,778.2635304390598,0.00073804177,0.020502165,0.02899762
0.9988099,0.0005127961,0,0.0034746225,48.50207709333199,778.2618200443657,5648,5338.3486,2.758841,611.2162,0.2756364,6564.142,3.3700771,0,,,,,48.50207709333199,0.0007302993,778.2618200443657,0.0007388068,0.020790966,0.028625052
1.0000372,0.00051282643,0,0.0034744213,48.50421967121578,778.2637141758355,5649,5345.0767,2.7595284,611.79565,0.27529946,6572.2075,3.3702765,0,,,,,48.50421967121578,0.0007286015,778.2637141758355,0.0007368422,0.02106368,0.029276246
1.0000733,0.00051265326,0,0.00347422,48.50376589806298,778.2630215000356,5650,5345.3867,2.758479,611.39514,0.27546903,6572.4453,3.3691385,0,,,,,48.50376589806298,0.0007286277,778.2630215000356,0.0007371683,0.021124652,0.02953514
0.9996556,0.00051258516,8192,0.003474018,48.50334405762801,778.2630109900192,5651,5343.9775,2.758154,611.0947,0.27547964,6569.7,3.368691,8192,,,,,48.50334405762801,0.00072933914,778.2630109900192,0.0007377169,0.021290217,0.029662866
0.9990615,0.00051230635,0,0.003473816,48.50390929447984,778.2630100305998,5652,5340.227,2.7566624,610.69507,0.27540305,6565.796,3.3668587,0,,,,,48.50390929447984,0.00072979485,778.2630100305998,0.00073813763,0.021154448,0.029753385
0.99925214,0.0005122997,0,0.0034736134,48.50264203463836,778.2633936740415,5653,5341.465,2.7568297,611.5271,0.2754261,6567.0483,3.3668149,0,,,,,48.50264203463836,0.0007303633,778.2633936740415,0.00073871895,0.021469664,0.030104544
0.9993128,0.00051257404,0,0.0034734106,48.50058347079543,778.2631784218028,5654,5341.958,2.7580097,610.3436,0.2754628,6567.4473,3.368618,0,,,,,48.50058347079543,0.0007286654,778.2631784218028,0.00073697296,0.021452608,0.029747814
0.9991557,0.000512263,0,0.0034732076,48.50484180787079,778.2625588384411,5655,5340.8022,2.756693,610.86743,0.27586088,6566.4146,3.3665736,0,,,,,48.50484180787079,0.00072942796,778.2625588384411,0.00073789514,0.021892147,0.029406477
0.9996597,0.0005125859,0,0.0034730043,48.50257275086115,778.2640128108621,5656,5343.0947,2.757992,610.47485,0.27528664,6569.727,3.3686957,0,,,,,48.50257275086115,0.0007286815,778.2640128108621,0.0007368769,0.02111761,0.029249296
0.9994144,0.0005124595,0,0.0034728006,48.502716173158014,778.2645995829214,5657,5342.06,2.7578707,610.2247,0.2756825,6568.1147,3.367865,0,,,,,48.502716173158014,0.0007289151,778.2645995829214,0.00073714886,0.021248331,0.030104473
0.99910516,0.00051271654,0,0.0034725966,48.50285306042894,778.2625567971153,5658,5339.1885,2.7588933,611.29114,0.27526584,6566.0825,3.3695543,0,,,,,48.50285306042894,0.0007298593,778.2625567971153,0.00073822367,0.020868612,0.029096726
1.0001917,0.0005128161,0,0.0034723924,48.50403267728768,778.2624258529833,5659,5346.231,2.7596884,610.93713,0.27568883,6573.223,3.370209,0,,,,,48.50403267728768,0.00072965986,778.2624258529833,0.00073813676,0.021232212,0.029825188
0.9999825,0.00051276194,0,0.0034721878,48.503504038442316,778.2635794123627,5660,5345.4844,2.7595046,610.7728,0.27527058,6571.848,3.3698528,0,,,,,48.503504038442316,0.00072981656,778.2635794123627,0.0007381582,0.020833138,0.030183598
1.0000583,0.0005126078,0,0.003471983,48.50376425192398,778.2646243949835,5661,5345.8506,2.7582092,609.45996,0.27587014,6572.346,3.3688397,0,,,,,48.50376425192398,0.0007279007,778.2646243949835,0.0007360946,0.020934569,0.029918898
0.9991989,0.0005125763,0,0.0034717778,48.503682098070975,778.2638780043351,5662,5341.6777,2.7580209,611.3351,0.27546158,6566.6987,3.3686328,0,,,,,48.503682098070975,0.0007299301,778.2638780043351,0.000738147,0.021190643,0.029853698
0.999308,0.00051261316,0,0.0034715722,48.505869871830555,778.2656182732501,5663,5342.903,2.758065,610.07916,0.27557883,6567.4155,3.368875,0,,,,,48.505869871830555,0.00072867755,778.2656182732501,0.0007365936,0.02142764,0.03022559
0.99934936,0.0005123482,0,0.0034713664,48.50412734933807,778.2643358887186,5664,5342.8003,2.7567923,610.26074,0.27543703,6567.6875,3.3671336,0,,,,,48.50412734933807,0.0007289345,778.2643358887186,0.00073713635,0.021693166,0.03074382
0.9996919,0.0005126082,0,0.0034711603,48.50322029349253,778.2638557263742,5665,5344.8594,2.758279,610.38806,0.2754755,6569.9385,3.3688424,0,,,,,48.50322029349253,0.0007300906,778.2638557263742,0.00073837413,0.021320045,0.030141044
0.9996809,0.00051264756,0,0.0034709538,48.502780648177804,778.2638552785911,5666,5345.0605,2.758309,610.36334,0.27548963,6569.866,3.3691008,0,,,,,48.502780648177804,0.0007289503,778.2638552785911,0.0007371316,0.021165386,0.030125013
0.9982383,0.00051217026,0,0.003470747,48.50531646466366,778.264274913174,5667,5336.93,2.756204,610.6344,0.27557266,6560.3857,3.3659642,0,,,,,48.50531646466366,0.0007299632,778.264274913174,0.0007381558,0.0213508,0.030267838
1.0002592,0.0005128527,0,0.00347054,48.501340357339075,778.2642286653748,5668,5347.776,2.7596202,610.6428,0.27540082,6573.6665,3.370449,0,,,,,48.501340357339075,0.0007289449,778.2642286653748,0.00073707785,0.02123057,0.030274116
0.9984996,0.0005122817,0,0.0034703326,48.50278017231315,778.2642034103169,5669,5338.524,2.7564476,610.2518,0.2752856,6562.1025,3.3666968,0,,,,,48.50278017231315,0.0007294375,778.2642034103169,0.00073770876,0.02131744,0.030175207
0.9994425,0.00051235605,0,0.0034701251,48.50435954335071,778.2645837543331,5670,5342.916,2.7569535,610.98047,0.2758317,6568.3,3.3671854,0,,,,,48.50435954335071,0.0007302621,778.2645837543331,0.0007385124,0.021578932,0.030778851
1.0004127,0.00051270024,0,0.003469917,48.50321584941413,778.2633057782297,5671,5348.0493,2.7585068,611.2155,0.27549964,6574.6753,3.369447,0,,,,,48.50321584941413,0.00072819233,778.2633057782297,0.0007366642,0.021346841,0.03033178
0.9998001,0.0005126006,0,0.0034697088,48.50323845394121,778.263681436553,5672,5345.5156,2.7583587,611.40155,0.2753522,6570.6494,3.3687923,0,,,,,48.50323845394121,0.00072917214,778.263681436553,0.0007376019,0.021364521,0.031003172
0.9994083,0.00051234104,0,0.0034695002,48.50424643112951,778.263309029796,5673,5342.3794,2.7568703,611.05804,0.27518624,6568.0747,3.3670864,0,,,,,48.50424643112951,0.0007300789,778.263309029796,0.0007385212,0.021297157,0.030322542
0.99996203,0.0005123609,0,0.0034692914,48.502891581587946,778.2655586872106,5674,5346.077,2.7572174,611.0433,0.2759548,6571.714,3.3672168,0,,,,,48.502891581587946,0.00072881795,778.2655586872106,0.000736954,0.02119937,0.030685907
0.9989453,0.0005123356,0,0.003469082,48.50335231859118,778.265275701387,5675,5341.4434,2.7567213,610.48224,0.27542698,6565.0317,3.367051,0,,,,,48.50335231859118,0.0007298227,778.265275701387,0.00073817524,0.021605417,0.031046068
0.9984507,0.0005122431,0,0.0034688727,48.50436848901118,778.2645812395948,5676,5337.852,2.756303,610.46027,0.27558047,6561.7812,3.3664427,0,,,,,48.50436848901118,0.00073020376,778.2645812395948,0.00073839165,0.021890296,0.031053329
0.99971133,0.00051236677,0,0.003468663,48.50433021789496,778.2642546406136,5677,5345.4014,2.7571228,610.6706,0.27554035,6570.0664,3.3672554,0,,,,,48.50433021789496,0.000729857,778.2642546406136,0.00073811685,0.021945156,0.030893536
0.9998503,0.0005126539,0,0.0034684527,48.50368933757251,778.2637453464338,5678,5346.653,2.7584949,610.8221,0.275697,6570.9795,3.3691428,0,,,,,48.50368933757251,0.0007299891,778.2637453464338,0.0007383706,0.021724302,0.031100092
0.99985355,0.00051242113,8192,0.0034682425,48.505496447116315,778.2645426463373,5679,5345.636,2.7571826,610.571,0.27582997,6571.001,3.3676128,8192,,,,,48.505496447116315,0.0007296403,778.2645426463373,0.0007379095,0.021842403,0.030961262
0.9987905,0.000512248,0,0.0034680318,48.504821724290025,778.2649748787063,5680,5340.232,2.756617,610.345,0.27552027,6564.0146,3.3664753,0,,,,,48.504821724290025,0.00072963024,778.2649748787063,0.0007378802,0.021555671,0.031205751
0.9991393,0.0005123659,0,0.0034678206,48.50453374669,778.2631428027782,5681,5342.2505,2.756772,611.0405,0.27554035,6566.307,3.36725,0,,,,,48.50453374669,0.00073011336,778.2631428027782,0.0007385719,0.021851938,0.030638754
0.99969494,0.00051229965,0,0.0034676094,48.503132205658346,778.2638626157998,5682,5344.847,2.7571135,610.7881,0.27555317,6569.9585,3.3668146,0,,,,,48.503132205658346,0.00072920485,778.2638626157998,0.0007375649,0.022110008,0.031362113
0.99934363,0.00051235897,0,0.0034673978,48.50542812222392,778.2648736262365,5683,5343.8936,2.7569995,610.5975,0.27557334,6567.65,3.3672042,0,,,,,48.50542812222392,0.0007299206,778.2648736262365,0.00073814864,0.022679001,0.03175625
0.9993168,0.0005123153,0,0.0034671857,48.50364778056173,778.2656757154442,5684,5344.2812,2.7570534,610.47375,0.27563727,6567.4736,3.3669176,0,,,,,48.50364778056173,0.0007298125,778.2656757154442,0.00073787814,0.022771815,0.032096345
0.9995751,0.000512354,0,0.0034669735,48.50390425086731,778.2647800198159,5685,5345.0366,2.7571223,610.7849,0.27577952,6569.171,3.3671718,0,,,,,48.50390425086731,0.0007295306,778.2647800198159,0.0007377798,0.022340782,0.031713344
0.99882716,0.00051233644,0,0.003466761,48.50453346098058,778.2638546062177,5686,5340.986,2.7567728,610.4113,0.2754926,6564.2554,3.3670561,0,,,,,48.50453346098058,0.0007308659,778.2638546062177,0.0007392566,0.022073328,0.030968172
1.0003437,0.0005124615,0,0.0034665482,48.50158347032377,778.2652194666326,5687,5350.051,2.757754,610.40265,0.2756276,6574.2217,3.3678784,0,,,,,48.50158347032377,0.0007292971,778.2652194666326,0.0007374326,0.022384916,0.03213848
0.9997116,0.00051236356,0,0.003466335,48.50462549056922,778.2669451837872,5688,5345.5273,2.7571666,610.553,0.27542073,6570.068,3.3672345,0,,,,,48.50462549056922,0.0007297386,778.2669451837872,0.00073777186,0.022738457,0.032076515
0.999805,0.00051220774,0,0.0034661214,48.50573157773117,778.2651189141067,5689,5346.735,2.7572017,610.59503,0.27560067,6570.6816,3.3662105,0,,,,,48.50573157773117,0.0007295092,778.2651189141067,0.00073759933,0.022783693,0.03270668
0.9986126,0.0005121857,0,0.0034659076,48.50500182759613,778.2664098205282,5690,5340.172,2.7564342,610.6921,0.27544445,6562.845,3.3660655,0,,,,,48.50500182759613,0.0007301069,778.2664098205282,0.00073819474,0.022837779,0.032862436
0.9989692,0.00051222165,0,0.0034656934,48.50472003638527,778.2661356376119,5691,5341.346,2.7568743,610.5674,0.27547106,6565.189,3.3663018,0,,,,,48.50472003638527,0.00073042256,778.2661356376119,0.0007384248,0.022597367,0.03289977
0.99960285,0.00051232445,0,0.0034654792,48.505378464875164,778.2662234782487,5692,5346.3447,2.7573998,610.53864,0.27591333,6569.3535,3.3669777,0,,,,,48.505378464875164,0.0007291254,778.2662234782487,0.0007370947,0.022725157,0.032850172
0.999468,0.00051231374,0,0.0034652646,48.504104993043676,778.2668333876377,5693,5345.2456,2.757097,610.6751,0.2752698,6568.4673,3.3669071,0,,,,,48.504104993043676,0.0007298644,778.2668333876377,0.00073803694,0.022836074,0.032651525
0.99836063,0.0005121578,0,0.0034650494,48.50450835067957,778.2656727128431,5694,5338.984,2.7563827,611.21967,0.2754361,6561.1895,3.3658822,0,,,,,48.50450835067957,0.00073055865,778.2656727128431,0.00073865085,0.022507811,0.03230458
0.99913174,0.0005123006,0,0.003464834,48.50423495362608,778.2658700081884,5695,5343.783,2.7569852,610.84735,0.27526838,6566.2573,3.3668206,0,,,,,48.50423495362608,0.000729414,778.2658700081884,0.000737512,0.022974983,0.032559548
0.999567,0.00051227654,0,0.0034646185,48.50478105567711,778.2663587169899,5696,5346.408,2.7571776,609.66675,0.27532262,6569.1177,3.3666625,0,,,,,48.50478105567711,0.0007299517,778.2663587169899,0.0007380141,0.022633769,0.032853078
0.99945503,0.00051218446,0,0.0034644026,48.50478189046724,778.2658425514687,5697,5344.5273,2.757058,610.2608,0.2754278,6568.382,3.3660574,0,,,,,48.50478189046724,0.00072921405,778.2658425514687,0.0007372039,0.022374697,0.032086324
0.99934494,0.00051231,0,0.0034641863,48.505153278981055,778.2658709448934,5698,5344.511,2.7570574,611.07367,0.27551082,6567.658,3.3668826,0,,,,,48.505153278981055,0.00073022675,778.2658709448934,0.0007383541,0.022327775,0.03217495
1.0003494,0.00051245675,0,0.0034639698,48.50335398665344,778.2659521924086,5699,5349.6035,2.7575324,610.47974,0.27551505,6574.26,3.3678472,0,,,,,48.50335398665344,0.0007293028,778.2659521924086,0.00073737954,0.022509964,0.031760015
0.9989102,0.00051223504,0,0.003463753,48.5051501911549,778.2665807483359,5700,5341.5645,2.7566612,610.5605,0.2755136,6564.8013,3.36639,0,,,,,48.5051501911549,0.00073004176,778.2665807483359,0.0007380242,0.022274148,0.031990066
1.0000019,0.0005123995,0,0.0034635358,48.50468011766882,778.2670029816788,5701,5348.282,2.7576227,610.76135,0.27573472,6571.976,3.3674707,0,,,,,48.50468011766882,0.0007295046,778.2670029816788,0.0007372655,0.022183036,0.032760974
0.99979997,0.0005122249,0,0.0034633183,48.50467630779288,778.2657725041446,5702,5347.3086,2.7574131,610.34515,0.27574292,6570.649,3.3663235,0,,,,,48.50467630779288,0.0007291308,778.2657725041446,0.00073724735,0.0226937,0.03284661
0.9994847,0.0005124136,0,0.0034631006,48.50570794173467,778.2636098092718,5703,5344.1006,2.757126,611.16144,0.27548453,6568.577,3.3675635,0,,,,,48.50570794173467,0.000729778,778.2636098092718,0.0007381962,0.02248262,0.031340398
1.0000625,0.0005123683,0,0.0034628825,48.50320856484119,778.265145696568,5704,5347.7275,2.7573376,610.70496,0.27571887,6572.374,3.3672655,0,,,,,48.50320856484119,0.00072897004,778.265145696568,0.00073704123,0.022139858,0.03149913
0.9997204,0.0005123408,0,0.0034626643,48.50356655512226,778.2659887371192,5705,5346.5825,2.7572806,610.30865,0.27584434,6570.126,3.367085,0,,,,,48.50356655512226,0.00072897214,778.2659887371192,0.00073703873,0.02235429,0.032000855
0.9995501,0.0005123607,0,0.0034624455,48.50336511186398,778.2653972482854,5706,5344.75,2.7570446,610.84845,0.27525017,6569.007,3.3672159,0,,,,,48.50336511186398,0.0007292796,778.2653972482854,0.00073734665,0.022799112,0.03235205
1.0012767,0.0005129534,128,0.0034622266,48.50595035523689,778.2641302455949,5707,5355.029,2.7602458,609.9501,0.27560464,6580.354,3.371111,128,,,,,48.50595035523689,0.00072741753,778.2641302455949,0.0007359237,0.022559974,0.03176058
1.0005229,0.000512457,0,0.0034620073,48.50435285830419,778.2670005948421,5708,5350.798,2.7575912,610.74286,0.27550372,6575.3994,3.3678486,0,,,,,48.50435285830419,0.0007290802,778.2670005948421,0.0007369773,0.02215658,0.031773437
0.9992125,0.0005123522,0,0.0034617877,48.50511505222502,778.2650823057663,5709,5343.3945,2.7569315,610.58435,0.27540118,6566.788,3.36716,0,,,,,48.50511505222502,0.00072946737,778.2650823057663,0.0007376837,0.022516431,0.03148247
0.9985927,0.0005123291,0,0.0034615677,48.503505003490986,778.2662431740918,5710,5341.2363,2.756664,610.9462,0.27535614,6562.7144,3.3670082,0,,,,,48.503505003490986,0.0007299365,778.2662431740918,0.0007380259,0.022324886,0.031819128
0.99942106,0.0005123253,0,0.0034613477,48.50393879036312,778.2650614935562,5711,5345.9053,2.7572644,610.4954,0.27589968,6568.1587,3.3669832,0,,,,,48.50393879036312,0.0007286792,778.2650614935562,0.00073676615,0.022585128,0.031729538
1.0001788,0.0005124823,0,0.003461127,48.5041478850776,778.2655231225501,5712,5349.5703,2.757758,611.8965,0.2757708,6573.138,3.3680148,0,,,,,48.5041478850776,0.00072919327,778.2655231225501,0.00073736813,0.022925971,0.032414168
0.9995175,0.0005122499,0,0.0034609062,48.50755952059331,778.2677671809286,5713,5346.962,2.7573493,611.2376,0.27566126,6568.7925,3.3664875,0,,,,,48.50755952059331,0.0007297679,778.2677671809286,0.0007375507,0.023368495,0.03341219
0.9981044,0.0005121844,0,0.003460685,48.506869986088205,778.2675789220762,5714,5338.7695,2.756431,611.545,0.27543807,6559.5054,3.3660572,0,,,,,48.506869986088205,0.0007311274,778.2675789220762,0.00073912274,0.023765214,0.033467937
1.0003173,0.0005124292,0,0.0034604636,48.504873712817954,778.2657967170985,5715,5350.65,2.7579105,611.53577,0.2755817,6574.049,3.367666,0,,,,,48.504873712817954,0.0007290787,778.2657967170985,0.0007371648,0.023666395,0.033765007
0.99925256,0.00051236054,0,0.003460242,48.50528950950259,778.2670510974508,5716,5345.2017,2.7572207,612.0967,0.27546883,6567.0513,3.3672147,0,,,,,48.50528950950259,0.0007302215,778.2670510974508,0.0007381706,0.023266139,0.033635978
0.999156,0.00051232113,0,0.0034600198,48.50557991418802,778.2667202210323,5717,5344.603,2.7571852,612.0789,0.27541444,6566.4165,3.3669558,0,,,,,48.50557991418802,0.00073060044,778.2667202210323,0.0007385663,0.023052618,0.03323833
0.99951303,0.00051229587,0,0.0034597975,48.504006062299425,778.2659623473539,5718,5346.481,2.7572837,611.25287,0.27533704,6568.763,3.3667898,0,,,,,48.504006062299425,0.00072900834,778.2659623473539,0.000737002,0.023247227,0.033032123
0.99886936,0.0005122482,0,0.003459575,48.50526978324024,778.2661523764034,5719,5343.2046,2.757144,611.19653,0.27556247,6564.5327,3.3664765,0,,,,,48.50526978324024,0.0007300774,778.2661523764034,0.00073804095,0.023293257,0.033343557
0.9992091,0.0005123337,0,0.0034593518,48.5050183749605,778.2662585300727,5720,5344.2188,2.7570727,610.9875,0.27550393,6566.7656,3.3670382,0,,,,,48.5050183749605,0.00073017925,778.2662585300727,0.00073822564,0.02294026,0.032913957
0.99990726,0.00051233545,0,0.0034591288,48.50472651212085,778.2678198380557,5721,5348.9907,2.7576587,612.54364,0.27579066,6571.354,3.3670497,0,,,,,48.50472651212085,0.000728885,778.2678198380557,0.0007367021,0.023341434,0.0338801
0.9993921,0.00051238725,0,0.003458905,48.504170682832395,778.2665219359912,5722,5345.9976,2.757394,611.8923,0.275513,6567.9683,3.3673904,0,,,,,48.504170682832395,0.0007302087,778.2665219359912,0.00073828106,0.022984128,0.033642873
0.9991661,0.00051233574,0,0.0034586813,48.504990816915345,778.2666307142094,5723,5344.1064,2.7570274,611.5203,0.275581,6566.483,3.3670518,0,,,,,48.504990816915345,0.0007301439,778.2666307142094,0.000738096,0.023046983,0.03388054
0.99994,0.0005123437,0,0.003458457,48.505019443396506,778.2673449182786,5724,5348.4893,2.7575114,611.847,0.2755382,6571.569,3.367104,0,,,,,48.505019443396506,0.0007301519,778.2673449182786,0.00073808234,0.023360599,0.033757504
0.99852884,0.0005120923,0,0.0034582326,48.50521153755042,778.2681374095155,5725,5341.5522,2.7568302,612.0008,0.27540717,6562.295,3.365452,0,,,,,48.50521153755042,0.0007300967,778.2681374095155,0.0007378147,0.02325945,0.03406581
0.99966705,0.0005123113,0,0.0034580077,48.50494023344315,778.2660254684652,5726,5347.163,2.7573705,611.4644,0.27512005,6569.7754,3.366891,0,,,,,48.50494023344315,0.0007292614,778.2660254684652,0.00073735503,0.023348061,0.033518314
0.9990819,0.0005123762,0,0.0034577828,48.50545636476604,778.2674575159701,5727,5344.7603,2.7571938,612.3569,0.2756847,6565.9297,3.3673177,0,,,,,48.50545636476604,0.0007299815,778.2674575159701,0.0007377765,0.023675472,0.033760898
0.9990855,0.0005122414,0,0.0034575572,48.50472089054566,778.2663931853292,5728,5344.639,2.7571619,611.1478,0.27553695,6565.953,3.3664315,0,,,,,48.50472089054566,0.0007298354,778.2663931853292,0.00073790894,0.02313431,0.033625886
0.9993807,0.0005123352,0,0.0034573316,48.50399755097946,778.2665185850808,5729,5345.9697,2.7572854,611.10834,0.2758925,6567.8936,3.3670483,0,,,,,48.50399755097946,0.0007294155,778.2665185850808,0.0007375009,0.023237094,0.03339448
0.99924767,0.00051226787,0,0.0034571055,48.50588469644628,778.2680171677729,5730,5345.669,2.7572954,611.459,0.2756057,6567.019,3.3666058,0,,,,,48.50588469644628,0.0007305554,778.2680171677729,0.00073850446,0.023631526,0.034256965
0.9992785,0.0005122598,0,0.0034568792,48.506141918452236,778.2675109278392,5731,5346.0522,2.757176,611.3297,0.2752617,6567.2217,3.3665526,0,,,,,48.506141918452236,0.0007291459,778.2675109278392,0.00073715445,0.023710804,0.034298453
1.0000801,0.00051242625,0,0.0034566526,48.504768416934375,778.2674024402266,5732,5349.8613,2.757797,611.4051,0.2758003,6572.49,3.3676465,0,,,,,48.504768416934375,0.00072889123,778.2674024402266,0.00073682267,0.023221975,0.033900227
0.99953485,0.0005123085,0,0.0034564256,48.50411487927972,778.2668088887286,5733,5347.2925,2.7574124,611.82806,0.27537593,6568.9062,3.3668728,0,,,,,48.50411487927972,0.00072994735,778.2668088887286,0.0007378806,0.023497248,0.03427488
0.9995433,0.00051232864,8192,0.0034561984,48.5047346312372,778.2658338402989,5734,5347.84,2.7576697,611.4903,0.27562848,6568.962,3.367005,8192,,,,,48.5047346312372,0.0007296026,778.2658338402989,0.00073770963,0.023463203,0.033948384
1.0008637,0.00051248353,0,0.003455971,48.50539534546513,778.2688451908125,5735,5353.7124,2.7582233,611.8004,0.2753447,6577.639,3.3680232,0,,,,,48.50539534546513,0.0007284502,778.2688451908125,0.0007361789,0.02355959,0.033674628
0.99957323,0.0005123568,0,0.003455743,48.50675185639115,778.2680065101868,5736,5348.0693,2.757591,611.193,0.2754903,6569.1587,3.3671901,0,,,,,48.50675185639115,0.0007294037,778.2680065101868,0.0007371627,0.02384269,0.034540497
0.9993216,0.00051224674,0,0.0034555148,48.50743703763652,778.2692302040768,5737,5347.5903,2.757441,611.6378,0.27544528,6567.505,3.3664668,0,,,,,48.50743703763652,0.00072922936,778.2692302040768,0.00073695584,0.024847912,0.035722516
0.9993332,0.00051234796,0,0.0034552864,48.50540133431963,778.2666070440724,5738,5346.6855,2.757484,612.51196,0.27541265,6567.581,3.3671322,0,,,,,48.50540133431963,0.0007299767,778.2666070440724,0.00073786726,0.024092123,0.03477373
0.99936974,0.00051225914,0,0.0034550577,48.50559562178433,778.2676362772563,5739,5346.52,2.757383,611.09247,0.27566376,6567.8213,3.3665483,0,,,,,48.50559562178433,0.00072932657,778.2676362772563,0.0007373009,0.023774594,0.034092914
0.9996304,0.000512344,0,0.0034548286,48.505300620312255,778.2671454197697,5740,5347.9473,2.7575097,611.3653,0.27549675,6569.534,3.367106,0,,,,,48.505300620312255,0.0007294963,778.2671454197697,0.0007374014,0.023814302,0.03441106
0.99980015,0.0005123834,0,0.0034545993,48.504703286724954,778.2670948624523,5741,5347.862,2.7575028,611.736,0.27570617,6570.65,3.367365,0,,,,,48.504703286724954,0.00072933955,778.2670948624523,0.0007370748,0.023753831,0.03396794
0.99937207,0.0005123458,0,0.0034543695,48.504084288027606,778.2686612195204,5742,5346.2363,2.7573617,612.2488,0.2755538,6567.8364,3.367118,0,,,,,48.504084288027606,0.0007301663,778.2686612195204,0.0007380078,0.023626583,0.0340226
1.0005751,0.0005124363,0,0.0034541395,48.5064297226013,778.2695230222557,5743,5353.5977,2.758256,611.59705,0.2757192,6575.7427,3.3677127,0,,,,,48.5064297226013,0.00072934,778.2695230222557,0.00073706504,0.023912624,0.03436162
0.9992356,0.0005122598,0,0.0034539092,48.506192737413215,778.2687272235653,5744,5346.141,2.7574413,611.5289,0.27570954,6566.9395,3.3665526,0,,,,,48.506192737413215,0.00072999776,778.2687272235653,0.0007376886,0.024175882,0.035093874
1.000658,0.000512533,0,0.0034536787,48.504898807379746,778.267206188493,5745,5354.3286,2.7583516,612.21686,0.2755904,6576.2876,3.3683481,0,,,,,48.504898807379746,0.0007290778,778.267206188493,0.0007369287,0.02423191,0.035110887
0.9997118,0.00051239255,0,0.0034534477,48.50479598582069,778.2671089203407,5746,5349.611,2.7578616,612.4338,0.27572492,6570.0693,3.3674252,0,,,,,48.50479598582069,0.0007296509,778.2671089203407,0.0007376277,0.024120245,0.03485309
0.9998107,0.0005123361,0,0.0034532165,48.50724027600458,778.2667891530823,5747,5349.8,2.7577517,611.5009,0.27576667,6570.719,3.367054,0,,,,,48.50724027600458,0.00072782446,778.2667891530823,0.0007358122,0.024318341,0.03472557
1.00011,0.00051247515,0,0.003452985,48.50538671834195,778.2700897238892,5748,5351.53,2.7580874,612.124,0.27543226,6572.6865,3.3679678,0,,,,,48.50538671834195,0.0007285,778.2700897238892,0.0007360265,0.024366308,0.035383746
0.9998261,0.0005123497,0,0.0034527532,48.50564803563506,778.2671558207435,5749,5350.186,2.7578552,611.73175,0.27544814,6570.8203,3.3671436,0,,,,,48.50564803563506,0.0007290476,778.2671558207435,0.00073700305,0.024349628,0.034747582
1.0002497,0.00051236653,0,0.003452521,48.506555438749984,778.2680437105502,5750,5351.6504,2.7581286,612.3144,0.27567548,6573.605,3.3672543,0,,,,,48.506555438749984,0.0007292404,778.2680437105502,0.00073696603,0.024070457,0.03429792
0.99922574,0.00051237,0,0.0034522887,48.50614925865999,778.2684040216732,5751,5346.7026,2.7576725,612.49426,0.27543938,6566.875,3.3672771,0,,,,,48.50614925865999,0.00072987715,778.2684040216732,0.0007376881,0.024169456,0.034588836
0.99855757,0.0005121447,0,0.003452056,48.50534960894148,778.2676263942602,5752,5342.9033,2.757151,612.6955,0.27572602,6562.484,3.3657963,0,,,,,48.50534960894148,0.00073024735,778.2676263942602,0.0007381212,0.024609506,0.035611283
0.9998716,0.0005123201,0,0.003451823,48.50739564939109,778.2698468643238,5753,5349.93,2.7578616,612.492,0.27519876,6571.1196,3.3669488,0,,,,,48.50739564939109,0.00072972244,778.2698468643238,0.0007372859,0.024993498,0.03580853
0.9995735,0.0005123209,0,0.0034515895,48.50664478666821,778.2695964407542,5754,5349.185,2.7578921,612.57117,0.2753072,6569.1606,3.3669543,0,,,,,48.50664478666821,0.0007295427,778.2695964407542,0.0007370544,0.025364075,0.036445096
0.99926436,0.00051228015,0,0.003451356,48.50648393592701,778.268543077334,5755,5347.4014,2.757574,612.3341,0.2752558,6567.129,3.3666866,0,,,,,48.50648393592701,0.0007305604,778.268543077334,0.0007383385,0.025136076,0.035908084
0.9995888,0.00051243784,0,0.003451122,48.50798265029993,778.2683389545145,5756,5348.966,2.7579803,612.61993,0.27587298,6569.2607,3.3677227,0,,,,,48.50798265029993,0.0007294355,778.2683389545145,0.0007372494,0.025390243,0.035687387
0.9995526,0.0005123551,0,0.0034508877,48.50876561270351,778.2701689193498,5757,5349.3384,2.7577395,613.0435,0.27551135,6569.023,3.3671792,0,,,,,48.50876561270351,0.00072878005,778.2701689193498,0.0007363639,0.02561089,0.036251046
0.99954367,0.00051230396,0,0.0034506533,48.507626049837235,778.2699156198269,5758,5349.9004,2.7579033,613.0637,0.2753724,6568.9644,3.3668427,0,,,,,48.507626049837235,0.000730268,778.2699156198269,0.00073783495,0.025774932,0.036364395
0.99901015,0.00051220943,0,0.0034504184,48.50735911081531,778.2691798667233,5759,5346.755,2.7574444,612.1444,0.2753907,6565.458,3.3662214,0,,,,,48.50735911081531,0.0007304943,778.2691798667233,0.00073819514,0.026037928,0.03628874
1.0004665,0.0005123549,0,0.0034501832,48.50861063108446,778.2712567474439,5760,5354.913,2.758469,613.5598,0.27551466,6575.029,3.3671775,0,,,,,48.50861063108446,0.0007293933,778.2712567474439,0.0007368769,0.026122293,0.036627453
0.99952775,0.00051232753,0,0.0034499476,48.50669982378614,778.2701018159548,5761,5349.8994,2.7579665,613.0035,0.27562702,6568.86,3.3669977,0,,,,,48.50669982378614,0.0007302828,778.2701018159548,0.0007378388,0.025906663,0.036574025
1.0003326,0.00051238976,0,0.003449712,48.50660379365618,778.2700758151645,5762,5353.723,2.7582946,612.87305,0.27543548,6574.1494,3.3674066,0,,,,,48.50660379365618,0.0007297862,778.2700758151645,0.0007373363,0.025685351,0.036448494
0.99957174,0.000512344,0,0.0034494759,48.50722554966755,778.2702918344812,5763,5349.8965,2.7578595,612.31934,0.2757904,6569.149,3.367106,0,,,,,48.50722554966755,0.0007295728,778.2702918344812,0.00073723885,0.025542423,0.036099628
0.9995422,0.00051231415,0,0.0034492393,48.506915589790744,778.2695451308,5764,5350.121,2.7578764,612.3116,0.2755265,6568.9546,3.3669097,0,,,,,48.506915589790744,0.0007298061,778.2695451308,0.0007374638,0.025801193,0.036658153
0.9998795,0.0005122691,0,0.0034490027,48.507720930357316,778.2679230774872,5765,5351.2954,2.7581573,613.4171,0.27543467,6571.1714,3.3666136,0,,,,,48.507720930357316,0.000729365,778.2679230774872,0.0007372493,0.025817731,0.036695383
0.9999407,0.0005123949,0,0.0034487657,48.507052192561545,778.2699424621579,5766,5352.6265,2.7582827,612.9564,0.27554187,6571.5737,3.3674402,0,,,,,48.507052192561545,0.0007302908,778.2699424621579,0.00073784654,0.025964584,0.037188094
1.0002929,0.00051230565,0,0.0034482908,48.50773318414371,778.2709507155059,5768,5354.174,2.7585642,614.19196,0.27570575,6573.8887,3.366854,0,,,,,48.50773318414371,0.00072862074,778.2709507155059,0.00073609274,0.025848622,0.03666795
1.0001072,0.00051235256,0,0.0034480528,48.50791287779807,778.2698781458824,5769,5353.5654,2.7582872,612.9995,0.27538493,6572.6675,3.3671622,0,,,,,48.50791287779807,0.00072908733,778.2698781458824,0.00073671027,0.025841553,0.036846206
1.0015717,0.00051257503,0,0.0034475762,48.50672900915937,778.2714934492165,5771,5360.8374,2.759136,613.06494,0.2753993,6582.292,3.3686244,0,,,,,48.50672900915937,0.00072822504,778.2714934492165,0.00073576503,0.026069248,0.036848336
0.99953675,0.0005122229,0,0.0034473373,48.50757191319671,778.2707375721386,5772,5350.3364,2.7580707,612.9655,0.27564985,6568.919,3.3663101,0,,,,,48.50757191319671,0.00072994747,778.2707375721386,0.0007374503,0.025811339,0.037392244
0.9997656,0.00051232445,0,0.0034470982,48.50711180217593,778.2700684841957,5773,5351.877,2.7581995,612.8485,0.27531746,6570.423,3.3669775,0,,,,,48.50711180217593,0.0007301035,778.2700684841957,0.0007377769,0.026195556,0.037534833
1.0002521,0.0005123834,0,0.0034468588,48.50727766385205,778.2709653936852,5774,5353.9023,2.7585342,613.4875,0.27578753,6573.6206,3.3673651,0,,,,,48.50727766385205,0.00072961766,778.2709653936852,0.00073711097,0.026276544,0.037006572
1.0002408,0.0005124306,0,0.003446619,48.50611956984003,778.2704254586776,5775,5354.3022,2.7584922,612.8598,0.27561632,6573.546,3.3676753,0,,,,,48.50611956984003,0.00072928844,778.2704254586776,0.00073687144,0.026427297,0.0370555
0.9993251,0.00051229016,0,0.003446379,48.50789131761258,778.2696537572535,5776,5349.421,2.7580593,613.221,0.27571633,6567.528,3.3667524,0,,,,,48.50789131761258,0.00072999345,778.2696537572535,0.0007376398,0.026868757,0.036723483
0.9997811,0.0005124393,0,0.0034461385,48.50808231433046,778.2710843448339,5777,5351.766,2.758257,613.20667,0.27561858,6570.5244,3.3677323,0,,,,,48.50808231433046,0.0007292937,778.2710843448339,0.0007368375,0.02698373,0.03704286
1.0002685,0.0005123924,0,0.003445898,48.50897266416533,778.270877010848,5778,5354.6494,2.7584581,612.4213,0.2757637,6573.728,3.367424,0,,,,,48.50897266416533,0.0007285977,778.270877010848,0.0007362045,0.026619917,0.037899144
0.99915427,0.00051234796,0,0.003445657,48.508490346334725,778.2726983214499,5779,5349.057,2.7580562,613.9501,0.27575004,6566.4053,3.3671322,0,,,,,48.508490346334725,0.00072995323,778.2726983214499,0.00073721464,0.026759613,0.038135674
1.000404,0.0005124507,0,0.0034454158,48.50798753219223,778.2710667922968,5780,5355.133,2.7588618,615.60345,0.27551892,6574.6187,3.3678074,0,,,,,48.50798753219223,0.0007298147,778.2710667922968,0.00073739165,0.026900906,0.03851532
0.9997953,0.0005123505,0,0.003445174,48.50807971596848,778.271267770027,5781,5351.9707,2.7583456,612.9812,0.27549046,6570.618,3.3671489,0,,,,,48.50807971596848,0.00072976615,778.271267770027,0.0007371427,0.026694292,0.03808638
0.99967486,0.0005123382,0,0.0034449322,48.50846205273322,778.2706528090989,5782,5351.929,2.7583587,613.6099,0.27585077,6569.8267,3.3670678,0,,,,,48.50846205273322,0.0007302232,778.2706528090989,0.00073773606,0.02676377,0.038198512
1.0004348,0.0005124746,0,0.00344469,48.50944503108364,778.2710267916955,5783,5355.405,2.7586482,613.9538,0.27567583,6574.8203,3.3679645,0,,,,,48.50944503108364,0.00072934903,778.2710267916955,0.0007368212,0.026725031,0.03810998
1.0009769,0.00051252736,0,0.0034444476,48.506992317293246,778.2719203359532,5784,5358.5,2.7590704,613.6407,0.27541807,6578.3833,3.3683112,0,,,,,48.506992317293246,0.0007294872,778.2719203359532,0.00073658495,0.027144551,0.038595058
1.0004909,0.0005124394,0,0.0034442048,48.507148045024294,778.2725752767918,5785,5356.676,2.7589376,614.30316,0.27552432,6575.1895,3.367733,0,,,,,48.507148045024294,0.0007295796,778.2725752767918,0.0007368671,0.02684681,0.03855769
0.9996878,0.00051243714,0,0.0034439617,48.508043897798935,778.2715952316892,5786,5351.6665,2.7582848,614.25684,0.27536958,6569.9116,3.3677182,0,,,,,48.508043897798935,0.00073009345,778.2715952316892,0.00073741464,0.026577035,0.037854284
0.9999106,0.0005122841,0,0.0034437182,48.50770706347428,778.27130677284,5787,5353.5396,2.7584858,614.19196,0.27552375,6571.376,3.3667123,0,,,,,48.50770706347428,0.0007290266,778.27130677284,0.0007364892,0.027008325,0.03811375
1.0003797,0.00051253726,0,0.0034434746,48.50658720695749,778.2713660896779,5788,5356.321,2.7587583,614.2507,0.2753499,6574.459,3.368376,0,,,,,48.50658720695749,0.00072987104,778.2713660896779,0.00073719985,0.026880968,0.038225893
0.99927515,0.0005123377,0,0.0034432306,48.50625616178356,778.2723743794584,5789,5349.5977,2.7581458,613.7769,0.27571592,6567.1997,3.3670647,0,,,,,48.50625616178356,0.00073045667,778.2723743794584,0.00073789794,0.026986951,0.037988245
1.0001879,0.0005125351,0,0.0034429862,48.508307923918636,778.2714551159034,5790,5355.4717,2.7587562,613.2064,0.27572605,6573.1978,3.368362,0,,,,,48.508307923918636,0.00072924537,778.2714551159034,0.00073666783,0.027077422,0.038533587
0.9995542,0.00051224395,0,0.0034427417,48.50881068091944,778.2723250152975,5791,5352.5483,2.7583494,613.45905,0.27559382,6569.0337,3.3664486,0,,,,,48.50881068091944,0.0007294678,778.2723250152975,0.00073682494,0.027332732,0.03932895
0.99988943,0.00051239325,0,0.0034424968,48.51152177617051,778.2729228242991,5792,5353.491,2.758459,613.1897,0.27574974,6571.237,3.3674297,0,,,,,48.51152177617051,0.0007294224,778.2729228242991,0.0007366333,0.027582482,0.039106123
1.0002724,0.0005125123,0,0.0034422516,48.5084561162053,778.2708340148786,5793,5356.2637,2.758758,613.95935,0.27550715,6573.7534,3.368212,0,,,,,48.5084561162053,0.00072933483,778.2708340148786,0.00073682907,0.02778497,0.039336327
0.99899966,0.0005124432,0,0.003442006,48.50953515574251,778.271622518831,5794,5349.951,2.7581866,614.6647,0.27577463,6565.389,3.3677578,0,,,,,48.50953515574251,0.0007301135,778.271622518831,0.0007373793,0.027977556,0.03978762
0.99951863,0.00051231147,0,0.00344176,48.50899643581515,778.2712484810042,5795,5352.4263,2.7584054,613.403,0.2754283,6568.8,3.366892,0,,,,,48.50899643581515,0.00073053,778.2712484810042,0.00073793123,0.027980767,0.039942943
1.0005733,0.00051253824,0,0.003441514,48.509871899431644,778.2735449421348,5796,5358.0356,2.7590497,614.5529,0.27558032,6575.731,3.3683827,0,,,,,48.509871899431644,0.0007297057,778.2735449421348,0.0007369844,0.027995173,0.04027846
1.0001395,0.0005124739,0,0.0034412676,48.50879780307347,778.2723576712228,5797,5355.511,2.7587342,613.62506,0.27560398,6572.88,3.3679597,0,,,,,48.50879780307347,0.0007295471,778.2723576712228,0.00073681533,0.027747707,0.03933558
1.0000656,0.00051247055,0,0.0034410208,48.50815660529454,778.2719087748098,5798,5354.321,2.7586024,614.79584,0.27583674,6572.3945,3.3679376,0,,,,,48.50815660529454,0.00072954065,778.2719087748098,0.00073703163,0.027297165,0.0381374
1.0006932,0.00051250483,0,0.0034407738,48.51001668915377,778.2710344192993,5799,5357.5386,2.7590346,614.92847,0.27508953,6576.519,3.368163,0,,,,,48.51001668915377,0.0007285026,778.2710344192993,0.0007360595,0.02740201,0.038592823
0.9989053,0.00051229465,0,0.0034405263,48.507752986123336,778.2727541463945,5800,5348.9834,2.7581713,614.888,0.2756021,6564.769,3.3667817,0,,,,,48.507752986123336,0.00073024235,778.2727541463945,0.00073759526,0.026952023,0.03914278
0.9995317,0.0005122582,0,0.0034402788,48.50907286195587,778.2710855778571,5801,5351.4077,2.7584279,614.908,0.27559158,6568.8857,3.366542,0,,,,,48.50907286195587,0.0007297324,778.2710855778571,0.0007372084,0.026909202,0.03910264
1.0006139,0.000512414,0,0.0034400309,48.509810052508875,778.2713306096516,5802,5358.3813,2.759143,614.949,0.2757093,6575.998,3.3675659,0,,,,,48.509810052508875,0.0007289364,778.2713306096516,0.0007363423,0.027603082,0.039880693
1.0001668,0.0005122591,0,0.0034397824,48.50893518566476,778.2733541837033,5803,5356.1235,2.7587955,614.5449,0.275521,6573.0596,3.3665478,0,,,,,48.50893518566476,0.00072919636,778.2733541837033,0.0007363995,0.027847946,0.040226012
0.9998624,0.00051242014,0,0.003439534,48.507918053069545,778.2736753909364,5804,5354.071,2.7587163,615.0965,0.27548876,6571.059,3.3676064,0,,,,,48.507918053069545,0.00072946044,778.2736753909364,0.0007365817,0.02776614,0.03993656
0.999571,0.000512409,0,0.003439285,48.50996506986509,778.2712235968912,5805,5352.761,2.7584593,614.9058,0.27545238,6569.144,3.3675332,0,,,,,48.50996506986509,0.00072946143,778.2712235968912,0.00073689996,0.027764535,0.03963225
1.0001669,0.0005123519,0,0.003439036,48.51041913719651,778.273478152609,5806,5356.8203,2.7590218,614.3659,0.2756377,6573.0605,3.367158,0,,,,,48.51041913719651,0.0007297976,778.273478152609,0.00073703605,0.028129172,0.04084451
0.9985172,0.00051225856,0,0.0034387864,48.51027165228342,778.2737296231539,5807,5347.7817,2.7582872,615.4428,0.27559692,6562.2188,3.3665445,0,,,,,48.51027165228342,0.00073107576,778.2737296231539,0.00073822384,0.028495712,0.04114587
1.0000088,0.00051251735,0,0.0034385365,48.5098724305888,778.2734321429177,5808,5355.8306,2.7588217,614.90924,0.27569294,6572.021,3.3682454,0,,,,,48.5098724305888,0.0007299634,778.2734321429177,0.0007371523,0.028272443,0.040715814
0.99979717,0.00051248126,0,0.0034382865,48.50873010161964,778.2723230679446,5809,5354.6963,2.7586439,614.3144,0.27542108,6570.6304,3.368008,0,,,,,48.50873010161964,0.0007295731,778.2723230679446,0.00073684606,0.027965842,0.040363066
1.0006237,0.00051256845,0,0.0034380362,48.50876281664221,778.2723885537866,5810,5358.038,2.7591317,614.8713,0.2754704,6576.062,3.368581,0,,,,,48.50876281664221,0.00072920206,778.2723885537866,0.0007364766,0.027776355,0.039975956
0.9991153,0.0005124205,0,0.0034377854,48.50957600470154,778.2723133731381,5811,5350.6943,2.758398,614.8063,0.27592796,6566.149,3.3676088,0,,,,,48.50957600470154,0.00073073705,778.2723133731381,0.0007379531,0.028185628,0.04058565
0.99988467,0.0005124263,0,0.0034375344,48.510944183410274,778.2723440735722,5812,5355.4937,2.7587664,613.9652,0.27584222,6571.2056,3.367647,0,,,,,48.510944183410274,0.0007293457,778.2723440735722,0.00073661417,0.028038988,0.040637426
1.0011094,0.00051253795,0,0.003437283,48.509874441229876,778.272502404432,5813,5361.0396,2.759375,614.3123,0.2755103,6579.2544,3.3683805,0,,,,,48.509874441229876,0.00072893937,778.272502404432,0.000736211,0.028035967,0.040429287
1.0006766,0.0005125047,0,0.0034370315,48.50894960374866,778.2744123384202,5814,5359.1436,2.759249,615.008,0.27570227,6576.41,3.3681622,0,,,,,48.50894960374866,0.00072846544,778.2744123384202,0.0007355137,0.02820655,0.040526908
0.99908835,0.0005124098,0,0.0034367796,48.51128074786086,778.2725829390595,5815,5351.376,2.7583137,614.30365,0.2756787,6565.972,3.3675385,0,,,,,48.51128074786086,0.00072979997,778.2725829390595,0.00073705276,0.028626202,0.040839795
1.0009062,0.00051250396,0,0.0034365272,48.51021736206056,778.2756324765816,5816,5360.7383,2.7593303,614.4826,0.27572784,6577.9194,3.3681571,0,,,,,48.51021736206056,0.00072817795,778.2756324765816,0.0007351857,0.028648222,0.041128665
0.99943966,0.00051244406,0,0.0034362748,48.510503971184846,778.2732905788367,5817,5353.1895,2.7585552,614.2671,0.27567914,6568.281,3.3677635,0,,,,,48.510503971184846,0.0007296171,778.2732905788367,0.00073688163,0.02865726,0.040829528
1.0002744,0.0005126114,0,0.003436022,48.508470694742826,778.2734672212131,5818,5357.946,2.7591627,615.0652,0.2755641,6573.767,3.3688636,0,,,,,48.508470694742826,0.000730288,778.2734672212131,0.0007375321,0.028399535,0.040490277
0.999405,0.00051252876,0,0.003435769,48.51002991475053,778.2728924067346,5819,5352.577,2.7586322,614.5765,0.27572992,6568.053,3.3683202,0,,,,,48.51002991475053,0.0007303303,778.2728924067346,0.00073755765,0.028194938,0.039941736
0.9993743,0.0005123934,0,0.0034355153,48.50983511084786,778.2735782607139,5820,5352.876,2.7585516,615.02234,0.2756484,6567.851,3.3674307,0,,,,,48.50983511084786,0.00072981045,778.2735782607139,0.000737011,0.02855985,0.040529385
1.0007277,0.0005128545,128,0.0034352615,48.51085537454031,778.2749870731632,5821,5360.4937,2.7609022,614.4654,0.2755102,6576.7456,3.370461,128,,,,,48.51085537454031,0.0007288809,778.2749870731632,0.00073622575,0.028592383,0.040829528
0.99995166,0.000512493,0,0.0034350075,48.509992749505386,778.2731665227133,5822,5355.7437,2.7588644,614.72925,0.2754835,6571.6455,3.3680854,0,,,,,48.509992749505386,0.00072934624,778.2731665227133,0.00073666836,0.028316306,0.040465616
0.99923956,0.0005124598,0,0.0034347533,48.51031923627001,778.2731573929171,5823,5352.9272,2.7585204,614.6416,0.27578455,6566.966,3.367867,0,,,,,48.51031923627001,0.00072904775,778.2731573929171,0.0007362564,0.028853128,0.041172426
0.99998426,0.00051249727,0,0.0034344986,48.50856221320883,778.2742765846899,5824,5357.2354,2.7588968,614.7486,0.27560002,6571.86,3.3681133,0,,,,,48.50856221320883,0.0007295265,778.2742765846899,0.00073665206,0.028881604,0.041386534
0.9995135,0.0005124794,0,0.0034342436,48.509115226712375,778.2732126607042,5825,5353.5425,2.7586598,615.4237,0.2753468,6568.766,3.367996,0,,,,,48.509115226712375,0.0007299462,778.2732126607042,0.0007371435,0.028631097,0.04047561
1.0004845,0.0005125017,0,0.0034339884,48.510867733352455,778.2740230145059,5826,5359.2446,2.7590744,613.6545,0.2753513,6575.147,3.3681424,0,,,,,48.510867733352455,0.00072877086,778.2740230145059,0.00073581905,0.028867804,0.040700357
1.000046,0.0005124982,0,0.0034337328,48.51119984482354,778.2719210233207,5827,5357.277,2.7589805,614.4452,0.27552572,6572.2656,3.3681195,0,,,,,48.51119984482354,0.0007293637,778.2719210233207,0.0007366871,0.028935695,0.040822327
0.9998776,0.0005124043,8192,0.003433477,48.51006218443592,778.273789769188,5828,5355.765,2.7587621,613.38165,0.27546498,6571.1587,3.3675025,8192,,,,,48.51006218443592,0.0007297911,778.273789769188,0.0007369871,0.028863182,0.041006222
1.0002856,0.00051255827,0,0.0034332208,48.51050438496355,778.2761419855706,5829,5358.819,2.7591407,615.01776,0.2755209,6573.8403,3.368514,0,,,,,48.51050438496355,0.0007291004,778.2761419855706,0.0007360119,0.028930949,0.041666634
1.0002716,0.0005125212,0,0.0034329642,48.5091024555359,778.2732863622491,5830,5358.66,2.7591622,615.0766,0.27544108,6573.748,3.3682706,0,,,,,48.5091024555359,0.00072896905,778.2732863622491,0.00073609623,0.029013172,0.041488726
0.9997576,0.0005125021,0,0.0034327076,48.509823370185515,778.2734219866115,5831,5355.2915,2.7588344,613.7391,0.27597257,6570.37,3.368145,0,,,,,48.509823370185515,0.000730233,778.2734219866115,0.00073745934,0.02894952,0.04101529
1.0004891,0.000512594,0,0.0034324504,48.5116399943034,778.2722972448153,5832,5359.383,2.759131,613.59656,0.27543005,6575.1777,3.3687491,0,,,,,48.5116399943034,0.00072802074,778.2722972448153,0.0007350932,0.028965296,0.040031318
0.9999268,0.0005124173,0,0.003432193,48.510822685180244,778.2728296726065,5833,5357.1807,2.7589176,614.2597,0.27570137,6571.4824,3.3675878,0,,,,,48.510822685180244,0.0007293084,778.2728296726065,0.00073650473,0.029048773,0.041084528
1.0005722,0.00051246735,0,0.0034319353,48.51086250284573,778.27406899748,5834,5360.214,2.7592766,614.10425,0.2755548,6575.7236,3.3679166,0,,,,,48.51086250284573,0.0007293689,778.27406899748,0.00073649926,0.029429357,0.04143369
0.9995284,0.0005124024,0,0.0034316774,48.510787070411325,778.2728700694864,5835,5355.1,2.758742,614.11835,0.27562758,6568.8643,3.3674898,0,,,,,48.510787070411325,0.0007300883,778.2728700694864,0.0007373856,0.029324874,0.04132542
0.9995965,0.0005125079,0,0.0034314191,48.51029535555661,778.2736029013275,5836,5355.911,2.7587683,614.1172,0.27538064,6569.3115,3.3681831,0,,,,,48.51029535555661,0.00072998175,778.2736029013275,0.0007370778,0.029083295,0.04118894
1.0000921,0.00051249826,0,0.0034311605,48.51089935006588,778.2746450991727,5837,5357.579,2.759012,613.79,0.2754111,6572.569,3.36812,0,,,,,48.51089935006588,0.0007290181,778.2746450991727,0.00073604414,0.029408243,0.04094151
1.0004171,0.00051253004,0,0.0034309016,48.51057779267818,778.2739108755377,5838,5359.921,2.759242,614.09204,0.27567258,6574.7046,3.3683286,0,,,,,48.51057779267818,0.0007292829,778.2739108755377,0.0007364279,0.029874114,0.040948015
1.0003483,0.000512584,0,0.0034306424,48.51035199009438,778.2761685461192,5839,5360.1963,2.7593074,614.1598,0.27570602,6574.2524,3.3686833,0,,,,,48.51035199009438,0.00072930846,778.2761685461192,0.00073626736,0.029736647,0.041878738
0.9998101,0.00051243685,0,0.0034303828,48.51271176694399,778.2740466593341,5840,5356.154,2.7587376,613.8103,0.27556145,6570.7153,3.367716,0,,,,,48.51271176694399,0.00072975183,778.2740466593341,0.0007368188,0.029484611,0.04183639
1.0004706,0.0005125268,0,0.003430123,48.51031713020651,778.2759948713879,5841,5360.4395,2.7591715,614.15265,0.27538115,6575.0566,3.3683074,0,,,,,48.51031713020651,0.0007296284,778.2759948713879,0.00073635345,0.029871237,0.042594634
1.0008796,0.0005125189,0,0.003429863,48.51074717905464,778.2753055671893,5842,5362.6465,2.7595787,614.37836,0.27539995,6577.7446,3.3682556,0,,,,,48.51074717905464,0.0007294616,778.2753055671893,0.0007364115,0.029684208,0.0423341
1.0006696,0.0005125952,0,0.0034296026,48.50946721339291,778.2739074317371,5843,5360.6562,2.7593646,614.1259,0.2753813,6576.364,3.3687568,0,,,,,48.50946721339291,0.0007295079,778.2739074317371,0.00073658756,0.029674977,0.042105988
0.9992832,0.00051232456,0,0.0034293418,48.5121245439329,778.2745558105283,5844,5354.297,2.758562,613.9557,0.27543747,6567.2524,3.3669782,0,,,,,48.5121245439329,0.0007298393,778.2745558105283,0.00073685043,0.029800259,0.04224519
0.99856913,0.0005123026,0,0.0034290808,48.510995861826686,778.274722696951,5845,5350.9893,2.7584164,613.7422,0.2755099,6562.5596,3.3668342,0,,,,,48.510995861826686,0.00073059474,778.274722696951,0.00073777494,0.029874003,0.042485926
1.0002289,0.0005125258,0,0.0034288194,48.51116532413765,778.2760011888165,5846,5359.157,2.7590444,614.0478,0.27573326,6573.4673,3.3683007,0,,,,,48.51116532413765,0.0007288314,778.2760011888165,0.00073567143,0.029805005,0.04233016
1.0002613,0.00051253353,0,0.003428558,48.508092674998025,778.2750254898893,5847,5360.368,2.759271,614.23175,0.27602646,6573.6807,3.3683517,0,,,,,48.508092674998025,0.0007306489,778.2750254898893,0.0007358061,0.02997743,0.04246008
0.99990594,0.0005124408,0,0.003428296,48.51034238729772,778.2752148693622,5848,5358.818,2.7591825,613.0202,0.27562848,6571.345,3.3677423,0,,,,,48.51034238729772,0.0007295975,778.2752148693622,0.00073661684,0.030078683,0.042295642
0.9995931,0.00051246025,0,0.0034280336,48.51047084099217,778.2752401224942,5849,5356.3154,2.7587285,613.4772,0.27555814,6569.289,3.3678699,0,,,,,48.51047084099217,0.0007289961,778.2752401224942,0.000735998,0.03015266,0.04248269
1.0007627,0.0005126439,0,0.0034277712,48.5098210650853,778.2751634179617,5850,5363.0234,2.7595284,613.47595,0.27532095,6576.9756,3.3690767,0,,,,,48.5098210650853,0.0007289486,778.2751634179617,0.00073612627,0.030133676,0.04228786
1.0000715,0.0005126743,0,0.0034275083,48.509212026933255,778.2754691391959,5851,5359.514,2.7593184,615.1761,0.275713,6572.4336,3.3692765,0,,,,,48.509212026933255,0.00072806823,778.2754691391959,0.00073510053,0.029862335,0.041939482
0.99897844,0.0005124896,0,0.0034272452,48.50945375356673,778.2744366367046,5852,5352.555,2.758307,613.29144,0.27545375,6565.2495,3.3680627,0,,,,,48.50945375356673,0.0007297069,778.2744366367046,0.0007367691,0.029659068,0.041841425
1.0002168,0.00051258295,0,0.0034269816,48.51279894327436,778.2728320485043,5853,5359.64,2.7589936,612.19543,0.27519554,6573.3887,3.3686762,0,,,,,48.51279894327436,0.0007279154,778.2728320485043,0.00073693687,0.030149844,0.04260867
1.0008271,0.00051254145,0,0.0034267178,48.50977759549725,778.2750244834286,5854,5363.304,2.7595434,613.56244,0.27559662,6577.399,3.3684034,0,,,,,48.50977759549725,0.0007275871,778.2750244834286,0.00073454785,0.030080918,0.042735904
0.99975157,0.0005124436,0,0.0034264538,48.50911277894763,778.2741017230611,5855,5357.128,2.7589765,614.1497,0.275541,6570.3306,3.3677607,0,,,,,48.50911277894763,0.0007296376,778.2741017230611,0.00073674944,0.029960765,0.04257071
1.0001355,0.000512655,0,0.0034261895,48.51211739310996,778.2748065789382,5856,5359.7075,2.759321,613.08466,0.27560577,6572.854,3.36915,0,,,,,48.51211739310996,0.0007286656,778.2748065789382,0.0007356326,0.030228766,0.042650595
1.0003592,0.0005126565,0,0.0034259248,48.5124479593522,778.2761893553716,5857,5361.133,2.75923,613.0258,0.27555257,6574.324,3.36916,0,,,,,48.5124479593522,0.00072776753,778.2761893553716,0.00073462626,0.030494297,0.042370703
0.9995762,0.0005125263,0,0.0034256598,48.51009282876156,778.2757475394214,5858,5356.6426,2.7586863,613.4986,0.27564627,6569.178,3.3683043,0,,,,,48.51009282876156,0.0007294981,778.2757475394214,0.0007365228,0.030264491,0.04296531
1.0008076,0.0005127416,0,0.0034253947,48.51189820437847,778.2757194425759,5859,5363.946,2.7595985,613.15076,0.27568787,6577.271,3.3697193,0,,,,,48.51189820437847,0.00072908343,778.2757194425759,0.0007360272,0.030486463,0.043283757
0.99979407,0.00051255984,0,0.003425129,48.51322683085835,778.277661749928,5860,5359.0703,2.7591138,613.1661,0.2757458,6570.61,3.3685246,0,,,,,48.51322683085835,0.0007298271,778.277661749928,0.0007364329,0.031318154,0.043922376
0.99957,0.0005124018,0,0.003424863,48.5115980192187,778.276319337732,5861,5356.8174,2.758709,613.2994,0.27527237,6569.1377,3.367486,0,,,,,48.5115980192187,0.0007302344,778.276319337732,0.0007370849,0.03102092,0.043711245
0.99968344,0.0005124886,0,0.003424597,48.51368070729858,778.2770466441416,5862,5357.903,2.7588794,612.7576,0.2755786,6569.883,3.3680563,0,,,,,48.51368070729858,0.0007294392,778.2770466441416,0.00073606794,0.0312061,0.043648604
1.0000322,0.0005125658,0,0.0034243304,48.51136507384491,778.2766071681328,5863,5360.105,2.7591634,612.80914,0.27555466,6572.175,3.3685637,0,,,,,48.51136507384491,0.00073013414,778.2766071681328,0.00073691265,0.030376408,0.0437304
1.0009489,0.00051269424,0,0.0034240636,48.51161124377402,778.274473916012,5864,5364.337,2.759554,612.34503,0.27571532,6578.1997,3.3694077,0,,,,,48.51161124377402,0.0007286537,778.274473916012,0.0007357007,0.030560274,0.0430015
0.9996766,0.0005125444,0,0.0034237965,48.51276358703558,778.2766183534453,5865,5357.8438,2.7588058,613.6602,0.2754308,6569.838,3.3684232,0,,,,,48.51276358703558,0.00072926644,778.2766183534453,0.00073603296,0.030587262,0.043645013
1.0012169,0.00051275734,0,0.0034235292,48.512260084965014,778.275362598397,5866,5366.2417,2.759925,613.52405,0.27565834,6579.961,3.3698223,0,,,,,48.512260084965014,0.0007287782,778.275362598397,0.0007356717,0.030823449,0.043111376
0.9997423,0.00051250716,8192,0.0034232615,48.5127187176576,778.2750771205727,5867,5358.254,2.7590542,612.57434,0.2756033,6570.27,3.3681784,8192,,,,,48.5127187176576,0.0007299852,778.2750771205727,0.0007370551,0.031310406,0.04284061
0.9999391,0.0005125732,0,0.0034229935,48.512701212150176,778.2762319269434,5868,5360.0654,2.7590852,613.3007,0.27563462,6571.563,3.3686125,0,,,,,48.512701212150176,0.0007295824,778.2762319269434,0.0007363322,0.031174406,0.04343082
0.9997686,0.00051251415,0,0.0034227252,48.510771564750286,778.2761217468387,5869,5358.949,2.7590952,613.33905,0.27526683,6570.443,3.3682244,0,,,,,48.510771564750286,0.0007292391,778.2761217468387,0.00073601695,0.031153195,0.04361337
0.9998937,0.00051257736,0,0.0034224566,48.51156182067624,778.2759206777895,5870,5359.2764,2.7590704,613.89215,0.2753357,6571.265,3.3686395,0,,,,,48.51156182067624,0.0007293561,778.2759206777895,0.0007362269,0.030851904,0.043173216
1.0003822,0.0005125809,0,0.0034221876,48.512005523084035,778.2762883664843,5871,5362.0503,2.759314,612.5215,0.27563423,6574.475,3.3686628,0,,,,,48.512005523084035,0.0007283598,778.2762883664843,0.00073519256,0.031116154,0.04367361
1.0003313,0.00051262346,0,0.0034219185,48.50980941247254,778.2762917810517,5872,5362.1416,2.7592473,612.7332,0.27560195,6574.1406,3.3689425,0,,,,,48.50980941247254,0.00072951295,778.2762917810517,0.00073642074,0.030633634,0.044066638
1.0006135,0.00051257916,0,0.0034216489,48.511826412690404,778.2760488259078,5873,5363.078,2.759473,613.6382,0.2752677,6575.9946,3.3686516,0,,,,,48.511826412690404,0.0007288748,778.2760488259078,0.0007356935,0.030773595,0.04396267
1.0000612,0.00051252166,0,0.003421379,48.51163514034769,778.2759513584243,5874,5360.5317,2.7591984,613.096,0.27549875,6572.365,3.3682735,0,,,,,48.51163514034769,0.00073005003,778.2759513584243,0.00073695934,0.031105578,0.044508442
1.0005816,0.00051254913,0,0.003421109,48.511133300826586,778.2765234321172,5875,5363.4424,2.759427,612.5918,0.2755756,6575.786,3.368454,0,,,,,48.511133300826586,0.0007282768,778.2765234321172,0.00073500304,0.03110571,0.044876456
1.0008936,0.0005125135,0,0.0034208386,48.512778714788695,778.2754874626066,5876,5364.85,2.7595453,612.90125,0.27535802,6577.8364,3.3682199,0,,,,,48.512778714788695,0.00072828465,778.2754874626066,0.00073513907,0.031261187,0.044408333
0.99933064,0.00051240076,0,0.0034205678,48.513404296489355,778.2766355162546,5877,5356.9844,2.7588758,614.4658,0.2753375,6567.5645,3.3674788,0,,,,,48.513404296489355,0.0007312369,778.2766355162546,0.00073803205,0.031333618,0.044958603
0.99999523,0.00051258714,0,0.0034202968,48.51227448843118,778.2766756605753,5878,5360.8804,2.7592247,612.7475,0.27515018,6571.932,3.368704,0,,,,,48.51227448843118,0.0007299944,778.2766756605753,0.00073674746,0.03151668,0.04479901
0.99944866,0.00051241997,0,0.0034200256,48.51151346523805,778.277506880776,5879,5357.463,2.7588933,613.091,0.27558795,6568.34,3.3676054,0,,,,,48.51151346523805,0.0007304651,778.277506880776,0.0007371977,0.03138985,0.044558022
1.0001774,0.0005124856,0,0.0034197539,48.51282345881992,778.2780791912703,5880,5361.835,2.7593763,612.5161,0.27552745,6573.1294,3.3680367,0,,,,,48.51282345881992,0.00072844344,778.2780791912703,0.0007352307,0.03133854,0.04510558
0.99965274,0.00051256566,0,0.003419482,48.51307554736147,778.2781027988065,5881,5359.4585,2.7591004,612.5611,0.27540624,6569.681,3.368563,0,,,,,48.51307554736147,0.0007289783,778.2781027988065,0.0007355193,0.031519838,0.04542088
1.0008729,0.00051256985,0,0.0034192097,48.51152087254154,778.2778332994526,5882,5365.3623,2.759765,612.8112,0.27537596,6577.6997,3.3685904,0,,,,,48.51152087254154,0.0007285902,778.2778332994526,0.0007353534,0.031353906,0.045142885
1.0000924,0.00051254826,0,0.003418937,48.5125978960446,778.2775774808085,5883,5361.727,2.759279,612.0977,0.27585036,6572.5703,3.3684483,0,,,,,48.5125978960446,0.0007296172,778.2775774808085,0.0007363691,0.03157962,0.04525018
1.0019145,0.0005128837,128,0.0034186644,48.512572024736556,778.2766736799315,5884,5371.496,2.76105,613.01294,0.27569795,6584.5454,3.370653,128,,,,,48.512572024736556,0.0007280116,778.2766736799315,0.0007346749,0.031233635,0.04473905
1.0003313,0.00051253266,0,0.003418391,48.51184749750626,778.2765052924874,5885,5362.538,2.7593806,612.4019,0.27582785,6574.1406,3.3683457,0,,,,,48.51184749750626,0.0007285974,778.2765052924874,0.0007354125,0.031282682,0.045214206
0.9994205,0.0005125946,0,0.0034181178,48.51103802009191,778.2774193717423,5886,5357.815,2.7589533,613.8019,0.27546525,6568.1553,3.368753,0,,,,,48.51103802009191,0.0007307182,778.2774193717423,0.0007376013,0.031578988,0.04522192
1.0000857,0.00051277445,0,0.003417844,48.512889167118075,778.2763037214149,5887,5362.7197,2.761112,625.84283,0.2758628,6572.527,3.369935,0,,,,,48.512889167118075,0.000730153,778.2763037214149,0.00073694397,0.032206878,0.046748664
1.0006006,0.0005127188,0,0.00341757,48.51101095942482,778.2775438862603,5888,5363.7456,2.7596376,614.04004,0.27563906,6575.9106,3.369569,0,,,,,48.51101095942482,0.0007289956,778.2775438862603,0.0007357355,0.031662032,0.045467567
1.0004218,0.0005125368,0,0.0034172956,48.512381758535994,778.27869659545,5889,5362.863,2.7597194,613.07404,0.27565458,6574.7354,3.3683732,0,,,,,48.512381758535994,0.0007291834,778.27869659545,0.00073581585,0.031629145,0.04564927
1.0001748,0.0005125112,0,0.003417021,48.512165267849994,778.2764954872969,5890,5361.845,2.7593126,612.193,0.27560154,6573.112,3.3682046,0,,,,,48.512165267849994,0.00072877744,778.2764954872969,0.00073567114,0.0314366,0.0453469
1.0003506,0.0005126497,0,0.003416746,48.51061023611229,778.2768255326112,5891,5362.593,2.7594674,613.73816,0.27535278,6574.2676,3.369115,0,,,,,48.51061023611229,0.0007294988,778.2768255326112,0.0007362968,0.03146828,0.044987638
1.0003884,0.000512643,0,0.0034164707,48.51383180466757,778.2777329381313,5892,5363.4067,2.7594182,612.0713,0.27563724,6574.5156,3.369071,0,,,,,48.51383180466757,0.0007284157,778.2777329381313,0.0007351161,0.032232866,0.045852184
1.0011824,0.00051283534,0,0.003416195,48.512777429311406,778.278303190286,5893,5368.053,2.7600996,613.9224,0.27572745,6579.7344,3.370335,0,,,,,48.512777429311406,0.00072834594,778.278303190286,0.0007348932,0.03206116,0.045153275
0.9999682,0.0005125781,0,0.0034159194,48.51229426859998,778.2771505156986,5894,5361.3403,2.75942,614.6532,0.27566049,6571.7544,3.3686445,0,,,,,48.51229426859998,0.000729709,778.2771505156986,0.0007365908,0.031568736,0.045004163
1.0007114,0.0005127081,0,0.0034156432,48.51219591085392,778.2775628271866,5895,5365.278,2.759664,613.5668,0.27543652,6576.639,3.3694987,0,,,,,48.51219591085392,0.00072883145,778.2775628271866,0.00073552754,0.031821597,0.045255404
1.0011966,0.00051274005,0,0.0034153666,48.51274311761386,778.2780486428088,5896,5368.933,2.7602262,613.4852,0.27640894,6579.8276,3.3697088,0,,,,,48.51274311761386,0.0007282126,778.2780486428088,0.0007347939,0.032085083,0.046230804
1.0006353,0.00051262416,0,0.0034150898,48.5127032704488,778.2785481066634,5897,5365.288,2.7597675,613.01514,0.2757223,6576.138,3.368947,0,,,,,48.5127032704488,0.00072913687,778.2785481066634,0.0007356872,0.03228563,0.045975424
1.0022998,0.0005128897,0,0.0034148127,48.51337152311078,778.2788344016103,5898,5374.3545,2.760566,612.245,0.27586696,6587.077,3.3706923,0,,,,,48.51337152311078,0.0007276321,778.2788344016103,0.0007339677,0.032497283,0.046141364
1.000884,0.00051266135,0,0.0034145354,48.51374856348679,778.2788695168142,5899,5367.3633,2.759923,612.79675,0.27536348,6577.7734,3.3691916,0,,,,,48.51374856348679,0.0007287699,778.2788695168142,0.0007353855,0.032832824,0.04713839
1.0005765,0.00051259046,0,0.0034142577,48.513924773114894,778.2790763936903,5900,5365.3594,2.7597725,613.34174,0.27551892,6575.7524,3.3687255,0,,,,,48.513924773114894,0.0007293198,778.2790763936903,0.0007358039,0.03279251,0.04709738
1.0006305,0.00051262835,0,0.00341398,48.513684279951924,778.2782143341597,5901,5365.172,2.759614,612.3247,0.2754288,6576.107,3.368975,0,,,,,48.513684279951924,0.00072899763,778.2782143341597,0.00073558383,0.032607023,0.046289373
1.0011948,0.00051275676,0,0.0034137014,48.512738968620766,778.2774698424172,5902,5368.489,2.760097,613.6444,0.2753883,6579.8154,3.3698187,0,,,,,48.512738968620766,0.000729098,778.2774698424172,0.00073570246,0.032510415,0.04647431
0.99979687,0.0005125955,0,0.003413423,48.512605003428355,778.2779754600082,5903,5360.8486,2.7591686,612.1905,0.27564612,6570.6284,3.3687592,0,,,,,48.512605003428355,0.0007289889,778.2779754600082,0.0007355584,0.03230049,0.046359774
0.9993715,0.00051258574,0,0.003413144,48.51277964081775,778.2787729041066,5904,5358.692,2.7591045,612.9143,0.27561215,6567.833,3.3686945,0,,,,,48.51277964081775,0.0007305717,778.2787729041066,0.0007371724,0.03306828,0.046514094
1.0007294,0.00051282614,0,0.0034128649,48.513850793965034,778.2785894257826,5905,5367.058,2.7600212,613.0566,0.27564898,6576.7573,3.3702748,0,,,,,48.513850793965034,0.0007287891,778.2785894257826,0.0007352805,0.03323276,0.046191677
0.99974805,0.0005126632,0,0.0034125852,48.51305677363201,778.2781586692256,5906,5361.4404,2.75933,613.2876,0.27547964,6570.3076,3.369204,0,,,,,48.51305677363201,0.0007294244,778.2781586692256,0.00073607214,0.03319296,0.045953985
1.0001819,0.0005125945,0,0.0034123056,48.51430734069186,778.2775844997559,5907,5364.2886,2.7597497,614.05817,0.27552646,6573.159,3.368752,0,,,,,48.51430734069186,0.000729231,778.2775844997559,0.00073588843,0.033242777,0.046747617
1.0000867,0.0005126715,0,0.0034120255,48.51292660288185,778.277816622453,5908,5364.187,2.7596712,614.04034,0.2755532,6572.5327,3.3692582,0,,,,,48.51292660288185,0.00072889455,778.277816622453,0.0007354465,0.032758407,0.046593077
0.99998945,0.0005126872,0,0.0034117452,48.51420176138054,778.2769788411492,5909,5362.8003,2.7596257,614.06,0.27559158,6571.894,3.3693614,0,,,,,48.51420176138054,0.00072946877,778.2769788411492,0.0007362306,0.032542,0.046084948
1.0010742,0.0005128433,0,0.0034114644,48.51263827096991,778.2778380440149,5910,5368.3345,2.760235,613.36945,0.2756536,6579.023,3.3703873,0,,,,,48.51263827096991,0.0007280334,778.2778380440149,0.00073458726,0.03243054,0.046172984
1.0002409,0.00051271764,0,0.0034111834,48.51250577842734,778.2773084202782,5911,5364.483,2.759754,613.27466,0.27563483,6573.547,3.3695617,0,,,,,48.51250577842734,0.00072807114,778.2773084202782,0.0007347758,0.032592073,0.046599828
1.0007234,0.0005127194,0,0.003410902,48.51305581255204,778.2793237344144,5912,5367.0566,2.760078,613.439,0.27566746,6576.7173,3.3695729,0,,,,,48.51305581255204,0.00072859816,778.2793237344144,0.000735072,0.032920986,0.04687691
1.0011791,0.00051273574,0,0.0034106204,48.51261595356931,778.2791749339483,5913,5368.851,2.7602124,613.2883,0.27580896,6579.7124,3.3696806,0,,,,,48.51261595356931,0.0007285998,778.2791749339483,0.00073505985,0.03302669,0.046666007
1.0003929,0.0005127088,0,0.0034103387,48.51293608009053,778.2797938256955,5914,5365.087,2.759815,614.0013,0.27565017,6574.546,3.3695035,0,,,,,48.51293608009053,0.00072998204,778.2797938256955,0.00073651405,0.033267334,0.046894297
1.0006087,0.0005128028,0,0.0034100565,48.513712874664975,778.2785106260883,5915,5366.2456,2.7598422,614.13,0.275573,6575.964,3.3701212,0,,,,,48.513712874664975,0.0007290207,778.2785106260883,0.0007355367,0.032999255,0.04669022
1.0002731,0.0005128124,0,0.0034094912,48.513401728306704,778.2793814103028,5917,5364.9116,2.7600653,614.55206,0.27590734,6573.7583,3.3701844,0,,,,,48.513401728306704,0.0007296538,778.2793814103028,0.0007360479,0.03316164,0.04683331
1.0004721,0.00051269983,0,0.003409208,48.51385670448582,778.2798644400758,5918,5365.507,2.759969,614.5935,0.27548984,6575.066,3.3694446,0,,,,,48.51385670448582,0.0007293366,778.2798644400758,0.00073570997,0.033745132,0.047408514
1.0012708,0.0005128517,0,0.0034089244,48.51333207303023,778.2797703092812,5919,5369.6553,2.760413,615.02246,0.2755817,6580.3145,3.3704426,0,,,,,48.51333207303023,0.0007283956,778.2797703092812,0.00073484087,0.033544708,0.047257587
1.0008146,0.0005128691,0,0.0034086409,48.514486686730905,778.278587527758,5920,5367.5337,2.7601738,614.78546,0.27577242,6577.317,3.3705568,0,,,,,48.514486686730905,0.00072948454,778.278587527758,0.0007359834,0.03362261,0.047113776
1.000022,0.0005126669,0,0.0034083568,48.515250465544426,778.2792954109684,5921,5363.489,2.7596319,614.6686,0.27532113,6572.1084,3.369228,0,,,,,48.515250465544426,0.0007289027,778.2792954109684,0.0007353524,0.033864044,0.04749868
1.0003178,0.0005127537,0,0.0034080725,48.5125965440952,778.2794889030058,5922,5364.6587,2.7600496,615.4404,0.27562732,6574.052,3.3697982,0,,,,,48.5125965440952,0.00072906795,778.2794889030058,0.0007354334,0.033610225,0.04691747
1.0005951,0.00051279436,0,0.0034077878,48.5135474193122,778.2789414335871,5923,5366.9546,2.7600691,614.5152,0.27558014,6575.874,3.370066,0,,,,,48.5135474193122,0.0007281282,778.2789414335871,0.000734758,0.033880472,0.04708787
1.0004236,0.0005128543,8320,0.003407503,48.515928259243864,778.2804153452736,5924,5366.729,2.7607489,614.7743,0.27543747,6574.747,3.3704598,8320,,,,,48.515928259243864,0.0007298168,778.2804153452736,0.0007360371,0.034704544,0.048491996
1.000803,0.00051286444,0,0.0034072178,48.51790953832161,778.2824009039091,5925,5368.169,2.760262,614.30273,0.27555886,6577.2407,3.3705263,0,,,,,48.51790953832161,0.0007276068,778.2824009039091,0.00073357986,0.034986768,0.048789572
0.999669,0.0005126583,0,0.003406932,48.514596462760906,778.2822457521543,5926,5362.945,2.7595832,613.4734,0.27575085,6569.788,3.3691719,0,,,,,48.514596462760906,0.0007290967,778.2822457521543,0.0007353256,0.03518136,0.049223065
1.0001317,0.0005127575,0,0.0034066464,48.51507977798853,778.2793174129777,5927,5365.2666,2.7598839,614.0267,0.2755829,6572.829,3.3698235,0,,,,,48.51507977798853,0.0007290669,778.2793174129777,0.00073555013,0.03476335,0.048933323
1.000206,0.00051259506,0,0.0034063603,48.516392670834236,778.2797426720658,5928,5365.29,2.7598581,613.7996,0.27544382,6573.3174,3.3687558,0,,,,,48.516392670834236,0.00072978827,778.2797426720658,0.00073614635,0.0349196,0.049112454
1.0006933,0.00051277137,0,0.003406074,48.514355001552424,778.2817452807328,5929,5368.9453,2.7602346,614.1836,0.2758453,6576.52,3.3699148,0,,,,,48.514355001552424,0.0007289287,778.2817452807328,0.000735171,0.034933396,0.049562164
0.99914277,0.00051264296,0,0.003405787,48.5136893407237,778.2816644190461,5930,5360.5483,2.7594364,613.82336,0.27593994,6566.3296,3.3690708,0,,,,,48.5136893407237,0.00073036045,778.2816644190461,0.0007366969,0.03476529,0.04913668
1.0011926,0.0005128377,0,0.0034055,48.51442643625059,778.2802037587976,5931,5370.5845,2.7604382,614.4213,0.27580306,6579.8013,3.3703508,0,,,,,48.51442643625059,0.00072814064,778.2802037587976,0.00073451933,0.03460783,0.048959795
1.0016403,0.0005129267,0,0.0034052127,48.514991007075736,778.2819082542671,5932,5373.3657,2.7607033,614.10693,0.27542338,6582.7437,3.3709357,0,,,,,48.514991007075736,0.00072854536,778.2819082542671,0.0007347654,0.035049334,0.04980118
1.0001708,0.0005127705,0,0.003404925,48.51476068989251,778.2813379939101,5933,5365.617,2.759887,614.28674,0.27538016,6573.0864,3.369909,0,,,,,48.51476068989251,0.0007296793,778.2813379939101,0.0007358935,0.03497749,0.0489704
0.9994307,0.00051257724,0,0.003404637,48.51573881360017,778.2795712544523,5934,5360.253,2.7593958,615.11444,0.27557072,6568.222,3.368639,0,,,,,48.51573881360017,0.0007302022,778.2795712544523,0.00073672016,0.03477629,0.04852296
1.0004438,0.0005127401,0,0.0034043489,48.51550841448439,778.2812625988861,5935,5366.7954,2.76018,614.5357,0.2758549,6574.88,3.3697093,0,,,,,48.51550841448439,0.00072864647,778.2812625988861,0.0007349495,0.034772232,0.049132906
0.9996376,0.0005126507,0,0.0034040604,48.51407395537562,778.2811373805212,5936,5362.9585,2.7597713,614.68256,0.27556303,6569.5815,3.3691216,0,,,,,48.51407395537562,0.00072969706,778.2811373805212,0.00073596276,0.035207145,0.049837742
1.0003732,0.0005128394,0,0.0034037714,48.51548636569203,778.2808901403547,5937,5366.7783,2.7601712,613.9307,0.27574864,6574.416,3.3703618,0,,,,,48.51548636569203,0.00072896696,778.2808901403547,0.0007353083,0.03506153,0.04944177
1.0007585,0.0005127277,0,0.0034034825,48.51524114342977,778.28314820022,5938,5368.6997,2.7602558,614.11285,0.2756284,6576.948,3.3696277,0,,,,,48.51524114342977,0.00072917144,778.28314820022,0.0007352,0.035043776,0.049830113
1.0008059,0.0005128039,0,0.0034031929,48.515639628692625,778.2820979851308,5939,5369.439,2.760355,613.0888,0.27563432,6577.2593,3.3701284,0,,,,,48.515639628692625,0.00072818197,778.2820979851308,0.0007344165,0.035448346,0.049238887
0.99993426,0.00050898915,0,0.0033871164,48.487651301896264,778.245703205841,5993,5338.1123,2.7589962,612.9786,0.27596733,6571.5312,3.345058,0,,,,,48.487651301896264,0.0007291552,778.245703205841,0.00073969585,0.0063298238,0.011565503
1.0007054,0.0005092019,0,0.0033868104,48.48888932478564,778.243856002005,5994,5341.498,2.757519,612.73865,0.27558562,6576.599,3.3464563,0,,,,,48.48888932478564,0.00072847144,778.243856002005,0.00073909434,0.0063314065,0.011241662
1.0004692,0.0005096637,0,0.0033865042,48.48683637756215,778.2453377830572,5995,5339.682,2.7590528,613.5271,0.27576792,6575.047,3.3494911,0,,,,,48.48683637756215,0.0007296639,778.2453377830572,0.00074007246,0.006092523,0.011593907
1.0003994,0.00050980167,0,0.0033861976,48.48599770474539,778.2429666554907,5996,5339.0645,2.7591276,613.48486,0.2756525,6574.588,3.350398,0,,,,,48.48599770474539,0.0007295042,778.2429666554907,0.0007401896,0.0054338933,0.011133532
1.0010204,0.0005097489,0,0.0033858907,48.48615827231559,778.2425520319381,5997,5341.054,2.759421,612.51465,0.2755758,6578.6694,3.350051,0,,,,,48.48615827231559,0.0007291423,778.2425520319381,0.00073987356,0.0053026173,0.010302493
1.0004785,0.00050985755,0,0.0033855836,48.486683059152085,778.2441829228974,5998,5339.079,2.7597046,619.2577,0.27595943,6575.1084,3.350765,0,,,,,48.486683059152085,0.00072846375,778.2441829228974,0.0007390361,0.0052229483,0.010561799
1.0007807,0.0005099113,0,0.003385276,48.487528192418154,778.2434533492982,5999,5340.304,2.759308,612.8861,0.27545345,6577.094,3.351118,0,,,,,48.487528192418154,0.0007296007,778.2434533492982,0.0007402634,0.0056039523,0.010613806
1.0000683,0.0005099317,0,0.0033849683,48.48692472398946,778.2464682195509,6000,5336.891,2.7588317,613.6978,0.27520338,6572.4126,3.3512526,0,,,,,48.48692472398946,0.00072975305,778.2464682195509,0.0007401388,0.005730407,0.011379234
1.0001341,0.0005101935,0,0.0033846602,48.48738533674771,778.2451163154134,6001,5338.3784,2.758945,613.38306,0.27560282,6572.8447,3.3529732,0,,,,,48.48738533674771,0.0007292351,778.2451163154134,0.0007396854,0.0062784245,0.012487075
1.0003744,0.00051022903,0,0.003384352,48.488318591051886,778.2471283587612,6002,5340.2524,2.7593277,613.32855,0.27550882,6574.424,3.3532064,0,,,,,48.488318591051886,0.0007292241,778.2471283587612,0.00073970255,0.0065756436,0.0132897645
1.0002364,0.0005103897,0,0.0033840432,48.48827898261194,778.2468023667288,6003,5339.3315,2.7590666,613.68396,0.27565718,6573.517,3.3542624,0,,,,,48.48827898261194,0.0007291921,778.2468023667288,0.0007394027,0.0070170853,0.013719832
1.0012068,0.00051045953,0,0.0033837343,48.488077125775796,778.2462625050873,6004,5344.6387,2.7594607,612.5117,0.27575484,6579.894,3.3547215,0,,,,,48.488077125775796,0.00072851963,778.2462625050873,0.0007388866,0.0069533135,0.013483861
1.0017854,0.0005108269,0,0.003383425,48.488709562867584,778.2485413635081,6005,5347.8574,2.7600954,614.1435,0.27543977,6583.697,3.3571355,0,,,,,48.488709562867584,0.00072798517,778.2485413635081,0.0007380239,0.007654918,0.013983473
1.0004405,0.00051082287,0,0.0033831154,48.48951160503045,778.24921306458,6006,5341.578,2.7593882,613.041,0.27543193,6574.858,3.3571093,0,,,,,48.48951160503045,0.00072913925,778.24921306458,0.0007391269,0.007906078,0.0151168965
1.0012591,0.0005108022,0,0.0033828055,48.490852411286966,778.2492309451774,6007,5346.811,2.7599227,613.3238,0.27566573,6580.238,3.3569734,0,,,,,48.490852411286966,0.000729334,778.2492309451774,0.0007393761,0.008973246,0.016209213
1.0018905,0.00051094196,0,0.0033824954,48.49045756952187,778.2498953394961,6008,5349.3237,2.760173,613.7455,0.27555844,6584.3877,3.3578918,0,,,,,48.49045756952187,0.00072848477,778.2498953394961,0.0007383038,0.00882457,0.015854495
1.0009589,0.0005109899,0,0.003382185,48.49158626366425,778.2499513021005,6009,5344.628,2.759595,612.8938,0.27567908,6578.265,3.3582072,0,,,,,48.49158626366425,0.0007285812,778.2499513021005,0.000738532,0.008773391,0.015833506
1.0011041,0.0005112227,0,0.0033818742,48.48849173762402,778.2497128180723,6010,5346.2554,2.7599747,613.8736,0.27556583,6579.2197,3.3597367,0,,,,,48.48849173762402,0.00072896335,778.2497128180723,0.0007388066,0.009168928,0.016761992
1.0006193,0.0005111836,0,0.0033815631,48.49171414397903,778.248939587892,6011,5343.6885,2.7595146,612.858,0.27584234,6576.0337,3.3594797,0,,,,,48.49171414397903,0.0007279005,778.248939587892,0.0007378002,0.009257379,0.016852206
1.0007128,0.0005112485,0,0.0033812518,48.48984349228402,778.2511384948964,6012,5344.263,2.7595773,613.3756,0.2755207,6576.6475,3.3599062,0,,,,,48.48984349228402,0.00072800805,778.2511384948964,0.0007374744,0.0094498135,0.016762372
1.0003419,0.00051127427,0,0.00338094,48.4918946427072,778.2489626316101,6013,5342.541,2.759595,613.2591,0.27530307,6574.21,3.3600757,0,,,,,48.4918946427072,0.0007287558,778.2489626316101,0.0007386907,0.009726174,0.016843747
1.0020069,0.00051154225,0,0.003380628,48.49154220944668,778.2518383230806,6014,5350.7524,2.7603168,613.47656,0.275374,6585.153,3.361837,0,,,,,48.49154220944668,0.00072795816,778.2518383230806,0.0007376205,0.009714326,0.017291289
1.0000509,0.00051143096,0,0.0033803158,48.49364477708992,778.251882544301,6015,5341.6562,2.7594075,613.58966,0.27582455,6572.298,3.3611057,0,,,,,48.49364477708992,0.00072932674,778.251882544301,0.00073897454,0.010291287,0.01792869
0.9999131,0.00051149854,0,0.0033800034,48.49252163436087,778.2524174956247,6016,5341.344,2.7592177,613.0537,0.27557135,6571.392,3.3615499,0,,,,,48.49252163436087,0.0007292872,778.2524174956247,0.00073890825,0.010788661,0.018656638
1.0006379,0.00051187724,0,0.0033796905,48.49267735634002,778.2533285474929,6017,5345.044,2.7598455,614.60846,0.2754356,6576.156,3.3640385,0,,,,,48.49267735634002,0.0007290671,778.2533285474929,0.00073853496,0.01140516,0.019822562
1.0005082,0.0005117082,0,0.0033793773,48.49294603339588,778.2523146131095,6018,5344.8047,2.759726,613.3436,0.27561846,6575.303,3.3629277,0,,,,,48.49294603339588,0.00072905154,778.2523146131095,0.0007386496,0.011582288,0.019864582
1.001967,0.0005120308,0,0.0033790637,48.49383802256872,778.253704381394,6019,5353.072,2.760657,614.1041,0.27526662,6584.89,3.3650475,0,,,,,48.49383802256872,0.0007277638,778.253704381394,0.00073720043,0.011601405,0.01995193
1.0005121,0.0005118833,0,0.00337875,48.49407146004263,778.2538115334585,6020,5345.3286,2.7596571,612.53015,0.27595824,6575.329,3.3640783,0,,,,,48.49407146004263,0.00072848605,778.2538115334585,0.000737925,0.012261575,0.020370279
1.0002187,0.0005119572,0,0.003378436,48.495106022797046,778.2550319530037,6021,5345.1694,2.7598665,613.9246,0.2755779,6573.401,3.3645642,0,,,,,48.495106022797046,0.00072876614,778.2550319530037,0.0007382276,0.013164311,0.021845303
0.99999255,0.0005119578,0,0.0033781216,48.49346412057305,778.2549563337308,6022,5344.449,2.7597625,613.33636,0.27579516,6571.9146,3.364568,0,,,,,48.49346412057305,0.00072896347,778.2549563337308,0.00073821127,0.012817083,0.021823062
1.0007609,0.0005120853,0,0.0033778069,48.4950441513765,778.2543097865363,6023,5348.339,2.7603488,614.22906,0.27575776,6576.964,3.3654056,0,,,,,48.4950441513765,0.00072865037,778.2543097865363,0.00073794124,0.013181814,0.02188726
1.00172,0.0005121642,0,0.003377492,48.49633443247204,778.2558707692868,6024,5354.771,2.7607458,612.73987,0.27572578,6583.267,3.3659244,0,,,,,48.49633443247204,0.0007282654,778.2558707692868,0.0007373857,0.013673091,0.022150043
1.0004704,0.00051228213,8192,0.0033771768,48.496852828022526,778.2557350684029,6025,5348.8975,2.7603085,614.008,0.27571592,6575.055,3.3666995,8192,,,,,48.496852828022526,0.000729378,778.2557350684029,0.0007385654,0.01399339,0.023008533
0.9998803,0.0005120923,0,0.003376861,48.49630626204871,778.2584686760422,6026,5344.6787,2.7598689,614.5584,0.27543244,6571.177,3.365452,0,,,,,48.49630626204871,0.000729104,778.2584686760422,0.0007381154,0.014221741,0.022709437
1.0021479,0.00051266485,128,0.0033765454,48.4958208675251,778.2577137581656,6027,5357.3687,2.7623007,612.62067,0.2755151,6586.0796,3.3692145,128,,,,,48.4958208675251,0.000727478,778.2577137581656,0.00073651323,0.014375403,0.02373712
1.0010693,0.00051232893,0,0.0033762292,48.49462145967899,778.2566715341252,6028,5350.6167,2.7603927,612.9143,0.2754802,6578.991,3.367007,0,,,,,48.49462145967899,0.0007279096,778.2566715341252,0.0007369431,0.013646003,0.022538586
1.0007908,0.0005122316,0,0.0033759128,48.496348130210386,778.2562321648716,6029,5347.9185,2.760127,613.8141,0.27551633,6577.1606,3.3663673,0,,,,,48.496348130210386,0.0007290659,778.2562321648716,0.00073827064,0.013473764,0.022557326
1.0007132,0.00051227683,0,0.003375596,48.49747096922984,778.2553888524424,6030,5348.4326,2.7600062,613.0168,0.27548957,6576.651,3.3666646,0,,,,,48.49747096922984,0.0007290218,778.2553888524424,0.0007382327,0.01417673,0.023322834
1.0008303,0.0005123,0,0.003375279,48.497470330583056,778.2562320568868,6031,5349.516,2.7602925,613.3707,0.27594432,6577.42,3.366817,0,,,,,48.497470330583056,0.0007279837,778.2562320568868,0.00073737936,0.014377438,0.023003662
1.0005193,0.0005122093,0,0.0033749617,48.49669573876909,778.2582156772831,6032,5347.247,2.760082,613.7529,0.27563766,6575.376,3.3662207,0,,,,,48.49669573876909,0.0007291036,778.2582156772831,0.00073802884,0.014370447,0.02310186
1.0005068,0.0005123528,0,0.003374644,48.49678565057246,778.2579829911869,6033,5348.756,2.7602522,613.83435,0.2755721,6575.294,3.3671637,0,,,,,48.49678565057246,0.0007286198,778.2579829911869,0.00073752634,0.015212062,0.024268713
0.9998267,0.00051246706,0,0.003374326,48.49777917135948,778.2575471507251,6034,5346.6772,2.7600002,613.2339,0.27596658,6570.8247,3.3679147,0,,,,,48.49777917135948,0.00072931254,778.2575471507251,0.00073828996,0.015896806,0.025304781
0.9999614,0.0005124885,0,0.0033740078,48.49888011728065,778.2604428239636,6035,5347.696,2.7601871,613.1168,0.27578986,6571.7095,3.3680556,0,,,,,48.49888011728065,0.00072925404,778.2604428239636,0.0007379669,0.016890898,0.02644604
1.0004854,0.00051255093,0,0.0033736893,48.499833623531316,778.2602146183738,6036,5351.2925,2.7606728,613.4363,0.27595678,6575.1533,3.368466,0,,,,,48.499833623531316,0.0007284046,778.2602146183738,0.000736974,0.016851442,0.025998103
1.0015681,0.0005125331,0,0.0033733705,48.498676235565895,778.2603757238569,6037,5357.005,2.7611058,613.1014,0.27547258,6582.269,3.368349,0,,,,,48.498676235565895,0.00072774634,778.2603757238569,0.00073640706,0.01714144,0.02634988
0.99981153,0.0005124406,0,0.0033730513,48.49911713547735,778.2589725933875,6038,5346.3115,2.760119,613.3418,0.27547997,6570.7246,3.3677406,0,,,,,48.49911713547735,0.00072946586,778.2589725933875,0.00073830935,0.017637903,0.025910204
1.0015663,0.00051264226,0,0.0033727319,48.49896176997349,778.2600513482265,6039,5356.166,2.7611878,614.104,0.27551144,6582.257,3.3690662,0,,,,,48.49896176997349,0.00072807557,778.2600513482265,0.000736773,0.016712109,0.025939303
0.9995495,0.00051230454,0,0.0033724122,48.49873960884706,778.259697345232,6040,5345.122,2.75981,613.39233,0.27570993,6569.003,3.3668468,0,,,,,48.49873960884706,0.0007284599,778.259697345232,0.000737211,0.017299322,0.025456918
1.0002406,0.0005126504,0,0.003372092,48.500641149378254,778.2606539659678,6041,5348.482,2.7601886,613.93384,0.2756556,6573.5444,3.3691196,0,,,,,48.500641149378254,0.0007291614,778.2606539659678,0.00073777663,0.017025048,0.026653247
0.9998162,0.0005124289,0,0.0033717717,48.49817026767842,778.2590451048559,6042,5346.2207,2.7599773,612.90076,0.2756324,6570.7554,3.3676639,0,,,,,48.49817026767842,0.00072915026,778.2590451048559,0.00073797884,0.016981281,0.025885593
0.9995265,0.00051254977,0,0.003371451,48.50071641983485,778.2601216607794,6043,5345.777,2.7600825,613.7757,0.27534673,6568.8516,3.3684585,0,,,,,48.50071641983485,0.0007289822,778.2601216607794,0.0007377644,0.018031627,0.026627054
1.0004692,0.0005126666,128,0.0033711302,48.500030871751385,778.2611580652641,6044,5350.653,2.7610483,614.2072,0.27573773,6575.047,3.369226,128,,,,,48.500030871751385,0.00072763785,778.2611580652641,0.0007362669,0.01776338,0.026395118
0.99997467,0.0005125952,0,0.003370809,48.49841608146593,778.2605087045395,6045,5348.6245,2.7602615,613.9221,0.27537596,6571.797,3.3687568,0,,,,,48.49841608146593,0.0007284971,778.2605087045395,0.00073709874,0.017529337,0.02660983
1.0002166,0.000512707,0,0.0033704874,48.49974212387306,778.2601038525418,6046,5350.1353,2.7603517,613.2971,0.2753173,6573.3867,3.3694916,0,,,,,48.49974212387306,0.0007279953,778.2601038525418,0.00073675835,0.01792846,0.02711624
1.000514,0.00051255035,0,0.0033701656,48.49966136435096,778.2598546789843,6047,5350.566,2.7603743,613.36584,0.2754537,6575.342,3.368462,0,,,,,48.49966136435096,0.00072791753,778.2598546789843,0.0007365389,0.01792521,0.026265811
1.000028,0.00051252136,0,0.0033698436,48.49954156320042,778.2587913709583,6048,5348.694,2.7602322,613.8454,0.2752603,6572.1475,3.3682718,0,,,,,48.49954156320042,0.0007287327,778.2587913709583,0.00073748635,0.018200949,0.02655094
1.0013567,0.0005128817,0,0.0033695211,48.499285950361056,778.2619560506212,6049,5355.975,2.7611809,613.93713,0.27536374,6580.88,3.3706398,0,,,,,48.499285950361056,0.0007288347,778.2619560506212,0.00073739904,0.018187188,0.02745919
1.0005572,0.00051263307,0,0.0033691984,48.499272968337515,778.2603577893171,6050,5350.969,2.7603939,613.3648,0.2755414,6575.625,3.3690057,0,,,,,48.499272968337515,0.00072826276,778.2603577893171,0.0007368289,0.018193077,0.026974449
1.0000038,0.00051264826,0,0.0033688752,48.50166161604973,778.2620761144137,6051,5349.059,2.7601788,613.53455,0.27575523,6571.989,3.3691056,0,,,,,48.50166161604973,0.0007282919,778.2620761144137,0.0007367199,0.018724877,0.02768994
1.0002291,0.0005127308,0,0.003368552,48.50005349221966,778.2606880565104,6052,5350.794,2.760483,614.1046,0.27555206,6573.469,3.369648,0,,,,,48.50005349221966,0.00072861754,778.2606880565104,0.00073726324,0.018666154,0.027884893
1.0009987,0.0005128148,0,0.0033682284,48.50254010634845,778.2619841061457,6053,5355.004,2.7610807,614.492,0.27572003,6578.5273,3.3702002,0,,,,,48.50254010634845,0.0007288124,778.2619841061457,0.0007372202,0.018779643,0.027819844
1.0013852,0.00051291165,0,0.0033679046,48.50135365554502,778.2612493126197,6054,5358.0625,2.761236,613.29987,0.27563864,6581.067,3.3708367,0,,,,,48.50135365554502,0.0007269908,778.2612493126197,0.00073553616,0.019169116,0.028538454
1.000215,0.00051279046,0,0.0033675802,48.5018235240497,778.2622907772102,6055,5352.0913,2.760564,613.7064,0.27546975,6573.3765,3.3700402,0,,,,,48.5018235240497,0.00072781753,778.2622907772102,0.00073612697,0.019025395,0.02847829
1.00016,0.0005128926,0,0.0033672557,48.501873730424975,778.2640435481514,6056,5351.867,2.7606008,613.4964,0.27574986,6573.015,3.3707113,0,,,,,48.501873730424975,0.0007287861,778.2640435481514,0.0007370122,0.019613342,0.029555187
0.999975,0.0005127943,0,0.0033669309,48.502132358958036,778.2637241678152,6057,5350.521,2.7603915,613.7707,0.2754329,6571.7993,3.3700655,0,,,,,48.502132358958036,0.00072786596,778.2637241678152,0.0007361013,0.019924307,0.029484117
1.0003707,0.00051289244,0,0.0033666058,48.50258078708981,778.2630662508536,6058,5353.1436,2.7609956,614.2149,0.27556413,6574.4,3.3707104,0,,,,,48.50258078708981,0.00072934746,778.2630662508536,0.0007377769,0.020395253,0.029903227
1.000064,0.00051293126,0,0.0033662803,48.50332395642096,778.263519668791,6059,5350.639,2.7605476,614.0752,0.27545205,6572.3843,3.3709655,0,,,,,48.50332395642096,0.0007286646,778.263519668791,0.0007370536,0.019999899,0.030004269
1.0011449,0.0005130164,0,0.0033659548,48.49996259879483,778.2641242887912,6060,5356.997,2.7612793,614.7326,0.27558514,6579.488,3.3715253,0,,,,,48.49996259879483,0.0007289592,778.2641242887912,0.000737202,0.020543344,0.030113317
1.0004532,0.000512993,0,0.0033653025,48.501815660564745,778.2640308713255,6062,5353.599,2.7607489,613.60474,0.27537027,6574.942,3.3713713,0,,,,,48.501815660564745,0.00072826556,778.2640308713255,0.0007363753,0.020382464,0.030886222
1.0003246,0.0005129529,0,0.0033649758,48.50311866887712,778.2653350442984,6063,5351.9062,2.7605433,613.6213,0.27559817,6574.0967,3.3711078,0,,,,,48.50311866887712,0.0007287762,778.2653350442984,0.000736936,0.020422645,0.030812876
0.99970573,0.0005129288,0,0.003364649,48.502347047400725,778.2644782022385,6064,5350.317,2.7604587,613.9721,0.27541515,6570.0293,3.3709495,0,,,,,48.502347047400725,0.0007290792,778.2644782022385,0.00073728344,0.020738553,0.031110687
1.0005949,0.0005130724,0,0.0033643218,48.50083273288169,778.2632153138154,6065,5354.7617,2.7610064,614.4438,0.27525783,6575.8726,3.3718932,0,,,,,48.50083273288169,0.0007273196,778.2632153138154,0.0007361375,0.0204635,0.031302914
1.0003494,0.0005129692,8192,0.0033639942,48.50380019153065,778.2655782423105,6066,5353.5874,2.7607408,613.2663,0.27558845,6574.2593,3.3712149,8192,,,,,48.50380019153065,0.0007280998,778.2655782423105,0.000736105,0.02155914,0.031789687
0.9999126,0.00051256653,0,0.0033636666,48.50383522213978,778.2663479554618,6067,5352.326,2.758393,614.36584,0.27578318,6571.389,3.3685687,0,,,,,48.50383522213978,0.0007286989,778.2663479554618,0.0007368206,0.02160061,0.032407276
0.99950516,0.0005128751,0,0.0033633383,48.50280681011917,778.2647530945187,6068,5349.485,2.7604554,613.9383,0.27567548,6568.7114,3.3705964,0,,,,,48.50280681011917,0.0007292232,778.2647530945187,0.00073739013,0.020986753,0.031081136
0.99886435,0.0005128378,0,0.00336301,48.50233747687756,778.2649412996968,6069,5345.946,2.7599506,613.2852,0.27599734,6564.5,3.370351,0,,,,,48.50233747687756,0.00072886987,778.2649412996968,0.0007371891,0.020980572,0.031429242
1.0003285,0.00051280373,0,0.0033626813,48.5045914482536,778.2651759683417,6070,5354.0303,2.75964,614.26227,0.27532288,6574.1226,3.3701274,0,,,,,48.5045914482536,0.00072857324,778.2651759683417,0.00073682255,0.021343555,0.03195504
0.99947673,0.000512776,0,0.0033623523,48.50294513740449,778.2655932256318,6071,5349.6914,2.7593691,613.87683,0.27565423,6568.5244,3.3699453,0,,,,,48.50294513740449,0.00072933,778.2655932256318,0.0007374883,0.021610206,0.032170307
1.0007443,0.0005130253,0,0.003362023,48.50205875041448,778.2660609251357,6072,5355.9277,2.761145,614.5259,0.27564782,6576.8555,3.3715837,0,,,,,48.50205875041448,0.00072829006,778.2660609251357,0.0007362872,0.021845533,0.031483818
0.9996175,0.0005124468,0,0.0033616936,48.504215890365835,778.2669589969545,6073,5350.5596,2.7581248,613.9952,0.27548587,6569.4497,3.3677816,0,,,,,48.504215890365835,0.00072807516,778.2669589969545,0.0007360783,0.022071388,0.031523757
1.0020529,0.0005130462,0,0.0033613637,48.50545754723771,778.2654231164743,6074,5364.6113,2.760909,613.7722,0.2757603,6585.455,3.371721,0,,,,,48.50545754723771,0.0007274,778.2654231164743,0.00073538115,0.022473214,0.032775722
1.0008589,0.0005126912,0,0.0033610335,48.503939213161274,778.2648010099789,6075,5357.861,2.758936,614.3662,0.27552056,6577.6084,3.3693879,0,,,,,48.503939213161274,0.0007280145,778.2648010099789,0.00073613366,0.022613041,0.03288323
1.0007703,0.00051271153,0,0.0033607031,48.50368387382086,778.2666500488241,6076,5358.55,2.7590876,614.16925,0.27565184,6577.026,3.3695214,0,,,,,48.50368387382086,0.00072814384,778.2666500488241,0.0007360792,0.022743436,0.033590227
1.0000788,0.000512633,0,0.0033603723,48.50477313888019,778.2677162143762,6077,5354.691,2.7586732,613.9109,0.27568138,6572.481,3.3690054,0,,,,,48.50477313888019,0.0007291158,778.2677162143762,0.0007371772,0.022816814,0.033257052
0.9993692,0.000512555,0,0.0033600412,48.50434280493299,778.265441931465,6078,5350.259,2.7583482,614.5422,0.27564546,6567.818,3.3684926,0,,,,,48.50434280493299,0.00072932657,778.265441931465,0.00073749875,0.022683913,0.032908335
0.9994612,0.0005125398,0,0.0033597099,48.505846744524135,778.2668641880917,6079,5351.4814,2.7582567,614.2062,0.27554634,6568.4224,3.368393,0,,,,,48.505846744524135,0.0007288374,778.2668641880917,0.0007367422,0.023286844,0.033905808
1.0001861,0.00051270664,0,0.003359378,48.504951102152866,778.2688012440648,6080,5355.6514,2.75854,614.1514,0.27552533,6573.186,3.3694892,0,,,,,48.504951102152866,0.00072769716,778.2688012440648,0.00073544605,0.02311668,0.034017798
0.9992918,0.00051251834,0,0.0033590463,48.504024332334836,778.2664869132482,6081,5349.7456,2.7580204,614.38617,0.27545732,6567.309,3.3682518,0,,,,,48.504024332334836,0.00072889426,778.2664869132482,0.0007369293,0.023220824,0.03338815
1.0003682,0.0005127103,0,0.003358714,48.505999217523225,778.2682075321043,6082,5356.6987,2.758962,614.0699,0.27571115,6574.3833,3.3695135,0,,,,,48.505999217523225,0.0007284461,778.2682075321043,0.00073679804,0.02326079,0.0340692
1.0000511,0.0005126748,0,0.0033583813,48.50382427528513,778.2667707847579,6083,5354.9834,2.758571,613.65265,0.27581468,6572.3,3.36928,0,,,,,48.50382427528513,0.0007285279,778.2667707847579,0.0007363677,0.022951713,0.033752568
0.9999901,0.0005126393,0,0.0033580486,48.505958750052315,778.2666535090291,6084,5353.4336,2.758523,614.7456,0.27529907,6571.8984,3.3690467,0,,,,,48.505958750052315,0.0007287953,778.2666535090291,0.0007368365,0.023015238,0.033662956
1.0002551,0.00051274913,0,0.0033577154,48.50532760791115,778.2673545224059,6085,5355.757,2.758915,615.93066,0.27595893,6573.64,3.3697686,0,,,,,48.50532760791115,0.00072954566,778.2673545224059,0.0007374529,0.023259744,0.033880636
1.0007886,0.0005127041,0,0.003357382,48.504676743741456,778.2675864640632,6086,5358.4766,2.7591622,613.7906,0.27582017,6577.146,3.3694723,0,,,,,48.504676743741456,0.0007283537,778.2675864640632,0.00073635136,0.023723174,0.034498446
1.0004573,0.00051265967,0,0.0033570481,48.50514263447805,778.2666699159206,6087,5355.8594,2.7587757,614.47284,0.27552527,6574.9688,3.3691807,0,,,,,48.50514263447805,0.000727926,778.2666699159206,0.0007359213,0.02287194,0.033670187
0.9997694,0.00051258627,0,0.0033567143,48.50492947951557,778.2667780882753,6088,5353.1807,2.7583573,614.9684,0.2756435,6570.4478,3.3686984,0,,,,,48.50492947951557,0.00072844117,778.2667780882753,0.0007363491,0.023353066,0.034232255
1.0001172,0.000512721,0,0.00335638,48.504742979880064,778.268567387887,6089,5355.597,2.7588425,614.388,0.2754938,6572.7334,3.3695838,0,,,,,48.504742979880064,0.0007286691,778.268567387887,0.0007364048,0.023433227,0.034119144
0.9999961,0.0005126817,0,0.0033560453,48.50456108916495,778.267710170732,6090,5354.4673,2.7586126,613.99396,0.2755653,6571.938,3.3693256,0,,,,,48.50456108916495,0.0007283584,778.267710170732,0.0007362252,0.023594344,0.034653977
1.00038,0.0005126401,0,0.0033557103,48.506104459430276,778.2671823556607,6091,5357.388,2.7587934,614.1472,0.27577302,6574.461,3.3690522,0,,,,,48.506104459430276,0.0007281247,778.2671823556607,0.0007360744,0.024024319,0.034266304
0.9995816,0.00051261776,0,0.003355375,48.507818639488846,778.2674655739777,6092,5353.221,2.7584593,613.7565,0.27547458,6569.2134,3.368905,0,,,,,48.507818639488846,0.0007281121,778.2674655739777,0.0007361034,0.0243232,0.034882296
1.0004245,0.0005127397,0,0.0033550395,48.5051865802946,778.2691421934952,6093,5357.0093,2.7589998,614.60394,0.27544096,6574.7534,3.3697066,0,,,,,48.5051865802946,0.0007282813,778.2691421934952,0.0007360453,0.024100201,0.03487235
1.0005744,0.00051268295,0,0.0033547038,48.505670238828486,778.2671088352896,6094,5358.061,2.758949,614.25256,0.27563864,6575.7383,3.3693337,0,,,,,48.505670238828486,0.00072765554,778.2671088352896,0.00073549035,0.024197903,0.034674328
1.0003386,0.0005127437,0,0.0033543676,48.50556309862445,778.2683704004471,6095,5357.066,2.7589428,614.85596,0.27554458,6574.1885,3.3697329,0,,,,,48.50556309862445,0.000728896,778.2683704004471,0.00073667953,0.024437215,0.035335265
1.0003507,0.00051271165,0,0.0033540311,48.50434474811271,778.2674741011592,6096,5356.1704,2.758934,614.6107,0.27558637,6574.2686,3.369522,0,,,,,48.50434474811271,0.00072837895,778.2674741011592,0.00073631475,0.024379298,0.03458216
0.9995356,0.00051257847,0,0.0033536945,48.50627423998776,778.2683079002155,6097,5352.6562,2.7582977,614.16833,0.27556685,6568.9116,3.3686469,0,,,,,48.50627423998776,0.00072877255,778.2683079002155,0.00073673495,0.024774896,0.03515366
0.9999761,0.00051266287,0,0.0033533575,48.50674816860824,778.2679439585382,6098,5355.2725,2.7588162,615.25726,0.27565208,6571.806,3.3692017,0,,,,,48.50674816860824,0.00072849164,778.2679439585382,0.0007362908,0.024739543,0.034945566
0.9991913,0.00051253935,0,0.0033530202,48.508636744980855,778.269324471529,6099,5351.1763,2.7581677,614.7803,0.27552152,6566.6484,3.3683898,0,,,,,48.508636744980855,0.0007295639,778.269324471529,0.00073737896,0.025274528,0.03545944
1.0006132,0.0005127205,0,0.0033526826,48.50539159113046,778.2685276648349,6100,5359.0723,2.7592943,615.34656,0.27557853,6575.993,3.3695803,0,,,,,48.50539159113046,0.00072878227,778.2685276648349,0.0007364925,0.024725404,0.034907047
0.9999396,0.0005126365,0,0.0033523447,48.50564735762541,778.2683149529447,6101,5355.904,2.75874,614.9493,0.27538916,6571.5664,3.3690283,0,,,,,48.50564735762541,0.0007287312,778.2683149529447,0.0007365183,0.025051016,0.035295818
1.0002228,0.0005126894,0,0.0033520064,48.50596533536747,778.269494379006,6102,5357.34,2.7589505,615.28503,0.2759931,6573.4272,3.3693762,0,,,,,48.50596533536747,0.0007279913,778.269494379006,0.0007356527,0.025223475,0.035677586
0.99894094,0.00051258865,0,0.0033516681,48.50646138010148,778.2699109582707,6103,5350.439,2.7582264,615.3854,0.2755421,6565.0034,3.3687139,0,,,,,48.50646138010148,0.0007289162,778.2699109582707,0.00073652307,0.025174748,0.03554954
0.9992057,0.0005126312,0,0.0033513294,48.50544346731461,778.270052169516,6104,5352.6978,2.758474,614.89026,0.27583864,6566.743,3.3689935,0,,,,,48.50544346731461,0.00072880206,778.270052169516,0.00073642837,0.02515562,0.036142644
0.9995239,0.0005126299,0,0.0033509901,48.50567099388271,778.2687727445743,6105,5353.853,2.758675,614.4614,0.2755897,6568.8345,3.3689852,0,,,,,48.50567099388271,0.000728727,778.2687727445743,0.00073640957,0.025021408,0.035509024
0.99949306,0.00051271677,0,0.003350651,48.5052300999241,778.2691446126967,6106,5354.581,2.7587142,614.79297,0.27543414,6568.632,3.369556,0,,,,,48.5052300999241,0.00072830135,778.2691446126967,0.0007359119,0.025465135,0.036058202
1.0001147,0.000512615,0,0.0033503112,48.50772039391217,778.2690319540927,6107,5357.899,2.7589822,614.6554,0.2758282,6572.717,3.3688872,0,,,,,48.50772039391217,0.0007295114,778.2690319540927,0.0007372245,0.025342284,0.0355287
0.9995499,0.0005126077,0,0.0033499713,48.50713599852644,778.2689137562124,6108,5354.8066,2.7587655,616.226,0.2754268,6569.0054,3.368839,0,,,,,48.50713599852644,0.000729029,778.2689137562124,0.000736757,0.025756491,0.03610862
0.99990195,0.0005126363,0,0.0033496309,48.50688059610473,778.2687564825017,6109,5356.7905,2.7588787,614.1753,0.27550006,6571.319,3.3690271,0,,,,,48.50688059610473,0.0007279261,778.2687564825017,0.0007355449,0.02557671,0.03584499
1.0005355,0.0005127548,0,0.0033492902,48.50659504431272,778.267524911495,6110,5360.704,2.759435,614.639,0.27594817,6575.4824,3.3698056,0,,,,,48.50659504431272,0.000728568,778.267524911495,0.0007363936,0.025697462,0.036467247
0.9995227,0.00051256147,8192,0.0033489494,48.50792382951094,778.2696170934852,6111,5353.97,2.7586172,614.8554,0.2754326,6568.8267,3.368535,8192,,,,,48.50792382951094,0.00072927313,778.2696170934852,0.0007369539,0.025647504,0.03590887
0.9999738,0.0005126441,0,0.0033486083,48.507496388240114,778.2698632933088,6112,5356.034,2.7588885,615.0834,0.27555156,6571.791,3.3690784,0,,,,,48.507496388240114,0.0007287088,778.2698632933088,0.0007363883,0.025535356,0.036296852
0.999673,0.00051256956,0,0.003348267,48.50727065737662,778.2699622550487,6113,5354.6143,2.7587032,615.0692,0.2754275,6569.8145,3.3685884,0,,,,,48.50727065737662,0.00072842126,778.2699622550487,0.00073605677,0.025273964,0.036048274
0.99955523,0.0005126208,0,0.0033479251,48.50740746031342,778.2691039126814,6114,5354.0483,2.7586033,615.11127,0.27554253,6569.0405,3.368925,0,,,,,48.50740746031342,0.0007288585,778.2691039126814,0.0007366723,0.025423396,0.0366683
1.0013164,0.0005128532,0,0.003347583,48.507765010180684,778.2712904039788,6115,5363.766,2.7596881,614.7348,0.27561387,6580.6147,3.3704526,0,,,,,48.507765010180684,0.00072735694,778.2712904039788,0.00073486695,0.025868118,0.037067942
1.0012008,0.00051285216,0,0.0033472406,48.50708808897152,778.2704518087992,6116,5363.9644,2.759796,615.06744,0.27595398,6579.855,3.3704455,0,,,,,48.50708808897152,0.0007276841,778.2704518087992,0.00073520705,0.026045723,0.03725575
1.0003052,0.0005127346,0,0.0033468981,48.50786213435899,778.268795568727,6117,5359.089,2.7591717,614.6844,0.27586997,6573.9688,3.3696728,0,,,,,48.50786213435899,0.00072815915,778.268795568727,0.0007358811,0.025900312,0.036906004
0.99879706,0.00051261846,0,0.0033465552,48.50746517063497,778.2689414002024,6118,5351.077,2.758379,614.0205,0.27609742,6564.0576,3.3689096,0,,,,,48.50746517063497,0.0007284259,778.2689414002024,0.00073611,0.026079796,0.03690689
1.0001186,0.0005127915,0,0.003346212,48.50828885355362,778.2709196096366,6119,5358.784,2.7593021,614.96436,0.27545172,6572.7427,3.3700469,0,,,,,48.50828885355362,0.0007285755,778.2709196096366,0.00073615386,0.026273368,0.037244227
0.99962294,0.00051267457,0,0.0033458683,48.507262836180196,778.269068531239,6120,5355.5303,2.758735,614.6911,0.27536148,6569.4854,3.3692787,0,,,,,48.507262836180196,0.0007290152,778.269068531239,0.0007368215,0.025898732,0.03671706
1.0001225,0.0005127325,0,0.0033455244,48.50691277991591,778.2715352965172,6121,5358.447,2.7590232,613.70337,0.27594075,6572.7686,3.369659,0,,,,,48.50691277991591,0.00072869624,778.2715352965172,0.0007361369,0.026269728,0.036981493
0.9990368,0.00051257515,0,0.0033451803,48.50836101289291,778.2705302342521,6122,5352.94,2.7585087,614.8419,0.27564162,6565.6333,3.3686252,0,,,,,48.50836101289291,0.0007291708,778.2705302342521,0.00073667435,0.026943542,0.037326407
0.99969035,0.0005126504,0,0.003344836,48.509222577275274,778.2701077349349,6123,5356.4224,2.7590122,615.09576,0.27540687,6569.928,3.36912,0,,,,,48.509222577275274,0.0007293005,778.2701077349349,0.0007368283,0.026666297,0.037167218
0.9998269,0.0005126505,0,0.0033444914,48.50937306615091,778.2695354472119,6124,5356.5176,2.758824,614.33575,0.27549395,6570.8257,3.3691204,0,,,,,48.50937306615091,0.00072886876,778.2695354472119,0.0007364986,0.026687244,0.03722253
0.9994239,0.00051274354,0,0.0033441463,48.50817862992491,778.2709073570621,6125,5355.0923,2.75878,614.8958,0.275579,6568.1772,3.369732,0,,,,,48.50817862992491,0.00072901224,778.2709073570621,0.0007364966,0.026624188,0.03797063
0.9995326,0.00051272375,0,0.003343801,48.50766158802611,778.2712325648237,6126,5355.6714,2.7589362,614.9205,0.27560875,6568.8916,3.3696017,0,,,,,48.50766158802611,0.00072917127,778.2712325648237,0.0007366161,0.026827317,0.03779931
0.99885863,0.0005126337,0,0.0033434553,48.506690343634794,778.2715616234875,6127,5351.8325,2.7584488,615.8323,0.27548015,6564.4624,3.36901,0,,,,,48.506690343634794,0.0007295998,778.2715616234875,0.0007369784,0.02674399,0.0381143
0.9998601,0.00051273016,0,0.0033431095,48.50746401140532,778.2708564764813,6128,5357.597,2.759127,615.2436,0.27534774,6571.044,3.369644,0,,,,,48.50746401140532,0.000729046,778.2708564764813,0.0007364635,0.02721594,0.037999433
1.0000266,0.0005127506,0,0.0033427633,48.50808256979078,778.2704930242885,6129,5358.415,2.7591531,614.77313,0.27560607,6572.138,3.369778,0,,,,,48.50808256979078,0.00072850654,778.2704930242885,0.0007360338,0.026756557,0.037593193
1.0000333,0.000512777,0,0.0033424168,48.508163656629634,778.2705059016132,6130,5358.4097,2.759191,615.4431,0.27586055,6572.1816,3.3699517,0,,,,,48.508163656629634,0.00072887633,778.2705059016132,0.0007363355,0.026620947,0.03756845
0.9997161,0.0005127038,0,0.00334207,48.50762772837834,778.2699250950724,6131,5357.4355,2.7589085,614.52734,0.27559108,6570.0977,3.3694706,0,,,,,48.50762772837834,0.0007283571,778.2699250950724,0.00073596294,0.026880559,0.03771466
1.0003506,0.0005128289,0,0.0033417228,48.508078074017845,778.2722661917574,6132,5360.9097,2.7594054,615.24084,0.2756746,6574.2676,3.3702927,0,,,,,48.508078074017845,0.00072883983,778.2722661917574,0.0007360499,0.027113318,0.038639367
0.9993305,0.00051271776,0,0.0033413754,48.508504041967626,778.2718146739326,6133,5354.501,2.7587414,615.2154,0.27536705,6567.5635,3.3695624,0,,,,,48.508504041967626,0.0007285473,778.2718146739326,0.00073587615,0.026998378,0.038148284
1.0010029,0.0005128875,0,0.0033410278,48.50755818877852,778.2714622287178,6134,5364.4717,2.759857,615.0092,0.27544954,6578.5547,3.3706777,0,,,,,48.50755818877852,0.00072805834,778.2714622287178,0.00073556876,0.027119135,0.038771156
0.99972594,0.00051278854,0,0.00334068,48.50908575781344,778.2712040266812,6135,5357.647,2.7590394,615.35266,0.27572528,6570.162,3.3700275,0,,,,,48.50908575781344,0.0007290479,778.2712040266812,0.0007365293,0.027143294,0.038304955
0.99930954,0.00051271403,0,0.0033403316,48.509668713494676,778.2711296595766,6136,5354.4976,2.758755,615.42035,0.2757287,6567.426,3.3695378,0,,,,,48.509668713494676,0.00072912255,778.2711296595766,0.00073641806,0.027023356,0.0381209
0.9994185,0.0005127346,8192,0.003339983,48.50649581899461,778.2717162499192,6137,5355.8516,2.7589173,615.6472,0.27545792,6568.1416,3.3696728,8192,,,,,48.50649581899461,0.00072967465,778.2717162499192,0.0007370142,0.027429191,0.0390301
0.9988014,0.0005127465,0,0.003339634,48.50865316491735,778.2727744065737,6138,5352.8535,2.758762,615.1325,0.27564412,6564.0864,3.3697515,0,,,,,48.50865316491735,0.00072948256,778.2727744065737,0.00073684775,0.027385095,0.039197814
1.0009096,0.0005129222,0,0.003339285,48.50661074224738,778.2722992717437,6139,5363.1978,2.7597601,614.63666,0.2755965,6577.941,3.3709056,0,,,,,48.50661074224738,0.00072891783,778.2722992717437,0.0007362687,0.027208587,0.0389277
1.0014098,0.0005132247,128,0.0033389356,48.508958465451535,778.2714542542153,6140,5366.416,2.7614439,615.6103,0.27545512,6581.228,3.3728938,128,,,,,48.508958465451535,0.0007281577,778.2714542542153,0.0007355114,0.027404517,0.03877929
0.9997508,0.0005128077,0,0.0033385858,48.50799945332285,778.2718074779914,6141,5358.0117,2.7591102,614.5452,0.2754253,6570.3257,3.3701534,0,,,,,48.50799945332285,0.0007291157,778.2718074779914,0.0007366099,0.02760029,0.03902797
0.99921525,0.00051267765,0,0.0033382357,48.509434789588774,778.2711705623586,6142,5354.144,2.7586465,614.8231,0.27547836,6566.806,3.3692987,0,,,,,48.509434789588774,0.00072887045,778.2711705623586,0.00073630543,0.027401777,0.039075628
1.0004826,0.0005129004,0,0.0033378855,48.50780769966802,778.2729563624189,6143,5362.1035,2.7595534,615.34973,0.275455,6575.135,3.3707628,0,,,,,48.50780769966802,0.0007278737,778.2729563624189,0.0007351677,0.02744682,0.03948728
1.000244,0.0005127872,0,0.0033375348,48.511434319807385,778.2733893364565,6144,5360.839,2.7593813,615.2764,0.27543342,6573.5674,3.3700187,0,,,,,48.511434319807385,0.0007284858,778.2733893364565,0.0007357035,0.027596937,0.0390741
0.99941057,0.0005127449,0,0.003337184,48.51126511052789,778.2716649848305,6145,5355.868,2.7590106,615.7948,0.2753123,6568.09,3.3697407,0,,,,,48.51126511052789,0.0007287602,778.2716649848305,0.0007362446,0.028073221,0.039403107
0.9993668,0.0005127626,0,0.0033368326,48.50935939883945,778.2714266847605,6146,5356.76,2.7589362,615.95465,0.275559,6567.8022,3.3698568,0,,,,,48.50935939883945,0.0007291096,778.2714266847605,0.0007363919,0.028122608,0.0395249
0.9998933,0.0005127913,0,0.003336481,48.508976357877714,778.272051216185,6147,5359.5566,2.7593174,615.9364,0.27586275,6571.262,3.3700454,0,,,,,48.508976357877714,0.0007286111,778.272051216185,0.0007359656,0.02807727,0.039397642
1.0001457,0.0005128404,0,0.0033361292,48.50777228718644,778.2717167084575,6148,5360.113,2.7592838,615.0371,0.27537298,6572.9204,3.3703685,0,,,,,48.50777228718644,0.00072895334,778.2717167084575,0.000736395,0.028033048,0.03959724
0.9995372,0.00051277684,0,0.0033357772,48.50846419970028,778.2721561064421,6149,5357.089,2.7590716,615.4637,0.2754501,6568.922,3.3699505,0,,,,,48.50846419970028,0.000728807,778.2721561064421,0.0007362775,0.027864551,0.03960766
1.0000111,0.00051309477,0,0.0033354247,48.50882206771384,778.2730594396972,6150,5359.955,2.760318,623.3109,0.27564394,6572.036,3.37204,0,,,,,48.50882206771384,0.00072952436,778.2730594396972,0.0007366687,0.02779171,0.04013886
1.0004191,0.00051289983,0,0.0033350722,48.508137020328135,778.2726855484925,6151,5361.243,2.759534,614.4875,0.2752839,6574.718,3.3707588,0,,,,,48.508137020328135,0.0007277705,778.2726855484925,0.000735142,0.027665928,0.039845668
1.0002612,0.00051283493,0,0.003334719,48.50969420525378,778.273806633292,6152,5360.877,2.7593532,614.5145,0.27551025,6573.68,3.3703322,0,,,,,48.50969420525378,0.0007284028,778.273806633292,0.0007356218,0.02812749,0.03999462
1.0005945,0.0005128766,0,0.0033343658,48.50781688293765,778.273233584167,6153,5362.4277,2.7595084,615.59576,0.27547213,6575.87,3.3706062,0,,,,,48.50781688293765,0.0007285918,778.273233584167,0.0007358586,0.027590211,0.03990557
0.9996306,0.00051276624,0,0.003334012,48.50947080218181,778.2744023431701,6154,5357.064,2.759232,616.38544,0.2754357,6569.5356,3.369881,0,,,,,48.50947080218181,0.00072861835,778.2744023431701,0.00073581724,0.027817318,0.039455555
0.9997555,0.00051281124,0,0.0033336582,48.509718435169084,778.2725555992888,6155,5358.4277,2.7592726,616.5144,0.27534837,6570.3564,3.3701768,0,,,,,48.509718435169084,0.00072784314,778.2725555992888,0.00073519174,0.02806791,0.039885875
0.9992255,0.00051279104,0,0.003333304,48.50848741526397,778.2738207148636,6156,5356.2876,2.758912,615.2826,0.27563798,6566.8735,3.3700438,0,,,,,48.50848741526397,0.00072924234,778.2738207148636,0.00073637435,0.028242022,0.04042599
0.99983275,0.0005127609,0,0.0033329497,48.50810692738053,778.27145472659,6157,5358.407,2.7591212,615.607,0.27549106,6570.8643,3.3698459,0,,,,,48.50810692738053,0.0007285828,778.27145472659,0.0007358445,0.02787889,0.03933977
1.0013672,0.0005130662,0,0.0033325949,48.51115307926594,778.2727862424173,6158,5367.674,2.7602334,615.78815,0.27541322,6580.9487,3.3718522,0,,,,,48.51115307926594,0.00072756683,778.2727862424173,0.00073466374,0.028277367,0.040250387
0.999378,0.0005128472,0,0.0033322398,48.51107471059563,778.2729498639662,6159,5357.1387,2.7590683,615.6369,0.275389,6567.876,3.370413,0,,,,,48.51107471059563,0.00072917895,778.2729498639662,0.00073642004,0.028273864,0.040518135
1.0007937,0.0005129831,0,0.0033318845,48.511177125830315,778.271257914862,6160,5364.291,2.7599306,616.0195,0.27572596,6577.1797,3.3713062,0,,,,,48.511177125830315,0.00072821614,778.271257914862,0.0007356382,0.028557038,0.040977824
0.9998429,0.0005128655,0,0.0033315287,48.510055669189775,778.2746021988985,6161,5359.159,2.7593577,615.1967,0.27570835,6570.9307,3.3705332,0,,,,,48.510055669189775,0.0007286526,778.2746021988985,0.0007356984,0.028244823,0.040606257
0.9994336,0.0005128245,0,0.003331173,48.509303412888194,778.2731763534892,6162,5357.5215,2.759068,615.54144,0.27557766,6568.2407,3.370264,0,,,,,48.509303412888194,0.0007299746,778.2731763534892,0.00073710206,0.027886827,0.040588062
0.9997154,0.0005128771,0,0.0033308167,48.50843406452472,778.2736978768196,6163,5357.8696,2.7592154,615.9296,0.2754726,6570.093,3.3706095,0,,,,,48.50843406452472,0.0007292371,778.2736978768196,0.00073651655,0.027701348,0.040323112
0.9995139,0.00051277893,0,0.00333046,48.50819272175534,778.272061107835,6164,5356.755,2.759135,615.72107,0.2756259,6568.769,3.3699644,0,,,,,48.50819272175534,0.0007295081,778.272061107835,0.00073682045,0.028003203,0.039925247
1.0003616,0.0005129308,0,0.0033301034,48.511391085094516,778.2728896792322,6165,5362.5977,2.7596843,616.32153,0.27559847,6574.34,3.3709624,0,,,,,48.511391085094516,0.0007285189,778.2728896792322,0.0007357978,0.028400533,0.040620398
0.9998701,0.0005128399,0,0.0033297462,48.50868946104521,778.2730601502556,6166,5359.543,2.7594113,615.93396,0.2756566,6571.11,3.370365,0,,,,,48.50868946104521,0.0007288759,778.2730601502556,0.00073613174,0.02802771,0.040461168
0.9997355,0.00051293697,0,0.0033293888,48.510540795733974,778.2729304750629,6167,5359.14,2.7595437,616.70294,0.27547443,6570.225,3.371003,0,,,,,48.510540795733974,0.000728699,778.2729304750629,0.0007360279,0.028676668,0.04109454
0.9999976,0.0005128975,0,0.003329031,48.509448738499984,778.2738952588222,6168,5360.9443,2.759659,615.7556,0.275648,6571.9478,3.3707438,0,,,,,48.509448738499984,0.00072886434,778.2738952588222,0.0007359956,0.029086769,0.04202348
0.9994047,0.0005127565,0,0.003328673,48.509398852743395,778.2738951250601,6169,5357.2837,2.7590518,615.931,0.2756272,6568.0513,3.3698173,0,,,,,48.509398852743395,0.0007288712,778.2738951250601,0.00073603104,0.028767927,0.041055266
0.9999045,0.00051276933,0,0.0033283147,48.50947419566185,778.2743605887731,6170,5359.699,2.7593393,616.19885,0.27564037,6571.336,3.3699014,0,,,,,48.50947419566185,0.00072859635,778.2743605887731,0.00073564873,0.02867859,0.04078647
0.9996143,0.0005128629,0,0.0033279562,48.50884645564376,778.2732059921672,6171,5358.429,2.7593586,616.6173,0.27541426,6569.4287,3.3705165,0,,,,,48.50884645564376,0.0007295128,778.2732059921672,0.00073667575,0.028686939,0.041277777
0.9997129,0.0005128925,0,0.0033275972,48.50887890231713,778.2750167534496,6172,5359.346,2.7594724,616.0788,0.27580696,6570.0767,3.3707108,0,,,,,48.50887890231713,0.00072925334,778.2750167534496,0.0007363231,0.029216005,0.041748744
1.0000294,0.00051279034,0,0.003327238,48.51106478947857,778.2748322543748,6173,5360.428,2.7594657,615.6806,0.2756551,6572.157,3.3700392,0,,,,,48.51106478947857,0.0007284367,778.2748322543748,0.00073564483,0.028867317,0.04117068
1.0011493,0.00051334593,128,0.0033268784,48.51079001699708,778.2749812042221,6174,5366.912,2.7621505,616.1147,0.2756591,6579.5166,3.3736906,128,,,,,48.51079001699708,0.00072736957,778.2749812042221,0.0007343872,0.029404216,0.041613568
1.000577,0.00051294896,0,0.0033265187,48.51073544904124,778.275916692747,6175,5364.566,2.7599714,615.78284,0.2757342,6575.755,3.3710816,0,,,,,48.51073544904124,0.00072807696,778.275916692747,0.00073500676,0.02952386,0.042024408
0.99898493,0.00051277276,0,0.0033261587,48.50924649467467,778.2747100427223,6176,5355.732,2.7590609,616.3412,0.27569067,6565.2925,3.3699238,0,,,,,48.50924649467467,0.00072920375,778.2747100427223,0.00073629804,0.029632173,0.042077083
1.0000569,0.0005129137,0,0.0033257983,48.50948097177089,778.2757773945484,6177,5362.0728,2.7596536,615.87756,0.27568918,6572.337,3.3708498,0,,,,,48.50948097177089,0.00072812923,778.2757773945484,0.00073521154,0.029864544,0.042198237
0.99976856,0.00051289087,0,0.0033254377,48.51104665643061,778.2747786935926,6178,5361.0317,2.7597144,616.2893,0.27581492,6570.4424,3.3707,0,,,,,48.51104665643061,0.00072862965,778.2747786935926,0.00073578657,0.029533247,0.041885775
1.0005035,0.0005129665,0,0.0033250768,48.51002839718265,778.273218909193,6179,5363.8545,2.759852,615.80927,0.27549908,6575.2725,3.371197,0,,,,,48.51002839718265,0.00072811637,778.273218909193,0.0007352779,0.029417304,0.041907407
0.99926007,0.0005128833,0,0.0033247154,48.51091515862755,778.2752896547427,6180,5358.014,2.759331,615.5331,0.27604663,6567.1006,3.3706503,0,,,,,48.51091515862755,0.00072913314,778.2752896547427,0.0007362801,0.029751675,0.042393588
0.9996337,0.00051286846,0,0.0033243538,48.5107056424971,778.2758230268917,6181,5360.0327,2.7594075,616.5163,0.27548137,6569.556,3.3705525,0,,,,,48.5107056424971,0.00072966405,778.2758230268917,0.0007366439,0.02988234,0.04253737
1.0000043,0.00051284715,0,0.003323992,48.50962493731972,778.2741579347464,6182,5360.7305,2.759551,616.0968,0.27550912,6571.991,3.3704126,0,,,,,48.50962493731972,0.00072859507,778.2741579347464,0.00073583267,0.029474415,0.04160953
0.9989375,0.00051275885,0,0.00332363,48.51078110606835,778.2739467793127,6183,5356.1265,2.759044,616.56635,0.2756403,6564.9805,3.3698325,0,,,,,48.51078110606835,0.000729343,778.2739467793127,0.00073645357,0.029282697,0.041911405
0.99968505,0.0005129021,0,0.0033232674,48.511527061411606,778.2744184352398,6184,5360.0635,2.7595205,616.85223,0.27532926,6569.8936,3.3707738,0,,,,,48.511527061411606,0.0007288172,778.2744184352398,0.0007359195,0.029500615,0.04228888
1.0004524,0.0005129285,8192,0.0033229047,48.509786719231855,778.2750500928246,6185,5364.254,2.7599413,616.84515,0.27578846,6574.9365,3.3709476,8192,,,,,48.509786719231855,0.0007276497,778.2750500928246,0.0007348327,0.029653324,0.042012464
1.000636,0.0005130279,0,0.0033225417,48.509122253584465,778.2744564486529,6186,5366.0654,2.7600892,615.4918,0.27581367,6576.143,3.3716004,0,,,,,48.509122253584465,0.0007278538,778.2744564486529,0.0007349483,0.029760987,0.04278215
0.9994976,0.0005129125,0,0.0033221785,48.51031758827422,778.2747611290926,6187,5360.39,2.7594135,616.3267,0.27557495,6568.6616,3.3708422,0,,,,,48.51031758827422,0.0007292255,778.2747611290926,0.0007362946,0.030063372,0.04285926
0.9999108,0.00051293045,0,0.0033218148,48.51210085999554,778.2754713069553,6188,5361.998,2.7597506,616.74786,0.27562037,6571.377,3.3709602,0,,,,,48.51210085999554,0.0007290256,778.2754713069553,0.00073589844,0.030257849,0.043255456
0.99961567,0.00051286805,0,0.003321451,48.51199866602279,778.2762735064498,6189,5361.164,2.7596827,617.5962,0.27569368,6569.4375,3.3705502,0,,,,,48.51199866602279,0.0007297708,778.2762735064498,0.00073672057,0.030752394,0.0434526
0.9996902,0.0005128556,0,0.0033210868,48.51148225149835,778.2761217485877,6190,5361.4136,2.759782,617.60974,0.27553588,6569.9272,3.3704681,0,,,,,48.51148225149835,0.000729099,778.2761217485877,0.00073603936,0.03085204,0.042861592
0.9997344,0.0005128283,8192,0.0033207221,48.512095612075356,778.275084372472,6191,5361.2485,2.7597482,616.49475,0.27560982,6570.218,3.3702886,8192,,,,,48.512095612075356,0.00072910637,778.275084372472,0.0007362409,0.030526057,0.042690825
0.9999769,0.00051287084,0,0.0033203575,48.510197082715806,778.2769274846962,6192,5362.857,2.7597995,616.1039,0.2755313,6571.8115,3.3705683,0,,,,,48.510197082715806,0.00072800537,778.2769274846962,0.0007347856,0.030717943,0.042969
0.999931,0.00051289983,0,0.0033199925,48.511215090624184,778.2755226773495,6193,5363.0547,2.7598073,616.7166,0.27573192,6571.51,3.3707588,0,,,,,48.511215090624184,0.00072854874,778.2755226773495,0.00073551934,0.030644612,0.043100268
0.9999571,0.00051292323,0,0.003319627,48.51156800960049,778.2742664208331,6194,5361.8774,2.7598057,616.6712,0.27546972,6571.681,3.3709126,0,,,,,48.51156800960049,0.00072867185,778.2742664208331,0.00073574064,0.030510386,0.042990427
0.9998753,0.0005128807,0,0.0033192614,48.512780445823026,778.2751083450117,6195,5361.7427,2.7596505,616.74457,0.275657,6571.144,3.3706331,0,,,,,48.512780445823026,0.00072916667,778.2751083450117,0.00073604094,0.030283954,0.042589124
1.000019,0.00051290146,0,0.0033188954,48.51093813865163,778.2761787208784,6196,5362.7954,2.7598429,616.67267,0.27560645,6572.088,3.3707695,0,,,,,48.51093813865163,0.0007286577,778.2761787208784,0.00073552603,0.030418824,0.043138772
1.0000471,0.000512955,128,0.003318529,48.51075891070506,778.2754453017205,6197,5362.4175,2.7605197,616.38776,0.27582538,6572.273,3.3711216,128,,,,,48.51075891070506,0.00072871416,778.2754453017205,0.0007356116,0.03089896,0.04239974
0.99977654,0.0005128556,0,0.0033181626,48.5105884895695,778.2744573680316,6198,5361.2856,2.759755,616.7568,0.27575243,6570.4946,3.3704681,0,,,,,48.5105884895695,0.0007291251,778.2744573680316,0.0007361605,0.030312447,0.042472914
0.9994342,0.0005129522,128,0.0033177957,48.51285124164592,778.273858482376,6199,5360.281,2.7601945,616.70087,0.27573058,6568.2446,3.371103,128,,,,,48.51285124164592,0.0007284116,778.273858482376,0.000735502,0.03102045,0.042803735
0.99865365,0.0005126759,0,0.0033174285,48.51278748503793,778.2746492423408,6200,5355.786,2.758996,616.87476,0.27562696,6563.115,3.3692873,0,,,,,48.51278748503793,0.00072974927,778.2746492423408,0.00073671597,0.031300854,0.04275552
0.9990626,0.0005127824,0,0.003317061,48.51213851755035,778.2757787353804,6201,5358.443,2.7594783,616.86554,0.2757366,6565.8027,3.3699875,0,,,,,48.51213851755035,0.0007294906,778.2757787353804,0.00073638966,0.03141524,0.043001957
0.99927306,0.00051277527,0,0.0033166935,48.51138856074329,778.2756453380971,6202,5359.6426,2.7594953,616.6905,0.2757878,6567.186,3.3699403,0,,,,,48.51138856074329,0.00072875095,778.2756453380971,0.00073574216,0.03127914,0.043247934
0.99969167,0.0005129288,0,0.0033163254,48.51248965354816,778.2775084430004,6203,5361.765,2.7597494,616.8514,0.27569994,6569.937,3.3709493,0,,,,,48.51248965354816,0.0007290804,778.2775084430004,0.0007359945,0.031508002,0.044009592
0.99946386,0.000512881,0,0.003315957,48.51211801301202,778.2762909730563,6204,5360.4727,2.7596745,617.39264,0.27550006,6568.44,3.370635,0,,,,,48.51211801301202,0.0007297026,778.2762909730563,0.0007365598,0.031714547,0.044293825
0.9992499,0.0005129462,0,0.0033155885,48.51180472135695,778.277001730154,6205,5359.842,2.759732,617.4168,0.2755018,6567.0337,3.371064,0,,,,,48.51180472135695,0.0007295477,778.277001730154,0.0007363261,0.031770013,0.044466466
0.99974144,0.0005129735,0,0.0033152197,48.51177347138903,778.2776116681423,6206,5362.329,2.7599382,616.7773,0.27581924,6570.264,3.3712432,0,,,,,48.51177347138903,0.00072929927,778.2776116681423,0.00073607906,0.03164788,0.044465173
0.9997277,0.0005129104,0,0.003314481,48.51176530772242,778.2769510691103,6208,5362.264,2.7597833,617.29724,0.27540135,6570.174,3.3708284,0,,,,,48.51176530772242,0.0007283621,778.2769510691103,0.00073516904,0.032139666,0.04468487
0.99925756,0.0005129581,0,0.0033141111,48.51335787233263,778.2770038568304,6209,5359.813,2.7596734,616.82355,0.2757345,6567.084,3.3711417,0,,,,,48.51335787233263,0.00072992104,778.2770038568304,0.00073666696,0.031950876,0.044886164
0.9993544,0.00051288656,0,0.0033137412,48.514242419563224,778.275641160104,6210,5359.8853,2.7596903,617.5248,0.275715,6567.7207,3.3706715,0,,,,,48.514242419563224,0.00072975963,778.275641160104,0.00073664606,0.032047234,0.044487312
0.999319,0.00051295897,0,0.0033133707,48.511633378979404,778.2772296749822,6211,5360.338,2.7597506,617.9303,0.27575758,6567.488,3.3711474,0,,,,,48.511633378979404,0.0007294873,778.2772296749822,0.0007362746,0.031383667,0.044641096
1.0009056,0.0005130468,0,0.003313,48.51367987653196,778.2769597183105,6212,5368.1826,2.76059,616.91516,0.2755216,6577.915,3.3717248,0,,,,,48.51367987653196,0.0007282182,778.2769597183105,0.0007349534,0.03175576,0.04492276
0.9989604,0.0005127981,0,0.0033126292,48.511741551720874,778.2771684849234,6213,5357.096,2.7592957,617.2169,0.2755271,6565.131,3.3700902,0,,,,,48.511741551720874,0.00072931516,778.2771684849234,0.00073610235,0.031670988,0.0442278
0.99983877,0.0005129921,0,0.0033122578,48.51210935517018,778.2776548586116,6214,5363.184,2.7601874,617.6754,0.27559373,6570.904,3.371365,0,,,,,48.51210935517018,0.00072993897,778.2776548586116,0.00073660753,0.031862278,0.044924323
1.0000995,0.00051289547,0,0.0033118865,48.512833002184024,778.277797078511,6215,5364.2627,2.7600536,617.60144,0.27557006,6572.617,3.3707304,0,,,,,48.512833002184024,0.00072895136,778.277797078511,0.0007356743,0.031881586,0.04477759
0.9996761,0.00051288283,0,0.0033115146,48.51376019555183,778.2786612850939,6216,5361.48,2.7597864,617.4001,0.2757543,6569.835,3.3706472,0,,,,,48.51376019555183,0.0007289294,778.2786612850939,0.00073540385,0.032417163,0.04529311
1.0014818,0.0005132546,128,0.0033111423,48.5135138193881,778.2792611794039,6217,5372.6484,2.7617097,617.24506,0.27568296,6581.7017,3.3730905,128,,,,,48.5135138193881,0.0007281927,778.2792611794039,0.00073467323,0.032587513,0.04585183
0.9993713,0.00051296334,0,0.00331077,48.51326056038371,778.278002586305,6218,5361.1865,2.7598507,617.49744,0.27572927,6567.8315,3.3711762,0,,,,,48.51326056038371,0.00072996377,778.278002586305,0.00073667883,0.032483455,0.045812394
0.99910444,0.0005129243,0,0.0033103973,48.512228032400614,778.2782643771608,6219,5359.244,2.7597058,618.12195,0.2756743,6566.0776,3.3709197,0,,,,,48.512228032400614,0.0007292082,778.2782643771608,0.0007358641,0.032346476,0.045984432
1.0001628,0.00051300984,0,0.0033100243,48.51438147318529,778.2783992980048,6220,5365.259,2.7602663,617.3756,0.27559835,6573.033,3.371482,0,,,,,48.51438147318529,0.0007285771,778.2783992980048,0.0007353029,0.032323774,0.045706812
0.99945426,0.0005129868,8192,0.003309651,48.51290973632373,778.2774051851019,6221,5362.2324,2.7599807,617.5152,0.27547774,6568.377,3.3713305,8192,,,,,48.51290973632373,0.00072892423,778.2774051851019,0.00073566474,0.03268967,0.046155736
1.00001,0.00051296345,0,0.0033092774,48.51213804548354,778.2771594092708,6222,5364.7437,2.760227,617.8455,0.27544457,6572.0293,3.371177,0,,,,,48.51213804548354,0.00072817394,778.2771594092708,0.00073483965,0.03253168,0.04545222
1.000064,0.00051298173,0,0.0033089034,48.51472271713634,778.2797867942008,6223,5365.64,2.760262,617.2877,0.2755719,6572.384,3.3712971,0,,,,,48.51472271713634,0.0007288126,778.2797867942008,0.0007353296,0.03305432,0.04657593
0.99940354,0.00051309715,0,0.0033085293,48.513526420577755,778.2778831706582,6224,5362.8574,2.7601144,617.2654,0.27603677,6568.0435,3.3720555,0,,,,,48.513526420577755,0.00072908297,778.2778831706582,0.00073574844,0.033413257,0.047047246
0.9988387,0.00051282876,0,0.0033081549,48.51423181134858,778.2774224815864,6225,5358.7036,2.7595592,617.3082,0.27561998,6564.3315,3.370292,0,,,,,48.51423181134858,0.00073000754,778.2774224815864,0.00073675497,0.033329166,0.046355143
0.9999466,0.000513018,0,0.00330778,48.51502631864972,778.2776159640948,6226,5365.0903,2.7601905,616.48676,0.27610046,6571.6123,3.3715353,0,,,,,48.51502631864972,0.0007290894,778.2776159640948,0.0007358142,0.033524364,0.04706922
1.0005375,0.00051308173,0,0.0033074052,48.5131461772539,778.2806220463754,6227,5368.5903,2.760578,616.8869,0.2757965,6575.4956,3.3719542,0,,,,,48.5131461772539,0.0007281607,778.2806220463754,0.0007346177,0.03355855,0.046865106
0.9996644,0.0005129848,0,0.0033070296,48.51362833398879,778.2777722384856,6228,5363.4355,2.760033,617.6224,0.27580494,6569.758,3.3713174,0,,,,,48.51362833398879,0.0007284449,778.2777722384856,0.0007350646,0.033488464,0.046672586
0.99987966,0.0005129599,0,0.003306654,48.512646362035845,778.2778607630888,6229,5364.1543,2.7601826,617.6862,0.27553993,6571.1724,3.3711538,0,,,,,48.512646362035845,0.0007282256,778.2778607630888,0.0007347975,0.033420194,0.04593702
0.9978098,0.00051280035,0,0.003306278,48.51145623455426,778.2803142217374,6230,5353.652,2.7591612,616.8203,0.27581587,6557.57,3.370105,0,,,,,48.51145623455426,0.0007296404,778.2803142217374,0.0007360693,0.033517007,0.04671888
1.0002048,0.00051324983,128,0.003305902,48.514991872724906,778.2771750761012,6231,5366.225,2.7615225,617.31775,0.27558485,6573.309,3.3730593,128,,,,,48.514991872724906,0.00072856015,778.2771750761012,0.00073527993,0.033412125,0.046498504
1.000152,0.0005130649,0,0.0033055255,48.514489141335076,778.2797765105819,6232,5366.5454,2.7603736,617.7056,0.27587923,6572.9624,3.3718438,0,,,,,48.514489141335076,0.00072894024,778.2797765105819,0.00073535624,0.034004312,0.047250804
0.99952203,0.00051303935,0,0.0033051486,48.51432361070518,778.2804188926116,6233,5363.5293,2.7600973,616.72974,0.27583238,6568.8223,3.371676,0,,,,,48.51432361070518,0.0007286625,778.2804188926116,0.00073527155,0.033859245,0.047236256
1.000131,0.00051298446,0,0.0033047714,48.516335251655704,778.2809029993427,6234,5366.735,2.7604544,617.6781,0.27591863,6572.824,3.371315,0,,,,,48.516335251655704,0.0007284831,778.2809029993427,0.0007348104,0.03381744,0.047240745
0.99954826,0.0005129946,0,0.0033043942,48.515414618501566,778.2788026975702,6235,5363.1636,2.7599921,618.0527,0.27564296,6568.9946,3.3713818,0,,,,,48.515414618501566,0.00072958134,778.2788026975702,0.0007359959,0.034044903,0.04728987
0.9989791,0.00051295414,0,0.0033040163,48.5146137920971,778.2801852891212,6236,5360.374,2.759626,617.5748,0.2754265,6565.254,3.3711157,0,,,,,48.5146137920971,0.0007293762,778.2801852891212,0.00073586515,0.033770602,0.047020823
0.9998721,0.00051306916,0,0.0033036384,48.51549713016216,778.2780730086894,6237,5365.281,2.7603014,617.8912,0.2757287,6571.1226,3.3718717,0,,,,,48.51549713016216,0.00072892226,778.2780730086894,0.0007355998,0.03395082,0.047118854
0.99964476,0.00051293883,0,0.00330326,48.51417886103377,778.2795636080466,6238,5363.3926,2.7599473,616.8488,0.27567485,6569.629,3.371015,0,,,,,48.51417886103377,0.00072886364,778.2795636080466,0.0007353882,0.034331627,0.047097035
1.000247,0.0005130303,0,0.0033028815,48.513836275373386,778.2807381697061,6239,5367.5747,2.7605026,617.2222,0.2756175,6573.587,3.3716161,0,,,,,48.513836275373386,0.00072861736,778.2807381697061,0.0007349798,0.03438871,0.047133453
0.9999324,0.00051294954,0,0.0033025027,48.51569025569958,778.2793156297795,6240,5365.7544,2.7602174,617.85754,0.27545494,6571.519,3.3710856,0,,,,,48.51569025569958,0.000728433,778.2793156297795,0.0007348861,0.034360096,0.04667165
0.99974775,0.0005129194,0,0.0033021236,48.515189222543626,778.2809127649517,6241,5364.2603,2.7600372,617.30865,0.27539322,6570.3057,3.3708875,0,,,,,48.515189222543626,0.0007285767,778.2809127649517,0.0007350011,0.034782995,0.047338918
1.0011508,0.0005131353,0,0.0033017441,48.51584857866427,778.280732770062,6242,5372.324,2.761004,616.7443,0.27556774,6579.5264,3.372306,0,,,,,48.51584857866427,0.00072774256,778.280732770062,0.0007341069,0.035009306,0.04797904
0.99871784,0.0005128432,0,0.0033013644,48.51566772849995,778.2807754251417,6243,5359.456,2.759628,617.39215,0.27588066,6563.537,3.3703866,0,,,,,48.51566772849995,0.0007293315,778.2807754251417,0.00073572906,0.034954045,0.047169507
0.9989503,0.00051286136,0,0.0033009844,48.51495979000349,778.2799402232441,6244,5360.1206,2.7597587,617.6456,0.27572393,6565.065,3.370506,0,,,,,48.51495979000349,0.00072954973,778.2799402232441,0.0007360194,0.034908243,0.046815842
1.0000054,0.00051291473,0,0.0033006042,48.514334068721475,778.2782093512349,6245,5365.7886,2.760258,617.1198,0.275632,6571.9985,3.3708568,0,,,,,48.514334068721475,0.00072765356,778.2782093512349,0.000734245,0.034658942,0.04654431
0.9994249,0.0005127831,0,0.0033002235,48.51526192949263,778.279309154427,6246,5362.864,2.7599194,616.7954,0.27574238,6568.1836,3.3699918,0,,,,,48.51526192949263,0.00072870974,778.279309154427,0.0007352624,0.034439374,0.046451066
0.9997258,0.0005129833,0,0.0032998426,48.514599902117254,778.2799912156008,6247,5364.261,2.7602534,617.78467,0.27531257,6570.1616,3.3713074,0,,,,,48.514599902117254,0.0007289241,778.2799912156008,0.0007354839,0.0343686,0.04689072
0.9993839,0.00051287597,0,0.0032994614,48.51369510469848,778.2811835148852,6248,5362.6675,2.759929,617.5485,0.2755818,6567.9146,3.370602,0,,,,,48.51369510469848,0.00072801916,778.2811835148852,0.0007342577,0.03469787,0.047162525
0.9992551,0.0005129104,0,0.0032990798,48.514047115655906,778.2806552498639,6249,5362.236,2.7599137,618.004,0.27577195,6567.068,3.3708284,0,,,,,48.514047115655906,0.0007282829,778.2806552498639,0.0007346287,0.034990113,0.047806963
1.0002084,0.0005130232,0,0.003298698,48.51504508311779,778.2789084577043,6250,5366.6157,2.7604127,617.7886,0.27544513,6573.333,3.3715696,0,,,,,48.51504508311779,0.0007288672,778.2789084577043,0.00073533994,0.034551267,0.04762327
1.000165,0.00051307585,0,0.003298316,48.51462330521859,778.2803185909501,6251,5367.1304,2.7605097,616.56134,0.27614027,6573.0474,3.3719156,0,,,,,48.51462330521859,0.00072895567,778.2803185909501,0.00073534035,0.03447549,0.047487643
0.99996316,0.00051306584,0,0.0032979336,48.51417139850694,778.2797855627848,6252,5366.2905,2.7605062,618.51056,0.2754146,6571.721,3.3718498,0,,,,,48.51417139850694,0.0007291292,778.2797855627848,0.00073556864,0.03484097,0.048019968
1.0010322,0.00051312515,0,0.003297551,48.51348362129965,778.2787916094215,6253,5371.2056,2.7609775,617.7571,0.27577993,6578.7476,3.3722396,0,,,,,48.51348362129965,0.00072801736,778.2787916094215,0.0007347041,0.03445161,0.047531884
0.9990527,0.0005129855,0,0.003297168,48.514673219815144,778.2793521289686,6254,5361.457,2.7599053,617.7785,0.27565446,6565.738,3.371322,0,,,,,48.514673219815144,0.0007293161,778.2793521289686,0.0007357145,0.03483431,0.048234366
0.9997031,0.0005130338,0,0.0032967848,48.51610596837542,778.281026756002,6255,5365.3047,2.7603722,617.64954,0.27563378,6570.012,3.3716395,0,,,,,48.51610596837542,0.0007281825,778.281026756002,0.0007346126,0.034596786,0.047937088
1.0006216,0.0005131165,0,0.0032964014,48.517029202030045,778.2814262846719,6256,5369.6816,2.7609556,617.51605,0.27548355,6576.048,3.3721826,0,,,,,48.517029202030045,0.00072799367,778.2814262846719,0.00073414395,0.03499123,0.04811805
1.0001168,0.0005131079,0,0.0032960174,48.51601945168327,778.2790700223552,6257,5367.607,2.7606056,618.739,0.27577946,6572.731,3.3721263,0,,,,,48.51601945168327,0.00072910445,778.2790700223552,0.0007355304,0.034918506,0.048210226
0.99858993,0.000512918,0,0.0032956332,48.51642394421403,778.2800331190247,6258,5359.768,2.7597494,618.31433,0.27561268,6562.6963,3.3708782,0,,,,,48.51642394421403,0.0007297123,778.2800331190247,0.0007361627,0.03507117,0.04815329
0.99992627,0.0005130065,0,0.0032952488,48.51572716923506,778.2783489831597,6259,5365.837,2.760386,618.0866,0.27548465,6571.479,3.3714602,0,,,,,48.51572716923506,0.0007286221,778.2783489831597,0.0007352998,0.03507581,0.047094744
0.99990326,0.0005129884,0,0.0032948642,48.5152730917681,778.2800223872564,6260,5365.6865,2.760431,617.9489,0.2755321,6571.3276,3.3713412,0,,,,,48.5152730917681,0.0007289666,778.2800223872564,0.0007353407,0.03494227,0.047408648
0.9991838,0.000512984,0,0.0032944793,48.51578209549646,778.2804607417416,6261,5362.418,2.7601907,618.3103,0.27570623,6566.599,3.371312,0,,,,,48.51578209549646,0.00073094026,778.2804607417416,0.0007373356,0.034519035,0.047691
0.99955374,0.0005128927,0,0.003294094,48.515075595420456,778.2805119837843,6262,5363.747,2.760157,617.467,0.27555403,6569.031,3.3707118,0,,,,,48.515075595420456,0.00072931073,778.2805119837843,0.0007356654,0.03521479,0.04759455
0.9986675,0.0005127284,0,0.0032937084,48.516749218108075,778.2793756258955,6263,5358.9795,2.7596307,618.2218,0.27545744,6563.206,3.3696322,0,,,,,48.516749218108075,0.0007297558,778.2793756258955,0.00073627784,0.035780244,0.047749948
0.9999742,0.00051300717,0,0.0032933226,48.51662931398752,778.2818086387724,6264,5366.948,2.7605019,618.38544,0.27565852,6571.794,3.3714645,0,,,,,48.51662931398752,0.000729554,778.2818086387724,0.0007358332,0.035809707,0.048648696
0.9990208,0.00051289523,0,0.0032929364,48.516652708403896,778.2796355774915,6265,5361.49,2.7599115,618.07733,0.27541098,6565.5283,3.3707287,0,,,,,48.516652708403896,0.00072898634,778.2796355774915,0.00073550077,0.035213824,0.04825095
0.9990934,0.00051307806,0,0.0032925499,48.51619567720166,778.2794705548228,6266,5362.101,2.7605073,621.67615,0.27574724,6566.0054,3.3719304,0,,,,,48.51619567720166,0.00072996825,778.2794705548228,0.0007363861,0.035429772,0.048543517
0.99828935,0.00051287614,0,0.0032921631,48.51614272077071,778.2816839774471,6267,5357.887,2.7596328,618.36743,0.27578366,6560.721,3.370603,0,,,,,48.51614272077071,0.00073000754,778.2816839774471,0.0007361375,0.035535373,0.048770756
0.999214,0.00051302975,0,0.0032917762,48.51572789387956,778.2806089796622,6268,5362.935,2.759979,618.4168,0.2757521,6566.798,3.3716125,0,,,,,48.51572789387956,0.0007289144,778.2806089796622,0.00073520315,0.035567492,0.04919293
0.99901587,0.00051297375,0,0.0032913887,48.51542107077138,778.2826160312148,6269,5360.9727,2.7598686,617.9557,0.2757262,6565.4956,3.371245,0,,,,,48.51542107077138,0.0007293844,778.2826160312148,0.0007355076,0.03538597,0.049231827
1.000197,0.0005131048,0,0.0032910013,48.51612930990461,778.2803618352841,6270,5368.003,2.7606196,618.6287,0.2755437,6573.2583,3.3721058,0,,,,,48.51612930990461,0.00072878704,778.2803618352841,0.0007352285,0.03562426,0.049099725
1.0006438,0.000513122,0,0.0032906134,48.51522517068039,778.2814107569051,6271,5370.0117,2.7607746,618.3279,0.27552086,6576.195,3.372219,0,,,,,48.51522517068039,0.0007283811,778.2814107569051,0.00073468545,0.035525598,0.048599955
0.9988392,0.0005129535,0,0.003290225,48.51611073385034,778.2804469007617,6272,5359.7305,2.7599,618.4036,0.27538297,6564.3345,3.3711116,0,,,,,48.51611073385034,0.0007298409,778.2804469007617,0.0007361722,0.035578173,0.04857879
0.9986097,0.0005128326,0,0.0032898367,48.51493572642266,778.2814906447417,6273,5359.594,2.7596962,618.61334,0.2758926,6562.8267,3.3703172,0,,,,,48.51493572642266,0.00072966237,778.2814906447417,0.00073593605,0.035653338,0.048704308
1.00018,0.00051312713,0,0.0032894479,48.517080264201425,778.2813781238799,6274,5368.108,2.760826,619.27344,0.27566713,6573.146,3.3722527,0,,,,,48.517080264201425,0.00072753313,778.2813781238799,0.00073385716,0.036058687,0.049081136
0.9995986,0.0005129716,0,0.0032890588,48.51626085662896,778.2813423234795,6275,5364.43,2.760331,619.2407,0.27544153,6569.3257,3.3712306,0,,,,,48.51626085662896,0.00072908925,778.2813423234795,0.0007352698,0.035920024,0.04924942
0.99889743,0.00051296945,0,0.0032886695,48.51466580397404,778.2813583886115,6276,5361.469,2.7600455,618.6167,0.2756053,6564.7173,3.3712163,0,,,,,48.51466580397404,0.00073006406,778.2813583886115,0.0007364045,0.03586288,0.049270224
0.9999574,0.0005129454,0,0.0032882798,48.516294548447476,778.2807265415977,6277,5366.9863,2.7605124,617.8463,0.27581906,6571.683,3.3710585,0,,,,,48.516294548447476,0.00072821684,778.2807265415977,0.0007344957,0.035933524,0.04880666
0.998902,0.000512899,0,0.0032878898,48.5158285349479,778.2800211998563,6278,5360.5645,2.7600286,618.56775,0.27577835,6564.7476,3.3707535,0,,,,,48.5158285349479,0.00072946405,778.2800211998563,0.0007359158,0.035829917,0.048596486
0.9986188,0.0005129084,0,0.0032874995,48.51743194492913,778.2810840206525,6279,5360.056,2.759865,619.04004,0.27572274,6562.886,3.3708153,0,,,,,48.51743194492913,0.00072984153,778.2810840206525,0.0007361037,0.03611039,0.049200997
0.9994439,0.0005129871,0,0.003287109,48.517692999640886,778.2810483734536,6280,5364.5137,2.7602766,618.50836,0.2753808,6568.3086,3.3713322,0,,,,,48.517692999640886,0.0007289686,778.2810483734536,0.00073514774,0.035804108,0.04924097
0.9994945,0.0005129718,0,0.0032867182,48.515722693536446,778.2792881375992,6281,5364.2163,2.760297,618.68805,0.27562737,6568.641,3.3712318,0,,,,,48.515722693536446,0.00072958734,778.2792881375992,0.0007360187,0.03600358,0.048577596
1.0005511,0.0005130714,0,0.0032863272,48.515083150943624,778.2809402374007,6282,5370.7017,2.7609506,618.806,0.27565292,6575.5854,3.3718867,0,,,,,48.515083150943624,0.00072716916,778.2809402374007,0.0007334811,0.036343306,0.04868098
0.99919134,0.0005129767,0,0.0032859358,48.51619509935402,778.281760152899,6283,5363.755,2.7603424,619.25256,0.27573398,6566.649,3.3712642,0,,,,,48.51619509935402,0.00072939845,778.281760152899,0.0007357114,0.03634855,0.048660405
0.99964094,0.00051298237,0,0.003285544,48.517334610942356,778.2797125084014,6284,5365.7847,2.760441,618.3711,0.2757604,6569.6035,3.3713012,0,,,,,48.517334610942356,0.00072901836,778.2797125084014,0.0007354359,0.036060784,0.04859431
0.9999261,0.0005130067,0,0.0032851521,48.51603043226728,778.281101452038,6285,5367.621,2.7606907,618.899,0.2756306,6571.4775,3.3714614,0,,,,,48.51603043226728,0.0007284102,778.281101452038,0.00073469226,0.03619527,0.04841654
0.9992754,0.0005128757,0,0.0032847598,48.51723538399599,778.2807389856395,6286,5364.199,2.7602854,618.88556,0.27557576,6567.201,3.3706002,0,,,,,48.51723538399599,0.0007287145,778.2807389856395,0.0007350369,0.036140133,0.048071574
0.99936974,0.0005129746,0,0.0032843673,48.51598020563722,778.2808713768734,6287,5363.9204,2.7604954,618.89557,0.27555293,6567.8213,3.3712504,0,,,,,48.51598020563722,0.0007300964,778.2808713768734,0.0007363976,0.036278773,0.048667047
0.9999169,0.00051304774,0,0.0032839745,48.5185837397068,778.2800597790128,6288,5367.5015,2.7607884,619.2193,0.2757798,6571.4175,3.3717308,0,,,,,48.5185837397068,0.00072932296,778.2800597790128,0.00073564565,0.036441796,0.049213793
0.99909645,0.0005128744,0,0.0032835812,48.51662703790752,778.2802695440719,6289,5362.999,2.760236,619.01184,0.27574626,6566.0254,3.3705916,0,,,,,48.51662703790752,0.00072853785,778.2802695440719,0.0007350515,0.0361999,0.048688248
0.9988441,0.0005129006,0,0.0032831877,48.518490947594685,778.2811954406167,6290,5361.171,2.7600143,618.7881,0.27557877,6564.3667,3.370764,0,,,,,48.518490947594685,0.00072930387,778.2811954406167,0.00073561526,0.036487214,0.049564134
0.99971616,0.00051299395,0,0.003282794,48.51673860066288,778.2812779553207,6291,5366.6743,2.7606218,618.9202,0.27554044,6570.098,3.3713775,0,,,,,48.51673860066288,0.00072924467,778.2812779553207,0.0007354572,0.036983468,0.049493197
0.99945426,0.00051302277,0,0.0032824,48.51681884206291,778.2809522057969,6292,5365.1816,2.7604754,620.3075,0.27539164,6568.377,3.3715668,0,,,,,48.51681884206291,0.00072874915,778.2809522057969,0.0007351162,0.036394678,0.049068715
0.99969196,0.0005129899,0,0.0032820057,48.516280388359846,778.2821531588902,6293,5366.2876,2.7606,620.58923,0.27560017,6569.939,3.3713505,0,,,,,48.516280388359846,0.00072887907,778.2821531588902,0.000734999,0.036455307,0.049322527
0.99998647,0.0005131508,0,0.0032816113,48.51702743827461,778.2839168520949,6294,5368.3096,2.7608864,618.8039,0.27562723,6571.8745,3.3724084,0,,,,,48.51702743827461,0.0007280563,778.2839168520949,0.0007340059,0.036497626,0.04995876
0.9999609,0.00051316235,0,0.0032812164,48.51723894815971,778.2826846496082,6295,5368.5474,2.7608278,619.57605,0.27559304,6571.7065,3.3724842,0,,,,,48.51723894815971,0.0007285871,778.2826846496082,0.0007346797,0.036415085,0.050357345
0.99959785,0.0005130553,0,0.003280821,48.516982232382105,778.2810313881573,6296,5366.1396,2.7604759,619.4951,0.27537894,6569.3203,3.3717806,0,,,,,48.516982232382105,0.0007285947,778.2810313881573,0.0007349375,0.0361771,0.0500118
0.99903643,0.00051305344,0,0.0032804257,48.51689707120701,778.2819668121258,6297,5363.092,2.760334,619.9554,0.27545908,6565.631,3.3717685,0,,,,,48.51689707120701,0.00072991743,778.2819668121258,0.0007360952,0.036349695,0.05015654
0.99971765,0.0005131522,0,0.0032800299,48.51532730382292,778.2822575603514,6298,5366.903,2.7606287,619.4174,0.2755884,6570.108,3.3724177,0,,,,,48.51532730382292,0.0007294239,778.2822575603514,0.0007356587,0.036248717,0.050435062
0.9997483,0.00051310443,0,0.0032796338,48.51608817745263,778.281294269563,6299,5366.5938,2.7605972,618.7754,0.275707,6570.309,3.3721037,0,,,,,48.51608817745263,0.0007292216,778.281294269563,0.0007354696,0.036352877,0.05010157
0.99899155,0.0005130038,0,0.0032792375,48.51679704592761,778.2816957376527,6300,5362.3867,2.760115,618.6745,0.2756447,6565.336,3.371442,0,,,,,48.51679704592761,0.00072933873,778.2816957376527,0.00073551585,0.036200106,0.04975359
0.9990981,0.00051301304,0,0.0032788408,48.515358146696045,778.2820802919133,6301,5363.3467,2.7602808,619.77454,0.2760399,6566.036,3.371503,0,,,,,48.515358146696045,0.00072951685,778.2820802919133,0.00073575065,0.03613574,0.05027784
1.0000298,0.0005131368,8192,0.003278444,48.51601064132517,778.28478803209,6302,5367.9087,2.7609131,619.76025,0.2757658,6572.159,3.3723164,8192,,,,,48.51601064132517,0.00072818826,778.28478803209,0.00073413516,0.03646962,0.050362933
0.9993144,0.00051309314,0,0.0032780468,48.515938808964826,778.2822361923838,6303,5364.2085,2.7604809,619.894,0.2756751,6567.458,3.3720293,0,,,,,48.515938808964826,0.0007296373,778.2822361923838,0.0007357529,0.036317002,0.04995111
1.0000743,0.00051311025,0,0.0032776492,48.51648659063329,778.2818028292411,6304,5368.573,2.760993,619.2539,0.2755828,6572.4517,3.3721416,0,,,,,48.51648659063329,0.0007288728,778.2818028292411,0.00073511625,0.036691017,0.050243456
0.9993323,0.00051300996,0,0.0032772515,48.51672312360116,778.2819927040082,6305,5364.5493,2.7604115,619.7753,0.27570823,6567.575,3.3714828,0,,,,,48.51672312360116,0.00072887115,778.2819927040082,0.00073500304,0.036328007,0.05029294
0.9998378,0.0005130248,0,0.0032768534,48.51665162462089,778.2812243261936,6306,5366.5713,2.7606368,618.8075,0.27565736,6570.8975,3.3715804,0,,,,,48.51665162462089,0.00072864635,778.2812243261936,0.00073496194,0.036553614,0.04946545
1.0017607,0.00051323004,0,0.003276455,48.516582916670025,778.2807701546066,6307,5377.672,2.7617288,618.29333,0.27552944,6583.5347,3.3729289,0,,,,,48.516582916670025,0.00072843436,778.2807701546066,0.0007348138,0.036864366,0.049422894
0.999625,0.0005130436,0,0.0032760564,48.516673948082484,778.2811989715728,6308,5366.466,2.7607305,619.034,0.27577898,6569.499,3.3717039,0,,,,,48.516673948082484,0.00072957407,778.2811989715728,0.00073580415,0.03680908,0.049462374
0.9991627,0.00051294646,0,0.0032756573,48.516367093138754,778.2805561492676,6309,5363.361,2.7602148,618.62354,0.2757325,6566.4604,3.3710654,0,,,,,48.516367093138754,0.00072895957,778.2805561492676,0.00073521945,0.036804933,0.049639687
0.99891883,0.0005129633,0,0.0032752582,48.51879139187539,778.2819596926779,6310,5363.269,2.7604616,619.7214,0.27555242,6564.858,3.371176,0,,,,,48.51879139187539,0.0007288724,778.2819596926779,0.00073513924,0.037273563,0.049948696
0.99973047,0.00051308546,0,0.0032748587,48.51679670149541,778.282131978386,6311,5367.749,2.760937,620.38354,0.2756322,6570.192,3.3719788,0,,,,,48.51679670149541,0.000729002,778.282131978386,0.0007352598,0.03721253,0.049730297
0.9993011,0.0005130345,0,0.0032744587,48.51732386659024,778.2823570963575,6312,5365.176,2.7605627,619.23,0.27577227,6567.37,3.371644,0,,,,,48.51732386659024,0.0007294258,778.2823570963575,0.0007354692,0.037351206,0.05008727
0.99928474,0.0005131119,0,0.0032740587,48.51734532418685,778.2829627880162,6313,5366.037,2.7606797,618.99854,0.27545193,6567.2627,3.3721523,0,,,,,48.51734532418685,0.0007292179,778.2829627880162,0.00073530985,0.03702224,0.0510704
0.99944514,0.0005130973,0,0.0032736582,48.517634253202885,778.2842783360769,6314,5366.0557,2.7605891,619.48083,0.27562255,6568.317,3.3720565,0,,,,,48.517634253202885,0.00072905776,778.2842783360769,0.0007350446,0.036793094,0.050796837
0.9988987,0.0005130017,0,0.0032732575,48.51819959426731,778.2812862774616,6315,5362.0513,2.7603743,619.394,0.27581045,6564.7256,3.3714283,0,,,,,48.51819959426731,0.0007303344,778.2812862774616,0.00073658477,0.036974195,0.05000354
0.99867773,0.00051293586,0,0.0032728566,48.517158792683006,778.2801474226069,6316,5361.525,2.760146,619.2061,0.27580047,6563.2734,3.3709955,0,,,,,48.517158792683006,0.0007298606,778.2801474226069,0.00073620945,0.037162825,0.04972191
0.9995041,0.000513002,0,0.0032724554,48.51848600297165,778.2830084134112,6317,5366.244,2.760672,619.38806,0.27589166,6568.704,3.3714302,0,,,,,48.51848600297165,0.00072955387,778.2830084134112,0.0007356703,0.037166372,0.050213996
0.9994181,0.0005130391,0,0.0032720538,48.51765226885804,778.282151903906,6318,5364.8647,2.76052,619.973,0.2755166,6568.139,3.3716743,0,,,,,48.51765226885804,0.0007297353,778.282151903906,0.0007359189,0.037330188,0.050306614
1.0002849,0.00051308464,0,0.003271652,48.51796077142924,778.2825381162826,6319,5370.903,2.761041,618.66626,0.2756961,6573.836,3.3719735,0,,,,,48.51796077142924,0.0007283164,778.2825381162826,0.00073429284,0.03776607,0.050814603
0.99953794,0.00051307474,8192,0.0032712498,48.51683495718224,778.2845168159021,6320,5366.7734,2.7607088,619.3449,0.2757939,6568.927,3.3719084,8192,,,,,48.51683495718224,0.000729229,778.2845168159021,0.0007351018,0.03779095,0.05120842
0.99983454,0.00051309634,0,0.0032708475,48.51888382800062,778.2839136292016,6321,5368.0776,2.7607768,619.77313,0.2756152,6570.876,3.3720503,0,,,,,48.51888382800062,0.0007296625,778.2839136292016,0.00073563715,0.03786451,0.051502816
0.9994036,0.0005130214,0,0.0032704447,48.51879390768555,778.2827078414468,6322,5366.381,2.7607195,620.18195,0.2756769,6568.044,3.371558,0,,,,,48.51879390768555,0.00072962703,778.2827078414468,0.000735737,0.038237218,0.051201418
0.998596,0.00051298406,0,0.0032700417,48.51619826540541,778.2843917753817,6323,5362.4355,2.760141,618.89905,0.27562958,6562.7363,3.3713126,0,,,,,48.51619826540541,0.0007291388,778.2843917753817,0.0007349512,0.038086686,0.051496595
0.9997981,0.000513003,0,0.0032696384,48.51998486384359,778.2831180115799,6324,5368.221,2.7608762,619.77295,0.27561596,6570.6367,3.3714368,0,,,,,48.51998486384359,0.0007286311,778.2831180115799,0.00073461904,0.038123384,0.05084727
0.99909306,0.00051302626,0,0.003269235,48.517998546145144,778.2828769498951,6325,5364.816,2.7605135,619.363,0.27569172,6566.003,3.3715897,0,,,,,48.517998546145144,0.00072956015,778.2828769498951,0.0007355706,0.038440242,0.05125424
0.999719,0.00051308755,0,0.003268831,48.51882995818927,778.2828766205129,6326,5368.3438,2.7608728,619.59265,0.27554658,6570.1167,3.3719926,0,,,,,48.51882995818927,0.0007294455,778.2828766205129,0.00073547894,0.038203675,0.051728576
0.99919856,0.0005129821,0,0.0032684267,48.519476833444116,778.2825351998763,6327,5365.1167,2.7605042,619.1717,0.27609536,6566.6963,3.3712993,0,,,,,48.519476833444116,0.00072940625,778.2825351998763,0.00073550513,0.03786325,0.051133413
0.9995733,0.00051310187,8192,0.0032680223,48.518151038647,778.2841764733868,6328,5366.976,2.7607396,619.41437,0.27576795,6569.159,3.3720865,8192,,,,,48.518151038647,0.00072873075,778.2841764733868,0.00073464523,0.038041085,0.051548842
1.0092127,0.000517313,2176,0.0032676177,48.52272053713389,778.2805749779778,6329,5418.662,2.7836478,619.61194,0.27595648,6632.509,3.3997622,2176,,,,,48.52272053713389,0.00072398334,778.2805749779778,0.00072998996,0.038052015,0.051700395
0.99909765,0.0005130377,0,0.0032672125,48.51664642616488,778.2836085716194,6330,5364.225,2.7605422,620.024,0.27562377,6566.033,3.371665,0,,,,,48.51664642616488,0.00072994543,778.2836085716194,0.000736013,0.0375849,0.051947836
1.0000709,0.00051317934,0,0.0032668072,48.51756753653997,778.283811647113,6331,5370.111,2.7610714,619.0636,0.2753663,6572.429,3.3725958,0,,,,,48.51756753653997,0.0007292446,778.283811647113,0.0007351596,0.03826983,0.05250003
0.9996219,0.0005131043,0,0.0032664016,48.51855530014092,778.2836926022956,6332,5367.684,2.7607918,619.3964,0.27571627,6569.4785,3.3721027,0,,,,,48.51855530014092,0.0007295468,778.2836926022956,0.00073549617,0.038445722,0.05217852
0.9997266,0.00051307085,0,0.0032659958,48.51783172167495,778.2822078566867,6333,5368.1914,2.7608335,619.2442,0.2757351,6570.1665,3.3718827,0,,,,,48.51783172167495,0.0007292588,778.2822078566867,0.0007347209,0.03824004,0.05186627
1.000075,0.0005131667,0,0.0032655895,48.518955612480596,778.284463756427,6334,5370.381,2.760923,619.0844,0.2757667,6572.4565,3.3725128,0,,,,,48.518955612480596,0.0007283418,778.284463756427,0.000734173,0.038278684,0.052330352
0.99934775,0.000513043,8192,0.003265183,48.51853587081891,778.283962551905,6335,5366.843,2.760631,620.0414,0.27558425,6567.677,3.3717,8192,,,,,48.51853587081891,0.00072944653,778.283962551905,0.000735371,0.038406234,0.051922586
1.0001662,0.0005132054,0,0.0032647762,48.517706258545374,778.2850127829994,6336,5371.467,2.761276,620.0384,0.275807,6573.055,3.3727672,0,,,,,48.517706258545374,0.0007290901,778.2850127829994,0.0007350031,0.03829802,0.052485574
0.9993198,0.0005131525,0,0.0032643692,48.517765963056505,778.2847983694983,6337,5367.1313,2.7608829,619.3346,0.27584124,6567.493,3.3724194,0,,,,,48.517765963056505,0.0007289728,778.2847983694983,0.0007347373,0.03875435,0.052769087
1.0000803,0.0005132304,0,0.003263962,48.51889401701756,778.2844496610876,6338,5371.7026,2.7611558,619.87976,0.27532527,6572.4917,3.3729312,0,,,,,48.51889401701756,0.0007285429,778.2844496610876,0.0007344218,0.038466606,0.05274789
0.99867964,0.000513109,0,0.0032635543,48.51879448954667,778.28418058333,6339,5364.2246,2.760543,620.5955,0.27565458,6563.286,3.3721335,0,,,,,48.51879448954667,0.0007296784,778.28418058333,0.0007355728,0.038589347,0.052538674
0.9996395,0.0005130772,0,0.0032631464,48.51749249980689,778.2837392478077,6340,5368.793,2.760882,619.19525,0.27554148,6569.594,3.3719244,0,,,,,48.51749249980689,0.0007288519,778.2837392478077,0.0007348553,0.038662896,0.052457113
1.0004243,0.00051325647,0,0.0032627382,48.51844175986983,778.2857738885182,6341,5373.0156,2.7615414,619.198,0.27571633,6574.752,3.3731027,0,,,,,48.51844175986983,0.0007284817,778.2857738885182,0.00073414785,0.03877081,0.052340284
0.9998756,0.0005131816,0,0.0032623296,48.52014379686624,778.2855685623801,6342,5369.868,2.761102,619.7039,0.2757012,6571.146,3.3726108,0,,,,,48.52014379686624,0.00072940456,778.2855685623801,0.0007351621,0.039006833,0.052786127
0.9991854,0.000513084,8192,0.0032619208,48.519702395571365,778.2840757969027,6343,5365.4863,2.7604458,618.0141,0.27584207,6566.61,3.3719692,8192,,,,,48.519702395571365,0.0007292634,778.2840757969027,0.0007350625,0.03891566,0.052905664
0.99992234,0.0005132468,0,0.0032615117,48.51885482114928,778.2846008897429,6344,5370.081,2.7612464,619.1085,0.27579966,6571.453,3.3730392,0,,,,,48.51885482114928,0.0007304328,778.2846008897429,0.00073630444,0.038981393,0.053061944
1.0000784,0.0005132118,0,0.0032611024,48.51841298126949,778.2841083570505,6345,5370.7837,2.7611978,619.8297,0.2754331,6572.4785,3.3728092,0,,,,,48.51841298126949,0.0007289893,778.2841083570505,0.0007348545,0.03934389,0.053039547
0.9991332,0.0005131403,0,0.0032606928,48.51879173024355,778.2845173326681,6346,5365.2065,2.7605867,619.5702,0.2754292,6566.267,3.3723392,0,,,,,48.51879173024355,0.0007291849,778.2845173326681,0.0007350128,0.038870685,0.053344928
0.9998667,0.0005132108,0,0.0032602828,48.519366021742115,778.2864956189419,6347,5369.9634,2.7610106,619.2194,0.2757894,6571.0874,3.3728023,0,,,,,48.519366021742115,0.00072864385,778.2864956189419,0.00073436176,0.03924552,0.05383519
0.9995726,0.0005131765,0,0.0032598726,48.51919774268378,778.2848482709837,6348,5368.972,2.7609346,620.4248,0.27593544,6569.1543,3.3725772,0,,,,,48.51919774268378,0.0007290656,778.2848482709837,0.0007349761,0.039436527,0.05399871
0.999484,0.000513023,0,0.003259462,48.520593978809686,778.2841817387134,6349,5367.3135,2.7607648,619.4559,0.2755511,6568.5723,3.3715684,0,,,,,48.520593978809686,0.00072950404,778.2841817387134,0.0007353336,0.039125588,0.053060565
1.0004456,0.00051327026,0,0.0032590514,48.520448706997925,778.2864056844711,6350,5373.817,2.7615228,619.9743,0.27564037,6574.892,3.3731935,0,,,,,48.520448706997925,0.0007286541,778.2864056844711,0.0007342685,0.03929883,0.053909373
0.9984429,0.00051306264,8192,0.0032586402,48.520084287002206,778.2836119978797,6351,5363.0083,2.76037,619.9044,0.27595994,6561.73,3.371829,8192,,,,,48.520084287002206,0.00073027244,778.2836119978797,0.0007362104,0.039460853,0.054046597
0.99985534,0.0005131627,0,0.0032582288,48.52048530236196,778.2853967037172,6352,5369.518,2.7609985,619.8053,0.27565813,6571.0127,3.3724864,0,,,,,48.52048530236196,0.00072921615,778.2853967037172,0.00073492294,0.039175566,0.053673923
1.0005744,0.00051323336,0,0.0032574052,48.52025707686907,778.284274808975,6354,5373.805,2.7614727,619.5167,0.27594653,6575.7383,3.3729508,0,,,,,48.52025707686907,0.00072833407,778.284274808975,0.00073418586,0.039362263,0.053422194
1.0002295,0.0005131309,0,0.003256993,48.51820873147261,778.282778184742,6355,5371.768,2.7613077,619.35614,0.27557927,6573.471,3.3722777,0,,,,,48.51820873147261,0.0007294502,778.282778184742,0.0007354978,0.039273724,0.05319376
0.9998343,0.00051314954,0,0.0032565803,48.518591712239875,778.2837153333279,6356,5370.0923,2.761105,619.4369,0.27597004,6570.8745,3.3723998,0,,,,,48.518591712239875,0.0007287019,778.2837153333279,0.0007346056,0.039517928,0.0533334
0.9993595,0.0005131971,0,0.0032561675,48.519399089367965,778.2859041794135,6357,5367.9043,2.7612581,620.1221,0.27557102,6567.754,3.3727124,0,,,,,48.519399089367965,0.00072984246,778.2859041794135,0.00073555723,0.039801445,0.05366812
0.99950635,0.0005131543,0,0.0032557545,48.51813352188051,778.2843117058577,6358,5368.5786,2.7610188,619.8763,0.27584332,6568.719,3.3724315,0,,,,,48.51813352188051,0.0007292903,778.2843117058577,0.00073538424,0.039254412,0.053158388
0.99940765,0.00051313447,0,0.003255341,48.51889211883841,778.2857578946143,6359,5368.1978,2.7608967,620.6191,0.2754443,6568.0703,3.3723009,0,,,,,48.51889211883841,0.0007290184,778.2857578946143,0.0007346905,0.039345767,0.053170502
0.999264,0.0005131419,0,0.0032549272,48.51901631859508,778.2849232725753,6360,5368.063,2.760928,619.4059,0.2760165,6567.1265,3.37235,0,,,,,48.51901631859508,0.0007297085,778.2849232725753,0.00073556585,0.040074658,0.054157026
0.9995657,0.000513227,0,0.0032545133,48.521337035008216,778.2867227913663,6361,5369.089,2.7610834,619.85144,0.2757455,6569.1094,3.372909,0,,,,,48.521337035008216,0.0007290851,778.2867227913663,0.0007347449,0.039994877,0.05440475
1.0010659,0.00051338965,0,0.003254099,48.51889152594466,778.287616439967,6362,5377.013,2.7618876,619.9845,0.27578643,6578.968,3.373978,0,,,,,48.51889152594466,0.00072807807,778.287616439967,0.00073356595,0.03995497,0.055001285
0.99920493,0.00051314116,0,0.0032536846,48.520826209852245,778.2857368604386,6363,5367.1636,2.7608285,620.6104,0.27566198,6566.7383,3.372345,0,,,,,48.520826209852245,0.0007297002,778.2857368604386,0.00073540886,0.040160768,0.054812126
0.9998129,0.0005131784,0,0.0032532697,48.51941647434367,778.286340376254,6364,5370.129,2.7612388,620.7332,0.27546203,6570.734,3.3725898,0,,,,,48.51941647434367,0.0007293679,778.286340376254,0.00073503936,0.03979199,0.054503985
0.99988294,0.00051317667,0,0.0032528546,48.5205963052273,778.2873605936381,6365,5370.109,2.7612152,619.74677,0.27557305,6571.194,3.3725784,0,,,,,48.5205963052273,0.0007288173,778.2873605936381,0.00073428923,0.03978855,0.05416555
0.9998921,0.0005133178,0,0.0032524392,48.52028756759963,778.287420416325,6366,5371.6553,2.7614226,620.62726,0.2756268,6571.2544,3.373506,0,,,,,48.52028756759963,0.0007296163,778.287420416325,0.0007352041,0.04009484,0.055487562
1.0002923,0.00051341107,0,0.0032520234,48.5218218624255,778.2870484538539,6367,5374.058,2.7618299,620.2738,0.27555865,6573.8843,3.3741186,0,,,,,48.5218218624255,0.00072888355,778.2870484538539,0.0007343297,0.04013218,0.055341944
0.99881756,0.0005131118,0,0.0032516075,48.52080119244252,778.2870614701521,6368,5365.5264,2.760733,620.7294,0.27584484,6564.1924,3.372152,0,,,,,48.52080119244252,0.0007294003,778.2870614701521,0.00073495007,0.0399642,0.054833807
1.0001777,0.00051331514,8192,0.0032511912,48.51954127416731,778.2855050883725,6369,5373.729,2.761667,620.8577,0.27577192,6573.132,3.3734884,8192,,,,,48.51954127416731,0.00072815106,778.2855050883725,0.0007340515,0.040218823,0.055276487
0.9997957,0.0005133219,0,0.0032507747,48.52137776092888,778.2872176746594,6370,5371.92,2.761534,621.2682,0.27569994,6570.6206,3.3735328,0,,,,,48.52137776092888,0.0007291286,778.2872176746594,0.00073461415,0.040844392,0.056249082
0.9994883,0.0005132367,0,0.0032503577,48.52084875503847,778.2881651143608,6371,5369.601,2.7611365,620.64386,0.27583748,6568.6006,3.3729727,0,,,,,48.52084875503847,0.0007290088,778.2881651143608,0.0007345467,0.04099535,0.05574016
0.9995965,0.00051322265,0,0.0032499407,48.520887472569115,778.2875919963894,6372,5370.399,2.7611713,621.228,0.27575326,6569.3115,3.3728805,0,,,,,48.520887472569115,0.0007294059,778.2875919963894,0.00073486543,0.04089848,0.05596495
0.9996938,0.0005132588,0,0.0032495232,48.52056374176043,778.2881725537852,6373,5371.1084,2.7613797,621.1538,0.27542537,6569.951,3.3731182,0,,,,,48.52056374176043,0.00072906323,778.2881725537852,0.00073456264,0.04097939,0.056339543
0.9994303,0.0005132586,0,0.0032491055,48.520867363526136,778.2875681764352,6374,5369.428,2.7611547,620.3845,0.2755173,6568.219,3.373117,0,,,,,48.520867363526136,0.0007296835,778.2875681764352,0.0007352382,0.040990815,0.056418158
0.99966997,0.00051335647,0,0.0032486874,48.51976044517668,778.2887649520377,6375,5371.0205,2.7615612,621.35864,0.27586564,6569.7944,3.37376,0,,,,,48.51976044517668,0.00072974066,778.2887649520377,0.0007351349,0.040934637,0.056615718
1.0000477,0.0005133216,0,0.0032482692,48.52074878957809,778.2882165909448,6376,5373.25,2.7614794,621.3758,0.27572832,6572.277,3.3735306,0,,,,,48.52074878957809,0.0007291625,778.2882165909448,0.0007346278,0.040904667,0.056235675
0.99985355,0.000513236,0,0.0032478506,48.520491795968894,778.2889370075493,6377,5371.432,2.7614095,621.6471,0.27576283,6571.001,3.3729682,0,,,,,48.520491795968894,0.0007288644,778.2889370075493,0.0007342821,0.041090406,0.056054093
1.0000618,0.0005132863,0,0.0032474317,48.52067643742194,778.2878101831549,6378,5373.2236,2.761713,621.21484,0.2758527,6572.369,3.3732986,0,,,,,48.52067643742194,0.0007292294,778.2878101831549,0.0007348517,0.041416526,0.05630857
1.0005838,0.00051335664,0,0.0032470126,48.52197295086869,778.2888164586208,6379,5376.02,2.761976,621.3551,0.27595913,6575.8,3.3737612,0,,,,,48.52197295086869,0.00072932284,778.2888164586208,0.00073469675,0.04163518,0.056505315
0.99899864,0.0005131398,0,0.003246593,48.52081197975955,778.2875385537643,6380,5366.5967,2.7608664,621.39795,0.2756752,6565.3823,3.3723361,0,,,,,48.52081197975955,0.00072981813,778.2875385537643,0.00073536346,0.041221414,0.055546924
0.9999249,0.0005132493,0,0.0032461735,48.521938257827046,778.2865242900357,6381,5372.075,2.7615514,621.2029,0.27565804,6571.4697,3.3730557,0,,,,,48.521938257827046,0.0007293883,778.2865242900357,0.0007350948,0.04093507,0.055803962
0.99957174,0.0005132253,0,0.0032457535,48.520316519250294,778.2875400987388,6382,5370.6255,2.761414,621.42456,0.27563497,6569.149,3.372898,0,,,,,48.520316519250294,0.00072886964,778.2875400987388,0.00073440647,0.04121462,0.05641814
0.99975765,0.0005133158,0,0.0032453332,48.52122303743626,778.2868257693729,6383,5371.6216,2.761533,621.38495,0.27586913,6570.3706,3.3734925,0,,,,,48.52122303743626,0.0007295311,778.2868257693729,0.0007351741,0.041354723,0.05637475
0.99969625,0.00051329966,0,0.0032449125,48.521946371499105,778.2880870172282,6384,5371.777,2.7615383,621.6868,0.27560902,6569.9673,3.3733864,0,,,,,48.521946371499105,0.0007289313,778.2880870172282,0.00073443796,0.041474726,0.056744993
1.0004622,0.0005133585,0,0.0032444915,48.52082016793026,778.2871089152842,6385,5376.5327,2.762023,621.4769,0.27584633,6575.001,3.3737733,0,,,,,48.52082016793026,0.00072848785,778.2871089152842,0.00073391694,0.04139051,0.05699694
0.9993158,0.0005132155,0,0.0032440706,48.52198993764569,778.2886362898068,6386,5369.962,2.7613142,620.7258,0.27560452,6567.467,3.3728335,0,,,,,48.52198993764569,0.0007287734,778.2886362898068,0.00073418504,0.041420624,0.056488235
0.99914616,0.0005132024,0,0.003243649,48.52215343208948,778.2868799112134,6387,5369.1987,2.761226,621.8087,0.2756075,6566.352,3.3727474,0,,,,,48.52215343208948,0.00072999316,778.2868799112134,0.0007356884,0.041502237,0.056807406
1.001584,0.0005134195,0,0.0032432273,48.52260487378614,778.2881786554849,6388,5382.3125,2.7625906,620.38635,0.27567703,6582.3735,3.374174,0,,,,,48.52260487378614,0.00072759367,778.2881786554849,0.0007330639,0.041675724,0.056447726
0.99985826,0.0005131975,8192,0.0032428051,48.52255079313328,778.2876872832529,6389,5372.6807,2.7614503,620.4981,0.27562016,6571.0317,3.3727152,8192,,,,,48.52255079313328,0.00072855945,778.2876872832529,0.0007340413,0.041890875,0.056428704
1.0001692,0.00051325693,0,0.003242383,48.5231087812337,778.2876365580321,6390,5373.8804,2.7618172,621.16815,0.2757275,6573.0747,3.3731058,0,,,,,48.5231087812337,0.00073003065,778.2876365580321,0.0007355199,0.04197739,0.056787718
0.9997451,0.00051332696,0,0.0032419604,48.523446071694266,778.2883662340282,6391,5372.0166,2.7616372,621.4505,0.2755632,6570.288,3.373566,0,,,,,48.523446071694266,0.00072952814,778.2883662340282,0.0007349433,0.04199644,0.05743324
0.9995069,0.0005132351,0,0.0032415374,48.52078266405078,778.2880500501628,6392,5370.6177,2.7613113,621.79266,0.27581733,6568.7227,3.3729622,0,,,,,48.52078266405078,0.0007288018,778.2880500501628,0.00073421496,0.041898463,0.056632455
0.9996298,0.0005131958,0,0.0032411143,48.52289557951189,778.2894472011043,6393,5370.596,2.7613251,620.5706,0.2758486,6569.5303,3.372704,0,,,,,48.52289557951189,0.00072874513,778.2894472011043,0.0007340464,0.042091638,0.056453835
1.0003606,0.000513301,0,0.0032406908,48.52243165048899,778.2898884563888,6394,5375.2065,2.761903,620.2065,0.27597594,6574.333,3.3733952,0,,,,,48.52243165048899,0.00072893826,778.2898884563888,0.00073412503,0.041814867,0.05744092
0.9995786,0.00051326276,0,0.003240267,48.522663770089025,778.2883743129751,6395,5371.117,2.761351,620.39435,0.27543712,6569.194,3.3731441,0,,,,,48.522663770089025,0.0007295492,778.2883743129751,0.0007350435,0.042242087,0.057649326
0.99985725,0.000513266,0,0.003239843,48.523133195460986,778.2896012489566,6396,5372.142,2.7614455,621.01154,0.275647,6571.0254,3.3731654,0,,,,,48.523133195460986,0.00072865805,778.2896012489566,0.0007339447,0.042269353,0.057389844
0.99833775,0.0005131481,0,0.0032394186,48.52198443925475,778.2898538718183,6397,5364.757,2.7606866,621.09143,0.27552167,6561.039,3.3723903,0,,,,,48.52198443925475,0.00073041103,778.2898538718183,0.00073572615,0.041941293,0.058369037
1.0009245,0.00051340804,0,0.0032389942,48.52261898795295,778.2894632713571,6398,5378.474,2.7622676,620.7662,0.27563286,6578.039,3.3740988,0,,,,,48.52261898795295,0.0007283379,778.2894632713571,0.00073363667,0.042007368,0.05788552
1.0017062,0.0005138138,128,0.0032385692,48.52155208230571,778.2884549146987,6399,5382.273,2.7642734,620.98865,0.2757319,6583.177,3.3767655,128,,,,,48.52155208230571,0.0007280625,778.2884549146987,0.0007335231,0.041980978,0.057485342
1.0003594,0.00051327096,0,0.003238144,48.522827742371355,778.2886102376743,6400,5375.4517,2.761726,620.6153,0.27555928,6574.325,3.3731978,0,,,,,48.522827742371355,0.00072942156,778.2886102376743,0.00073479064,0.041999485,0.057444118
0.9999,0.0005133216,0,0.0032377185,48.521917727515316,778.2895067863046,6401,5373.685,2.7616358,621.2369,0.2757681,6571.306,3.3735306,0,,,,,48.521917727515316,0.00072946906,778.2895067863046,0.0007347286,0.04187493,0.057817586
1.0003991,0.0005133252,0,0.0032372929,48.520707361399126,778.2896260796355,6402,5375.6875,2.7618034,620.3316,0.27586132,6574.5864,3.3735545,0,,,,,48.520707361399126,0.00072888937,778.2896260796355,0.00073414476,0.041696306,0.057059146
1.0001698,0.00051332626,0,0.0032368668,48.51975728083972,778.2892852021893,6403,5375.1445,2.761724,619.7534,0.27562496,6573.079,3.3735614,0,,,,,48.51975728083972,0.0007281588,778.2892852021893,0.00073372415,0.041948974,0.057093017
0.99814224,0.00051301287,0,0.0032364405,48.52293568693193,778.2890948317217,6404,5364.0835,2.7606363,620.6284,0.2756179,6559.7544,3.3715017,0,,,,,48.52293568693193,0.00073025556,778.2890948317217,0.00073572726,0.04228337,0.056601014
0.999337,0.00051318,0,0.003236014,48.52307574345662,778.2895172736098,6405,5370.3765,2.7613523,621.31604,0.2758257,6567.6064,3.3726,0,,,,,48.52307574345662,0.00072852627,778.2895172736098,0.00073383196,0.042326007,0.05716437
0.9991981,0.00051325245,0,0.003235587,48.52361927729744,778.2885511421973,6406,5370.342,2.7612677,619.5619,0.27565202,6566.6934,3.3730762,0,,,,,48.52361927729744,0.0007297594,778.2885511421973,0.0007352347,0.042428564,0.05790843
1.0009761,0.00051341846,0,0.0032351597,48.523845642375214,778.290163043746,6407,5379.862,2.7622566,620.53735,0.2756132,6578.3784,3.3741674,0,,,,,48.523845642375214,0.0007274132,778.290163043746,0.00073275116,0.042218875,0.05791871
1.0000087,0.0005133241,0,0.0032347322,48.523230628994554,778.2887922245236,6408,5373.888,2.7616024,620.91364,0.2758126,6572.0205,3.373547,0,,,,,48.523230628994554,0.0007286916,778.2887922245236,0.0007341646,0.04240887,0.057953488
1.0003691,0.00051332044,0,0.0032343045,48.52152096094536,778.2899509583277,6409,5376.143,2.7617145,619.61237,0.27572072,6574.389,3.3735232,0,,,,,48.52152096094536,0.00072845205,778.2899509583277,0.0007337809,0.042393222,0.05758191
0.9998252,0.00051326316,0,0.0032338765,48.520987265914755,778.2886613755848,6410,5373.29,2.7616053,621.0513,0.27557403,6570.8145,3.3731468,0,,,,,48.520987265914755,0.0007285809,778.2886613755848,0.0007340562,0.04240857,0.057269264
0.9997914,0.00051322946,0,0.0032334481,48.52235333887636,778.2882452149327,6411,5373.0264,2.7615733,620.6199,0.27592176,6570.5923,3.3729253,0,,,,,48.52235333887636,0.0007293653,778.2882452149327,0.00073487434,0.04222056,0.05743908
0.99941313,0.000513179,0,0.0032330195,48.52257803323079,778.2890621751735,6412,5370.9785,2.7613146,620.47864,0.27582407,6568.1064,3.3725934,0,,,,,48.52257803323079,0.0007294647,778.2890621751735,0.00073478365,0.04255135,0.05752122
1.000329,0.0005133634,0,0.0032325906,48.521495062923,778.2893366783893,6413,5376.6914,2.76197,620.6992,0.2757393,6574.1255,3.3738055,0,,,,,48.521495062923,0.0007280849,778.2893366783893,0.00073346344,0.04259172,0.058094215
0.9998867,0.0005132964,0,0.0032321615,48.52235162186414,778.2882648813562,6414,5373.6094,2.7616317,620.8473,0.27562654,6571.2188,3.3733652,0,,,,,48.52235162186414,0.00072993257,778.2882648813562,0.0007352856,0.042373683,0.05795262
1.0006928,0.0005133876,0,0.003231732,48.522459757469825,778.2903792885937,6415,5378.165,2.7622144,621.0592,0.27560067,6576.517,3.3739645,0,,,,,48.522459757469825,0.00072857447,778.2903792885937,0.00073376,0.04253727,0.058344495
0.9998869,0.00051335956,0,0.0032313021,48.52123635730771,778.2912774459191,6416,5373.69,2.7616417,621.3311,0.27575612,6571.2197,3.3737803,0,,,,,48.52123635730771,0.0007288409,778.2912774459191,0.0007341146,0.04255335,0.058283955
1.0000404,0.00051335496,0,0.003230872,48.52251807336347,778.2903416687875,6417,5374.4937,2.7617679,620.5603,0.27579835,6572.229,3.37375,0,,,,,48.52251807336347,0.0007291034,778.2903416687875,0.00073439965,0.042526606,0.058524445
1.0003148,0.0005133732,0,0.0032304418,48.52255007138009,778.2887725426574,6418,5376.04,2.7620149,620.3198,0.27599072,6574.032,3.37387,0,,,,,48.52255007138009,0.00072856876,778.2887725426574,0.0007339455,0.042370535,0.05813744
1.0001864,0.00051344925,0,0.0032300113,48.52460360960813,778.289446538138,6419,5375.9634,2.7619789,619.6479,0.27582318,6573.1885,3.3743696,0,,,,,48.52460360960813,0.000729079,778.289446538138,0.0007343547,0.042582233,0.05853149
0.99986506,0.0005133609,0,0.0032295804,48.52210993816448,778.2907556175438,6420,5373.767,2.761689,620.50146,0.27585757,6571.0767,3.3737888,0,,,,,48.52210993816448,0.00072865206,778.2907556175438,0.00073397096,0.042666268,0.058327008
1.0003744,0.0005134298,0,0.0032291492,48.521709996311365,778.2889636177042,6421,5377.104,2.7621205,621.0221,0.27570486,6574.424,3.374242,0,,,,,48.521709996311365,0.00072936877,778.2889636177042,0.0007348787,0.042730458,0.058685966
0.9997843,0.00051333505,0,0.0032287177,48.52269700040425,778.2900192794714,6422,5374.2183,2.7617514,620.49036,0.2756341,6570.546,3.3736193,0,,,,,48.52269700040425,0.00072922755,778.2900192794714,0.00073446217,0.0430072,0.05872598
1.0005504,0.0005133918,0,0.003228286,48.52261783224891,778.2902879367385,6423,5377.928,2.7620885,621.25946,0.2755013,6575.5806,3.3739922,0,,,,,48.52261783224891,0.000728476,778.2902879367385,0.0007337241,0.04293145,0.05858354
1.00064,0.000513497,128,0.003227854,48.52270715641356,778.290903846383,6424,5377.9644,2.762848,621.1509,0.2759938,6576.17,3.3746834,128,,,,,48.52270715641356,0.00072912447,778.290903846383,0.0007337024,0.043213855,0.05873496
1.0000027,0.00051332323,0,0.0032274215,48.52210224553729,778.2897634698074,6425,5374.7095,2.7617693,620.9085,0.27575734,6571.9814,3.3735416,0,,,,,48.52210224553729,0.0007297479,778.2897634698074,0.00073496066,0.04333372,0.059221044
0.9995584,0.00051329046,0,0.003226989,48.523121717493794,778.2887931990317,6426,5372.6333,2.761622,620.5104,0.27589974,6569.061,3.3733263,0,,,,,48.523121717493794,0.0007289742,778.2887931990317,0.00073427695,0.04307021,0.059240866
1.0004241,0.0005133572,0,0.0032265561,48.52349194783866,778.2901896913354,6427,5376.014,2.7620256,620.9014,0.27576002,6574.751,3.3737648,0,,,,,48.52349194783866,0.0007296803,778.2901896913354,0.0007349331,0.04274435,0.058623906
0.99996394,0.0005133404,0,0.0032261228,48.52311200128583,778.2903073614688,6428,5374.7373,2.7618108,620.7502,0.27575734,6571.7266,3.3736544,0,,,,,48.52311200128583,0.0007293261,778.2903073614688,0.0007345353,0.043270297,0.059031375
0.99997944,0.00051331247,0,0.0032256893,48.52319369195348,778.2893053465734,6429,5374.7803,2.7617319,621.1002,0.27588287,6571.828,3.3734705,0,,,,,48.52319369195348,0.0007284967,778.2893053465734,0.00073387986,0.04297955,0.058220938
0.99940723,0.0005132753,0,0.0032252558,48.523348042589184,778.2897916459094,6430,5371.5283,2.76146,620.47235,0.275899,6568.068,3.3732266,0,,,,,48.523348042589184,0.00072956126,778.2897916459094,0.00073487347,0.042920113,0.05875032
0.9999981,0.0005133767,0,0.0032248215,48.521728113108296,778.2914140180915,6431,5375.4487,2.7618976,621.27716,0.2754387,6571.9507,3.373893,0,,,,,48.521728113108296,0.0007290074,778.2914140180915,0.0007341191,0.043109953,0.05863353
0.99993515,0.00051330304,0,0.0032239526,48.52406044302411,778.2905010667517,6433,5374.714,2.7617772,621.25574,0.2755716,6571.537,3.3734088,0,,,,,48.52406044302411,0.0007290566,778.2905010667517,0.0007342781,0.043243617,0.05910866
1.001346,0.00051395164,128,0.0032235177,48.51995605827334,778.2902803007712,6434,5383.0273,2.7648559,620.7593,0.27584144,6580.8096,3.3776712,128,,,,,48.51995605827334,0.000727543,778.2902803007712,0.0007330446,0.04315631,0.05912084
1.0009236,0.00051351846,0,0.0032230825,48.5214928026996,778.2916643452406,6435,5380.8203,2.7624803,621.1033,0.27544773,6578.0337,3.3748245,0,,,,,48.5214928026996,0.00072828855,778.2916643452406,0.0007340019,0.04335011,0.05992223
0.9993709,0.0005132897,0,0.0032226471,48.52342044603527,778.2901128536444,6436,5371.6973,2.7614913,621.0638,0.2755329,6567.8286,3.3733213,0,,,,,48.52342044603527,0.00072869135,778.2901128536444,0.0007338424,0.043262385,0.059177663
1.0004714,0.00051349774,0,0.0032222113,48.52383390823868,778.2914514710878,6437,5378.1533,2.7623131,621.0823,0.27563906,6575.061,3.3746884,0,,,,,48.52383390823868,0.0007284507,778.2914514710878,0.0007335735,0.043574583,0.059936803
0.9992056,0.0005132637,0,0.0032217754,48.52231260221451,778.2906870881617,6438,5371.4116,2.7613268,621.4055,0.27554566,6566.7427,3.37315,0,,,,,48.52231260221451,0.00072891306,778.2906870881617,0.00073420955,0.04329374,0.05949503
0.9992893,0.00051330304,0,0.003221339,48.52495215679552,778.2894154845396,6439,5371.39,2.7615094,621.5265,0.27581826,6567.2925,3.3734088,0,,,,,48.52495215679552,0.0007291775,778.2894154845396,0.00073414564,0.043660086,0.05933863
0.9995863,0.0005133792,0,0.0032209025,48.52264100261773,778.291592640926,6440,5373.34,2.7618186,622.41516,0.2761007,6569.2446,3.373909,0,,,,,48.52264100261773,0.0007293432,778.291592640926,0.00073445117,0.043647557,0.059793502
0.9996304,0.00051341,0,0.0032204655,48.522197148693664,778.2891868668709,6441,5373.7295,2.7619808,622.7805,0.27541536,6569.534,3.374112,0,,,,,48.522197148693664,0.00072923326,778.2891868668709,0.000734517,0.04380051,0.05990319
1.0002494,0.00051349343,0,0.0032200282,48.52171401161654,778.291123609257,6442,5376.8896,2.76236,623.1961,0.27561033,6573.602,3.37466,0,,,,,48.52171401161654,0.00072871754,778.291123609257,0.0007339106,0.043610375,0.05978786
0.9993463,0.0005133407,0,0.003219591,48.521749530211224,778.2903402695736,6443,5372.66,2.7617745,622.9571,0.2757106,6567.6675,3.3736563,0,,,,,48.521749530211224,0.0007292854,778.2903402695736,0.000734434,0.04376149,0.060030278
0.9998623,0.0005134383,0,0.0032191533,48.522723878507975,778.2909024869334,6444,5376.0566,2.7621198,622.5187,0.27557465,6571.0586,3.3742979,0,,,,,48.522723878507975,0.00072894874,778.2909024869334,0.0007340776,0.044002112,0.060201336
1.00086,0.0005135757,0,0.003218715,48.52352604265455,778.2915945626036,6445,5381.195,2.7627447,622.83844,0.27567336,6577.615,3.3752007,0,,,,,48.52352604265455,0.0007283635,778.2915945626036,0.0007334662,0.043927126,0.06057787
0.9995915,0.0005134142,0,0.003218277,48.52231664128102,778.2918500790597,6446,5374.6025,2.7620394,622.76746,0.27576405,6569.279,3.3741393,0,,,,,48.52231664128102,0.0007289858,778.2918500790597,0.0007341302,0.04403759,0.06059459
0.9996437,0.00051351136,0,0.0032178382,48.52381528560485,778.2905121905101,6447,5374.549,2.7625039,627.067,0.27580053,6569.6216,3.3747778,0,,,,,48.52381528560485,0.0007296966,778.2905121905101,0.00073484425,0.04429765,0.06099825
1.0010443,0.0005136128,0,0.0032173994,48.52394721184956,778.2898705030149,6448,5381.549,2.7628398,622.5002,0.27545702,6578.8267,3.3754447,0,,,,,48.52394721184956,0.0007288377,778.2898705030149,0.00073365436,0.043678712,0.060096867
0.9999812,0.0005134024,0,0.0032169602,48.523176679318816,778.2905021650233,6449,5376.059,2.7619574,621.3098,0.27582765,6571.84,3.3740618,0,,,,,48.523176679318816,0.00072905695,778.2905021650233,0.0007342008,0.04378762,0.060347937
1.0000811,0.00051343057,0,0.0032165207,48.523213197883706,778.2930182523287,6450,5376.9585,2.7621462,621.3135,0.27563733,6572.496,3.374247,0,,,,,48.523213197883706,0.0007287983,778.2930182523287,0.0007337733,0.043645978,0.06025367
1.0003287,0.0005134015,0,0.003216081,48.521714541734084,778.2912804405707,6451,5377.669,2.7620478,620.77094,0.27592486,6574.123,3.374056,0,,,,,48.521714541734084,0.0007288861,778.2912804405707,0.0007340072,0.043658886,0.06045406
1.0000981,0.00051330216,0,0.003215641,48.523612161123935,778.2918318403068,6452,5375.544,2.7618294,621.5374,0.27544144,6572.6084,3.373403,0,,,,,48.523612161123935,0.0007288097,778.2918318403068,0.0007338184,0.043716606,0.059855394
1.0005689,0.0005134719,0,0.0032152007,48.523018508913516,778.2926047577575,6453,5378.9395,2.7622542,621.4055,0.27574462,6575.702,3.3745186,0,,,,,48.523018508913516,0.0007281444,778.2926047577575,0.00073310145,0.04381799,0.0606279
0.9996952,0.0005134323,0,0.00321476,48.52489244640529,778.2907510109769,6454,5374.1436,2.7618194,620.73846,0.275796,6569.96,3.3742585,0,,,,,48.52489244640529,0.00072919857,778.2907510109769,0.00073442166,0.043769937,0.06025822
1.0000492,0.0005133926,0,0.0032143192,48.52444011450674,778.2916771595949,6455,5375.721,2.7618444,621.5825,0.27544653,6572.2866,3.3739974,0,,,,,48.52444011450674,0.0007291195,778.2916771595949,0.00073424063,0.044016927,0.060406953
1.0000626,0.00051345234,0,0.003213878,48.52323435005908,778.2920864076694,6456,5376.7837,2.7622168,621.8211,0.27583173,6572.3745,3.3743901,0,,,,,48.52323435005908,0.00072881166,778.2920864076694,0.00073384837,0.04410068,0.061283287
1.0009066,0.0005136191,0,0.0032134366,48.52352527199774,778.2921273973559,6457,5381.369,2.7629232,621.1487,0.27635637,6577.9214,3.375486,0,,,,,48.52352527199774,0.00072873215,778.2921273973559,0.0007338385,0.04415731,0.06141066
0.9994858,0.0005133843,0,0.003212995,48.5239241199299,778.2928827781043,6458,5373.5156,2.7617354,622.2374,0.27572787,6568.584,3.3739429,0,,,,,48.5239241199299,0.0007289415,778.2928827781043,0.00073392113,0.044183396,0.06098895
0.9995488,0.0005134037,0,0.0032125528,48.52490124358562,778.2925216225077,6459,5374.8555,2.7619758,621.917,0.275761,6568.998,3.3740702,0,,,,,48.52490124358562,0.0007296145,778.2925216225077,0.0007345778,0.044203855,0.06140077
1.000076,0.0005134495,0,0.0032121106,48.525325657112575,778.2903678026189,6460,5377.917,2.7624137,622.3343,0.2758277,6572.4634,3.3743713,0,,,,,48.525325657112575,0.0007282635,778.2903678026189,0.00073347206,0.04427121,0.061577395
1.0007533,0.00051351177,0,0.003211668,48.52353754124825,778.2914588505278,6461,5380.8223,2.7625256,620.821,0.27591035,6576.9136,3.3747807,0,,,,,48.52353754124825,0.0007284446,778.2914588505278,0.0007335436,0.044196054,0.06083136
0.9997868,0.000513434,0,0.0032112252,48.524694560013565,778.2921887083071,6462,5376.227,2.762065,621.98456,0.27590802,6570.562,3.3742695,0,,,,,48.524694560013565,0.00072913355,778.2921887083071,0.00073413603,0.044458523,0.06106628
1.0002401,0.0005134398,0,0.003210782,48.52319481641146,778.2914613226569,6463,5377.865,2.7621791,622.986,0.27569193,6573.541,3.3743079,0,,,,,48.52319481641146,0.0007288303,778.2914613226569,0.0007338761,0.044239696,0.0607174
1.0009718,0.0005135576,0,0.0032103385,48.52211801156069,778.2923552020164,6464,5381.718,2.7627566,622.05774,0.2759612,6578.35,3.3750818,0,,,,,48.52211801156069,0.00072768476,778.2923552020164,0.0007326854,0.044164293,0.061262995
1.000888,0.0005135418,0,0.0032098948,48.52451014768716,778.2936141906716,6465,5381.7627,2.7628305,622.2138,0.27565092,6577.7993,3.374978,0,,,,,48.52451014768716,0.00072893564,778.2936141906716,0.0007337495,0.044462338,0.061610594
0.9994652,0.00051341276,0,0.0032094507,48.523728394841164,778.2924113912356,6466,5374.3237,2.7620368,622.5202,0.27577892,6568.4487,3.37413,0,,,,,48.523728394841164,0.00072973734,778.2924113912356,0.0007347241,0.044248812,0.061558086
1.0012703,0.00051358575,8192,0.0032090065,48.524653815701534,778.2915312839948,6467,5383.64,2.7629955,621.4122,0.27575827,6580.312,3.3752666,8192,,,,,48.524653815701534,0.0007282267,778.2915312839948,0.0007334364,0.04435256,0.061391
0.99964947,0.000513436,0,0.003208562,48.52360599256642,778.2917157855286,6468,5375.1562,2.762148,622.29834,0.27588147,6569.6597,3.3742826,0,,,,,48.52360599256642,0.0007294338,778.2917157855286,0.0007344937,0.044497907,0.061369132
1.0011756,0.00051353575,0,0.003208117,48.52431430672272,778.2922347966638,6469,5382.9595,2.7628329,622.1288,0.27562395,6579.69,3.374938,0,,,,,48.52431430672272,0.0007286736,778.2922347966638,0.0007336864,0.04435724,0.060614016
0.9993478,0.0005133195,0,0.003207672,48.524846540291534,778.2911256288842,6470,5373.004,2.7618387,622.86145,0.27595323,6567.6772,3.373517,0,,,,,48.524846540291534,0.00072963483,778.2911256288842,0.0007347608,0.044738214,0.06070436
0.99966633,0.00051339954,0,0.0032072265,48.52366424999461,778.2928905543084,6471,5375.0967,2.7619483,622.5699,0.2757809,6569.7705,3.374043,0,,,,,48.52366424999461,0.0007297452,778.2928905543084,0.0007349054,0.04447262,0.060828466
0.99996495,0.00051343406,0,0.0032067809,48.52358341512099,778.2908423935651,6472,5376.922,2.762367,623.0598,0.27572992,6571.733,3.37427,0,,,,,48.52358341512099,0.0007298143,778.2908423935651,0.00073501247,0.0441247,0.060771048
1.0003151,0.0005133942,0,0.0032063348,48.523493682913006,778.2915311369377,6473,5378.3335,2.7623765,622.54095,0.2754792,6574.034,3.374008,0,,,,,48.523493682913006,0.000729109,778.2915311369377,0.00073407555,0.044189963,0.060280245
0.999736,0.0005134671,0,0.0032058887,48.52475794303967,778.2911569346525,6474,5375.833,2.7623076,622.33014,0.2757156,6570.2285,3.3744872,0,,,,,48.52475794303967,0.00072960963,778.2911569346525,0.00073473447,0.044425443,0.06122858
1.0002818,0.0005134959,0,0.003205442,48.523183489342834,778.2916479033695,6475,5379.1978,2.762462,622.5328,0.27570412,6573.8154,3.3746762,0,,,,,48.523183489342834,0.0007280599,778.2916479033695,0.0007331246,0.044458613,0.061367687
1.0036428,0.0005149367,128,0.0032049953,48.523708841390786,778.2952291705244,6476,5396.765,2.7703738,622.31055,0.2758673,6595.9033,3.384145,128,,,,,48.523708841390786,0.00072729104,778.2952291705244,0.0007321818,0.044484634,0.061917122
1.0016005,0.0005137958,128,0.003204548,48.524963509241374,778.292675013364,6477,5386.3076,2.7643106,622.8171,0.27573866,6582.4814,3.3766472,128,,,,,48.524963509241374,0.00072789757,778.292675013364,0.0007329464,0.0446579,0.062018212
1.0000914,0.0005134896,0,0.0032041008,48.5233671410703,778.2909518812298,6478,5378.63,2.7623577,622.0091,0.27585834,6572.564,3.3746347,0,,,,,48.5233671410703,0.000729435,778.2909518812298,0.0007345157,0.044910815,0.061835654
1.000838,0.0005135422,0,0.003203653,48.523553533404254,778.2941044744964,6479,5382.486,2.7628841,622.04865,0.27559936,6577.471,3.3749807,0,,,,,48.523553533404254,0.0007288698,778.2941044744964,0.00073375704,0.045199342,0.061835874
1.0000867,0.0005135043,0,0.003203205,48.524141105591355,778.2923077258639,6480,5378.7847,2.7625148,623.2951,0.27538404,6572.533,3.3747315,0,,,,,48.524141105591355,0.0007294766,778.2923077258639,0.00073446846,0.044894952,0.062107354
0.99897313,0.0005134544,0,0.0032027569,48.52519346716981,778.293158700058,6481,5373.6436,2.7619376,622.47455,0.2757132,6565.215,3.3744035,0,,,,,48.52519346716981,0.0007298003,778.293158700058,0.0007345951,0.045242462,0.062535085
1.0006255,0.00051361375,0,0.0032023082,48.52369729616495,778.2946673535986,6482,5382.5146,2.7628815,622.3425,0.27587512,6576.074,3.3754508,0,,,,,48.52369729616495,0.00072914286,778.2946673535986,0.00073399604,0.045263793,0.063077696
0.9997632,0.00051339023,0,0.0032018595,48.52412171750193,778.2935325915004,6483,5377.346,2.7622287,623.14185,0.27578968,6570.407,3.373982,0,,,,,48.52412171750193,0.0007289017,778.2935325915004,0.0007337205,0.045477632,0.062231477
1.0012491,0.0005138148,128,0.0032014104,48.524187556020976,778.2925479003395,6484,5385.2773,2.764182,622.39087,0.2756512,6580.172,3.376772,128,,,,,48.524187556020976,0.0007285527,778.2925479003395,0.00073318934,0.045557894,0.06290807
0.9992279,0.0005133559,0,0.003200961,48.52634008680289,778.2937393462004,6485,5374.4224,2.7619476,622.80896,0.27580133,6566.889,3.373756,0,,,,,48.52634008680289,0.0007293435,778.2937393462004,0.00073421607,0.04545684,0.06260341
0.99999726,0.00051345624,0,0.0032005112,48.52429490542127,778.2932407525777,6486,5377.3496,2.762433,623.1294,0.27581212,6571.9453,3.3744156,0,,,,,48.52429490542127,0.0007288664,778.2932407525777,0.0007337687,0.045568354,0.06203855
0.9991991,0.00051337003,0,0.0032000614,48.52631415346603,778.2934997507316,6487,5374.12,2.7619658,622.0461,0.27613944,6566.6997,3.3738492,0,,,,,48.52631415346603,0.00072968926,778.2934997507316,0.0007344814,0.046041764,0.06279265
1.0013838,0.0005135901,0,0.003199611,48.52563439791886,778.2927807854117,6488,5385.6304,2.7633548,623.5405,0.27572688,6581.0576,3.3752954,0,,,,,48.52563439791886,0.000728195,778.2927807854117,0.0007330269,0.045991205,0.062257208
0.9997355,0.00051340804,0,0.0031991606,48.525452187513196,778.2930640138163,6489,5376.4873,2.7621863,622.14386,0.27601764,6570.225,3.3740988,0,,,,,48.525452187513196,0.00072907005,778.2930640138163,0.0007340791,0.045475792,0.0622062
1.0007747,0.0005136236,0,0.0031987098,48.525642364417486,778.2937876836291,6490,5382.7583,2.7629516,623.45996,0.27594534,6577.0547,3.3755152,0,,,,,48.525642364417486,0.0007288688,778.2937876836291,0.00073380204,0.045842096,0.06309581
0.99966246,0.0005134735,0,0.0031982588,48.525676577551124,778.2943539992,6491,5376.9233,2.7625103,622.81573,0.27571288,6569.745,3.3745294,0,,,,,48.525676577551124,0.00072939217,778.2943539992,0.00073421,0.045866974,0.06265582
0.9999374,0.0005134673,0,0.0031978074,48.52454133299223,778.2924858953597,6492,5377.869,2.7623305,622.51263,0.2759493,6571.5522,3.374488,0,,,,,48.52454133299223,0.00072959176,778.2924858953597,0.00073448924,0.04501115,0.06248612
1.0009618,0.00051356165,0,0.0031973557,48.52556017999216,778.2945246400662,6493,5383.697,2.7629228,622.7281,0.27566773,6578.284,3.3751082,0,,,,,48.52556017999216,0.0007277084,778.2945246400662,0.0007325496,0.045276623,0.062366758
1.0008272,0.0005135264,0,0.0031969037,48.52576216794154,778.2943010205488,6494,5382.787,2.7629693,622.978,0.27563217,6577.3994,3.3748767,0,,,,,48.52576216794154,0.00072880625,778.2943010205488,0.0007336946,0.04539894,0.062786125
1.0003753,0.00051352807,0,0.0031964516,48.525353432524554,778.2948315788324,6495,5379.6216,2.762595,622.2354,0.27583137,6574.4297,3.3748877,0,,,,,48.525353432524554,0.0007288595,778.2948315788324,0.00073351414,0.045723714,0.06298291
1.0003173,0.00051354564,0,0.0031959992,48.526564910755276,778.2950249152216,6496,5380.172,2.7626288,622.96515,0.27592224,6574.049,3.3750033,0,,,,,48.526564910755276,0.00072868646,778.2950249152216,0.0007332187,0.045823235,0.06336034
1.0000842,0.00051350973,0,0.0031955463,48.525151761444306,778.293005614922,6497,5379.4243,2.7625449,622.37555,0.27601433,6572.516,3.3747673,0,,,,,48.525151761444306,0.00072983647,778.293005614922,0.00073477766,0.04596774,0.06326277
1.0007675,0.00051353686,0,0.0031950932,48.52545070628069,778.2933300996942,6498,5382.1304,2.7628572,622.2058,0.27571106,6577.0073,3.3749454,0,,,,,48.52545070628069,0.0007292688,778.2933300996942,0.00073409756,0.045912046,0.06324292
1.0006492,0.00051362714,0,0.0031941864,48.52513618783154,778.295128371015,6500,5382.687,2.7629654,622.3528,0.27589494,6576.23,3.3755386,0,,,,,48.52513618783154,0.0007286084,778.295128371015,0.0007334464,0.04631517,0.06348456
0.9990865,0.0005133117,0,0.0031937324,48.5241929949258,778.2938844820463,6501,5373.7056,2.7618933,622.6637,0.2757032,6565.96,3.3734658,0,,,,,48.5241929949258,0.00072948856,778.2938844820463,0.00073424255,0.04653372,0.06312689
0.9996835,0.00051339186,0,0.0031932783,48.526636752564954,778.2925314909658,6502,5377.465,2.7623045,622.3379,0.2760175,6569.8833,3.3739927,0,,,,,48.526636752564954,0.0007287012,778.2925314909658,0.0007336168,0.046742603,0.06297323
0.99855787,0.0005133301,0,0.0031928238,48.525921437946614,778.2935923789789,6503,5371.178,2.7618055,623.21857,0.27575895,6562.486,3.3735867,0,,,,,48.525921437946614,0.0007303832,778.2935923789789,0.00073528814,0.046565596,0.06286255
1.0006353,0.00051349594,0,0.003192369,48.52695897954816,778.2951257984773,6504,5382.534,2.7628708,623.0688,0.27586034,6576.138,3.3746765,0,,,,,48.52695897954816,0.0007284004,778.2951257984773,0.0007331256,0.04672541,0.062954135
1.0001252,0.0005134036,0,0.003191914,48.52475295834811,778.293383441928,6505,5380.063,2.7624805,622.7944,0.27578795,6572.786,3.3740697,0,,,,,48.52475295834811,0.0007290602,778.293383441928,0.0007338719,0.04710313,0.06354405
0.99907315,0.00051334937,0,0.0031914588,48.525985292819385,778.2947145765831,6506,5374.854,2.7619772,622.4357,0.2758526,6565.872,3.3737133,0,,,,,48.525985292819385,0.00072957954,778.2947145765831,0.000734215,0.047169022,0.06371594
0.9992877,0.0005133765,0,0.003191003,48.52696765330573,778.2932157648205,6507,5376.349,2.7621188,622.31287,0.2759516,6567.282,3.3738914,0,,,,,48.52696765330573,0.0007295091,778.2932157648205,0.0007342877,0.046957094,0.063365124
0.99955726,0.0005133962,0,0.0031905472,48.52683967893533,778.2932730079627,6508,5376.7476,2.7621465,621.9671,0.27548325,6569.0537,3.374021,0,,,,,48.52683967893533,0.00072985503,778.2932730079627,0.0007346498,0.046926953,0.06368375
1.0009015,0.0005135708,0,0.003190091,48.52675748917449,778.2954546469921,6509,5384.644,2.7630324,622.3543,0.27567333,6577.8877,3.3751683,0,,,,,48.52675748917449,0.0007291469,778.2954546469921,0.0007338442,0.047603074,0.06390557
1.0002403,0.0005134698,0,0.0031896345,48.52741223722765,778.2944225209126,6510,5381.0625,2.7627926,622.57294,0.27574685,6573.543,3.3745048,0,,,,,48.52741223722765,0.0007294417,778.2944225209126,0.0007342353,0.047800254,0.064242855
1.0002618,0.00051344436,0,0.003189178,48.528026979223185,778.2972246785127,6511,5380.853,2.7625866,621.5871,0.2756562,6573.684,3.3743377,0,,,,,48.528026979223185,0.00072825415,778.2972246785127,0.00073285674,0.047567733,0.06481437
1.0005652,0.00051353755,0,0.003188721,48.526906483208606,778.2965365290174,6512,5382.8887,2.7629807,622.8238,0.27560943,6575.6777,3.3749502,0,,,,,48.526906483208606,0.00072848104,778.2965365290174,0.00073290104,0.04730687,0.064986125
0.99984324,0.0005135434,0,0.0031882636,48.52716350845354,778.2963198182752,6513,5379.4165,2.7626188,622.7395,0.27589366,6570.933,3.374988,0,,,,,48.52716350845354,0.0007293851,778.2963198182752,0.00073397806,0.047611162,0.06509628
1.0002811,0.00051348604,0,0.0031878059,48.524945922126946,778.2952391752491,6514,5381.0146,2.7627292,622.24097,0.27601752,6573.8105,3.3746114,0,,,,,48.524945922126946,0.00072817877,778.2952391752491,0.0007327225,0.047448706,0.06501358
1.0006355,0.00051378895,128,0.0031873481,48.525778406111804,778.2957552433784,6515,5383.6055,2.7638867,622.51074,0.2758484,6576.14,3.3766022,128,,,,,48.525778406111804,0.00072802306,778.2957552433784,0.0007327148,0.04770396,0.06502891
1.000299,0.0005134764,0,0.00318689,48.5266991378202,778.295306441089,6516,5382.074,2.7627904,622.80115,0.27556956,6573.928,3.374548,0,,,,,48.5266991378202,0.00072894857,778.295306441089,0.0007336078,0.047946654,0.06547758
1.0004501,0.0005135594,0,0.0031864317,48.526684111853214,778.2961994321963,6517,5382.526,2.762962,622.32153,0.2758823,6574.9214,3.3750935,0,,,,,48.526684111853214,0.00072879903,778.2961994321963,0.0007333566,0.048057865,0.065527864
0.99969894,0.00051350804,0,0.0031859728,48.528009206571966,778.2972974896841,6518,5379.223,2.762682,622.72577,0.27556294,6569.985,3.374756,0,,,,,48.528009206571966,0.0007301704,778.2972974896841,0.0007346095,0.0481758,0.06609845
1.0003965,0.0005135415,0,0.003185514,48.52646055241887,778.2958692699531,6519,5383.4985,2.7629313,622.2629,0.2759177,6574.569,3.374976,0,,,,,48.52646055241887,0.0007288839,778.2958692699531,0.00073338364,0.04828741,0.065735705
0.99928474,0.0005133412,0,0.0031850548,48.52626531065914,778.2959971147662,6520,5376.873,2.7621613,622.425,0.27590823,6567.2627,3.3736598,0,,,,,48.52626531065914,0.0007296069,778.2959971147662,0.000734209,0.04830295,0.06544479
0.9998616,0.0005134534,0,0.0031845951,48.52836937091269,778.2961089033246,6521,5380.7544,2.7626154,623.02765,0.27568066,6571.0537,3.374397,0,,,,,48.52836937091269,0.00072930485,778.2961089033246,0.0007338407,0.048387837,0.06517663
0.9995198,0.000513436,0,0.0031841353,48.526476251607484,778.2974568721971,6522,5378.762,2.7624888,622.32947,0.27601874,6568.8076,3.3742826,0,,,,,48.526476251607484,0.00072879257,778.2974568721971,0.00073313224,0.048533473,0.06536949
1.0001626,0.0005135141,0,0.0031836752,48.52750855692075,778.2959435966967,6523,5381.619,2.7627707,622.62946,0.27589193,6573.0317,3.3747957,0,,,,,48.52750855692075,0.00072976813,778.2959435966967,0.00073423097,0.048868716,0.06564001
1.0004098,0.000513537,0,0.003183215,48.528110655251005,778.2975253407967,6524,5382.923,2.7630084,622.4868,0.2758041,6574.6567,3.374946,0,,,,,48.528110655251005,0.00072834146,778.2975253407967,0.00073272374,0.048571,0.06592405
1.0000935,0.0005135264,0,0.0031827542,48.52798917328714,778.2965939183812,6525,5381.298,2.7628112,622.778,0.2758365,6572.5776,3.3748765,0,,,,,48.52798917328714,0.0007288549,778.2965939183812,0.0007333347,0.048692893,0.06617428
1.0016904,0.000513678,0,0.0031822931,48.52757655044091,778.2975375823961,6526,5389.3965,2.7637546,623.0567,0.2761365,6583.0723,3.375873,0,,,,,48.52757655044091,0.0007282219,778.2975375823961,0.00073259824,0.04842205,0.06637195
1.0005413,0.0005135962,8192,0.003181832,48.52755872066825,778.2978413967367,6527,5383.6177,2.7631052,622.07446,0.27570313,6575.521,3.3753357,8192,,,,,48.52755872066825,0.0007282137,778.2978413967367,0.0007325929,0.04850879,0.06645937
1.0003098,0.0005135893,0,0.0031813704,48.527818312896756,778.2975830202232,6528,5383.1387,2.7630744,622.3998,0.2758499,6573.9995,3.3752902,0,,,,,48.527818312896756,0.00072889787,778.2975830202232,0.0007334206,0.048738636,0.066875525
1.0002975,0.00051350996,0,0.0031809087,48.52895919489046,778.2968571429888,6529,5382.5576,2.7630613,623.11786,0.27583888,6573.919,3.3747685,0,,,,,48.52895919489046,0.0007289107,778.2968571429888,0.000733344,0.04883346,0.066774346
1.000143,0.0005135172,0,0.0031804466,48.52794921767074,778.2975055621397,6530,5381.7856,2.76291,623.1135,0.27555582,6572.904,3.3748162,0,,,,,48.52794921767074,0.00072944287,778.2975055621397,0.00073381426,0.04881889,0.06665297
0.9997058,0.00051352294,0,0.0031799842,48.52773133232213,778.2961967910455,6531,5379.687,2.7626853,622.8458,0.27568808,6570.03,3.374854,0,,,,,48.52773133232213,0.000728755,778.2961967910455,0.0007332119,0.048725814,0.0668594
1.0014896,0.00051366835,8192,0.0031795215,48.52891236496386,778.298133877518,6532,5389.504,2.7636693,622.4449,0.275736,6581.7534,3.3758097,8192,,,,,48.52891236496386,0.0007279893,778.298133877518,0.0007324728,0.048855003,0.06669347
0.99942595,0.0005133641,0,0.0031790587,48.5284665176278,778.2965532954049,6533,5377.446,2.7622664,622.18054,0.27575576,6568.191,3.37381,0,,,,,48.5284665176278,0.0007290988,778.2965532954049,0.0007335924,0.049187146,0.06605179
1.0008492,0.00051355,0,0.0031785956,48.53017901660071,778.2989915115988,6534,5386.0864,2.7632198,622.4489,0.27582425,6577.5444,3.375032,0,,,,,48.53017901660071,0.00072837516,778.2989915115988,0.00073303474,0.04917606,0.067199126
1.0006626,0.0005136104,0,0.003178132,48.528221272369386,778.2969896745606,6535,5384.683,2.7633646,624.18066,0.27562723,6576.3174,3.3754287,0,,,,,48.528221272369386,0.0007293879,778.2969896745606,0.00073378347,0.049162082,0.066877976
1.0002,0.00051352807,0,0.003177204,48.528893542165875,778.2963800943585,6537,5382.36,2.76288,622.53235,0.2759098,6573.278,3.3748875,0,,,,,48.528893542165875,0.00072905334,778.2963800943585,0.00073366135,0.049463604,0.066829376
1.0007044,0.00051358214,0,0.0031767397,48.527518904602275,778.2978643980911,6538,5385.323,2.763361,623.35645,0.27579692,6576.593,3.375243,0,,,,,48.527518904602275,0.0007284196,778.2978643980911,0.00073285744,0.049358275,0.06645306
1.0003123,0.00051353517,0,0.0031762752,48.52978731532143,778.2963021246275,6539,5382.7705,2.7630594,623.19214,0.27576852,6574.016,3.3749342,0,,,,,48.52978731532143,0.0007287883,778.2963021246275,0.00073318125,0.049469713,0.06646473
0.9995282,0.0005134551,0,0.0031758102,48.52977754575065,778.2960182736167,6540,5379.687,2.7626586,622.5864,0.2758162,6568.863,3.374408,0,,,,,48.52977754575065,0.00073002867,778.2960182736167,0.0007344126,0.0496724,0.06726649
1.0008365,0.00051361567,0,0.003175345,48.528813259414704,778.2984338454551,6541,5386.827,2.763421,623.12006,0.27584738,6577.4604,3.3754635,0,,,,,48.528813259414704,0.0007286306,778.2984338454551,0.00073290453,0.04951322,0.06746897
1.000239,0.000513491,0,0.0031748796,48.528230907148895,778.2972655944709,6542,5382.6,2.7629857,622.90643,0.27583644,6573.534,3.374644,0,,,,,48.528230907148895,0.000728507,778.2972655944709,0.00073287834,0.04950252,0.066529736
1.000215,0.0005135157,0,0.003174414,48.52877522847621,778.2967789283747,6543,5383.2783,2.7631156,622.9552,0.2760177,6573.3765,3.3748066,0,,,,,48.52877522847621,0.0007290866,778.2967789283747,0.00073354517,0.04947649,0.066845596
0.9988863,0.00051335705,0,0.0031739478,48.52908933015134,778.2970300389266,6544,5376.5117,2.7622416,623.0172,0.27574196,6564.644,3.3737636,0,,,,,48.52908933015134,0.0007298495,778.2970300389266,0.0007343347,0.04958787,0.06730738
1.0000991,0.00051351363,0,0.0031734817,48.529602926598244,778.2966314620222,6545,5381.823,2.762892,623.06067,0.27575576,6572.6147,3.3747928,0,,,,,48.529602926598244,0.0007294303,778.2966314620222,0.00073378644,0.04980734,0.06681746
1.0006689,0.0005135938,0,0.003173015,48.52863135858759,778.2975380574262,6546,5385.718,2.763309,622.7114,0.27580297,6576.359,3.3753197,0,,,,,48.52863135858759,0.00072837295,778.2975380574262,0.0007327499,0.049709804,0.06707833
1.0008776,0.0005136334,0,0.0031725483,48.53062447838235,778.2991421694301,6547,5386.557,2.7634778,623.1839,0.27563393,6577.731,3.37558,0,,,,,48.53062447838235,0.0007286402,778.2991421694301,0.00073279033,0.049818378,0.06790024
1.0007463,0.0005135873,0,0.0031720812,48.528987033936914,778.297684389396,6548,5385.6865,2.7632854,622.3232,0.2757592,6576.8677,3.375277,0,,,,,48.528987033936914,0.0007273931,778.297684389396,0.00073171,0.049599744,0.06699478
1.0009714,0.00051362655,0,0.0031716137,48.52670124273848,778.2969591866267,6549,5387.4116,2.7634718,622.7747,0.27576444,6578.3477,3.3755348,0,,,,,48.52670124273848,0.0007283313,778.2969591866267,0.0007327643,0.049644817,0.06721878
1.0006351,0.00051359896,0,0.003171146,48.529415608465264,778.2977620662159,6550,5385.5493,2.76328,623.4503,0.27572224,6576.1377,3.3753536,0,,,,,48.529415608465264,0.0007284157,778.2977620662159,0.00073276256,0.049488902,0.06707974
1.0010183,0.00051359436,0,0.0031706782,48.52825893300593,778.2980345666806,6551,5386.8765,2.7635767,622.76495,0.2758824,6578.6553,3.3753233,0,,,,,48.52825893300593,0.0007284816,778.2980345666806,0.00073283975,0.0496379,0.06686916
0.9995822,0.00051349855,0,0.0031702097,48.52926202283619,778.2976278297174,6552,5379.8564,2.7626977,622.37396,0.27612558,6569.2173,3.3746939,0,,,,,48.52926202283619,0.00072945503,778.2976278297174,0.0007338896,0.050043456,0.06775916
1.0001719,0.00051356887,0,0.0031697412,48.528369068121066,778.2989255130013,6553,5383.586,2.763056,622.4104,0.27582955,6573.0933,3.3751557,0,,,,,48.528369068121066,0.0007290903,778.2989255130013,0.00073334953,0.05014357,0.06818647
1.0001229,0.0005135512,0,0.0031692726,48.528355715300165,778.2983210630545,6554,5382.882,2.7630422,623.17224,0.27582458,6572.7715,3.3750393,0,,,,,48.528355715300165,0.0007294581,778.2983210630545,0.00073377334,0.050059054,0.06793303
0.9998686,0.00051351957,0,0.0031688034,48.528998564250095,778.2985540366459,6555,5381.5884,2.7628672,622.3477,0.27585813,6571.0996,3.3748317,0,,,,,48.528998564250095,0.0007288965,778.2985540366459,0.0007331175,0.0504068,0.06800196
1.0003854,0.0005135889,0,0.003168334,48.5299268232056,778.2990868986154,6556,5384.961,2.7632039,622.62756,0.27573043,6574.496,3.3752873,0,,,,,48.5299268232056,0.00072836684,778.2990868986154,0.00073252607,0.050184697,0.06814017
1.0005274,0.00051361584,0,0.0031678644,48.52930472574207,778.2993977179143,6557,5385.2515,2.763301,623.07837,0.2757729,6575.429,3.3754647,0,,,,,48.52930472574207,0.00072938553,778.2993977179143,0.00073359977,0.050033282,0.06868445
1.00032,0.0005136093,0,0.0031673945,48.52824033249635,778.2988600685883,6558,5383.4766,2.7632165,622.78314,0.2759162,6574.066,3.3754218,0,,,,,48.52824033249635,0.0007285896,778.2988600685883,0.00073282246,0.050098736,0.06841814
1.0002801,0.0005136333,0,0.0031669242,48.53055915969486,778.2991622314095,6559,5383.7817,2.7631364,622.8783,0.27579165,6573.8047,3.375579,0,,,,,48.53055915969486,0.0007285422,778.2991622314095,0.0007328344,0.050142244,0.06846306
1.0003285,0.00051360583,0,0.003166454,48.528456361225714,778.2993258289537,6560,5383.7705,2.763073,622.65466,0.275647,6574.1226,3.3753986,0,,,,,48.528456361225714,0.00072946295,778.2993258289537,0.0007336828,0.049517695,0.06834029
1.0008184,0.0005136441,0,0.0031659831,48.529726035720465,778.2981799789746,6561,5385.679,2.7632444,623.0287,0.27584875,6577.342,3.37565,0,,,,,48.529726035720465,0.00072868535,778.2981799789746,0.0007330138,0.049631193,0.068259716
0.99940073,0.0005135212,0,0.0031655119,48.52822050243574,778.2988211622828,6562,5378.9956,2.762615,622.79736,0.2759433,6568.025,3.3748424,0,,,,,48.52822050243574,0.00072970946,778.2988211622828,0.0007339718,0.04988906,0.06828161
0.9998866,0.0005136072,0,0.0031650406,48.52975838170599,778.2994229484068,6563,5381.601,2.7629185,623.08167,0.27563256,6571.218,3.375408,0,,,,,48.52975838170599,0.0007290523,778.2994229484068,0.0007332577,0.050156612,0.068573005
1.0003284,0.0005136061,0,0.0031645691,48.52900141982739,778.2977440281122,6564,5383.972,2.7632213,623.17926,0.27598003,6574.1216,3.3754008,0,,,,,48.52900141982739,0.0007290462,778.2977440281122,0.0007335561,0.050039373,0.06846146
0.9995641,0.00051350193,0,0.0031640972,48.52946802410804,778.299788683178,6565,5380.2485,2.762795,623.43054,0.27590075,6569.0986,3.3747158,0,,,,,48.52946802410804,0.00072970346,778.299788683178,0.00073385774,0.050190385,0.06856426
1.0001758,0.0005135947,0,0.003163625,48.53045575136138,778.301256162915,6566,5384.613,2.7632682,623.0341,0.27590993,6573.1187,3.3753257,0,,,,,48.53045575136138,0.0007288078,778.301256162915,0.0007328548,0.050407853,0.06894499
1.0005913,0.0005136899,0,0.0031631526,48.53040285168953,778.2985990930943,6567,5385.933,2.763364,622.96985,0.27553052,6575.8496,3.375951,0,,,,,48.53040285168953,0.00072913885,778.2985990930943,0.00073332567,0.05037721,0.06855107
0.99931306,0.0005134654,0,0.00316268,48.52935709002762,778.2986845811804,6568,5379.5645,2.7625167,622.82965,0.2755987,6567.4487,3.3744757,0,,,,,48.52935709002762,0.000729873,778.2986845811804,0.0007340152,0.050205156,0.0692549
0.99985987,0.0005135905,0,0.0031622068,48.53097988386456,778.2989623958225,6569,5382.9854,2.7630506,622.54974,0.27606896,6571.0425,3.375298,0,,,,,48.53097988386456,0.0007292717,778.2989623958225,0.00073349325,0.050330017,0.06911437
1.0001123,0.00051355927,0,0.0031617335,48.52827129562492,778.2993335722806,6570,5383.418,2.762976,622.58136,0.27588493,6572.701,3.3750925,0,,,,,48.52827129562492,0.0007282178,778.2993335722806,0.0007323961,0.050344467,0.06902947
1.0004426,0.0005136102,0,0.0031612602,48.52899944861485,778.2991185424557,6571,5385.006,2.7634566,622.98584,0.2757757,6574.872,3.3754272,0,,,,,48.52899944861485,0.0007286718,778.2991185424557,0.0007329209,0.05057554,0.069041245
1.0005853,0.00051367685,0,0.0031607861,48.5307789060159,778.2999504874746,6572,5386.306,2.7635283,622.725,0.27593884,6575.81,3.3758655,0,,,,,48.5307789060159,0.00072875526,778.2999504874746,0.0007328255,0.050767303,0.068699166
1.0001594,0.00051353086,0,0.003160312,48.52910842255861,778.2983594260725,6573,5382.893,2.7632065,623.53265,0.27581763,6573.0107,3.374906,0,,,,,48.52910842255861,0.0007298046,778.2983594260725,0.00073421746,0.050555915,0.06799412
0.99965936,0.00051353464,0,0.0031598378,48.52938999530774,778.2975040987235,6574,5380.8467,2.762768,624.1566,0.27564716,6569.7246,3.3749309,0,,,,,48.52938999530774,0.0007292073,778.2975040987235,0.0007335407,0.050758608,0.06857051
1.0008321,0.0005136886,0,0.003159363,48.530215558831785,778.2994365337174,6575,5387.1426,2.7635288,623.6361,0.27579397,6577.4316,3.3759427,0,,,,,48.530215558831785,0.0007289911,778.2994365337174,0.00073305663,0.050869327,0.06880252
0.99981374,0.00051354035,0,0.003158888,48.530533437135915,778.299040697515,6576,5381.274,2.7628675,623.19464,0.27587372,6570.7393,3.3749685,0,,,,,48.530533437135915,0.0007292727,778.299040697515,0.00073349476,0.050717212,0.06860171
0.9987863,0.00051341346,0,0.0031584129,48.5311348505806,778.2988573437106,6577,5376.2607,2.7623582,623.4872,0.27599043,6563.987,3.3741345,0,,,,,48.5311348505806,0.0007300343,778.2988573437106,0.0007342616,0.050872993,0.06791481
0.9989604,0.00051347155,0,0.0031579374,48.52988674164848,778.2988380680029,6578,5377.459,2.7626932,623.6274,0.27565414,6565.131,3.374516,0,,,,,48.52988674164848,0.0007303718,778.2988380680029,0.000734636,0.051173538,0.0684212
0.99876726,0.0005134397,0,0.0031574615,48.527884146869496,778.2987808382954,6579,5376.479,2.7624826,624.42065,0.27592385,6563.862,3.374307,0,,,,,48.527884146869496,0.0007299487,778.2987808382954,0.00073417946,0.0505227,0.068164766
1.0003355,0.0005136242,0,0.0031569854,48.52857286631249,778.2986424550993,6580,5385.113,2.763264,623.7533,0.27579275,6574.168,3.3755195,0,,,,,48.52857286631249,0.00072860776,778.2986424550993,0.0007328376,0.050916485,0.06829265
1.0008231,0.0005136552,0,0.0031565093,48.53052555574166,778.299246979347,6581,5387.9346,2.7636235,623.0582,0.2759778,6577.373,3.3757231,0,,,,,48.53052555574166,0.00072855473,778.299246979347,0.0007326651,0.050840657,0.06841839
1.000229,0.0005136209,0,0.0031560324,48.52827146282363,778.3011277169339,6582,5384.501,2.7633657,623.17444,0.2759112,6573.4688,3.3754978,0,,,,,48.52827146282363,0.00072818185,778.3011277169339,0.00073216064,0.050943956,0.068509474
0.9994036,0.0005135297,0,0.0031555556,48.52939582205575,778.2970796794689,6583,5380.0127,2.7628584,623.9023,0.27568984,6568.044,3.3748984,0,,,,,48.52939582205575,0.0007296311,778.2970796794689,0.00073412486,0.050540023,0.06801975
1.0007266,0.0005136422,0,0.0031550785,48.53035282492675,778.2990843575033,6584,5387.0195,2.763537,623.80133,0.27566037,6576.739,3.3756378,0,,,,,48.53035282492675,0.0007284462,778.2990843575033,0.00073273585,0.051117346,0.06821645
0.99981874,0.00051354495,0,0.003154601,48.53117966104944,778.2987628323256,6585,5382.1074,2.762955,623.2411,0.27577806,6570.772,3.3749986,0,,,,,48.53117966104944,0.00072902814,778.2987628323256,0.00073325,0.050958645,0.06852455
0.9994578,0.00051348103,0,0.0031541232,48.5308878653107,778.2996229216669,6586,5379.905,2.7628386,623.3706,0.27577385,6568.4,3.3745785,0,,,,,48.5308878653107,0.0007297511,778.2996229216669,0.00073388824,0.05148067,0.06888853
1.0008656,0.0005136576,0,0.0031536452,48.529758612483654,778.299042093561,6587,5388.2124,2.7636046,623.48254,0.27586687,6577.652,3.3757386,0,,,,,48.529758612483654,0.0007285981,778.299042093561,0.00073275156,0.051395185,0.06915322
0.99912834,0.00051355414,0,0.003153167,48.530007376356515,778.2997174644818,6588,5378.353,2.7626026,623.19995,0.2759778,6566.235,3.375059,0,,,,,48.530007376356515,0.000729341,778.2997174644818,0.00073345867,0.05124034,0.06898282
1.0001897,0.0005136316,8192,0.0031526883,48.53053918925737,778.3005041250892,6589,5383.934,2.7633526,623.24286,0.27595428,6573.21,3.3755682,8192,,,,,48.53053918925737,0.0007293186,778.3005041250892,0.00073332316,0.05048245,0.06920184
0.9986657,0.00051350356,0,0.0031522096,48.530112443395076,778.2986106581296,6590,5376.141,2.762381,624.2593,0.2759741,6563.1943,3.3747265,0,,,,,48.530112443395076,0.0007303087,778.2986106581296,0.0007345721,0.051049117,0.068946175
0.9987042,0.00051341223,0,0.0031517304,48.53118537893632,778.3009351435803,6591,5376.159,2.7624779,624.819,0.27561545,6563.4473,3.3741264,0,,,,,48.53118537893632,0.0007299977,778.3009351435803,0.0007340718,0.051172342,0.06920942
1.0005759,0.0005136664,0,0.003151251,48.53087140960655,778.2995833946459,6592,5385.5127,2.7634282,623.31885,0.2757141,6575.7485,3.3757968,0,,,,,48.53087140960655,0.00072903174,778.2995833946459,0.0007331932,0.05147432,0.068751834
1.0001122,0.00051358517,0,0.0031507714,48.52957620944773,778.2985983341656,6593,5383.628,2.7630856,622.8728,0.27602106,6572.7007,3.375263,0,,,,,48.52957620944773,0.0007293777,778.2985983341656,0.00073365617,0.05118353,0.069010094
1.0003968,0.00051362265,0,0.0031502913,48.53012113803024,778.3002428170003,6594,5385.7104,2.7633963,623.65424,0.27584285,6574.5713,3.3755093,0,,,,,48.53012113803024,0.0007287764,778.3002428170003,0.0007329504,0.051573247,0.06898582
0.99943787,0.0005135768,0,0.0031498112,48.53005794010476,778.2993370295568,6595,5379.9536,2.7628732,624.38293,0.27635747,6568.269,3.375208,0,,,,,48.53005794010476,0.0007301109,778.2993370295568,0.00073436106,0.051194366,0.069092244
0.99870706,0.0005135119,0,0.0031493306,48.5303588290663,778.2995050456163,6596,5376.932,2.7624526,623.8157,0.27585566,6563.4663,3.3747814,0,,,,,48.5303588290663,0.0007296271,778.2995050456163,0.00073380925,0.051495988,0.06964374
1.0002757,0.000513625,0,0.0031488498,48.53091687213001,778.2989909544716,6597,5385.472,2.763341,623.1927,0.27593338,6573.7754,3.3755248,0,,,,,48.53091687213001,0.00072827336,778.2989909544716,0.0007324404,0.05173693,0.069645606
1.000546,0.00051366753,0,0.0031483688,48.531084206837484,778.2995311567557,6598,5386.173,2.7635338,623.91113,0.27568617,6575.552,3.3758042,0,,,,,48.531084206837484,0.0007287482,778.2995311567557,0.00073287816,0.05127537,0.06980541
1.0000713,0.0005137236,0,0.0031478873,48.52973086634838,778.3006997666313,6599,5385.0396,2.7634046,624.31256,0.27571657,6572.4316,3.3761725,0,,,,,48.52973086634838,0.0007296256,778.3006997666313,0.0007336434,0.051276803,0.07072504
1.000273,0.00051373267,0,0.0031474058,48.52969191006632,778.3015150215219,6600,5386.1606,2.76343,623.415,0.2754722,6573.758,3.3762324,0,,,,,48.52969191006632,0.0007288906,778.3015150215219,0.0007329706,0.051377,0.070847265
1.0004172,0.00051370414,0,0.0031469238,48.53066674453254,778.3005780582969,6601,5386.1064,2.763565,623.89087,0.27576932,6574.705,3.3760448,0,,,,,48.53066674453254,0.00072899915,778.3005780582969,0.0007328746,0.051188372,0.07023506
1.0004815,0.0005136854,0,0.0031464417,48.52976101901864,778.3005460773334,6602,5386.875,2.7635918,623.8892,0.27579418,6575.1274,3.3759215,0,,,,,48.52976101901864,0.00072942505,778.3005460773334,0.00073352945,0.05124471,0.070810795
1.0009828,0.00051374116,0,0.0031459592,48.52928363715887,778.3014189246198,6603,5389.3545,2.7637353,623.5882,0.2758648,6578.422,3.376288,0,,,,,48.52928363715887,0.00072904513,778.3014189246198,0.0007330346,0.051305678,0.07068931
1.0006723,0.0005137108,0,0.0031454763,48.53194232271589,778.3008120258197,6604,5386.9917,2.7634997,624.32117,0.27586088,6576.382,3.3760886,0,,,,,48.53194232271589,0.0007285042,778.3008120258197,0.0007325327,0.05105665,0.07086096
1.0006299,0.0005136802,0,0.0031449934,48.530587441127594,778.3023069515787,6605,5387.088,2.7635813,623.65247,0.27578592,6576.103,3.3758876,0,,,,,48.530587441127594,0.0007282924,778.3023069515787,0.0007322018,0.05185115,0.07143134
1.0001705,0.0005136732,0,0.00314451,48.53134814061503,778.300262423174,6606,5384.9395,2.7633047,623.74603,0.27600813,6573.084,3.3758414,0,,,,,48.53134814061503,0.0007290934,778.300262423174,0.00073312956,0.051655777,0.07070567
1.0007886,0.0005137054,0,0.0031440265,48.531966380977465,778.2997587497297,6607,5387.725,2.7637746,623.57837,0.2759181,6577.1455,3.3760533,0,,,,,48.531966380977465,0.0007288929,778.2997587497297,0.00073299505,0.051835757,0.07091611
1.0010958,0.000513721,0,0.0031435427,48.530643100829245,778.3013671945816,6608,5389.4966,2.7637968,623.58466,0.27594015,6579.1646,3.3761556,0,,,,,48.530643100829245,0.00072816346,778.3013671945816,0.00073213276,0.051960256,0.071329854
1.0007284,0.00051380094,0,0.0031430586,48.529849370725685,778.3016637626843,6609,5388.274,2.76387,623.8183,0.27598146,6576.7505,3.3766809,0,,,,,48.529849370725685,0.0007292002,778.3016637626843,0.0007331372,0.0518516,0.07150908
1.0001986,0.0005136295,0,0.003142574,48.53113937092252,778.3016805468648,6610,5385.105,2.763318,623.7377,0.27595896,6573.2686,3.3755543,0,,,,,48.53113937092252,0.000729429,778.3016805468648,0.0007332146,0.05184101,0.07189542
1.0003256,0.00051367027,0,0.0031420894,48.53048139739785,778.302012234537,6611,5385.922,2.7635262,623.94635,0.27574378,6574.103,3.3758223,0,,,,,48.53048139739785,0.0007288559,778.302012234537,0.00073288596,0.05227019,0.07186245
1.0004891,0.00051370537,0,0.0031416044,48.53460080724313,778.3015088044384,6612,5387.261,2.763695,623.9828,0.27570224,6575.1777,3.3760529,0,,,,,48.53460080724313,0.0007285962,778.3015088044384,0.0007323089,0.05228359,0.07152914
1.0001279,0.0005136907,0,0.0031411191,48.53114092348632,778.3016530301595,6613,5385.211,2.7634914,624.7187,0.27595463,6572.8037,3.3759565,0,,,,,48.53114092348632,0.0007292982,778.3016530301595,0.0007332671,0.05203295,0.07195004
0.99988943,0.0005136279,0,0.0031406337,48.53089790570162,778.3007047916452,6614,5383.839,2.763218,623.77167,0.2759631,6571.237,3.3755438,0,,,,,48.53089790570162,0.0007290451,778.3007047916452,0.0007331011,0.051929764,0.071611434
1.0009305,0.0005137707,0,0.003140148,48.53147204973178,778.3015466679484,6615,5389.7075,2.7638874,623.95,0.2759697,6578.0786,3.376482,0,,,,,48.53147204973178,0.0007289282,778.3015466679484,0.0007328637,0.051974937,0.07181575
1.0020245,0.0005138878,0,0.0031396619,48.532071310819084,778.3007455800516,6616,5395.778,2.7645917,624.1529,0.275596,6585.2686,3.3772516,0,,,,,48.532071310819084,0.0007283613,778.3007455800516,0.00073233095,0.052145544,0.07226637
1.0009254,0.0005137784,0,0.0031391755,48.531887777364645,778.3019627740238,6617,5389.173,2.7638414,624.281,0.27587792,6578.0454,3.376533,0,,,,,48.531887777364645,0.0007289932,778.3019627740238,0.0007328891,0.052136425,0.071853034
1.0008737,0.0005137614,0,0.0031386889,48.53026482054547,778.3023966253625,6618,5389.369,2.763934,623.54407,0.27571937,6577.705,3.3764212,0,,,,,48.53026482054547,0.0007281369,778.3023966253625,0.000732103,0.05214395,0.072125725
1.0004815,0.0005137421,0,0.003138202,48.530578320708116,778.3013071370605,6619,5387.4053,2.7638173,624.09033,0.2759885,6575.128,3.3762941,0,,,,,48.530578320708116,0.0007294285,778.3013071370605,0.0007334749,0.052304454,0.07153863
0.99977654,0.00051364355,0,0.0031377147,48.531229928530145,778.3013180781014,6620,5382.8984,2.7632663,624.65686,0.2760227,6570.4946,3.3756466,0,,,,,48.531229928530145,0.0007293806,778.3013180781014,0.00073340494,0.052354433,0.07178773
0.99962807,0.0005136119,0,0.0031372274,48.53016308619648,778.3017271806436,6621,5382.6797,2.7631168,624.86194,0.27565253,6569.519,3.3754387,0,,,,,48.53016308619648,0.0007278132,778.3017271806436,0.00073155883,0.052323416,0.07213121
1.0003673,0.0005137755,8192,0.0031367396,48.530165683332044,778.302351835184,6622,5386.354,2.7637575,625.22235,0.2756375,6574.3774,3.3765137,8192,,,,,48.530165683332044,0.000729835,778.302351835184,0.0007337527,0.05259777,0.07241273
0.99964917,0.00051365787,0,0.0031362516,48.53084118396255,778.3009584749757,6623,5382.519,2.7632513,624.0279,0.27577618,6569.6577,3.3757405,0,,,,,48.53084118396255,0.0007292083,778.3009584749757,0.00073320395,0.052223112,0.071954384
1.0005511,0.0005137396,0,0.0031357633,48.53047215310026,778.3009609281097,6624,5387.779,2.763705,624.4627,0.27583432,6575.5854,3.3762777,0,,,,,48.53047215310026,0.00072809216,778.3009609281097,0.0007320793,0.05203121,0.071447134
1.0004746,0.00051372306,0,0.0031352746,48.53128414877999,778.3020447121537,6625,5387.3433,2.7637625,624.90765,0.27582693,6575.0825,3.3761692,0,,,,,48.53128414877999,0.0007291018,778.3020447121537,0.00073300157,0.05285902,0.072523914
1.0004212,0.0005137746,8192,0.003134786,48.53402601138269,778.301437326214,6626,5386.621,2.7637317,624.686,0.27593845,6574.7314,3.3765075,8192,,,,,48.53402601138269,0.00072839693,778.301437326214,0.000732049,0.05279078,0.07176812
1.0001884,0.00051369285,0,0.0031342967,48.53141541788541,778.3038372848433,6627,5385.8496,2.7635677,624.4711,0.27593714,6573.201,3.3759706,0,,,,,48.53141541788541,0.0007287044,778.3038372848433,0.00073235057,0.052872304,0.07271412
1.0000882,0.0005137111,8192,0.0031338073,48.532669072273194,778.3015806412471,6628,5385.436,2.7635894,623.78485,0.2759007,6572.5435,3.3760905,8192,,,,,48.532669072273194,0.00072927563,778.3015806412471,0.0007331322,0.0526395,0.072351664
1.0000173,0.00051369006,0,0.0031333177,48.5309131114252,778.3025189371517,6629,5384.1113,2.763313,624.2725,0.275818,6572.0767,3.3759522,0,,,,,48.5309131114252,0.0007294711,778.3025189371517,0.0007332852,0.052356984,0.07217953
1.0010368,0.00051375554,0,0.0031328278,48.53117604802685,778.3037982497368,6630,5389.7686,2.7640011,625.0309,0.2758575,6578.777,3.3763826,0,,,,,48.53117604802685,0.00072930957,778.3037982497368,0.0007330905,0.052532382,0.072678834
1.0007988,0.00051381125,0,0.0031323375,48.53173320223286,778.3042244709575,6631,5388.994,2.7640102,623.8775,0.27573514,6577.2134,3.3767488,0,,,,,48.53173320223286,0.0007288966,778.3042244709575,0.0007326456,0.05238948,0.072758265
1.0026938,0.0005139879,0,0.0031318471,48.531572783363714,778.3023786487378,6632,5398.7188,2.7649963,624.25964,0.2758645,6589.667,3.3779097,0,,,,,48.531572783363714,0.0007284619,778.3023786487378,0.00073229836,0.05235064,0.07255989
1.0005207,0.0005137651,0,0.0031313563,48.53201259664826,778.3026753593101,6633,5386.882,2.763711,624.7609,0.27590495,6575.3853,3.3764453,0,,,,,48.53201259664826,0.00072902924,778.3026753593101,0.0007328117,0.053086486,0.07315057
1.0005034,0.00051369856,0,0.0031308653,48.53240603444008,778.3032055546284,6634,5387.067,2.7636783,625.2081,0.2758562,6575.2715,3.3760083,0,,,,,48.53240603444008,0.00072895794,778.3032055546284,0.00073269114,0.052681573,0.07287543
0.9996316,0.0005136283,0,0.003130374,48.531900429647436,778.3022817394525,6635,5382.1177,2.7631586,624.7641,0.27570167,6569.542,3.3755465,0,,,,,48.531900429647436,0.000729379,778.3022817394525,0.00073307496,0.052351765,0.07255187
1.0007399,0.0005137724,0,0.0031298823,48.53104709617054,778.3028706415045,6636,5387.8955,2.7637558,624.8653,0.27584794,6576.826,3.3764937,0,,,,,48.53104709617054,0.00072840054,778.3028706415045,0.00073222996,0.052753184,0.07290775
1.0005244,0.00051379006,0,0.0031293905,48.53304297105809,778.3030965916582,6637,5387.627,2.7637918,624.55634,0.27562803,6575.4097,3.3766093,0,,,,,48.53304297105809,0.00072856614,778.3030965916582,0.00073226244,0.052817594,0.07305196
1.0010214,0.00051381974,0,0.0031288983,48.53263492450351,778.3033234285482,6638,5390.067,2.764168,624.9087,0.27575445,6578.6763,3.3768046,0,,,,,48.53263492450351,0.00072858337,778.3033234285482,0.00073237356,0.053045236,0.07308055
0.9987013,0.0005136062,0,0.003128406,48.532887375666014,778.3031970510764,6639,5377.7515,2.7627614,624.9587,0.276018,6563.428,3.375401,0,,,,,48.532887375666014,0.0007307051,778.3031970510764,0.0007344787,0.052805766,0.07336863
0.9991566,0.0005136136,0,0.0031279132,48.53300024633401,778.3021756381282,6640,5380.659,2.7630088,624.79126,0.27552396,6566.4204,3.3754497,0,,,,,48.53300024633401,0.0007301437,778.3021756381282,0.000733932,0.05310616,0.07269456
1.0000916,0.0005137136,0,0.00312742,48.53176717834739,778.3033790918093,6641,5385.9214,2.7635632,623.8427,0.27593854,6572.565,3.376107,0,,,,,48.53176717834739,0.0007290989,778.3033790918093,0.0007329045,0.053485077,0.0729806
1.0010229,0.00051374274,0,0.003126927,48.53311545215196,778.3024806154432,6642,5391.013,2.763945,622.9432,0.27602386,6578.686,3.3762984,0,,,,,48.53311545215196,0.0007279457,778.3024806154432,0.00073181663,0.0534305,0.07221552
0.99998015,0.00051371654,0,0.0031264334,48.53385888906933,778.3029412408464,6643,5386.0156,2.7635953,623.5495,0.2759909,6571.833,3.3761263,0,,,,,48.53385888906933,0.0007293252,778.3029412408464,0.00073298684,0.053815357,0.07315341
0.99971604,0.00051375,8192,0.0031259395,48.53332895672373,778.3031959367119,6644,5384.81,2.7636824,625.2016,0.27582636,6570.097,3.376346,8192,,,,,48.53332895672373,0.000729625,778.3031959367119,0.0007333346,0.05354572,0.074032344
1.0000728,0.0005137452,0,0.0031249512,48.53308934688101,778.3023451928946,6646,5386.607,2.7635672,623.973,0.27602646,6572.4424,3.3763144,0,,,,,48.53308934688101,0.0007284568,778.3023451928946,0.0007323747,0.05389971,0.073393576
1.0007471,0.0005137752,0,0.0031244564,48.53276043130113,778.3029112980715,6647,5390.1465,2.7640183,624.87213,0.27573067,6576.8735,3.376512,0,,,,,48.53276043130113,0.0007287323,778.3029112980715,0.00073238654,0.05392437,0.07384303
0.99984455,0.0005136016,0,0.0031239616,48.53315231735627,778.3027627924021,6648,5384.587,2.7634335,624.3521,0.27578157,6570.942,3.3753707,0,,,,,48.53315231735627,0.00072892464,778.3027627924021,0.0007327083,0.053634964,0.07377929
0.9994988,0.000513669,0,0.0031234664,48.533172329031636,778.303532385656,6649,5383.3896,2.7633722,624.8633,0.2759569,6568.6694,3.3758137,0,,,,,48.533172329031636,0.00072934054,778.303532385656,0.0007330552,0.0536395,0.073947765
1.0004299,0.0005137185,0,0.003122971,48.534454698650464,778.3036494155906,6650,5388.948,2.7638843,624.9388,0.27608138,6574.788,3.3761394,0,,,,,48.534454698650464,0.0007293083,778.3036494155906,0.0007329337,0.054249298,0.07399479
1.0001298,0.0005137059,0,0.0031224752,48.53361067519545,778.3039858274784,6651,5386.7397,2.763762,624.7127,0.27632505,6572.817,3.3760562,0,,,,,48.53361067519545,0.00072857103,778.3039858274784,0.0007321633,0.054230563,0.07407218
1.0001339,0.00051370676,0,0.003121979,48.534025361191766,778.3034403977782,6652,5387.0522,2.7638412,625.5961,0.27588168,6572.8433,3.376062,0,,,,,48.534025361191766,0.0007295255,778.3034403977782,0.00073319394,0.05405814,0.074642055
1.0007592,0.00051375694,0,0.003121483,48.53412027848804,778.3047841660873,6653,5390.331,2.7641668,625.679,0.27573812,6576.953,3.376392,0,,,,,48.53412027848804,0.0007287113,778.3047841660873,0.0007321908,0.05433516,0.07491386
0.99986446,0.0005136492,0,0.0031209863,48.5330974654053,778.3036950965885,6654,5384.6367,2.763589,625.9576,0.27597558,6571.0728,3.3756838,0,,,,,48.5330974654053,0.0007296818,778.3036950965885,0.00073333055,0.05398824,0.074269
1.0004936,0.00051375426,0,0.0031204894,48.53233585341067,778.3050739913456,6655,5388.5825,2.7639248,624.724,0.27591214,6575.2075,3.376374,0,,,,,48.53233585341067,0.00072885636,778.3050739913456,0.0007325007,0.054017685,0.07446231
1.0006005,0.00051374227,0,0.0031199923,48.53238626929813,778.3044892872565,6656,5389.428,2.7641363,625.0672,0.27592033,6575.909,3.3762953,0,,,,,48.53238626929813,0.0007285984,778.3044892872565,0.00073213864,0.05395729,0.07467206
1.000034,0.0005136868,0,0.003119495,48.53240459231059,778.3030781208143,6657,5385.6416,2.763629,625.60815,0.27609417,6572.187,3.3759308,0,,,,,48.53240459231059,0.0007300953,778.3030781208143,0.0007338985,0.054184403,0.07420436
0.99992806,0.00051363645,0,0.0031189972,48.53288265817597,778.30342045009,6658,5385.3843,2.763706,625.4397,0.2760826,6571.4907,3.3755999,0,,,,,48.53288265817597,0.00072913466,778.30342045009,0.0007328324,0.053914122,0.07430325
1.000596,0.0005137661,0,0.0031184992,48.5331608798725,778.3041063874423,6659,5389.6377,2.7642007,624.83466,0.27614355,6575.8804,3.376452,0,,,,,48.5331608798725,0.0007287695,778.3041063874423,0.0007323026,0.054121174,0.074541666
0.9998718,0.00051377964,128,0.0031180012,48.53413294407598,778.3037849523964,6660,5385.33,2.764402,625.5868,0.27604222,6571.1206,3.376541,128,,,,,48.53413294407598,0.00072918687,778.3037849523964,0.00073277793,0.05432979,0.07437729
1.000131,0.00051371614,0,0.0031175027,48.53366329108606,778.3044595255026,6661,5386.6943,2.7638505,625.2365,0.2758283,6572.824,3.3761237,0,,,,,48.53366329108606,0.0007286492,778.3044595255026,0.0007323223,0.054718837,0.07496618
1.0005761,0.00051376485,0,0.003117004,48.53411082703733,778.3053742678908,6662,5389.723,2.7643244,625.7385,0.2760277,6575.7495,3.3764439,0,,,,,48.53411082703733,0.00072928297,778.3053742678908,0.0007331466,0.054587223,0.074975826
1.0006562,0.00051378907,0,0.0031165048,48.53447252266398,778.3055161245162,6663,5390.367,2.7643092,625.6795,0.2759837,6576.2764,3.3766031,0,,,,,48.53447252266398,0.00072917034,778.3055161245162,0.00073262077,0.054968067,0.07534686
1.0011652,0.0005138496,0,0.0031160056,48.53427955995948,778.3048263465132,6664,5393.0723,2.7645354,625.97363,0.27608207,6579.621,3.3770008,0,,,,,48.53427955995948,0.00072809233,778.3048263465132,0.0007317791,0.054901388,0.075093284
1.0004355,0.0005137223,0,0.003115506,48.534509533094784,778.3042530628005,6665,5389.357,2.7641869,626.6385,0.27602512,6574.825,3.3761642,0,,,,,48.534509533094784,0.0007295361,778.3042530628005,0.0007331329,0.055784896,0.07508422
1.0013341,0.00051384396,0,0.003115006,48.53659409944748,778.3048424040268,6666,5394.054,2.7647557,627.0023,0.27608564,6580.731,3.3769639,0,,,,,48.53659409944748,0.0007291981,778.3048424040268,0.00073277426,0.055864524,0.07519115
1.0002842,0.00051366986,0,0.003114506,48.534118312989754,778.3059478414245,6667,5387.791,2.7638633,625.72955,0.2758718,6573.831,3.3758194,0,,,,,48.534118312989754,0.00072891294,778.3059478414245,0.0007323463,0.05570947,0.07492124
1.0015776,0.0005138343,0,0.0031140056,48.53312010975766,778.3056144619765,6668,5395.0835,2.7647412,626.3426,0.27580357,6582.331,3.3769002,0,,,,,48.53312010975766,0.0007286643,778.3056144619765,0.00073207694,0.056076705,0.07572071
0.99938875,0.0005136348,0,0.0031135047,48.53446858961353,778.3042083995866,6669,5383.55,2.7636843,626.4564,0.27608156,6567.9463,3.3755894,0,,,,,48.53446858961353,0.0007292206,778.3042083995866,0.0007328625,0.055842556,0.07510521
1.0011501,0.0005138956,0,0.003113004,48.53363278523878,778.3045261498197,6670,5392.605,2.764906,629.0556,0.2759902,6579.522,3.377303,0,,,,,48.53363278523878,0.00072893087,778.3045261498197,0.0007311461,0.055816334,0.075229734
1.0009222,0.0005138188,0,0.0031125026,48.53600214396786,778.3046336179262,6671,5392.249,2.764543,626.6002,0.27605087,6578.0244,3.3767984,0,,,,,48.53600214396786,0.00072847505,778.3046336179262,0.00073203887,0.055750065,0.0752958
0.99944794,0.0005136141,0,0.003112001,48.53625600643178,778.3050533728898,6672,5384.3833,2.7637064,626.68774,0.27584797,6568.3354,3.375453,0,,,,,48.53625600643178,0.00072971685,778.3050533728898,0.0007330458,0.05570016,0.07543536
0.9999156,0.0005136789,0,0.0031114994,48.535957373697656,778.3062033225426,6673,5386.678,2.7639596,626.7702,0.2758495,6571.4087,3.3758788,0,,,,,48.535957373697656,0.0007286637,778.3062033225426,0.0007320753,0.055743393,0.07542133
1.0009689,0.00051386334,0,0.0031109971,48.53561639366845,778.305541349544,6674,5393.2466,2.764677,626.1986,0.2757377,6578.3315,3.377091,0,,,,,48.53561639366845,0.0007290475,778.305541349544,0.00073249557,0.056211278,0.07579867
0.99956894,0.0005136355,0,0.003110495,48.533954841762416,778.305075830717,6675,5386.512,2.7640495,627.54236,0.27606067,6569.1304,3.375594,0,,,,,48.533954841762416,0.00073007745,778.305075830717,0.00073368236,0.056116577,0.0761122
1.0007463,0.00051344564,0,0.0031099922,48.53535058255042,778.3068318660266,6676,5391.836,2.7646039,626.52136,0.27610716,6576.8677,3.3743458,0,,,,,48.53535058255042,0.00072844606,778.3068318660266,0.0007317036,0.05590159,0.075004
1.0008367,0.0005133462,0,0.0031094893,48.535340988371146,778.3053956178043,6677,5392.6416,2.7646925,627.416,0.27588037,6577.4624,3.3736925,0,,,,,48.535340988371146,0.0007290243,778.3053956178043,0.00073234143,0.055952106,0.07519818
0.9996154,0.00051337574,0,0.0031089862,48.53496809198449,778.3050230985358,6678,5386.3467,2.7640405,626.6161,0.27590805,6569.4355,3.3738866,0,,,,,48.53496809198449,0.0007294158,778.3050230985358,0.00073288736,0.055944685,0.07613512
0.99992687,0.0005134882,0,0.0031084828,48.53539419818676,778.3062481241037,6679,5387.416,2.7640598,626.03125,0.27600154,6571.483,3.3746254,0,,,,,48.53539419818676,0.00072895235,778.3062481241037,0.00073244656,0.056072928,0.075922474
0.99996984,0.00051357044,8192,0.003107979,48.536298050546485,778.3065153269008,6680,5388.2964,2.7640965,626.569,0.27595735,6571.765,3.3751662,8192,,,,,48.536298050546485,0.0007297655,778.3065153269008,0.00073312916,0.056438453,0.07608845
1.0000516,0.00051367894,0,0.0031074751,48.53679416898025,778.306808860345,6681,5388.709,2.7642562,627.2734,0.27623212,6572.3027,3.3758793,0,,,,,48.53679416898025,0.0007290658,778.306808860345,0.000732496,0.056828965,0.07642735
1.0011638,0.00051371724,0,0.0031069708,48.53481709592311,778.3067997440269,6682,5393.9727,2.7647128,626.6596,0.2757247,6579.6123,3.376131,0,,,,,48.53481709592311,0.00072886195,778.3067997440269,0.0007321737,0.0562402,0.07603762
0.9997456,0.0005135559,0,0.0031064663,48.535568600469695,778.307139503608,6683,5386.664,2.7639937,627.55054,0.27583975,6570.2915,3.3750706,0,,,,,48.535568600469695,0.0007300464,778.307139503608,0.00073327514,0.05652929,0.076835744
0.9985062,0.0005134233,0,0.0031059615,48.53526315297328,778.3064099210479,6684,5379.567,2.7632046,627.3452,0.27568522,6562.146,3.374199,0,,,,,48.53526315297328,0.0007301659,778.3064099210479,0.0007335431,0.05652379,0.076326676
1.0005186,0.0005137487,0,0.0031054565,48.53582872073379,778.3065935825141,6685,5390.384,2.7644765,627.1545,0.27650157,6575.371,3.3763375,0,,,,,48.53582872073379,0.0007284894,778.3065935825141,0.0007318896,0.0566063,0.077113226
1.0004592,0.00051370857,0,0.003104951,48.534268742648756,778.308307625381,6686,5389.996,2.764388,627.5743,0.27609593,6574.981,3.376074,0,,,,,48.534268742648756,0.0007284377,778.308307625381,0.0007315794,0.0563857,0.07764516
0.9997362,0.00051370764,0,0.0031044455,48.534994137802585,778.306796581533,6687,5386.2827,2.7639642,626.3859,0.27585194,6570.2295,3.3760679,0,,,,,48.534994137802585,0.00072998693,778.306796581533,0.00073306455,0.056315903,0.07758558
0.99976873,0.0005136016,0,0.0031039396,48.534278889702406,778.3067367099649,6688,5385.578,2.763881,626.72675,0.275973,6570.4434,3.375371,0,,,,,48.534278889702406,0.00073021004,778.3067367099649,0.0007334627,0.05596631,0.07701997
1.0004333,0.00051369955,0,0.0031034334,48.53533564564103,778.3077899385015,6689,5389.2476,2.764458,626.74725,0.2758642,6574.811,3.3760145,0,,,,,48.53533564564103,0.00072962535,778.3077899385015,0.0007329523,0.0563268,0.07743357
1.0003463,0.0005136909,0,0.003102927,48.535645531662176,778.3065813916221,6690,5389.477,2.7643178,627.35675,0.27625567,6574.2393,3.3759577,0,,,,,48.535645531662176,0.00072957965,778.3065813916221,0.00073284924,0.056193493,0.07733422
1.000872,0.0005137498,0,0.0031024201,48.53449010126542,778.3067581122557,6691,5391.8267,2.7645166,627.3347,0.27587068,6577.6943,3.376345,0,,,,,48.53449010126542,0.00072910904,778.3067581122557,0.0007324485,0.056024436,0.07689292
1.0000418,0.0005135982,0,0.0031019133,48.53529993758792,778.3065503475941,6692,5387.041,2.7639868,626.69885,0.2759133,6572.2383,3.3753486,0,,,,,48.53529993758792,0.000728835,778.3065503475941,0.0007322017,0.056171123,0.07708761
0.9998887,0.0005136592,0,0.003101406,48.53507332227562,778.3066113579772,6693,5386.7393,2.764126,627.6863,0.27572456,6571.232,3.3757496,0,,,,,48.53507332227562,0.0007301288,778.3066113579772,0.00073348184,0.056042433,0.07682119
1.0011084,0.0005138224,0,0.0031008983,48.53417077083747,778.306080739285,6694,5393.4004,2.7647772,626.97845,0.2758565,6579.248,3.3768222,0,,,,,48.53417077083747,0.0007297181,778.306080739285,0.00073312176,0.056003377,0.07687567
1.0010216,0.00051381235,0,0.0031003905,48.535392653644664,778.3068979884345,6695,5392.5513,2.7646165,626.8025,0.2759001,6578.6772,3.376756,0,,,,,48.535392653644664,0.0007292828,778.3068979884345,0.00073257065,0.055855878,0.07642585
0.9993089,0.00051363866,0,0.0030998825,48.535255360986085,778.3058468565756,6696,5384.12,2.7636874,627.1172,0.27597886,6567.4214,3.3756144,0,,,,,48.535255360986085,0.00073001324,778.3058468565756,0.0007333752,0.05620556,0.07738238
1.0001446,0.00051369896,0,0.0030993742,48.53623935998935,778.305838321588,6697,5388.107,2.7640412,625.8965,0.27601713,6572.9136,3.376011,0,,,,,48.53623935998935,0.0007286378,778.305838321588,0.0007321188,0.056427192,0.077405326
0.99988675,0.0005137188,8192,0.0030988655,48.53603292996169,778.307461980781,6698,5386.1533,2.7638612,626.08734,0.27590048,6571.219,3.3761413,8192,,,,,48.53603292996169,0.00072942534,778.307461980781,0.0007326428,0.056022402,0.07701354
1.0001826,0.00051380496,0,0.0030983565,48.53548911555228,778.3063664825388,6699,5388.733,2.7641428,627.14264,0.27596548,6573.1636,3.3767076,0,,,,,48.53548911555228,0.0007289653,778.3063664825388,0.0007323028,0.056378867,0.077476285
1.0013462,0.000513901,0,0.0030978476,48.5356949030763,778.3072061166977,6700,5395.0664,2.7648857,627.0565,0.27565694,6580.811,3.3773386,0,,,,,48.5356949030763,0.00072848063,778.3072061166977,0.00073185685,0.056363635,0.07764908
1.000523,0.00051383715,0,0.0030973381,48.53511677315826,778.3060465658481,6701,5390.4443,2.7645378,625.33765,0.2762983,6575.4004,3.3769188,0,,,,,48.53511677315826,0.00072868314,778.3060465658481,0.00073203456,0.056389637,0.077745505
0.99921113,0.0005137371,0,0.0030968282,48.53590683180295,778.3060846517885,6702,5384.4707,2.7638206,627.18164,0.27610594,6566.779,3.3762615,0,,,,,48.53590683180295,0.0007295273,778.3060846517885,0.00073288503,0.05665758,0.077673316
1.0014396,0.0005139559,0,0.0030963183,48.5347796457559,778.3067330907464,6703,5396.5405,2.7649825,626.73126,0.27586398,6581.4243,3.3776991,0,,,,,48.5347796457559,0.0007289306,778.3067330907464,0.00073231076,0.05659835,0.077694386
0.99995047,0.0005137215,0,0.003095808,48.53452516252859,778.3064767574481,6704,5387.8667,2.7640135,625.74994,0.27596217,6571.6377,3.376159,0,,,,,48.53452516252859,0.00072874385,778.3064767574481,0.0007322051,0.056779515,0.07730745
1.0000592,0.0005138033,0,0.0030947868,48.53409147322196,778.3076916878938,6706,5388.8174,2.7641287,626.1758,0.27574825,6572.353,3.3766963,0,,,,,48.53409147322196,0.00072919676,778.3076916878938,0.0007324287,0.056617945,0.07766373
0.9996196,0.00051369955,8192,0.0030942755,48.5344030777531,778.3063644734559,6707,5385.732,2.7638633,627.39856,0.27589944,6569.4634,3.3760147,8192,,,,,48.5344030777531,0.00072943966,778.3063644734559,0.00073290203,0.056613408,0.077760845
1.0004586,0.000513851,0,0.0030937642,48.536362092404744,778.3068075667418,6708,5390.7583,2.764357,626.3086,0.27586573,6574.977,3.3770099,0,,,,,48.536362092404744,0.00072954874,778.3068075667418,0.0007328161,0.056941207,0.07759475
0.99949855,0.0005137018,0,0.0030932527,48.5355533214924,778.3056096141944,6709,5385.5728,2.7637653,625.96735,0.2761534,6568.668,3.3760295,0,,,,,48.5355533214924,0.00072966795,778.3056096141944,0.0007330253,0.056931492,0.077601664
1.0007596,0.00051381026,0,0.0030927407,48.53446956543254,778.3066371306243,6710,5391.4785,2.7643774,626.59454,0.27610335,6576.955,3.3767421,0,,,,,48.53446956543254,0.00072955387,778.3066371306243,0.0007329526,0.056815524,0.07743249
1.0005302,0.0005138382,0,0.0030922284,48.53549850408589,778.3075184856694,6711,5390.963,2.764277,625.23627,0.27608874,6575.448,3.3769257,0,,,,,48.53549850408589,0.0007291483,778.3075184856694,0.00073235354,0.056917083,0.07750234
1.0001284,0.0005138331,8192,0.003091716,48.53525675286703,778.3076253647732,6712,5388.964,2.7641854,626.37885,0.27605218,6572.807,3.3768923,8192,,,,,48.53525675286703,0.00072930695,778.3076253647732,0.00073262537,0.056792296,0.07740852
1.0003703,0.0005137981,0,0.0030912033,48.53659778097704,778.3060775411768,6713,5389.82,2.764336,626.1832,0.27614596,6574.3965,3.3766623,0,,,,,48.53659778097704,0.00072971144,778.3060775411768,0.0007330896,0.056687795,0.07745713
1.0003293,0.00051373994,0,0.0030906904,48.535414368005014,778.3072766130801,6714,5390.4136,2.764483,626.0618,0.27623186,6574.1274,3.37628,0,,,,,48.535414368005014,0.00072879443,778.3072766130801,0.00073198543,0.056379955,0.07744058
0.99923223,0.00051365956,0,0.0030901772,48.53724194179058,778.3071829619314,6715,5384.6953,2.76383,627.4994,0.27605212,6566.9175,3.3757517,0,,,,,48.53724194179058,0.0007295372,778.3071829619314,0.00073275657,0.056793697,0.0773959
0.9998605,0.0005137094,0,0.0030896636,48.53527900709547,778.3060376467502,6716,5387.3135,2.764062,627.4432,0.27560145,6571.047,3.3760793,0,,,,,48.53527900709547,0.00072938605,778.3060376467502,0.0007328283,0.05651945,0.07727343
0.9994126,0.00051324524,0,0.0030886356,48.50042276548866,778.2584151322559,6718,5343.106,2.7611775,626.67456,0.2756642,6568.103,3.373029,0,,,,,48.50042276548866,0.00072911987,778.2584151322559,0.000738103,0.018645402,0.024321623
1.0004002,0.0005134339,0,0.0030881213,48.499368224423016,778.2581429015761,6719,5347.4336,2.7619617,627.069,0.27573436,6574.5938,3.3742688,0,,,,,48.499368224423016,0.0007279956,778.2581429015761,0.0007369959,0.018430697,0.02416893
0.99978065,0.00051332114,0,0.0030876067,48.501948702568804,778.2595649753534,6720,5344.7207,2.7612848,626.2685,0.27583018,6570.522,3.3735278,0,,,,,48.501948702568804,0.00072713033,778.2595649753534,0.00073577743,0.018488742,0.024472281
1.0005553,0.00051343674,0,0.0030870917,48.500761140424,778.2590577664438,6721,5349.2515,2.761845,627.37555,0.2758052,6575.613,3.3742874,0,,,,,48.500761140424,0.0007279458,778.2590577664438,0.0007371436,0.018788133,0.024592184
1.0007699,0.00051347853,0,0.0030865767,48.50293610684452,778.2594487391932,6722,5350.221,2.7620628,626.8526,0.27580094,6577.0225,3.3745623,0,,,,,48.50293610684452,0.0007276618,778.2594487391932,0.00073655415,0.018721584,0.024752615
0.9999268,0.0005133615,0,0.0030860612,48.50093735036893,778.2588304936999,6723,5345.207,2.7614758,626.96027,0.27571705,6571.4824,3.373793,0,,,,,48.50093735036893,0.00072796975,778.2588304936999,0.0007369177,0.018464642,0.024719913
1.0001954,0.0005133889,0,0.0030855455,48.50163781081466,778.2591206605758,6724,5346.054,2.7615147,626.99786,0.27555612,6573.247,3.3739731,0,,,,,48.50163781081466,0.000728041,778.2591206605758,0.00073685526,0.019650744,0.023470948
1.0006107,0.0005134597,0,0.0030850295,48.49989313609394,778.2574782514239,6725,5348.321,2.76186,627.0816,0.27591205,6575.977,3.374438,0,,,,,48.49989313609394,0.0007277608,778.2574782514239,0.0007369098,0.018865343,0.023654519
1.0004992,0.0005134589,0,0.0030845131,48.5011773545755,778.2581332383171,6726,5347.7173,2.7618744,627.2062,0.27592096,6575.2446,3.374433,0,,,,,48.5011773545755,0.00072823756,778.2581332383171,0.0007372306,0.019075522,0.023922477
1.0003535,0.0005134788,0,0.0030839967,48.50198452228459,778.258778064152,6727,5347.952,2.7619233,627.8284,0.27590322,6574.2866,3.3745642,0,,,,,48.50198452228459,0.0007279353,778.258778064152,0.0007368413,0.019144703,0.025243565
1.0001388,0.0005134246,0,0.0030834798,48.501132109916455,778.2596178048371,6728,5346.478,2.7617235,627.81055,0.27585396,6572.8755,3.3742075,0,,,,,48.501132109916455,0.0007281631,778.2596178048371,0.00073701004,0.018873625,0.025228359
0.9993267,0.0005133215,0,0.0030829627,48.50254355038102,778.2586910266186,6729,5341.712,2.7611828,628.23706,0.27595505,6567.5386,3.3735301,0,,,,,48.50254355038102,0.0007283495,778.2586910266186,0.000737297,0.01929605,0.024880948
0.9999048,0.00051339745,0,0.0030824454,48.50080380065198,778.259230793789,6730,5345.2188,2.7615514,627.68634,0.27586097,6571.338,3.3740294,0,,,,,48.50080380065198,0.00072865497,778.259230793789,0.000737565,0.019080823,0.024852492
1.0002327,0.00051345606,0,0.0030819278,48.50116851619717,778.2581602343752,6731,5347.5693,2.7617474,627.2213,0.27576312,6573.4927,3.3744144,0,,,,,48.50116851619717,0.0007273327,778.2581602343752,0.0007363588,0.019423515,0.024502387
0.99999994,0.00051342597,0,0.00308141,48.50116698995526,778.2580730162579,6732,5345.7207,2.7616386,627.5516,0.27596542,6571.963,3.3742166,0,,,,,48.50116698995526,0.00072845566,778.2580730162579,0.0007374848,0.01958282,0.024566738
0.99940646,0.0005133715,0,0.003080892,48.50226820830446,778.2603564439951,6733,5343.22,2.7613082,627.3315,0.27571282,6568.0625,3.3738587,0,,,,,48.50226820830446,0.0007285288,778.2603564439951,0.00073727855,0.019450085,0.024734352
0.99973303,0.00051339326,0,0.0030803734,48.50157997725555,778.2592525543477,6734,5345.0986,2.7614236,626.77405,0.2756956,6570.209,3.3740015,0,,,,,48.50157997725555,0.00072879845,778.2592525543477,0.0007376329,0.019230744,0.02499878
1.000617,0.0005134679,0,0.0030798547,48.501050274779644,778.2591314602953,6735,5349.026,2.7618923,626.4306,0.27608132,6576.0186,3.374492,0,,,,,48.501050274779644,0.00072789285,778.2591314602953,0.00073676585,0.018993994,0.02478144
1.000307,0.00051346957,0,0.0030793357,48.501816658004216,778.2609797060071,6736,5347.897,2.7619627,627.0563,0.27570146,6573.981,3.3745031,0,,,,,48.501816658004216,0.0007273237,778.2609797060071,0.0007360363,0.019253386,0.02536956
0.9997713,0.00051338697,0,0.0030788165,48.50212142305848,778.2596622089513,6737,5344.997,2.7614462,627.5307,0.27588218,6570.4604,3.3739605,0,,,,,48.50212142305848,0.0007283672,778.2596622089513,0.00073726906,0.019146712,0.024965309
0.99917257,0.0005132927,0,0.003078297,48.50156043759675,778.25760974624,6738,5340.68,2.7609575,626.5868,0.2757309,6566.5254,3.3733406,0,,,,,48.50156043759675,0.000727863,778.25760974624,0.0007369633,0.019411316,0.02461034
1.0001309,0.00051341945,8192,0.003077777,48.50155176964115,778.2588788164684,6739,5346.3564,2.7617216,627.9073,0.2758484,6572.823,3.3741739,8192,,,,,48.50155176964115,0.00072848366,778.2588788164684,0.0007375709,0.019587412,0.024789676
0.999534,0.00051338517,0,0.0030772572,48.50225505002097,778.2596527069563,6740,5343.5366,2.761348,626.8163,0.276336,6568.901,3.3739486,0,,,,,48.50225505002097,0.00072859984,778.2596527069563,0.00073752285,0.019472236,0.02485618
0.9996212,0.0005133486,0,0.0030767368,48.50128170163018,778.2586115036166,6741,5342.834,2.7612827,627.60724,0.27570817,6569.474,3.3737082,0,,,,,48.50128170163018,0.0007289153,778.2586115036166,0.0007378398,0.019001726,0.025294593
1.000828,0.0005134975,0,0.0030762162,48.50175175453645,778.260551602852,6742,5349.906,2.7620816,627.81793,0.27576596,6577.405,3.3746867,0,,,,,48.50175175453645,0.0007275565,778.260551602852,0.00073621207,0.019121995,0.025337923
1.0002893,0.00051342684,0,0.0030756954,48.501869525826095,778.2590649893518,6743,5347.5522,2.761742,627.0122,0.27599275,6573.8647,3.3742223,0,,,,,48.501869525826095,0.0007279252,778.2590649893518,0.0007368919,0.01911429,0.025436962
0.9993537,0.00051332195,0,0.003075174,48.50063652573189,778.2585540002987,6744,5341.6367,2.761183,627.3235,0.27588138,6567.716,3.373533,0,,,,,48.50063652573189,0.00072866655,778.2585540002987,0.0007375506,0.019063577,0.025689332
1.0002573,0.0005134473,0,0.0030746527,48.50149712164362,778.2596665105361,6745,5347.549,2.7618105,627.2577,0.2758286,6573.6543,3.3743565,0,,,,,48.50149712164362,0.00072732405,778.2596665105361,0.00073623616,0.019474665,0.025687471
0.99974436,0.00051339157,0,0.003074131,48.50204273671919,778.2602504035949,6746,5344.7153,2.761536,628.0868,0.27582848,6570.283,3.3739905,0,,,,,48.50204273671919,0.0007278452,778.2602504035949,0.0007366062,0.019226521,0.025497254
1.0003203,0.0005134665,0,0.0030736092,48.50137774972679,778.260290735596,6747,5347.971,2.7618847,627.42645,0.27580637,6574.0684,3.374483,0,,,,,48.50137774972679,0.00072811695,778.260290735596,0.0007368836,0.019324614,0.025740243
0.99965304,0.00051339355,0,0.003073087,48.50292089586364,778.2590406800437,6748,5345.234,2.7614782,627.4795,0.27571604,6569.683,3.3740034,0,,,,,48.50292089586364,0.0007275591,778.2590406800437,0.00073644123,0.019461697,0.025930248
1.0001805,0.00051349466,0,0.0030725645,48.50242099947883,778.2586129524466,6749,5348.4644,2.7619333,627.7053,0.27581263,6573.1494,3.3746681,0,,,,,48.50242099947883,0.0007290659,778.2586129524466,0.0007380865,0.019434907,0.025895683
1.0013242,0.00051360327,0,0.0030720416,48.503341722957586,778.2618902479836,6750,5353.9126,2.7626917,628.281,0.27591527,6580.666,3.375382,0,,,,,48.503341722957586,0.00072792865,778.2618902479836,0.0007365214,0.019443331,0.026240349
1.0010893,0.00051359314,0,0.0030715186,48.49916161430599,778.2608061389942,6751,5352.5303,2.7625082,627.9608,0.27598593,6579.122,3.3753152,0,,,,,48.49916161430599,0.0007280935,778.2608061389942,0.00073687726,0.019413052,0.025858765
0.9998291,0.00051343243,0,0.0030709952,48.501339811087284,778.2607604372577,6752,5345.7817,2.76174,627.3158,0.2760889,6570.8403,3.3742592,0,,,,,48.501339811087284,0.0007289328,778.2607604372577,0.00073768763,0.0196133,0.026757466
1.0008992,0.00051351887,0,0.0030704718,48.502605490744166,778.2613682952558,6753,5350.6367,2.762222,627.5524,0.27547142,6577.8726,3.3748274,0,,,,,48.502605490744166,0.0007282046,778.2613682952558,0.0007368845,0.019379394,0.026363237
1.0006908,0.0005134917,0,0.003069948,48.50173111203672,778.2596503730874,6754,5349.57,2.7620864,628.003,0.27607313,6576.5034,3.3746486,0,,,,,48.50173111203672,0.00072868017,778.2596503730874,0.0007375061,0.019552322,0.026118722
1.0000486,0.0005134245,0,0.0030694238,48.50314851697878,778.2601550566511,6755,5346.91,2.76165,627.1612,0.2757606,6572.283,3.3742073,0,,,,,48.50314851697878,0.0007278916,778.2601550566511,0.00073661696,0.019989539,0.026739096
1.0005424,0.00051348354,0,0.0030688993,48.502001422747,778.2609727357597,6756,5348.931,2.7620158,627.995,0.27580878,6575.528,3.3745952,0,,,,,48.502001422747,0.0007278469,778.2609727357597,0.00073652633,0.019694207,0.026228495
1.0005393,0.00051344547,0,0.0030683747,48.50400154589394,778.2611092578305,6757,5349.5195,2.7619019,626.29767,0.27583012,6575.5073,3.3743448,0,,,,,48.50400154589394,0.0007272306,778.2611092578305,0.0007358784,0.019716842,0.026713984
1.0004874,0.0005134753,0,0.00306785,48.50128124707028,778.2612284117356,6758,5349.4185,2.7619505,627.66693,0.27599415,6575.1665,3.3745406,0,,,,,48.50128124707028,0.0007278997,778.2612284117356,0.00073672034,0.01971306,0.02608015
1.0011182,0.0005135162,0,0.0030673246,48.50060636067333,778.2600198039344,6759,5352.048,2.7622712,627.00745,0.27563313,6579.312,3.3748095,0,,,,,48.50060636067333,0.0007277043,778.2600198039344,0.0007365786,0.0192508,0.025591906
1.000115,0.00051341247,0,0.0030667991,48.50131660383694,778.2609827762465,6760,5346.876,2.7615852,626.8392,0.27577978,6572.719,3.374128,0,,,,,48.50131660383694,0.0007278969,778.2609827762465,0.00073666644,0.019393036,0.026154708
1.000266,0.00051342725,0,0.0030662734,48.50198823659197,778.260426591702,6761,5348.4336,2.7616858,626.81964,0.27596185,6573.7114,3.3742251,0,,,,,48.50198823659197,0.0007276468,778.260426591702,0.0007363576,0.019969486,0.027068475
1.0002193,0.0005134529,0,0.0030657474,48.50251891783827,778.2612035995187,6762,5347.275,2.7617807,627.4718,0.27606463,6573.4053,3.3743937,0,,,,,48.50251891783827,0.0007289465,778.2612035995187,0.0007376858,0.019667746,0.026143841
0.99938816,0.0005133443,0,0.003065221,48.501445480231624,778.2608267138044,6763,5342.5806,2.7612627,626.5444,0.27582094,6567.9424,3.3736799,0,,,,,48.501445480231624,0.000728426,778.2608267138044,0.0007372495,0.019419681,0.026217278
1.0009139,0.00051349663,0,0.0030646946,48.502100074801824,778.2610790256763,6764,5351.135,2.7620473,627.3178,0.27565476,6577.969,3.374681,0,,,,,48.502100074801824,0.00072788587,778.2610790256763,0.0007366469,0.019509152,0.026447592
0.9999599,0.0005135427,128,0.0030641677,48.505247086449245,778.2616436843327,6765,5346.423,2.7623446,627.6367,0.27607834,6571.6997,3.3749835,128,,,,,48.505247086449245,0.0007281226,778.2616436843327,0.00073679606,0.019592324,0.026953824
0.9992117,0.0005133182,0,0.0030636406,48.502000217086646,778.2601199111573,6766,5341.7495,2.761303,627.09973,0.27564827,6566.7827,3.3735085,0,,,,,48.502000217086646,0.0007300317,778.2601199111573,0.0007387514,0.019414518,0.026516905
1.00105,0.00051355385,0,0.0030631134,48.502738749006014,778.2614633074622,6767,5353.013,2.7623823,626.6571,0.2760205,6578.864,3.375057,0,,,,,48.502738749006014,0.00072755344,778.2614633074622,0.0007362704,0.019908851,0.027089017
1.0005888,0.0005134269,0,0.0030625856,48.50169803473622,778.2604125775347,6768,5349.887,2.761874,626.35645,0.27589452,6575.833,3.3742228,0,,,,,48.50169803473622,0.0007281622,778.2604125775347,0.00073699176,0.019822797,0.026990265
1.0011675,0.00051352475,0,0.0030620578,48.50175253299465,778.2618765074342,6769,5352.5693,2.7623496,626.683,0.275551,6579.6367,3.374866,0,,,,,48.50175253299465,0.0007272606,778.2618765074342,0.00073590246,0.019608425,0.026383197
1.0003567,0.0005134825,0,0.0030615297,48.50219374735637,778.2614471591941,6770,5349.094,2.7621052,626.40326,0.27557042,6574.307,3.3745883,0,,,,,48.50219374735637,0.0007284019,778.2614471591941,0.0007369835,0.019974513,0.026593179
1.000158,0.0005134268,0,0.0030610012,48.503984768206635,778.2603955369436,6771,5347.5073,2.7617433,627.9361,0.27592728,6573.0015,3.374222,0,,,,,48.503984768206635,0.0007277176,778.2603955369436,0.0007366505,0.02021117,0.025621261
0.9994663,0.0005133711,0,0.0030604724,48.503575801214026,778.2591801381633,6772,5343.958,2.761381,627.32983,0.2753868,6568.456,3.3738558,0,,,,,48.503575801214026,0.0007286188,778.2591801381633,0.0007375852,0.02048414,0.025784913
1.0000592,0.00051343656,0,0.0030599434,48.503868848720174,778.2595368535509,6773,5347.7124,2.7618062,626.6148,0.27584067,6572.3525,3.3742864,0,,,,,48.503868848720174,0.0007280565,778.2595368535509,0.0007370351,0.021047387,0.025297439
0.999625,0.00051336345,0,0.0030594142,48.50242620175196,778.2579859781976,6774,5345.6147,2.7615464,626.9322,0.27592725,6569.499,3.3738058,0,,,,,48.50242620175196,0.0007281684,778.2579859781976,0.0007368484,0.02127858,0.025212342
0.99931645,0.00051330455,0,0.0030588848,48.502933519680646,778.2597826596242,6775,5343.4985,2.7612653,627.01624,0.2759239,6567.471,3.3734186,0,,,,,48.502933519680646,0.0007280281,778.2597826596242,0.00073696784,0.021218028,0.024577076
0.99987096,0.0005134796,0,0.003058355,48.503875706269426,778.259290584966,6776,5347.536,2.762065,627.25696,0.27586612,6571.115,3.374569,0,,,,,48.503875706269426,0.00072923396,778.259290584966,0.000738228,0.021541182,0.02491407
1.0000288,0.0005136099,128,0.003057825,48.50330273055771,778.259378809613,6777,5348.6777,2.7626548,626.76196,0.27583906,6572.1533,3.3754253,128,,,,,48.50330273055771,0.0007280062,778.259378809613,0.00073689735,0.021448804,0.025516037
0.9996425,0.0005133926,0,0.0030572945,48.50352869741819,778.259154273386,6778,5345.8027,2.7616103,627.16675,0.27589768,6569.614,3.3739974,0,,,,,48.50352869741819,0.00072795374,778.259154273386,0.00073677534,0.021260269,0.024887966
0.99917454,0.00051334564,0,0.0030567641,48.502859160183185,778.2601511852852,6779,5344.0854,2.7613106,627.0128,0.27573642,6566.5386,3.3736887,0,,,,,48.502859160183185,0.0007272327,778.2601511852852,0.00073584396,0.021386154,0.02557425
1.0003784,0.00051346625,0,0.0030562333,48.502807217106884,778.2590195920794,6780,5350.631,2.761985,627.03564,0.2757616,6574.4497,3.3744814,0,,,,,48.502807217106884,0.00072807516,778.2590195920794,0.0007370947,0.021431552,0.025225343
1.000154,0.0005134419,0,0.003055702,48.503507716204325,778.2601392953871,6781,5348.456,2.7617958,627.03595,0.27585205,6572.9756,3.3743215,0,,,,,48.503507716204325,0.0007276234,778.2601392953871,0.00073644536,0.021223744,0.02606232
0.99970376,0.0005134498,0,0.0030551706,48.503385050185386,778.260295697339,6782,5346.817,2.761776,628.0417,0.2757582,6570.0166,3.374373,0,,,,,48.503385050185386,0.0007282087,778.260295697339,0.0007369711,0.021186715,0.026058897
1.000432,0.00051352533,0,0.003054639,48.502819575471285,778.2619634720277,6783,5351.018,2.7622128,627.0505,0.27591217,6574.8022,3.3748696,0,,,,,48.502819575471285,0.0007275338,778.2619634720277,0.00073640817,0.021185352,0.026886225
1.0012383,0.00051334954,0,0.003054107,48.50434541581334,778.2619775519472,6784,5354.3203,2.7613723,627.07886,0.27585027,6580.102,3.3737144,0,,,,,48.50434541581334,0.0007266186,778.2619775519472,0.0007352811,0.021276865,0.026977021
1.000175,0.0005134308,0,0.0030535748,48.50261290451544,778.2608160063853,6785,5348.7603,2.76183,627.5796,0.2754466,6573.114,3.3742483,0,,,,,48.50261290451544,0.0007275528,778.2608160063853,0.0007362378,0.021410083,0.026621202
1.0000275,0.00051303144,0,0.0030530423,48.50406232171382,778.2608290067005,6786,5348.3286,2.759538,627.9965,0.27591404,6572.144,3.371624,0,,,,,48.50406232171382,0.000728606,778.2608290067005,0.0007373077,0.021523163,0.026762694
1.0000626,0.000513442,0,0.0030525096,48.50233126057705,778.2611874699419,6787,5347.5874,2.7619457,627.83875,0.27570537,6572.3745,3.3743217,0,,,,,48.50233126057705,0.00072937406,778.2611874699419,0.0007380974,0.021180771,0.026919033
0.999219,0.0005131667,0,0.0030519767,48.502122814425974,778.260620214531,6788,5343.985,2.760236,627.28705,0.27595237,6566.8306,3.3725128,0,,,,,48.502122814425974,0.00072849524,778.260620214531,0.0007373302,0.02139126,0.02653363
1.0003225,0.00051349343,0,0.0030514435,48.5036023464304,778.2613906107781,6789,5349.996,2.7620335,627.67145,0.27575663,6574.0825,3.37466,0,,,,,48.5036023464304,0.0007280861,778.2613906107781,0.00073683186,0.021392215,0.026601503
0.9993762,0.00051314116,0,0.0030509098,48.50340459137813,778.261357858833,6790,5344.5586,2.7602582,626.913,0.27606493,6567.864,3.372345,0,,,,,48.50340459137813,0.000728596,778.261357858833,0.0007371824,0.021641547,0.026279354
0.999664,0.00051322556,0,0.003049842,48.50378920690603,778.2603009005434,6792,5346.8755,2.7606032,627.1321,0.27591628,6569.7554,3.3728998,0,,,,,48.50378920690603,0.00072761835,778.2603009005434,0.00073655386,0.02198514,0.026911989
0.99995273,0.0005132192,0,0.0030493077,48.50384002786659,778.2608848714154,6793,5347.887,2.7606285,627.65656,0.27585605,6571.653,3.372858,0,,,,,48.50384002786659,0.00072779966,778.2608848714154,0.0007365487,0.021258412,0.027783068
1.0003608,0.00051308936,0,0.003048773,48.5027329402201,778.2617056774128,6794,5350.481,2.7599332,627.53845,0.27610803,6574.335,3.3720043,0,,,,,48.5027329402201,0.0007275252,778.2617056774128,0.0007361083,0.021321738,0.02806448
1.000728,0.00051310216,0,0.003048238,48.503681080323574,778.2621390883339,6795,5352.3237,2.7599947,627.72064,0.2757281,6576.748,3.3720887,0,,,,,48.503681080323574,0.0007275597,778.2621390883339,0.0007360283,0.021166584,0.028347641
1.0001202,0.0005130187,8192,0.0030466318,48.50462259908964,778.260707271138,6798,5349.392,2.7596743,627.2945,0.2760686,6572.753,3.37154,8192,,,,,48.50462259908964,0.000727811,778.260707271138,0.0007365353,0.021949455,0.028619444
1.000604,0.0005132058,128,0.0030460958,48.505537933462335,778.2625681860865,6799,5351.5264,2.7606204,628.3275,0.2758157,6575.933,3.3727698,128,,,,,48.505537933462335,0.0007279891,778.2625681860865,0.0007365297,0.02178983,0.02850616
0.9994972,0.0005129593,0,0.0030455596,48.50285190363947,778.2620491165352,6800,5346.011,2.759284,627.3486,0.2759362,6568.6587,3.3711498,0,,,,,48.50285190363947,0.00072805246,778.2620491165352,0.0007366592,0.021889634,0.028303156
1.0007508,0.00051310705,0,0.0030450232,48.504827024783665,778.2627706327188,6801,5353.154,2.760106,627.3816,0.27591813,6576.8975,3.3721206,0,,,,,48.504827024783665,0.0007278491,778.2627706327188,0.00073653,0.022109518,0.028760608
0.99951744,0.00051301107,0,0.0030444865,48.50320074522146,778.2624964865591,6802,5346.442,2.759471,627.429,0.2760018,6568.792,3.37149,0,,,,,48.50320074522146,0.0007287676,778.2624964865591,0.00073730113,0.021948645,0.028105931
0.99996173,0.0005130152,0,0.0030439494,48.50346510145624,778.2611863488951,6803,5349.217,2.759637,627.5883,0.27582753,6571.712,3.371517,0,,,,,48.50346510145624,0.0007283421,778.2611863488951,0.00073703786,0.022218538,0.02824544
1.0012338,0.000513152,0,0.0030434122,48.504573323970064,778.2628942204109,6804,5356.4023,2.760371,627.5225,0.27626234,6580.0723,3.372416,0,,,,,48.504573323970064,0.000726648,778.2628942204109,0.00073509983,0.022437248,0.027612183
0.9994539,0.0005129807,0,0.0030428746,48.50399963926443,778.2626438778391,6805,5346.4014,2.7595198,628.2264,0.27583674,6568.3745,3.3712902,0,,,,,48.50399963926443,0.00072887284,778.2626438778391,0.00073741033,0.022572834,0.028082917
1.0002512,0.000513058,0,0.0030423368,48.5048199477918,778.2630123829831,6806,5350.7554,2.759851,626.7984,0.27612582,6573.614,3.3717983,0,,,,,48.5048199477918,0.00072666624,778.2630123829831,0.00073504384,0.022883393,0.028437013
1.0016519,0.0005132114,0,0.0030417987,48.505137295298766,778.2632347209296,6807,5358.3345,2.760706,627.4506,0.27565402,6582.82,3.3728065,0,,,,,48.505137295298766,0.0007270093,778.2632347209296,0.0007353777,0.022736847,0.029120754
0.9998191,0.0005129995,0,0.0030412604,48.50193829719324,778.2626378451367,6808,5348.3394,2.759492,627.2482,0.27590585,6570.7744,3.371414,0,,,,,48.50193829719324,0.00072808884,778.2626378451367,0.0007366414,0.022774497,0.028600158
1.0009074,0.0005130749,0,0.0030407216,48.506551570450895,778.2640779219041,6809,5354.1865,2.760277,627.81146,0.27583563,6577.927,3.3719096,0,,,,,48.506551570450895,0.0007273161,778.2640779219041,0.00073566305,0.022975275,0.029327633
1.0004513,0.0005130863,0,0.0030401829,48.50422150417959,778.2635904915014,6810,5352.646,2.7600951,627.69257,0.2756945,6574.9297,3.3719847,0,,,,,48.50422150417959,0.0007281714,778.2635904915014,0.00073655916,0.02284174,0.029968873
0.9998511,0.00051300536,0,0.0030396436,48.50349104056761,778.2634723048067,6811,5349.5103,2.7597144,627.8195,0.2759075,6570.985,3.3714526,0,,,,,48.50349104056761,0.0007283644,778.2634723048067,0.00073678413,0.023066645,0.029966379
1.0002929,0.00051302166,0,0.0030391042,48.50396700808818,778.2634301688643,6812,5351.039,2.7598515,628.2087,0.27573043,6573.8887,3.3715594,0,,,,,48.50396700808818,0.0007277123,778.2634301688643,0.00073615025,0.022790173,0.029584704
1.0010607,0.00051312975,0,0.0030385645,48.504777110923484,778.262027167532,6813,5355.646,2.760426,628.4636,0.27580866,6578.934,3.37227,0,,,,,48.504777110923484,0.00072734756,778.262027167532,0.0007358965,0.022055002,0.028979149
1.0002507,0.0005130938,0,0.0030380245,48.504764250123756,778.2631525110548,6814,5350.839,2.7600524,628.5057,0.27573133,6573.6113,3.3720334,0,,,,,48.504764250123756,0.0007275233,778.2631525110548,0.00073602557,0.022219285,0.02842388
0.99996394,0.00051299477,0,0.0030374844,48.50477872277188,778.2623752299288,6815,5349.0513,2.7596383,628.4516,0.27598596,6571.7266,3.3713827,0,,,,,48.50477872277188,0.00072759576,778.2623752299288,0.00073603744,0.02250186,0.029008828
0.99998766,0.000513047,0,0.0030369437,48.50430350496913,778.2637310316923,6816,5349.88,2.7597682,627.54694,0.2758753,6571.8823,3.3717258,0,,,,,48.50430350496913,0.00072875293,778.2637310316923,0.00073716795,0.02255417,0.02952511
1.0004262,0.0005130777,0,0.003035862,48.50521155967615,778.2638845650613,6818,5351.4185,2.760006,627.8674,0.2757303,6574.764,3.371928,0,,,,,48.50521155967615,0.00072772754,778.2638845650613,0.00073625386,0.022672752,0.029114418
0.9997492,0.0005129904,0,0.0030353207,48.50410535791599,778.262856553626,6819,5348.274,2.7596674,628.549,0.27585965,6570.315,3.371354,0,,,,,48.50410535791599,0.0007288377,778.262856553626,0.0007373664,0.022745486,0.029540319
1.0004785,0.000513139,0,0.003034779,48.506962868854394,778.264133189093,6820,5353.2104,2.760313,628.5048,0.2758977,6575.1084,3.372331,0,,,,,48.506962868854394,0.000727561,778.264133189093,0.00073590694,0.023159562,0.030396795
0.9998102,0.0005129637,0,0.0030342373,48.5049660064534,778.26469355571,6821,5349.054,2.7595718,627.78314,0.27584806,6570.7163,3.3711784,0,,,,,48.5049660064534,0.0007289182,778.26469355571,0.00073731825,0.022751989,0.030169854
1.0001535,0.0005130441,0,0.0030336953,48.5040667315159,778.2636483562333,6822,5351.531,2.7599242,627.3598,0.2759445,6572.972,3.3717072,0,,,,,48.5040667315159,0.0007271774,778.2636483562333,0.00073559815,0.022849297,0.029953217
1.0004314,0.0005131368,0,0.0030331528,48.50484511110608,778.2644591033917,6823,5352.8438,2.7603123,628.5782,0.27582586,6574.7983,3.3723161,0,,,,,48.50484511110608,0.0007292947,778.2644591033917,0.0007376977,0.023194188,0.030160688
1.0000677,0.0005130636,0,0.0030326103,48.504952831692336,778.2649470340479,6824,5350.4194,2.7599907,628.1717,0.27598175,6572.4087,3.3718355,0,,,,,48.504952831692336,0.00072815793,778.2649470340479,0.0007363855,0.023366265,0.03018727
0.99914163,0.00051295076,0,0.0030320673,48.504749036019405,778.2626511167289,6825,5345.8726,2.75945,628.935,0.2754762,6566.3223,3.3710938,0,,,,,48.504749036019405,0.0007294728,778.2626511167289,0.0007377392,0.023264766,0.030608624
1.0005023,0.00051311945,0,0.0030315241,48.50390170895586,778.2653498997337,6826,5353.4526,2.760235,628.5823,0.27568552,6575.265,3.3722022,0,,,,,48.50390170895586,0.0007285614,778.2653498997337,0.0007366886,0.023325859,0.030870782
1.0004658,0.000513082,0,0.0030309807,48.50486079009095,778.2660801654243,6827,5352.504,2.760112,627.8742,0.2757887,6575.024,3.371956,0,,,,,48.50486079009095,0.000727646,778.2660801654243,0.0007358336,0.023304572,0.030217089
1.0004085,0.00051308685,0,0.003030437,48.5040730494192,778.265193596879,6828,5352.6797,2.7601361,628.1899,0.27579892,6574.6484,3.371988,0,,,,,48.5040730494192,0.00072834705,778.265193596879,0.00073660386,0.023297431,0.030450093
0.99938,0.0005130002,0,0.003029893,48.50449249541636,778.2639305963227,6829,5347.8896,2.759672,629.06726,0.27594072,6567.8887,3.3714182,0,,,,,48.50449249541636,0.0007286307,778.2639305963227,0.00073696295,0.023204256,0.03074811
1.0006493,0.0005131334,0,0.0030293488,48.504975071174435,778.2642063319718,6830,5353.8643,2.7603106,628.4747,0.2757237,6576.231,3.3722942,0,,,,,48.504975071174435,0.00072834524,778.2642063319718,0.0007365881,0.023404824,0.030199315
0.9991772,0.00051297597,0,0.0030288042,48.50403120808669,778.2650578289777,6831,5347.353,2.7595835,628.93823,0.27581847,6566.556,3.3712592,0,,,,,48.50403120808669,0.000728292,778.2650578289777,0.0007366878,0.02392294,0.03093609
0.99919665,0.00051301584,0,0.0030282596,48.5066209091452,778.2633400628517,6832,5347.987,2.7596493,628.98285,0.27577892,6566.6836,3.3715215,0,,,,,48.5066209091452,0.0007287992,778.2633400628517,0.00073712476,0.024314009,0.031200437
0.99965733,0.000513012,0,0.0030277146,48.50552383489282,778.2647505368653,6833,5349.694,2.7597694,628.5782,0.27595997,6569.7114,3.3714962,0,,,,,48.50552383489282,0.000728097,778.2647505368653,0.0007363926,0.023781642,0.030575637
0.99923587,0.0005129962,0,0.0030271693,48.50429082077873,778.2640338555235,6834,5347.5996,2.759666,628.5856,0.27587652,6566.9414,3.3713923,0,,,,,48.50429082077873,0.00072870275,778.2640338555235,0.00073692686,0.023742862,0.030040413
1.0008297,0.00051320903,0,0.0030266237,48.506095507991546,778.2657594348623,6835,5356.1943,2.7606947,627.6624,0.27623388,6577.4165,3.372791,0,,,,,48.506095507991546,0.0007276741,778.2657594348623,0.0007359485,0.023882402,0.030461596
0.99983734,0.00051302265,0,0.0030260778,48.50431137215507,778.2637636147814,6836,5349.7026,2.7597837,629.17456,0.27577168,6570.8945,3.371566,0,,,,,48.50431137215507,0.0007282686,778.2637636147814,0.00073665456,0.024170224,0.02986955
1.0002732,0.00051307655,0,0.0030255318,48.50581158230894,778.264015465128,6837,5352.1753,2.760043,627.84906,0.27596098,6573.759,3.3719203,0,,,,,48.50581158230894,0.0007273097,778.264015465128,0.00073575403,0.023836426,0.030395526
1.0010186,0.00051317597,0,0.0030249853,48.5034989056279,778.262966372599,6838,5355.254,2.7604947,628.4092,0.27599093,6578.658,3.3725739,0,,,,,48.5034989056279,0.000727803,778.262966372599,0.0007361795,0.022778358,0.028945714
1.000021,0.0005130073,0,0.0030244386,48.504224426987186,778.2624349570647,6839,5349.7017,2.7597208,627.2801,0.27593973,6572.101,3.371465,0,,,,,48.504224426987186,0.00072812417,778.2624349570647,0.00073670625,0.023128672,0.028781472
1.0002943,0.0005130947,0,0.003023892,48.50515834223726,778.2655445671674,6840,5352.5938,2.7601535,628.87274,0.27595988,6573.8975,3.3720398,0,,,,,48.50515834223726,0.00072874915,778.2655445671674,0.0007369787,0.02401425,0.030310554
0.9998791,0.00051308266,0,0.0030233446,48.5050590864766,778.2629026950459,6841,5351.1704,2.7600243,628.0586,0.27581906,6571.169,3.3719606,0,,,,,48.5050590864766,0.0007275867,778.2629026950459,0.00073606963,0.023991005,0.030518118
0.9997658,0.00051302754,0,0.0030227972,48.505446975244965,778.2626241137647,6842,5349.5786,2.7598498,628.33,0.2759076,6570.4243,3.371598,0,,,,,48.505446975244965,0.0007284799,778.2626241137647,0.00073697866,0.023820665,0.030305928
1.001238,0.00051317137,0,0.0030222496,48.50348654389268,778.264199304623,6843,5357.0234,2.7606816,628.3328,0.27606136,6580.099,3.3725436,0,,,,,48.50348654389268,0.0007270636,778.264199304623,0.00073540315,0.023543771,0.030142553
1.0003861,0.00051309867,0,0.0030217017,48.50499294163917,778.2650088295443,6844,5353.547,2.7601657,628.9081,0.27551726,6574.501,3.3720655,0,,,,,48.50499294163917,0.0007281656,778.2650088295443,0.00073640444,0.023741959,0.0309723
1.0009667,0.00051313965,0,0.0030211534,48.50569107928552,778.2642162845608,6845,5355.8003,2.7603788,627.7087,0.27586356,6578.316,3.372335,0,,,,,48.50569107928552,0.00072749244,778.2642162845608,0.00073581975,0.023790075,0.03047126
0.9998795,0.00051304273,8192,0.0030206048,48.50501389403162,778.2653102496495,6846,5350.5605,2.7600658,628.9566,0.2758504,6571.1714,3.3716981,8192,,,,,48.50501389403162,0.0007289357,778.2653102496495,0.00073719217,0.0236295,0.031195968
1.0004196,0.0005130891,0,0.003020056,48.50351152651951,778.2643832655117,6847,5354.4556,2.7602608,627.9927,0.27589315,6574.7207,3.3720028,0,,,,,48.50351152651951,0.0007280224,778.2643832655117,0.00073621457,0.023562897,0.031534303
1.0010713,0.0005131722,0,0.003019507,48.50665287577947,778.2662760721182,6848,5357.517,2.7606668,628.4918,0.27619207,6579.004,3.3725488,0,,,,,48.50665287577947,0.0007272003,778.2662760721182,0.00073529803,0.023449773,0.031874586
1.0007643,0.0005131505,0,0.0030189578,48.50625819459549,778.2647044302895,6849,5355.6157,2.7604766,628.3168,0.27583727,6576.986,3.3724062,0,,,,,48.50625819459549,0.0007282275,778.2647044302895,0.00073653774,0.023707524,0.031434502
1.0008639,0.000513153,0,0.0030184083,48.50479458928572,778.2656115073117,6850,5356.27,2.7606351,629.51184,0.27577308,6577.6406,3.3724225,0,,,,,48.50479458928572,0.00072854856,778.2656115073117,0.0007367868,0.023623688,0.031542834
1.0008798,0.00051313994,0,0.0030178586,48.50569922510662,778.2627280047866,6851,5356.193,2.7605546,628.8954,0.27572033,6577.745,3.3723369,0,,,,,48.50569922510662,0.0007282006,778.2627280047866,0.0007366406,0.023478905,0.030771073
0.9987394,0.0005129356,0,0.0030173084,48.50512387164963,778.2631536839995,6852,5344.599,2.7593863,628.76624,0.27603066,6563.6787,3.3709943,0,,,,,48.50512387164963,0.00072938047,778.2631536839995,0.0007377273,0.023659041,0.030921293
1.0008894,0.00051318575,0,0.003016758,48.50581375242166,778.2648771744593,6853,5356.735,2.7606273,628.57947,0.2759917,6577.8086,3.3726377,0,,,,,48.50581375242166,0.00072763354,778.2648771744593,0.0007359908,0.024040574,0.031118909
1.000828,0.00051311863,0,0.0030162074,48.50591449948107,778.2642055228607,6854,5356.2207,2.760532,629.31915,0.2756341,6577.405,3.372197,0,,,,,48.50591449948107,0.00072738883,778.2642055228607,0.00073575927,0.023965454,0.031075222
0.99947625,0.00051301846,0,0.0030156567,48.50616493136782,778.2643707865046,6855,5348.941,2.7598755,628.8396,0.27587557,6568.5215,3.3715384,0,,,,,48.50616493136782,0.0007286623,778.2643707865046,0.0007369364,0.024149675,0.03138293
1.0009222,0.00051321136,0,0.0030151054,48.50771677761784,778.2639308705106,6856,5357.4604,2.7607093,628.66705,0.27585086,6578.0244,3.3728063,0,,,,,48.50771677761784,0.0007277786,778.2639308705106,0.00073607144,0.024224106,0.031334218
0.9997932,0.00051304646,0,0.003014554,48.50714302236512,778.2650265997003,6857,5351.1978,2.7599351,628.5758,0.27583215,6570.604,3.3717225,0,,,,,48.50714302236512,0.00072907156,778.2650265997003,0.00073737843,0.024408584,0.03116677
1.0002083,0.00051310234,0,0.0030140025,48.50540253905034,778.2637409814124,6858,5353.2583,2.7602696,628.3713,0.27577758,6573.332,3.3720896,0,,,,,48.50540253905034,0.00072846573,778.2637409814124,0.00073693466,0.024086174,0.031124882
1.0001347,0.00051312713,0,0.0030134504,48.50834419349314,778.2650649113107,6859,5353.0366,2.7603571,629.48517,0.27595535,6572.8486,3.3722527,0,,,,,48.50834419349314,0.00072865194,778.2650649113107,0.0007369721,0.024465147,0.031408668
0.9994689,0.00051303057,0,0.0030128984,48.505107692075,778.2646044305939,6860,5348.9707,2.759798,629.1354,0.27589294,6568.473,3.371618,0,,,,,48.505107692075,0.0007284418,778.2646044305939,0.00073676696,0.02429386,0.030851917
0.9996995,0.00051307224,0,0.0030123459,48.50516333676778,778.2651653153854,6861,5349.7153,2.7599711,629.2601,0.27620545,6569.9883,3.371892,0,,,,,48.50516333676778,0.0007279291,778.2651653153854,0.00073631003,0.02444316,0.030681292
0.9988824,0.00051302515,8192,0.0030117931,48.505567766016696,778.2651262007018,6862,5346.6284,2.7597783,629.9763,0.27576375,6564.6187,3.3715825,8192,,,,,48.505567766016696,0.00072968117,778.2651262007018,0.00073795277,0.024844041,0.031776436
0.9997597,0.0005130879,0,0.0030112402,48.50685520214466,778.2641597769485,6863,5351.2715,2.7600799,629.2454,0.275745,6570.384,3.371995,0,,,,,48.50685520214466,0.00072801777,778.2641597769485,0.00073638523,0.024620274,0.03084809
0.999764,0.000513038,0,0.003010687,48.50702772582642,778.2644123416806,6864,5350.4507,2.7600236,628.4109,0.27625135,6570.4126,3.371667,0,,,,,48.50702772582642,0.0007286947,778.2644123416806,0.00073699426,0.024568569,0.029907724
1.000222,0.00051312515,0,0.0030101333,48.50491448792779,778.2646643734047,6865,5353.6167,2.7602904,628.8357,0.27570722,6573.4224,3.3722396,0,,,,,48.50491448792779,0.0007277478,778.2646643734047,0.00073616067,0.024337491,0.031066222
1.0001928,0.00051311485,0,0.0030095796,48.50716247382883,778.2646039335435,6866,5353.145,2.7603066,628.1499,0.27556753,6573.23,3.3721719,0,,,,,48.50716247382883,0.0007275018,778.2646039335435,0.0007357419,0.02479973,0.031114586
0.99887645,0.00051296136,0,0.0030090255,48.50522305352611,778.2642360593288,6867,5345.647,2.7595124,628.9912,0.27579245,6564.5796,3.3711631,0,,,,,48.50522305352611,0.0007295135,778.2642360593288,0.0007378792,0.023778824,0.03158674
0.9997842,0.0005130753,0,0.0030084713,48.50494030516429,778.2650353631828,6868,5350.966,2.7601016,629.8355,0.27590954,6570.545,3.3719122,0,,,,,48.50494030516429,0.0007288674,778.2650353631828,0.0007373118,0.023777239,0.03198264
1.0004733,0.00051317253,0,0.0030079167,48.5053527982453,778.2651600291103,6869,5354.7524,2.7605026,629.2751,0.27595764,6575.0737,3.3725512,0,,,,,48.5053527982453,0.00072760903,778.2651600291103,0.0007358077,0.023944646,0.031480685
1.0001068,0.00051304465,0,0.003007362,48.50539175575198,778.2645073932733,6870,5351.9307,2.7602246,629.3358,0.27595302,6572.665,3.3717105,0,,,,,48.50539175575198,0.0007286984,778.2645073932733,0.0007372022,0.02407481,0.03144229
1.0011638,0.0005132083,0,0.0030068066,48.50625350106857,778.2637940719362,6871,5358.0767,2.7607744,628.78564,0.27561733,6579.612,3.372786,0,,,,,48.50625350106857,0.0007277352,778.2637940719362,0.00073606183,0.024676356,0.03144663
0.9997733,0.0005130788,0,0.0030062513,48.50482768195551,778.2651056643487,6872,5351.35,2.7600718,629.1592,0.27589464,6570.4736,3.3719351,0,,,,,48.50482768195551,0.0007279199,778.2651056643487,0.0007360858,0.024508512,0.03195042
0.999142,0.0005130158,0,0.0030056958,48.50666806166479,778.2644927442814,6873,5347.1284,2.7597473,629.35864,0.27574506,6566.3247,3.371521,0,,,,,48.50666806166479,0.00072992785,778.2644927442814,0.0007381563,0.024522552,0.031482782
1.0000762,0.0005130896,0,0.0030051398,48.506423585461995,778.26453260802,6874,5353.141,2.7601876,628.9496,0.2761944,6572.464,3.372006,0,,,,,48.506423585461995,0.0007276819,778.26453260802,0.0007359354,0.024645591,0.03154413
0.9996025,0.0005130435,0,0.0030045838,48.507687376889976,778.2655167503111,6875,5350.5547,2.759956,629.0498,0.27601445,6569.351,3.3717031,0,,,,,48.507687376889976,0.000728294,778.2655167503111,0.0007364706,0.024932975,0.031206364
0.99995655,0.0005130914,0,0.0030040273,48.50667429918705,778.2635641235959,6876,5351.8784,2.760074,628.1666,0.27610287,6571.6777,3.3720179,0,,,,,48.50667429918705,0.0007278377,778.2635641235959,0.0007361975,0.024823848,0.030923977
0.99936867,0.0005130594,0,0.0030034706,48.50598848737301,778.2649867011303,6877,5350.157,2.7601037,629.88654,0.2762732,6567.8145,3.3718076,0,,,,,48.50598848737301,0.00072913384,778.2649867011303,0.0007374055,0.024369879,0.032814708
1.000489,0.00051317236,0,0.0030029137,48.506321657623694,778.2658332051158,6878,5356.508,2.7606318,629.11053,0.2761905,6575.177,3.3725498,0,,,,,48.506321657623694,0.0007282248,778.2658332051158,0.00073623675,0.024265677,0.032304093
0.99919975,0.0005130131,0,0.0030023565,48.50746440923446,778.2647593430611,6879,5349.057,2.7599144,628.9954,0.27607992,6566.704,3.3715034,0,,,,,48.50746440923446,0.00072795514,778.2647593430611,0.0007362166,0.024497041,0.03238416
0.99937737,0.0005130535,0,0.0030017989,48.50501301688711,778.2657620742491,6880,5349.935,2.7601194,629.0734,0.27581552,6567.8716,3.371769,0,,,,,48.50501301688711,0.0007291675,778.2657620742491,0.0007373266,0.024370555,0.03205687
0.9997721,0.00051307085,0,0.0030012412,48.50696029341008,778.2652895302263,6881,5352.172,2.7602222,629.1123,0.2756424,6570.4653,3.371883,0,,,,,48.50696029341008,0.0007286018,778.2652895302263,0.00073692075,0.024885243,0.032545775
1.0004859,0.00051312975,0,0.0030006832,48.50675020250098,778.2649262925999,6882,5354.4316,2.7604852,629.793,0.27582106,6575.1567,3.37227,0,,,,,48.50675020250098,0.000728185,778.2649262925999,0.00073650276,0.02440181,0.03136488
0.99968445,0.00051306543,0,0.0030001248,48.506446064622004,778.2661964578598,6883,5351.168,2.760149,629.8555,0.2759155,6569.8896,3.3718474,0,,,,,48.506446064622004,0.0007282262,778.2661964578598,0.0007364209,0.024612024,0.032178074
1.0008233,0.0005131739,0,0.0029995665,48.50541227853689,778.267175601091,6884,5357.7964,2.7606907,628.6092,0.27597588,6577.374,3.37256,0,,,,,48.50541227853689,0.0007276223,778.267175601091,0.00073563395,0.024457036,0.032380834
1.000303,0.0005131225,0,0.0029990077,48.50611289461304,778.2651274554861,6885,5354.277,2.7604182,629.60596,0.27553582,6573.955,3.372222,0,,,,,48.50611289461304,0.00072852283,778.2651274554861,0.0007366805,0.024528595,0.032306083
1.0001513,0.00051313394,0,0.0029984484,48.509293491493814,778.2667737099842,6886,5354.258,2.7604265,629.416,0.2760735,6572.9575,3.3722975,0,,,,,48.509293491493814,0.0007284097,778.2667737099842,0.0007363669,0.024695935,0.032883655
0.9999657,0.0005131347,0,0.0029978892,48.50548878830895,778.266297895139,6887,5353.2754,2.760627,629.6686,0.2758773,6571.7383,3.3723025,0,,,,,48.50548878830895,0.0007280393,778.266297895139,0.00073609414,0.024801191,0.03261888
1.0002129,0.00051312824,0,0.0029973297,48.50694995224135,778.2662473443472,6888,5353.337,2.760515,629.83295,0.27619007,6573.3623,3.3722599,0,,,,,48.50694995224135,0.0007281763,778.2662473443472,0.00073641306,0.024524117,0.03226604
1.000655,0.000513185,8192,0.0029967697,48.50617256275684,778.2659669424513,6889,5356.1445,2.7608578,630.0921,0.2758704,6576.268,3.372633,8192,,,,,48.50617256275684,0.0007288423,778.2659669424513,0.00073682645,0.02492164,0.032893337
1.0006747,0.00051318854,0,0.0029962098,48.50559561363985,778.2660304720623,6890,5356.511,2.7608182,628.37213,0.27598846,6576.398,3.372656,0,,,,,48.50559561363985,0.0007285663,778.2660304720623,0.0007366735,0.02449966,0.03296623
0.99905807,0.0005129452,0,0.0029956494,48.50655401939588,778.2653788395787,6891,5346.799,2.7596028,629.8283,0.2757514,6565.773,3.3710568,0,,,,,48.50655401939588,0.00072920596,778.2653788395787,0.00073740754,0.023968246,0.032639723
1.0008379,0.00051318813,0,0.0029950887,48.50556061889259,778.2656163135435,6892,5356.9795,2.7608018,629.5295,0.27586654,6577.47,3.3726535,0,,,,,48.50556061889259,0.0007282039,778.2656163135435,0.00073631405,0.02409832,0.032642014
1.0011151,0.0005131922,0,0.0029945278,48.50729108747786,778.2660203377584,6893,5359.2383,2.760877,628.8806,0.27608138,6579.292,3.3726804,0,,,,,48.50729108747786,0.00072729384,778.2660203377584,0.0007352938,0.02453867,0.033073135
1.0010111,0.000513179,0,0.0029939667,48.50583185941154,778.2667176914321,6894,5358.2065,2.7608988,628.76294,0.275648,6578.609,3.3725934,0,,,,,48.50583185941154,0.00072821666,778.2667176914321,0.0007362826,0.024626443,0.03306385
0.99927825,0.00051302713,0,0.0029934053,48.5077540192962,778.2646779430296,6895,5349.8105,2.7600634,629.89026,0.27590114,6567.22,3.3715954,0,,,,,48.5077540192962,0.0007295273,778.2646779430296,0.0007378296,0.024779545,0.033323225
1.0000011,0.00051310426,0,0.0029928435,48.50535483012269,778.2669252907293,6896,5353.5854,2.7604141,629.3517,0.2759505,6571.97,3.3721023,0,,,,,48.50535483012269,0.0007282655,778.2669252907293,0.00073620863,0.02487644,0.03327873
1.0003779,0.0005130793,0,0.0029922817,48.50720594165046,778.265619771952,6897,5354.8115,2.760383,629.4274,0.27569956,6574.4473,3.3719382,0,,,,,48.50720594165046,0.00072802784,778.265619771952,0.0007361531,0.024553414,0.03306043
1.000431,0.0005131306,0,0.0029917194,48.505802908035264,778.2666325387697,6898,5355.396,2.7604427,628.75525,0.27595133,6574.796,3.3722756,0,,,,,48.505802908035264,0.00072714157,778.2666325387697,0.00073523505,0.024855247,0.032919962
0.99997324,0.0005130668,0,0.002991157,48.506988112120524,778.2682604305915,6899,5353.1733,2.7603614,629.09326,0.2760066,6571.7876,3.3718565,0,,,,,48.506988112120524,0.0007288008,778.2682604305915,0.0007365789,0.02466192,0.03351882
0.99975955,0.00051305984,0,0.0029905941,48.50646098434868,778.2669284359772,6900,5350.7515,2.7600996,629.8253,0.27561748,6570.3833,3.3718107,0,,,,,48.50646098434868,0.00072924985,778.2669284359772,0.00073735643,0.024793984,0.033464026
1.0008377,0.0005131469,0,0.0029900311,48.50654311521743,778.267675790613,6901,5357.156,2.760668,629.20337,0.2758217,6577.4683,3.3723829,0,,,,,48.50654311521743,0.00072759873,778.267675790613,0.00073557295,0.024928387,0.033679422
1.000598,0.00051315577,0,0.002989468,48.50705954467921,778.2668438089316,6902,5356.3413,2.7606816,629.16644,0.2759146,6575.893,3.372441,0,,,,,48.50705954467921,0.00072816387,778.2668438089316,0.00073604914,0.024794612,0.033334684
1.0016873,0.0005131682,8192,0.0029889045,48.50806859558999,778.267647343978,6903,5362.244,2.761221,628.0041,0.2759478,6583.0522,3.3725228,8192,,,,,48.50806859558999,0.00072708575,778.267647343978,0.000735109,0.025144996,0.03422337
0.9997645,0.00051310996,0,0.0029883406,48.50640682945988,778.2660476287947,6904,5352.1836,2.760483,630.01715,0.27565134,6570.4155,3.3721397,0,,,,,48.50640682945988,0.0007294698,778.2660476287947,0.00073742657,0.02529468,0.034209915
1.0006429,0.0005131553,0,0.0029877767,48.507633849753184,778.267063871122,6905,5357.2163,2.7607589,629.60077,0.27583605,6576.1885,3.372438,0,,,,,48.507633849753184,0.0007286099,778.267063871122,0.00073654036,0.02512702,0.03441294
1.0007561,0.0005131877,0,0.0029872123,48.50764578818948,778.2675311270582,6906,5357.6475,2.7608721,629.551,0.27591422,6576.933,3.372651,0,,,,,48.50764578818948,0.0007281228,778.2675311270582,0.0007360737,0.02551258,0.033821493
1.0001495,0.0005131539,0,0.0029866477,48.506191388270636,778.2673307466855,6907,5354.461,2.7606637,630.02515,0.275942,6572.946,3.3724287,0,,,,,48.506191388270636,0.00072935905,778.2673307466855,0.00073737645,0.02505562,0.033679783
1.0001081,0.00051307195,0,0.0029860828,48.506513431324706,778.2669295282777,6908,5354.587,2.7605717,629.55707,0.27593824,6572.674,3.37189,0,,,,,48.506513431324706,0.00072836597,778.2669295282777,0.0007363961,0.025181482,0.034492534
1.0009526,0.0005132084,0,0.0029855177,48.505568830033035,778.2687353792764,6909,5358.3735,2.760924,629.2729,0.27578047,6578.2236,3.3727868,0,,,,,48.505568830033035,0.0007278842,778.2687353792764,0.00073569594,0.02535315,0.033764765
1.0008119,0.00051315414,0,0.0029849524,48.50771378195411,778.2669982969676,6910,5357.808,2.7608712,629.7614,0.27609146,6577.2993,3.3724303,0,,,,,48.50771378195411,0.0007284552,778.2669982969676,0.0007364459,0.024920607,0.03400445
0.99981475,0.0005130268,0,0.0029843869,48.50771245338474,778.2668507426376,6911,5352.8975,2.7602909,629.71136,0.27583966,6570.746,3.3715932,0,,,,,48.50771245338474,0.00072835275,778.2668507426376,0.0007364734,0.025112953,0.034177136
1.0001868,0.0005130985,0,0.002983821,48.50694873042795,778.2666760874141,6912,5354.0796,2.7604723,629.97577,0.27600676,6573.191,3.3720646,0,,,,,48.50694873042795,0.00072831835,778.2666760874141,0.00073633896,0.024908999,0.033575155
1.0005221,0.00051310775,0,0.0029832548,48.507668541789656,778.2682648973514,6913,5357.238,2.760655,628.964,0.27580073,6575.395,3.3721254,0,,,,,48.507668541789656,0.0007283191,778.2682648973514,0.0007362478,0.025181198,0.03455503
1.0002165,0.00051312667,0,0.0029826884,48.50615867073173,778.2676459402319,6914,5355.213,2.7607129,629.3906,0.2758933,6573.3857,3.3722496,0,,,,,48.50615867073173,0.0007280002,778.2676459402319,0.0007361649,0.025526823,0.03384171
1.0006597,0.00051325775,128,0.002982122,48.50812909258274,778.26665815263,6915,5356.8604,2.7613366,629.5619,0.2758383,6576.299,3.373111,128,,,,,48.50812909258274,0.00072781945,778.26665815263,0.00073600473,0.025369313,0.033138614
1.0008678,0.0005131899,0,0.002981555,48.50576061664841,778.2681604870709,6916,5357.9087,2.7611048,630.61896,0.27595404,6577.6665,3.3726652,0,,,,,48.50576061664841,0.00072834856,778.2681604870709,0.0007362837,0.025234805,0.033886388
1.0001271,0.0005130822,0,0.0029809878,48.508156303420314,778.2671320744478,6917,5354.685,2.760541,630.0385,0.27574393,6572.7983,3.3719573,0,,,,,48.508156303420314,0.0007279872,778.2671320744478,0.000735895,0.025260147,0.034035277
1.000179,0.00051307323,0,0.0029804201,48.506461108785714,778.2663685446839,6918,5354.2935,2.760578,630.4314,0.27571467,6573.14,3.3718984,0,,,,,48.506461108785714,0.0007288799,778.2663685446839,0.00073698704,0.025151238,0.03386273
1.0005363,0.0005131197,0,0.0029798525,48.5043136249433,778.2668913371256,6919,5355.889,2.7606773,629.1608,0.27596158,6575.4883,3.3722038,0,,,,,48.5043136249433,0.0007281047,778.2668913371256,0.0007361407,0.025180249,0.03382853
1.0001287,0.0005130536,0,0.0029792846,48.50650003530244,778.2694166740757,6920,5354.7344,2.7605617,630.39307,0.27568176,6572.8096,3.3717697,0,,,,,48.50650003530244,0.0007285833,778.2694166740757,0.0007363729,0.024978371,0.03490638
1.0017496,0.00051326875,0,0.0029787163,48.50514133466763,778.2661301279194,6921,5363.0757,2.761447,629.67773,0.27598298,6583.462,3.3731835,0,,,,,48.50514133466763,0.0007267947,778.2661301279194,0.0007348133,0.025171105,0.03423179
1.0006925,0.0005130978,0,0.002978148,48.507348839220555,778.2663868029199,6922,5357.279,2.7607439,629.68835,0.27585524,6576.5146,3.37206,0,,,,,48.507348839220555,0.00072792807,778.2663868029199,0.0007360261,0.025204387,0.034029234
1.000098,0.00051309227,0,0.0029775791,48.50654973623718,778.267797785706,6923,5354.806,2.7605546,629.0158,0.2760827,6572.6074,3.3720236,0,,,,,48.50654973623718,0.00072873343,778.267797785706,0.00073646597,0.025251972,0.03451407
0.9992015,0.0005130147,0,0.00297701,48.50771874704007,778.2671936748479,6924,5349.521,2.7599509,629.3774,0.27575308,6566.7153,3.3715136,0,,,,,48.50771874704007,0.00072900264,778.2671936748479,0.0007370011,0.025348783,0.034674555
1.0007377,0.0005131603,0,0.0029764408,48.506967711963355,778.2683446065313,6925,5357.9785,2.7609038,629.8786,0.27601144,6576.811,3.3724709,0,,,,,48.506967711963355,0.0007283063,778.2683446065313,0.00073623256,0.025214206,0.034310814
1.0006349,0.00051315845,0,0.0029758713,48.50577071250222,778.2664636229061,6926,5357.725,2.7608316,629.2234,0.27598703,6576.136,3.3724585,0,,,,,48.50577071250222,0.00072788884,778.2664636229061,0.0007358672,0.02550362,0.03439848
0.99947464,0.0005130087,0,0.0029753016,48.50721226726591,778.2671915212079,6927,5351.2896,2.760133,629.7567,0.2755952,6568.5107,3.3714743,0,,,,,48.50721226726591,0.0007286834,778.2671915212079,0.0007366627,0.025508404,0.034822058
1.0006982,0.00051316776,0,0.0029747314,48.50551761839364,778.2674796415166,6928,5357.5645,2.7610013,630.7036,0.2761241,6576.552,3.3725197,0,,,,,48.50551761839364,0.0007284905,778.2674796415166,0.00073637435,0.025248632,0.034202233
1.0006576,0.0005131393,0,0.0029741612,48.506129254848865,778.2690648857689,6929,5358.1514,2.7608843,629.9658,0.27605215,6576.285,3.3723328,0,,,,,48.506129254848865,0.0007275341,778.2690648857689,0.0007352636,0.025401343,0.03475924
0.999902,0.000513084,0,0.0029735905,48.50626055422845,778.2674683163525,6930,5353.5127,2.7605028,629.10785,0.275933,6571.3193,3.3719692,0,,,,,48.50626055422845,0.000728883,778.2674683163525,0.0007369175,0.02532174,0.034080032
1.000431,0.0005131,0,0.0029730196,48.50869942158708,778.2676050623476,6931,5356.0254,2.7605963,629.58093,0.27588335,6574.796,3.3720746,0,,,,,48.50869942158708,0.00072753517,778.2676050623476,0.00073553453,0.025779266,0.03394725
1.0009556,0.0005131757,0,0.0029724487,48.50675397427958,778.2682838075377,6932,5359.3125,2.7609477,628.9177,0.2760282,6578.2437,3.372572,0,,,,,48.50675397427958,0.0007273714,778.2682838075377,0.00073510583,0.025493447,0.034561556
1.0008959,0.00051316305,0,0.0029718773,48.5066319205345,778.2666504218939,6933,5358.287,2.760973,629.87286,0.27576604,6577.8506,3.3724887,0,,,,,48.5066319205345,0.000728619,778.2666504218939,0.00073659065,0.025259553,0.033602197
1.0003886,0.0005130538,0,0.0029713057,48.50729442925761,778.2672662611919,6934,5355.502,2.7606058,629.37494,0.27573627,6574.5176,3.3717709,0,,,,,48.50729442925761,0.0007282922,778.2672662611919,0.00073615194,0.025045127,0.03400743
0.9998932,0.0005130491,0,0.0029707337,48.505456563299816,778.2668470167769,6935,5353.5386,2.7603712,629.7285,0.27582148,6571.261,3.3717399,0,,,,,48.505456563299816,0.0007290131,778.2668470167769,0.00073708186,0.025557341,0.034076925
1.0007008,0.0005131259,0,0.0029701616,48.50840327963177,778.2667402185737,6936,5357.027,2.7607346,629.30066,0.2758574,6576.569,3.3722448,0,,,,,48.50840327963177,0.0007268236,778.2667402185737,0.0007348447,0.025156246,0.03309239
0.9996941,0.00051303394,0,0.0029690166,48.509092285098156,778.2685499196763,6938,5352.365,2.7603698,629.79834,0.27573413,6569.953,3.3716404,0,,,,,48.509092285098156,0.00072866306,778.2685499196763,0.00073661096,0.026436219,0.033907145
1.0012717,0.00051318493,0,0.0029684436,48.50672249156092,778.2652668217216,6939,5360.4087,2.761114,630.6319,0.27594924,6580.3213,3.3726327,0,,,,,48.50672249156092,0.00072737853,778.2652668217216,0.0007356322,0.025628423,0.033294953
0.99973446,0.0005129946,0,0.0029678706,48.50803185974138,778.266250692942,6940,5351.2397,2.760195,630.50867,0.27572265,6570.2183,3.3713818,0,,,,,48.50803185974138,0.00072819827,778.266250692942,0.0007364135,0.025875814,0.033310242
1.000999,0.00051316636,0,0.002967297,48.50768779287641,778.268752147182,6941,5359.225,2.7609732,628.804,0.27591053,6578.5283,3.3725107,0,,,,,48.50768779287641,0.0007277312,778.268752147182,0.0007354717,0.025928214,0.034422368
1.0000128,0.00051312736,16,0.0029667234,48.50769676274612,778.2669011061695,6942,5354.752,2.760684,629.4036,0.27592087,6572.047,3.3722541,16,,,,,48.50769676274612,0.0007292797,778.2669011061695,0.00073728233,0.025991146,0.034747574
1.0019046,0.00051320833,16,0.0029661495,48.50723330423497,778.2682036118384,6943,5363.298,2.7614164,630.38763,0.2757195,6584.4805,3.3727865,16,,,,,48.50723330423497,0.0007275257,778.2682036118384,0.0007353792,0.025570694,0.033720933
0.9995092,0.00051297405,16,0.002965575,48.50463979858644,778.2651086796257,6944,5350.1494,2.760186,630.0671,0.27577105,6568.738,3.3712466,16,,,,,48.50463979858644,0.0007285333,778.2651086796257,0.00073677127,0.0247338,0.031740252
1.0008941,0.0005130564,16,0.0029650007,48.50605710266663,778.2655795145583,6945,5357.3643,2.7607882,629.6732,0.27588212,6577.8394,3.371788,16,,,,,48.50605710266663,0.0007277524,778.2655795145583,0.0007358393,0.024710529,0.031878445
1.0008396,0.00051312847,16,0.0029644258,48.505873645405615,778.2670501870805,6946,5358.152,2.761086,630.1715,0.27587894,6577.4814,3.3722615,16,,,,,48.505873645405615,0.0007274504,778.2670501870805,0.0007355433,0.02532712,0.03407573
1.000367,0.0005131231,16,0.002963851,48.50653688747726,778.2685488846109,6947,5356.32,2.7608216,629.93854,0.27593347,6574.376,3.3722262,16,,,,,48.50653688747726,0.00072776625,778.2685488846109,0.00073573564,0.025480054,0.034505676
1.0016049,0.0005129888,16,0.0029632756,48.508164711852274,778.2671451699828,6948,5354.803,2.7605655,629.9465,0.2759543,6582.5107,3.3713434,16,,,,,48.508164711852274,0.00072761514,778.2671451699828,0.0007356172,0.025106402,0.03426779
1.000418,0.0005127597,16,0.0029627,48.509591627614114,778.2681236755956,6949,5340.776,2.7590652,630.07245,0.27578875,6574.71,3.3698382,16,,,,,48.509591627614114,0.000728815,778.2681236755956,0.00073673425,0.025315043,0.034122042
1.0000893,0.00051292265,144,0.0029621243,48.507910748290215,778.2662160022301,6950,5338.0337,2.759633,630.569,0.27581564,6572.55,3.3709087,144,,,,,48.507910748290215,0.0007293259,778.2662160022301,0.00073753693,0.02554661,0.033987705
1.0007488,0.00051318196,16,0.0029615483,48.50711522365698,778.2689406850034,6951,5358.171,2.7610376,630.458,0.2758493,6576.8843,3.372613,16,,,,,48.50711522365698,0.00072706083,778.2689406850034,0.000734907,0.027331542,0.035169784
1.0002043,0.000513124,16,0.002960972,48.50841246940594,778.2675965999032,6952,5355.3643,2.7608786,630.0515,0.27603996,6573.306,3.372232,16,,,,,48.50841246940594,0.0007289639,778.2675965999032,0.00073699537,0.027436854,0.03490604
0.99945235,0.0005129953,16,0.0029603955,48.50960948047707,778.2683586383383,6953,5352.377,2.76043,629.8487,0.276008,6568.3643,3.3713863,16,,,,,48.50960948047707,0.00072944385,778.2683586383383,0.00073736475,0.027156452,0.036098238
1.0010366,0.0005130851,16,0.0029598186,48.507814844522386,778.2673580659155,6954,5359.016,2.7610135,630.6175,0.2756558,6578.7764,3.3719766,16,,,,,48.507814844522386,0.00072744174,778.2673580659155,0.0007353332,0.02565687,0.034641013
0.99983054,0.0005130141,16,0.0029592416,48.505261946050716,778.266878262976,6955,5351.5815,2.7602928,630.171,0.27602485,6570.8496,3.3715098,16,,,,,48.505261946050716,0.0007281768,778.266878262976,0.00073625427,0.02491641,0.03388774
1.0017493,0.000513221,16,0.0029586642,48.50795639963449,778.2682939160213,6956,5364.342,2.7616951,629.27313,0.2760094,6583.4595,3.3728697,16,,,,,48.50795639963449,0.0007270971,778.2682939160213,0.00073488447,0.025858456,0.035028033
0.99952286,0.0005130734,16,0.0029580868,48.506782845368775,778.2684527502171,6957,5353.576,2.7607005,629.82153,0.27586934,6568.8276,3.3718996,16,,,,,48.506782845368775,0.0007286313,778.2684527502171,0.00073652423,0.026522188,0.036139514
1.0012591,0.0005132337,16,0.002957509,48.50706264192852,778.26821702693,6958,5362.684,2.7615652,631.4643,0.27575615,6580.2383,3.3729532,16,,,,,48.50706264192852,0.00072795135,778.26821702693,0.00073588005,0.026868518,0.03635258
1.0002694,0.000513163,16,0.0029569308,48.50708292099768,778.2697019617376,6959,5357.1704,2.761004,629.38544,0.2761515,6573.734,3.3724883,16,,,,,48.50708292099768,0.0007280672,778.2697019617376,0.00073580415,0.026770366,0.036143545
0.9999545,0.0005130568,16,0.0029563524,48.5074203086353,778.267170467221,6960,5354.5957,2.7606149,630.5257,0.2761064,6571.6646,3.3717906,16,,,,,48.5074203086353,0.0007288961,778.267170467221,0.0007368955,0.026353948,0.03556522
1.0007329,0.0005131366,16,0.0029557738,48.50812592968943,778.2688513188398,6961,5358.4663,2.7610228,630.20746,0.27612624,6576.7803,3.372315,16,,,,,48.50812592968943,0.0007282308,778.2688513188398,0.0007361494,0.026973663,0.0356062
0.9994768,0.0005130505,16,0.0029551948,48.50851342577096,778.2683982571244,6962,5353.4556,2.7605743,630.7953,0.2760127,6568.525,3.371749,16,,,,,48.50851342577096,0.0007283496,778.2683982571244,0.0007362045,0.027315231,0.036329977
1.0003834,0.0005131273,16,0.0029546157,48.50901559474185,778.2693461149623,6963,5356.287,2.7608676,631.23206,0.27598825,6574.483,3.372254,16,,,,,48.50901559474185,0.00072837743,778.2693461149623,0.00073618896,0.027661925,0.036529616
1.0008409,0.0005132327,144,0.0029540362,48.50863178627992,778.2699378092801,6964,5354.853,2.761228,630.30475,0.27575707,6577.4897,3.3729467,144,,,,,48.50863178627992,0.0007280344,778.2699378092801,0.00073564926,0.027078737,0.035707083
1.0010582,0.0005130934,16,0.0029534567,48.50799272196476,778.267973288243,6965,5357.9673,2.7609084,630.68097,0.27584067,6578.918,3.3720307,16,,,,,48.50799272196476,0.0007280655,778.267973288243,0.00073598855,0.026993023,0.035339836
0.99960583,0.00051312515,16,0.0029528767,48.50870676424603,778.2676381696913,6966,5353.896,2.760893,631.3407,0.27609187,6569.373,3.3722398,16,,,,,48.50870676424603,0.00072974944,778.2676381696913,0.0007376602,0.02729879,0.03564373
0.99984986,0.0005130582,8192,0.0029522965,48.50778563773158,778.2710853984604,6967,5355.2954,2.7607589,630.3277,0.27604753,6570.9766,3.3717997,8192,,,,,48.50778563773158,0.0007280671,778.2710853984604,0.0007356139,0.027117599,0.036183506
1.0002519,0.0005131535,0,0.002951716,48.507643931550575,778.2682101429127,6968,5357.6445,2.7609968,631.1759,0.2760728,6573.619,3.372426,0,,,,,48.507643931550575,0.0007273306,778.2682101429127,0.0007351142,0.027295146,0.0362384
1.0001911,0.000513151,0,0.0029511354,48.5080996547773,778.2678888397102,6969,5357.0483,2.7610087,631.4856,0.27575713,6573.219,3.3724096,0,,,,,48.5080996547773,0.0007279811,778.2678888397102,0.0007357451,0.027773168,0.03685498
1.0004512,0.00051314104,0,0.0029505545,48.50830352751289,778.2699127684127,6970,5357.396,2.760922,630.0892,0.27600002,6574.9287,3.372344,0,,,,,48.50830352751289,0.00072815013,778.2699127684127,0.0007357611,0.027493237,0.036269814
1.0010067,0.0005132665,0,0.0029499733,48.50990620344987,778.2692814877313,6971,5360.9404,2.7616303,630.77625,0.2759296,6578.5796,3.3731687,0,,,,,48.50990620344987,0.0007287586,778.2692814877313,0.00073641905,0.02709821,0.036596548
1.0000287,0.0005131687,0,0.0029493917,48.50945183123529,778.2686959325898,6972,5356.7393,2.7610807,631.6197,0.27580422,6572.152,3.3725257,0,,,,,48.50945183123529,0.00072908716,778.2686959325898,0.000736914,0.027154077,0.036786653
1.001495,0.0005132991,0,0.00294881,48.50784873498222,778.2689713848501,6973,5363.6978,2.7617342,630.52466,0.27596304,6581.7886,3.3733826,0,,,,,48.50784873498222,0.0007274379,778.2689713848501,0.0007350666,0.027633276,0.037292928
1.000149,0.00051313016,0,0.002948228,48.508724294961745,778.2693285741037,6974,5356.502,2.7608645,630.6666,0.27589583,6572.9424,3.3722725,0,,,,,48.508724294961745,0.00072830677,778.2693285741037,0.00073609053,0.026975734,0.036705244
1.0002975,0.00051313697,0,0.0029476457,48.509202686325125,778.2687156570263,6975,5356.292,2.7609568,630.96533,0.27636778,6573.919,3.3723176,0,,,,,48.509202686325125,0.0007283447,778.2687156570263,0.0007360948,0.026623365,0.035263296
1.0004449,0.0005131356,0,0.0029470634,48.50870645750645,778.2704297536901,6976,5356.6436,2.7609696,631.75134,0.27574798,6574.887,3.372308,0,,,,,48.50870645750645,0.0007286743,778.2704297536901,0.00073632033,0.02727683,0.035882223
1.0008272,0.0005132071,0,0.0029464806,48.50764922343034,778.2692852687026,6977,5359.733,2.7613533,630.80304,0.27596045,6577.3994,3.3727784,0,,,,,48.50764922343034,0.0007282343,778.2692852687026,0.0007359833,0.027230352,0.03629259
1.0002656,0.0005131974,0,0.0029458976,48.50874507492169,778.2688855492594,6978,5357.5645,2.7612705,631.1075,0.27585408,6573.709,3.3727145,0,,,,,48.50874507492169,0.0007292217,778.2688855492594,0.0007370514,0.027575927,0.037115432
0.9998602,0.0005130501,0,0.0029453142,48.509144624107975,778.271900297962,6979,5355.135,2.7607455,630.99646,0.2759427,6571.045,3.3717465,0,,,,,48.509144624107975,0.0007288619,778.271900297962,0.00073625625,0.027926974,0.038080916
1.0011199,0.0005132748,0,0.0029447307,48.50717254805866,778.2707287014882,6980,5362.741,2.7617934,632.2208,0.27592775,6579.323,3.3732233,0,,,,,48.50717254805866,0.0007281873,778.2707287014882,0.00073574716,0.027957985,0.03789339
1.0005558,0.00051313045,0,0.002944147,48.508660381404326,778.2725919514012,6981,5359.7524,2.76139,631.07495,0.27606216,6575.6157,3.3722744,0,,,,,48.508660381404326,0.0007281428,778.2725919514012,0.00073545024,0.027988095,0.03835837
1.0005876,0.00051316357,0,0.0029435628,48.509247305583166,778.2718572035717,6982,5358.7456,2.7613757,631.4682,0.27611643,6575.825,3.3724923,0,,,,,48.509247305583166,0.00072854775,778.2718572035717,0.000736014,0.027546061,0.03796559
1.0013187,0.0005132554,0,0.0029429786,48.50833820519815,778.2690999334931,6983,5363.31,2.761813,631.47864,0.2760229,6580.6294,3.3730958,0,,,,,48.50833820519815,0.0007276047,778.2690999334931,0.0007357679,0.027422454,0.038256355
1.0002042,0.0005131146,0,0.002942394,48.50933801226272,778.2717059058378,6984,5357.5454,2.7613168,631.59784,0.27598324,6573.3057,3.3721704,0,,,,,48.50933801226272,0.0007289736,778.2717059058378,0.0007365376,0.027821226,0.038575824
0.99977326,0.00051302713,0,0.0029418091,48.50942113719054,778.2709804944467,6985,5353.578,2.7606475,631.66656,0.27567545,6570.473,3.3715954,0,,,,,48.50942113719054,0.0007290658,778.2709804944467,0.00073673885,0.027131392,0.037052587
0.9994796,0.00051306863,0,0.0029412243,48.50867328716804,778.2707287718445,6986,5352.3,2.7606294,631.7495,0.2759507,6568.5435,3.3718681,0,,,,,48.50867328716804,0.00072931347,778.2707287718445,0.00073700503,0.02729383,0.03634634
1.000154,0.0005131006,0,0.002940639,48.507661019386475,778.2712653891749,6987,5357.1753,2.7611046,631.90576,0.27581435,6572.9756,3.3720782,0,,,,,48.507661019386475,0.00072897965,778.2712653891749,0.0007365005,0.027845772,0.037827935
1.00015,0.0005131445,0,0.0029400531,48.50784396338186,778.2703402461116,6988,5356.945,2.7610815,631.4142,0.2760551,6572.949,3.372367,0,,,,,48.50784396338186,0.00072813645,778.2703402461116,0.0007356946,0.027714847,0.0373567
0.9999509,0.0005130978,8192,0.0029394673,48.50897999714708,778.2705408288115,6989,5356.5254,2.7611766,632.5552,0.27590072,6571.6406,3.37206,8192,,,,,48.50897999714708,0.00072877033,778.2705408288115,0.0007363769,0.028243233,0.037794396
0.99935734,0.0005130852,0,0.0029388813,48.50970842863573,778.2719604104918,6990,5353.9854,2.7608774,632.37164,0.27592227,6567.7397,3.3719773,0,,,,,48.50970842863573,0.00072859763,778.2719604104918,0.0007361263,0.027869761,0.03831858
0.99933445,0.0005131434,0,0.0029382948,48.508919474804706,778.2702668404767,6991,5353.675,2.7611718,631.68384,0.27638024,6567.5894,3.3723593,0,,,,,48.508919474804706,0.0007300076,778.2702668404767,0.00073772355,0.028179381,0.037988547
1.0001723,0.0005131553,0,0.0029377083,48.509078681265024,778.2720821399325,6992,5359.004,2.7613819,632.0002,0.27623114,6573.0957,3.3724377,0,,,,,48.509078681265024,0.0007285353,778.2720821399325,0.0007360573,0.028456453,0.038855255
1.000197,0.00051309215,0,0.0029371213,48.50875251922096,778.2724474138329,6993,5359.076,2.761145,631.12177,0.27588972,6573.259,3.3720226,0,,,,,48.50875251922096,0.0007281253,778.2724474138329,0.00073560706,0.02823971,0.038605716
1.0002093,0.00051316986,0,0.0029365344,48.51044177411888,778.2708601941639,6994,5358.1494,2.7614937,631.5515,0.27577353,6573.3394,3.3725333,0,,,,,48.51044177411888,0.0007295435,778.2708601941639,0.0007372356,0.028547814,0.038469426
1.0008926,0.00051323307,0,0.002935947,48.50905187210243,778.2712727224225,6995,5362.4814,2.7616935,631.7809,0.27615684,6577.83,3.3729491,0,,,,,48.50905187210243,0.0007277243,778.2712727224225,0.0007351857,0.028611181,0.03888041
0.9999229,0.00051309395,0,0.0029353593,48.509498225246105,778.2720597721387,6996,5356.596,2.7610166,632.6351,0.2759475,6571.4565,3.3720345,0,,,,,48.509498225246105,0.0007280803,778.2720597721387,0.00073551794,0.027595347,0.037610527
0.9999782,0.00051295426,0,0.0029347714,48.50918212839655,778.2681302629417,6997,5354.77,2.7608368,631.9814,0.27597317,6571.82,3.3711166,0,,,,,48.50918212839655,0.0007283368,778.2681302629417,0.0007361104,0.027539212,0.036056127
0.9996895,0.000513086,0,0.0029341832,48.50853364250066,778.2712494686668,6998,5355.391,2.7609713,631.75507,0.27579412,6569.923,3.3719823,0,,,,,48.50853364250066,0.0007284637,778.2712494686668,0.0007360169,0.0284328,0.03780887
1.0017661,0.00051325874,0,0.0029335949,48.51038431272259,778.2719010304723,6999,5366.738,2.7623203,632.0058,0.27608606,6583.5703,3.3731177,0,,,,,48.51038431272259,0.00072734966,778.2719010304723,0.0007346856,0.028438652,0.038514994
0.99965465,0.0005130458,0,0.002933006,48.51040691910724,778.2703593808639,7000,5354.5215,2.7607765,631.4687,0.27597925,6569.694,3.3717182,0,,,,,48.51040691910724,0.00072849594,778.2703593808639,0.00073600136,0.02897437,0.03752912
1.0009272,0.0005131996,0,0.0029324172,48.5099021549742,778.2700665908878,7001,5361.6855,2.7615423,631.5478,0.2763451,6578.057,3.372729,0,,,,,48.5099021549742,0.0007274372,778.2700665908878,0.00073496817,0.029024307,0.037530605
1.0007173,0.00051314564,0,0.002931828,48.508185563792,778.272284602066,7002,5360.95,2.7615485,631.8986,0.27598354,6576.6772,3.3723743,0,,,,,48.508185563792,0.0007283573,778.272284602066,0.0007357432,0.028289696,0.038390506
1.0007426,0.00051321415,0,0.0029312386,48.51114171746026,778.2720235793387,7003,5360.866,2.7617705,632.249,0.27615577,6576.8438,3.3728244,0,,,,,48.51114171746026,0.0007278282,778.2720235793387,0.0007352563,0.02829774,0.038690038
0.9998503,0.0005130911,0,0.0029306489,48.50983288362951,778.2706942252127,7004,5356.892,2.761187,633.7136,0.27589518,6570.9795,3.372016,0,,,,,48.50983288362951,0.0007293139,778.2706942252127,0.0007367219,0.02833693,0.03910545
0.9997926,0.00051311584,0,0.0029300589,48.50833108773347,778.2725161101127,7005,5356.728,2.7611015,632.33154,0.27595285,6570.6,3.3721786,0,,,,,48.50833108773347,0.0007283153,778.2725161101127,0.0007356321,0.028632449,0.03905271
1.0013196,0.00051322306,0,0.0029294686,48.5105126699882,778.27034115249,7006,5363.9263,2.7619143,631.7704,0.27603588,6580.636,3.372883,0,,,,,48.5105126699882,0.00072802434,778.27034115249,0.0007355406,0.02886308,0.03868537
1.0004995,0.00051319285,0,0.0029288782,48.50933364958703,778.2719983884892,7007,5360.3423,2.7616131,633.1069,0.27613446,6575.246,3.3726845,0,,,,,48.50933364958703,0.0007289947,778.2719983884892,0.0007365467,0.028238993,0.03876308
1.0006372,0.00051317253,0,0.0029282875,48.50941814571661,778.269576050053,7008,5360.7217,2.7615478,632.0734,0.27593458,6576.151,3.372551,0,,,,,48.50941814571661,0.00072864274,778.269576050053,0.00073633506,0.027984276,0.03764975
0.999697,0.0005130495,0,0.0029276966,48.50941219787379,778.2706443111822,7009,5354.64,2.760856,631.971,0.27596372,6569.972,3.3717422,0,,,,,48.50941219787379,0.0007274444,778.2706443111822,0.0007349384,0.028306328,0.036759853
1.0002221,0.00051318464,0,0.0029271052,48.51030599941775,778.2719290901347,7010,5358.9365,2.7613587,632.88574,0.27584308,6573.423,3.3726308,0,,,,,48.51030599941775,0.00072854786,778.2719290901347,0.0007360337,0.029157257,0.03845976
0.9995492,0.0005131254,0,0.0029265138,48.5107087324383,778.2700191669585,7011,5355.318,2.7608306,631.9018,0.27600545,6569.001,3.3722413,0,,,,,48.5107087324383,0.0007287873,778.2700191669585,0.00073640334,0.029503785,0.038000032
0.99996173,0.0005131797,0,0.002925922,48.50915691705417,778.2721055126157,7012,5357.3564,2.7612486,631.58655,0.27599606,6571.712,3.3725982,0,,,,,48.50915691705417,0.00072842644,778.2721055126157,0.0007358819,0.028625973,0.038505513
1.0002707,0.00051312806,0,0.00292533,48.50962920101895,778.271626464553,7013,5359.268,2.7612936,631.5618,0.2758712,6573.742,3.372259,0,,,,,48.50962920101895,0.0007275463,778.271626464553,0.0007348061,0.028833881,0.038871735
0.999682,0.00051298056,0,0.0029247378,48.50978609086076,778.2722631261911,7014,5356.665,2.7610698,631.8243,0.27608654,6569.8735,3.3712895,0,,,,,48.50978609086076,0.00072814646,778.2722631261911,0.0007355535,0.028629886,0.039069135
0.9998298,0.00051313586,0,0.0029241452,48.50811536086315,778.2708095910996,7015,5356.408,2.761176,631.80554,0.27573368,6570.845,3.3723102,0,,,,,48.50811536086315,0.00072906696,778.2708095910996,0.0007365712,0.028692698,0.038749166
0.9997748,0.00051310053,0,0.0029235524,48.50920159313081,778.2713060058344,7016,5357.0894,2.761228,632.10565,0.27622575,6570.4834,3.372078,0,,,,,48.50920159313081,0.00072944484,778.2713060058344,0.0007369502,0.029001461,0.038986623
0.999159,0.0005130479,0,0.0029229594,48.51034126061026,778.2736687294707,7017,5353.9087,2.7609441,632.46,0.27598444,6566.436,3.371732,0,,,,,48.51034126061026,0.00072850485,778.2736687294707,0.0007357699,0.029566083,0.039199203
1.0002648,0.0005131801,0,0.0029223661,48.50927246648779,778.2714147170627,7018,5359.1787,2.7615483,632.5014,0.2765486,6573.703,3.3726008,0,,,,,48.50927246648779,0.000729186,778.2714147170627,0.00073664606,0.02896985,0.039128732
1.0008563,0.00051330676,0,0.0029217727,48.5087746591816,778.2726062171348,7019,5362.9443,2.7620788,632.2569,0.27580392,6577.591,3.373433,0,,,,,48.5087746591816,0.0007285636,778.2726062171348,0.00073593884,0.029286861,0.039868284
0.9990404,0.00051305926,0,0.002921179,48.50963960117814,778.2745443818565,7020,5353.557,2.7609508,632.9782,0.2760648,6565.657,3.3718069,0,,,,,48.50963960117814,0.000729814,778.2745443818565,0.0007369721,0.029562846,0.04055448
0.9997407,0.0005130676,0,0.0029205848,48.5091062365675,778.2715793296748,7021,5356.173,2.7610977,632.8781,0.27580965,6570.2593,3.3718615,0,,,,,48.5091062365675,0.0007285074,778.2715793296748,0.0007358507,0.029445365,0.039939802
1.0012612,0.0005131737,0,0.0029199906,48.50958334492583,778.2712668163042,7022,5363.6543,2.7620182,633.14655,0.27611968,6580.2524,3.3725586,0,,,,,48.50958334492583,0.000728528,778.2712668163042,0.0007360508,0.028470282,0.03863795
0.99989146,0.00051312766,0,0.002919396,48.50885587798519,778.2716910702438,7023,5356.8413,2.7612095,631.82526,0.27616867,6571.25,3.3722563,0,,,,,48.50885587798519,0.00072854606,778.2716910702438,0.00073600106,0.028415814,0.039002433
0.999035,0.00051294477,0,0.002918801,48.50930047234284,778.2736293504355,7024,5352.1284,2.7606735,632.90094,0.2760054,6565.6216,3.3710544,0,,,,,48.50930047234284,0.0007300418,778.2736293504355,0.0007373152,0.029326348,0.03979455
1.0006933,0.00051311805,0,0.0029182062,48.51102364395514,778.2716040786304,7025,5361.5273,2.7615044,631.65344,0.27596435,6576.52,3.3721929,0,,,,,48.51102364395514,0.00072816253,778.2716040786304,0.000735577,0.029027464,0.039512597
1.0008703,0.00051323336,0,0.0029176108,48.51028700939597,778.2730006781879,7026,5363.0063,2.7617662,631.6147,0.2758871,6577.6836,3.3729508,0,,,,,48.51028700939597,0.00072805997,778.2730006781879,0.0007352924,0.029195633,0.0401344
1.0008793,0.0005132486,0,0.0029170152,48.509652458110345,778.2719032673723,7027,5362.458,2.7619627,632.66785,0.27591857,6577.7417,3.3730512,0,,,,,48.509652458110345,0.0007284694,778.2719032673723,0.00073590217,0.029429657,0.040216558
0.9996804,0.0005130604,0,0.0029164194,48.51162651743889,778.272922681607,7028,5356.3105,2.7610621,631.7942,0.27574736,6569.863,3.3718145,0,,,,,48.51162651743889,0.00072889443,778.272922681607,0.0007360932,0.029541632,0.03995534
0.9996102,0.0005130653,0,0.0029158231,48.510487051943926,778.2729475688407,7029,5356.4995,2.7611384,632.0944,0.2759917,6569.4014,3.3718464,0,,,,,48.510487051943926,0.00072867837,778.2729475688407,0.0007361759,0.029573055,0.040194005
1.000543,0.00051313714,0,0.0029152269,48.51041653298908,778.2714913169644,7030,5360.331,2.7615426,632.105,0.27611953,6575.532,3.3723185,0,,,,,48.51041653298908,0.0007290811,778.2714913169644,0.0007365268,0.029693417,0.039916858
1.00037,0.00051314296,0,0.0029146303,48.50997663167754,778.2723797656244,7031,5360.2173,2.7615652,632.6201,0.27595592,6574.395,3.3723567,0,,,,,48.50997663167754,0.00072872016,778.2723797656244,0.000736083,0.02963581,0.04022812
1.0000526,0.00051313173,8192,0.0029140334,48.509749007704414,778.2722718885541,7032,5358.367,2.76134,632.1984,0.27604488,6572.3086,3.372283,8192,,,,,48.509749007704414,0.00072890153,778.2722718885541,0.0007362448,0.029647227,0.04057893
1.0001605,0.00051310676,0,0.0029134364,48.510157017436356,778.272028731676,7033,5357.653,2.7612677,631.91693,0.2762117,6573.0176,3.372119,0,,,,,48.510157017436356,0.0007290889,778.272028731676,0.0007365466,0.029117921,0.039475825
1.000402,0.0005131362,0,0.002912839,48.51115342961817,778.2717873209747,7034,5359.3647,2.761612,631.98004,0.2761316,6574.605,3.3723125,0,,,,,48.51115342961817,0.0007281573,778.2717873209747,0.0007354813,0.029618045,0.03973349
1.0016031,0.00051327894,0,0.0029122413,48.5097720324583,778.2742567415456,7035,5366.5913,2.762208,633.0303,0.27591315,6582.499,3.3732505,0,,,,,48.5097720324583,0.00072805746,778.2742567415456,0.0007347648,0.029538954,0.0406636
1.0006353,0.00051313365,0,0.0029116436,48.5108927325435,778.2742030128873,7036,5360.884,2.7616553,633.2503,0.27581984,6576.1387,3.3722954,0,,,,,48.5108927325435,0.00072802394,778.2742030128873,0.00073527714,0.029602284,0.040323116
0.9996193,0.0005130592,0,0.0029110454,48.50984111763756,778.272902926112,7037,5356.289,2.761124,632.3729,0.2758791,6569.4614,3.3718064,0,,,,,48.50984111763756,0.0007287086,778.272902926112,0.00073597644,0.029750645,0.04062795
1.0005027,0.00051311543,0,0.002910447,48.5104175523709,778.274692653067,7038,5361.4966,2.7616842,632.30963,0.27597606,6575.267,3.3721757,0,,,,,48.5104175523709,0.0007287579,778.274692653067,0.00073583383,0.029959327,0.041037384
0.9999606,0.0005130532,0,0.0029098485,48.509900325213614,778.2727225998889,7039,5358.5303,2.7613034,632.47253,0.2760879,6571.7046,3.371767,0,,,,,48.509900325213614,0.00072883884,778.2727225998889,0.00073636364,0.029945798,0.040916625
1.0004034,0.0005130891,0,0.0029092494,48.510511877929346,778.2725303886746,7040,5360.5747,2.7614825,632.4682,0.27594545,6574.6147,3.372003,0,,,,,48.510511877929346,0.0007291939,778.2725303886746,0.00073662156,0.029823476,0.040804073
0.99994975,0.0005131082,0,0.0029086503,48.5108039166353,778.2722417898574,7041,5357.799,2.7612014,631.55927,0.27586624,6571.6333,3.3721282,0,,,,,48.5108039166353,0.00072901347,778.2722417898574,0.0007364183,0.029147962,0.039295696
1.0010537,0.0005131505,0,0.002908051,48.50937343734849,778.2724445310932,7042,5362.9673,2.7617288,632.29895,0.2758457,6578.888,3.372406,0,,,,,48.50937343734849,0.00072809635,778.2724445310932,0.0007354726,0.028955854,0.039736714
0.999798,0.00051308674,0,0.0029074512,48.51122758937873,778.2728884821872,7043,5357.3706,2.7612514,633.08813,0.27600813,6570.6357,3.3719873,0,,,,,48.51122758937873,0.0007294161,778.2728884821872,0.00073669286,0.030039169,0.040217757
1.0005561,0.0005132014,0,0.0029068515,48.51001463710181,778.2735451179952,7044,5361.3696,2.7617126,632.2184,0.27607948,6575.618,3.372741,0,,,,,48.51001463710181,0.00072809705,778.2735451179952,0.00073534175,0.03028497,0.040543072
1.0009581,0.00051340496,0,0.0029062512,48.51033995590457,778.2734701614489,7045,5363.1987,2.7629,640.0029,0.27615073,6578.2603,3.3740785,0,,,,,48.51033995590457,0.0007289573,778.2734701614489,0.00073619984,0.029449696,0.040348694
1.0009853,0.00051344704,128,0.0029056508,48.51193693543129,778.2729748522574,7046,5363.3184,2.762721,632.2118,0.27607748,6578.4385,3.3743553,128,,,,,48.51193693543129,0.00072772545,778.2729748522574,0.00073499075,0.029664574,0.039975844
1.0009384,0.0005132505,0,0.0029050503,48.51051947859986,778.2721460810931,7047,5363.776,2.7619388,632.6308,0.27646324,6578.131,3.3730633,0,,,,,48.51051947859986,0.00072792865,778.2721460810931,0.00073538104,0.029790426,0.03973059
1.000497,0.0005131977,0,0.0029044494,48.51075474478439,778.2711563161964,7048,5360.7275,2.7616546,633.31903,0.27565995,6575.2295,3.3727164,0,,,,,48.51075474478439,0.0007289606,778.2711563161964,0.0007364184,0.029916588,0.0396837
1.0000987,0.00051316636,0,0.0029038482,48.51013378140642,778.2742840389742,7049,5359.2725,2.7615817,632.21625,0.2759379,6572.6123,3.3725104,0,,,,,48.51013378140642,0.0007286372,778.2742840389742,0.00073580927,0.030456401,0.04008463
0.99989456,0.00051314826,0,0.0029032468,48.51163429701911,778.272593724438,7050,5359.1113,2.7614963,633.02515,0.27586797,6571.2705,3.3723915,0,,,,,48.51163429701911,0.00072888355,778.272593724438,0.0007362046,0.030373467,0.04066943
1.0001243,0.0005131835,0,0.002902645,48.51054877064974,778.2726643041872,7051,5359.3433,2.761594,632.87683,0.27626732,6572.781,3.3726232,0,,,,,48.51054877064974,0.00072884513,778.2726643041872,0.00073601556,0.030103285,0.040233318
1.000285,0.0005132361,0,0.002902043,48.51276184518175,778.2730006434365,7052,5360.3125,2.761676,632.7222,0.27624002,6573.8364,3.3729687,0,,,,,48.51276184518175,0.0007292207,778.2730006434365,0.00073651824,0.030775089,0.039681118
1.0001122,0.0005131777,0,0.002901441,48.5115315501951,778.2733436426294,7053,5359.7266,2.7614138,632.51056,0.27588373,6572.7007,3.372585,0,,,,,48.5115315501951,0.0007288242,778.2733436426294,0.0007361358,0.03070872,0.040341403
0.99979407,0.000513076,0,0.0029008384,48.5112371897955,778.2743656316103,7054,5358.0293,2.7613592,632.8406,0.2760153,6570.61,3.3719168,0,,,,,48.5112371897955,0.00072943413,778.2743656316103,0.00073657697,0.030681517,0.041330904
1.0001314,0.00051311275,0,0.0029002358,48.51152315288556,778.2741926373213,7055,5359.545,2.7614176,632.65936,0.2758995,6572.8267,3.372158,0,,,,,48.51152315288556,0.00072909857,778.2741926373213,0.0007363534,0.03076974,0.040885035
1.0001924,0.00051310204,0,0.0028996328,48.51053948837499,778.274978475637,7056,5359.805,2.7615736,633.4121,0.27560073,6573.228,3.372088,0,,,,,48.51053948837499,0.0007283618,778.274978475637,0.00073562644,0.030389648,0.04135375
1.000503,0.0005131066,0,0.0028990295,48.51008702698062,778.273210630429,7057,5361.129,2.7615585,631.8345,0.2762486,6575.269,3.3721178,0,,,,,48.51008702698062,0.0007282359,778.273210630429,0.0007355259,0.030181963,0.040587597
0.9992761,0.00051308086,0,0.0028984263,48.511592379233086,778.2722123515192,7058,5354.434,2.7610075,633.60565,0.2767426,6567.206,3.3719487,0,,,,,48.511592379233086,0.0007294574,778.2722123515192,0.00073689834,0.030505765,0.040516265
0.9993275,0.0005130871,0,0.0028978225,48.510623301249744,778.2745750838112,7059,5355.471,2.7610965,633.1986,0.27569914,6567.5435,3.3719895,0,,,,,48.510623301249744,0.00072920625,778.2745750838112,0.0007364328,0.030628111,0.04125055
0.99968797,0.00051306246,0,0.0028972186,48.50986219822199,778.2725986541361,7060,5356.6514,2.7610502,632.6307,0.27578384,6569.9126,3.3718276,0,,,,,48.50986219822199,0.00072854484,778.2725986541361,0.00073576096,0.030305529,0.04096418
0.9995618,0.0005130965,0,0.0028966144,48.51014042960439,778.2724623671761,7061,5356.055,2.7611969,633.0244,0.2762191,6569.0835,3.3720515,0,,,,,48.51014042960439,0.0007289968,778.2724623671761,0.00073623366,0.030416628,0.039890856
1.0004393,0.0005131871,0,0.00289601,48.51210907712614,778.2741823664944,7062,5361.1123,2.7615716,632.8509,0.2758187,6574.8506,3.3726466,0,,,,,48.51210907712614,0.00072853226,778.2741823664944,0.00073584786,0.030946687,0.040644407
1.0004268,0.00051313575,0,0.002895405,48.510191357851326,778.2734114444962,7063,5360.7925,2.7616253,632.7826,0.2760738,6574.768,3.3723092,0,,,,,48.510191357851326,0.00072846975,778.2734114444962,0.0007359081,0.030490138,0.04095166
1.000676,0.0005132087,0,0.0028948002,48.51181026001557,778.2736150005352,7064,5362.529,2.7619433,633.43164,0.27608076,6576.4062,3.3727887,0,,,,,48.51181026001557,0.0007292458,778.2736150005352,0.0007364651,0.030701965,0.041122533
1.0005456,0.000513252,0,0.002894195,48.512753029882994,778.2734679677563,7065,5362.0654,2.7618835,633.1782,0.2760594,6575.5493,3.373073,0,,,,,48.512753029882994,0.00072878285,778.2734679677563,0.00073606224,0.031031746,0.040581275
1.000026,0.00051314133,8192,0.0028935894,48.51052665927271,778.2717160123996,7066,5358.292,2.7613757,632.7567,0.2759434,6572.1343,3.3723462,8192,,,,,48.51052665927271,0.0007285783,778.2717160123996,0.00073596346,0.030410277,0.039919976
0.99980557,0.0005132851,128,0.0028929838,48.51139178349487,778.2751283102094,7067,5358.1143,2.762283,632.64966,0.2760337,6570.6855,3.373291,128,,,,,48.51139178349487,0.0007278523,778.2751283102094,0.0007350064,0.030548716,0.041321073
0.99958193,0.0005131327,0,0.0028923778,48.51106116119228,778.2734969446165,7068,5356.7183,2.761281,633.5873,0.2758151,6569.216,3.3722894,0,,,,,48.51106116119228,0.0007291288,778.2734969446165,0.0007364489,0.030769352,0.041170973
0.9998565,0.00051314896,0,0.0028917715,48.51313660242982,778.2745762550667,7069,5358.6714,2.761362,632.0179,0.2762469,6571.02,3.372396,0,,,,,48.51313660242982,0.00072804216,778.2745762550667,0.0007351564,0.03146735,0.042045448
1.000727,0.00051320496,0,0.0028911652,48.512412803708585,778.2737457415908,7070,5361.6997,2.7618108,632.75745,0.27580732,6576.741,3.372764,0,,,,,48.512412803708585,0.00072830624,778.2737457415908,0.0007354764,0.031217964,0.041020177
1.0008422,0.0005132334,0,0.0028905584,48.51276186670369,778.2762219770051,7071,5364.7856,2.7622416,633.0859,0.27615342,6577.4985,3.3729513,0,,,,,48.51276186670369,0.00072864036,778.2762219770051,0.00073559495,0.031578507,0.043022234
0.9999626,0.00051308225,0,0.0028899515,48.51187211929208,778.2751730545737,7072,5358.7646,2.7614412,633.04535,0.27584147,6571.718,3.3719578,0,,,,,48.51187211929208,0.00072882883,778.2751730545737,0.0007358996,0.031398527,0.042583417
1.0015525,0.000513344,0,0.0028893442,48.51345953161673,778.2740869483006,7073,5367.092,2.7624197,632.64966,0.27616972,6582.166,3.373678,0,,,,,48.51345953161673,0.00072735234,778.2740869483006,0.0007346414,0.030770367,0.041458894
0.9993827,0.00051306724,0,0.0028887368,48.51271400349379,778.2754035959795,7074,5356.2627,2.7612667,633.67914,0.27593946,6567.9062,3.371859,0,,,,,48.51271400349379,0.00072965486,778.2754035959795,0.00073663826,0.031166958,0.042354476
1.0007477,0.00051320635,0,0.0028881289,48.51143528400779,778.2745197209435,7075,5362.8604,2.761933,633.16406,0.27611798,6576.877,3.3727734,0,,,,,48.51143528400779,0.0007286592,778.2745197209435,0.0007357447,0.030838558,0.04170078
1.000034,0.0005131958,0,0.002887521,48.511539470752865,778.2744047216304,7076,5360.016,2.7617285,633.645,0.27589318,6572.187,3.3727043,0,,,,,48.511539470752865,0.0007288743,778.2744047216304,0.00073600205,0.03122768,0.042035695
0.9992636,0.0005131013,0,0.0028869128,48.511189205658916,778.2746604194791,7077,5355.7397,2.7612705,634.072,0.2758459,6567.1235,3.372083,0,,,,,48.511189205658916,0.0007297071,778.2746604194791,0.00073690177,0.031150047,0.042122744
1.0002986,0.0005132226,8192,0.0028863042,48.51250591673143,778.2740075027722,7078,5360.602,2.7618513,633.9163,0.2760179,6573.9263,3.37288,8192,,,,,48.51250591673143,0.0007295165,778.2740075027722,0.00073679147,0.031482313,0.041136988
1.0002105,0.0005132358,0,0.0028856955,48.511917509118376,778.2720853950225,7079,5360.1265,2.761628,632.82007,0.27609393,6573.3467,3.372967,0,,,,,48.511917509118376,0.00072824146,778.2720853950225,0.0007357446,0.03162372,0.041048724
0.9995001,0.0005131067,0,0.0028850865,48.5104681811558,778.2730868402575,7080,5357.191,2.7613451,633.0105,0.27604485,6568.678,3.3721185,0,,,,,48.5104681811558,0.0007292609,778.2730868402575,0.00073654944,0.031209819,0.04154988
1.0002142,0.00051321095,0,0.0028844771,48.51167045756407,778.2753777536531,7081,5360.317,2.7617285,634.3505,0.27579182,6573.3716,3.3728037,0,,,,,48.51167045756407,0.00072882784,778.2753777536531,0.000735835,0.030995334,0.041559584
1.0001228,0.0005132191,0,0.0028838678,48.513012319371825,778.2742578027015,7082,5359.921,2.7617135,632.8695,0.27599412,6572.77,3.372857,0,,,,,48.513012319371825,0.00072868774,778.2742578027015,0.00073589076,0.031510115,0.0416802
1.000484,0.0005132489,0,0.002882648,48.511241470461215,778.2736410628828,7084,5361.197,2.7617664,633.80396,0.27592784,6575.144,3.373053,0,,,,,48.511241470461215,0.0007283694,778.2736410628828,0.000735573,0.031125655,0.04150446
0.99958646,0.00051316357,0,0.0028820378,48.51214387304407,778.2733849069235,7085,5356.393,2.7613487,633.88837,0.27604744,6569.2456,3.3724923,0,,,,,48.51214387304407,0.0007298886,778.2733849069235,0.000737154,0.030878674,0.041357614
1.001264,0.0005132351,0,0.0028814273,48.510922216236764,778.2747215147112,7086,5365.671,2.7623105,633.31805,0.27622834,6580.27,3.3729622,0,,,,,48.510922216236764,0.00072809734,778.2747215147112,0.00073518674,0.030850349,0.04153567
1.0003101,0.00051323115,0,0.0028808166,48.50939818377626,778.2737532047768,7087,5360.1104,2.7617815,633.7585,0.27606,6574.001,3.3729362,0,,,,,48.50939818377626,0.0007288971,778.2737532047768,0.0007361125,0.03073735,0.04091329
1.000428,0.00051320886,0,0.0028802054,48.511312466982204,778.2757283953038,7088,5362.556,2.762035,634.3419,0.2761129,6574.776,3.3727896,0,,,,,48.511312466982204,0.0007286589,778.2757283953038,0.0007357414,0.031795356,0.042451367
1.000528,0.00051336765,128,0.0028795942,48.51494305848647,778.2756794538199,7089,5363.3115,2.7625535,633.77576,0.27599826,6575.433,3.3738332,128,,,,,48.51494305848647,0.00072795077,778.2756794538199,0.00073492393,0.032085538,0.04252557
0.99911845,0.00051313365,0,0.0028789828,48.51308047983008,778.2731780711104,7090,5355.707,2.7613318,633.6866,0.27598232,6566.17,3.3722954,0,,,,,48.51308047983008,0.0007287183,778.2731780711104,0.00073597307,0.031949144,0.041903708
1.0002087,0.00051324215,0,0.002878371,48.513596454588466,778.274119031346,7091,5362.3066,2.7619998,632.81116,0.27633777,6573.3354,3.3730085,0,,,,,48.513596454588466,0.00072860555,778.274119031346,0.00073569803,0.032718197,0.041744467
0.99946994,0.0005131653,0,0.002877759,48.511347154645264,778.2732689881395,7092,5358.261,2.76146,633.895,0.27607036,6568.48,3.3725035,0,,,,,48.511347154645264,0.0007291508,778.2732689881395,0.00073646056,0.03266418,0.04194891
0.9989854,0.00051311223,0,0.0028771467,48.511537856014485,778.2717998838211,7093,5352.592,2.7609131,633.9354,0.27612782,6565.2954,3.372155,0,,,,,48.511537856014485,0.0007300325,778.2717998838211,0.00073755026,0.031132847,0.03914729
1.0011542,0.0005132461,0,0.0028765341,48.51390532360109,778.2745097280222,7094,5365.7676,2.7622738,633.0578,0.27612886,6579.5483,3.3730345,0,,,,,48.51390532360109,0.00072739314,778.2745097280222,0.0007348133,0.0315586,0.040492453
0.99932766,0.00051311427,0,0.0028759213,48.51198679800307,778.2728993112557,7095,5355.6743,2.7612293,634.189,0.27569345,6567.545,3.372168,0,,,,,48.51198679800307,0.0007293393,778.2728993112557,0.00073666713,0.03152602,0.04061122
1.0004635,0.00051325146,0,0.0028753085,48.51121255555954,778.2737673205379,7096,5360.952,2.761876,634.18164,0.2761448,6575.0093,3.3730698,0,,,,,48.51121255555954,0.0007287346,778.2737673205379,0.0007359221,0.031077178,0.04018737
0.99943703,0.0005131852,0,0.0028746952,48.511484187824124,778.2741517737111,7097,5356.1743,2.7615552,634.05817,0.2758634,6568.2637,3.3726344,0,,,,,48.511484187824124,0.00072963897,778.2741517737111,0.0007368197,0.031184826,0.041305095
0.9998108,0.00051318255,0,0.0028740817,48.512741321873044,778.2744776767495,7098,5358.5747,2.7614524,634.26025,0.2759323,6570.72,3.372617,0,,,,,48.512741321873044,0.0007288041,778.2744776767495,0.0007359149,0.031803302,0.041291013
1.0008808,0.0005132842,0,0.0028734677,48.512172146024774,778.2730358983398,7099,5363.656,2.7621007,634.30597,0.2758104,6577.752,3.3732848,0,,,,,48.512172146024774,0.0007283791,778.2730358983398,0.00073554605,0.03165817,0.04118565
0.99994975,0.0005131345,8192,0.0028728538,48.512726053411704,778.2742381449044,7100,5358.324,2.7615528,634.24866,0.27570543,6571.6333,3.3723013,8192,,,,,48.512726053411704,0.0007288079,778.2742381449044,0.0007360312,0.031326964,0.041228242
1.0009626,0.00051328866,0,0.0028722396,48.511183014300286,778.2738372057929,7101,5363.7456,2.76218,633.98486,0.27609727,6578.2896,3.3733141,0,,,,,48.511183014300286,0.00072826125,778.2738372057929,0.00073535816,0.031095078,0.040895317
1.0005565,0.0005132419,0,0.0028716251,48.51258677593201,778.2739605134441,7102,5361.067,2.7618973,633.9739,0.27600035,6575.62,3.373007,0,,,,,48.51258677593201,0.0007289157,778.2739605134441,0.00073612336,0.031247914,0.04083834
1.0007073,0.0005132117,0,0.0028710102,48.51208667089305,778.273870088911,7103,5363.0522,2.7621384,635.20905,0.27591294,6576.612,3.3728085,0,,,,,48.51208667089305,0.0007287066,778.273870088911,0.000735862,0.031753905,0.040808395
1.0005276,0.00051322154,0,0.0028703953,48.51408123721277,778.2754914966894,7104,5363.1396,2.7621448,634.6243,0.2764298,6575.431,3.372873,0,,,,,48.51408123721277,0.00072857994,778.2754914966894,0.00073572685,0.031906363,0.04184079
0.9999396,0.0005132682,0,0.00286978,48.513173241166605,778.274509199043,7105,5360.317,2.7619028,634.521,0.27645186,6571.5664,3.3731802,0,,,,,48.513173241166605,0.0007289518,778.274509199043,0.0007355146,0.032266084,0.042728294
0.99946445,0.0005131929,0,0.0028691646,48.51285605683967,778.2747768515859,7106,5358.3384,2.761732,634.848,0.27601695,6568.444,3.372685,0,,,,,48.51285605683967,0.00072941085,778.2747768515859,0.00073641795,0.032364216,0.042793285
0.99891007,0.0005131108,0,0.0028685487,48.511629215310656,778.2744996717588,7107,5354.2065,2.7612636,634.8453,0.2762128,6564.8003,3.3721452,0,,,,,48.511629215310656,0.00073019817,778.2744996717588,0.0007373402,0.03226298,0.04265587
1.0004579,0.00051322335,0,0.0028679327,48.511396653421166,778.2741474465099,7108,5360.0117,2.7619226,634.4703,0.27597728,6574.9727,3.372885,0,,,,,48.511396653421166,0.0007288631,778.2741474465099,0.00073607126,0.03078613,0.040608685
0.99980444,0.00051319844,0,0.0028673164,48.51115080494132,778.2723834382889,7109,5357.22,2.7616541,634.4312,0.27611688,6570.678,3.3727214,0,,,,,48.51115080494132,0.00072900864,778.2723834382889,0.0007363997,0.03093277,0.040282454
1.0001633,0.000513238,0,0.0028667,48.51228786872446,778.273948277116,7110,5360.395,2.7619283,635.5647,0.27629247,6573.0366,3.3729813,0,,,,,48.51228786872446,0.00072895,778.273948277116,0.00073623465,0.031881083,0.041357134
0.9987919,0.00051315123,0,0.0028660833,48.512202991372995,778.2736080220684,7111,5352.8027,2.7611256,634.95654,0.2763184,6564.0234,3.3724113,0,,,,,48.512202991372995,0.000729743,778.2736080220684,0.0007369516,0.031789687,0.041103967
1.0000297,0.00051328266,0,0.0028654663,48.51212289288313,778.2754111634649,7112,5360.574,2.7619915,635.48816,0.27591157,6572.1587,3.3732748,0,,,,,48.51212289288313,0.0007285279,778.2754111634649,0.00073551165,0.032305658,0.042050138
0.9995073,0.0005132243,0,0.0028648488,48.51321290941513,778.2730948483735,7113,5358.0005,2.7617016,635.82477,0.27596235,6568.7256,3.3728912,0,,,,,48.51321290941513,0.0007292261,778.2730948483735,0.00073649996,0.032086655,0.0420864
1.0018935,0.0005137305,128,0.0028642314,48.51217415586033,778.2764094087419,7114,5371.0503,2.7642505,635.92755,0.27604666,6584.4077,3.376218,128,,,,,48.51217415586033,0.0007278162,778.2764094087419,0.00073475356,0.032376885,0.04290521
1.0008225,0.0005135174,128,0.0028636137,48.512176220843806,778.2747655177579,7115,5364.6445,2.7632995,636.64465,0.2760801,6577.369,3.3748176,128,,,,,48.512176220843806,0.0007287289,778.2747655177579,0.00073582225,0.032661945,0.042545557
1.0006889,0.0005132822,0,0.0028629957,48.51189693385918,778.2721736644103,7116,5361.633,2.762028,635.81177,0.27594873,6576.491,3.373272,0,,,,,48.51189693385918,0.00072867377,778.2721736644103,0.0007360891,0.031504367,0.040813282
1.0004383,0.0005132723,0,0.0028623773,48.51366039250713,778.2736805049569,7117,5359.6143,2.7619488,636.394,0.27599296,6574.8438,3.3732069,0,,,,,48.51366039250713,0.0007288831,778.2736805049569,0.00073607935,0.03130826,0.040813502
0.99964803,0.0005132122,0,0.002861759,48.51340525839039,778.2746427049086,7118,5356.927,2.7618046,637.168,0.27595794,6569.6504,3.3728116,0,,,,,48.51340525839039,0.0007300124,778.2746427049086,0.00073711475,0.032045938,0.04222583
0.99959743,0.0005132582,0,0.00286114,48.513719566886365,778.2747032452942,7119,5357.2754,2.7618237,636.8624,0.2762413,6569.318,3.373114,0,,,,,48.513719566886365,0.00072939286,778.2747032452942,0.0007364609,0.032188285,0.04271879
1.0004628,0.00051330397,16,0.0028605212,48.51346632838228,778.2739053729935,7120,5361.059,2.7621844,637.30286,0.2760904,6575.0044,3.373415,16,,,,,48.51346632838228,0.0007285643,778.2739053729935,0.00073615083,0.032643106,0.04284044
1.000334,0.00051332905,16,0.0028599019,48.511423652117614,778.2759109079637,7121,5361.5537,2.7623,637.5545,0.27613434,6574.158,3.3735797,16,,,,,48.511423652117614,0.00072940247,778.2759109079637,0.00073640863,0.0325647,0.04340254
1.0001131,0.0005132769,16,0.0028592823,48.51346088389262,778.275827615227,7122,5359.665,2.762188,637.3003,0.2763639,6572.707,3.3732371,16,,,,,48.51346088389262,0.0007281941,778.275827615227,0.0007352176,0.032314233,0.043423947
1.0004113,0.00051320426,16,0.0028586625,48.51176154248657,778.2755897620877,7123,5359.0664,2.7620094,636.31146,0.27626815,6574.666,3.3727596,16,,,,,48.51176154248657,0.00072924106,778.2755897620877,0.0007362645,0.03138487,0.041830327
0.9994579,0.00051327306,16,0.0028580425,48.51116983825745,778.2723820173109,7124,5355.2983,2.7619245,638.7467,0.27599078,6568.401,3.3732119,16,,,,,48.51116983825745,0.00073001545,778.2723820173109,0.00073729275,0.031524036,0.04151273
0.999552,0.00051322696,16,0.0028574222,48.51207375639615,778.2741367880396,7125,5356.6816,2.7619584,638.121,0.2759931,6569.019,3.3729088,16,,,,,48.51207375639615,0.0007299545,778.2741367880396,0.00073717104,0.03140247,0.042216357
1.000364,0.0005133404,16,0.0028568017,48.510097473544874,778.2744965189146,7126,5361.3174,2.7624109,637.7031,0.2760035,6574.355,3.3736544,16,,,,,48.510097473544874,0.000728689,778.2744965189146,0.00073578634,0.031571075,0.04246533
1.0012261,0.00051343744,16,0.002856181,48.51083266557533,778.2755728674723,7127,5367.099,2.7631083,638.6373,0.2759179,6580.021,3.3742921,16,,,,,48.51083266557533,0.0007284834,778.2755728674723,0.00073556823,0.032066546,0.043172043
1.0009351,0.0005134172,16,0.00285556,48.51350730343208,778.2736112972044,7128,5365.1436,2.7629561,637.3017,0.27624038,6578.109,3.3741589,16,,,,,48.51350730343208,0.00072812365,778.2736112972044,0.00073543336,0.032204013,0.04290064
0.9998988,0.0005133077,16,0.0028549389,48.51208505535271,778.2744272144695,7129,5358.856,2.762223,638.34906,0.27617246,6571.2983,3.3734393,16,,,,,48.51208505535271,0.0007295108,778.2744272144695,0.00073667837,0.031800628,0.042419683
0.99971527,0.00051325845,16,0.0028543174,48.51356498769446,778.275173458382,7130,5357.581,2.7620692,638.1456,0.27569792,6570.0923,3.3731155,16,,,,,48.51356498769446,0.0007296749,778.275173458382,0.00073682657,0.032287497,0.043273393
1.0000466,0.0005132662,16,0.0028536955,48.51167381665063,778.2741668273329,7131,5358.781,2.7620707,637.88043,0.2760176,6572.2695,3.3731666,16,,,,,48.51167381665063,0.00072914775,778.2741668273329,0.0007363184,0.031262957,0.04209014
1.0004452,0.00051323225,16,0.0028530736,48.51214312550325,778.273829430986,7132,5360.324,2.7621696,637.3042,0.27621427,6574.8896,3.3729436,16,,,,,48.51214312550325,0.0007287398,778.273829430986,0.00073605124,0.031444762,0.042367917
0.99928087,0.00051315135,16,0.0028524513,48.513670882572285,778.2744323974871,7133,5354.3525,2.7615583,637.63293,0.27574077,6567.2373,3.372412,16,,,,,48.513670882572285,0.00072939886,778.2744323974871,0.0007365931,0.031304542,0.04199485
0.99985874,0.00051332865,144,0.002851829,48.51168759486163,778.2753846477441,7134,5359.4453,2.7627528,637.5511,0.27592233,6571.035,3.3735769,144,,,,,48.51168759486163,0.000728955,778.2753846477441,0.0007359268,0.031796083,0.04320259
1.0001976,0.00051328517,16,0.002851206,48.51345743504966,778.2748823737231,7135,5360.7544,2.7620542,636.0481,0.27607372,6573.2627,3.3732913,16,,,,,48.51345743504966,0.00072817743,778.2748823737231,0.0007353124,0.032631837,0.04335175
0.9994314,0.00051320496,16,0.002850583,48.512636248320725,778.2753154748357,7136,5356.1284,2.7617805,637.3897,0.27616546,6568.2266,3.372764,16,,,,,48.512636248320725,0.00073026324,778.2753154748357,0.0007373019,0.03250829,0.043335535
1.0006529,0.0005132924,8208,0.00284996,48.514966574172696,778.2747193693134,7137,5360.4688,2.762298,636.9281,0.2759802,6576.254,3.3733387,8208,,,,,48.514966574172696,0.00072899094,778.2747193693134,0.0007360713,0.032732468,0.043428138
0.9997554,0.00051313546,16,0.0028493365,48.515157828817195,778.2745338496724,7138,5352.8774,2.7615027,637.4123,0.27605167,6570.356,3.3723073,16,,,,,48.515157828817195,0.00072976586,778.2745338496724,0.0007367856,0.03254071,0.0433756
0.9999747,0.00051316817,16,0.0028487127,48.51250138616753,778.2758835768867,7139,5356.616,2.7618124,637.12024,0.27593073,6571.7974,3.3725224,16,,,,,48.51250138616753,0.00072960224,778.2758835768867,0.00073657715,0.03257788,0.042897433
1.0014794,0.00051343953,16,0.0028480887,48.51367003427593,778.2741865147195,7140,5368.519,2.7630532,636.62146,0.27609214,6581.686,3.374306,16,,,,,48.51367003427593,0.00072864624,778.2741865147195,0.00073578005,0.03331744,0.04300694
0.9998471,0.0005132586,0,0.0028474645,48.51414146805539,778.275493281918,7141,5359.8735,2.7620933,636.6725,0.27638003,6570.9585,3.373117,0,,,,,48.51414146805539,0.0007296119,778.275493281918,0.0007365659,0.0336229,0.043982014
0.9996896,0.00051317073,0,0.00284684,48.51359992102999,778.2768496849512,7142,5358.745,2.7619057,637.00323,0.2759848,6569.9233,3.3725393,0,,,,,48.51359992102999,0.0007293473,778.2768496849512,0.0007362521,0.033705134,0.044200156
1.0006443,0.0005133499,0,0.0028462154,48.51091172106762,778.2761590445319,7143,5363.3076,2.7625902,636.77563,0.27596045,6576.198,3.3737166,0,,,,,48.51091172106762,0.00072918646,778.2761590445319,0.00073614216,0.033232257,0.043839145
1.0000801,0.00051325804,0,0.0028455905,48.51370823265311,778.2774443143544,7144,5360.3135,2.7621229,636.2197,0.27609926,6572.49,3.3731132,0,,,,,48.51370823265311,0.0007286605,778.2774443143544,0.0007353667,0.033294085,0.044389796
1.0004525,0.00051325985,0,0.002844965,48.516118803398555,778.277381650337,7145,5363.7534,2.76249,636.5123,0.27604717,6574.937,3.3731248,0,,,,,48.516118803398555,0.0007288511,778.277381650337,0.00073563895,0.03375249,0.044960376
1.0007223,0.00051338313,0,0.0028443397,48.513685778067455,778.278376955211,7146,5364.8545,2.7627003,636.43066,0.27596793,6576.71,3.3739352,0,,,,,48.513685778067455,0.0007286947,778.278376955211,0.00073542463,0.03370596,0.045226302
0.9995422,0.00051322917,0,0.002843714,48.51285524437104,778.2758687099285,7147,5357.0547,2.7619019,636.7698,0.27616408,6568.9546,3.3729231,0,,,,,48.51285524437104,0.0007297104,778.2758687099285,0.00073656574,0.032659467,0.043720044
0.999754,0.00051319465,0,0.002843088,48.51326671856091,778.2747826980291,7148,5358.4214,2.7618845,636.24286,0.27625892,6570.3467,3.3726964,0,,,,,48.51326671856091,0.00072960195,778.2747826980291,0.0007365218,0.032795522,0.043539595
1.0012473,0.0005133678,0,0.002842462,48.512137289361945,778.2770241094418,7149,5366.5684,2.7626379,635.9875,0.2758986,6580.16,3.3738346,0,,,,,48.512137289361945,0.0007291804,778.2770241094418,0.00073606364,0.032904867,0.044154365
0.9997625,0.0005132715,0,0.0028418354,48.51445696859601,778.2760080790681,7150,5358.706,2.7620344,635.4598,0.27623436,6570.4023,3.3732014,0,,,,,48.51445696859601,0.0007288149,778.2760080790681,0.0007357796,0.033378895,0.044030707
1.0001236,0.000513288,0,0.0028412086,48.51412174397767,778.2775977989277,7151,5361.0376,2.7621846,636.1916,0.27606902,6572.776,3.37331,0,,,,,48.51412174397767,0.00072952727,778.2775977989277,0.00073635107,0.03354842,0.044106863
1.000042,0.0005132885,0,0.0028405818,48.51503962025215,778.2745949585739,7152,5361.064,2.762143,635.7837,0.2758375,6572.239,3.373313,0,,,,,48.51503962025215,0.00072906906,778.2745949585739,0.00073604326,0.03348546,0.044600237
0.9999979,0.00051333715,0,0.0028399546,48.51377640872829,778.2780459455332,7153,5361.366,2.7621996,636.259,0.27609727,6571.9497,3.373633,0,,,,,48.51377640872829,0.0007292271,778.2780459455332,0.0007360379,0.033757772,0.04471045
1.0008178,0.0005134021,0,0.002839327,48.51601188401136,778.2773252361571,7154,5366.6265,2.7626,635.32733,0.27604625,6577.3374,3.3740597,0,,,,,48.51601188401136,0.0007282293,778.2773252361571,0.00073515525,0.034316193,0.044669952
1.0003957,0.0005133666,0,0.0028386994,48.51444465220655,778.2766425869362,7155,5363.047,2.7625127,636.78394,0.27605748,6574.564,3.3738265,0,,,,,48.51444465220655,0.0007295626,778.2766425869362,0.00073642563,0.033297148,0.044323962
1.0003494,0.0005132528,0,0.0028380714,48.51257528580369,778.2761895776994,7156,5362.391,2.762293,636.23474,0.276123,6574.2593,3.3730786,0,,,,,48.51257528580369,0.000728832,778.2761895776994,0.0007357364,0.03279014,0.043927718
0.999939,0.0005132803,0,0.0028374433,48.51302823920209,778.2755384277027,7157,5360.6367,2.7620702,635.6818,0.27603966,6571.5625,3.3732593,0,,,,,48.51302823920209,0.0007291215,778.2755384277027,0.0007359812,0.033254705,0.04459894
1.0001252,0.0005132772,0,0.0028368148,48.51405140373834,778.2784904010471,7158,5361.046,2.7621522,635.73175,0.27619925,6572.7856,3.373239,0,,,,,48.51405140373834,0.00072892354,778.2784904010471,0.00073552335,0.03419095,0.044916805
0.9998426,0.0005132051,0,0.0028361862,48.514923026279135,778.2773614911648,7159,5359.695,2.7618577,635.44617,0.27612248,6570.9287,3.3727648,0,,,,,48.514923026279135,0.00072920264,778.2773614911648,0.00073600607,0.03392051,0.04509344
1.0009016,0.0005133358,0,0.0028355573,48.514193521144314,778.2775311253938,7160,5366.1006,2.76256,635.56915,0.27584913,6577.8887,3.373624,0,,,,,48.514193521144314,0.00072846765,778.2775311253938,0.00073517644,0.03455933,0.045725647
1.0001011,0.00051324087,0,0.0028349282,48.513959168219884,778.2769391809155,7161,5361.71,2.7620993,635.73914,0.27595282,6572.628,3.3730001,0,,,,,48.513959168219884,0.0007298783,778.2769391809155,0.00073673856,0.034045387,0.04545862
0.99975675,0.00051322556,0,0.0028342989,48.5152973133098,778.2779396294357,7162,5360.127,2.761857,635.4127,0.27587584,6570.3647,3.3728995,0,,,,,48.5152973133098,0.00072936644,778.2779396294357,0.0007361029,0.034153137,0.045566086
1.0001438,0.00051324716,0,0.002833669,48.51535492916152,778.2789458947277,7163,5362.93,2.762226,635.786,0.27584237,6572.908,3.3730414,0,,,,,48.51535492916152,0.00072910974,778.2789458947277,0.00073572394,0.034334857,0.04636813
0.9999171,0.0005132509,0,0.0028330393,48.51311322046955,778.2772551660462,7164,5359.916,2.7619014,635.48096,0.27604276,6571.4185,3.3730662,0,,,,,48.51311322046955,0.0007295123,778.2772551660462,0.00073641783,0.033543624,0.044867914
0.9996269,0.0005132367,0,0.002832409,48.5139596105317,778.2754045148492,7165,5358.5557,2.761718,634.43256,0.2761562,6569.511,3.3729727,0,,,,,48.5139596105317,0.0007289937,778.2754045148492,0.0007358519,0.033730984,0.04483653
1.0000904,0.0005131894,0,0.0028317787,48.513358133954874,778.2778119820398,7166,5362.4014,2.7620862,635.33813,0.2758195,6572.5576,3.372662,0,,,,,48.513358133954874,0.00072878675,778.2778119820398,0.00073559914,0.03434629,0.046113774
1.0005056,0.00051325763,0,0.002831148,48.5149176098555,778.2785678684277,7167,5364.088,2.762516,635.9946,0.27583373,6575.2856,3.3731103,0,,,,,48.5149176098555,0.0007294547,778.2785678684277,0.00073602307,0.03447142,0.04604148
0.99989724,0.00051323965,0,0.0028012318,48.51702352453779,778.2800152508485,7214,5363.3843,2.76252,637.20215,0.27597612,6571.288,3.3729923,0,,,,,48.51702352453779,0.0007299334,778.2800152508485,0.00073638285,0.03649625,0.04869807
1.000034,0.0005132358,0,0.0028005894,48.516743514843675,778.2789602312582,7215,5362.794,2.7623634,636.7322,0.27585626,6572.187,3.3729668,0,,,,,48.516743514843675,0.00072857813,778.2789602312582,0.00073525804,0.03624454,0.04779856
1.0014918,0.0005134741,0,0.0027999468,48.51643703234446,778.2814088424713,7216,5371.054,2.763853,639.9937,0.27618358,6581.7676,3.3745332,0,,,,,48.51643703234446,0.0007293766,778.2814088424713,0.0007355842,0.036643893,0.048522342
0.9999656,0.0005131832,0,0.002799304,48.51712420961983,778.2805550533428,7217,5362.753,2.7622764,636.6128,0.27607262,6571.7373,3.372621,0,,,,,48.51712420961983,0.0007293578,778.2805550533428,0.00073573383,0.036045704,0.048277922
0.9999257,0.0005132146,0,0.002798661,48.514682128952884,778.277255919092,7218,5359.5703,2.7621887,636.3926,0.27606428,6571.475,3.3728278,0,,,,,48.514682128952884,0.00072937005,778.277255919092,0.000736145,0.03486153,0.045615904
0.9999041,0.0005132234,0,0.0027980176,48.51421029632567,778.2803530630335,7219,5361.5894,2.7622619,636.61255,0.2758299,6571.333,3.3728855,0,,,,,48.51421029632567,0.0007297903,778.2803530630335,0.00073641975,0.035951246,0.047189746
1.0006713,0.00051331223,0,0.002797374,48.5156083940036,778.2805576451558,7220,5366.064,2.7628071,636.76416,0.27633688,6576.375,3.3734694,0,,,,,48.5156083940036,0.0007296533,778.2805576451558,0.00073604635,0.03623454,0.04817104
1.0004488,0.0005132644,0,0.00279673,48.51736422388477,778.2807769603701,7221,5363.697,2.7625363,637.30566,0.27607968,6574.913,3.3731549,0,,,,,48.51736422388477,0.0007294437,778.2807769603701,0.00073582976,0.036525756,0.04752572
0.99903643,0.00051312253,0,0.002796086,48.515453875236965,778.2788052801975,7222,5356.275,2.761646,637.021,0.27606595,6565.631,3.3722227,0,,,,,48.515453875236965,0.00072983844,778.2788052801975,0.00073646137,0.036519438,0.046560872
1.0001642,0.00051322667,0,0.0027954418,48.516923883891536,778.2781740213629,7223,5362.953,2.7623544,636.35,0.27596882,6573.042,3.3729067,0,,,,,48.516923883891536,0.0007296496,778.2781740213629,0.00073628506,0.036706872,0.04756027
0.9995609,0.00051320746,0,0.0027947973,48.515678858828956,778.2792920933844,7224,5359.497,2.7620091,636.5299,0.27569658,6569.0776,3.3727808,0,,,,,48.515678858828956,0.00072982797,778.2792920933844,0.00073630275,0.036839448,0.047333825
1.0003425,0.0005132821,0,0.0027941524,48.515985931044064,778.2805606999584,7225,5365.593,2.7627301,637.0154,0.2763958,6574.214,3.3732712,0,,,,,48.515985931044064,0.0007294414,778.2805606999584,0.0007357241,0.03693259,0.04860508
0.99907327,0.000513167,0,0.0027935074,48.51594429885499,778.2791469692565,7226,5358.268,2.7618916,635.9517,0.2760404,6565.873,3.3725147,0,,,,,48.51594429885499,0.0007288951,778.2791469692565,0.0007356956,0.037006322,0.048450645
0.9998926,0.0005133019,0,0.002792862,48.51669999548474,778.2800250014155,7227,5361.9585,2.7625406,636.96704,0.2760578,6571.2573,3.373401,0,,,,,48.51669999548474,0.00072977465,778.2800250014155,0.000736328,0.03692961,0.048514124
0.9998069,0.0005132224,0,0.0027922166,48.51754060324415,778.2809735107573,7228,5362.276,2.7623641,637.26544,0.2761231,6570.6943,3.372879,0,,,,,48.51754060324415,0.00073004444,778.2809735107573,0.0007363322,0.037511896,0.048309576
0.9998186,0.0005132243,0,0.0027909249,48.518312689875486,778.2796385545546,7230,5360.122,2.7620971,636.9904,0.27597475,6570.7715,3.3728912,0,,,,,48.518312689875486,0.00072890846,778.2796385545546,0.00073543447,0.036839485,0.047460247
0.99925375,0.0005131744,0,0.0027902785,48.51530768913103,778.2797643147279,7231,5357.321,2.7618058,637.20703,0.27606976,6567.059,3.3725634,0,,,,,48.51530768913103,0.0007294352,778.2797643147279,0.0007359242,0.036489736,0.04689915
0.9995419,0.0005132302,0,0.0027896322,48.51634780378487,778.2800113260665,7232,5359.6484,2.762342,637.55164,0.2760505,6568.9526,3.37293,0,,,,,48.51634780378487,0.00072950404,778.2800113260665,0.0007359811,0.036170743,0.047783844
1.0001119,0.0005132342,0,0.0027889854,48.51501299187569,778.2812082627756,7233,5363.7974,2.7626317,637.22095,0.27607328,6572.6987,3.372956,0,,,,,48.51501299187569,0.0007294663,778.2812082627756,0.00073586294,0.03717636,0.04910512
0.9998242,0.00051329087,0,0.0027883383,48.51890452780253,778.2813564085069,7234,5363.3613,2.7626264,637.0891,0.27587485,6570.808,3.3733287,0,,,,,48.51890452780253,0.00072863506,778.2813564085069,0.00073485565,0.037800208,0.050118975
1.0001727,0.00051327824,0,0.002787691,48.51849643562532,778.2818321390358,7235,5364.8896,2.762595,636.01495,0.2760524,6573.0986,3.373246,0,,,,,48.51849643562532,0.00072931615,778.2818321390358,0.0007356568,0.038015064,0.049432967
0.99992424,0.0005131712,0,0.0027870438,48.51573476002608,778.2818155870406,7236,5363.424,2.7625625,637.33075,0.276222,6571.4653,3.3725424,0,,,,,48.51573476002608,0.0007297145,778.2818155870406,0.00073592237,0.03756013,0.049926847
1.0004196,0.00051328895,0,0.002786396,48.51636922581054,778.2813055825306,7237,5365.124,2.7627852,637.6701,0.27601168,6574.721,3.3733163,0,,,,,48.51636922581054,0.0007291985,778.2813055825306,0.0007356176,0.036760554,0.049226996
1.0010602,0.00051330857,0,0.002785748,48.515396082370955,778.2793834863362,7238,5367.2173,2.7629378,636.15155,0.27640218,6578.9316,3.373445,0,,,,,48.515396082370955,0.00072905584,778.2793834863362,0.00073554285,0.03597867,0.048348475
1.0000814,0.0005132499,0,0.0027851,48.515644169794484,778.2791028996353,7239,5361.702,2.7623,637.4333,0.2759304,6572.4985,3.3730595,0,,,,,48.515644169794484,0.0007299338,778.2791028996353,0.00073650316,0.035845872,0.04796388
1.000375,0.000513256,0,0.0027844515,48.5155851085756,778.2810260148797,7240,5364.7036,2.762638,637.2589,0.27611265,6574.4277,3.3730996,0,,,,,48.5155851085756,0.0007295529,778.2810260148797,0.0007359777,0.036555804,0.049422827
1.0003108,0.000513285,0,0.0027838028,48.51772034789728,778.2818554220772,7241,5363.5747,2.7625635,637.2608,0.2761651,6574.006,3.3732903,0,,,,,48.51772034789728,0.0007299838,778.2818554220772,0.00073634274,0.036526114,0.048799988
1.0003518,0.0005132622,0,0.002783154,48.51691786650163,778.2807717016286,7242,5364.6445,2.7626863,637.38086,0.27618313,6574.2754,3.37314,0,,,,,48.51691786650163,0.00072922074,778.2807717016286,0.00073557586,0.037114978,0.04965905
1.0011463,0.0005132879,0,0.0027825048,48.516243843848855,778.2815394021031,7243,5368.8916,2.7631693,637.5091,0.27586207,6579.4966,3.3733094,0,,,,,48.516243843848855,0.00072917726,778.2815394021031,0.00073554716,0.037012056,0.050148614
0.9997611,0.00051322207,0,0.0027818554,48.51465600915611,778.2804824324053,7244,5360.1514,2.7621937,637.22314,0.27599797,6570.3936,3.3728766,0,,,,,48.51465600915611,0.00072951743,778.2804824324053,0.0007359037,0.03617736,0.048552655
1.000712,0.00051321334,0,0.0027812058,48.51514505004682,778.2807395825091,7245,5365.535,2.762831,636.6699,0.27576515,6576.643,3.3728192,0,,,,,48.51514505004682,0.0007280549,778.2807395825091,0.00073415705,0.036295813,0.049243066
1.0012199,0.0005133216,0,0.002780556,48.51679972727979,778.2787672933562,7246,5368.5337,2.763166,636.6417,0.27609518,6579.98,3.3735309,0,,,,,48.51679972727979,0.0007297544,778.2787672933562,0.0007364473,0.036147743,0.048659533
1.0001625,0.0005132562,0,0.002779906,48.51838832569621,778.2824070564641,7247,5363.0903,2.7625463,637.8331,0.27601367,6573.0312,3.3731008,0,,,,,48.51838832569621,0.0007290926,778.2824070564641,0.0007352621,0.03703394,0.049225006
0.9994203,0.000513256,0,0.0027792556,48.51904517974661,778.2812584307308,7248,5359.716,2.7623327,637.418,0.27614152,6568.1533,3.3730996,0,,,,,48.51904517974661,0.00073017966,778.2812584307308,0.00073655084,0.037590303,0.049263813
1.0000781,0.00051321916,0,0.0027786049,48.517022647476374,778.2814408108054,7249,5363.352,2.762415,636.4793,0.2760967,6572.4766,3.3728573,0,,,,,48.517022647476374,0.00072991377,778.2814408108054,0.0007361187,0.037478305,0.049559485
1.0009854,0.0005133963,0,0.002777954,48.516059574509576,778.2804223055308,7250,5366.4897,2.7630281,637.6601,0.27595267,6578.439,3.3740218,0,,,,,48.516059574509576,0.0007295501,778.2804223055308,0.0007358609,0.036874797,0.04825136
1.0005531,0.00051328837,0,0.002777303,48.51672837347938,778.281060644197,7251,5364.2646,2.7627304,638.1392,0.27600852,6575.5986,3.3733122,0,,,,,48.51672837347938,0.0007288038,778.281060644197,0.00073536957,0.03684233,0.04798001
1.0002,0.00051327905,0,0.0027766519,48.51733690791819,778.2787054532001,7252,5363.0044,2.7625606,636.73334,0.27614298,6573.2783,3.373251,0,,,,,48.51733690791819,0.00072936376,778.2787054532001,0.000735974,0.037047736,0.04747952
1.0002496,0.0005132384,0,0.0027760002,48.51793946525006,778.2808233035779,7253,5363.3394,2.762605,637.7094,0.27599022,6573.6035,3.3729842,0,,,,,48.51793946525006,0.0007295303,778.2808233035779,0.0007360432,0.037380196,0.04887697
1.0007458,0.00051331945,0,0.0027753485,48.51466960719925,778.282625926654,7254,5367.7104,2.7630596,637.27356,0.2759756,6576.8647,3.3735168,0,,,,,48.51466960719925,0.00072932325,778.282625926654,0.00073541905,0.037659843,0.050454903
1.0011771,0.0005133709,0,0.0027746963,48.517667454020646,778.2815711467108,7255,5370.1455,2.7633255,637.1677,0.27595577,6579.6987,3.3738549,0,,,,,48.517667454020646,0.00072799355,778.2815711467108,0.00073432765,0.037714496,0.04965171
0.9999956,0.0005132929,0,0.0027740442,48.51890868354672,778.2816378700652,7256,5363.028,2.7625957,637.3596,0.27647543,6571.9346,3.3733423,0,,,,,48.51890868354672,0.00072965195,778.2816378700652,0.0007358604,0.037941225,0.05001589
1.0002263,0.0005133282,0,0.0027733915,48.5166836938311,778.2791659340277,7257,5363.522,2.7626965,638.40137,0.2759307,6573.45,3.373574,0,,,,,48.5166836938311,0.00073018693,778.2791659340277,0.0007366277,0.037699696,0.04862357
0.9997237,0.000513281,0,0.002772739,48.517110538355,778.2793822037629,7258,5359.521,2.762248,637.53046,0.27614343,6570.1475,3.3732638,0,,,,,48.517110538355,0.00072960946,778.2793822037629,0.0007361218,0.03711769,0.04737009
1.0006416,0.0005132726,0,0.0027720858,48.51790812186787,778.2797772712183,7259,5363.891,2.7627258,638.4224,0.27597934,6576.18,3.3732085,0,,,,,48.51790812186787,0.000728974,778.2797772712183,0.0007353016,0.03708419,0.04748094
1.0003154,0.00051327044,0,0.0027714327,48.51861110371974,778.2803636262681,7260,5364.016,2.762692,638.1589,0.27612194,6574.0366,3.3731945,0,,,,,48.51861110371974,0.00072989915,778.2803636262681,0.00073639303,0.037746854,0.049262404
1.0003294,0.0005133745,0,0.0027707792,48.516820147059775,778.2820208584419,7261,5365.065,2.763102,638.91003,0.27599084,6574.128,3.3738785,0,,,,,48.516820147059775,0.0007297554,778.2820208584419,0.00073601364,0.037818324,0.050059564
1.0000615,0.0005132945,0,0.0027701256,48.51687721389269,778.2814354786865,7262,5363.2153,2.7626982,637.77057,0.27602965,6572.3677,3.3733525,0,,,,,48.51687721389269,0.0007289362,778.2814354786865,0.0007352154,0.037887607,0.049894046
1.000042,0.0005133354,0,0.0027694716,48.516759366919125,778.2831208281805,7263,5364.043,2.7628794,637.7067,0.27597043,6572.239,3.3736215,0,,,,,48.516759366919125,0.00072951755,778.2831208281805,0.0007356462,0.038133364,0.05104812
1.000178,0.00051330554,0,0.0027688174,48.517495468166516,778.2820567159017,7264,5363.5645,2.7628648,637.4622,0.2761028,6573.1333,3.3734252,0,,,,,48.517495468166516,0.00073031796,778.2820567159017,0.0007365469,0.03753747,0.0501689
0.9998759,0.0005132646,0,0.002768163,48.51747225506905,778.2807616816796,7265,5360.2363,2.7625015,638.1472,0.27610788,6571.148,3.3731563,0,,,,,48.51747225506905,0.000730173,778.2807616816796,0.0007364675,0.036961257,0.04881681
1.0008495,0.0005133555,0,0.0027675084,48.517927252253386,778.2814153993221,7266,5367.3594,2.7631245,638.29865,0.27595755,6577.546,3.3737535,0,,,,,48.517927252253386,0.0007295865,778.2814153993221,0.0007358129,0.037130035,0.05007459
0.9994128,0.0005132535,0,0.0027668534,48.51777958449142,778.2838261133836,7267,5361.1973,2.7625241,638.8384,0.27586505,6568.104,3.373083,0,,,,,48.51777958449142,0.00073128275,778.2838261133836,0.00073723693,0.03840804,0.051680434
1.0004876,0.0005133367,0,0.0027661982,48.51723786535338,778.2826025390809,7268,5366.289,2.7629914,638.70776,0.2760006,6575.168,3.37363,0,,,,,48.51723786535338,0.0007301611,778.2826025390809,0.0007362248,0.038040087,0.05133436
1.0015029,0.00051348715,0,0.0027655428,48.51874887862844,778.2824946753093,7269,5372.1616,2.7637348,638.51025,0.27605447,6581.8403,3.3746188,0,,,,,48.51874887862844,0.0007287316,778.2824946753093,0.0007348421,0.038252536,0.051677078
1.0017016,0.0005137468,128,0.0027648874,48.51851749239968,778.2828915384671,7270,5372.374,2.7651908,638.78265,0.27600205,6583.1465,3.3763254,128,,,,,48.51851749239968,0.00072905386,778.2828915384671,0.00073514244,0.038274676,0.05068681
1.0000744,0.0005133249,0,0.0027642315,48.51671142588495,778.2825128591687,7271,5362.231,2.7629058,639.182,0.27589768,6572.452,3.3735526,0,,,,,48.51671142588495,0.00073034567,778.2825128591687,0.0007365568,0.03796061,0.049647547
1.0017459,0.00051340787,0,0.0027635754,48.515728322958466,778.2810130868331,7272,5371.7915,2.763704,638.7718,0.27614948,6583.438,3.3740978,0,,,,,48.515728322958466,0.0007287546,778.2810130868331,0.00073502143,0.037721094,0.049140174
0.9999958,0.00051327323,0,0.002762919,48.517896033685965,778.2809743192208,7273,5362.3115,2.7625952,638.48865,0.27577347,6571.936,3.373213,0,,,,,48.517896033685965,0.0007299446,778.2809743192208,0.0007363015,0.03765711,0.049387425
1.0005078,0.0005133423,0,0.0027622625,48.518956480399964,778.284549818191,7274,5365.845,2.7630534,638.7775,0.27612135,6575.301,3.373667,0,,,,,48.518956480399964,0.0007291899,778.284549818191,0.0007352614,0.038195357,0.050495304
1.0003363,0.0005133082,0,0.0027616057,48.51889118305513,778.2814075418132,7275,5365.422,2.7629993,639.023,0.27580678,6574.174,3.373443,0,,,,,48.51889118305513,0.00072955934,778.2814075418132,0.0007358804,0.038615763,0.050944623
1.000758,0.00051332446,0,0.0027609486,48.51906021360366,778.2812811363743,7276,5367.6543,2.763238,638.5024,0.2760219,6576.9453,3.3735497,0,,,,,48.51906021360366,0.0007290152,778.2812811363743,0.0007353523,0.038304105,0.0505872
1.0003065,0.0005133184,0,0.0027602913,48.51854473106688,778.2824782446075,7277,5365.143,2.7630098,638.7783,0.27631456,6573.9775,3.37351,0,,,,,48.51854473106688,0.0007292169,778.2824782446075,0.00073542463,0.038837444,0.050807286
0.9999409,0.0005132961,0,0.0027596338,48.518403141337494,778.2819321488446,7278,5363.6533,2.7628078,639.0925,0.27592534,6571.5747,3.3733633,0,,,,,48.518403141337494,0.00073008507,778.2819321488446,0.00073631393,0.03877402,0.05083879
1.0008185,0.0005134123,0,0.002758976,48.51837175470301,778.2815546342267,7279,5367.892,2.763287,638.63135,0.27603152,6577.3423,3.374127,0,,,,,48.51837175470301,0.000729645,778.2815546342267,0.0007359759,0.03858299,0.05075944
1.0005549,0.0005133653,0,0.002758318,48.51848782520761,778.2830345287622,7280,5366.244,2.7632565,640.1836,0.27606586,6575.6104,3.373818,0,,,,,48.51848782520761,0.0007309339,778.2830345287622,0.00073711114,0.038559344,0.050807938
1.0015785,0.0005134442,0,0.0027576599,48.51847252312918,778.2817473027644,7281,5372.0737,2.7638505,639.5189,0.2760761,6582.337,3.3743365,0,,,,,48.51847252312918,0.0007285888,778.2817473027644,0.00073482457,0.038449973,0.050888266
1.0000454,0.0005132887,0,0.0027570012,48.51686235968409,778.2817026330914,7282,5363.443,2.7628522,640.16925,0.27608827,6572.262,3.3733146,0,,,,,48.51686235968409,0.00073046604,778.2817026330914,0.00073688163,0.038506396,0.05064314
1.0006849,0.0005133802,0,0.0027563425,48.51763221013796,778.2811213920743,7283,5367.4805,2.7633877,639.8696,0.27601975,6576.464,3.373916,0,,,,,48.51763221013796,0.0007294159,778.2811213920743,0.00073587836,0.038428605,0.050828323
1.0018377,0.000513476,0,0.0027556836,48.516993126513455,778.2852736132736,7284,5374.056,2.7640328,639.3275,0.27632272,6584.041,3.3745456,0,,,,,48.516993126513455,0.0007280419,778.2852736132736,0.0007340061,0.038819663,0.051149588
1.0005499,0.000513327,0,0.0027550245,48.5167235189021,778.2818273879602,7285,5364.899,2.7630377,638.4123,0.27606604,6575.577,3.3735664,0,,,,,48.5167235189021,0.0007294946,778.2818273879602,0.0007357229,0.03764171,0.04972184
0.9998022,0.00051323697,0,0.002754365,48.51752881037454,778.28184762411,7286,5360.653,2.762493,639.1358,0.27636427,6570.663,3.3729744,0,,,,,48.51752881037454,0.00073023845,778.28184762411,0.00073648174,0.037475612,0.049678676
1.0012923,0.0005134047,0,0.0027537053,48.51921070010671,778.2814354774285,7287,5369.571,2.7635398,638.85095,0.27628803,6580.457,3.374077,0,,,,,48.51921070010671,0.00072946504,778.2814354774285,0.00073567836,0.03807033,0.049851336
1.0005928,0.00051343243,0,0.0027530454,48.51884066887437,778.2806349762495,7288,5366.0566,2.763233,640.04987,0.27603707,6575.8594,3.374259,0,,,,,48.51884066887437,0.0007299346,778.2806349762495,0.0007362724,0.038752586,0.05019322
0.99962026,0.0005132514,0,0.0027523853,48.51825632275674,778.2831878954223,7289,5361.9937,2.7626877,640.13715,0.27613658,6569.468,3.3730695,0,,,,,48.51825632275674,0.0007307137,778.2831878954223,0.0007367983,0.039044555,0.05182957
1.0004519,0.00051343447,0,0.0027517248,48.51775029174981,778.2850481821325,7290,5367.099,2.7633483,640.36945,0.27618608,6574.933,3.3742723,0,,,,,48.51775029174981,0.0007284181,778.2850481821325,0.00073443947,0.03856001,0.05172629
1.0010455,0.00051339663,0,0.0027510643,48.51875430998438,778.2824147605369,7291,5368.6196,2.7634664,639.8826,0.27597395,6578.834,3.374024,0,,,,,48.51875430998438,0.00072907103,778.2824147605369,0.0007351941,0.038178526,0.051192522
1.0003779,0.0005133045,0,0.0027504035,48.518329386268185,778.2822257154157,7292,5364.1997,2.763012,639.9034,0.27612162,6574.447,3.3734183,0,,,,,48.518329386268185,0.0007297032,778.2822257154157,0.0007357815,0.037830614,0.05091147
1.0013357,0.00051342475,0,0.0027497422,48.517512247126376,778.282432438964,7293,5369.6934,2.7637966,639.98834,0.27613524,6580.742,3.3742087,0,,,,,48.517512247126376,0.00072964694,778.282432438964,0.0007358526,0.037559997,0.050461475
1.0003501,0.0005132955,0,0.002749081,48.51772515115108,778.2824921782499,7294,5364.206,2.7630394,640.2889,0.27610725,6574.264,3.3733594,0,,,,,48.51772515115108,0.00073054474,778.2824921782499,0.0007366644,0.037700187,0.051196396
1.0020609,0.0005135408,0,0.0027484195,48.51979279512763,778.2870577436227,7295,5375.1187,2.764507,640.9049,0.2759338,6585.5073,3.3749714,0,,,,,48.51979279512763,0.0007283502,778.2870577436227,0.00073399674,0.03900151,0.05234286
1.0012257,0.00051375787,128,0.0027477576,48.521735053593794,778.2849068264012,7296,5371.278,2.7656689,640.8656,0.27591783,6580.0186,3.376398,128,,,,,48.521735053593794,0.0007292377,778.2849068264012,0.0007354785,0.039382264,0.053108763
1.0008622,0.00051344035,0,0.0027470957,48.51838504605265,778.2827175006972,7297,5368.5415,2.7635412,640.3643,0.27602372,6577.6304,3.374311,0,,,,,48.51838504605265,0.00072888355,778.2827175006972,0.00073508616,0.038928997,0.052223492
1.0000539,0.00051328883,0,0.0027464333,48.51895524506698,778.2851721460031,7298,5364.534,2.7632504,641.7693,0.27601966,6572.3174,3.3733156,0,,,,,48.51895524506698,0.0007301019,778.2851721460031,0.00073612144,0.03893365,0.0527987
1.0016379,0.0005134465,0,0.0027457708,48.5169223546666,778.2839897033581,7299,5372.525,2.76414,641.2554,0.27619687,6582.7275,3.3743517,0,,,,,48.5169223546666,0.00072863285,778.2839897033581,0.0007346767,0.03888935,0.05263728
1.0002211,0.00051334314,0,0.002745108,48.51856586533951,778.2825676046655,7300,5362.8545,2.7630506,641.47784,0.2761061,6573.4165,3.3736725,0,,,,,48.51856586533951,0.0007304468,778.2825676046655,0.00073662854,0.037478086,0.050407756
1.0005629,0.0005133355,0,0.002744445,48.51854881566321,778.2820326051403,7301,5364.8066,2.7632663,641.5232,0.27613774,6575.6626,3.3736222,0,,,,,48.51854881566321,0.00072981976,778.2820326051403,0.0007360081,0.037568163,0.05031149
1.0002228,0.00051333604,0,0.0027437818,48.518204620699436,778.2824688063879,7302,5363.8623,2.763238,641.2072,0.27614853,6573.4277,3.3736255,0,,,,,48.518204620699436,0.00072997145,778.2824688063879,0.0007361247,0.03877589,0.051144633
1.0003191,0.0005133055,0,0.0027431184,48.520341262357846,778.2817557806126,7303,5362.7363,2.7629635,641.1549,0.27621123,6574.061,3.373425,0,,,,,48.520341262357846,0.00073028833,778.2817557806126,0.0007365184,0.039309356,0.04970341
1.0003644,0.0005133559,0,0.0027424546,48.51964793909582,778.2856756092268,7304,5366.0547,2.7635813,642.9899,0.27594608,6574.3584,3.373756,0,,,,,48.51964793909582,0.0007302596,778.2856756092268,0.00073617295,0.039267577,0.0524885
1.0005856,0.00051332783,0,0.0027417906,48.519588581797784,778.2850935517531,7305,5366.6973,2.76346,641.2598,0.27629137,6575.8115,3.3735716,0,,,,,48.519588581797784,0.00072942104,778.2850935517531,0.0007353265,0.039667897,0.05315879
0.99994266,0.0005132744,0,0.0027411266,48.52363331076617,778.2822392133419,7306,5361.225,2.762841,640.7543,0.2761895,6571.5864,3.3732204,0,,,,,48.52363331076617,0.00072834064,778.2822392133419,0.00073454744,0.039525885,0.052567247
0.99995136,0.0005133699,8192,0.002740462,48.51746865218105,778.2845790918734,7307,5362.4526,2.7633047,641.64575,0.27624762,6571.6436,3.3738484,8192,,,,,48.51746865218105,0.00073007157,778.2845790918734,0.00073613867,0.038971636,0.05248375
1.0000122,0.00051329867,0,0.0027397976,48.51944568343325,778.2832736459261,7308,5362.501,2.7629507,641.42,0.2761103,6572.0435,3.3733802,0,,,,,48.51944568343325,0.0007302396,778.2832736459261,0.00073636044,0.038698465,0.050899692
1.0001713,0.0005132828,0,0.0027391326,48.51831434882503,778.2822276925729,7309,5362.004,2.7628741,641.41736,0.27632272,6573.089,3.3732755,0,,,,,48.51831434882503,0.00072881574,778.2822276925729,0.00073516124,0.03844481,0.051440205
1.0019199,0.0005134486,0,0.0027384674,48.51739768178379,778.285452434911,7310,5373.3247,2.7642274,641.2526,0.2764342,6584.581,3.3743656,0,,,,,48.51739768178379,0.00072923023,778.285452434911,0.0007351075,0.038754117,0.052635554
1.0004343,0.00051331474,0,0.0027378022,48.51828458215658,778.2827386730079,7311,5364.899,2.7631989,641.1946,0.27619743,6574.8174,3.3734856,0,,,,,48.51828458215658,0.00073032273,778.2827386730079,0.000736546,0.038793437,0.05104728
1.0000272,0.0005133247,0,0.0027371366,48.51963222372652,778.2835709040004,7312,5362.6846,2.7630007,640.66064,0.2763971,6572.142,3.3735511,0,,,,,48.51963222372652,0.0007303152,778.2835709040004,0.00073643745,0.03892081,0.051449418
1.000902,0.0005133256,0,0.0027364707,48.5192807094862,778.2851999543603,7313,5367.6514,2.7634387,640.1687,0.27628827,6577.8916,3.373557,0,,,,,48.5192807094862,0.00072903186,778.2851999543603,0.0007350136,0.03930211,0.053284563
1.0007682,0.00051333633,0,0.0027351384,48.519814705720805,778.2822422305575,7315,5366.5557,2.7633147,641.1752,0.2763602,6577.0117,3.3736277,0,,,,,48.519814705720805,0.0007280437,778.2822422305575,0.00073437864,0.038342368,0.051053725
1.000819,0.0005133796,0,0.0027344718,48.51906315257124,778.2828058571465,7316,5367.6606,2.7633986,640.47394,0.2760602,6577.3457,3.3739119,0,,,,,48.51906315257124,0.000730045,778.2828058571465,0.00073606055,0.03897844,0.052036997
1.0011321,0.000513408,0,0.002733805,48.51901386727624,778.2851265576681,7317,5370.2656,2.7636702,639.5751,0.27639863,6579.4033,3.3740985,0,,,,,48.51901386727624,0.00072898844,778.2851265576681,0.00073492003,0.03892266,0.053184904
0.99975854,0.00051325926,0,0.002733138,48.51825886157529,778.2844098823662,7318,5361.5596,2.7628965,638.6986,0.27645746,6570.3765,3.3731213,0,,,,,48.51825886157529,0.0007297174,778.2844098823662,0.00073568046,0.039338242,0.052686878
